150 15439 21:0 159
158 15438 21:0 187
186 15437 21:0 187
186 15436 21:0 192
191 15435 21:0 203
202 17 21:0 203
202 7 21:0 203
202 15621 21:0 203
202 3 21:0 203
202 15528 21:0 203
202 5 21:0 203
202 9 21:0 203
202 15610 21:0 203
202 15605 21:0 203
202 19 21:0 203
202 15618 21:0 203
202 329 21:0 203
202 15630 21:0 203
202 15431 21:0 203
202 15426 21:0 203
202 15434 21:0 203
202 15427 21:0 203
202 15428 21:0 203
202 15430 21:0 203
202 15429 21:0 203
202 15432 21:0 203
202 15529 21:0 203
202 15442 21:0 203
202 15443 21:0 203
202 15433 21:0 203
202 15440 21:0 203
202 15441 21:0 203
203 11 21:0 203
205 15633 21:0 213
208 15 21:0 208
212 15635 21:0 263
235 15645 21:0 235
262 15634 21:0 279
263 15651 21:0 263
268 15653 21:0 268
278 15636 21:0 289
284 33 21:0 284
284 15665 21:0 284
288 15666 21:0 339
289 31 21:0 289
311 15678 21:0 311
338 15667 21:0 355
339 15684 21:0 339
339 15685 21:0 339
344 15686 21:0 344
346 15671 21:0 346
354 15668 21:0 365
364 15669 21:0 387
365 49 21:0 365
367 15691 21:0 367
386 15699 21:0 431
428 15730 21:0 428
430 15701 21:0 438
431 65 21:0 431
437 15700 21:0 459
441 67 21:0 441
452 15743 21:0 452
458 15702 21:0 507
463 15744 21:0 463
491 15751 21:0 491
491 15750 21:0 491
496 15752 21:0 496
506 15732 21:0 512
507 83 21:0 507
511 15734 21:0 531
517 85 21:0 517
530 15733 21:0 583
567 15781 21:0 567
567 15784 21:0 567
580 15796 21:0 580
582 15735 21:0 588
583 101 21:0 583
587 15765 21:0 607
588 105 21:0 588
593 103 21:0 593
604 15809 21:0 604
606 15766 21:0 659
615 15810 21:0 615
643 15817 21:0 643
648 15818 21:0 648
656 15829 21:0 656
658 15767 21:0 664
659 119 21:0 659
663 15768 21:0 669
664 123 21:0 664
668 15798 21:0 735
669 121 21:0 669
680 15842 21:0 680
691 15843 21:0 691
719 15849 21:0 719
734 15800 21:0 740
735 137 21:0 735
739 15801 21:0 745
740 15863 21:0 740
744 15799 21:0 811
745 139 21:0 745
747 15856 21:0 747
756 15875 21:0 756
767 15876 21:0 767
795 15880 21:0 795
795 15883 21:0 795
800 15884 21:0 800
802 15869 21:0 802
808 15895 21:0 808
810 15831 21:0 816
815 15833 21:0 821
815 157 1:0 817
816 159 21:0 816
816 15896 21:0 816
820 15832 21:0 880
820 165 1:0 831
821 157 21:0 821
823 15889 21:0 823
830 179 1:0 830
832 15908 21:0 832
834 167 1:0 835
838 169 1:0 839
843 15909 21:0 843
870 171 1:0 872
871 15915 21:0 871
871 15913 21:0 871
871 15916 21:0 871
875 173 1:0 883
876 15917 21:0 876
878 15902 21:0 878
879 15834 21:0 892
882 181 1:0 882
884 15928 21:0 884
886 177 1:0 888
891 15864 21:0 897
891 175 1:0 893
896 15866 21:0 952
896 183 1:0 907
899 15922 21:0 899
906 197 1:0 906
908 15941 21:0 908
910 185 1:0 911
914 187 1:0 915
919 15942 21:0 919
946 189 1:0 948
947 15949 21:0 947
947 15946 21:0 947
947 15948 21:0 947
951 15865 21:0 968
951 191 1:0 959
952 15950 21:0 952
954 15935 21:0 954
958 199 1:0 958
960 15961 21:0 960
962 195 1:0 964
967 15867 21:0 973
967 193 1:0 969
968 195 21:0 968
968 15962 21:0 968
972 15897 21:0 1028
972 201 1:0 983
975 15955 21:0 975
982 215 1:0 982
984 15974 21:0 984
986 203 1:0 987
990 205 1:0 991
995 15975 21:0 995
1022 207 1:0 1024
1023 15979 21:0 1023
1027 15898 21:0 1044
1027 209 1:0 1035
1030 15968 21:0 1030
1034 217 1:0 1034
1036 15994 21:0 1036
1038 213 1:0 1040
1043 15899 21:0 1049
1043 211 1:0 1045
1044 213 21:0 1044
1044 15995 21:0 1044
1048 15900 21:0 1099
1048 219 1:0 1059
1049 211 21:0 1049
1051 15988 21:0 1051
1058 233 1:0 1058
1060 16007 21:0 1060
1062 221 1:0 1063
1066 223 1:0 1067
1071 16008 21:0 1071
1098 15930 21:0 1115
1098 225 1:0 1100
1099 16014 21:0 1099
1099 16015 21:0 1099
1103 227 1:0 1111
1104 16016 21:0 1104
1110 235 1:0 1110
1112 16027 21:0 1112
1114 15931 21:0 1125
1114 231 1:0 1116
1119 229 1:0 1121
1120 16028 21:0 1120
1124 15932 21:0 1175
1124 237 1:0 1135
1125 229 21:0 1125
1127 16021 21:0 1127
1134 251 1:0 1134
1136 16040 21:0 1136
1138 239 1:0 1139
1142 241 1:0 1143
1174 15933 21:0 1191
1174 243 1:0 1176
1175 16047 21:0 1175
1175 16048 21:0 1175
1175 16045 21:0 1175
1179 245 1:0 1187
1180 16049 21:0 1180
1182 16034 21:0 1182
1186 253 1:0 1186
1188 16060 21:0 1188
1190 15963 21:0 1201
1190 249 1:0 1192
1191 16061 21:0 1191
1191 245 21:0 1191
1193 16061 1:0 1193
1195 247 1:0 1197
1196 249 21:0 1196
1196 16061 21:0 1196
1200 15965 21:0 1219
1200 255 1:0 1211
1201 247 21:0 1201
1203 16054 21:0 1203
1210 269 1:0 1210
1212 16073 21:0 1212
1214 257 1:0 1215
1218 15964 21:0 1267
1218 259 1:0 1219
1223 16074 21:0 1223
1250 261 1:0 1252
1251 16080 21:0 1251
1251 16078 21:0 1251
1255 263 1:0 1263
1256 16082 21:0 1256
1258 16067 21:0 1258
1262 271 1:0 1262
1264 16093 21:0 1264
1266 15966 21:0 1272
1266 267 1:0 1268
1267 263 21:0 1267
1271 15996 21:0 1291
1271 265 1:0 1273
1272 267 21:0 1272
1272 16094 21:0 1272
1274 16096 21:0 1274
1274 16097 21:0 1274
1276 273 1:0 1287
1277 265 21:0 1277
1277 16098 21:0 1277
1279 16087 21:0 1279
1286 287 1:0 1286
1288 16106 21:0 1288
1290 15998 21:0 1343
1290 275 1:0 1291
1294 277 1:0 1295
1299 16107 21:0 1299
1326 279 1:0 1328
1327 16113 21:0 1327
1327 16114 21:0 1327
1327 16111 21:0 1327
1331 281 1:0 1339
1332 16115 21:0 1332
1334 16100 21:0 1334
1338 289 1:0 1338
1340 16126 21:0 1340
1342 15997 21:0 1348
1342 285 1:0 1344
1343 281 21:0 1343
1345 16128 21:0 1345
1347 15999 21:0 1367
1347 283 1:0 1349
1348 285 21:0 1348
1348 16127 21:0 1348
1350 16129 21:0 1350
1350 16130 21:0 1350
1352 291 1:0 1363
1353 283 21:0 1353
1353 16131 21:0 1353
1355 16120 21:0 1355
1362 305 1:0 1362
1364 16139 21:0 1364
1366 16029 21:0 1419
1366 293 1:0 1367
1370 295 1:0 1371
1375 16140 21:0 1375
1402 297 1:0 1404
1403 16147 21:0 1403
1403 16146 21:0 1403
1403 16144 21:0 1403
1407 299 1:0 1415
1408 16148 21:0 1408
1410 16133 21:0 1410
1414 307 1:0 1414
1416 16159 21:0 1416
1418 16031 21:0 1424
1418 303 1:0 1420
1421 16161 21:0 1421
1423 16030 21:0 1429
1423 301 1:0 1425
1424 16160 21:0 1424
1426 16162 21:0 1426
1426 16163 21:0 1426
1428 16032 21:0 1495
1428 309 1:0 1439
1429 16164 21:0 1429
1431 16153 21:0 1431
1438 323 1:0 1438
1440 16172 21:0 1440
1442 311 1:0 1443
1446 313 1:0 1447
1451 16173 21:0 1451
1478 315 1:0 1480
1479 16179 21:0 1479
1479 16180 21:0 1479
1479 16177 21:0 1479
1483 317 1:0 1491
1484 16181 21:0 1484
1486 16166 21:0 1486
1490 325 1:0 1490
1492 16192 21:0 1492
1494 16062 21:0 1500
1494 321 1:0 1496
1497 16194 21:0 1497
1499 15611 21:0 1500
1499 15631 21:0 1505
1499 319 1:0 1501
1502 16195 21:0 1502
1502 16196 21:0 1502
1504 15612 21:0 1505
1504 334 21:0 1505
1504 329 1:0 1516
1504 15616 21:0 1520
1513 327 1:0 1513
1519 41 21:0 1520
1519 43 21:0 1520
1519 15605 1:0 1522
1519 259 21:0 1525
1524 15861 21:0 1525
1524 15940 21:0 1525
1524 15808 21:0 1525
1524 15973 21:0 1525
1524 15696 21:0 1525
1524 15874 21:0 1525
1524 16072 21:0 1525
1524 15993 21:0 1525
1524 16059 21:0 1525
1524 16006 21:0 1525
1524 217 21:0 1525
1524 15742 21:0 1525
1524 73 21:0 1525
1524 15907 21:0 1525
1524 107 21:0 1525
1524 15927 21:0 1525
1524 15663 21:0 1525
1524 15775 21:0 1525
1524 16026 21:0 1525
1525 16207 21:0 1535
1534 15620 21:0 1556
1555 15619 21:0 1556
1555 16064 21:0 1559
1558 16063 21:0 1569
1561 16195 1:0 1561
1562 16196 1:0 1562
1563 16234 21:0 1563
1568 16065 21:0 1574
1571 16234 1:0 1571
1571 16194 1:0 1571
1573 16095 21:0 1577
1576 15625 21:0 1600
1580 16192 1:0 1580
1585 16186 21:0 1585
1593 16186 1:0 1593
1599 16181 1:0 1599
1599 15814 21:0 1615
1607 16179 1:0 1607
1607 16180 1:0 1607
1607 16177 1:0 1607
1614 15748 21:0 1651
1633 16173 1:0 1633
1650 15783 21:0 1654
1653 15658 21:0 1678
1657 16172 1:0 1657
1661 16166 1:0 1661
1677 16164 1:0 1677
1677 15764 21:0 1678
1677 15790 21:0 1678
1677 15697 21:0 1681
1680 15664 21:0 1681
1680 15632 21:0 1681
1680 15682 21:0 1688
1683 16162 1:0 1683
1684 16163 1:0 1684
1687 16160 1:0 1687
1687 15638 21:0 1688
1687 15704 21:0 1688
1687 15803 21:0 1691
1690 15836 21:0 1691
1690 15776 21:0 1691
1690 15830 21:0 1696
1693 16161 1:0 1693
1695 15710 21:0 1696
1695 15785 21:0 1696
1695 15677 21:0 1699
1698 15724 21:0 1699
1698 15737 21:0 1699
1698 15777 21:0 1722
1702 16159 1:0 1702
1706 16153 1:0 1706
1721 16148 1:0 1721
1721 15644 21:0 1756
1729 16147 1:0 1729
1729 16146 1:0 1729
1729 16144 1:0 1729
1755 16140 1:0 1755
1755 15731 21:0 1773
1772 15862 21:0 1776
1775 15698 21:0 1800
1779 16139 1:0 1779
1783 16133 1:0 1783
1799 16131 1:0 1799
1799 15847 21:0 1800
1799 15763 21:0 1800
1799 15718 21:0 1803
1801 283 1:0 1801
1802 15719 21:0 1803
1802 15816 21:0 1803
1802 15652 21:0 1810
1805 16129 1:0 1805
1806 16130 1:0 1806
1809 16127 1:0 1809
1809 15715 21:0 1810
1809 15823 21:0 1810
1809 15851 21:0 1813
1811 285 1:0 1811
1812 15797 21:0 1813
1812 15711 21:0 1813
1812 15770 21:0 1818
1815 16128 1:0 1815
1817 16345 21:0 1818
1817 16292 21:0 1818
1817 16295 21:0 1818
1817 16349 21:0 1818
1817 16288 21:0 1821
1819 281 1:0 1819
1820 319 21:0 1821
1820 16324 21:0 1821
1820 321 21:0 1821
1820 16238 21:0 1821
1820 16235 21:0 1821
1820 16231 21:0 1821
1820 16322 21:0 1823
1822 15605 21:0 1823
1822 15951 21:0 1825
1824 16126 1:0 1824
1824 15885 21:0 1825
1824 16274 21:0 1825
1824 15795 21:0 1825
1824 16331 21:0 1825
1824 16300 21:0 1825
1824 16209 21:0 1825
1824 15762 21:0 1825
1824 16243 21:0 1825
1824 16219 21:0 1825
1824 327 21:0 1825
1824 15894 21:0 1825
1824 15729 21:0 1825
1824 15643 21:0 1825
1824 15841 21:0 1825
1824 16092 21:0 1825
1824 15960 21:0 1825
1825 16352 21:0 1844
1828 16120 1:0 1828
1843 16115 1:0 1843
1843 317 21:0 1847
1846 301 21:0 1847
1846 303 21:0 1881
1851 16113 1:0 1851
1851 16114 1:0 1851
1851 16111 1:0 1851
1877 16107 1:0 1877
1880 299 21:0 1895
1894 283 21:0 1895
1894 285 21:0 1898
1897 281 21:0 1915
1901 16106 1:0 1901
1905 16100 1:0 1905
1914 15982 21:0 1922
1921 16098 1:0 1921
1921 16012 21:0 1922
1921 16081 21:0 1925
1923 265 1:0 1923
1924 15786 21:0 1925
1924 15753 21:0 1925
1924 133 21:0 1925
1924 25 21:0 1925
1924 61 21:0 1925
1924 95 21:0 1925
1924 257 21:0 1925
1924 15852 21:0 1925
1924 185 21:0 1925
1924 15654 21:0 1925
1924 223 21:0 1925
1924 59 21:0 1925
1924 273 21:0 1925
1924 277 21:0 1925
1924 15918 21:0 1925
1924 203 21:0 1925
1924 275 21:0 1925
1924 16050 21:0 1925
1924 239 21:0 1925
1924 15819 21:0 1925
1924 131 21:0 1925
1924 205 21:0 1925
1924 15687 21:0 1925
1924 77 21:0 1925
1924 23 21:0 1925
1924 149 21:0 1925
1924 115 21:0 1925
1924 16017 21:0 1925
1924 113 21:0 1925
1924 221 21:0 1925
1924 297 21:0 1925
1924 16265 21:0 1925
1924 201 21:0 1925
1924 243 21:0 1925
1924 171 21:0 1925
1924 16215 21:0 1925
1924 329 21:0 1925
1924 279 21:0 1925
1924 315 21:0 1925
1924 313 21:0 1925
1924 16267 21:0 1925
1924 311 21:0 1925
1924 309 21:0 1925
1924 16256 21:0 1925
1924 16270 21:0 1925
1924 16313 21:0 1925
1924 16327 21:0 1925
1924 16370 21:0 1925
1924 295 21:0 1925
1924 293 21:0 1925
1924 16379 21:0 1925
1924 16381 21:0 1925
1924 16384 21:0 1925
1924 291 21:0 1925
1924 16388 21:0 1925
1924 16357 21:0 1926
1925 307 21:0 1926
1925 325 21:0 1926
1925 323 21:0 1926
1925 305 21:0 1926
1925 289 21:0 1926
1925 287 21:0 1926
1925 71 21:0 1926
1925 53 21:0 1926
1925 253 21:0 1926
1925 215 21:0 1926
1925 233 21:0 1926
1925 127 21:0 1926
1925 271 21:0 1926
1925 89 21:0 1926
1925 151 21:0 1928
1927 16096 1:0 1927
1927 181 21:0 1928
1927 15720 21:0 1928
1927 16083 21:0 1928
1927 15984 21:0 1928
1927 15828 21:0 1928
1927 15676 21:0 1928
1927 163 21:0 1928
1927 15709 21:0 1928
1927 16039 21:0 1928
1927 145 21:0 1928
1927 161 21:0 1928
1927 251 21:0 1928
1927 125 21:0 1928
1927 55 21:0 1928
1927 91 21:0 1928
1927 197 21:0 1928
1927 179 21:0 1928
1927 37 21:0 1928
1927 143 21:0 1928
1927 35 21:0 1928
1927 109 21:0 1928
1927 269 21:0 1928
1927 199 21:0 1928
1927 235 21:0 1928
1928 16097 1:0 1928
1928 16402 21:0 1932
1929 271 1:0 1946
1929 16092 1:0 1950
1929 257 1:0 1959
1929 259 1:0 1964
1929 16072 1:0 1964
1929 269 1:0 1964
1929 16083 1:0 1964
1929 253 1:0 2068
1929 16059 1:0 2072
1929 239 1:0 2083
1929 251 1:0 2086
1929 16039 1:0 2086
1929 16050 1:0 2086
1929 235 1:0 2190
1929 16026 1:0 2194
1929 221 1:0 2203
1929 16017 1:0 2208
1929 16006 1:0 2208
1929 233 1:0 2208
1929 217 1:0 2312
1929 15993 1:0 2316
1929 15973 1:0 2330
1929 215 1:0 2330
1929 199 1:0 2434
1929 15960 1:0 2438
1929 15940 1:0 2452
1929 197 1:0 2452
1929 181 1:0 2556
1929 15927 1:0 2560
1929 15907 1:0 2574
1929 179 1:0 2574
1929 163 1:0 2678
1929 15894 1:0 2682
1929 161 1:0 2696
1929 15874 1:0 2696
1929 145 1:0 2800
1929 15861 1:0 2804
1929 15841 1:0 2818
1929 143 1:0 2818
1929 127 1:0 2922
1929 15828 1:0 2926
1929 15808 1:0 2940
1929 125 1:0 2940
1929 109 1:0 3036
1929 15795 1:0 3036
1929 107 1:0 3062
1929 15775 1:0 3062
1929 91 1:0 3158
1929 15762 1:0 3158
1929 15742 1:0 3184
1929 89 1:0 3184
1929 73 1:0 3288
1929 15729 1:0 3292
1929 71 1:0 3306
1929 55 1:0 3410
1929 53 1:0 3428
1929 37 1:0 3532
1929 35 1:0 3550
1930 16095 1:0 1936
1930 16065 1:0 1964
1931 16094 1:0 1931
1931 207 21:0 1932
1931 21 21:0 1932
1931 39 21:0 1932
1931 265 21:0 1932
1931 165 21:0 1932
1931 111 21:0 1932
1931 93 21:0 1932
1931 99 21:0 1932
1931 219 21:0 1932
1931 117 21:0 1932
1931 261 21:0 1932
1931 135 21:0 1932
1931 153 21:0 1932
1931 237 21:0 1932
1931 57 21:0 1932
1931 189 21:0 1932
1931 45 21:0 1935
1933 267 1:0 1933
1933 261 1:0 1949
1933 16081 1:0 1964
1933 243 1:0 2071
1933 237 1:0 2071
1934 15850 21:0 1935
1934 353 21:0 1935
1934 79 21:0 1935
1934 187 21:0 1935
1934 81 21:0 1935
1934 167 21:0 1935
1934 27 21:0 1935
1934 97 21:0 1935
1934 241 21:0 1935
1934 169 21:0 1935
1934 75 21:0 1935
1934 147 21:0 1935
1934 15929 21:0 1935
1934 129 21:0 1935
1936 353 1:0 1959
1936 241 1:0 2080
1938 16406 21:0 1940
1938 16063 1:0 2042
1938 16064 1:0 2049
1939 191 21:0 1940
1939 141 21:0 1940
1939 267 21:0 1940
1939 209 21:0 1940
1939 175 21:0 1943
1941 263 1:0 1941
1941 16062 1:0 2058
1942 29 21:0 1943
1942 15981 21:0 1943
1942 16001 21:0 1943
1944 16032 1:0 2086
1946 16093 1:0 1946
1947 16409 21:0 1966
1948 16030 1:0 2164
1950 16087 1:0 1950
1965 16082 1:0 1965
1965 263 21:0 1969
1968 87 21:0 1969
1968 271 21:0 1969
1968 16414 21:0 1969
1972 16427 21:0 2000
1973 16080 1:0 1973
1973 16078 1:0 1973
1974 16031 1:0 2171
1999 16074 1:0 1999
1999 261 21:0 2003
2006 16436 21:0 2008
2007 259 21:0 2008
2015 16438 21:0 2017
2016 257 21:0 2017
2016 15649 21:0 2020
2018 16029 1:0 2180
2021 16001 1:0 2182
2023 16073 1:0 2023
2024 16441 21:0 2040
2025 16012 1:0 2208
2027 16067 1:0 2027
2030 15709 1:0 3306
2031 15696 1:0 3414
2039 255 21:0 2044
2039 219 1:0 2193
2039 223 1:0 2208
2039 205 1:0 2325
2039 15984 1:0 2330
2039 203 1:0 2330
2039 15951 1:0 2452
2039 15918 1:0 2574
2039 15885 1:0 2696
2039 19 1:0 3649
2039 17 1:0 3731
2043 231 21:0 2044
2043 177 21:0 2044
2043 173 21:0 2044
2043 16445 21:0 2044
2043 13 21:0 2044
2043 269 21:0 2044
2043 15983 21:0 2047
2045 247 1:0 2045
2045 231 1:0 2174
2046 69 21:0 2047
2046 15882 21:0 2047
2046 47 21:0 2047
2046 227 21:0 2047
2048 227 1:0 2182
2050 16459 21:0 2054
2051 15999 1:0 2208
2052 15997 1:0 2286
2053 16061 1:0 2053
2053 247 21:0 2054
2053 15757 21:0 2054
2053 193 21:0 2054
2053 16041 21:0 2057
2055 249 1:0 2055
2055 15998 1:0 2293
2055 15757 1:0 2296
2056 15717 21:0 2057
2056 155 21:0 2057
2056 51 21:0 2057
2058 16041 1:0 2067
2058 15717 1:0 2174
2058 15983 1:0 2296
2060 16463 21:0 2062
2060 15996 1:0 2302
2060 209 1:0 2304
2060 15981 1:0 2304
2060 193 1:0 2311
2060 201 1:0 2315
2060 207 1:0 2315
2060 15982 1:0 2330
2060 187 1:0 2446
2060 185 1:0 2449
2060 15852 1:0 2818
2060 15676 1:0 3428
2061 249 21:0 2062
2063 245 1:0 2063
2066 15966 1:0 2330
2068 16060 1:0 2068
2069 16466 21:0 2088
2072 16054 1:0 2072
2085 15964 1:0 2408
2087 16049 1:0 2087
2087 245 21:0 2091
2090 16471 21:0 2091
2090 253 21:0 2091
2094 16484 21:0 2122
2095 16047 1:0 2095
2095 16048 1:0 2095
2095 16045 1:0 2095
2096 15882 1:0 2418
2121 243 21:0 2125
2128 16493 21:0 2130
2129 241 21:0 2130
2137 16495 21:0 2139
2138 239 21:0 2139
2145 16040 1:0 2145
2146 16498 21:0 2162
2149 16034 1:0 2149
2161 237 21:0 2166
2165 251 21:0 2166
2165 16502 21:0 2166
2167 229 1:0 2167
2172 16516 21:0 2176
2173 15965 1:0 2415
2174 177 1:0 2418
2174 15963 1:0 2424
2174 191 1:0 2426
2174 15649 1:0 2426
2174 175 1:0 2433
2174 15850 1:0 2433
2175 16028 1:0 2175
2175 229 21:0 2176
2182 16520 21:0 2184
2182 189 1:0 2437
2182 15933 1:0 2452
2182 171 1:0 2559
2182 165 1:0 2559
2182 169 1:0 2568
2182 167 1:0 2571
2182 151 1:0 2690
2182 149 1:0 2693
2183 231 21:0 2184
2185 15932 1:0 2530
2190 16027 1:0 2190
2191 16523 21:0 2210
2192 15931 1:0 2536
2194 16021 1:0 2194
2197 15663 1:0 3536
2198 15643 1:0 3550
2206 15929 1:0 2540
2207 15770 1:0 2540
2207 173 1:0 2548
2207 147 1:0 2681
2207 153 1:0 2681
2207 131 1:0 2812
2207 133 1:0 2815
2207 15819 1:0 2940
2209 16016 1:0 2209
2209 227 21:0 2213
2212 235 21:0 2213
2212 16528 21:0 2213
2216 16541 21:0 2244
2217 16014 1:0 2217
2217 16015 1:0 2217
2218 15711 1:0 2548
2243 16008 1:0 2243
2243 225 21:0 2247
2250 16550 21:0 2252
2251 223 21:0 2252
2259 16552 21:0 2261
2260 221 21:0 2261
2267 16007 1:0 2267
2268 16555 21:0 2284
2283 219 21:0 2288
2287 16559 21:0 2288
2287 233 21:0 2288
2289 211 1:0 2289
2294 16573 21:0 2298
2295 15930 1:0 2546
2296 15797 1:0 2574
2296 15900 1:0 2574
2296 15851 1:0 2662
2296 15823 1:0 2662
2297 15995 1:0 2297
2297 211 21:0 2298
2299 213 1:0 2299
2304 16577 21:0 2306
2304 15899 1:0 2652
2304 15898 1:0 2658
2305 213 21:0 2306
2310 15897 1:0 2668
2312 15994 1:0 2312
2313 16580 21:0 2332
2314 155 1:0 2670
2314 141 1:0 2677
2316 15988 1:0 2316
2319 15630 1:0 3658
2320 15610 1:0 3735
2328 15715 1:0 2670
2329 15652 1:0 2696
2329 135 1:0 2803
2329 129 1:0 2803
2329 115 1:0 2934
2329 113 1:0 2937
2329 15786 1:0 3036
2331 209 21:0 2335
2334 217 21:0 2335
2334 16585 21:0 2335
2338 16598 21:0 2366
2339 15979 1:0 2339
2340 15847 1:0 2784
2365 15975 1:0 2365
2365 207 21:0 2369
2372 16607 21:0 2374
2373 205 21:0 2374
2381 16609 21:0 2383
2382 203 21:0 2383
2389 15974 1:0 2389
2390 16612 21:0 2406
2393 15968 1:0 2393
2405 201 21:0 2410
2409 215 21:0 2410
2409 16616 21:0 2410
2416 16630 21:0 2420
2417 15867 1:0 2696
2418 15865 1:0 2774
2418 15866 1:0 2781
2419 15962 1:0 2419
2419 193 21:0 2420
2421 195 1:0 2421
2426 16634 21:0 2428
2426 15816 1:0 2784
2426 15864 1:0 2790
2426 15862 1:0 2792
2426 15836 1:0 2818
2426 111 1:0 2927
2426 117 1:0 2927
2426 95 1:0 3036
2426 97 1:0 3036
2426 15753 1:0 3158
2427 195 21:0 2428
2432 15834 1:0 2818
2434 15961 1:0 2434
2435 16637 21:0 2454
2438 15955 1:0 2438
2451 15832 1:0 2896
2453 15950 1:0 2453
2453 191 21:0 2457
2456 16642 21:0 2457
2456 199 21:0 2457
2460 16655 21:0 2488
2461 15949 1:0 2461
2461 15946 1:0 2461
2461 15948 1:0 2461
2462 15719 1:0 2906
2487 15942 1:0 2487
2487 189 21:0 2491
2494 16664 21:0 2496
2495 187 21:0 2496
2503 16666 21:0 2505
2504 185 21:0 2505
2511 15941 1:0 2511
2512 16669 21:0 2528
2515 15935 1:0 2515
2527 183 21:0 2532
2531 16673 21:0 2532
2531 197 21:0 2532
2538 16687 21:0 2542
2539 15833 1:0 2903
2540 15830 1:0 2906
2540 15831 1:0 2912
2540 15803 1:0 2914
2540 15814 1:0 2940
2541 175 21:0 2542
2548 16691 21:0 2550
2548 15799 1:0 2940
2548 15801 1:0 3018
2549 177 21:0 2550
2554 15800 1:0 3025
2556 15928 1:0 2556
2557 16694 21:0 2576
2558 15785 1:0 3028
2560 15922 1:0 2560
2572 15777 1:0 3028
2573 87 1:0 3036
2573 99 1:0 3036
2573 15790 1:0 3036
2573 93 1:0 3036
2573 77 1:0 3158
2573 79 1:0 3158
2573 15720 1:0 3306
2575 15917 1:0 2575
2575 173 21:0 2579
2578 16699 21:0 2579
2578 181 21:0 2579
2582 16712 21:0 2610
2583 15915 1:0 2583
2583 15913 1:0 2583
2583 15916 1:0 2583
2584 15776 1:0 3062
2609 15909 1:0 2609
2609 171 21:0 2613
2616 16721 21:0 2618
2617 169 21:0 2618
2625 16723 21:0 2627
2626 167 21:0 2627
2633 15908 1:0 2633
2634 16726 21:0 2650
2637 15902 1:0 2637
2649 165 21:0 2654
2653 179 21:0 2654
2653 16730 21:0 2654
2655 157 1:0 2655
2660 16744 21:0 2664
2661 15798 1:0 3034
2662 15768 1:0 3062
2662 15783 1:0 3062
2662 15764 1:0 3150
2662 15718 1:0 3150
2663 15896 1:0 2663
2663 157 21:0 2664
2665 159 1:0 2665
2670 16748 21:0 2672
2670 15767 1:0 3140
2670 15766 1:0 3146
2673 75 1:0 3158
2673 81 1:0 3158
2673 57 1:0 3291
2678 15895 1:0 2678
2679 16751 21:0 2698
2680 15765 1:0 3156
2682 15889 1:0 2682
2694 15763 1:0 3158
2695 69 1:0 3158
2695 15748 1:0 3184
2697 15884 1:0 2697
2697 16756 21:0 2698
2704 16769 21:0 2732
2705 15880 1:0 2705
2705 15883 1:0 2705
2706 61 1:0 3301
2706 59 1:0 3306
2706 41 1:0 3423
2706 43 1:0 3428
2706 15687 1:0 3428
2731 15876 1:0 2731
2738 16778 21:0 2740
2747 16780 21:0 2749
2755 15875 1:0 2755
2756 16783 21:0 2772
2759 15869 1:0 2759
2771 16787 21:0 2772
2777 139 1:0 2777
2782 16801 21:0 2786
2783 15735 1:0 3184
2784 15737 1:0 3184
2784 15733 1:0 3262
2784 15724 1:0 3272
2784 15731 1:0 3272
2785 15863 1:0 2785
2792 16805 21:0 2794
2792 15734 1:0 3269
2792 15732 1:0 3278
2795 137 1:0 2795
2795 51 1:0 3287
2798 15710 1:0 3280
2801 16808 21:0 2820
2804 15856 1:0 2804
2816 15702 1:0 3306
2817 15704 1:0 3306
2817 15654 1:0 3550
2819 16813 21:0 2820
2826 16826 21:0 2854
2827 15849 1:0 2827
2828 15677 1:0 3394
2853 15843 1:0 2853
2860 16835 21:0 2862
2869 16837 21:0 2871
2877 15842 1:0 2877
2878 16840 21:0 2894
2893 16844 21:0 2894
2899 121 1:0 2899
2904 16858 21:0 2908
2905 15700 1:0 3384
2906 15701 1:0 3391
2906 15698 1:0 3394
2906 47 1:0 3402
2906 15682 1:0 3402
2909 123 1:0 2909
2914 16862 21:0 2916
2914 15699 1:0 3400
2914 15669 1:0 3428
2917 119 1:0 2917
2917 39 1:0 3413
2917 45 1:0 3413
2917 27 1:0 3531
2917 21 1:0 3535
2920 15697 1:0 3409
2922 15829 1:0 2922
2923 16865 21:0 2942
2938 15668 1:0 3506
2939 15638 1:0 3516
2939 15621 1:0 3672
2941 15818 1:0 2941
2941 16870 21:0 2942
2948 16883 21:0 2976
2949 15817 1:0 2949
2950 15644 1:0 3516
2975 15810 1:0 2975
2982 16892 21:0 2984
2991 16894 21:0 2993
2999 15809 1:0 2999
3000 16897 21:0 3016
3015 16901 21:0 3016
3021 103 1:0 3021
3026 16915 21:0 3030
3027 15667 1:0 3512
3028 15666 1:0 3522
3028 29 1:0 3524
3028 15664 1:0 3524
3028 13 1:0 3531
3028 15658 1:0 3535
3031 105 1:0 3031
3036 16919 21:0 3038
3036 23 1:0 3544
3036 25 1:0 3547
3036 15636 1:0 3550
3036 9 1:0 3649
3036 7 1:0 3669
3036 5 1:0 3716
3036 3 1:0 3723
3039 101 1:0 3039
3042 15634 1:0 3628
3044 15796 1:0 3044
3045 16922 21:0 3064
3060 15635 1:0 3635
3061 15625 1:0 3638
3061 15632 1:0 3638
3063 16927 21:0 3064
3070 16940 21:0 3098
3071 15781 1:0 3071
3071 15784 1:0 3071
3072 157 1:0 4426
3104 16949 21:0 3106
3113 16951 21:0 3115
3122 16954 21:0 3138
3137 16958 21:0 3138
3143 85 1:0 3143
3148 16972 21:0 3152
3149 15633 1:0 3644
3150 15619 1:0 3646
3150 15616 1:0 3649
3150 15620 1:0 3649
3150 15631 1:0 3653
3150 334 1:0 3672
3150 15612 1:0 3672
3150 15618 1:0 3680
3158 16976 21:0 3160
3158 15611 1:0 3723
3158 335 1:0 3748
3161 83 1:0 3161
3167 16979 21:0 3186
3185 15752 1:0 3185
3185 16984 21:0 3186
3192 16997 21:0 3220
3193 15751 1:0 3193
3193 15750 1:0 3193
3219 15744 1:0 3219
3226 17006 21:0 3228
3235 17008 21:0 3237
3243 15743 1:0 3243
3244 17011 21:0 3260
3259 17015 21:0 3260
3265 67 1:0 3265
3270 17029 21:0 3274
3280 17033 21:0 3282
3283 65 1:0 3283
3288 15730 1:0 3288
3289 17036 21:0 3308
3307 17041 21:0 3308
3314 17054 21:0 3342
3348 17063 21:0 3350
3357 17065 21:0 3359
3366 17068 21:0 3382
3381 17072 21:0 3382
3387 49 1:0 3387
3392 17086 21:0 3396
3402 17090 21:0 3404
3411 17093 21:0 3430
3414 15691 1:0 3414
3429 15686 1:0 3429
3429 17098 21:0 3430
3436 17111 21:0 3464
3437 15684 1:0 3437
3437 15685 1:0 3437
3463 15678 1:0 3463
3470 17120 21:0 3472
3479 17122 21:0 3481
3488 17125 21:0 3504
3491 15671 1:0 3491
3503 17129 21:0 3504
3509 31 1:0 3509
3514 17143 21:0 3518
3517 15665 1:0 3517
3519 33 1:0 3519
3524 17147 21:0 3526
3533 17150 21:0 3552
3551 15653 1:0 3551
3551 17155 21:0 3552
3558 17168 21:0 3586
3559 15651 1:0 3559
3585 15645 1:0 3585
3592 17177 21:0 3594
3601 17179 21:0 3603
3610 17182 21:0 3626
3625 17186 21:0 3626
3636 17200 21:0 3640
3641 15 1:0 3641
3646 17204 21:0 3648
3649 11 1:0 3649
3655 17207 21:0 3674
3673 17212 21:0 3674
3680 17225 21:0 3708
3714 17234 21:0 3716
3723 17236 21:0 3725
3736 17243 21:0 3737
3746 334 21:0 3764
3763 17262 21:0 3796
3795 5 21:0 3796
3795 3 21:0 3796
3795 17239 21:0 3801
3800 17261 21:0 3801
3800 7 21:0 3801
3800 17272 21:0 3801
3800 17 21:0 3801
3801 17271 21:0 3812
3811 335 21:0 3812
3811 17281 21:0 3812
3811 19 21:0 3812
3811 17267 21:0 3812
3814 17284 21:0 3822
3821 17286 21:0 3872
3824 17276 21:0 3824
3871 17285 21:0 3888
3872 17303 21:0 3872
3872 17300 21:0 3872
3887 17287 21:0 3898
3897 17317 21:0 3948
3909 17328 21:0 3909
3947 17319 21:0 3964
3948 17336 21:0 3948
3961 17348 21:0 3961
3963 17318 21:0 3971
3970 17320 21:0 3988
3987 17350 21:0 4040
3996 17362 21:0 3996
4024 17366 21:0 4024
4039 17351 21:0 4045
4044 17352 21:0 4064
4061 17394 21:0 4061
4063 17353 21:0 4116
4107 17388 21:0 4107
4115 17383 21:0 4121
4120 17384 21:0 4126
4125 17385 21:0 4192
4148 17428 21:0 4148
4191 17386 21:0 4197
4196 17416 21:0 4202
4197 17448 21:0 4197
4201 17418 21:0 4268
4213 17460 21:0 4213
4224 17461 21:0 4224
4252 17468 21:0 4252
4252 17465 21:0 4252
4252 17467 21:0 4252
4257 17469 21:0 4257
4259 17454 21:0 4259
4265 17480 21:0 4265
4267 17417 21:0 4273
4272 17419 21:0 4278
4273 17481 21:0 4273
4277 17449 21:0 4333
4280 17474 21:0 4280
4289 17493 21:0 4289
4300 17494 21:0 4300
4328 17501 21:0 4328
4328 17500 21:0 4328
4328 17498 21:0 4328
4332 17450 21:0 4349
4333 17502 21:0 4333
4335 17487 21:0 4335
4341 17513 21:0 4341
4348 17451 21:0 4354
4349 17514 21:0 4349
4353 17452 21:0 4409
4356 17507 21:0 4356
4365 17526 21:0 4365
4376 17527 21:0 4376
4404 17533 21:0 4404
4404 17534 21:0 4404
4404 17531 21:0 4404
4408 17482 21:0 4425
4409 17535 21:0 4409
4411 17520 21:0 4411
4417 17546 21:0 4417
4424 17483 21:0 4430
4425 17547 21:0 4425
4429 165 1:0 4440
4429 17484 21:0 4480
4432 17540 21:0 4432
4438 179 1:0 4439
4441 17559 21:0 4441
4443 167 1:0 4444
4447 169 1:0 4448
4452 17560 21:0 4452
4479 171 1:0 4481
4479 17485 21:0 4496
4480 17567 21:0 4480
4480 17564 21:0 4480
4480 17566 21:0 4480
4484 173 1:0 4492
4485 17568 21:0 4485
4487 17553 21:0 4487
4491 181 1:0 4491
4493 17579 21:0 4493
4495 177 1:0 4497
4495 17515 21:0 4506
4500 175 1:0 4502
4501 17580 21:0 4501
4505 183 1:0 4516
4505 17517 21:0 4528
4508 17573 21:0 4508
4515 197 1:0 4515
4517 17592 21:0 4517
4519 185 1:0 4520
4523 187 1:0 4524
4527 17516 21:0 4572
4528 17593 21:0 4528
4555 189 1:0 4557
4556 17597 21:0 4556
4556 17600 21:0 4556
4556 17599 21:0 4556
4560 191 1:0 4568
4561 17601 21:0 4561
4563 17586 21:0 4563
4567 199 1:0 4567
4569 17612 21:0 4569
4571 195 1:0 4573
4571 17518 21:0 4577
4576 193 1:0 4578
4576 17548 21:0 4596
4577 17613 21:0 4577
4581 201 1:0 4592
4584 17606 21:0 4584
4591 215 1:0 4591
4593 17625 21:0 4593
4595 203 1:0 4596
4595 17549 21:0 4648
4599 205 1:0 4600
4604 17626 21:0 4604
4631 207 1:0 4633
4632 17630 21:0 4632
4632 17632 21:0 4632
4632 17633 21:0 4632
4636 209 1:0 4644
4637 17634 21:0 4637
4639 17619 21:0 4639
4643 217 1:0 4643
4645 17645 21:0 4645
4647 213 1:0 4649
4647 17550 21:0 4653
4648 17646 21:0 4648
4650 17646 1:0 4650
4652 211 1:0 4654
4652 17551 21:0 4672
4653 17646 21:0 4653
4657 219 1:0 4668
4660 17639 21:0 4660
4667 233 1:0 4667
4669 17658 21:0 4669
4671 221 1:0 4672
4671 17581 21:0 4724
4675 223 1:0 4676
4680 17659 21:0 4680
4707 225 1:0 4709
4708 17666 21:0 4708
4708 17665 21:0 4708
4708 17663 21:0 4708
4712 227 1:0 4720
4713 17667 21:0 4713
4715 17652 21:0 4715
4719 235 1:0 4719
4721 17678 21:0 4721
4723 231 1:0 4725
4723 17582 21:0 4729
4724 17679 21:0 4724
4726 17679 1:0 4726
4728 229 1:0 4730
4728 17583 21:0 4734
4729 17679 21:0 4729
4733 237 1:0 4744
4733 17584 21:0 4800
4736 17672 21:0 4736
4743 251 1:0 4743
4745 17691 21:0 4745
4747 239 1:0 4748
4751 241 1:0 4752
4756 17692 21:0 4756
4783 243 1:0 4785
4784 17699 21:0 4784
4784 17696 21:0 4784
4784 17698 21:0 4784
4788 245 1:0 4796
4789 17700 21:0 4789
4791 17685 21:0 4791
4795 253 1:0 4795
4797 17711 21:0 4797
4799 249 1:0 4801
4799 17614 21:0 4805
4804 247 1:0 4806
4804 17615 21:0 4810
4805 17712 21:0 4805
4809 255 1:0 4820
4809 17616 21:0 4876
4812 17705 21:0 4812
4819 269 1:0 4819
4821 17724 21:0 4821
4823 257 1:0 4824
4827 259 1:0 4828
4832 17725 21:0 4832
4859 261 1:0 4861
4860 17732 21:0 4860
4860 17731 21:0 4860
4860 17729 21:0 4860
4864 263 1:0 4872
4865 17733 21:0 4865
4867 17718 21:0 4867
4871 271 1:0 4871
4873 17744 21:0 4873
4875 267 1:0 4877
4875 17617 21:0 4881
4876 17745 21:0 4876
4878 17745 1:0 4878
4878 17746 21:0 4878
4880 265 1:0 4882
4880 17647 21:0 4886
4883 17748 21:0 4883
4883 17747 21:0 4883
4885 273 1:0 4896
4885 17649 21:0 4941
4886 17749 21:0 4886
4895 287 1:0 4895
4899 275 1:0 4900
4903 277 1:0 4904
4935 279 1:0 4937
4940 281 1:0 4948
4940 17648 21:0 4957
4947 289 1:0 4947
4951 285 1:0 4953
4954 17779 21:0 4954
4956 283 1:0 4958
4956 17650 21:0 4962
4959 17780 21:0 4959
4959 17781 21:0 4959
4961 291 1:0 4972
4961 17680 21:0 5012
4962 17782 21:0 4962
4971 305 1:0 4971
4975 293 1:0 4976
4979 295 1:0 4980
5011 297 1:0 5013
5011 17682 21:0 5028
5016 299 1:0 5024
5023 307 1:0 5023
5027 303 1:0 5029
5027 17681 21:0 5038
5028 17811 21:0 5028
5030 17811 1:0 5030
5030 17812 21:0 5030
5032 301 1:0 5034
5035 17813 21:0 5035
5035 17814 21:0 5035
5037 17263 21:0 5038
5037 17270 21:0 5038
5037 309 1:0 5048
5037 17282 21:0 5052
5038 17815 21:0 5038
5047 323 1:0 5047
5051 311 1:0 5052
5051 17269 21:0 5088
5055 313 1:0 5056
5087 315 1:0 5089
5087 17683 21:0 5104
5092 317 1:0 5100
5099 325 1:0 5099
5103 321 1:0 5105
5103 17713 21:0 5114
5104 17844 21:0 5104
5106 17844 1:0 5106
5106 17845 21:0 5106
5108 319 1:0 5110
5113 17408 21:0 5114
5113 17421 21:0 5114
5113 17337 21:0 5114
5113 329 1:0 5125
5113 65 21:0 5129
5122 327 1:0 5122
5128 169 21:0 5129
5128 17635 21:0 5129
5128 17470 21:0 5130
5128 15605 1:0 5131
5129 17857 21:0 5129
5129 17305 21:0 5134
5133 17393 21:0 5134
5133 17591 21:0 5134
5133 37 21:0 5134
5133 215 21:0 5134
5133 161 21:0 5134
5133 181 21:0 5134
5133 17743 21:0 5134
5133 17657 21:0 5134
5133 17360 21:0 5134
5133 17294 21:0 5134
5133 17624 21:0 5134
5133 17492 21:0 5134
5133 17710 21:0 5134
5133 17677 21:0 5134
5133 17380 21:0 5134
5133 17446 21:0 5134
5133 17611 21:0 5134
5133 17479 21:0 5134
5133 17644 21:0 5134
5133 17327 21:0 5134
5133 17756 21:0 5134
5133 17426 21:0 5134
5133 17413 21:0 5134
5133 17512 21:0 5134
5134 17858 21:0 5144
5140 17857 1:0 5140
5143 16215 1:0 5145
5143 17715 21:0 5170
5150 16219 1:0 5150
5169 16231 1:0 5171
5169 17714 21:0 5178
5177 17716 21:0 5181
5180 16235 1:0 5182
5180 17395 21:0 5187
5184 17845 1:0 5184
5186 17441 21:0 5187
5186 17316 21:0 5187
5186 17434 21:0 5190
5189 17289 21:0 5190
5189 17381 21:0 5190
5189 16238 1:0 5192
5189 17283 21:0 5215
5197 16243 1:0 5197
5200 17837 21:0 5200
5203 17898 21:0 5203
5208 17837 1:0 5208
5211 17898 1:0 5211
5214 17361 21:0 5231
5217 16256 1:0 5219
5230 17368 21:0 5269
5250 17824 21:0 5250
5252 16265 1:0 5254
5258 17824 1:0 5258
5259 17824 21:0 5259
5261 16267 1:0 5264
5268 17824 1:0 5268
5268 17382 21:0 5272
5270 17921 21:0 5270
5271 16270 1:0 5274
5271 17309 21:0 5298
5274 17921 1:0 5274
5279 16274 1:0 5279
5285 17929 21:0 5285
5293 17929 1:0 5293
5297 17815 1:0 5297
5297 17370 21:0 5298
5297 17375 21:0 5298
5297 17296 21:0 5301
5300 17427 21:0 5301
5300 17414 21:0 5301
5300 16288 1:0 5302
5300 17436 21:0 5309
5304 17813 1:0 5304
5305 17814 1:0 5305
5308 17295 21:0 5309
5308 17403 21:0 5309
5308 17322 21:0 5312
5311 17333 21:0 5312
5311 17302 21:0 5312
5311 16292 1:0 5313
5311 17369 21:0 5318
5315 17812 1:0 5315
5317 17447 21:0 5318
5317 17402 21:0 5318
5317 17335 21:0 5321
5320 17432 21:0 5321
5320 17349 21:0 5321
5320 16295 1:0 5323
5320 17329 21:0 5346
5328 16300 1:0 5328
5345 17355 21:0 5381
5348 16313 1:0 5350
5380 17435 21:0 5400
5383 16322 1:0 5385
5392 16324 1:0 5395
5399 17415 21:0 5403
5402 16327 1:0 5405
5402 17342 21:0 5429
5410 16331 1:0 5410
5428 17782 1:0 5428
5428 17315 21:0 5429
5428 17304 21:0 5429
5428 17399 21:0 5432
5431 16292 21:0 5432
5431 16295 21:0 5432
5431 16324 21:0 5432
5431 16322 21:0 5432
5431 17401 21:0 5432
5431 16327 21:0 5432
5431 16345 1:0 5433
5431 16313 21:0 5434
5433 15605 21:0 5435
5434 235 21:0 5435
5434 89 21:0 5435
5434 327 21:0 5435
5434 17578 21:0 5435
5434 179 21:0 5435
5434 125 21:0 5435
5434 251 21:0 5435
5434 253 21:0 5435
5434 73 21:0 5435
5434 17690 21:0 5435
5434 16331 21:0 5435
5434 287 21:0 5435
5434 163 21:0 5435
5434 109 21:0 5435
5434 17776 21:0 5435
5434 271 21:0 5435
5434 17723 21:0 5435
5434 107 21:0 5435
5434 17545 21:0 5435
5434 143 21:0 5435
5434 53 21:0 5435
5434 145 21:0 5435
5434 17525 21:0 5435
5434 199 21:0 5435
5434 17459 21:0 5435
5434 269 21:0 5435
5434 17860 21:0 5435
5434 16243 21:0 5435
5434 17314 21:0 5435
5434 17558 21:0 5435
5434 16274 21:0 5435
5434 323 21:0 5435
5434 325 21:0 5435
5434 197 21:0 5435
5434 217 21:0 5435
5434 91 21:0 5435
5434 71 21:0 5435
5434 55 21:0 5435
5434 307 21:0 5435
5434 127 21:0 5435
5434 17347 21:0 5435
5434 305 21:0 5435
5434 16300 21:0 5435
5434 233 21:0 5435
5434 289 21:0 5435
5434 16219 21:0 5435
5434 35 21:0 5435
5435 17780 1:0 5435
5435 16345 21:0 5440
5436 17781 1:0 5436
5439 319 21:0 5440
5439 16231 21:0 5440
5439 16238 21:0 5440
5439 16288 21:0 5440
5439 16235 21:0 5440
5439 321 21:0 5443
5442 16265 21:0 5443
5442 299 21:0 5443
5442 16270 21:0 5443
5442 16267 21:0 5443
5442 317 21:0 5443
5442 16256 21:0 5443
5442 301 21:0 5443
5442 303 21:0 5443
5442 16215 21:0 5443
5442 16349 1:0 5444
5442 329 21:0 5446
5446 17779 1:0 5446
5446 16349 21:0 5449
5448 159 21:0 5449
5448 141 21:0 5449
5448 285 21:0 5449
5448 283 21:0 5449
5448 231 21:0 5452
5451 315 21:0 5452
5451 67 21:0 5452
5451 195 21:0 5452
5451 69 21:0 5452
5451 103 21:0 5452
5451 245 21:0 5452
5451 311 21:0 5452
5451 313 21:0 5452
5451 309 21:0 5452
5451 295 21:0 5454
5451 16352 1:0 5454
5453 17437 21:0 5456
5456 289 1:0 5456
5456 16352 21:0 5477
5459 16357 1:0 5459
5461 17776 1:0 5461
5476 281 21:0 5480
5479 29 21:0 5480
5479 16370 1:0 5481
5479 193 21:0 5515
5514 16379 1:0 5516
5514 33 21:0 5531
5523 16381 1:0 5526
5530 49 21:0 5531
5530 87 21:0 5534
5533 11 21:0 5534
5533 16384 1:0 5536
5533 177 21:0 5560
5535 287 1:0 5538
5540 16388 1:0 5541
5540 17756 1:0 5543
5540 16402 1:0 5564
5540 16414 1:0 5578
5540 16436 1:0 5578
5540 271 1:0 5578
5540 17743 1:0 5578
5540 17723 1:0 5606
5540 16445 1:0 5606
5540 269 1:0 5606
5540 253 1:0 5709
5540 16471 1:0 5709
5540 17710 1:0 5709
5540 16502 1:0 5737
5540 251 1:0 5737
5540 17690 1:0 5737
5540 16528 1:0 5840
5540 17677 1:0 5840
5540 235 1:0 5840
5540 16559 1:0 5868
5540 17657 1:0 5868
5540 233 1:0 5868
5540 217 1:0 5971
5540 16585 1:0 5971
5540 17644 1:0 5971
5540 17624 1:0 5999
5540 16616 1:0 5999
5540 215 1:0 5999
5540 17611 1:0 6102
5540 199 1:0 6102
5540 16642 1:0 6102
5540 16673 1:0 6130
5540 197 1:0 6130
5540 17591 1:0 6130
5540 17578 1:0 6233
5540 181 1:0 6233
5540 16699 1:0 6233
5540 16730 1:0 6261
5540 179 1:0 6261
5540 17558 1:0 6261
5540 16756 1:0 6364
5540 163 1:0 6364
5540 17545 1:0 6364
5540 16787 1:0 6392
5540 161 1:0 6392
5540 17525 1:0 6392
5540 16813 1:0 6495
5540 145 1:0 6495
5540 17512 1:0 6495
5540 16844 1:0 6523
5540 17492 1:0 6523
5540 143 1:0 6523
5540 127 1:0 6626
5540 17479 1:0 6626
5540 16870 1:0 6626
5540 17459 1:0 6654
5540 16901 1:0 6654
5540 125 1:0 6654
5540 16927 1:0 6757
5540 17446 1:0 6757
5540 109 1:0 6757
5540 16958 1:0 6785
5540 107 1:0 6785
5546 17426 1:0 6785
5547 91 1:0 6888
5547 16984 1:0 6888
5547 17015 1:0 6916
5547 89 1:0 6916
5555 16406 1:0 5575
5555 16441 1:0 5578
5555 16427 1:0 5578
5555 16438 1:0 5578
5555 16493 1:0 5709
5559 17749 1:0 5559
5559 51 21:0 5560
5559 121 21:0 5560
5559 173 21:0 5560
5559 155 21:0 5560
5559 157 21:0 5560
5559 191 21:0 5563
5562 16379 21:0 5563
5562 85 21:0 5563
5562 31 21:0 5563
5562 13 21:0 5563
5562 123 21:0 5563
5562 293 21:0 5563
5562 137 21:0 5563
5562 16381 21:0 5563
5562 17371 21:0 5566
5564 13 1:0 5606
5564 123 1:0 5606
5565 16357 21:0 5566
5565 289 21:0 5566
5565 287 21:0 5566
5565 16388 21:0 5566
5566 17747 1:0 5566
5566 16402 21:0 5571
5567 17748 1:0 5567
5568 17716 1:0 5606
5569 16409 1:0 5585
5569 17714 1:0 5689
5569 85 1:0 5700
5570 15 21:0 5571
5570 139 21:0 5571
5570 211 21:0 5571
5570 265 21:0 5571
5570 101 21:0 5571
5570 16384 21:0 5574
5572 101 1:0 5578
5572 211 1:0 5578
5572 139 1:0 5578
5572 15 1:0 5606
5573 41 21:0 5574
5573 221 21:0 5574
5573 115 21:0 5574
5573 43 21:0 5574
5573 205 21:0 5574
5573 297 21:0 5574
5573 16370 21:0 5574
5573 77 21:0 5574
5573 59 21:0 5574
5573 239 21:0 5574
5573 133 21:0 5574
5573 291 21:0 5574
5573 187 21:0 5574
5573 113 21:0 5574
5573 279 21:0 5574
5573 277 21:0 5574
5573 275 21:0 5574
5573 273 21:0 5574
5573 25 21:0 5574
5573 17338 21:0 5574
5573 17701 21:0 5574
5573 17734 21:0 5574
5573 17668 21:0 5574
5573 17602 21:0 5574
5573 17404 21:0 5574
5573 17536 21:0 5574
5573 17503 21:0 5574
5573 17569 21:0 5574
5575 17734 1:0 5578
5575 17715 1:0 5697
5575 239 1:0 5700
5575 17701 1:0 5709
5577 17746 1:0 5577
5577 16406 21:0 5580
5578 16459 1:0 5695
5578 137 1:0 5700
5578 31 1:0 5700
5578 16463 1:0 5706
5578 17713 1:0 5707
5578 16484 1:0 5709
5578 16498 1:0 5709
5578 191 1:0 5709
5578 245 1:0 5709
5578 16495 1:0 5709
5578 16466 1:0 5716
5578 221 1:0 5831
5578 16555 1:0 5840
5578 16550 1:0 5840
5578 16552 1:0 5840
5579 267 21:0 5580
5584 17683 1:0 5737
5586 157 1:0 5737
5587 17744 1:0 5587
5587 16409 21:0 5608
5589 173 1:0 5737
5589 155 1:0 5737
5595 17413 1:0 6888
5596 17393 1:0 6916
5604 121 1:0 5831
5604 16541 1:0 5840
5604 17668 1:0 5840
5604 73 1:0 7019
5604 17041 1:0 7019
5604 17072 1:0 7047
5604 71 1:0 7047
5607 17733 1:0 5607
5607 263 21:0 5611
5610 271 21:0 5611
5610 16414 21:0 5611
5614 16427 21:0 5643
5616 17732 1:0 5616
5616 17731 1:0 5616
5616 17729 1:0 5616
5617 17681 1:0 5820
5642 17725 1:0 5642
5642 261 21:0 5646
5649 16436 21:0 5652
5651 259 21:0 5652
5659 16438 21:0 5662
5661 257 21:0 5662
5669 17724 1:0 5669
5669 16441 21:0 5686
5674 17718 1:0 5674
5685 255 21:0 5691
5690 16445 21:0 5691
5690 269 21:0 5691
5697 16459 21:0 5702
5699 17682 1:0 5828
5700 16516 1:0 5826
5700 231 1:0 5831
5700 51 1:0 5831
5700 16520 1:0 5837
5700 17680 1:0 5838
5700 177 1:0 5840
5700 11 1:0 5840
5700 16523 1:0 5847
5701 17712 1:0 5701
5701 247 21:0 5702
5708 16463 21:0 5711
5709 17650 1:0 5868
5709 33 1:0 5868
5709 49 1:0 5868
5709 87 1:0 5868
5710 249 21:0 5711
5715 17648 1:0 5951
5718 17711 1:0 5718
5718 16466 21:0 5739
5720 17649 1:0 5959
5723 17705 1:0 5723
5726 17380 1:0 7019
5727 17360 1:0 7047
5735 16573 1:0 5957
5735 103 1:0 5962
5736 29 1:0 5962
5736 193 1:0 5962
5736 205 1:0 5962
5736 16577 1:0 5968
5736 16612 1:0 5971
5736 17635 1:0 5971
5736 16598 1:0 5971
5736 16609 1:0 5971
5736 16607 1:0 5971
5736 187 1:0 6093
5736 16666 1:0 6102
5736 16664 1:0 6102
5736 17602 1:0 6102
5736 169 1:0 6224
5736 55 1:0 7150
5736 17347 1:0 7150
5736 17098 1:0 7150
5736 53 1:0 7178
5736 17129 1:0 7178
5736 17327 1:0 7178
5736 17155 1:0 7281
5736 17314 1:0 7281
5736 37 1:0 7281
5736 17186 1:0 7309
5736 35 1:0 7309
5738 17700 1:0 5738
5738 245 21:0 5742
5741 16471 21:0 5742
5741 253 21:0 5742
5745 16484 21:0 5774
5747 17699 1:0 5747
5747 17696 1:0 5747
5747 17698 1:0 5747
5748 69 1:0 5971
5748 195 1:0 5971
5748 67 1:0 5999
5748 16655 1:0 6102
5773 17692 1:0 5773
5773 243 21:0 5777
5780 16493 21:0 5783
5782 241 21:0 5783
5790 16495 21:0 5793
5792 239 21:0 5793
5800 17691 1:0 5800
5800 16498 21:0 5817
5805 17685 1:0 5805
5816 237 21:0 5822
5821 251 21:0 5822
5821 16502 21:0 5822
5828 16516 21:0 5833
5830 17647 1:0 5969
5831 16580 1:0 5978
5831 141 1:0 5999
5831 17617 1:0 5999
5831 159 1:0 5999
5831 16630 1:0 6088
5831 16691 1:0 6093
5831 65 1:0 6093
5831 16751 1:0 6093
5832 17679 1:0 5832
5832 229 21:0 5833
5839 16520 21:0 5842
5840 17616 1:0 6082
5840 17615 1:0 6089
5841 231 21:0 5842
5846 17614 1:0 6100
5848 16634 1:0 6099
5849 17678 1:0 5849
5849 16523 21:0 5870
5851 17036 1:0 6102
5851 17090 1:0 6102
5854 17672 1:0 5854
5866 16669 1:0 6102
5866 16637 1:0 6109
5866 16721 1:0 6233
5869 17667 1:0 5869
5869 227 21:0 5873
5872 16528 21:0 5873
5872 235 21:0 5873
5876 16541 21:0 5905
5878 17666 1:0 5878
5878 17665 1:0 5878
5878 17663 1:0 5878
5879 17584 1:0 6130
5904 17659 1:0 5904
5904 225 21:0 5908
5911 16550 21:0 5914
5913 223 21:0 5914
5921 16552 21:0 5924
5923 221 21:0 5924
5931 17658 1:0 5931
5931 16555 21:0 5948
5936 17652 1:0 5936
5947 219 21:0 5953
5952 233 21:0 5953
5952 16559 21:0 5953
5959 16573 21:0 5964
5961 17200 1:0 6130
5961 16915 1:0 6130
5961 16687 1:0 6130
5961 17033 1:0 6224
5961 17147 1:0 6224
5961 17143 1:0 6224
5961 16919 1:0 6224
5962 17583 1:0 6213
5962 17582 1:0 6220
5963 17646 1:0 5963
5963 211 21:0 5964
5970 16577 21:0 5973
5971 17581 1:0 6231
5971 16808 1:0 6233
5971 16726 1:0 6233
5971 17569 1:0 6233
5971 16712 1:0 6233
5971 16805 1:0 6233
5971 16723 1:0 6233
5971 17029 1:0 6233
5971 16694 1:0 6240
5971 16979 1:0 6261
5971 16865 1:0 6261
5971 16922 1:0 6261
5971 115 1:0 6355
5971 16780 1:0 6364
5971 16783 1:0 6364
5971 17294 1:0 7309
5971 19 1:0 7415
5971 17212 1:0 7424
5971 17281 1:0 7426
5971 17 1:0 7503
5971 17243 1:0 7506
5972 213 21:0 5973
5977 17551 1:0 6261
5979 16744 1:0 6350
5980 17645 1:0 5980
5980 16580 21:0 6001
5985 17639 1:0 5985
5998 17550 1:0 6344
6000 17634 1:0 6000
6000 209 21:0 6004
6003 217 21:0 6004
6003 16585 21:0 6004
6007 16598 21:0 6036
6009 17630 1:0 6009
6009 17632 1:0 6009
6009 17633 1:0 6009
6010 17401 1:0 6355
6010 16748 1:0 6355
6010 16769 1:0 6364
6010 16778 1:0 6364
6035 17626 1:0 6035
6035 207 21:0 6039
6042 16607 21:0 6045
6044 205 21:0 6045
6052 16609 21:0 6055
6054 203 21:0 6055
6062 17625 1:0 6062
6062 16612 21:0 6079
6067 17619 1:0 6067
6078 201 21:0 6084
6083 16616 21:0 6084
6083 215 21:0 6084
6090 16630 21:0 6095
6092 17549 1:0 6351
6093 17548 1:0 6362
6093 16801 1:0 6364
6093 17399 1:0 6364
6093 17536 1:0 6364
6093 17315 1:0 6392
6093 133 1:0 6486
6093 16835 1:0 6495
6093 16837 1:0 6495
6093 17503 1:0 6495
6093 17470 1:0 6626
6093 17437 1:0 6757
6093 17404 1:0 6888
6093 17261 1:0 7508
6094 17613 1:0 6094
6094 193 21:0 6095
6101 16634 21:0 6104
6102 17304 1:0 6392
6102 17518 1:0 6392
6103 195 21:0 6104
6105 17516 1:0 6475
6110 17517 1:0 6483
6111 17612 1:0 6111
6111 16637 21:0 6132
6113 17342 1:0 6486
6116 17606 1:0 6116
6128 17415 1:0 6486
6131 17601 1:0 6131
6131 191 21:0 6135
6134 199 21:0 6135
6134 16642 21:0 6135
6138 16655 21:0 6167
6140 17597 1:0 6140
6140 17600 1:0 6140
6140 17599 1:0 6140
6141 17515 1:0 6493
6166 17593 1:0 6166
6166 189 21:0 6170
6173 16664 21:0 6176
6175 187 21:0 6176
6183 16666 21:0 6186
6185 185 21:0 6186
6193 17592 1:0 6193
6193 16669 21:0 6210
6198 17586 1:0 6198
6209 183 21:0 6215
6214 16673 21:0 6215
6214 197 21:0 6215
6221 16687 21:0 6226
6223 17435 1:0 6495
6223 16858 1:0 6495
6223 16826 1:0 6495
6223 16840 1:0 6495
6223 17355 1:0 6523
6223 17329 1:0 6523
6223 113 1:0 6617
6223 16894 1:0 6626
6223 16897 1:0 6626
6223 16892 1:0 6626
6223 41 1:0 6748
6224 17485 1:0 6523
6224 17432 1:0 6617
6224 17349 1:0 6617
6224 16862 1:0 6623
6224 17402 1:0 6626
6225 17580 1:0 6225
6225 175 21:0 6226
6232 16691 21:0 6235
6233 17484 1:0 6606
6233 17483 1:0 6613
6234 177 21:0 6235
6239 17482 1:0 6624
6241 16883 1:0 6626
6241 17371 1:0 7019
6242 17579 1:0 6242
6242 16694 21:0 6263
6247 17573 1:0 6247
6260 17452 1:0 6654
6262 17568 1:0 6262
6262 173 21:0 6266
6265 16699 21:0 6266
6265 181 21:0 6266
6269 16712 21:0 6298
6271 17567 1:0 6271
6271 17564 1:0 6271
6271 17566 1:0 6271
6272 17447 1:0 6654
6272 17369 1:0 6654
6297 17560 1:0 6297
6297 171 21:0 6301
6304 16721 21:0 6307
6306 169 21:0 6307
6314 16723 21:0 6317
6316 167 21:0 6317
6324 17559 1:0 6324
6324 16726 21:0 6341
6329 17553 1:0 6329
6340 165 21:0 6346
6345 16730 21:0 6346
6345 179 21:0 6346
6352 16744 21:0 6357
6354 17451 1:0 6737
6355 17450 1:0 6744
6355 17427 1:0 6748
6355 17436 1:0 6748
6355 16972 1:0 6757
6355 16951 1:0 6757
6355 16940 1:0 6757
6355 16949 1:0 6757
6355 16954 1:0 6757
6355 77 1:0 6879
6355 17011 1:0 6888
6355 17008 1:0 6888
6356 17547 1:0 6356
6356 157 21:0 6357
6363 16748 21:0 6366
6364 17449 1:0 6755
6364 17441 1:0 6757
6367 17419 1:0 6785
6370 17421 1:0 6785
6370 17434 1:0 6785
6370 17414 1:0 6879
6373 17546 1:0 6373
6373 16751 21:0 6394
6378 17540 1:0 6378
6391 17417 1:0 6868
6393 17535 1:0 6393
6393 16756 21:0 6394
6400 16769 21:0 6429
6402 17533 1:0 6402
6402 17534 1:0 6402
6402 17531 1:0 6402
6403 17403 1:0 6879
6403 17006 1:0 6888
6403 16997 1:0 6888
6403 59 1:0 7010
6403 17054 1:0 7019
6403 17338 1:0 7150
6428 17527 1:0 6428
6435 16778 21:0 6438
6445 16780 21:0 6448
6455 17526 1:0 6455
6455 16783 21:0 6472
6460 17520 1:0 6460
6471 16787 21:0 6472
6483 16801 21:0 6488
6485 17418 1:0 6876
6486 16976 1:0 6885
6486 17416 1:0 6886
6486 17375 1:0 6888
6486 17395 1:0 6916
6487 17514 1:0 6487
6494 16805 21:0 6497
6495 17408 1:0 6901
6495 17386 1:0 6916
6498 17385 1:0 6999
6501 17063 1:0 7019
6501 17068 1:0 7019
6501 17065 1:0 7019
6501 43 1:0 7141
6501 17122 1:0 7150
6501 17120 1:0 7150
6501 25 1:0 7272
6501 17305 1:0 7281
6504 17513 1:0 6504
6504 16808 21:0 6525
6506 17384 1:0 7006
6509 17507 1:0 6509
6521 17370 1:0 7010
6522 17382 1:0 7010
6522 17086 1:0 7019
6524 17502 1:0 6524
6524 16813 21:0 6525
6531 16826 21:0 6560
6533 17501 1:0 6533
6533 17500 1:0 6533
6533 17498 1:0 6533
6534 17368 1:0 7019
6559 17494 1:0 6559
6566 16835 21:0 6569
6576 16837 21:0 6579
6586 17493 1:0 6586
6586 16840 21:0 6603
6591 17487 1:0 6591
6602 16844 21:0 6603
6614 16858 21:0 6619
6616 17383 1:0 7017
6617 17381 1:0 7027
6617 17361 1:0 7047
6617 17353 1:0 7047
6617 17302 1:0 7141
6618 17481 1:0 6618
6625 16862 21:0 6628
6626 17352 1:0 7130
6626 17351 1:0 7137
6629 17335 1:0 7141
6632 17093 1:0 7150
6635 17480 1:0 6635
6635 16865 21:0 6656
6637 17350 1:0 7148
6640 17474 1:0 6640
6652 17333 1:0 7150
6653 17111 1:0 7150
6653 17125 1:0 7150
6653 17337 1:0 7178
6653 17177 1:0 7281
6653 17179 1:0 7281
6653 17272 1:0 7443
6655 17469 1:0 6655
6655 16870 21:0 6656
6662 16883 21:0 6691
6664 17468 1:0 6664
6664 17465 1:0 6664
6664 17467 1:0 6664
6665 17322 1:0 7178
6665 17150 1:0 7281
6690 17461 1:0 6690
6697 16892 21:0 6700
6707 16894 21:0 6710
6717 17460 1:0 6717
6717 16897 21:0 6734
6722 17454 1:0 6722
6733 16901 21:0 6734
6745 16915 21:0 6750
6747 17320 1:0 7178
6748 17318 1:0 7261
6748 17316 1:0 7272
6748 17295 1:0 7272
6748 17182 1:0 7281
6748 17168 1:0 7281
6748 7 1:0 7443
6748 17234 1:0 7481
6749 17448 1:0 6749
6756 16919 21:0 6759
6757 17319 1:0 7269
6757 17317 1:0 7279
6760 17309 1:0 7281
6766 16922 21:0 6787
6768 17287 1:0 7309
6783 17289 1:0 7309
6784 17296 1:0 7309
6784 17283 1:0 7403
6786 16927 21:0 6787
6793 16940 21:0 6822
6796 17269 1:0 7403
6796 17204 1:0 7409
6821 17428 1:0 6821
6828 16949 21:0 6831
6838 16951 21:0 6841
6848 16954 21:0 6865
6864 16958 21:0 6865
6876 16972 21:0 6881
6878 17285 1:0 7392
6879 17286 1:0 7400
6879 17282 1:0 7412
6879 17263 1:0 7415
6879 17270 1:0 7415
6887 16976 21:0 6890
6888 17284 1:0 7410
6888 17207 1:0 7415
6888 17271 1:0 7440
6888 335 1:0 7443
6888 17225 1:0 7443
6888 17267 1:0 7443
6888 5 1:0 7486
6888 17236 1:0 7491
6888 3 1:0 7494
6888 17239 1:0 7501
6891 157 1:0 8199
6894 17262 1:0 7494
6894 336 1:0 7521
6897 16979 21:0 6918
6917 16984 21:0 6918
6924 16997 21:0 6953
6959 17006 21:0 6962
6969 17008 21:0 6972
6979 17394 1:0 6979
6979 17011 21:0 6996
6984 17388 1:0 6984
6995 17015 21:0 6996
7007 17029 21:0 7012
7018 17033 21:0 7021
7028 17036 21:0 7049
7048 17041 21:0 7049
7055 17054 21:0 7084
7057 17366 1:0 7057
7083 17362 1:0 7083
7090 17063 21:0 7093
7100 17065 21:0 7103
7110 17068 21:0 7127
7126 17072 21:0 7127
7138 17086 21:0 7143
7149 17090 21:0 7152
7159 17348 1:0 7159
7159 17093 21:0 7180
7179 17098 21:0 7180
7186 17111 21:0 7215
7188 17336 1:0 7188
7221 17120 21:0 7224
7231 17122 21:0 7234
7241 17328 1:0 7241
7241 17125 21:0 7258
7257 17129 21:0 7258
7269 17143 21:0 7274
7280 17147 21:0 7283
7290 17150 21:0 7311
7310 17155 21:0 7311
7317 17168 21:0 7346
7319 17303 1:0 7319
7319 17300 1:0 7319
7352 17177 21:0 7355
7362 17179 21:0 7365
7372 17182 21:0 7389
7388 17186 21:0 7389
7400 17200 21:0 7405
7411 17204 21:0 7414
7421 17207 21:0 7442
7426 17276 1:0 7426
7441 17212 21:0 7442
7448 17225 21:0 7477
7483 17234 21:0 7486
7493 17236 21:0 7496
7508 17243 21:0 7509
7519 335 21:0 7537
7536 18913 21:0 7569
7568 17239 21:0 7569
7568 17 21:0 7569
7568 18912 21:0 7569
7569 18921 21:0 7585
7584 3 21:0 7585
7584 18920 21:0 7585
7584 18922 21:0 7585
7584 19 21:0 7585
7584 18923 21:0 7585
7584 9 21:0 7585
7584 18932 21:0 7585
7584 5 21:0 7585
7584 7 21:0 7585
7587 18935 21:0 7595
7594 18936 21:0 7645
7606 18946 21:0 7606
7644 18937 21:0 7661
7645 18954 21:0 7645
7650 18955 21:0 7650
7658 18966 21:0 7658
7660 18938 21:0 7671
7670 18968 21:0 7721
7673 18960 21:0 7673
7693 18980 21:0 7693
7720 18969 21:0 7737
7721 18987 21:0 7721
7726 18988 21:0 7726
7728 18973 21:0 7728
7736 18970 21:0 7742
7741 18971 21:0 7761
7749 18993 21:0 7749
7760 19001 21:0 7813
7797 19019 21:0 7797
7812 19002 21:0 7818
7817 19003 21:0 7837
7834 19045 21:0 7834
7836 19004 21:0 7889
7845 19046 21:0 7845
7873 19050 21:0 7873
7888 19034 21:0 7894
7893 19035 21:0 7899
7894 19066 21:0 7894
7898 19036 21:0 7965
7901 19059 21:0 7901
7949 19086 21:0 7949
7964 19037 21:0 7970
7969 19067 21:0 7975
7970 19099 21:0 7970
7974 19069 21:0 8032
7977 19092 21:0 7977
7986 19111 21:0 7986
8025 19119 21:0 8025
8025 19118 21:0 8025
8030 19120 21:0 8030
8031 19068 21:0 8046
8032 19105 21:0 8032
8038 19131 21:0 8038
8045 19070 21:0 8051
8050 19100 21:0 8106
8053 19125 21:0 8053
8062 19144 21:0 8062
8101 19149 21:0 8101
8101 19151 21:0 8101
8101 19152 21:0 8101
8105 19102 21:0 8122
8106 19153 21:0 8106
8108 19138 21:0 8108
8114 19164 21:0 8114
8121 19101 21:0 8127
8122 19165 21:0 8122
8126 19103 21:0 8177
8129 19158 21:0 8129
8138 19177 21:0 8138
8149 19178 21:0 8149
8176 19133 21:0 8193
8177 19184 21:0 8177
8177 19185 21:0 8177
8182 19186 21:0 8182
8184 19171 21:0 8184
8190 19197 21:0 8190
8192 19134 21:0 8203
8198 19198 21:0 8198
8202 165 1:0 8213
8202 19135 21:0 8248
8205 19191 21:0 8205
8211 179 1:0 8212
8214 19210 21:0 8214
8216 167 1:0 8217
8220 169 1:0 8221
8247 19136 21:0 8269
8252 171 1:0 8254
8253 19218 21:0 8253
8253 19217 21:0 8253
8257 173 1:0 8265
8258 19219 21:0 8258
8260 19204 21:0 8260
8264 181 1:0 8264
8266 19230 21:0 8266
8268 177 1:0 8270
8268 19166 21:0 8274
8273 175 1:0 8275
8273 19168 21:0 8293
8274 19231 21:0 8274
8278 183 1:0 8289
8281 19224 21:0 8281
8288 197 1:0 8288
8290 19243 21:0 8290
8292 185 1:0 8293
8292 19167 21:0 8345
8296 187 1:0 8297
8328 189 1:0 8330
8329 19248 21:0 8329
8329 19250 21:0 8329
8329 19251 21:0 8329
8333 191 1:0 8341
8334 19252 21:0 8334
8336 19237 21:0 8336
8340 199 1:0 8340
8342 19263 21:0 8342
8344 195 1:0 8346
8344 19169 21:0 8350
8349 193 1:0 8351
8349 19199 21:0 8369
8350 19264 21:0 8350
8354 201 1:0 8365
8364 215 1:0 8364
8366 19276 21:0 8366
8368 203 1:0 8369
8368 19201 21:0 8421
8372 205 1:0 8373
8377 19277 21:0 8377
8404 207 1:0 8406
8405 19281 21:0 8405
8405 19284 21:0 8405
8405 19283 21:0 8405
8409 209 1:0 8417
8410 19285 21:0 8410
8412 19270 21:0 8412
8416 217 1:0 8416
8418 19296 21:0 8418
8420 213 1:0 8422
8420 19200 21:0 8426
8425 211 1:0 8427
8425 19202 21:0 8431
8430 219 1:0 8441
8430 19232 21:0 8497
8433 19290 21:0 8433
8440 233 1:0 8440
8442 19309 21:0 8442
8444 221 1:0 8445
8448 223 1:0 8449
8453 19310 21:0 8453
8480 225 1:0 8482
8481 19314 21:0 8481
8481 19316 21:0 8481
8481 19317 21:0 8481
8485 227 1:0 8493
8486 19318 21:0 8486
8488 19303 21:0 8488
8492 235 1:0 8492
8496 231 1:0 8498
8496 19233 21:0 8502
8501 229 1:0 8503
8501 19234 21:0 8507
8502 19330 21:0 8502
8506 237 1:0 8517
8506 19235 21:0 8562
8509 19323 21:0 8509
8516 251 1:0 8516
8518 19342 21:0 8518
8520 239 1:0 8521
8524 241 1:0 8525
8529 19343 21:0 8529
8556 243 1:0 8558
8557 19347 21:0 8557
8557 19350 21:0 8557
8561 245 1:0 8569
8561 19265 21:0 8578
8562 19351 21:0 8562
8564 19336 21:0 8564
8568 253 1:0 8568
8570 19362 21:0 8570
8572 249 1:0 8574
8573 19363 21:0 8573
8575 19363 1:0 8575
8577 247 1:0 8579
8577 19267 21:0 8583
8578 19363 21:0 8578
8582 255 1:0 8593
8582 19266 21:0 8638
8585 19356 21:0 8585
8592 269 1:0 8592
8594 19375 21:0 8594
8596 257 1:0 8597
8600 259 1:0 8601
8605 19376 21:0 8605
8616 19377 21:0 8616
8621 19377 1:0 8621
8632 261 1:0 8634
8633 19382 21:0 8633
8633 19383 21:0 8633
8633 19380 21:0 8633
8637 263 1:0 8645
8637 19268 21:0 8654
8638 19384 21:0 8638
8640 19369 21:0 8640
8644 271 1:0 8644
8646 19395 21:0 8646
8648 267 1:0 8650
8653 265 1:0 8655
8653 19298 21:0 8659
8654 19396 21:0 8654
8658 273 1:0 8669
8658 19300 21:0 8709
8659 19400 21:0 8659
8661 19389 21:0 8661
8668 287 1:0 8668
8670 19408 21:0 8670
8672 275 1:0 8673
8676 277 1:0 8677
8681 19409 21:0 8681
8708 279 1:0 8710
8708 19299 21:0 8725
8709 19416 21:0 8709
8709 19415 21:0 8709
8709 19413 21:0 8709
8713 281 1:0 8721
8714 19417 21:0 8714
8716 19402 21:0 8716
8720 289 1:0 8720
8722 19428 21:0 8722
8724 285 1:0 8726
8724 19301 21:0 8735
8727 19430 21:0 8727
8729 283 1:0 8731
8732 19431 21:0 8732
8732 19432 21:0 8732
8734 291 1:0 8745
8734 19331 21:0 8757
8735 19433 21:0 8735
8744 305 1:0 8744
8748 293 1:0 8749
8752 295 1:0 8753
8756 19332 21:0 8801
8784 297 1:0 8786
8789 299 1:0 8797
8796 307 1:0 8796
8800 303 1:0 8802
8800 19333 21:0 8806
8803 19463 21:0 8803
8805 301 1:0 8807
8805 19334 21:0 8825
8808 19464 21:0 8808
8808 19465 21:0 8808
8810 309 1:0 8821
8811 19466 21:0 8811
8820 323 1:0 8820
8824 311 1:0 8825
8824 18933 21:0 8861
8828 313 1:0 8829
8860 315 1:0 8862
8860 336 21:0 8866
8865 317 1:0 8873
8865 18914 21:0 8877
8872 325 1:0 8872
8876 18918 21:0 8877
8876 321 1:0 8878
8876 19364 21:0 8882
8879 19496 21:0 8879
8881 319 1:0 8883
8881 19366 21:0 8889
8884 19497 21:0 8884
8884 19498 21:0 8884
8886 329 1:0 8898
8888 29 21:0 8902
8895 327 1:0 8895
8901 19187 21:0 8902
8901 15605 1:0 8904
8901 19154 21:0 8907
8906 73 21:0 8907
8906 18956 21:0 8907
8906 217 21:0 8907
8906 71 21:0 8907
8906 19130 21:0 8907
8906 179 21:0 8907
8906 19031 21:0 8907
8906 18965 21:0 8907
8906 19110 21:0 8907
8906 19176 21:0 8907
8906 18945 21:0 8907
8907 19509 21:0 8917
8916 16215 1:0 8918
8916 19365 21:0 8943
8923 16219 1:0 8923
8942 16231 1:0 8944
8942 19367 21:0 8951
8946 19497 1:0 8946
8947 19498 1:0 8947
8950 19397 21:0 8954
8953 16235 1:0 8955
8953 19398 21:0 8963
8957 19496 1:0 8957
8962 16238 1:0 8965
8962 19399 21:0 9001
8970 16243 1:0 8970
8976 19549 21:0 8976
8984 19549 1:0 8984
8990 16256 1:0 8992
9000 18999 21:0 9042
9023 19475 21:0 9023
9025 16265 1:0 9027
9031 19475 1:0 9031
9032 19475 21:0 9032
9034 16267 1:0 9037
9041 19475 1:0 9041
9041 19017 21:0 9045
9043 19572 21:0 9043
9044 16270 1:0 9047
9044 19021 21:0 9071
9047 19572 1:0 9047
9052 16274 1:0 9052
9055 19468 21:0 9055
9063 19468 1:0 9063
9070 19466 1:0 9070
9070 19078 21:0 9071
9070 18967 21:0 9071
9070 19053 21:0 9074
9073 19072 21:0 9074
9073 18986 21:0 9074
9073 16288 1:0 9075
9073 18927 21:0 9082
9077 19464 1:0 9077
9078 19465 1:0 9078
9081 19000 21:0 9082
9081 19013 21:0 9082
9081 19085 21:0 9085
9084 19039 21:0 9085
9084 19020 21:0 9085
9084 16292 1:0 9086
9084 19033 21:0 9091
9088 19463 1:0 9088
9090 19079 21:0 9091
9090 18953 21:0 9091
9090 18940 21:0 9094
9093 19098 21:0 9094
9093 19026 21:0 9094
9093 16295 1:0 9096
9093 18984 21:0 9119
9101 16300 1:0 9101
9118 19054 21:0 9154
9121 16313 1:0 9123
9153 19012 21:0 9173
9156 16322 1:0 9158
9165 16324 1:0 9168
9172 19065 21:0 9176
9175 16327 1:0 9178
9175 18947 21:0 9202
9183 16331 1:0 9183
9201 19433 1:0 9201
9201 19083 21:0 9202
9201 19032 21:0 9202
9201 19006 21:0 9205
9204 16324 21:0 9205
9204 18951 21:0 9205
9204 16327 21:0 9205
9204 16313 21:0 9205
9204 18979 21:0 9205
9204 19319 21:0 9205
9204 15605 21:0 9205
9204 16322 21:0 9205
9204 16345 1:0 9206
9204 19022 21:0 9208
9207 289 21:0 9208
9207 16300 21:0 9208
9207 19097 21:0 9208
9207 323 21:0 9208
9207 16219 21:0 9208
9207 35 21:0 9208
9207 197 21:0 9208
9207 269 21:0 9208
9207 287 21:0 9208
9207 235 21:0 9208
9207 145 21:0 9208
9207 143 21:0 9208
9207 107 21:0 9208
9207 233 21:0 9208
9207 19361 21:0 9208
9207 19229 21:0 9208
9207 18978 21:0 9208
9207 327 21:0 9208
9207 19242 21:0 9208
9207 91 21:0 9208
9207 181 21:0 9208
9207 37 21:0 9208
9207 109 21:0 9208
9207 89 21:0 9208
9207 19394 21:0 9208
9207 19163 21:0 9208
9207 19275 21:0 9208
9207 19044 21:0 9208
9207 253 21:0 9208
9207 19341 21:0 9208
9207 19196 21:0 9208
9207 19077 21:0 9208
9207 163 21:0 9208
9207 19328 21:0 9208
9207 161 21:0 9208
9207 271 21:0 9208
9207 307 21:0 9208
9207 199 21:0 9208
9207 305 21:0 9208
9207 16243 21:0 9208
9207 19209 21:0 9208
9207 16274 21:0 9208
9207 18998 21:0 9208
9207 19295 21:0 9208
9207 19262 21:0 9208
9207 19427 21:0 9208
9207 19011 21:0 9208
9207 19064 21:0 9208
9207 19374 21:0 9208
9207 215 21:0 9208
9207 19511 21:0 9208
9207 19143 21:0 9208
9207 325 21:0 9208
9207 125 21:0 9208
9207 16331 21:0 9208
9207 127 21:0 9208
9207 53 21:0 9208
9207 251 21:0 9208
9207 55 21:0 9208
9207 19308 21:0 9208
9207 19407 21:0 9208
9208 19431 1:0 9208
9208 16345 21:0 9213
9209 19432 1:0 9209
9212 16238 21:0 9213
9212 16295 21:0 9213
9212 16288 21:0 9213
9212 16292 21:0 9213
9212 16235 21:0 9215
9214 16231 21:0 9216
9215 16256 21:0 9216
9215 16265 21:0 9216
9215 16267 21:0 9216
9215 301 21:0 9216
9215 16270 21:0 9216
9215 319 21:0 9216
9215 321 21:0 9216
9215 317 21:0 9216
9215 16215 21:0 9216
9215 16349 1:0 9217
9215 329 21:0 9219
9219 19430 1:0 9219
9219 16349 21:0 9222
9221 285 21:0 9222
9221 303 21:0 9222
9221 299 21:0 9222
9221 283 21:0 9222
9221 51 21:0 9225
9224 315 21:0 9225
9224 311 21:0 9225
9224 13 21:0 9225
9224 33 21:0 9225
9224 31 21:0 9225
9224 69 21:0 9225
9224 175 21:0 9225
9224 309 21:0 9225
9224 313 21:0 9225
9224 16352 1:0 9227
9224 295 21:0 9228
9224 16384 1:0 9236
9224 16370 1:0 9236
9227 19352 21:0 9229
9229 19428 1:0 9229
9229 289 1:0 9229
9229 16352 21:0 9250
9232 16357 1:0 9232
9234 19427 1:0 9234
9237 16379 1:0 9243
9244 16381 1:0 9248
9248 287 1:0 9248
9248 16388 1:0 9248
9248 19407 1:0 9248
9249 19417 1:0 9249
9249 281 21:0 9253
9249 19399 1:0 9331
9252 19182 21:0 9288
9258 19416 1:0 9258
9258 19415 1:0 9258
9258 19413 1:0 9258
9284 19409 1:0 9284
9287 19211 21:0 9304
9303 19329 21:0 9307
9306 19297 21:0 9333
9311 19408 1:0 9311
9316 19402 1:0 9316
9332 19400 1:0 9332
9332 19052 21:0 9333
9332 19112 21:0 9333
9332 19116 21:0 9336
9332 19398 1:0 9338
9334 16402 1:0 9337
9335 293 21:0 9336
9335 16381 21:0 9336
9335 16379 21:0 9336
9335 19215 21:0 9336
9335 19145 21:0 9336
9335 19286 21:0 9339
9338 16388 21:0 9339
9338 287 21:0 9339
9338 289 21:0 9339
9338 16357 21:0 9339
9339 16402 21:0 9344
9342 16406 1:0 9348
9342 19397 1:0 9349
9342 271 1:0 9356
9342 16414 1:0 9356
9342 16441 1:0 9356
9342 16438 1:0 9356
9342 19394 1:0 9356
9342 19374 1:0 9379
9342 269 1:0 9379
9342 16445 1:0 9379
9342 16436 1:0 9379
9342 16495 1:0 9487
9342 19361 1:0 9491
9342 253 1:0 9491
9342 16471 1:0 9491
9342 16502 1:0 9510
9342 19341 1:0 9510
9342 19352 1:0 9510
9342 251 1:0 9510
9342 235 1:0 9622
9342 16528 1:0 9622
9342 19328 1:0 9622
9342 16559 1:0 9641
9342 233 1:0 9641
9342 19308 1:0 9641
9342 16585 1:0 9753
9342 217 1:0 9753
9342 19295 1:0 9753
9342 215 1:0 9772
9342 16616 1:0 9772
9342 19275 1:0 9772
9342 19262 1:0 9875
9342 16642 1:0 9875
9342 199 1:0 9875
9342 16673 1:0 9903
9342 197 1:0 9903
9342 19242 1:0 9903
9342 19229 1:0 10006
9342 16699 1:0 10006
9342 181 1:0 10006
9342 16730 1:0 10034
9342 19209 1:0 10034
9342 179 1:0 10034
9342 163 1:0 10137
9342 16756 1:0 10137
9342 19196 1:0 10137
9342 16787 1:0 10165
9342 161 1:0 10165
9342 19176 1:0 10165
9342 145 1:0 10268
9342 19163 1:0 10268
9342 16813 1:0 10268
9342 19143 1:0 10296
9342 16844 1:0 10296
9342 143 1:0 10296
9342 19130 1:0 10399
9342 127 1:0 10399
9342 16870 1:0 10399
9342 125 1:0 10427
9342 16901 1:0 10427
9342 19110 1:0 10427
9342 19097 1:0 10530
9342 109 1:0 10530
9342 16927 1:0 10530
9342 19077 1:0 10530
9342 16958 1:0 10558
9342 107 1:0 10558
9342 16984 1:0 10661
9342 19064 1:0 10661
9342 91 1:0 10661
9342 17015 1:0 10689
9342 89 1:0 10689
9342 19044 1:0 10689
9343 19396 1:0 9343
9343 18934 21:0 9344
9343 265 21:0 9344
9343 19257 21:0 9345
9344 19132 21:0 9347
9345 19367 1:0 9379
9346 19220 21:0 9347
9346 19055 21:0 9347
9346 19253 21:0 9347
9346 19121 21:0 9347
9346 297 21:0 9347
9346 19088 21:0 9347
9346 18989 21:0 9347
9346 19385 21:0 9347
9346 185 21:0 9347
9346 273 21:0 9347
9346 277 21:0 9347
9346 279 21:0 9347
9346 291 21:0 9347
9346 275 21:0 9347
9346 19244 21:0 9347
9346 353 21:0 9347
9346 133 21:0 9347
9346 16384 21:0 9347
9346 16370 21:0 9347
9348 16409 1:0 9358
9348 353 1:0 9374
9348 16427 1:0 9374
9348 19385 1:0 9379
9348 16459 1:0 9468
9348 16463 1:0 9479
9348 16466 1:0 9489
9350 16406 21:0 9353
9351 19365 1:0 9462
9351 19366 1:0 9470
9352 267 21:0 9353
9352 19349 21:0 9353
9352 19087 21:0 9356
9354 19349 1:0 9482
9355 171 21:0 9356
9355 139 21:0 9356
9355 59 21:0 9356
9355 95 21:0 9356
9357 19087 1:0 9473
9357 19364 1:0 9480
9360 19395 1:0 9360
9360 16409 21:0 9381
9365 19389 1:0 9365
9377 19334 1:0 9510
9378 16493 1:0 9491
9378 16484 1:0 9491
9378 19244 1:0 9510
9378 16498 1:0 9510
9378 16516 1:0 9599
9378 16541 1:0 9618
9378 16552 1:0 9618
9378 16550 1:0 9622
9378 19319 1:0 9641
9378 73 1:0 10792
9378 19031 1:0 10792
9378 17041 1:0 10792
9378 17072 1:0 10820
9378 71 1:0 10820
9380 19384 1:0 9380
9380 263 21:0 9384
9383 271 21:0 9384
9383 16414 21:0 9384
9387 16427 21:0 9416
9389 19382 1:0 9389
9389 19383 1:0 9389
9389 19380 1:0 9389
9390 19132 1:0 9604
9390 16555 1:0 9641
9390 16609 1:0 9749
9415 19376 1:0 9415
9415 261 21:0 9419
9422 16436 21:0 9425
9424 259 21:0 9425
9432 16438 21:0 9435
9434 257 21:0 9435
9442 19375 1:0 9442
9442 16441 21:0 9459
9447 19369 1:0 9447
9458 255 21:0 9464
9463 16445 21:0 9464
9463 269 21:0 9464
9470 16459 21:0 9475
9472 19333 1:0 9593
9473 19332 1:0 9600
9473 19331 1:0 9611
9474 19363 1:0 9474
9474 247 21:0 9475
9481 16463 21:0 9484
9482 16520 1:0 9610
9482 19257 1:0 9613
9482 16523 1:0 9620
9482 19329 1:0 9621
9482 19301 1:0 9641
9482 16573 1:0 9730
9483 249 21:0 9484
9488 19299 1:0 9724
9490 19297 1:0 9735
9491 19362 1:0 9491
9491 16466 21:0 9512
9493 19011 1:0 10820
9496 19356 1:0 9496
9509 19300 1:0 9732
9510 17098 1:0 10923
9510 55 1:0 10923
9511 19351 1:0 9511
9511 245 21:0 9515
9514 16471 21:0 9515
9514 253 21:0 9515
9518 16484 21:0 9547
9520 19347 1:0 9520
9520 19350 1:0 9520
9521 16577 1:0 9741
9521 18934 1:0 9744
9521 16598 1:0 9753
9521 19286 1:0 9772
9521 18998 1:0 10923
9521 53 1:0 10951
9521 17129 1:0 10951
9546 19343 1:0 9546
9546 243 21:0 9550
9553 16493 21:0 9556
9555 241 21:0 9556
9563 16495 21:0 9566
9565 239 21:0 9566
9573 19342 1:0 9573
9573 16498 21:0 9590
9578 19336 1:0 9578
9589 237 21:0 9595
9594 251 21:0 9595
9594 16502 21:0 9595
9601 16516 21:0 9606
9603 19298 1:0 9742
9604 16580 1:0 9751
9604 16607 1:0 9753
9604 16612 1:0 9772
9604 19268 1:0 9772
9604 19215 1:0 9772
9604 16630 1:0 9861
9604 19145 1:0 9866
9604 185 1:0 9866
9604 16666 1:0 9875
9604 16664 1:0 9875
9604 16669 1:0 9875
9604 16655 1:0 9875
9605 19330 1:0 9605
9605 229 21:0 9606
9612 16520 21:0 9615
9613 19266 1:0 9855
9613 19267 1:0 9863
9614 231 21:0 9615
9616 139 1:0 9866
9621 19265 1:0 9873
9622 16523 21:0 9643
9624 16634 1:0 9872
9624 19253 1:0 9875
9624 171 1:0 9997
9624 18978 1:0 10951
9624 18965 1:0 11062
9624 37 1:0 11062
9624 17155 1:0 11062
9624 35 1:0 11082
9624 17186 1:0 11082
9627 19323 1:0 9627
9639 19116 1:0 9875
9642 19318 1:0 9642
9642 227 21:0 9646
9645 235 21:0 9646
9645 16528 21:0 9646
9649 16541 21:0 9678
9651 19314 1:0 9651
9651 19316 1:0 9651
9651 19317 1:0 9651
9652 19235 1:0 9903
9677 19310 1:0 9677
9677 225 21:0 9681
9684 16550 21:0 9687
9686 223 21:0 9687
9694 16552 21:0 9697
9696 221 21:0 9697
9704 19309 1:0 9704
9704 16555 21:0 9721
9709 19303 1:0 9709
9720 219 21:0 9726
9725 233 21:0 9726
9725 16559 21:0 9726
9732 16573 21:0 9737
9734 16637 1:0 9882
9734 175 1:0 9903
9734 19052 1:0 9903
9734 16687 1:0 9992
9734 19112 1:0 9997
9735 19234 1:0 9986
9735 19233 1:0 9993
9736 211 21:0 9737
9743 16577 21:0 9746
9744 16691 1:0 10003
9744 19232 1:0 10004
9744 19211 1:0 10006
9744 16723 1:0 10006
9744 16712 1:0 10006
9744 16726 1:0 10006
9744 16721 1:0 10006
9744 19220 1:0 10006
9744 16694 1:0 10013
9744 19182 1:0 10034
9744 69 1:0 10034
9744 16783 1:0 10137
9744 16778 1:0 10137
9744 18945 1:0 11082
9744 19 1:0 11188
9744 17212 1:0 11197
9744 18932 1:0 11199
9744 17 1:0 11276
9744 17243 1:0 11279
9745 213 21:0 9746
9750 19202 1:0 10034
9752 31 1:0 10128
9753 19296 1:0 9753
9753 16580 21:0 9774
9758 19290 1:0 9758
9771 19200 1:0 10117
9773 19285 1:0 9773
9773 209 21:0 9777
9776 217 21:0 9777
9776 16585 21:0 9777
9780 16598 21:0 9809
9782 19281 1:0 9782
9782 19284 1:0 9782
9782 19283 1:0 9782
9783 16744 1:0 10123
9783 13 1:0 10128
9783 33 1:0 10128
9783 16769 1:0 10137
9783 16780 1:0 10137
9808 19277 1:0 9808
9808 207 21:0 9812
9815 16607 21:0 9818
9817 205 21:0 9818
9825 16609 21:0 9828
9827 203 21:0 9828
9835 19276 1:0 9835
9835 16612 21:0 9852
9840 19270 1:0 9840
9851 201 21:0 9857
9856 16616 21:0 9857
9856 215 21:0 9857
9863 16630 21:0 9868
9865 19201 1:0 10125
9866 16748 1:0 10134
9866 19199 1:0 10135
9866 19187 1:0 10137
9866 51 1:0 10137
9866 29 1:0 10137
9866 16751 1:0 10144
9866 16801 1:0 10165
9866 16919 1:0 10165
9866 133 1:0 10259
9866 16837 1:0 10268
9866 16835 1:0 10268
9866 19154 1:0 10268
9866 19121 1:0 10399
9866 19088 1:0 10558
9866 19055 1:0 10661
9866 18912 1:0 11281
9867 19264 1:0 9867
9867 193 21:0 9868
9874 16634 21:0 9877
9875 19169 1:0 10165
9875 17029 1:0 10165
9876 195 21:0 9877
9878 19167 1:0 10248
9883 19168 1:0 10256
9884 19263 1:0 9884
9884 16637 21:0 9905
9886 17033 1:0 10259
9886 17090 1:0 10259
9901 16979 1:0 10259
9901 16808 1:0 10259
9904 19252 1:0 9904
9904 191 21:0 9908
9907 199 21:0 9908
9907 16642 21:0 9908
9911 16655 21:0 9940
9913 19248 1:0 9913
9913 19250 1:0 9913
9913 19251 1:0 9913
9914 19166 1:0 10266
9939 189 21:0 9943
9946 16664 21:0 9949
9948 187 21:0 9949
9956 16666 21:0 9959
9958 185 21:0 9959
9966 19243 1:0 9966
9966 16669 21:0 9983
9971 19237 1:0 9971
9982 183 21:0 9988
9987 16673 21:0 9988
9987 197 21:0 9988
9994 16687 21:0 9999
9996 16805 1:0 10265
9996 16865 1:0 10268
9996 17036 1:0 10268
9996 16840 1:0 10268
9996 16826 1:0 10268
9996 17143 1:0 10296
9996 16972 1:0 10296
9996 16858 1:0 10296
9996 16862 1:0 10296
9996 16883 1:0 10399
9996 16897 1:0 10399
9997 19136 1:0 10296
9997 19006 1:0 10390
9997 18951 1:0 10390
9997 16915 1:0 10399
9997 16892 1:0 10399
9997 16894 1:0 10399
9997 95 1:0 10521
9997 16949 1:0 10530
9997 19022 1:0 10792
9998 19231 1:0 9998
9998 175 21:0 9999
10005 16691 21:0 10008
10006 19135 1:0 10379
10006 19134 1:0 10386
10007 177 21:0 10008
10012 19133 1:0 10397
10014 19083 1:0 10399
10015 19230 1:0 10015
10015 16694 21:0 10036
10020 19224 1:0 10020
10033 19103 1:0 10427
10035 19219 1:0 10035
10035 173 21:0 10039
10038 16699 21:0 10039
10038 181 21:0 10039
10042 16712 21:0 10071
10044 19218 1:0 10044
10044 19217 1:0 10044
10045 19032 1:0 10427
10045 19065 1:0 10427
10070 171 21:0 10074
10077 16721 21:0 10080
10079 169 21:0 10080
10087 16723 21:0 10090
10089 167 21:0 10090
10097 19210 1:0 10097
10097 16726 21:0 10114
10102 19204 1:0 10102
10113 165 21:0 10119
10118 16730 21:0 10119
10118 179 21:0 10119
10125 16744 21:0 10130
10127 19101 1:0 10510
10128 19102 1:0 10518
10128 19079 1:0 10521
10128 19098 1:0 10521
10128 16922 1:0 10530
10128 16951 1:0 10530
10128 16940 1:0 10530
10128 16954 1:0 10530
10128 16997 1:0 10661
10128 17008 1:0 10661
10128 17006 1:0 10661
10128 59 1:0 10783
10129 19198 1:0 10129
10129 157 21:0 10130
10136 16748 21:0 10139
10137 19100 1:0 10528
10137 19085 1:0 10530
10140 19070 1:0 10558
10143 19078 1:0 10558
10143 19072 1:0 10558
10143 19054 1:0 10652
10146 19197 1:0 10146
10146 16751 21:0 10167
10151 19191 1:0 10151
10164 19068 1:0 10641
10166 19186 1:0 10166
10166 16756 21:0 10167
10173 16769 21:0 10202
10175 19184 1:0 10175
10175 19185 1:0 10175
10176 19012 1:0 10652
10176 17011 1:0 10661
10176 17068 1:0 10792
10176 17063 1:0 10792
10176 17065 1:0 10792
10176 18989 1:0 10923
10201 19178 1:0 10201
10208 16778 21:0 10211
10218 16780 21:0 10221
10228 19177 1:0 10228
10228 16783 21:0 10245
10233 19171 1:0 10233
10244 16787 21:0 10245
10256 16801 21:0 10261
10258 19069 1:0 10649
10259 16976 1:0 10658
10259 19067 1:0 10659
10259 19026 1:0 10661
10259 19053 1:0 10689
10260 19165 1:0 10260
10267 16805 21:0 10270
10268 19037 1:0 10689
10268 19039 1:0 10689
10271 19036 1:0 10772
10274 17086 1:0 10792
10277 19164 1:0 10277
10277 16808 21:0 10298
10279 19035 1:0 10779
10282 19158 1:0 10282
10294 19033 1:0 10783
10295 19020 1:0 10783
10295 17054 1:0 10792
10295 17120 1:0 10923
10295 17111 1:0 10923
10295 17122 1:0 10923
10295 18956 1:0 11082
10297 19153 1:0 10297
10297 16813 21:0 10298
10304 16826 21:0 10333
10306 19149 1:0 10306
10306 19151 1:0 10306
10306 19152 1:0 10306
10307 19013 1:0 10792
10339 16835 21:0 10342
10349 16837 21:0 10352
10359 19144 1:0 10359
10359 16840 21:0 10376
10364 19138 1:0 10364
10375 16844 21:0 10376
10387 16858 21:0 10392
10389 19034 1:0 10790
10390 19017 1:0 10820
10390 19004 1:0 10820
10390 19021 1:0 10820
10390 19000 1:0 10914
10398 16862 21:0 10401
10399 19003 1:0 10903
10399 19002 1:0 10910
10402 18979 1:0 10914
10405 17093 1:0 10923
10408 19131 1:0 10408
10408 16865 21:0 10429
10410 19001 1:0 10921
10413 19125 1:0 10413
10425 17125 1:0 10923
10425 17182 1:0 11062
10425 17177 1:0 11062
10425 17179 1:0 11062
10425 18923 1:0 11213
10426 18984 1:0 10923
10426 18999 1:0 10931
10428 19120 1:0 10428
10428 16870 21:0 10429
10435 16883 21:0 10464
10437 19119 1:0 10437
10437 19118 1:0 10437
10438 18986 1:0 10951
10438 17147 1:0 11051
10470 16892 21:0 10473
10480 16894 21:0 10483
10490 19111 1:0 10490
10490 16897 21:0 10507
10495 19105 1:0 10495
10506 16901 21:0 10507
10518 16915 21:0 10523
10520 18971 1:0 10951
10521 18970 1:0 11034
10521 18967 1:0 11045
10521 18947 1:0 11045
10521 18940 1:0 11054
10522 19099 1:0 10522
10529 16919 21:0 10532
10530 18969 1:0 11041
10530 18968 1:0 11052
10538 18938 1:0 11082
10539 16922 21:0 10560
10541 18953 1:0 11082
10544 19092 1:0 10544
10556 17150 1:0 11061
10556 17168 1:0 11082
10556 17225 1:0 11188
10556 17234 1:0 11208
10556 7 1:0 11213
10557 17200 1:0 11171
10557 18927 1:0 11176
10559 16927 21:0 10560
10566 16940 21:0 10595
10568 19086 1:0 10568
10569 17204 1:0 11182
10601 16949 21:0 10604
10611 16951 21:0 10614
10621 16954 21:0 10638
10637 16958 21:0 10638
10649 16972 21:0 10654
10651 18937 1:0 11165
10652 18936 1:0 11172
10652 18935 1:0 11183
10653 19066 1:0 10653
10660 16976 21:0 10663
10661 18913 1:0 11185
10661 18933 1:0 11188
10661 17207 1:0 11188
10661 9 1:0 11188
10661 18918 1:0 11188
10661 18920 1:0 11213
10661 18914 1:0 11213
10661 18922 1:0 11213
10661 18921 1:0 11222
10661 5 1:0 11259
10661 17236 1:0 11264
10661 3 1:0 11267
10661 17239 1:0 11274
10664 157 1:0 11972
10667 336 1:0 11267
10667 337 1:0 11294
10670 16979 21:0 10691
10675 19059 1:0 10675
10690 16984 21:0 10691
10697 16997 21:0 10726
10699 19050 1:0 10699
10725 19046 1:0 10725
10732 17006 21:0 10735
10742 17008 21:0 10745
10752 19045 1:0 10752
10752 17011 21:0 10769
10768 17015 21:0 10769
10780 17029 21:0 10785
10791 17033 21:0 10794
10801 17036 21:0 10822
10821 17041 21:0 10822
10828 17054 21:0 10857
10830 19019 1:0 10830
10863 17063 21:0 10866
10873 17065 21:0 10876
10883 17068 21:0 10900
10899 17072 21:0 10900
10911 17086 21:0 10916
10922 17090 21:0 10925
10932 17093 21:0 10953
10937 18993 1:0 10937
10952 18988 1:0 10952
10952 17098 21:0 10953
10959 17111 21:0 10988
10961 18987 1:0 10961
10987 18980 1:0 10987
10994 17120 21:0 10997
11004 17122 21:0 11007
11014 17125 21:0 11031
11019 18973 1:0 11019
11030 17129 21:0 11031
11042 17143 21:0 11047
11053 17147 21:0 11056
11063 18966 1:0 11063
11063 17150 21:0 11084
11068 18960 1:0 11068
11083 18955 1:0 11083
11083 17155 21:0 11084
11090 17168 21:0 11119
11092 18954 1:0 11092
11125 17177 21:0 11128
11135 17179 21:0 11138
11145 18946 1:0 11145
11145 17182 21:0 11162
11161 17186 21:0 11162
11173 17200 21:0 11178
11184 17204 21:0 11187
11194 17207 21:0 11215
11214 17212 21:0 11215
11221 17225 21:0 11250
11256 17234 21:0 11259
11266 17236 21:0 11269
11281 17243 21:0 11282
11292 336 21:0 11310
11309 17239 21:0 11314
11313 17 21:0 11314
11313 5 21:0 11314
11313 20563 21:0 11314
11314 20565 21:0 11347
11346 7 21:0 11347
11346 3 21:0 11347
11346 20574 21:0 11347
11354 20583 21:0 11355
11355 20584 21:0 11358
11357 20573 21:0 11358
11357 20569 21:0 11360
11358 11 21:0 11358
11359 19 21:0 11360
11360 20586 21:0 11368
11363 20585 21:0 11363
11367 20587 21:0 11418
11368 13 21:0 11368
11382 21 21:0 11382
11417 20588 21:0 11434
11418 20607 21:0 11418
11433 20589 21:0 11444
11434 29 21:0 11434
11439 33 21:0 11439
11443 20619 21:0 11485
11458 39 21:0 11458
11466 20631 21:0 11466
11484 20621 21:0 11510
11494 20640 21:0 11494
11494 20635 21:0 11494
11509 20620 21:0 11515
11514 20622 21:0 11534
11531 20663 21:0 11531
11533 20652 21:0 11586
11538 59 21:0 11538
11570 20673 21:0 11570
11570 20670 21:0 11570
11575 20672 21:0 11575
11585 20653 21:0 11591
11590 20654 21:0 11610
11596 67 21:0 11596
11607 20696 21:0 11607
11609 20655 21:0 11662
11646 20706 21:0 11646
11646 20704 21:0 11646
11653 20690 21:0 11653
11661 20685 21:0 11667
11666 20686 21:0 11672
11671 20687 21:0 11738
11686 93 21:0 11686
11727 99 21:0 11727
11737 20688 21:0 11743
11742 20718 21:0 11748
11743 105 21:0 11743
11743 20750 21:0 11743
11747 20719 21:0 11803
11750 20743 21:0 11750
11759 20762 21:0 11759
11762 111 21:0 11762
11770 20763 21:0 11770
11798 20769 21:0 11798
11798 20767 21:0 11798
11798 20770 21:0 11798
11802 20720 21:0 11819
11803 20771 21:0 11803
11805 20756 21:0 11805
11811 20782 21:0 11811
11814 119 21:0 11814
11818 20721 21:0 11824
11819 20783 21:0 11819
11823 20751 21:0 11879
11826 20776 21:0 11826
11835 20795 21:0 11835
11846 20796 21:0 11846
11874 20805 21:0 11874
11874 20802 21:0 11874
11874 20800 21:0 11874
11874 20803 21:0 11874
11878 20752 21:0 11895
11879 20804 21:0 11879
11881 20789 21:0 11881
11887 20815 21:0 11887
11894 20753 21:0 11900
11895 141 21:0 11895
11895 20816 21:0 11895
11899 20754 21:0 11950
11900 139 21:0 11900
11902 20809 21:0 11902
11911 20828 21:0 11911
11914 147 21:0 11914
11918 149 21:0 11918
11922 20829 21:0 11922
11949 20784 21:0 11966
11950 20838 21:0 11950
11950 20833 21:0 11950
11950 20836 21:0 11950
11950 20835 21:0 11950
11955 20837 21:0 11955
11957 20822 21:0 11957
11963 20848 21:0 11963
11965 20785 21:0 11976
11971 20849 21:0 11971
11975 165 1:0 11986
11975 20786 21:0 11998
11978 20842 21:0 11978
11984 179 1:0 11985
11987 20861 21:0 11987
11989 167 1:0 11990
11990 165 21:0 11990
11993 169 1:0 11994
11997 20787 21:0 12042
11998 20862 21:0 11998
12025 171 1:0 12027
12026 20868 21:0 12026
12026 20869 21:0 12026
12026 20866 21:0 12026
12030 173 1:0 12038
12031 20870 21:0 12031
12033 20855 21:0 12033
12037 181 1:0 12037
12039 20881 21:0 12039
12041 177 1:0 12043
12041 20817 21:0 12047
12046 175 1:0 12048
12046 20819 21:0 12066
12047 20882 21:0 12047
12051 183 1:0 12062
12052 175 21:0 12052
12054 20875 21:0 12054
12061 197 1:0 12061
12063 20894 21:0 12063
12065 185 1:0 12066
12065 20818 21:0 12118
12066 183 21:0 12066
12069 187 1:0 12070
12074 20895 21:0 12074
12101 189 1:0 12103
12102 20902 21:0 12102
12102 20901 21:0 12102
12102 20899 21:0 12102
12106 191 1:0 12114
12107 20903 21:0 12107
12109 20888 21:0 12109
12113 199 1:0 12113
12115 20914 21:0 12115
12117 195 1:0 12119
12117 20820 21:0 12123
12122 193 1:0 12124
12122 20850 21:0 12128
12123 20915 21:0 12123
12127 201 1:0 12138
12127 20851 21:0 12194
12130 20908 21:0 12130
12137 215 1:0 12137
12139 20927 21:0 12139
12141 203 1:0 12142
12142 201 21:0 12142
12145 205 1:0 12146
12150 205 21:0 12150
12150 20928 21:0 12150
12177 207 1:0 12179
12178 20932 21:0 12178
12178 20935 21:0 12178
12178 20934 21:0 12178
12182 209 1:0 12190
12183 20936 21:0 12183
12185 20921 21:0 12185
12189 217 1:0 12189
12191 20947 21:0 12191
12193 213 1:0 12195
12193 20852 21:0 12199
12194 209 21:0 12194
12198 211 1:0 12200
12198 20853 21:0 12204
12199 20948 21:0 12199
12203 219 1:0 12214
12203 20883 21:0 12270
12204 211 21:0 12204
12206 20941 21:0 12206
12213 233 1:0 12213
12215 20960 21:0 12215
12217 221 1:0 12218
12221 223 1:0 12222
12226 20961 21:0 12226
12240 353 21:0 12240
12253 225 1:0 12255
12254 20967 21:0 12254
12254 20965 21:0 12254
12254 20968 21:0 12254
12258 227 1:0 12266
12259 20969 21:0 12259
12261 20954 21:0 12261
12265 235 1:0 12265
12267 20980 21:0 12267
12269 231 1:0 12271
12269 20884 21:0 12275
12274 229 1:0 12276
12274 20885 21:0 12280
12275 20981 21:0 12275
12279 237 1:0 12290
12279 20886 21:0 12335
12280 229 21:0 12280
12282 20974 21:0 12282
12284 353 1:0 12284
12289 251 1:0 12289
12291 20993 21:0 12291
12293 239 1:0 12294
12297 241 1:0 12298
12302 20994 21:0 12302
12329 243 1:0 12331
12330 20998 21:0 12330
12330 21000 21:0 12330
12330 21001 21:0 12330
12334 245 1:0 12342
12334 20916 21:0 12351
12335 243 21:0 12335
12335 21002 21:0 12335
12337 20987 21:0 12337
12341 253 1:0 12341
12343 21013 21:0 12343
12345 249 1:0 12347
12346 21014 21:0 12346
12346 245 21:0 12346
12348 21014 1:0 12348
12350 247 1:0 12352
12350 20917 21:0 12356
12351 249 21:0 12351
12351 21014 21:0 12351
12355 255 1:0 12366
12355 20918 21:0 12411
12356 247 21:0 12356
12358 21007 21:0 12358
12365 269 1:0 12365
12367 21026 21:0 12367
12369 257 1:0 12370
12373 259 1:0 12374
12374 257 21:0 12374
12378 259 21:0 12378
12378 21027 21:0 12378
12392 353 21:0 12392
12405 261 1:0 12407
12406 21031 21:0 12406
12406 21033 21:0 12406
12406 21034 21:0 12406
12410 263 1:0 12418
12410 20919 21:0 12427
12411 21035 21:0 12411
12413 21020 21:0 12413
12417 271 1:0 12417
12419 21040 21:0 12419
12419 21046 21:0 12419
12421 267 1:0 12423
12422 21047 21:0 12422
12422 263 21:0 12422
12424 21047 1:0 12424
12424 21049 21:0 12424
12424 21048 21:0 12424
12426 265 1:0 12428
12426 20949 21:0 12432
12427 267 21:0 12427
12427 21047 21:0 12427
12428 21049 1:0 12428
12429 21049 21:0 12429
12429 21050 21:0 12429
12431 273 1:0 12442
12431 20950 21:0 12482
12432 265 21:0 12432
12432 21051 21:0 12432
12433 21040 1:0 12433
12434 21040 21:0 12434
12436 353 1:0 12436
12441 287 1:0 12441
12443 21059 21:0 12443
12445 275 1:0 12446
12446 273 21:0 12446
12449 277 1:0 12450
12450 275 21:0 12450
12454 277 21:0 12454
12454 21060 21:0 12454
12468 353 21:0 12468
12481 279 1:0 12483
12481 20952 21:0 12498
12482 21069 21:0 12482
12482 21066 21:0 12482
12482 21064 21:0 12482
12482 21067 21:0 12482
12486 281 1:0 12494
12487 279 21:0 12487
12487 21068 21:0 12487
12489 21053 21:0 12489
12493 289 1:0 12493
12495 21079 21:0 12495
12495 21073 21:0 12495
12497 285 1:0 12499
12497 20951 21:0 12508
12498 21080 21:0 12498
12498 281 21:0 12498
12500 21080 1:0 12500
12500 21081 21:0 12500
12502 283 1:0 12504
12503 285 21:0 12503
12503 21080 21:0 12503
12505 21082 21:0 12505
12505 21083 21:0 12505
12507 291 1:0 12518
12507 20982 21:0 12526
12508 21084 21:0 12508
12509 21073 1:0 12509
12512 353 1:0 12512
12517 305 1:0 12517
12521 293 1:0 12522
12525 295 1:0 12526
12525 20983 21:0 12574
12557 297 1:0 12559
12562 299 1:0 12570
12569 307 1:0 12569
12573 303 1:0 12575
12573 20984 21:0 12579
12574 21113 21:0 12574
12576 21113 1:0 12576
12576 21114 21:0 12576
12578 301 1:0 12580
12578 20572 21:0 12584
12581 21115 21:0 12581
12581 21116 21:0 12581
12583 337 21:0 12584
12583 20571 21:0 12584
12583 309 1:0 12594
12583 20564 21:0 12598
12584 21117 21:0 12584
12593 323 1:0 12593
12597 311 1:0 12598
12597 20985 21:0 12650
12601 313 1:0 12602
12633 315 1:0 12635
12638 317 1:0 12646
12645 325 1:0 12645
12649 321 1:0 12651
12649 21015 21:0 12655
12650 21146 21:0 12650
12652 21146 1:0 12652
12652 21147 21:0 12652
12654 319 1:0 12656
12654 21016 21:0 12660
12659 329 1:0 12671
12659 159 21:0 12675
12668 327 1:0 12668
12674 21036 21:0 12675
12674 207 21:0 12675
12674 20772 21:0 12675
12674 151 21:0 12675
12674 97 21:0 12675
12674 15605 1:0 12677
12674 20739 21:0 12680
12679 21045 21:0 12680
12679 20926 21:0 12680
12679 20959 21:0 12680
12679 20616 21:0 12680
12679 20748 21:0 12680
12679 20946 21:0 12680
12679 215 21:0 12680
12679 20728 21:0 12680
12679 20979 21:0 12680
12679 21025 21:0 12680
12679 20761 21:0 12680
12679 20893 21:0 12680
12679 20827 21:0 12680
12679 20596 21:0 12680
12679 20629 21:0 12680
12679 20662 21:0 12680
12679 20814 21:0 12680
12679 20860 21:0 12680
12679 20649 21:0 12680
12679 20781 21:0 12680
12679 20794 21:0 12680
12679 20695 21:0 12680
12679 20847 21:0 12680
12679 20913 21:0 12680
12679 20682 21:0 12680
12680 21160 21:0 12690
12689 16215 1:0 12691
12689 21017 21:0 12716
12696 16219 1:0 12696
12715 16231 1:0 12717
12715 21018 21:0 12724
12723 20617 21:0 12724
12723 20578 21:0 12727
12726 20738 21:0 12727
12726 20644 21:0 12727
12726 16235 1:0 12728
12726 20604 21:0 12733
12730 21147 1:0 12730
12732 20736 21:0 12733
12732 20701 21:0 12733
12732 20683 21:0 12736
12735 20657 21:0 12736
12735 20684 21:0 12736
12735 16238 1:0 12738
12735 20605 21:0 12761
12743 16243 1:0 12743
12760 20591 21:0 12770
12763 16256 1:0 12765
12769 20651 21:0 12815
12798 16265 1:0 12800
12807 16267 1:0 12810
12814 20597 21:0 12818
12817 16270 1:0 12820
12817 20624 21:0 12844
12825 16274 1:0 12825
12843 21117 1:0 12843
12843 20749 21:0 12844
12843 20637 21:0 12844
12843 20703 21:0 12847
12846 20717 21:0 12847
12846 20611 21:0 12847
12846 16288 1:0 12848
12846 20618 21:0 12855
12850 21115 1:0 12850
12851 21116 1:0 12851
12854 20630 21:0 12855
12854 20664 21:0 12855
12854 20705 21:0 12858
12857 20671 21:0 12858
12857 20737 21:0 12858
12857 16292 1:0 12859
12857 20710 21:0 12864
12861 21114 1:0 12861
12863 20697 21:0 12864
12863 20677 21:0 12864
12863 20606 21:0 12867
12866 20602 21:0 12867
12866 20734 21:0 12867
12866 16295 1:0 12869
12866 20598 21:0 12892
12874 16300 1:0 12874
12891 20668 21:0 12927
12894 16313 1:0 12896
12926 20723 21:0 12946
12929 16322 1:0 12931
12938 16324 1:0 12941
12945 20729 21:0 12949
12948 16327 1:0 12951
12948 20716 21:0 12975
12956 16331 1:0 12956
12974 21084 1:0 12974
12974 20638 21:0 12975
12974 20650 21:0 12975
12974 16295 21:0 12978
12977 16270 21:0 12978
12977 16322 21:0 12978
12977 16324 21:0 12978
12977 16288 21:0 12978
12977 16292 21:0 12978
12977 16235 21:0 12978
12977 16231 21:0 12978
12977 16238 21:0 12978
12977 16313 21:0 12978
12977 16345 1:0 12979
12977 16267 21:0 12980
12979 15605 21:0 12981
12980 20715 21:0 12981
12980 35 21:0 12981
12980 287 21:0 12981
12980 125 21:0 12981
12980 145 21:0 12981
12980 197 21:0 12981
12980 271 21:0 12981
12980 91 21:0 12981
12980 179 21:0 12981
12980 253 21:0 12981
12980 143 21:0 12981
12980 109 21:0 12981
12980 55 21:0 12981
12980 89 21:0 12981
12980 73 21:0 12981
12980 235 21:0 12981
12980 269 21:0 12981
12980 163 21:0 12981
12980 327 21:0 12981
12980 323 21:0 12981
12980 325 21:0 12981
12980 251 21:0 12981
12980 21162 21:0 12981
12980 71 21:0 12981
12980 161 21:0 12981
12980 107 21:0 12981
12980 37 21:0 12981
12980 21078 21:0 12981
12980 199 21:0 12981
12980 16219 21:0 12981
12980 127 21:0 12981
12980 233 21:0 12981
12980 181 21:0 12981
12980 16243 21:0 12981
12980 53 21:0 12981
12980 217 21:0 12981
12980 305 21:0 12981
12980 307 21:0 12981
12980 289 21:0 12981
12980 16274 21:0 12981
12980 16300 21:0 12981
12980 16331 21:0 12981
12980 21012 21:0 12981
12980 21058 21:0 12981
12980 20880 21:0 12981
12980 20992 21:0 12981
12981 21082 1:0 12981
12981 16345 21:0 12986
12982 21083 1:0 12982
12985 21080 1:0 12985
12985 317 21:0 12986
12985 319 21:0 12986
12985 321 21:0 12986
12985 301 21:0 12986
12985 303 21:0 12986
12985 299 21:0 12989
12987 285 1:0 12987
12988 155 21:0 12989
12988 101 21:0 12989
12988 329 21:0 12989
12988 16215 21:0 12989
12988 16256 21:0 12989
12988 16265 21:0 12989
12988 16327 21:0 12989
12988 283 21:0 12989
12988 195 21:0 12989
12988 16349 1:0 12990
12988 313 21:0 12992
12992 21081 1:0 12992
12992 16349 21:0 12995
12994 49 21:0 12995
12994 85 21:0 12995
12994 285 21:0 12995
12994 173 21:0 12995
12994 83 21:0 12998
12996 281 1:0 12996
12997 311 21:0 12998
12997 315 21:0 12998
12997 309 21:0 12998
12997 295 21:0 12998
12997 213 21:0 12998
12997 231 21:0 12998
12997 65 21:0 12998
12997 123 21:0 12998
12997 121 21:0 12998
12997 16352 1:0 13000
12997 293 21:0 13001
13000 20970 21:0 13002
13002 21079 1:0 13002
13002 289 1:0 13002
13002 16352 21:0 13023
13005 16357 1:0 13005
13007 21078 1:0 13007
13022 21068 1:0 13022
13022 281 21:0 13026
13024 279 1:0 13024
13025 137 21:0 13026
13025 16370 1:0 13027
13025 103 21:0 13061
13031 21069 1:0 13031
13031 21066 1:0 13031
13031 21064 1:0 13031
13031 21067 1:0 13031
13057 21060 1:0 13057
13059 277 1:0 13059
13060 16379 1:0 13062
13060 69 21:0 13077
13068 275 1:0 13068
13069 16381 1:0 13072
13076 31 21:0 13077
13076 51 21:0 13080
13078 273 1:0 13078
13078 16384 1:0 13082
13079 47 21:0 13080
13079 87 21:0 13106
13081 287 1:0 13084
13081 16388 1:0 13087
13081 21058 1:0 13089
13081 16402 1:0 13110
13081 16438 1:0 13129
13081 16427 1:0 13133
13081 16436 1:0 13133
13081 21045 1:0 13133
13081 271 1:0 13133
13081 16414 1:0 13133
13081 21036 1:0 13152
13081 21025 1:0 13152
13081 16445 1:0 13152
13081 269 1:0 13152
13081 20992 1:0 13255
13081 253 1:0 13255
13081 16471 1:0 13255
13081 21012 1:0 13255
13081 16502 1:0 13283
13081 251 1:0 13283
13081 235 1:0 13386
13081 20970 1:0 13386
13081 16528 1:0 13386
13081 20979 1:0 13386
13081 16559 1:0 13414
13081 233 1:0 13414
13081 20959 1:0 13414
13081 20946 1:0 13517
13081 217 1:0 13517
13081 16585 1:0 13517
13081 215 1:0 13545
13081 16616 1:0 13545
13081 20926 1:0 13545
13081 20913 1:0 13648
13081 16642 1:0 13648
13081 199 1:0 13648
13081 20893 1:0 13676
13081 16673 1:0 13676
13081 197 1:0 13676
13081 16699 1:0 13779
13081 181 1:0 13779
13081 20880 1:0 13779
13081 20860 1:0 13807
13081 16730 1:0 13807
13081 179 1:0 13807
13081 163 1:0 13910
13081 20847 1:0 13910
13081 16756 1:0 13910
13081 161 1:0 13938
13081 16787 1:0 13938
13081 20827 1:0 13938
13081 16813 1:0 14041
13081 145 1:0 14041
13081 20814 1:0 14041
13081 20794 1:0 14069
13081 143 1:0 14069
13081 16844 1:0 14069
13081 127 1:0 14177
13081 20781 1:0 14177
13081 16870 1:0 14177
13081 16901 1:0 14195
13081 125 1:0 14195
13081 20761 1:0 14195
13081 109 1:0 14303
13081 16927 1:0 14303
13081 20748 1:0 14303
13081 107 1:0 14331
13081 20728 1:0 14331
13081 16958 1:0 14331
13081 16984 1:0 14434
13081 20715 1:0 14434
13081 91 1:0 14434
13081 89 1:0 14462
13081 17015 1:0 14462
13084 21059 1:0 13084
13086 16406 1:0 13121
13086 16409 1:0 13131
13089 21053 1:0 13089
13101 16441 1:0 13152
13101 16495 1:0 13255
13101 16493 1:0 13255
13105 21051 1:0 13105
13105 157 21:0 13106
13105 227 21:0 13106
13105 16384 21:0 13106
13105 193 21:0 13106
13105 16370 21:0 13106
13105 291 21:0 13106
13105 15 21:0 13106
13105 16379 21:0 13106
13105 16381 21:0 13106
13105 297 21:0 13106
13105 279 21:0 13109
13107 265 1:0 13107
13108 115 21:0 13109
13108 167 21:0 13109
13108 133 21:0 13109
13108 117 21:0 13109
13108 63 21:0 13109
13108 75 21:0 13109
13108 171 21:0 13109
13108 77 21:0 13109
13108 57 21:0 13109
13108 237 21:0 13109
13108 113 21:0 13109
13108 221 21:0 13109
13108 16357 21:0 13109
13108 20937 21:0 13109
13108 45 21:0 13109
13108 41 21:0 13109
13108 16388 21:0 13109
13108 261 21:0 13109
13108 9 21:0 13109
13108 131 21:0 13109
13108 169 21:0 13109
13108 189 21:0 13109
13108 273 21:0 13109
13108 289 21:0 13109
13108 185 21:0 13109
13108 287 21:0 13109
13108 21003 21:0 13109
13108 23 21:0 13109
13108 187 21:0 13109
13108 275 21:0 13109
13108 129 21:0 13109
13108 277 21:0 13109
13108 153 21:0 13109
13108 241 21:0 13109
13108 81 21:0 13109
13108 239 21:0 13109
13108 353 21:0 13109
13108 43 21:0 13109
13108 27 21:0 13109
13108 255 21:0 13109
13108 20871 21:0 13109
13108 20904 21:0 13109
13108 219 21:0 13109
13108 61 21:0 13109
13108 225 21:0 13109
13108 95 21:0 13109
13108 79 21:0 13109
13110 261 1:0 13129
13110 225 1:0 13129
13110 255 1:0 13129
13110 353 1:0 13129
13110 115 1:0 13129
13110 129 1:0 13241
13110 167 1:0 13241
13110 27 1:0 13241
13110 117 1:0 13243
13110 239 1:0 13243
13110 189 1:0 13243
13110 153 1:0 13243
13110 219 1:0 13243
13110 185 1:0 13243
13110 81 1:0 13243
13110 241 1:0 13246
13110 21003 1:0 13253
13110 20937 1:0 13517
13112 21049 1:0 13112
13112 16402 21:0 13117
13113 21050 1:0 13113
13114 21018 1:0 13152
13115 21017 1:0 13235
13115 21016 1:0 13242
13116 21047 1:0 13116
13116 20730 21:0 13117
13116 265 21:0 13117
13116 20639 21:0 13118
13117 177 21:0 13120
13118 267 1:0 13118
13118 20730 1:0 13124
13119 203 21:0 13120
13119 135 21:0 13120
13119 191 21:0 13120
13119 25 21:0 13120
13119 223 21:0 13120
13119 20639 1:0 13124
13121 135 1:0 13129
13121 223 1:0 13129
13121 25 1:0 13129
13121 191 1:0 13129
13121 203 1:0 13129
13121 16459 1:0 13241
13123 21048 1:0 13123
13123 16406 21:0 13126
13124 177 1:0 13241
13124 16463 1:0 13252
13124 21015 1:0 13253
13124 227 1:0 13255
13124 207 1:0 13255
13124 16498 1:0 13255
13124 16484 1:0 13255
13124 171 1:0 13255
13124 237 1:0 13255
13124 45 1:0 13255
13124 16466 1:0 13262
13124 193 1:0 13283
13124 87 1:0 13283
13124 221 1:0 13377
13124 16550 1:0 13386
13124 16555 1:0 13386
13124 16552 1:0 13386
13124 187 1:0 13508
13125 267 21:0 13126
13127 263 1:0 13127
13130 20985 1:0 13283
13132 157 1:0 13283
13133 21046 1:0 13133
13133 16409 21:0 13154
13135 20695 1:0 14462
13138 21040 1:0 13138
13151 20984 1:0 13366
13152 17041 1:0 14565
13152 73 1:0 14565
13153 21035 1:0 13153
13153 263 21:0 13157
13156 271 21:0 13157
13156 16414 21:0 13157
13160 16427 21:0 13189
13162 21031 1:0 13162
13162 21033 1:0 13162
13162 21034 1:0 13162
13163 16516 1:0 13372
13163 51 1:0 13377
13163 231 1:0 13377
13163 16541 1:0 13386
13163 20904 1:0 13648
13163 17072 1:0 14593
13163 71 1:0 14593
13188 21027 1:0 13188
13188 261 21:0 13192
13190 259 1:0 13190
13195 16436 21:0 13198
13197 259 21:0 13198
13199 257 1:0 13199
13205 16438 21:0 13208
13207 257 21:0 13208
13215 21026 1:0 13215
13215 16441 21:0 13232
13220 21020 1:0 13220
13231 255 21:0 13237
13236 269 21:0 13237
13236 16445 21:0 13237
13238 247 1:0 13238
13243 16459 21:0 13248
13245 20983 1:0 13373
13246 47 1:0 13377
13246 16520 1:0 13383
13246 20982 1:0 13384
13246 31 1:0 13386
13246 69 1:0 13386
13246 103 1:0 13414
13246 137 1:0 13414
13246 121 1:0 13414
13247 21014 1:0 13247
13247 247 21:0 13248
13249 249 1:0 13249
13254 16463 21:0 13257
13255 16523 1:0 13393
13255 20951 1:0 13414
13256 249 21:0 13257
13258 245 1:0 13258
13258 20952 1:0 13497
13263 20950 1:0 13504
13264 21013 1:0 13264
13264 16466 21:0 13285
13266 16573 1:0 13503
13266 213 1:0 13508
13269 21007 1:0 13269
13272 20682 1:0 14565
13273 20662 1:0 14593
13281 123 1:0 13508
13281 65 1:0 13508
13282 16577 1:0 13514
13282 16598 1:0 13517
13282 85 1:0 13517
13282 83 1:0 13517
13282 16612 1:0 13517
13282 16607 1:0 13517
13282 16609 1:0 13517
13282 169 1:0 13639
13282 16669 1:0 13648
13282 16666 1:0 13648
13283 55 1:0 14696
13283 17098 1:0 14696
13284 21002 1:0 13284
13284 245 21:0 13288
13286 243 1:0 13286
13287 16471 21:0 13288
13287 253 21:0 13288
13291 16484 21:0 13320
13293 20998 1:0 13293
13293 21000 1:0 13293
13293 21001 1:0 13293
13294 16580 1:0 13524
13294 195 1:0 13545
13294 49 1:0 13545
13294 16664 1:0 13648
13294 131 1:0 13770
13294 20871 1:0 13777
13294 16721 1:0 13779
13294 16723 1:0 13779
13294 20649 1:0 14696
13294 53 1:0 14724
13294 17129 1:0 14724
13319 20994 1:0 13319
13319 243 21:0 13323
13326 16493 21:0 13329
13328 241 21:0 13329
13336 16495 21:0 13339
13338 239 21:0 13339
13346 20993 1:0 13346
13346 16498 21:0 13363
13351 20987 1:0 13351
13362 237 21:0 13368
13367 16502 21:0 13368
13367 251 21:0 13368
13369 229 1:0 13369
13374 16516 21:0 13379
13376 20949 1:0 13515
13377 20919 1:0 13545
13377 173 1:0 13545
13377 16630 1:0 13634
13377 159 1:0 13639
13377 155 1:0 13639
13377 101 1:0 13639
13377 16655 1:0 13648
13377 17090 1:0 13648
13377 20772 1:0 14200
13377 20629 1:0 14724
13377 37 1:0 14827
13377 17155 1:0 14827
13377 20616 1:0 14827
13377 35 1:0 14855
13377 17186 1:0 14855
13378 20981 1:0 13378
13378 229 21:0 13379
13385 16520 21:0 13388
13386 20918 1:0 13628
13386 20917 1:0 13635
13387 231 21:0 13388
13392 20916 1:0 13646
13394 17143 1:0 13648
13395 20980 1:0 13395
13395 16523 21:0 13416
13397 16634 1:0 13645
13397 16637 1:0 13655
13400 20974 1:0 13400
13412 16694 1:0 13676
13412 16919 1:0 13676
13415 20969 1:0 13415
13415 227 21:0 13419
13418 235 21:0 13419
13418 16528 21:0 13419
13422 16541 21:0 13451
13424 20967 1:0 13424
13424 20965 1:0 13424
13424 20968 1:0 13424
13425 20886 1:0 13676
13450 20961 1:0 13450
13450 225 21:0 13454
13457 16550 21:0 13460
13459 223 21:0 13460
13467 16552 21:0 13470
13469 221 21:0 13470
13477 20960 1:0 13477
13477 16555 21:0 13494
13482 20954 1:0 13482
13493 219 21:0 13499
13498 16559 21:0 13499
13498 233 21:0 13499
13500 211 1:0 13500
13505 16573 21:0 13510
13507 16805 1:0 13676
13507 16687 1:0 13765
13507 17036 1:0 13770
13507 17150 1:0 13770
13507 16858 1:0 13770
13507 16691 1:0 13776
13507 16726 1:0 13779
13507 16712 1:0 13779
13507 151 1:0 13901
13507 16783 1:0 13910
13507 16780 1:0 13910
13507 16778 1:0 13910
13507 133 1:0 14032
13508 20885 1:0 13759
13508 20884 1:0 13766
13509 20948 1:0 13509
13509 211 21:0 13510
13516 16577 21:0 13519
13517 20883 1:0 13777
13517 16801 1:0 13779
13517 17033 1:0 13779
13518 213 21:0 13519
13520 209 1:0 13520
13520 20853 1:0 13807
13523 16922 1:0 13807
13523 16976 1:0 13807
13523 16865 1:0 13807
13523 16748 1:0 13807
13523 16808 1:0 13901
13525 20650 1:0 13901
13526 20947 1:0 13526
13526 16580 21:0 13547
13528 20596 1:0 14855
13531 20941 1:0 13531
13544 20852 1:0 13890
13545 19 1:0 14961
13545 17212 1:0 14970
13546 20936 1:0 13546
13546 209 21:0 13550
13549 16585 21:0 13550
13549 217 21:0 13550
13553 16598 21:0 13582
13555 20932 1:0 13555
13555 20935 1:0 13555
13555 20934 1:0 13555
13556 16744 1:0 13896
13556 16769 1:0 13910
13556 20638 1:0 13910
13556 20739 1:0 14303
13556 20583 1:0 14972
13556 17 1:0 15049
13556 17243 1:0 15052
13581 20928 1:0 13581
13581 207 21:0 13585
13583 205 1:0 13583
13588 16607 21:0 13591
13590 205 21:0 13591
13598 16609 21:0 13601
13600 203 21:0 13601
13602 201 1:0 13602
13608 20927 1:0 13608
13608 16612 21:0 13625
13613 20921 1:0 13613
13624 201 21:0 13630
13629 215 21:0 13630
13629 16616 21:0 13630
13636 16630 21:0 13641
13638 20851 1:0 13897
13639 20850 1:0 13908
13639 16751 1:0 13910
13639 20716 1:0 13938
13639 20729 1:0 13938
13639 20668 1:0 14032
13640 20915 1:0 13640
13640 193 21:0 13641
13647 16634 21:0 13650
13648 20820 1:0 13938
13648 20818 1:0 14021
13649 195 21:0 13650
13654 20819 1:0 14029
13656 16837 1:0 14041
13656 16835 1:0 14041
13656 61 1:0 14163
13656 95 1:0 14172
13656 20563 1:0 15054
13657 20914 1:0 13657
13657 16637 21:0 13678
13659 20723 1:0 14032
13662 20908 1:0 13662
13674 20598 1:0 14041
13677 20903 1:0 13677
13677 191 21:0 13681
13680 16642 21:0 13681
13680 199 21:0 13681
13684 16655 21:0 13713
13686 20902 1:0 13686
13686 20901 1:0 13686
13686 20899 1:0 13686
13687 20817 1:0 14039
13712 20895 1:0 13712
13712 189 21:0 13716
13719 16664 21:0 13722
13721 187 21:0 13722
13729 16666 21:0 13732
13731 185 21:0 13732
13733 183 1:0 13733
13739 20894 1:0 13739
13739 16669 21:0 13756
13744 20888 1:0 13744
13755 183 21:0 13761
13760 197 21:0 13761
13760 16673 21:0 13761
13762 175 1:0 13762
13767 16687 21:0 13772
13769 16826 1:0 14041
13769 16862 1:0 14041
13769 16840 1:0 14041
13769 20734 1:0 14069
13769 20602 1:0 14069
13769 75 1:0 14172
13769 57 1:0 14172
13769 79 1:0 14172
13769 16897 1:0 14177
13769 63 1:0 14177
13769 16892 1:0 14177
13769 113 1:0 14177
13769 16883 1:0 14195
13769 16894 1:0 14200
13770 20787 1:0 14069
13770 20786 1:0 14152
13771 20882 1:0 13771
13771 175 21:0 13772
13778 16691 21:0 13781
13779 20785 1:0 14159
13779 20606 1:0 14163
13779 20677 1:0 14163
13779 16979 1:0 14172
13779 20697 1:0 14172
13779 16915 1:0 14200
13780 177 21:0 13781
13785 20784 1:0 14170
13787 97 1:0 14294
13787 16951 1:0 14303
13787 16949 1:0 14303
13787 77 1:0 14425
13788 20881 1:0 13788
13788 16694 21:0 13809
13793 20875 1:0 13793
13806 20754 1:0 14200
13808 20870 1:0 13808
13808 173 21:0 13812
13811 16699 21:0 13812
13811 181 21:0 13812
13815 16712 21:0 13844
13817 20868 1:0 13817
13817 20869 1:0 13817
13817 20866 1:0 13817
13818 20710 1:0 14200
13818 20671 1:0 14294
13843 20862 1:0 13843
13843 171 21:0 13847
13850 16721 21:0 13853
13852 169 21:0 13853
13860 16723 21:0 13863
13862 167 21:0 13863
13864 165 1:0 13864
13870 20861 1:0 13870
13870 16726 21:0 13887
13875 20855 1:0 13875
13886 165 21:0 13892
13891 179 21:0 13892
13891 16730 21:0 13892
13898 16744 21:0 13903
13900 20753 1:0 14283
13901 20752 1:0 14290
13901 20737 1:0 14294
13901 16940 1:0 14303
13901 16972 1:0 14303
13901 20749 1:0 14303
13901 16954 1:0 14303
13901 17006 1:0 14434
13901 17008 1:0 14434
13901 16997 1:0 14434
13901 43 1:0 14556
13901 17063 1:0 14565
13902 20849 1:0 13902
13909 16748 21:0 13912
13910 20751 1:0 14301
13910 20721 1:0 14331
13916 20738 1:0 14331
13916 20736 1:0 14331
13919 20848 1:0 13919
13919 16751 21:0 13940
13924 20842 1:0 13924
13936 20720 1:0 14414
13937 20705 1:0 14425
13937 17029 1:0 14434
13939 20837 1:0 13939
13939 16756 21:0 13940
13946 16769 21:0 13975
13948 20838 1:0 13948
13948 20833 1:0 13948
13948 20836 1:0 13948
13948 20835 1:0 13948
13949 20717 1:0 14425
13949 17011 1:0 14434
13949 17068 1:0 14565
13949 17065 1:0 14565
13949 41 1:0 14687
13974 20829 1:0 13974
13981 16778 21:0 13984
13985 149 1:0 13985
13991 16780 21:0 13994
13995 147 1:0 13995
14001 20828 1:0 14001
14001 16783 21:0 14018
14006 20822 1:0 14006
14017 16787 21:0 14018
14024 139 1:0 14024
14029 16801 21:0 14034
14031 20719 1:0 14421
14032 20718 1:0 14432
14032 20630 1:0 14434
14032 20703 1:0 14462
14032 20701 1:0 14462
14033 20816 1:0 14033
14035 141 1:0 14035
14040 16805 21:0 14043
14041 20688 1:0 14462
14041 20687 1:0 14545
14049 20686 1:0 14552
14050 20815 1:0 14050
14050 16808 21:0 14071
14052 20684 1:0 14556
14055 20809 1:0 14055
14067 20664 1:0 14556
14068 20618 1:0 14565
14068 17054 1:0 14565
14068 17125 1:0 14696
14068 17122 1:0 14696
14068 17120 1:0 14696
14068 23 1:0 14818
14070 20804 1:0 14070
14070 16813 21:0 14071
14077 16826 21:0 14106
14079 20805 1:0 14079
14079 20802 1:0 14079
14079 20800 1:0 14079
14079 20803 1:0 14079
14080 17086 1:0 14565
14080 20657 1:0 14593
14105 20796 1:0 14105
14112 16835 21:0 14115
14122 16837 21:0 14125
14132 20795 1:0 14132
14132 16840 21:0 14149
14137 20789 1:0 14137
14148 16844 21:0 14149
14160 16858 21:0 14165
14162 20685 1:0 14563
14163 20683 1:0 14573
14163 20655 1:0 14593
14163 20651 1:0 14687
14163 20611 1:0 14687
14164 20783 1:0 14164
14171 16862 21:0 14174
14172 20654 1:0 14676
14172 20653 1:0 14683
14175 119 1:0 14175
14180 20652 1:0 14694
14181 20782 1:0 14181
14181 16865 21:0 14202
14183 20637 1:0 14696
14186 20776 1:0 14186
14198 17093 1:0 14696
14198 17111 1:0 14696
14198 17182 1:0 14827
14198 17179 1:0 14827
14198 17177 1:0 14827
14198 20574 1:0 14986
14199 20644 1:0 14709
14201 20771 1:0 14201
14201 16870 21:0 14202
14208 16883 21:0 14237
14210 20769 1:0 14210
14210 20767 1:0 14210
14210 20770 1:0 14210
14211 20624 1:0 14724
14236 20763 1:0 14236
14243 16892 21:0 14246
14253 16894 21:0 14256
14257 111 1:0 14257
14263 20762 1:0 14263
14263 16897 21:0 14280
14268 20756 1:0 14268
14279 16901 21:0 14280
14291 16915 21:0 14296
14293 20622 1:0 14724
14294 20620 1:0 14807
14294 20621 1:0 14815
14295 20750 1:0 14295
14297 105 1:0 14297
14302 16919 21:0 14305
14303 20591 1:0 14818
14303 20597 1:0 14818
14303 17147 1:0 14824
14303 20619 1:0 14825
14303 17168 1:0 14827
14303 20605 1:0 14827
14303 9 1:0 14961
14303 7 1:0 14980
14303 17234 1:0 14983
14311 20589 1:0 14855
14312 16922 21:0 14333
14314 20617 1:0 14835
14317 20743 1:0 14317
14329 20604 1:0 14855
14330 17200 1:0 14944
14330 20578 1:0 14949
14332 16927 21:0 14333
14334 99 1:0 14334
14339 16940 21:0 14368
14342 15 1:0 14949
14374 16949 21:0 14377
14384 16951 21:0 14387
14388 93 1:0 14388
14394 16954 21:0 14411
14410 16958 21:0 14411
14422 16972 21:0 14427
14424 20588 1:0 14938
14425 20587 1:0 14945
14425 20586 1:0 14956
14433 16976 21:0 14436
14434 17204 1:0 14955
14434 20564 1:0 14958
14434 17225 1:0 14961
14434 20572 1:0 14961
14434 20571 1:0 14961
14434 17207 1:0 14961
14434 20584 1:0 14966
14434 20565 1:0 14986
14434 20573 1:0 14986
14434 5 1:0 15032
14434 17236 1:0 15037
14434 3 1:0 15040
14434 17239 1:0 15047
14437 20569 1:0 14995
14440 337 1:0 15040
14440 338 1:0 15067
14443 16979 21:0 14464
14463 16984 21:0 14464
14470 16997 21:0 14499
14472 20706 1:0 14472
14472 20704 1:0 14472
14505 17006 21:0 14508
14515 17008 21:0 14518
14525 20696 1:0 14525
14525 17011 21:0 14542
14530 20690 1:0 14530
14541 17015 21:0 14542
14548 67 1:0 14548
14553 17029 21:0 14558
14564 17033 21:0 14567
14574 17036 21:0 14595
14594 20672 1:0 14594
14594 17041 21:0 14595
14601 17054 21:0 14630
14603 20673 1:0 14603
14603 20670 1:0 14603
14636 17063 21:0 14639
14640 59 1:0 14640
14646 17065 21:0 14649
14656 20663 1:0 14656
14656 17068 21:0 14673
14672 17072 21:0 14673
14684 17086 21:0 14689
14695 17090 21:0 14698
14705 17093 21:0 14726
14725 17098 21:0 14726
14732 17111 21:0 14761
14734 20640 1:0 14734
14734 20635 1:0 14734
14760 20631 1:0 14760
14767 17120 21:0 14770
14777 17122 21:0 14780
14781 39 1:0 14781
14787 17125 21:0 14804
14803 17129 21:0 14804
14815 17143 21:0 14820
14821 33 1:0 14821
14826 17147 21:0 14829
14830 29 1:0 14830
14836 17150 21:0 14857
14856 17155 21:0 14857
14863 17168 21:0 14892
14865 20607 1:0 14865
14898 17177 21:0 14901
14908 17179 21:0 14911
14912 21 1:0 14912
14918 17182 21:0 14935
14934 17186 21:0 14935
14941 13 1:0 14941
14946 17200 21:0 14951
14950 20585 1:0 14950
14957 17204 21:0 14960
14961 11 1:0 14961
14967 17207 21:0 14988
14987 17212 21:0 14988
14994 17225 21:0 15023
15029 17234 21:0 15032
15039 17236 21:0 15042
15054 17243 21:0 15055
15065 337 21:0 15083
15082 22215 21:0 15115
15087 7 21:0 15087
15114 22216 21:0 15131
15130 22222 21:0 15131
15130 22220 21:0 15131
15130 22224 21:0 15133
15131 11 21:0 15131
15132 19 21:0 15133
15132 17 21:0 15133
15132 22234 21:0 15133
15132 22214 21:0 15133
15133 22237 21:0 15141
15140 22238 21:0 15191
15155 21 21:0 15155
15159 23 21:0 15159
15163 22249 21:0 15163
15190 22239 21:0 15207
15196 27 21:0 15196
15196 22257 21:0 15196
15206 22240 21:0 15217
15216 22270 21:0 15250
15217 31 21:0 15217
15231 39 21:0 15231
15249 22272 21:0 15283
15272 45 21:0 15272
15274 22275 21:0 15274
15282 22271 21:0 15288
15287 22273 21:0 15307
15293 49 21:0 15293
15306 22303 21:0 15359
15307 57 21:0 15307
15348 63 21:0 15348
15348 22323 21:0 15348
15358 22304 21:0 15364
15359 65 21:0 15359
15363 22305 21:0 15383
15364 22335 21:0 15364
15382 22306 21:0 15435
15383 75 21:0 15383
15391 79 21:0 15391
15419 22354 21:0 15419
15419 22355 21:0 15419
15424 81 21:0 15424
15434 22336 21:0 15440
15439 22337 21:0 15445
15440 87 21:0 15440
15444 22338 21:0 15511
15447 22361 21:0 15447
15456 22380 21:0 15456
15459 93 21:0 15459
15463 95 21:0 15463
15495 22388 21:0 15495
15500 99 21:0 15500
15502 22374 21:0 15502
15510 22339 21:0 15516
15515 22369 21:0 15521
15516 105 21:0 15516
15516 22401 21:0 15516
15520 22371 21:0 15576
15532 22413 21:0 15532
15535 111 21:0 15535
15543 22414 21:0 15543
15571 22420 21:0 15571
15571 22421 21:0 15571
15571 22418 21:0 15571
15575 22370 21:0 15592
15576 117 21:0 15576
15576 22422 21:0 15576
15578 22407 21:0 15578
15584 22433 21:0 15584
15591 22372 21:0 15597
15592 22434 21:0 15592
15596 22402 21:0 15652
15599 22427 21:0 15599
15608 22446 21:0 15608
15611 129 21:0 15611
15615 131 21:0 15615
15619 22447 21:0 15619
15647 22451 21:0 15647
15647 22454 21:0 15647
15647 22453 21:0 15647
15651 22403 21:0 15668
15652 135 21:0 15652
15652 22455 21:0 15652
15654 22440 21:0 15654
15660 22466 21:0 15660
15667 22404 21:0 15673
15668 141 21:0 15668
15668 22467 21:0 15668
15672 22405 21:0 15723
15675 22460 21:0 15675
15684 22479 21:0 15684
15687 147 21:0 15687
15695 22480 21:0 15695
15722 22435 21:0 15739
15723 22489 21:0 15723
15723 22487 21:0 15723
15723 22486 21:0 15723
15723 22484 21:0 15723
15728 153 21:0 15728
15728 22488 21:0 15728
15730 22473 21:0 15730
15736 22499 21:0 15736
15738 22437 21:0 15749
15744 159 21:0 15744
15744 22500 21:0 15744
15748 165 1:0 15759
15748 22436 21:0 15771
15750 179 1:0 15758
15751 22493 21:0 15751
15760 22512 21:0 15760
15762 167 1:0 15763
15763 165 21:0 15763
15766 169 1:0 15767
15770 22438 21:0 15815
15771 22513 21:0 15771
15795 171 1:0 15800
15799 22519 21:0 15799
15799 22517 21:0 15799
15799 22520 21:0 15799
15803 173 1:0 15811
15804 171 21:0 15804
15804 22521 21:0 15804
15806 22506 21:0 15806
15810 181 1:0 15810
15812 22532 21:0 15812
15814 177 1:0 15816
15814 22468 21:0 15820
15819 175 1:0 15821
15819 22469 21:0 15839
15820 22533 21:0 15820
15824 183 1:0 15835
15825 175 21:0 15825
15827 22526 21:0 15827
15834 197 1:0 15834
15836 22545 21:0 15836
15838 185 1:0 15839
15838 22470 21:0 15891
15839 183 21:0 15839
15842 187 1:0 15843
15843 185 21:0 15843
15847 187 21:0 15847
15847 22546 21:0 15847
15874 189 1:0 15876
15875 22555 21:0 15875
15875 22553 21:0 15875
15875 22550 21:0 15875
15875 22552 21:0 15875
15879 191 1:0 15887
15880 189 21:0 15880
15880 22554 21:0 15880
15882 22539 21:0 15882
15886 199 1:0 15886
15888 22565 21:0 15888
15890 195 1:0 15892
15890 22471 21:0 15896
15895 193 1:0 15897
15895 22501 21:0 15901
15896 22566 21:0 15896
15900 201 1:0 15911
15900 22503 21:0 15967
15903 22559 21:0 15903
15910 215 1:0 15910
15912 22578 21:0 15912
15914 203 1:0 15915
15915 201 21:0 15915
15918 205 1:0 15919
15923 22579 21:0 15923
15950 207 1:0 15952
15951 22583 21:0 15951
15951 22585 21:0 15951
15951 22586 21:0 15951
15955 209 1:0 15963
15956 207 21:0 15956
15956 22587 21:0 15956
15958 22572 21:0 15958
15962 217 1:0 15962
15964 22598 21:0 15964
15966 213 1:0 15968
15966 22502 21:0 15972
15967 209 21:0 15967
15971 211 1:0 15973
15971 22504 21:0 15977
15972 213 21:0 15972
15972 22599 21:0 15972
15976 219 1:0 15987
15976 22534 21:0 16043
15979 22592 21:0 15979
15986 233 1:0 15986
15988 22611 21:0 15988
15990 221 1:0 15991
15991 219 21:0 15991
15994 223 1:0 15995
15999 223 21:0 15999
15999 22612 21:0 15999
16026 225 1:0 16028
16027 22616 21:0 16027
16027 22618 21:0 16027
16027 22619 21:0 16027
16031 227 1:0 16039
16032 225 21:0 16032
16032 22620 21:0 16032
16034 22605 21:0 16034
16038 235 1:0 16038
16040 22631 21:0 16040
16042 231 1:0 16044
16042 22536 21:0 16048
16047 229 1:0 16049
16047 22535 21:0 16053
16048 231 21:0 16048
16048 22632 21:0 16048
16052 237 1:0 16063
16052 22537 21:0 16108
16055 22625 21:0 16055
16062 251 1:0 16062
16064 22644 21:0 16064
16066 239 1:0 16067
16070 241 1:0 16071
16075 22645 21:0 16075
16102 243 1:0 16104
16103 22652 21:0 16103
16103 22651 21:0 16103
16103 22649 21:0 16103
16107 245 1:0 16115
16107 22567 21:0 16124
16108 243 21:0 16108
16108 22653 21:0 16108
16110 22638 21:0 16110
16114 253 1:0 16114
16116 22664 21:0 16116
16118 249 1:0 16120
16123 247 1:0 16125
16123 22568 21:0 16129
16124 249 21:0 16124
16124 22665 21:0 16124
16128 255 1:0 16139
16128 22569 21:0 16179
16129 247 21:0 16129
16131 22658 21:0 16131
16138 269 1:0 16138
16140 22677 21:0 16140
16142 257 1:0 16143
16143 255 21:0 16143
16146 259 1:0 16147
16147 257 21:0 16147
16151 259 21:0 16151
16151 22678 21:0 16151
16165 353 21:0 16165
16178 261 1:0 16180
16178 22570 21:0 16195
16179 22685 21:0 16179
16179 22682 21:0 16179
16179 22684 21:0 16179
16183 263 1:0 16191
16184 261 21:0 16184
16184 22686 21:0 16184
16186 22671 21:0 16186
16190 271 1:0 16190
16192 22691 21:0 16192
16192 22697 21:0 16192
16194 267 1:0 16196
16194 22600 21:0 16205
16195 263 21:0 16195
16199 265 1:0 16201
16200 267 21:0 16200
16200 22698 21:0 16200
16202 22701 21:0 16202
16202 22700 21:0 16202
16204 273 1:0 16215
16204 22601 21:0 16255
16205 265 21:0 16205
16205 22702 21:0 16205
16206 22691 1:0 16206
16207 22691 21:0 16207
16209 353 1:0 16209
16214 287 1:0 16214
16216 22710 21:0 16216
16218 275 1:0 16219
16219 273 21:0 16219
16222 277 1:0 16223
16223 275 21:0 16223
16227 277 21:0 16227
16227 22711 21:0 16227
16241 353 21:0 16241
16254 279 1:0 16256
16254 22602 21:0 16271
16255 22720 21:0 16255
16255 22715 21:0 16255
16255 22718 21:0 16255
16255 22717 21:0 16255
16259 281 1:0 16267
16260 279 21:0 16260
16260 22719 21:0 16260
16262 22704 21:0 16262
16266 289 1:0 16266
16268 22730 21:0 16268
16268 22724 21:0 16268
16270 285 1:0 16272
16270 22603 21:0 16281
16271 281 21:0 16271
16273 22732 21:0 16273
16275 283 1:0 16277
16276 285 21:0 16276
16276 22731 21:0 16276
16278 22733 21:0 16278
16278 22734 21:0 16278
16280 291 1:0 16291
16280 22633 21:0 16299
16281 22735 21:0 16281
16282 22724 1:0 16282
16285 353 1:0 16285
16290 305 1:0 16290
16294 293 1:0 16295
16298 295 1:0 16299
16298 338 21:0 16331
16330 297 1:0 16332
16330 22235 21:0 16336
16335 299 1:0 16343
16335 22223 21:0 16347
16342 307 1:0 16342
16346 303 1:0 16348
16346 22634 21:0 16352
16349 22765 21:0 16349
16351 301 1:0 16353
16351 22635 21:0 16357
16354 22766 21:0 16354
16354 22767 21:0 16354
16356 309 1:0 16367
16356 22636 21:0 16423
16357 22768 21:0 16357
16366 323 1:0 16366
16370 311 1:0 16371
16374 313 1:0 16375
16406 315 1:0 16408
16411 317 1:0 16419
16418 325 1:0 16418
16422 321 1:0 16424
16422 22666 21:0 16428
16425 22798 21:0 16425
16427 319 1:0 16429
16427 22667 21:0 16433
16430 22800 21:0 16430
16430 22799 21:0 16430
16432 22352 21:0 16433
16432 329 1:0 16444
16432 83 21:0 16448
16441 327 1:0 16441
16447 167 21:0 16448
16447 149 21:0 16448
16447 205 21:0 16448
16447 22324 21:0 16448
16447 115 21:0 16448
16447 22423 21:0 16448
16447 22687 21:0 16448
16447 237 21:0 16448
16447 15605 1:0 16450
16447 43 21:0 16453
16452 22696 21:0 16453
16452 22511 21:0 16453
16452 22676 21:0 16453
16452 22399 21:0 16453
16452 22267 21:0 16453
16452 22412 21:0 16453
16452 22597 21:0 16453
16452 22247 21:0 16453
16452 22366 21:0 16453
16452 22379 21:0 16453
16452 145 21:0 16453
16452 179 21:0 16453
16452 22498 21:0 16453
16452 22564 21:0 16453
16452 125 21:0 16453
16452 22478 21:0 16453
16452 35 21:0 16453
16452 22432 21:0 16453
16452 22531 21:0 16453
16452 22313 21:0 16453
16452 22610 21:0 16453
16452 22333 21:0 16453
16452 22280 21:0 16453
16452 22577 21:0 16453
16452 22709 21:0 16453
16452 22643 21:0 16453
16452 22630 21:0 16453
16452 22445 21:0 16453
16452 127 21:0 16453
16453 22811 21:0 16463
16462 16215 1:0 16464
16462 22668 21:0 16489
16469 16219 1:0 16469
16488 16231 1:0 16490
16488 22669 21:0 16497
16492 22799 1:0 16492
16493 22800 1:0 16493
16496 22699 21:0 16500
16499 16235 1:0 16501
16499 22319 21:0 16506
16503 22798 1:0 16503
16505 22229 21:0 16506
16505 22262 21:0 16506
16505 22289 21:0 16509
16508 22347 21:0 16509
16508 22321 21:0 16509
16508 16238 1:0 16511
16508 22268 21:0 16534
16516 16243 1:0 16516
16533 22389 21:0 16559
16536 16256 1:0 16538
16558 22341 21:0 16588
16571 16265 1:0 16573
16580 16267 1:0 16583
16587 22394 21:0 16591
16590 16270 1:0 16593
16590 22322 21:0 16617
16598 16274 1:0 16598
16616 22768 1:0 16616
16616 22381 21:0 16617
16616 22242 21:0 16617
16616 22385 21:0 16620
16619 22282 21:0 16620
16619 22302 21:0 16620
16619 16288 1:0 16621
16619 22288 21:0 16628
16623 22766 1:0 16623
16624 22767 1:0 16624
16627 22334 21:0 16628
16627 22315 21:0 16628
16627 22356 21:0 16631
16630 22248 21:0 16631
16630 22328 21:0 16631
16630 16292 1:0 16632
16630 22256 21:0 16637
16634 22765 1:0 16634
16636 22236 21:0 16637
16636 22286 21:0 16637
16636 22269 21:0 16640
16639 22290 21:0 16640
16639 22348 21:0 16640
16639 16295 1:0 16642
16639 22295 21:0 16665
16647 16300 1:0 16647
16664 22368 21:0 16700
16667 16313 1:0 16669
16699 22281 21:0 16719
16702 16322 1:0 16704
16711 16324 1:0 16714
16718 22308 21:0 16722
16721 16327 1:0 16724
16721 22314 21:0 16748
16729 16331 1:0 16729
16747 22735 1:0 16747
16747 22301 21:0 16748
16747 22400 21:0 16748
16747 22387 21:0 16751
16750 22367 21:0 16751
16750 22255 21:0 16751
16750 16345 1:0 16752
16750 22253 21:0 16759
16754 22733 1:0 16754
16755 22734 1:0 16755
16758 22731 1:0 16758
16758 16345 21:0 16759
16758 16295 21:0 16759
16758 16292 21:0 16759
16758 16288 21:0 16759
16758 16238 21:0 16762
16760 285 1:0 16760
16761 317 21:0 16762
16761 22588 21:0 16762
16761 22225 21:0 16762
16761 15605 21:0 16762
16761 16265 21:0 16762
16761 16267 21:0 16762
16761 321 21:0 16762
16761 319 21:0 16762
16761 16231 21:0 16762
16761 16235 21:0 16762
16761 16324 21:0 16762
16761 16327 21:0 16762
16761 16322 21:0 16762
16761 16349 1:0 16763
16761 22456 21:0 16765
16764 323 21:0 16765
16764 287 21:0 16765
16764 91 21:0 16765
16764 235 21:0 16765
16764 16219 21:0 16765
16764 16331 21:0 16765
16764 16300 21:0 16765
16764 22813 21:0 16765
16764 305 21:0 16765
16764 16274 21:0 16765
16764 325 21:0 16765
16764 16243 21:0 16765
16764 217 21:0 16765
16764 89 21:0 16765
16764 289 21:0 16765
16764 307 21:0 16765
16764 71 21:0 16765
16764 233 21:0 16765
16764 327 21:0 16765
16764 199 21:0 16765
16764 197 21:0 16765
16764 37 21:0 16765
16764 107 21:0 16765
16764 55 21:0 16765
16764 181 21:0 16765
16764 73 21:0 16765
16764 22465 21:0 16765
16764 22346 21:0 16765
16764 143 21:0 16765
16764 22300 21:0 16765
16764 109 21:0 16765
16764 53 21:0 16765
16764 22544 21:0 16765
16764 215 21:0 16765
16764 253 21:0 16765
16764 22729 21:0 16765
16764 251 21:0 16765
16764 163 21:0 16765
16764 269 21:0 16765
16764 271 21:0 16765
16764 161 21:0 16765
16764 22663 21:0 16765
16765 22732 1:0 16765
16765 16349 21:0 16768
16767 303 21:0 16768
16767 283 21:0 16768
16767 301 21:0 16768
16767 299 21:0 16768
16767 285 21:0 16771
16769 281 1:0 16769
16770 16313 21:0 16771
16770 103 21:0 16771
16770 177 21:0 16771
16770 33 21:0 16771
16770 67 21:0 16771
16770 137 21:0 16771
16770 16215 21:0 16771
16770 16270 21:0 16771
16770 16352 1:0 16773
16770 313 21:0 16775
16775 22730 1:0 16775
16775 289 1:0 16775
16775 16352 21:0 16796
16778 16357 1:0 16778
16780 22729 1:0 16780
16795 22719 1:0 16795
16795 281 21:0 16799
16797 279 1:0 16797
16798 69 21:0 16799
16798 16370 1:0 16800
16798 191 21:0 16834
16804 22720 1:0 16804
16804 22715 1:0 16804
16804 22718 1:0 16804
16804 22717 1:0 16804
16830 22711 1:0 16830
16832 277 1:0 16832
16833 16379 1:0 16835
16833 47 21:0 16845
16841 275 1:0 16841
16842 16381 1:0 16845
16844 101 21:0 16850
16849 157 21:0 16853
16851 273 1:0 16851
16851 16384 1:0 16855
16851 287 1:0 16857
16851 16388 1:0 16860
16851 22709 1:0 16862
16851 16414 1:0 16897
16851 22696 1:0 16897
16851 271 1:0 16897
16851 16436 1:0 16897
16851 16438 1:0 16897
16851 22687 1:0 16897
16851 16445 1:0 16925
16851 269 1:0 16925
16851 22676 1:0 16925
16851 22663 1:0 17028
16851 16471 1:0 17028
16851 253 1:0 17028
16851 16502 1:0 17056
16851 22643 1:0 17056
16851 251 1:0 17056
16851 235 1:0 17159
16851 22630 1:0 17159
16851 16528 1:0 17159
16851 22610 1:0 17187
16851 233 1:0 17187
16851 16559 1:0 17187
16851 22597 1:0 17290
16851 16585 1:0 17290
16851 217 1:0 17290
16851 215 1:0 17318
16851 16616 1:0 17318
16851 22577 1:0 17318
16851 199 1:0 17421
16851 22564 1:0 17421
16851 16642 1:0 17421
16851 16673 1:0 17449
16851 197 1:0 17449
16851 22544 1:0 17449
16851 22531 1:0 17552
16851 16699 1:0 17552
16851 181 1:0 17552
16851 16730 1:0 17580
16851 22511 1:0 17580
16851 179 1:0 17580
16851 16756 1:0 17683
16851 22498 1:0 17683
16851 163 1:0 17683
16851 161 1:0 17711
16851 16787 1:0 17711
16851 22478 1:0 17711
16851 16813 1:0 17814
16851 22465 1:0 17814
16851 145 1:0 17814
16851 143 1:0 17842
16851 16844 1:0 17842
16851 22445 1:0 17842
16851 22432 1:0 17945
16851 16870 1:0 17945
16851 127 1:0 17945
16851 125 1:0 17973
16851 22412 1:0 17973
16851 16901 1:0 17973
16851 16927 1:0 18076
16851 109 1:0 18076
16851 22399 1:0 18076
16851 22379 1:0 18104
16851 107 1:0 18104
16851 16958 1:0 18104
16851 22366 1:0 18207
16851 16984 1:0 18207
16851 91 1:0 18207
16851 17015 1:0 18235
16851 89 1:0 18235
16852 15 21:0 16853
16852 119 21:0 16879
16854 16402 1:0 16883
16857 22710 1:0 16857
16862 22704 1:0 16862
16875 22699 1:0 16895
16878 22702 1:0 16878
16878 211 21:0 16879
16878 13 21:0 16879
16878 195 21:0 16879
16878 173 21:0 16879
16878 155 21:0 16879
16878 227 21:0 16882
16880 265 1:0 16880
16881 22621 21:0 16882
16881 289 21:0 16882
16881 287 21:0 16882
16881 22654 21:0 16882
16881 16357 21:0 16882
16881 311 21:0 16882
16881 16381 21:0 16882
16881 16379 21:0 16882
16881 16388 21:0 16882
16881 139 21:0 16882
16881 51 21:0 16882
16881 193 21:0 16882
16881 85 21:0 16882
16881 229 21:0 16882
16881 22390 21:0 16885
16883 22654 1:0 17028
16883 22621 1:0 17159
16885 22700 1:0 16885
16885 16402 21:0 16890
16886 22701 1:0 16886
16887 16406 1:0 16894
16887 237 1:0 16897
16887 16441 1:0 16897
16887 16427 1:0 16897
16887 16409 1:0 16904
16887 85 1:0 17019
16887 16493 1:0 17028
16887 16495 1:0 17028
16887 16484 1:0 17028
16887 22588 1:0 17290
16888 22669 1:0 16925
16888 22668 1:0 17008
16889 22698 1:0 16889
16889 123 21:0 16890
16889 265 21:0 16890
16889 121 21:0 16890
16889 29 21:0 16890
16889 245 21:0 16890
16889 16384 21:0 16893
16891 267 1:0 16891
16891 29 1:0 16925
16891 123 1:0 16925
16891 245 1:0 16925
16892 16256 21:0 16893
16892 97 21:0 16893
16892 16370 21:0 16893
16892 61 21:0 16893
16892 241 21:0 16893
16892 113 21:0 16893
16892 203 21:0 16893
16892 279 21:0 16893
16892 277 21:0 16893
16892 25 21:0 16893
16892 77 21:0 16893
16892 297 21:0 16893
16892 3 21:0 16893
16892 221 21:0 16893
16892 273 21:0 16893
16892 329 21:0 16893
16892 22357 21:0 16893
16892 275 21:0 16893
16892 22258 21:0 16893
16892 41 21:0 16893
16892 9 21:0 16893
16892 22291 21:0 16893
16892 22522 21:0 16893
16892 315 21:0 16893
16892 133 21:0 16893
16892 309 21:0 16893
16892 239 21:0 16893
16892 293 21:0 16893
16892 59 21:0 16893
16892 5 21:0 16893
16892 291 21:0 16893
16892 295 21:0 16893
16892 17239 21:0 16893
16892 151 21:0 16893
16892 169 21:0 16893
16894 239 1:0 17008
16894 22667 1:0 17015
16894 241 1:0 17019
16894 203 1:0 17139
16894 221 1:0 17150
16896 16406 21:0 16899
16897 16459 1:0 17014
16897 229 1:0 17019
16897 121 1:0 17019
16897 16463 1:0 17025
16897 22666 1:0 17026
16897 51 1:0 17028
16897 193 1:0 17028
16897 16498 1:0 17028
16897 227 1:0 17056
16897 22522 1:0 17580
16897 22346 1:0 18235
16897 17041 1:0 18338
16897 73 1:0 18338
16897 71 1:0 18366
16897 17072 1:0 18366
16898 267 21:0 16899
16900 263 1:0 16900
16903 22636 1:0 17056
16905 155 1:0 17056
16906 22697 1:0 16906
16906 16409 21:0 16927
16908 16466 1:0 17035
16908 139 1:0 17056
16911 22691 1:0 16911
16923 195 1:0 17150
16923 173 1:0 17150
16926 22686 1:0 16926
16926 263 21:0 16930
16928 261 1:0 16928
16929 16414 21:0 16930
16929 271 21:0 16930
16933 16427 21:0 16962
16935 22685 1:0 16935
16935 22682 1:0 16935
16935 22684 1:0 16935
16936 22635 1:0 17139
16961 22678 1:0 16961
16961 261 21:0 16965
16963 259 1:0 16963
16968 16436 21:0 16971
16970 259 21:0 16971
16972 257 1:0 16972
16978 16438 21:0 16981
16980 257 21:0 16981
16982 255 1:0 16982
16988 22677 1:0 16988
16988 16441 21:0 17005
16993 22671 1:0 16993
17004 255 21:0 17010
17009 269 21:0 17010
17009 16445 21:0 17010
17011 247 1:0 17011
17016 16459 21:0 17021
17018 22634 1:0 17146
17019 16516 1:0 17145
17019 13 1:0 17150
17019 16520 1:0 17156
17019 22633 1:0 17157
17019 119 1:0 17159
17019 16552 1:0 17159
17019 16550 1:0 17159
17019 211 1:0 17159
17019 16555 1:0 17159
17019 16541 1:0 17159
17019 16523 1:0 17166
17019 205 1:0 17281
17019 16598 1:0 17290
17019 16609 1:0 17290
17020 22665 1:0 17020
17020 247 21:0 17021
17022 249 1:0 17022
17027 16463 21:0 17030
17028 15 1:0 17187
17028 22603 1:0 17187
17028 101 1:0 17187
17028 157 1:0 17187
17029 249 21:0 17030
17034 22602 1:0 17270
17037 22664 1:0 17037
17037 16466 21:0 17058
17039 22601 1:0 17277
17042 22658 1:0 17042
17045 22333 1:0 18338
17046 22313 1:0 18366
17054 16573 1:0 17276
17054 69 1:0 17281
17055 47 1:0 17281
17055 191 1:0 17281
17055 16577 1:0 17287
17055 16612 1:0 17290
17055 16607 1:0 17290
17055 41 1:0 17412
17055 16666 1:0 17421
17055 16655 1:0 17421
17055 16669 1:0 17421
17055 16664 1:0 17421
17056 55 1:0 18469
17056 17098 1:0 18469
17057 22653 1:0 17057
17057 245 21:0 17061
17059 243 1:0 17059
17060 253 21:0 17061
17060 16471 21:0 17061
17064 16484 21:0 17093
17066 22652 1:0 17066
17066 22651 1:0 17066
17066 22649 1:0 17066
17067 137 1:0 17290
17067 33 1:0 17290
17067 16580 1:0 17297
17067 169 1:0 17532
17067 167 1:0 17543
17067 16721 1:0 17552
17067 16723 1:0 17552
17067 22456 1:0 17814
17067 53 1:0 18497
17067 17129 1:0 18497
17092 22645 1:0 17092
17092 243 21:0 17096
17099 16493 21:0 17102
17101 241 21:0 17102
17109 16495 21:0 17112
17111 239 21:0 17112
17119 22644 1:0 17119
17119 16498 21:0 17136
17124 22638 1:0 17124
17135 237 21:0 17141
17140 16502 21:0 17141
17140 251 21:0 17141
17147 16516 21:0 17152
17149 22600 1:0 17288
17150 103 1:0 17318
17150 177 1:0 17318
17150 22570 1:0 17318
17150 67 1:0 17318
17150 16630 1:0 17407
17150 83 1:0 17412
17150 17200 1:0 17412
17150 16634 1:0 17412
17151 22632 1:0 17151
17151 229 21:0 17152
17153 231 1:0 17153
17158 16520 21:0 17161
17159 22569 1:0 17401
17159 22568 1:0 17408
17160 231 21:0 17161
17165 22567 1:0 17419
17167 16637 1:0 17421
17168 22631 1:0 17168
17168 16523 21:0 17189
17170 16915 1:0 17421
17170 17029 1:0 17421
17173 22625 1:0 17173
17176 22300 1:0 18469
17177 22280 1:0 18497
17185 17033 1:0 17449
17185 16726 1:0 17552
17185 22423 1:0 17945
17185 22267 1:0 18600
17185 37 1:0 18600
17185 17155 1:0 18600
17185 35 1:0 18628
17185 17186 1:0 18628
17188 22620 1:0 17188
17188 227 21:0 17192
17190 225 1:0 17190
17191 16528 21:0 17192
17191 235 21:0 17192
17195 16541 21:0 17224
17197 22616 1:0 17197
17197 22618 1:0 17197
17197 22619 1:0 17197
17198 22537 1:0 17449
17223 22612 1:0 17223
17223 225 21:0 17227
17225 223 1:0 17225
17230 16550 21:0 17233
17232 223 21:0 17233
17240 16552 21:0 17243
17242 221 21:0 17243
17244 219 1:0 17244
17250 22611 1:0 17250
17250 16555 21:0 17267
17255 22605 1:0 17255
17266 219 21:0 17272
17271 233 21:0 17272
17271 16559 21:0 17272
17278 16573 21:0 17283
17280 16691 1:0 17449
17280 17147 1:0 17449
17280 16865 1:0 17449
17280 16687 1:0 17538
17280 17143 1:0 17543
17280 16744 1:0 17543
17280 16748 1:0 17543
17281 22535 1:0 17532
17281 22536 1:0 17540
17282 22599 1:0 17282
17282 211 21:0 17283
17284 213 1:0 17284
17289 16577 21:0 17292
17290 22534 1:0 17550
17290 16712 1:0 17552
17290 16919 1:0 17552
17290 17036 1:0 17552
17290 17093 1:0 17552
17290 16694 1:0 17559
17290 16976 1:0 17580
17290 16805 1:0 17580
17290 16808 1:0 17580
17290 151 1:0 17663
17290 149 1:0 17674
17290 16769 1:0 17683
17290 16783 1:0 17683
17290 16780 1:0 17683
17290 16778 1:0 17683
17291 213 21:0 17292
17293 209 1:0 17293
17296 22504 1:0 17580
17298 16801 1:0 17674
17299 22598 1:0 17299
17299 16580 21:0 17320
17301 22247 1:0 18628
17304 22592 1:0 17304
17317 22502 1:0 17663
17318 19 1:0 18734
17318 17212 1:0 18743
17319 22587 1:0 17319
17319 209 21:0 17323
17321 207 1:0 17321
17322 217 21:0 17323
17322 16585 21:0 17323
17326 16598 21:0 17355
17328 22583 1:0 17328
17328 22585 1:0 17328
17328 22586 1:0 17328
17329 22253 1:0 17674
17329 16858 1:0 17674
17329 133 1:0 17794
17329 77 1:0 17805
17329 16835 1:0 17814
17329 16837 1:0 17814
17329 22390 1:0 18074
17329 22234 1:0 18745
17329 17 1:0 18822
17329 17243 1:0 18825
17354 22579 1:0 17354
17354 207 21:0 17358
17361 16607 21:0 17364
17363 205 21:0 17364
17371 16609 21:0 17374
17373 203 21:0 17374
17375 201 1:0 17375
17381 22578 1:0 17381
17381 16612 21:0 17398
17386 22572 1:0 17386
17397 201 21:0 17403
17402 215 21:0 17403
17402 16616 21:0 17403
17409 16630 21:0 17414
17411 22503 1:0 17671
17412 22501 1:0 17681
17412 22255 1:0 17683
17412 16751 1:0 17683
17412 22367 1:0 17711
17412 22387 1:0 17711
17413 22566 1:0 17413
17413 193 21:0 17414
17420 16634 21:0 17423
17421 22471 1:0 17711
17421 22470 1:0 17794
17422 195 21:0 17423
17427 22469 1:0 17801
17429 16826 1:0 17814
17429 22357 1:0 18205
17429 22214 1:0 18827
17430 22565 1:0 17430
17430 16637 21:0 17451
17432 22400 1:0 17805
17435 22559 1:0 17435
17447 22301 1:0 17805
17450 22554 1:0 17450
17450 191 21:0 17454
17452 189 1:0 17452
17453 16642 21:0 17454
17453 199 21:0 17454
17457 16655 21:0 17486
17459 22555 1:0 17459
17459 22553 1:0 17459
17459 22550 1:0 17459
17459 22552 1:0 17459
17460 22468 1:0 17812
17485 22546 1:0 17485
17485 189 21:0 17489
17487 187 1:0 17487
17492 16664 21:0 17495
17494 187 21:0 17495
17496 185 1:0 17496
17502 16666 21:0 17505
17504 185 21:0 17505
17506 183 1:0 17506
17512 22545 1:0 17512
17512 16669 21:0 17529
17517 22539 1:0 17517
17528 183 21:0 17534
17533 197 21:0 17534
17533 16673 21:0 17534
17535 175 1:0 17535
17540 16687 21:0 17545
17542 22314 1:0 17814
17542 16840 1:0 17814
17542 16862 1:0 17814
17542 22308 1:0 17842
17542 22281 1:0 17842
17542 113 1:0 17925
17542 115 1:0 17936
17542 16892 1:0 17945
17542 16883 1:0 17945
17542 16897 1:0 17945
17542 16894 1:0 17945
17543 22438 1:0 17842
17543 22295 1:0 17936
17543 22368 1:0 17936
17543 16972 1:0 17945
17543 22290 1:0 17945
17544 22533 1:0 17544
17544 175 21:0 17545
17551 16691 21:0 17554
17552 22436 1:0 17925
17552 22437 1:0 17933
17553 177 21:0 17554
17558 22435 1:0 17943
17560 97 1:0 18067
17560 16951 1:0 18076
17560 16949 1:0 18076
17560 61 1:0 18198
17560 22324 1:0 18338
17561 22532 1:0 17561
17561 16694 21:0 17582
17566 22526 1:0 17566
17579 22405 1:0 17973
17581 22521 1:0 17581
17581 173 21:0 17585
17583 171 1:0 17583
17584 16699 21:0 17585
17584 181 21:0 17585
17588 16712 21:0 17617
17590 22519 1:0 17590
17590 22517 1:0 17590
17590 22520 1:0 17590
17591 22348 1:0 17973
17591 22269 1:0 17973
17616 22513 1:0 17616
17616 171 21:0 17620
17623 16721 21:0 17626
17625 169 21:0 17626
17633 16723 21:0 17636
17635 167 21:0 17636
17637 165 1:0 17637
17643 22512 1:0 17643
17643 16726 21:0 17660
17648 22506 1:0 17648
17659 165 21:0 17665
17664 16730 21:0 17665
17664 179 21:0 17665
17671 16744 21:0 17676
17673 22404 1:0 18056
17674 22403 1:0 18063
17674 22385 1:0 18067
17674 22236 1:0 18067
17674 16954 1:0 18076
17674 16922 1:0 18076
17674 16940 1:0 18076
17674 17006 1:0 18207
17674 17008 1:0 18207
17674 22291 1:0 18469
17675 22500 1:0 17675
17677 159 1:0 17677
17682 16748 21:0 17685
17683 22402 1:0 18074
17683 22394 1:0 18076
17683 22381 1:0 18104
17683 22389 1:0 18104
17689 22372 1:0 18104
17692 22499 1:0 17692
17692 16751 21:0 17713
17697 22493 1:0 17697
17710 22370 1:0 18187
17712 22488 1:0 17712
17712 16756 21:0 17713
17714 153 1:0 17714
17719 16769 21:0 17748
17721 22489 1:0 17721
17721 22487 1:0 17721
17721 22486 1:0 17721
17721 22484 1:0 17721
17722 22328 1:0 18198
17722 22356 1:0 18198
17747 22480 1:0 17747
17754 16778 21:0 17757
17764 16780 21:0 17767
17768 147 1:0 17768
17774 22479 1:0 17774
17774 16783 21:0 17791
17779 22473 1:0 17779
17790 16787 21:0 17791
17802 16801 21:0 17807
17804 22371 1:0 18195
17805 22369 1:0 18205
17805 22341 1:0 18207
17805 16997 1:0 18207
17805 16979 1:0 18207
17805 17011 1:0 18207
17805 22347 1:0 18235
17805 59 1:0 18329
17805 17054 1:0 18338
17805 17063 1:0 18338
17805 17065 1:0 18338
17805 43 1:0 18460
17806 22467 1:0 17806
17808 141 1:0 17808
17813 16805 21:0 17816
17814 22339 1:0 18235
17814 22352 1:0 18235
17820 22338 1:0 18318
17823 22466 1:0 17823
17823 16808 21:0 17844
17825 22337 1:0 18325
17828 22460 1:0 17828
17840 22315 1:0 18329
17841 22334 1:0 18329
17841 17068 1:0 18338
17841 17122 1:0 18469
17841 17120 1:0 18469
17841 17125 1:0 18469
17841 22258 1:0 18600
17843 22455 1:0 17843
17843 16813 21:0 17844
17845 135 1:0 17845
17850 16826 21:0 17879
17852 22451 1:0 17852
17852 22454 1:0 17852
17852 22453 1:0 17852
17853 22322 1:0 18338
17853 17086 1:0 18338
17878 22447 1:0 17878
17885 16835 21:0 17888
17889 131 1:0 17889
17895 16837 21:0 17898
17899 129 1:0 17899
17905 22446 1:0 17905
17905 16840 21:0 17922
17910 22440 1:0 17910
17921 16844 21:0 17922
17933 16858 21:0 17938
17935 22336 1:0 18336
17936 22319 1:0 18366
17936 22306 1:0 18366
17936 22321 1:0 18366
17936 22302 1:0 18460
17937 22434 1:0 17937
17944 16862 21:0 17947
17945 22305 1:0 18449
17945 22304 1:0 18456
17951 22286 1:0 18460
17954 22433 1:0 17954
17954 16865 21:0 17975
17956 22303 1:0 18467
17959 22427 1:0 17959
17971 22288 1:0 18469
17972 17090 1:0 18466
17972 17111 1:0 18469
17972 25 1:0 18591
17972 17179 1:0 18600
17972 17182 1:0 18600
17972 22225 1:0 18762
17974 22422 1:0 17974
17974 16870 21:0 17975
17976 117 1:0 17976
17981 16883 21:0 18010
17983 22420 1:0 17983
17983 22421 1:0 17983
17983 22418 1:0 17983
17984 22282 1:0 18497
17984 22289 1:0 18497
18009 22414 1:0 18009
18016 16892 21:0 18019
18026 16894 21:0 18029
18030 111 1:0 18030
18036 22413 1:0 18036
18036 16897 21:0 18053
18041 22407 1:0 18041
18052 16901 21:0 18053
18064 16915 21:0 18069
18066 22273 1:0 18497
18067 22271 1:0 18580
18067 22256 1:0 18591
18067 22248 1:0 18591
18067 17177 1:0 18600
18067 17168 1:0 18600
18067 9 1:0 18761
18067 17234 1:0 18800
18068 22401 1:0 18068
18070 105 1:0 18070
18075 16919 21:0 18078
18076 22272 1:0 18588
18076 22270 1:0 18598
18079 22268 1:0 18600
18082 17150 1:0 18600
18085 16922 21:0 18106
18087 22240 1:0 18628
18102 22262 1:0 18613
18103 22242 1:0 18628
18105 16927 21:0 18106
18107 99 1:0 18107
18112 16940 21:0 18141
18114 22388 1:0 18114
18115 22229 1:0 18722
18115 22223 1:0 18722
18147 16949 21:0 18150
18151 95 1:0 18151
18157 16951 21:0 18160
18161 93 1:0 18161
18167 22380 1:0 18167
18167 16954 21:0 18184
18172 22374 1:0 18172
18183 16958 21:0 18184
18195 16972 21:0 18200
18197 22239 1:0 18711
18198 22238 1:0 18718
18198 17204 1:0 18728
18198 22235 1:0 18731
18198 338 1:0 18734
18198 17207 1:0 18734
18201 87 1:0 18201
18206 16976 21:0 18209
18207 22237 1:0 18729
18207 22224 1:0 18734
18207 22216 1:0 18762
18207 22222 1:0 18762
18207 22220 1:0 18762
18210 17225 1:0 18762
18210 5 1:0 18805
18210 17236 1:0 18810
18210 3 1:0 18813
18210 17239 1:0 18820
18213 22215 1:0 18813
18213 339 1:0 18840
18216 16979 21:0 18237
18221 22361 1:0 18221
18236 16984 21:0 18237
18238 81 1:0 18238
18243 16997 21:0 18272
18245 22354 1:0 18245
18245 22355 1:0 18245
18273 79 1:0 18273
18278 17006 21:0 18281
18288 17008 21:0 18291
18292 75 1:0 18292
18298 17011 21:0 18315
18314 17015 21:0 18315
18326 17029 21:0 18331
18330 22335 1:0 18330
18337 17033 21:0 18340
18341 65 1:0 18341
18347 17036 21:0 18368
18367 22323 1:0 18367
18367 17041 21:0 18368
18369 63 1:0 18369
18374 17054 21:0 18403
18409 17063 21:0 18412
18419 17065 21:0 18422
18423 57 1:0 18423
18429 17068 21:0 18446
18445 17072 21:0 18446
18452 49 1:0 18452
18457 17086 21:0 18462
18468 17090 21:0 18471
18478 17093 21:0 18499
18498 17098 21:0 18499
18500 45 1:0 18500
18505 17111 21:0 18534
18540 17120 21:0 18543
18550 17122 21:0 18553
18554 39 1:0 18554
18560 17125 21:0 18577
18565 22275 1:0 18565
18576 17129 21:0 18577
18583 31 1:0 18583
18588 17143 21:0 18593
18599 17147 21:0 18602
18609 17150 21:0 18630
18629 22257 1:0 18629
18629 17155 21:0 18630
18631 27 1:0 18631
18636 17168 21:0 18665
18664 22249 1:0 18664
18671 17177 21:0 18674
18675 23 1:0 18675
18681 17179 21:0 18684
18685 21 1:0 18685
18691 17182 21:0 18708
18707 17186 21:0 18708
18719 17200 21:0 18724
18730 17204 21:0 18733
18734 11 1:0 18734
18740 17207 21:0 18761
18760 17212 21:0 18761
18767 17225 21:0 18796
18797 7 1:0 18797
18802 17234 21:0 18805
18812 17236 21:0 18815
18827 17243 21:0 18828
18838 338 21:0 18856
18855 23866 21:0 18888
18887 17239 21:0 18888
18887 17 21:0 18888
18887 23865 21:0 18888
18888 23871 21:0 18904
18903 9 21:0 18904
18903 5 21:0 18904
18903 23886 21:0 18904
18903 339 21:0 18904
18903 23885 21:0 18904
18903 19 21:0 18904
18903 7 21:0 18904
18903 3 21:0 18904
18903 23876 21:0 18904
18904 11 21:0 18904
18906 23888 21:0 18914
18913 23890 21:0 18964
18916 23880 21:0 18916
18936 23900 21:0 18936
18963 23889 21:0 18980
18969 23908 21:0 18969
18979 23891 21:0 18990
18985 33 21:0 18985
18989 23921 21:0 19023
18990 31 21:0 18990
19022 23923 21:0 19056
19040 23937 21:0 19040
19053 23952 21:0 19053
19055 23922 21:0 19061
19056 47 21:0 19056
19060 23924 21:0 19080
19061 23953 21:0 19061
19077 23965 21:0 19077
19079 23954 21:0 19132
19116 23972 21:0 19116
19116 23973 21:0 19116
19131 23956 21:0 19137
19132 65 21:0 19132
19136 23955 21:0 19156
19137 23986 21:0 19137
19155 23957 21:0 19208
19164 23999 21:0 19164
19192 24005 21:0 19192
19207 23987 21:0 19213
19212 23989 21:0 19218
19213 87 21:0 19213
19213 24019 21:0 19213
19217 23988 21:0 19284
19220 24012 21:0 19220
19268 24036 21:0 19268
19283 23990 21:0 19289
19284 101 21:0 19284
19288 24020 21:0 19294
19289 105 21:0 19289
19289 24052 21:0 19289
19293 24022 21:0 19349
19316 24065 21:0 19316
19344 24069 21:0 19344
19348 24021 21:0 19365
19349 24073 21:0 19349
19351 24058 21:0 19351
19364 24023 21:0 19370
19365 24085 21:0 19365
19369 24053 21:0 19425
19372 24078 21:0 19372
19381 24097 21:0 19381
19392 24098 21:0 19392
19420 24102 21:0 19420
19420 24105 21:0 19420
19420 24104 21:0 19420
19424 24054 21:0 19441
19425 24106 21:0 19425
19427 24091 21:0 19427
19433 24117 21:0 19433
19436 137 21:0 19436
19440 24055 21:0 19446
19441 24118 21:0 19441
19445 24056 21:0 19496
19448 24111 21:0 19448
19457 24130 21:0 19457
19468 24131 21:0 19468
19495 24086 21:0 19512
19496 24135 21:0 19496
19496 24138 21:0 19496
19496 24137 21:0 19496
19501 24139 21:0 19501
19503 24124 21:0 19503
19509 24150 21:0 19509
19511 24088 21:0 19522
19517 159 21:0 19517
19517 24151 21:0 19517
19521 165 1:0 19532
19521 24087 21:0 19544
19522 157 21:0 19522
19524 24144 21:0 19524
19530 179 1:0 19531
19533 24163 21:0 19533
19535 167 1:0 19536
19539 169 1:0 19540
19543 24089 21:0 19588
19544 24164 21:0 19544
19571 171 1:0 19573
19572 24171 21:0 19572
19572 24170 21:0 19572
19572 24168 21:0 19572
19576 173 1:0 19584
19577 24172 21:0 19577
19579 24157 21:0 19579
19583 181 1:0 19583
19585 24183 21:0 19585
19587 177 1:0 19589
19587 24119 21:0 19593
19588 173 21:0 19588
19592 175 1:0 19594
19592 24120 21:0 19612
19593 177 21:0 19593
19593 24184 21:0 19593
19597 183 1:0 19608
19600 24177 21:0 19600
19607 197 1:0 19607
19609 24196 21:0 19609
19611 185 1:0 19612
19611 24121 21:0 19664
19615 187 1:0 19616
19620 24197 21:0 19620
19647 189 1:0 19649
19648 24204 21:0 19648
19648 24201 21:0 19648
19648 24203 21:0 19648
19652 191 1:0 19660
19653 24205 21:0 19653
19655 24190 21:0 19655
19659 199 1:0 19659
19661 24216 21:0 19661
19663 195 1:0 19665
19663 24122 21:0 19669
19668 193 1:0 19670
19668 24152 21:0 19674
19669 24217 21:0 19669
19673 201 1:0 19684
19673 24154 21:0 19740
19676 24210 21:0 19676
19683 215 1:0 19683
19685 24229 21:0 19685
19687 203 1:0 19688
19691 205 1:0 19692
19696 24230 21:0 19696
19723 207 1:0 19725
19724 24236 21:0 19724
19724 24234 21:0 19724
19724 24237 21:0 19724
19728 209 1:0 19736
19729 24238 21:0 19729
19731 24223 21:0 19731
19735 217 1:0 19735
19737 24249 21:0 19737
19739 213 1:0 19741
19739 24153 21:0 19745
19744 211 1:0 19746
19744 24155 21:0 19750
19745 24250 21:0 19745
19749 219 1:0 19760
19749 24185 21:0 19816
19752 24243 21:0 19752
19759 233 1:0 19759
19761 24262 21:0 19761
19763 221 1:0 19764
19767 223 1:0 19768
19772 24263 21:0 19772
19799 225 1:0 19801
19800 24270 21:0 19800
19800 24269 21:0 19800
19800 24267 21:0 19800
19804 227 1:0 19812
19805 24271 21:0 19805
19807 24256 21:0 19807
19811 235 1:0 19811
19813 24282 21:0 19813
19815 231 1:0 19817
19815 24187 21:0 19821
19820 229 1:0 19822
19820 24186 21:0 19826
19821 24283 21:0 19821
19825 237 1:0 19836
19825 24188 21:0 19881
19826 229 21:0 19826
19828 24276 21:0 19828
19835 251 1:0 19835
19837 24295 21:0 19837
19839 239 1:0 19840
19843 241 1:0 19844
19848 24296 21:0 19848
19875 243 1:0 19877
19876 24302 21:0 19876
19876 24303 21:0 19876
19876 24300 21:0 19876
19880 245 1:0 19888
19880 24218 21:0 19897
19881 24304 21:0 19881
19883 24289 21:0 19883
19887 253 1:0 19887
19889 24315 21:0 19889
19891 249 1:0 19893
19896 247 1:0 19898
19896 24219 21:0 19902
19897 249 21:0 19897
19897 24316 21:0 19897
19901 255 1:0 19912
19901 24220 21:0 19952
19902 247 21:0 19902
19904 24309 21:0 19904
19911 269 1:0 19911
19913 24328 21:0 19913
19915 257 1:0 19916
19919 259 1:0 19920
19924 24329 21:0 19924
19951 261 1:0 19953
19951 24221 21:0 19968
19952 24336 21:0 19952
19952 24333 21:0 19952
19952 24335 21:0 19952
19956 263 1:0 19964
19957 24337 21:0 19957
19959 24322 21:0 19959
19963 271 1:0 19963
19965 24348 21:0 19965
19967 267 1:0 19969
19967 24251 21:0 19978
19968 263 21:0 19968
19972 265 1:0 19974
19973 267 21:0 19973
19973 24349 21:0 19973
19977 273 1:0 19988
19977 24253 21:0 20028
19978 265 21:0 19978
19978 24353 21:0 19978
19980 24342 21:0 19980
19987 287 1:0 19987
19989 24361 21:0 19989
19991 275 1:0 19992
19995 277 1:0 19996
20000 24362 21:0 20000
20027 279 1:0 20029
20027 24252 21:0 20044
20028 24369 21:0 20028
20028 24366 21:0 20028
20028 24368 21:0 20028
20032 281 1:0 20040
20033 24370 21:0 20033
20035 24355 21:0 20035
20039 289 1:0 20039
20041 24381 21:0 20041
20043 285 1:0 20045
20043 24254 21:0 20054
20044 281 21:0 20044
20046 24383 21:0 20046
20048 283 1:0 20050
20049 285 21:0 20049
20049 24382 21:0 20049
20051 24384 21:0 20051
20051 24385 21:0 20051
20053 291 1:0 20064
20053 24284 21:0 20072
20054 283 21:0 20054
20054 24386 21:0 20054
20056 24375 21:0 20056
20063 305 1:0 20063
20065 24394 21:0 20065
20067 293 1:0 20068
20071 295 1:0 20072
20071 24286 21:0 20120
20076 24395 21:0 20076
20103 297 1:0 20105
20104 24402 21:0 20104
20104 24399 21:0 20104
20104 24401 21:0 20104
20108 299 1:0 20116
20109 24403 21:0 20109
20111 24388 21:0 20111
20115 307 1:0 20115
20117 24414 21:0 20117
20119 303 1:0 20121
20119 24285 21:0 20125
20122 24416 21:0 20122
20124 301 1:0 20126
20124 24287 21:0 20144
20125 24415 21:0 20125
20127 24417 21:0 20127
20127 24418 21:0 20127
20129 309 1:0 20140
20130 24419 21:0 20130
20132 24408 21:0 20132
20139 323 1:0 20139
20141 24427 21:0 20141
20143 311 1:0 20144
20143 23867 21:0 20180
20147 313 1:0 20148
20152 24428 21:0 20152
20179 315 1:0 20181
20179 23875 21:0 20185
20180 24432 21:0 20180
20180 24435 21:0 20180
20180 24434 21:0 20180
20184 317 1:0 20192
20184 23874 21:0 20196
20185 24436 21:0 20185
20187 24421 21:0 20187
20191 325 1:0 20191
20193 24447 21:0 20193
20195 23873 21:0 20196
20195 321 1:0 20197
20195 24317 21:0 20201
20198 24449 21:0 20198
20200 319 1:0 20202
20200 24318 21:0 20206
20203 24450 21:0 20203
20203 24451 21:0 20203
20205 329 1:0 20217
20205 51 21:0 20221
20214 327 1:0 20214
20220 45 21:0 20221
20220 25 21:0 20221
20220 24338 21:0 20221
20220 21 21:0 20221
20220 15605 1:0 20223
20220 79 21:0 20226
20225 24162 21:0 20226
20225 24017 21:0 20226
20225 24347 21:0 20226
20225 24261 21:0 20226
20225 23997 21:0 20226
20225 24327 21:0 20226
20225 23951 21:0 20226
20225 24149 21:0 20226
20225 24195 21:0 20226
20225 23964 21:0 20226
20225 24294 21:0 20226
20225 24063 21:0 20226
20225 24215 21:0 20226
20225 107 21:0 20226
20225 23984 21:0 20226
20225 24096 21:0 20226
20225 24030 21:0 20226
20225 24129 21:0 20226
20225 23931 21:0 20226
20225 24116 21:0 20226
20225 24248 21:0 20226
20225 24083 21:0 20226
20225 24050 21:0 20226
20225 24182 21:0 20226
20225 24314 21:0 20226
20225 23918 21:0 20226
20225 24281 21:0 20226
20225 24228 21:0 20226
20225 23898 21:0 20226
20226 24462 21:0 20236
20235 16215 1:0 20237
20235 24319 21:0 20262
20242 16219 1:0 20242
20261 16231 1:0 20263
20261 24320 21:0 20270
20265 24450 1:0 20265
20266 24451 1:0 20266
20267 24489 21:0 20267
20269 24350 21:0 20273
20272 16235 1:0 20274
20272 24352 21:0 20282
20276 24489 1:0 20276
20276 24449 1:0 20276
20281 16238 1:0 20284
20281 24351 21:0 20328
20286 24447 1:0 20286
20289 16243 1:0 20289
20306 24436 1:0 20306
20309 16256 1:0 20311
20315 24432 1:0 20315
20315 24435 1:0 20315
20315 24434 1:0 20315
20327 24064 21:0 20361
20341 24428 1:0 20341
20344 16265 1:0 20346
20353 16267 1:0 20356
20360 24031 21:0 20364
20363 16270 1:0 20366
20363 23907 21:0 20390
20368 24427 1:0 20368
20371 16274 1:0 20371
20373 24421 1:0 20373
20389 24419 1:0 20389
20389 23926 21:0 20390
20389 23985 21:0 20390
20389 24040 21:0 20393
20392 23899 21:0 20393
20392 23933 21:0 20393
20392 16288 1:0 20394
20392 24045 21:0 20401
20396 24417 1:0 20396
20397 24418 1:0 20397
20400 24415 1:0 20400
20400 23939 21:0 20401
20400 23959 21:0 20401
20400 24025 21:0 20404
20403 23919 21:0 20404
20403 24032 21:0 20404
20403 16292 1:0 20405
20403 23887 21:0 20410
20407 24416 1:0 20407
20409 24003 21:0 20410
20409 24038 21:0 20410
20409 23998 21:0 20413
20412 23932 21:0 20413
20412 23992 21:0 20413
20412 16295 1:0 20415
20412 23970 21:0 20438
20417 24414 1:0 20417
20420 16300 1:0 20420
20422 24408 1:0 20422
20437 24403 1:0 20437
20437 24072 21:0 20473
20440 16313 1:0 20442
20446 24402 1:0 20446
20446 24399 1:0 20446
20446 24401 1:0 20446
20472 24395 1:0 20472
20472 24084 21:0 20492
20475 16322 1:0 20477
20484 16324 1:0 20487
20491 24071 21:0 20495
20494 16327 1:0 20497
20494 23940 21:0 20521
20499 24394 1:0 20499
20502 16331 1:0 20502
20504 24388 1:0 20504
20520 24386 1:0 20520
20520 23974 21:0 20521
20520 23913 21:0 20521
20520 24007 21:0 20524
20522 283 1:0 20522
20523 23946 21:0 20524
20523 23904 21:0 20524
20523 16345 1:0 20525
20523 23920 21:0 20532
20527 24384 1:0 20527
20528 24385 1:0 20528
20531 24382 1:0 20531
20531 24039 21:0 20532
20531 23906 21:0 20532
20531 23966 21:0 20535
20533 285 1:0 20533
20534 24006 21:0 20535
20534 24018 21:0 20535
20534 16349 1:0 20536
20534 23979 21:0 20541
20538 24383 1:0 20538
20540 23893 21:0 20541
20540 24051 21:0 20541
20540 23941 21:0 20544
20542 281 1:0 20542
20543 16349 21:0 20544
20543 16345 21:0 20544
20543 16295 21:0 20544
20543 16292 21:0 20544
20543 16324 21:0 20544
20543 16352 1:0 20546
20543 16322 21:0 20546
20543 16384 1:0 20555
20543 16370 1:0 20555
20545 15605 21:0 20546
20545 24008 21:0 20548
20547 89 21:0 20548
20547 53 21:0 20548
20547 91 21:0 20548
20547 125 21:0 20548
20547 271 21:0 20548
20547 37 21:0 20548
20547 251 21:0 20548
20547 143 21:0 20548
20547 55 21:0 20548
20547 179 21:0 20548
20547 109 21:0 20548
20547 253 21:0 20548
20547 199 21:0 20548
20547 305 21:0 20548
20547 215 21:0 20548
20547 16219 21:0 20548
20547 71 21:0 20548
20547 197 21:0 20548
20547 163 21:0 20548
20547 35 21:0 20548
20547 269 21:0 20548
20547 127 21:0 20548
20547 235 21:0 20548
20547 233 21:0 20548
20547 181 21:0 20548
20547 161 21:0 20548
20547 145 21:0 20548
20547 327 21:0 20548
20547 217 21:0 20548
20547 73 21:0 20548
20547 24360 21:0 20548
20547 24380 21:0 20548
20547 323 21:0 20548
20547 287 21:0 20548
20547 16243 21:0 20548
20547 16274 21:0 20548
20547 325 21:0 20548
20547 16300 21:0 20548
20547 16331 21:0 20548
20547 24464 21:0 20548
20547 307 21:0 20548
20548 24381 1:0 20548
20548 16352 21:0 20569
20551 16357 1:0 20551
20553 24375 1:0 20553
20553 24380 1:0 20553
20556 16381 1:0 20562
20563 16379 1:0 20567
20567 24360 1:0 20567
20567 16388 1:0 20567
20567 287 1:0 20567
20568 24370 1:0 20568
20568 16288 21:0 20572
20568 24351 1:0 20650
20571 16238 21:0 20572
20571 16235 21:0 20607
20577 24369 1:0 20577
20577 24366 1:0 20577
20577 24368 1:0 20577
20603 24362 1:0 20603
20606 16231 21:0 20623
20622 319 21:0 20623
20622 321 21:0 20626
20625 317 21:0 20628
20627 301 21:0 20652
20630 24361 1:0 20630
20635 24355 1:0 20635
20651 24353 1:0 20651
20651 281 21:0 20652
20651 285 21:0 20652
20651 283 21:0 20652
20651 299 21:0 20652
20651 303 21:0 20652
20651 211 21:0 20655
20651 24352 1:0 20658
20653 265 1:0 20653
20653 16402 1:0 20656
20654 175 21:0 20655
20654 227 21:0 20655
20654 191 21:0 20655
20654 123 21:0 20655
20654 193 21:0 20655
20654 24173 21:0 20655
20654 16379 21:0 20655
20654 16381 21:0 20655
20654 24074 21:0 20658
20657 287 21:0 20658
20657 16388 21:0 20658
20657 16357 21:0 20658
20657 289 21:0 20658
20658 16402 21:0 20663
20661 16406 1:0 20667
20661 24350 1:0 20668
20661 16441 1:0 20675
20661 16436 1:0 20675
20661 16414 1:0 20679
20661 24347 1:0 20679
20661 16438 1:0 20679
20661 271 1:0 20679
20661 16445 1:0 20698
20661 269 1:0 20698
20661 24327 1:0 20698
20661 24338 1:0 20698
20661 16427 1:0 20698
20661 253 1:0 20801
20661 16493 1:0 20801
20661 16495 1:0 20801
20661 16471 1:0 20801
20661 24314 1:0 20801
20661 24294 1:0 20829
20661 16502 1:0 20829
20661 251 1:0 20829
20661 16528 1:0 20932
20661 235 1:0 20932
20661 24281 1:0 20932
20661 16559 1:0 20960
20661 24261 1:0 20960
20661 233 1:0 20960
20661 217 1:0 21063
20661 16585 1:0 21063
20661 24248 1:0 21063
20661 24228 1:0 21091
20661 16616 1:0 21091
20661 215 1:0 21091
20661 199 1:0 21194
20661 16642 1:0 21194
20661 24215 1:0 21194
20661 197 1:0 21222
20661 16673 1:0 21222
20661 24195 1:0 21222
20661 16699 1:0 21325
20661 181 1:0 21325
20661 24182 1:0 21325
20661 179 1:0 21353
20661 24162 1:0 21353
20661 16730 1:0 21353
20661 16756 1:0 21453
20661 163 1:0 21453
20661 24149 1:0 21456
20661 24129 1:0 21484
20661 16787 1:0 21484
20661 161 1:0 21484
20661 16813 1:0 21587
20661 24116 1:0 21587
20661 145 1:0 21587
20661 24096 1:0 21615
20661 143 1:0 21615
20661 16844 1:0 21615
20661 127 1:0 21727
20661 16870 1:0 21727
20661 24083 1:0 21727
20661 24063 1:0 21746
20661 16901 1:0 21746
20661 125 1:0 21746
20661 109 1:0 21849
20661 16927 1:0 21849
20661 24050 1:0 21849
20661 16958 1:0 21877
20661 24030 1:0 21877
20661 107 1:0 21877
20661 16984 1:0 21980
20661 24017 1:0 21980
20661 91 1:0 21980
20661 23997 1:0 21980
20661 89 1:0 22008
20661 17015 1:0 22008
20661 73 1:0 22111
20661 17041 1:0 22111
20662 24349 1:0 20662
20662 245 21:0 20663
20662 139 21:0 20663
20662 83 21:0 20663
20662 155 21:0 20663
20662 265 21:0 20663
20662 231 21:0 20666
20664 267 1:0 20664
20664 24320 1:0 20698
20665 16384 21:0 20666
20665 141 21:0 20666
20665 16267 21:0 20666
20665 49 21:0 20666
20665 15 21:0 20666
20665 16327 21:0 20666
20665 16265 21:0 20666
20665 121 21:0 20666
20665 16370 21:0 20666
20665 23909 21:0 20669
20667 16409 1:0 20677
20667 16459 1:0 20787
20667 16463 1:0 20798
20669 16406 21:0 20672
20670 24319 1:0 20781
20670 24318 1:0 20788
20671 267 21:0 20672
20671 67 21:0 20672
20671 119 21:0 20672
20671 69 21:0 20672
20671 13 21:0 20675
20673 263 1:0 20673
20673 24317 1:0 20799
20674 213 21:0 20675
20674 16313 21:0 20675
20674 16270 21:0 20675
20674 85 21:0 20675
20674 103 21:0 20675
20674 29 21:0 20675
20674 195 21:0 20675
20674 16215 21:0 20675
20674 313 21:0 20679
20676 195 1:0 20792
20676 29 1:0 20792
20676 16484 1:0 20801
20676 245 1:0 20801
20676 213 1:0 20801
20676 16498 1:0 20801
20676 24287 1:0 20829
20676 16552 1:0 20932
20678 13 1:0 20829
20679 24348 1:0 20679
20679 16409 21:0 20700
20681 16466 1:0 20808
20681 103 1:0 20829
20684 24342 1:0 20684
20696 85 1:0 20829
20696 119 1:0 20923
20697 67 1:0 20923
20697 231 1:0 20923
20699 24337 1:0 20699
20699 209 21:0 20703
20702 16256 21:0 20703
20702 263 21:0 20703
20702 311 21:0 20703
20702 23942 21:0 20706
20704 209 1:0 20792
20705 271 21:0 20706
20705 16414 21:0 20706
20706 16427 21:0 20735
20708 24336 1:0 20708
20708 24333 1:0 20708
20708 24335 1:0 20708
20709 24285 1:0 20912
20734 24329 1:0 20734
20734 329 21:0 20735
20734 315 21:0 20738
20737 293 21:0 20738
20737 277 21:0 20738
20737 295 21:0 20738
20737 24140 21:0 20741
20741 16436 21:0 20744
20743 309 21:0 20744
20743 297 21:0 20747
20746 24272 21:0 20747
20746 259 21:0 20747
20746 275 21:0 20747
20746 24239 21:0 20747
20746 77 21:0 20749
20748 24272 1:0 20932
20750 16550 1:0 20932
20750 16541 1:0 20932
20750 23984 1:0 22111
20750 71 1:0 22139
20750 17072 1:0 22139
20751 16438 21:0 20754
20753 261 21:0 20754
20753 273 21:0 20754
20753 75 21:0 20754
20753 23975 21:0 20754
20753 203 21:0 20754
20753 257 21:0 20754
20753 291 21:0 20754
20753 279 21:0 20754
20753 61 21:0 20757
20756 24206 21:0 20757
20756 24305 21:0 20757
20756 167 21:0 20757
20756 187 21:0 20757
20756 41 21:0 20757
20756 24107 21:0 20757
20756 24041 21:0 20757
20758 24305 1:0 20801
20758 187 1:0 20923
20761 24328 1:0 20761
20761 16441 21:0 20778
20766 24322 1:0 20766
20777 255 21:0 20783
20782 269 21:0 20783
20782 16445 21:0 20783
20784 247 1:0 20784
20789 16459 21:0 20794
20791 24286 1:0 20920
20792 16516 1:0 20918
20792 16520 1:0 20929
20792 24284 1:0 20930
20792 227 1:0 20932
20792 69 1:0 20932
20792 16555 1:0 20932
20792 121 1:0 20960
20792 49 1:0 20960
20792 203 1:0 21054
20792 16612 1:0 21063
20792 16598 1:0 21063
20792 16609 1:0 21063
20792 16607 1:0 21063
20792 24239 1:0 21063
20792 23964 1:0 22139
20792 55 1:0 22242
20792 53 1:0 22242
20792 17098 1:0 22242
20792 17129 1:0 22242
20793 24316 1:0 20793
20793 247 21:0 20794
20795 249 1:0 20795
20800 16463 21:0 20803
20801 16523 1:0 20939
20801 211 1:0 20960
20801 24254 1:0 20960
20802 249 21:0 20803
20804 24252 1:0 21043
20807 155 1:0 21054
20810 24315 1:0 20810
20810 16466 21:0 20831
20812 24253 1:0 21051
20815 24309 1:0 20815
20827 16573 1:0 21049
20827 141 1:0 21054
20828 139 1:0 21054
20828 16577 1:0 21060
20828 193 1:0 21063
20828 83 1:0 21063
20830 24304 1:0 20830
20830 245 21:0 20834
20833 253 21:0 20834
20833 16471 21:0 20834
20837 16484 21:0 20866
20839 24302 1:0 20839
20839 24303 1:0 20839
20839 24300 1:0 20839
20840 16580 1:0 21070
20840 191 1:0 21091
20840 175 1:0 21091
20840 16669 1:0 21194
20840 16664 1:0 21194
20865 24296 1:0 20865
20865 243 21:0 20869
20872 16493 21:0 20875
20874 241 21:0 20875
20882 16495 21:0 20885
20884 239 21:0 20885
20892 24295 1:0 20892
20892 16498 21:0 20909
20897 24289 1:0 20897
20908 237 21:0 20914
20913 16502 21:0 20914
20913 251 21:0 20914
20915 229 1:0 20915
20920 16516 21:0 20925
20922 24251 1:0 21061
20923 24221 1:0 21091
20923 123 1:0 21091
20923 16630 1:0 21180
20923 16687 1:0 21185
20923 51 1:0 21185
20923 16634 1:0 21185
20923 24206 1:0 21192
20923 16655 1:0 21194
20923 16666 1:0 21194
20923 16915 1:0 21194
20923 167 1:0 21316
20923 16721 1:0 21325
20923 16723 1:0 21325
20923 16726 1:0 21325
20923 24173 1:0 21325
20923 16780 1:0 21456
20923 16778 1:0 21456
20923 24140 1:0 21456
20923 24107 1:0 21587
20923 16837 1:0 21587
20924 24283 1:0 20924
20924 229 21:0 20925
20931 16520 21:0 20934
20932 24220 1:0 21174
20932 24219 1:0 21181
20933 231 21:0 20934
20938 24218 1:0 21192
20940 16691 1:0 21194
20941 24282 1:0 20941
20941 16523 21:0 20962
20943 16801 1:0 21194
20943 16808 1:0 21222
20946 24276 1:0 20946
20949 23951 1:0 22242
20950 23931 1:0 22270
20958 16979 1:0 21222
20958 16712 1:0 21325
20958 24074 1:0 21746
20958 23918 1:0 22373
20958 37 1:0 22373
20958 17155 1:0 22373
20958 35 1:0 22401
20958 17186 1:0 22401
20961 24271 1:0 20961
20961 227 21:0 20965
20964 16528 21:0 20965
20964 235 21:0 20965
20968 16541 21:0 20997
20970 24270 1:0 20970
20970 24269 1:0 20970
20970 24267 1:0 20970
20971 24188 1:0 21222
20996 24263 1:0 20996
20996 225 21:0 21000
21003 16550 21:0 21006
21005 223 21:0 21006
21013 16552 21:0 21016
21015 221 21:0 21016
21023 24262 1:0 21023
21023 16555 21:0 21040
21028 24256 1:0 21028
21039 219 21:0 21045
21044 16559 21:0 21045
21044 233 21:0 21045
21051 16573 21:0 21056
21053 16637 1:0 21201
21053 17090 1:0 21222
21053 16751 1:0 21316
21053 16922 1:0 21316
21053 17147 1:0 21316
21053 17143 1:0 21316
21053 16858 1:0 21325
21054 24186 1:0 21305
21054 24187 1:0 21313
21055 24250 1:0 21055
21055 211 21:0 21056
21062 16577 21:0 21065
21063 24185 1:0 21323
21063 16972 1:0 21325
21063 16744 1:0 21325
21064 213 21:0 21065
21066 24155 1:0 21353
21069 16694 1:0 21332
21069 17029 1:0 21353
21069 16862 1:0 21353
21069 16748 1:0 21353
21069 23941 1:0 21447
21071 16783 1:0 21456
21071 16769 1:0 21456
21071 16835 1:0 21587
21071 16840 1:0 21587
21071 16892 1:0 21723
21071 77 1:0 21723
21071 16894 1:0 21727
21072 24249 1:0 21072
21072 16580 21:0 21093
21074 23898 1:0 22401
21077 24243 1:0 21077
21090 24153 1:0 21436
21091 19 1:0 22507
21091 17212 1:0 22516
21092 24238 1:0 21092
21092 209 21:0 21096
21095 217 21:0 21096
21095 16585 21:0 21096
21099 16598 21:0 21128
21101 24236 1:0 21101
21101 24234 1:0 21101
21101 24237 1:0 21101
21102 24051 1:0 21447
21102 16976 1:0 21456
21102 16826 1:0 21587
21102 24041 1:0 21849
21102 17 1:0 22595
21102 17243 1:0 22598
21127 24230 1:0 21127
21127 207 21:0 21131
21134 16607 21:0 21137
21136 205 21:0 21137
21144 16609 21:0 21147
21146 203 21:0 21147
21154 24229 1:0 21154
21154 16612 21:0 21171
21159 24223 1:0 21159
21170 201 21:0 21176
21175 16616 21:0 21176
21175 215 21:0 21176
21182 16630 21:0 21187
21184 24154 1:0 21444
21185 24152 1:0 21454
21185 23893 1:0 21456
21185 24018 1:0 21484
21185 23979 1:0 21484
21186 24217 1:0 21186
21186 193 21:0 21187
21193 16634 21:0 21196
21194 24122 1:0 21484
21194 24121 1:0 21567
21195 195 21:0 21196
21200 24120 1:0 21574
21202 24006 1:0 21578
21203 24216 1:0 21203
21203 16637 21:0 21224
21205 23966 1:0 21578
21208 24210 1:0 21208
21211 23885 1:0 22518
21212 23865 1:0 22600
21220 16805 1:0 21584
21220 21 1:0 21718
21220 24008 1:0 21980
21223 24205 1:0 21223
21223 191 21:0 21227
21226 16642 21:0 21227
21226 199 21:0 21227
21230 16655 21:0 21259
21232 24204 1:0 21232
21232 24201 1:0 21232
21232 24203 1:0 21232
21233 24119 1:0 21585
21258 24197 1:0 21258
21258 189 21:0 21262
21265 16664 21:0 21268
21267 187 21:0 21268
21275 16666 21:0 21278
21277 185 21:0 21278
21285 24196 1:0 21285
21285 16669 21:0 21302
21290 24190 1:0 21290
21301 183 21:0 21307
21306 197 21:0 21307
21306 16673 21:0 21307
21313 16687 21:0 21318
21315 23906 1:0 21587
21315 24071 1:0 21615
21315 24039 1:0 21615
21315 75 1:0 21718
21315 45 1:0 21723
21315 16897 1:0 21727
21315 16883 1:0 21746
21316 24089 1:0 21615
21316 24087 1:0 21698
21317 24184 1:0 21317
21317 175 21:0 21318
21319 177 1:0 21319
21324 16691 21:0 21327
21325 24088 1:0 21706
21325 24072 1:0 21709
21325 24084 1:0 21709
21325 17036 1:0 21718
21325 24038 1:0 21718
21325 16865 1:0 21725
21326 177 21:0 21327
21328 173 1:0 21328
21331 24086 1:0 21716
21333 79 1:0 21840
21333 16951 1:0 21849
21333 16949 1:0 21849
21333 17006 1:0 21980
21333 23975 1:0 22111
21334 24183 1:0 21334
21334 16694 21:0 21355
21339 24177 1:0 21339
21352 24056 1:0 21746
21354 24172 1:0 21354
21354 173 21:0 21358
21357 16699 21:0 21358
21357 181 21:0 21358
21361 16712 21:0 21390
21363 24171 1:0 21363
21363 24170 1:0 21363
21363 24168 1:0 21363
21364 24064 1:0 21746
21364 24025 1:0 21840
21389 24164 1:0 21389
21389 171 21:0 21393
21396 16721 21:0 21399
21398 169 21:0 21399
21406 16723 21:0 21409
21408 167 21:0 21409
21416 24163 1:0 21416
21416 16726 21:0 21433
21421 24157 1:0 21421
21432 165 21:0 21438
21437 16730 21:0 21438
21437 179 21:0 21438
21439 157 1:0 21439
21444 16744 21:0 21449
21446 24055 1:0 21829
21447 24054 1:0 21836
21447 24032 1:0 21840
21447 16919 1:0 21846
21447 16954 1:0 21849
21447 16940 1:0 21849
21447 24045 1:0 21849
21447 17008 1:0 21980
21447 16997 1:0 21980
21447 61 1:0 22102
21447 17065 1:0 22111
21447 17063 1:0 22111
21448 24151 1:0 21448
21450 159 1:0 21450
21455 16748 21:0 21458
21456 24053 1:0 21847
21456 24023 1:0 21877
21462 24040 1:0 21877
21462 24031 1:0 21877
21465 24150 1:0 21465
21465 16751 21:0 21486
21470 24144 1:0 21470
21482 24021 1:0 21960
21483 24007 1:0 21971
21483 17086 1:0 21980
21485 24139 1:0 21485
21485 16756 21:0 21486
21492 16769 21:0 21521
21494 24135 1:0 21494
21494 24138 1:0 21494
21494 24137 1:0 21494
21495 23920 1:0 21971
21495 17011 1:0 21980
21495 17054 1:0 22111
21495 41 1:0 22233
21495 17122 1:0 22242
21495 23942 1:0 22242
21520 24131 1:0 21520
21527 16778 21:0 21530
21537 16780 21:0 21540
21547 24130 1:0 21547
21547 16783 21:0 21563
21552 24124 1:0 21552
21562 16787 21:0 21563
21575 16801 21:0 21580
21577 24022 1:0 21968
21578 24020 1:0 21978
21578 23992 1:0 21980
21578 24003 1:0 22008
21578 23998 1:0 22008
21579 24118 1:0 21579
21586 16805 21:0 21589
21587 23990 1:0 22008
21587 23988 1:0 22091
21590 137 1:0 21590
21595 23989 1:0 22099
21596 24117 1:0 21596
21596 16808 21:0 21617
21598 23946 1:0 22102
21601 24111 1:0 21601
21613 23974 1:0 22102
21614 17033 1:0 22108
21614 23970 1:0 22111
21616 24106 1:0 21616
21616 16813 21:0 21617
21623 16826 21:0 21652
21625 24102 1:0 21625
21625 24105 1:0 21625
21625 24104 1:0 21625
21626 17068 1:0 22111
21626 23959 1:0 22139
21626 17111 1:0 22242
21626 17120 1:0 22242
21626 25 1:0 22364
21626 23909 1:0 22373
21651 24098 1:0 21651
21658 16835 21:0 21661
21668 16837 21:0 21671
21678 24097 1:0 21678
21678 16840 21:0 21695
21683 24091 1:0 21683
21694 16844 21:0 21695
21706 16858 21:0 21711
21708 23987 1:0 22109
21709 23985 1:0 22119
21709 23957 1:0 22139
21709 23940 1:0 22233
21709 23932 1:0 22233
21710 24085 1:0 21710
21717 16862 21:0 21720
21718 23955 1:0 22222
21718 23956 1:0 22230
21726 23954 1:0 22240
21727 16865 21:0 21748
21729 23939 1:0 22242
21732 24078 1:0 21732
21744 17125 1:0 22242
21744 17093 1:0 22242
21744 17179 1:0 22373
21744 17168 1:0 22373
21744 17177 1:0 22373
21744 23876 1:0 22532
21745 23926 1:0 22270
21747 24073 1:0 21747
21747 16870 21:0 21748
21754 16883 21:0 21783
21756 24069 1:0 21756
21757 23933 1:0 22270
21782 24065 1:0 21782
21789 16892 21:0 21792
21799 16894 21:0 21802
21809 16897 21:0 21826
21814 24058 1:0 21814
21825 16901 21:0 21826
21837 16915 21:0 21842
21839 23924 1:0 22270
21840 23922 1:0 22353
21840 23923 1:0 22361
21841 24052 1:0 21841
21843 105 1:0 21843
21848 16919 21:0 21851
21849 23904 1:0 22364
21849 23913 1:0 22364
21849 23921 1:0 22371
21849 17182 1:0 22373
21849 17150 1:0 22373
21849 23919 1:0 22373
21849 9 1:0 22507
21849 17234 1:0 22527
21849 7 1:0 22532
21852 101 1:0 21852
21857 23891 1:0 22401
21858 16922 21:0 21879
21860 23899 1:0 22401
21875 23907 1:0 22401
21876 15 1:0 22495
21876 23887 1:0 22495
21878 16927 21:0 21879
21885 16940 21:0 21914
21887 24036 1:0 21887
21888 17200 1:0 22490
21920 16949 21:0 21923
21930 16951 21:0 21933
21940 16954 21:0 21957
21956 16958 21:0 21957
21968 16972 21:0 21973
21970 23889 1:0 22484
21971 23890 1:0 22492
21971 23888 1:0 22502
21972 24019 1:0 21972
21974 87 1:0 21974
21979 16976 21:0 21982
21980 17204 1:0 22501
21980 23873 1:0 22504
21980 17225 1:0 22507
21980 17207 1:0 22507
21980 23875 1:0 22507
21980 23874 1:0 22507
21980 23886 1:0 22512
21980 23867 1:0 22532
21980 339 1:0 22532
21980 5 1:0 22578
21980 17236 1:0 22583
21980 3 1:0 22586
21980 17239 1:0 22593
21983 23871 1:0 22541
21986 23866 1:0 22586
21986 340 1:0 22613
21989 16979 21:0 22010
21994 24012 1:0 21994
22009 16984 21:0 22010
22016 16997 21:0 22045
22018 24005 1:0 22018
22044 23999 1:0 22044
22051 17006 21:0 22054
22061 17008 21:0 22064
22071 17011 21:0 22088
22087 17015 21:0 22088
22099 17029 21:0 22104
22103 23986 1:0 22103
22110 17033 21:0 22113
22114 65 1:0 22114
22120 17036 21:0 22141
22140 17041 21:0 22141
22147 17054 21:0 22176
22149 23972 1:0 22149
22149 23973 1:0 22149
22182 17063 21:0 22185
22192 17065 21:0 22195
22202 23965 1:0 22202
22202 17068 21:0 22219
22218 17072 21:0 22219
22230 17086 21:0 22235
22234 23953 1:0 22234
22241 17090 21:0 22244
22245 47 1:0 22245
22251 23952 1:0 22251
22251 17093 21:0 22272
22271 17098 21:0 22272
22278 17111 21:0 22307
22280 23937 1:0 22280
22313 17120 21:0 22316
22323 17122 21:0 22326
22333 17125 21:0 22350
22349 17129 21:0 22350
22356 31 1:0 22356
22361 17143 21:0 22366
22367 33 1:0 22367
22372 17147 21:0 22375
22382 17150 21:0 22403
22402 23908 1:0 22402
22402 17155 21:0 22403
22409 17168 21:0 22438
22437 23900 1:0 22437
22444 17177 21:0 22447
22454 17179 21:0 22457
22464 17182 21:0 22481
22480 17186 21:0 22481
22492 17200 21:0 22497
22503 17204 21:0 22506
22507 11 1:0 22507
22513 17207 21:0 22534
22518 23880 1:0 22518
22533 17212 21:0 22534
22540 17225 21:0 22569
22575 17234 21:0 22578
22585 17236 21:0 22588
22600 17243 21:0 22601
22611 339 21:0 22629
22628 25517 21:0 22661
22660 17239 21:0 22661
22660 17 21:0 22661
22660 25516 21:0 22661
22661 25522 21:0 22677
22676 25536 21:0 22677
22676 19 21:0 22677
22676 25524 21:0 22677
22676 7 21:0 22677
22676 9 21:0 22677
22676 25537 21:0 22677
22676 25527 21:0 22677
22676 3 21:0 22677
22676 5 21:0 22677
22679 25539 21:0 22687
22686 25541 21:0 22737
22689 25531 21:0 22689
22698 25550 21:0 22698
22709 25551 21:0 22709
22736 25540 21:0 22753
22737 25557 21:0 22737
22737 25558 21:0 22737
22737 25555 21:0 22737
22750 25570 21:0 22750
22752 25542 21:0 22763
22758 25571 21:0 22758
22762 25572 21:0 22785
22784 25573 21:0 22829
22813 25591 21:0 22813
22813 25588 21:0 22813
22820 25577 21:0 22820
22826 25603 21:0 22826
22828 25574 21:0 22834
22833 25575 21:0 22853
22834 25604 21:0 22834
22850 25616 21:0 22850
22852 25605 21:0 22905
22861 25617 21:0 22861
22889 25623 21:0 22889
22894 25625 21:0 22894
22904 25607 21:0 22910
22909 25606 21:0 22929
22917 25630 21:0 22917
22926 25649 21:0 22926
22928 25608 21:0 22981
22937 25650 21:0 22937
22965 25657 21:0 22965
22972 25643 21:0 22972
22978 25669 21:0 22978
22980 25638 21:0 22986
22985 25639 21:0 22991
22990 25640 21:0 23057
23002 25682 21:0 23002
23013 25683 21:0 23013
23041 25690 21:0 23041
23046 25691 21:0 23046
23056 25641 21:0 23062
23061 25671 21:0 23067
23066 25672 21:0 23122
23069 25696 21:0 23069
23078 25715 21:0 23078
23117 25720 21:0 23117
23117 25722 21:0 23117
23121 25673 21:0 23138
23124 25709 21:0 23124
23137 25674 21:0 23143
23142 25704 21:0 23198
23145 25729 21:0 23145
23154 25748 21:0 23154
23165 25749 21:0 23165
23193 25756 21:0 23193
23193 25753 21:0 23193
23197 25706 21:0 23209
23200 25742 21:0 23200
23208 25705 21:0 23219
23218 25707 21:0 23269
23221 25762 21:0 23221
23230 25781 21:0 23230
23241 25782 21:0 23241
23268 25737 21:0 23285
23269 25789 21:0 23269
23269 25788 21:0 23269
23274 25790 21:0 23274
23282 25801 21:0 23282
23284 25739 21:0 23295
23294 165 1:0 23305
23294 25738 21:0 23313
23297 25795 21:0 23297
23303 179 1:0 23304
23306 25814 21:0 23306
23308 167 1:0 23309
23312 169 1:0 23313
23312 25740 21:0 23361
23317 25815 21:0 23317
23344 171 1:0 23346
23345 25822 21:0 23345
23345 25821 21:0 23345
23349 173 1:0 23357
23350 25823 21:0 23350
23356 181 1:0 23356
23358 25834 21:0 23358
23360 177 1:0 23362
23360 25770 21:0 23366
23365 175 1:0 23367
23365 25772 21:0 23385
23370 183 1:0 23381
23380 197 1:0 23380
23382 25847 21:0 23382
23384 185 1:0 23385
23384 25771 21:0 23437
23388 187 1:0 23389
23393 25848 21:0 23393
23420 189 1:0 23422
23421 25854 21:0 23421
23421 25852 21:0 23421
23421 25855 21:0 23421
23425 191 1:0 23433
23426 25856 21:0 23426
23428 25841 21:0 23428
23432 199 1:0 23432
23434 25867 21:0 23434
23436 195 1:0 23438
23436 25773 21:0 23442
23441 193 1:0 23443
23441 25803 21:0 23447
23442 25868 21:0 23442
23446 201 1:0 23457
23446 25804 21:0 23513
23449 25861 21:0 23449
23456 215 1:0 23456
23458 25880 21:0 23458
23460 203 1:0 23461
23464 205 1:0 23465
23469 25881 21:0 23469
23496 207 1:0 23498
23497 25888 21:0 23497
23497 25885 21:0 23497
23497 25887 21:0 23497
23501 209 1:0 23509
23502 25889 21:0 23502
23504 25874 21:0 23504
23508 217 1:0 23508
23510 25900 21:0 23510
23512 213 1:0 23514
23512 25805 21:0 23518
23517 211 1:0 23519
23517 25806 21:0 23523
23518 25901 21:0 23518
23522 219 1:0 23533
23522 25836 21:0 23589
23525 25894 21:0 23525
23532 233 1:0 23532
23534 25913 21:0 23534
23536 221 1:0 23537
23540 223 1:0 23541
23545 25914 21:0 23545
23572 225 1:0 23574
23573 25918 21:0 23573
23573 25921 21:0 23573
23573 25920 21:0 23573
23577 227 1:0 23585
23578 25922 21:0 23578
23580 25907 21:0 23580
23584 235 1:0 23584
23586 25933 21:0 23586
23588 231 1:0 23590
23588 25838 21:0 23594
23589 25934 21:0 23589
23591 25934 1:0 23591
23593 229 1:0 23595
23593 25837 21:0 23599
23594 25934 21:0 23594
23598 237 1:0 23609
23598 25839 21:0 23654
23601 25927 21:0 23601
23608 251 1:0 23608
23610 25946 21:0 23610
23612 239 1:0 23613
23616 241 1:0 23617
23621 25947 21:0 23621
23648 243 1:0 23650
23649 25951 21:0 23649
23649 25953 21:0 23649
23649 25954 21:0 23649
23653 245 1:0 23661
23653 25869 21:0 23670
23654 25955 21:0 23654
23656 25940 21:0 23656
23660 253 1:0 23660
23662 25966 21:0 23662
23664 249 1:0 23666
23669 247 1:0 23671
23669 25870 21:0 23675
23670 25967 21:0 23670
23674 255 1:0 23685
23674 25871 21:0 23725
23677 25960 21:0 23677
23684 269 1:0 23684
23686 25979 21:0 23686
23688 257 1:0 23689
23692 259 1:0 23693
23724 261 1:0 23726
23724 25872 21:0 23741
23725 25984 21:0 23725
23725 25986 21:0 23725
23725 25987 21:0 23725
23729 263 1:0 23737
23730 25988 21:0 23730
23732 25973 21:0 23732
23736 271 1:0 23736
23738 25999 21:0 23738
23740 267 1:0 23742
23740 25902 21:0 23751
23741 26000 21:0 23741
23743 26000 1:0 23743
23745 265 1:0 23747
23750 273 1:0 23761
23750 25903 21:0 23773
23751 26004 21:0 23751
23760 287 1:0 23760
23764 275 1:0 23765
23768 277 1:0 23769
23772 25904 21:0 23817
23800 279 1:0 23802
23805 281 1:0 23813
23812 289 1:0 23812
23816 285 1:0 23818
23816 25905 21:0 23822
23817 26033 21:0 23817
23819 26033 1:0 23819
23819 26034 21:0 23819
23821 283 1:0 23823
23821 25935 21:0 23841
23824 26035 21:0 23824
23824 26036 21:0 23824
23826 291 1:0 23837
23827 26037 21:0 23827
23836 305 1:0 23836
23840 293 1:0 23841
23840 25937 21:0 23893
23844 295 1:0 23845
23876 297 1:0 23878
23881 299 1:0 23889
23888 307 1:0 23888
23892 303 1:0 23894
23892 25936 21:0 23898
23895 26067 21:0 23895
23897 301 1:0 23899
23897 25938 21:0 23913
23900 26068 21:0 23900
23900 26069 21:0 23900
23902 309 1:0 23913
23903 26070 21:0 23903
23912 323 1:0 23912
23912 25526 21:0 23921
23916 311 1:0 23917
23920 313 1:0 23921
23920 340 21:0 23953
23952 315 1:0 23954
23952 25518 21:0 23969
23957 317 1:0 23965
23964 325 1:0 23964
23968 25525 21:0 23969
23968 321 1:0 23970
23968 25968 21:0 23974
23969 26099 21:0 23969
23971 26099 1:0 23971
23971 26100 21:0 23971
23973 319 1:0 23975
23973 25970 21:0 23979
23978 329 1:0 23990
23978 25564 21:0 23994
23987 327 1:0 23987
23993 25725 21:0 23994
23993 25560 21:0 23994
23993 261 21:0 23994
23993 15605 1:0 23996
23993 25923 21:0 23999
23998 25899 21:0 23999
23998 25549 21:0 23999
23998 25747 21:0 23999
23998 25582 21:0 23999
23998 25635 21:0 23999
23998 25780 21:0 23999
23998 25978 21:0 23999
23998 25998 21:0 23999
23998 37 21:0 23999
23998 145 21:0 23999
23998 199 21:0 23999
23998 25846 21:0 23999
23998 25932 21:0 23999
23998 25800 21:0 23999
23998 25866 21:0 23999
23998 25648 21:0 23999
23998 25569 21:0 23999
23998 25965 21:0 23999
23998 25615 21:0 23999
23998 25701 21:0 23999
23998 253 21:0 23999
23998 25833 21:0 23999
23998 25668 21:0 23999
23998 25681 21:0 23999
23998 25945 21:0 23999
23998 25714 21:0 23999
23998 25734 21:0 23999
23998 25602 21:0 23999
23998 25879 21:0 23999
23998 25813 21:0 23999
23998 25767 21:0 23999
23998 25912 21:0 23999
23999 26113 21:0 24009
24008 16215 1:0 24010
24008 25969 21:0 24035
24015 16219 1:0 24015
24034 16231 1:0 24036
24034 25971 21:0 24043
24042 26001 21:0 24046
24045 16235 1:0 24047
24045 26002 21:0 24055
24049 26100 1:0 24049
24054 16238 1:0 24057
24054 26003 21:0 24105
24062 16243 1:0 24062
24065 26092 21:0 24065
24068 26153 21:0 24068
24073 26092 1:0 24073
24076 26153 1:0 24076
24082 16256 1:0 24084
24104 25592 21:0 24134
24115 26079 21:0 24115
24117 16265 1:0 24119
24123 26079 1:0 24123
24126 16267 1:0 24129
24133 25559 21:0 24137
24136 16270 1:0 24139
24136 25584 21:0 24163
24144 16274 1:0 24144
24147 26072 21:0 24147
24150 26184 21:0 24150
24155 26072 1:0 24155
24158 26184 1:0 24158
24162 26070 1:0 24162
24162 25654 21:0 24163
24162 25702 21:0 24163
24162 25670 21:0 24166
24165 25689 21:0 24166
24165 25636 21:0 24166
24165 16288 1:0 24167
24165 25624 21:0 24174
24169 26068 1:0 24169
24170 26069 1:0 24170
24173 16288 21:0 24174
24173 25663 21:0 24174
24173 25597 21:0 24177
24176 25757 21:0 24177
24176 15605 21:0 24177
24176 25716 21:0 24177
24176 16238 21:0 24177
24176 16267 21:0 24177
24176 16256 21:0 24177
24176 16265 21:0 24177
24176 16270 21:0 24177
24176 25758 21:0 24177
24176 16292 1:0 24178
24176 25956 21:0 24180
24179 91 21:0 24180
24179 26011 21:0 24180
24179 26031 21:0 24180
24179 35 21:0 24180
24179 217 21:0 24180
24179 235 21:0 24180
24179 16219 21:0 24180
24179 73 21:0 24180
24179 327 21:0 24180
24179 127 21:0 24180
24179 287 21:0 24180
24179 251 21:0 24180
24179 215 21:0 24180
24179 71 21:0 24180
24179 16243 21:0 24180
24179 163 21:0 24180
24179 55 21:0 24180
24179 143 21:0 24180
24179 16274 21:0 24180
24179 289 21:0 24180
24179 107 21:0 24180
24179 109 21:0 24180
24179 269 21:0 24180
24179 181 21:0 24180
24179 197 21:0 24180
24179 325 21:0 24180
24179 323 21:0 24180
24179 271 21:0 24180
24179 26044 21:0 24180
24179 26064 21:0 24180
24179 307 21:0 24180
24179 26115 21:0 24180
24179 179 21:0 24180
24179 161 21:0 24180
24179 233 21:0 24180
24179 53 21:0 24180
24179 305 21:0 24180
24179 125 21:0 24180
24179 89 21:0 24180
24180 26067 1:0 24180
24180 16292 21:0 24183
24182 25590 21:0 24183
24182 25723 21:0 24183
24182 25544 21:0 24186
24185 315 21:0 24186
24185 313 21:0 24186
24185 311 21:0 24186
24185 329 21:0 24186
24185 16215 21:0 24186
24185 16235 21:0 24186
24185 25621 21:0 24186
24185 16231 21:0 24186
24185 16295 1:0 24188
24185 25857 21:0 24188
24187 25593 21:0 24188
24187 25824 21:0 24190
24190 307 1:0 24190
24190 16295 21:0 24211
24193 16300 1:0 24193
24195 26064 1:0 24195
24210 319 21:0 24214
24213 321 21:0 24214
24213 16313 1:0 24215
24213 317 21:0 24249
24248 16322 1:0 24250
24248 301 21:0 24265
24257 16324 1:0 24260
24264 303 21:0 24265
24264 299 21:0 24268
24267 16327 1:0 24270
24267 25775 21:0 24294
24272 305 1:0 24272
24275 16331 1:0 24275
24277 26044 1:0 24277
24293 26037 1:0 24293
24293 25687 21:0 24294
24293 25658 21:0 24294
24293 25755 21:0 24297
24296 25692 21:0 24297
24296 25703 21:0 24297
24296 25786 21:0 24297
24296 16322 21:0 24297
24296 119 21:0 24297
24296 16324 21:0 24297
24296 16345 1:0 24298
24296 25791 21:0 24300
24299 16331 21:0 24300
24299 25989 21:0 24300
24299 16300 21:0 24300
24299 307 21:0 24300
24299 305 21:0 24300
24300 26035 1:0 24300
24300 16345 21:0 24305
24301 26036 1:0 24301
24304 25637 21:0 24305
24304 25724 21:0 24305
24304 283 21:0 24305
24304 25656 21:0 24308
24307 309 21:0 24308
24307 295 21:0 24308
24307 293 21:0 24308
24307 16313 21:0 24308
24307 16327 21:0 24308
24307 247 21:0 24308
24307 25736 21:0 24308
24307 16349 1:0 24309
24307 25890 21:0 24311
24311 26034 1:0 24311
24311 16349 21:0 24314
24313 25768 21:0 24314
24313 25819 21:0 24314
24313 25676 21:0 24317
24316 113 21:0 24317
24316 297 21:0 24317
24316 25808 21:0 24317
24316 291 21:0 24317
24316 25835 21:0 24317
24316 115 21:0 24317
24316 16352 1:0 24319
24316 239 21:0 24319
24316 16384 1:0 24328
24316 16370 1:0 24328
24318 25626 21:0 24321
24321 289 1:0 24321
24321 16352 21:0 24342
24324 16357 1:0 24324
24326 26031 1:0 24326
24329 16379 1:0 24335
24336 16381 1:0 24340
24340 26011 1:0 24340
24340 16388 1:0 24340
24340 287 1:0 24340
24341 25828 21:0 24345
24341 26003 1:0 24423
24344 25583 21:0 24396
24395 25735 21:0 24399
24398 25769 21:0 24425
24424 26004 1:0 24424
24424 25802 21:0 24425
24424 285 21:0 24425
24424 25610 21:0 24425
24424 281 21:0 24428
24424 26002 1:0 24430
24426 16402 1:0 24429
24427 275 21:0 24428
24427 289 21:0 24428
24427 25980 21:0 24428
24427 287 21:0 24428
24427 16357 21:0 24428
24427 25659 21:0 24428
24427 25538 21:0 24428
24427 23 21:0 24428
24427 131 21:0 24428
24427 277 21:0 24428
24427 279 21:0 24428
24427 16370 21:0 24428
24427 16379 21:0 24428
24427 16384 21:0 24428
24427 16381 21:0 24428
24427 16388 21:0 24428
24427 353 21:0 24431
24431 16402 21:0 24436
24434 16406 1:0 24440
24434 353 1:0 24441
24434 26001 1:0 24441
24434 16436 1:0 24443
24434 16438 1:0 24443
24434 271 1:0 24443
24434 16441 1:0 24443
24434 16427 1:0 24443
24434 261 1:0 24443
24434 25998 1:0 24443
24434 25989 1:0 24443
24434 16414 1:0 24443
24434 16409 1:0 24450
24434 16445 1:0 24471
24434 25980 1:0 24471
24434 25978 1:0 24471
24434 247 1:0 24471
24434 269 1:0 24471
24434 16493 1:0 24579
24434 239 1:0 24579
24434 253 1:0 24583
24434 25965 1:0 24583
24434 16471 1:0 24583
24434 16495 1:0 24583
24434 25956 1:0 24602
24434 251 1:0 24602
24434 25945 1:0 24602
24434 16502 1:0 24602
24434 16528 1:0 24714
24434 235 1:0 24714
24434 25932 1:0 24714
24434 25912 1:0 24733
24434 16559 1:0 24733
24434 233 1:0 24733
24434 217 1:0 24845
24434 25899 1:0 24845
24434 16585 1:0 24845
24434 25879 1:0 24864
24434 215 1:0 24864
24434 16616 1:0 24864
24434 25866 1:0 24976
24434 199 1:0 24976
24434 16642 1:0 24976
24434 25846 1:0 24995
24434 197 1:0 24995
24434 16673 1:0 24995
24434 25833 1:0 25107
24434 181 1:0 25107
24434 16699 1:0 25107
24434 25813 1:0 25126
24434 16730 1:0 25126
24434 179 1:0 25126
24434 25800 1:0 25238
24434 16756 1:0 25238
24434 163 1:0 25238
24434 25780 1:0 25257
24434 16787 1:0 25257
24434 161 1:0 25257
24434 25767 1:0 25369
24434 145 1:0 25369
24434 16813 1:0 25369
24434 25747 1:0 25388
24434 143 1:0 25388
24434 16844 1:0 25388
24434 127 1:0 25500
24434 25734 1:0 25500
24434 16870 1:0 25500
24434 25714 1:0 25519
24434 125 1:0 25519
24434 16901 1:0 25519
24434 25701 1:0 25622
24434 16927 1:0 25622
24434 109 1:0 25622
24434 16958 1:0 25650
24434 107 1:0 25650
24434 25681 1:0 25650
24434 91 1:0 25762
24434 16984 1:0 25762
24434 25668 1:0 25762
24434 17015 1:0 25781
24434 89 1:0 25781
24435 77 21:0 24436
24435 265 21:0 24436
24435 117 21:0 24436
24435 243 21:0 24436
24435 45 21:0 24436
24435 81 21:0 24436
24435 97 21:0 24436
24435 153 21:0 24436
24435 223 21:0 24436
24435 63 21:0 24436
24435 27 21:0 24436
24435 21 21:0 24436
24435 39 21:0 24436
24435 147 21:0 24436
24435 201 21:0 24436
24435 273 21:0 24436
24435 105 21:0 24439
24437 25610 1:0 24565
24437 243 1:0 24579
24437 223 1:0 24710
24438 207 21:0 24439
24438 139 21:0 24439
24438 95 21:0 24439
24438 49 21:0 24439
24438 187 21:0 24439
24438 51 21:0 24439
24438 111 21:0 24439
24438 103 21:0 24439
24438 43 21:0 24439
24438 11 21:0 24439
24440 25971 1:0 24471
24442 16406 21:0 24445
24443 25969 1:0 24554
24443 25970 1:0 24562
24444 267 21:0 24445
24444 175 21:0 24445
24444 93 21:0 24445
24444 99 21:0 24445
24444 123 21:0 24445
24444 189 21:0 24445
24444 177 21:0 24445
24444 67 21:0 24448
24446 16459 1:0 24560
24446 16463 1:0 24571
24446 25802 1:0 24574
24446 16466 1:0 24581
24446 16552 1:0 24710
24447 61 21:0 24448
24447 185 21:0 24448
24447 203 21:0 24448
24447 241 21:0 24448
24447 209 21:0 24448
24447 137 21:0 24448
24447 79 21:0 24448
24447 167 21:0 24448
24449 209 1:0 24565
24449 25968 1:0 24572
24449 241 1:0 24574
24451 25769 1:0 24602
24452 25999 1:0 24452
24452 16409 21:0 24473
24454 25648 1:0 25781
24470 25938 1:0 24602
24471 73 1:0 25884
24471 17041 1:0 25884
24472 25988 1:0 24472
24472 263 21:0 24476
24475 16414 21:0 24476
24475 271 21:0 24476
24479 16427 21:0 24508
24481 25984 1:0 24481
24481 25986 1:0 24481
24481 25987 1:0 24481
24482 16498 1:0 24583
24482 16484 1:0 24602
24482 16516 1:0 24691
24482 137 1:0 24696
24482 16541 1:0 24714
24482 16550 1:0 24714
24482 16555 1:0 24733
24482 25923 1:0 24733
24482 203 1:0 24841
24482 16607 1:0 24841
24482 16609 1:0 24845
24482 25635 1:0 25884
24482 17072 1:0 25912
24482 71 1:0 25912
24507 261 21:0 24511
24514 16436 21:0 24517
24516 259 21:0 24517
24524 16438 21:0 24527
24526 257 21:0 24527
24534 25979 1:0 24534
24534 16441 21:0 24551
24539 25973 1:0 24539
24550 255 21:0 24556
24555 16445 21:0 24556
24555 269 21:0 24556
24562 16459 21:0 24567
24564 25936 1:0 24685
24565 25937 1:0 24693
24565 25735 1:0 24696
24565 16520 1:0 24702
24565 25583 1:0 24705
24565 16523 1:0 24712
24566 25967 1:0 24566
24566 247 21:0 24567
24573 16463 21:0 24576
24574 25935 1:0 24703
24574 25905 1:0 24733
24575 249 21:0 24576
24577 25828 1:0 24733
24582 25904 1:0 24816
24583 25966 1:0 24583
24583 16466 21:0 24604
24585 25615 1:0 25912
24588 25960 1:0 24588
24601 25903 1:0 24823
24602 55 1:0 26015
24602 17098 1:0 26015
24603 25955 1:0 24603
24603 245 21:0 24607
24606 253 21:0 24607
24606 16471 21:0 24607
24610 16484 21:0 24639
24612 25951 1:0 24612
24612 25953 1:0 24612
24612 25954 1:0 24612
24613 177 1:0 24827
24613 25835 1:0 24827
24613 207 1:0 24836
24613 25890 1:0 24864
24613 25602 1:0 26015
24613 17129 1:0 26043
24613 53 1:0 26043
24638 25947 1:0 24638
24638 243 21:0 24642
24645 16493 21:0 24648
24647 241 21:0 24648
24655 16495 21:0 24658
24657 239 21:0 24658
24665 25946 1:0 24665
24665 16498 21:0 24682
24670 25940 1:0 24670
24681 237 21:0 24687
24686 251 21:0 24687
24686 16502 21:0 24687
24693 16516 21:0 24698
24695 16573 1:0 24822
24695 16577 1:0 24833
24695 25808 1:0 24836
24695 201 1:0 24841
24695 16598 1:0 24845
24695 25676 1:0 24864
24695 16612 1:0 24864
24695 185 1:0 24967
24695 187 1:0 24972
24695 16664 1:0 24972
24695 16666 1:0 24976
24696 25902 1:0 24834
24696 25872 1:0 24864
24697 25934 1:0 24697
24697 229 21:0 24698
24704 16520 21:0 24707
24705 16580 1:0 24843
24705 25871 1:0 24947
24705 16630 1:0 24953
24706 231 21:0 24707
24708 25870 1:0 24954
24711 25768 1:0 24958
24711 175 1:0 24958
24711 25582 1:0 26043
24714 25933 1:0 24714
24714 16523 21:0 24735
24719 25927 1:0 24719
24731 25869 1:0 24965
24732 16634 1:0 24964
24732 25819 1:0 24967
24732 189 1:0 24972
24732 16669 1:0 24972
24732 16655 1:0 24995
24732 25857 1:0 24995
24732 167 1:0 25103
24732 16721 1:0 25103
24732 16723 1:0 25107
24732 25824 1:0 25126
24732 17155 1:0 26146
24732 25569 1:0 26146
24732 37 1:0 26146
24732 17186 1:0 26174
24732 35 1:0 26174
24732 25549 1:0 26174
24732 19 1:0 26280
24732 17212 1:0 26289
24732 25536 1:0 26291
24732 17 1:0 26368
24732 17243 1:0 26371
24734 25922 1:0 24734
24734 227 21:0 24738
24737 235 21:0 24738
24737 16528 21:0 24738
24741 16541 21:0 24770
24743 25918 1:0 24743
24743 25921 1:0 24743
24743 25920 1:0 24743
24744 16637 1:0 24974
24744 25736 1:0 24995
24744 16712 1:0 25107
24769 25914 1:0 24769
24769 225 21:0 24773
24776 16550 21:0 24779
24778 223 21:0 24779
24786 16552 21:0 24789
24788 221 21:0 24789
24796 25913 1:0 24796
24796 16555 21:0 24813
24801 25907 1:0 24801
24812 219 21:0 24818
24817 16559 21:0 24818
24817 233 21:0 24818
24824 16573 21:0 24829
24826 25839 1:0 24995
24827 25837 1:0 25078
24827 16687 1:0 25084
24827 25656 1:0 25089
24827 123 1:0 25089
24827 16691 1:0 25095
24827 25637 1:0 25098
24828 25901 1:0 24828
24828 211 21:0 24829
24835 16577 21:0 24838
24836 25838 1:0 25086
24836 25836 1:0 25096
24837 213 21:0 24838
24842 25806 1:0 25126
24844 16694 1:0 25105
24845 25900 1:0 24845
24845 16580 21:0 24866
24847 25724 1:0 25126
24850 25894 1:0 24850
24862 16726 1:0 25126
24862 16744 1:0 25215
24862 16780 1:0 25234
24865 25889 1:0 24865
24865 209 21:0 24869
24868 16585 21:0 24869
24868 217 21:0 24869
24872 16598 21:0 24901
24874 25888 1:0 24874
24874 25885 1:0 24874
24874 25887 1:0 24874
24875 25805 1:0 25209
24900 25881 1:0 24900
24900 207 21:0 24904
24907 16607 21:0 24910
24909 205 21:0 24910
24917 16609 21:0 24920
24919 203 21:0 24920
24927 25880 1:0 24927
24927 16612 21:0 24944
24932 25874 1:0 24932
24943 201 21:0 24949
24948 16616 21:0 24949
24948 215 21:0 24949
24955 16630 21:0 24960
24957 25804 1:0 25216
24958 25703 1:0 25220
24958 139 1:0 25220
24958 16748 1:0 25226
24958 25803 1:0 25227
24958 25786 1:0 25229
24958 153 1:0 25229
24958 16783 1:0 25234
24958 147 1:0 25234
24958 16778 1:0 25238
24958 25791 1:0 25257
24958 131 1:0 25365
24958 16837 1:0 25365
24958 25758 1:0 25388
24958 25725 1:0 25519
24958 25692 1:0 25622
24959 25868 1:0 24959
24959 193 21:0 24960
24966 16634 21:0 24969
24967 16751 1:0 25236
24967 16769 1:0 25257
24967 25773 1:0 25257
24967 25775 1:0 25257
24967 16801 1:0 25346
24967 16826 1:0 25369
24967 16835 1:0 25369
24967 16840 1:0 25388
24967 113 1:0 25496
24967 115 1:0 25496
24967 16892 1:0 25496
24967 25516 1:0 26373
24968 195 21:0 24969
24973 25771 1:0 25340
24976 25867 1:0 24976
24976 16637 21:0 24997
24981 25861 1:0 24981
24993 25772 1:0 25348
24994 25755 1:0 25351
24994 103 1:0 25351
24994 16805 1:0 25357
24996 25856 1:0 24996
24996 191 21:0 25000
24999 16642 21:0 25000
24999 199 21:0 25000
25003 16655 21:0 25032
25005 25854 1:0 25005
25005 25852 1:0 25005
25005 25855 1:0 25005
25006 25687 1:0 25360
25006 16808 1:0 25367
25006 117 1:0 25491
25006 25659 1:0 25781
25031 25848 1:0 25031
25031 189 21:0 25035
25038 16664 21:0 25041
25040 187 21:0 25041
25048 16666 21:0 25051
25050 185 21:0 25051
25058 25847 1:0 25058
25058 16669 21:0 25075
25063 25841 1:0 25063
25074 183 21:0 25080
25079 16673 21:0 25080
25079 197 21:0 25080
25086 16687 21:0 25091
25088 25770 1:0 25358
25089 25740 1:0 25388
25089 25757 1:0 25388
25089 16858 1:0 25477
25089 25658 1:0 25482
25089 119 1:0 25482
25090 175 21:0 25091
25097 16691 21:0 25100
25098 25738 1:0 25471
25098 25739 1:0 25479
25099 177 21:0 25100
25104 25737 1:0 25489
25106 25723 1:0 25491
25107 25834 1:0 25107
25107 16694 21:0 25128
25109 16862 1:0 25488
25109 111 1:0 25491
25109 16883 1:0 25500
25109 16894 1:0 25500
25109 16897 1:0 25519
25109 97 1:0 25622
25109 16951 1:0 25622
25109 16949 1:0 25622
25124 16865 1:0 25498
25124 93 1:0 25619
25124 25626 1:0 25884
25127 25823 1:0 25127
25127 173 21:0 25131
25130 16699 21:0 25131
25130 181 21:0 25131
25134 16712 21:0 25163
25136 25822 1:0 25136
25136 25821 1:0 25136
25137 25707 1:0 25519
25162 25815 1:0 25162
25162 171 21:0 25166
25169 16721 21:0 25172
25171 169 21:0 25172
25179 16723 21:0 25182
25181 167 21:0 25182
25189 25814 1:0 25189
25189 16726 21:0 25206
25205 16730 21:0 25206
25205 165 21:0 25211
25210 179 21:0 25211
25217 16744 21:0 25222
25219 25716 1:0 25519
25219 16915 1:0 25608
25219 25621 1:0 25613
25219 105 1:0 25613
25219 16922 1:0 25622
25220 25705 1:0 25602
25220 25706 1:0 25610
25221 157 21:0 25222
25228 16748 21:0 25231
25229 16919 1:0 25619
25229 99 1:0 25619
25229 95 1:0 25619
25229 25704 1:0 25620
25229 16940 1:0 25622
25229 16954 1:0 25622
25229 25702 1:0 25630
25229 25689 1:0 25650
25229 67 1:0 25744
25229 79 1:0 25753
25229 17006 1:0 25758
25229 77 1:0 25758
25235 25674 1:0 25650
25238 25801 1:0 25238
25238 16751 21:0 25259
25243 25795 1:0 25243
25256 25673 1:0 25733
25258 25790 1:0 25258
25258 16756 21:0 25259
25265 16769 21:0 25294
25267 25789 1:0 25267
25267 25788 1:0 25267
25268 25670 1:0 25744
25268 81 1:0 25758
25268 16997 1:0 25762
25268 17008 1:0 25762
25268 17065 1:0 25884
25268 25593 1:0 26015
25293 25782 1:0 25293
25300 16778 21:0 25303
25310 16780 21:0 25313
25320 25781 1:0 25320
25320 16783 21:0 25337
25336 16787 21:0 25337
25348 16801 21:0 25353
25350 25672 1:0 25740
25351 16972 1:0 25739
25351 16976 1:0 25750
25351 25671 1:0 25751
25351 25663 1:0 25753
25351 16979 1:0 25760
25351 17011 1:0 25781
25351 61 1:0 25882
25351 17054 1:0 25884
25351 17068 1:0 25884
25351 17063 1:0 25884
25351 43 1:0 26012
25351 17122 1:0 26015
25359 16805 21:0 25362
25360 25654 1:0 25781
25360 25641 1:0 25781
25366 25640 1:0 25864
25369 16808 21:0 25390
25371 25639 1:0 25871
25374 25762 1:0 25374
25386 17029 1:0 25870
25386 49 1:0 25875
25387 25590 1:0 25875
25387 17033 1:0 25881
25389 16813 21:0 25390
25396 16826 21:0 25425
25398 25756 1:0 25398
25398 25753 1:0 25398
25399 17036 1:0 25884
25399 63 1:0 25884
25399 17086 1:0 26001
25399 17111 1:0 26015
25399 17120 1:0 26015
25399 23 1:0 26143
25399 25560 1:0 26146
25424 25749 1:0 25424
25431 16835 21:0 25434
25441 16837 21:0 25444
25451 25748 1:0 25451
25451 16840 21:0 25468
25456 25742 1:0 25456
25467 16844 21:0 25468
25479 16858 21:0 25484
25481 25638 1:0 25882
25482 25636 1:0 25892
25482 25624 1:0 25912
25482 25608 1:0 25912
25482 25597 1:0 26006
25490 16862 21:0 25493
25491 25606 1:0 25995
25491 25607 1:0 26003
25494 51 1:0 26006
25497 39 1:0 26015
25497 17125 1:0 26015
25497 45 1:0 26015
25497 17177 1:0 26146
25497 17179 1:0 26146
25497 25527 1:0 26305
25500 16865 21:0 25521
25502 25605 1:0 26013
25505 25729 1:0 25505
25517 17090 1:0 26012
25517 17093 1:0 26015
25518 25592 1:0 26043
25518 17143 1:0 26132
25520 16870 21:0 25521
25527 16883 21:0 25556
25529 25720 1:0 25529
25529 25722 1:0 25529
25530 25584 1:0 26043
25530 27 1:0 26143
25530 21 1:0 26143
25530 17182 1:0 26146
25562 16892 21:0 25565
25572 16894 21:0 25575
25582 25715 1:0 25582
25582 16897 21:0 25599
25587 25709 1:0 25587
25598 16901 21:0 25599
25610 16915 21:0 25615
25612 25575 1:0 26043
25613 25574 1:0 26126
25613 25544 1:0 26137
25613 17147 1:0 26143
25613 17168 1:0 26146
25613 17150 1:0 26146
25613 9 1:0 26280
25613 7 1:0 26299
25613 17234 1:0 26302
25621 16919 21:0 25624
25622 25573 1:0 26133
25622 25572 1:0 26144
25628 25542 1:0 26174
25630 17200 1:0 26263
25631 16922 21:0 25652
25633 25559 1:0 26174
25636 25696 1:0 25636
25648 25564 1:0 26159
25649 25538 1:0 26268
25649 11 1:0 26268
25651 25691 1:0 25651
25651 16927 21:0 25652
25658 16940 21:0 25687
25660 25690 1:0 25660
25661 17204 1:0 26274
25686 25683 1:0 25686
25693 16949 21:0 25696
25703 16951 21:0 25706
25713 25682 1:0 25713
25713 16954 21:0 25730
25729 16958 21:0 25730
25741 16972 21:0 25746
25743 25540 1:0 26257
25744 25541 1:0 26265
25744 25539 1:0 26275
25752 16976 21:0 25755
25753 25525 1:0 26277
25753 25518 1:0 26280
25753 340 1:0 26280
25753 17225 1:0 26280
25753 17207 1:0 26280
25753 25537 1:0 26285
25753 25524 1:0 26305
25753 25526 1:0 26305
25753 25522 1:0 26314
25753 5 1:0 26351
25753 17236 1:0 26356
25753 3 1:0 26359
25753 17239 1:0 26366
25756 157 1:0 27064
25759 25517 1:0 26359
25759 341 1:0 26386
25762 25669 1:0 25762
25762 16979 21:0 25783
25782 16984 21:0 25783
25789 16997 21:0 25818
25791 25657 1:0 25791
25817 25650 1:0 25817
25824 17006 21:0 25827
25834 17008 21:0 25837
25844 25649 1:0 25844
25844 17011 21:0 25861
25849 25643 1:0 25849
25860 17015 21:0 25861
25872 17029 21:0 25877
25883 17033 21:0 25886
25893 17036 21:0 25914
25898 25630 1:0 25898
25913 25625 1:0 25913
25913 17041 21:0 25914
25920 17054 21:0 25949
25922 25623 1:0 25922
25948 25617 1:0 25948
25955 17063 21:0 25958
25965 17065 21:0 25968
25975 25616 1:0 25975
25975 17068 21:0 25992
25991 17072 21:0 25992
26003 17086 21:0 26008
26007 25604 1:0 26007
26014 17090 21:0 26017
26024 25603 1:0 26024
26024 17093 21:0 26045
26044 17098 21:0 26045
26051 17111 21:0 26080
26053 25591 1:0 26053
26053 25588 1:0 26053
26086 17120 21:0 26089
26096 17122 21:0 26099
26106 17125 21:0 26123
26111 25577 1:0 26111
26122 17129 21:0 26123
26134 17143 21:0 26139
26138 25571 1:0 26138
26145 17147 21:0 26148
26155 25570 1:0 26155
26155 17150 21:0 26176
26175 17155 21:0 26176
26182 17168 21:0 26211
26184 25557 1:0 26184
26184 25558 1:0 26184
26184 25555 1:0 26184
26210 25551 1:0 26210
26217 17177 21:0 26220
26227 17179 21:0 26230
26237 25550 1:0 26237
26237 17182 21:0 26254
26253 17186 21:0 26254
26265 17200 21:0 26270
26276 17204 21:0 26279
26286 17207 21:0 26307
26291 25531 1:0 26291
26306 17212 21:0 26307
26313 17225 21:0 26342
26348 17234 21:0 26351
26358 17236 21:0 26361
26373 17243 21:0 26374
26384 340 21:0 26402
26401 27168 21:0 26434
26433 3 21:0 26434
26433 17 21:0 26434
26434 27175 21:0 26450
26447 27188 21:0 26447
26449 27167 21:0 26450
26449 7 21:0 26450
26449 27178 21:0 26450
26449 27187 21:0 26450
26449 27173 21:0 26450
26449 5 21:0 26450
26449 27169 21:0 26450
26449 9 21:0 26450
26449 17239 21:0 26450
26449 19 21:0 26450
26452 27190 21:0 26460
26459 27192 21:0 26510
26471 27201 21:0 26471
26509 27191 21:0 26526
26510 27208 21:0 26510
26510 27209 21:0 26510
26525 27193 21:0 26536
26535 27223 21:0 26558
26538 27215 21:0 26538
26557 27225 21:0 26602
26586 27242 21:0 26586
26599 27254 21:0 26599
26601 27224 21:0 26607
26606 27226 21:0 26626
26614 27248 21:0 26614
26623 27267 21:0 26623
26625 27256 21:0 26678
26662 27274 21:0 26662
26662 27275 21:0 26662
26667 27276 21:0 26667
26677 27258 21:0 26683
26682 27257 21:0 26702
26683 27288 21:0 26683
26701 27289 21:0 26754
26738 27308 21:0 26738
26738 27307 21:0 26738
26743 27309 21:0 26743
26753 27259 21:0 26759
26758 27292 21:0 26764
26763 27290 21:0 26830
26775 27333 21:0 26775
26814 27341 21:0 26814
26819 27342 21:0 26819
26821 27327 21:0 26821
26829 27291 21:0 26835
26834 27322 21:0 26840
26839 27323 21:0 26895
26842 27347 21:0 26842
26890 27371 21:0 26890
26894 27324 21:0 26911
26897 27360 21:0 26897
26903 27386 21:0 26903
26910 27355 21:0 26916
26911 27387 21:0 26911
26915 27325 21:0 26971
26927 27399 21:0 26927
26938 27400 21:0 26938
26966 27407 21:0 26966
26966 27404 21:0 26966
26966 27406 21:0 26966
26970 27357 21:0 26984
26971 27408 21:0 26971
26973 27393 21:0 26973
26979 27419 21:0 26979
26983 27358 21:0 26992
26987 27420 21:0 26987
26991 27356 21:0 27042
26994 27413 21:0 26994
27003 27432 21:0 27003
27014 27433 21:0 27014
27041 27388 21:0 27058
27042 27440 21:0 27042
27042 27439 21:0 27042
27042 27437 21:0 27042
27047 27441 21:0 27047
27049 27426 21:0 27049
27055 27452 21:0 27055
27057 27390 21:0 27068
27063 27453 21:0 27063
27067 165 1:0 27078
27067 27389 21:0 27086
27070 27446 21:0 27070
27076 179 1:0 27077
27079 27465 21:0 27079
27081 167 1:0 27082
27085 169 1:0 27086
27085 27391 21:0 27134
27090 27466 21:0 27090
27117 171 1:0 27119
27118 27470 21:0 27118
27118 27473 21:0 27118
27118 27472 21:0 27118
27122 173 1:0 27130
27123 27474 21:0 27123
27125 27459 21:0 27125
27129 181 1:0 27129
27131 27485 21:0 27131
27133 177 1:0 27135
27133 27421 21:0 27139
27138 175 1:0 27140
27138 27423 21:0 27158
27139 27486 21:0 27139
27143 183 1:0 27154
27146 27479 21:0 27146
27153 197 1:0 27153
27155 27498 21:0 27155
27157 185 1:0 27158
27157 27422 21:0 27210
27161 187 1:0 27162
27166 27499 21:0 27166
27193 189 1:0 27195
27194 27506 21:0 27194
27194 27505 21:0 27194
27194 27503 21:0 27194
27198 191 1:0 27206
27199 27507 21:0 27199
27201 27492 21:0 27201
27205 199 1:0 27205
27207 27518 21:0 27207
27209 195 1:0 27211
27209 27424 21:0 27215
27214 193 1:0 27216
27214 27454 21:0 27220
27215 27519 21:0 27215
27219 201 1:0 27230
27219 27456 21:0 27286
27222 27512 21:0 27222
27229 215 1:0 27229
27231 27531 21:0 27231
27233 203 1:0 27234
27237 205 1:0 27238
27242 27532 21:0 27242
27269 207 1:0 27271
27270 27536 21:0 27270
27270 27539 21:0 27270
27270 27538 21:0 27270
27274 209 1:0 27282
27275 27540 21:0 27275
27277 27525 21:0 27277
27281 217 1:0 27281
27283 27551 21:0 27283
27285 213 1:0 27287
27285 27455 21:0 27291
27290 211 1:0 27292
27290 27457 21:0 27296
27291 27552 21:0 27291
27295 219 1:0 27306
27295 27487 21:0 27362
27298 27545 21:0 27298
27305 233 1:0 27305
27307 27564 21:0 27307
27309 221 1:0 27310
27313 223 1:0 27314
27318 27565 21:0 27318
27345 225 1:0 27347
27346 27571 21:0 27346
27346 27572 21:0 27346
27346 27569 21:0 27346
27350 227 1:0 27358
27351 27573 21:0 27351
27353 27558 21:0 27353
27357 235 1:0 27357
27359 27584 21:0 27359
27361 231 1:0 27363
27361 27489 21:0 27367
27366 229 1:0 27368
27366 27520 21:0 27372
27367 27585 21:0 27367
27371 237 1:0 27382
27371 27490 21:0 27427
27374 27578 21:0 27374
27381 251 1:0 27381
27383 27597 21:0 27383
27385 239 1:0 27386
27389 241 1:0 27390
27394 27598 21:0 27394
27421 243 1:0 27423
27422 27602 21:0 27422
27422 27604 21:0 27422
27422 27605 21:0 27422
27426 245 1:0 27434
27426 27523 21:0 27443
27427 27606 21:0 27427
27429 27591 21:0 27429
27433 253 1:0 27433
27435 27617 21:0 27435
27437 249 1:0 27439
27442 247 1:0 27444
27442 27522 21:0 27448
27443 27618 21:0 27443
27447 255 1:0 27458
27447 27521 21:0 27498
27448 27622 21:0 27448
27450 27611 21:0 27450
27457 269 1:0 27457
27459 27630 21:0 27459
27461 257 1:0 27462
27465 259 1:0 27466
27470 27631 21:0 27470
27497 261 1:0 27499
27497 27488 21:0 27514
27498 27638 21:0 27498
27498 27637 21:0 27498
27498 27635 21:0 27498
27502 263 1:0 27510
27503 27639 21:0 27503
27505 27624 21:0 27505
27509 271 1:0 27509
27511 27650 21:0 27511
27513 267 1:0 27515
27513 27553 21:0 27524
27516 27652 21:0 27516
27518 265 1:0 27520
27519 27651 21:0 27519
27521 27653 21:0 27521
27521 27654 21:0 27521
27523 273 1:0 27534
27523 27554 21:0 27574
27524 27655 21:0 27524
27526 27644 21:0 27526
27533 287 1:0 27533
27535 27663 21:0 27535
27537 275 1:0 27538
27541 277 1:0 27542
27546 27664 21:0 27546
27573 279 1:0 27575
27573 27555 21:0 27590
27574 27670 21:0 27574
27574 27668 21:0 27574
27578 281 1:0 27586
27581 27657 21:0 27581
27585 289 1:0 27585
27587 27683 21:0 27587
27589 285 1:0 27591
27589 27556 21:0 27600
27592 27685 21:0 27592
27594 283 1:0 27596
27595 27684 21:0 27595
27597 27686 21:0 27597
27597 27687 21:0 27597
27599 291 1:0 27610
27599 27619 21:0 27614
27600 27688 21:0 27600
27609 305 1:0 27609
27613 293 1:0 27614
27613 27621 21:0 27666
27617 295 1:0 27618
27649 297 1:0 27651
27654 299 1:0 27662
27661 307 1:0 27661
27665 303 1:0 27667
27665 27586 21:0 27671
27668 27718 21:0 27668
27670 301 1:0 27672
27670 27588 21:0 27690
27673 27720 21:0 27673
27673 27719 21:0 27673
27675 309 1:0 27686
27676 27721 21:0 27676
27685 323 1:0 27685
27689 311 1:0 27690
27689 27587 21:0 27742
27693 313 1:0 27694
27725 315 1:0 27727
27730 317 1:0 27738
27737 325 1:0 27737
27741 321 1:0 27743
27741 27589 21:0 27747
27744 27751 21:0 27744
27746 319 1:0 27748
27746 27620 21:0 27752
27749 27752 21:0 27749
27749 27753 21:0 27749
27751 329 1:0 27763
27751 341 21:0 27779
27760 327 1:0 27760
27766 15605 1:0 27769
27778 27255 21:0 27815
27781 16215 1:0 27783
27788 16219 1:0 27788
27803 12860 1:0 27803
27804 12861 1:0 27804
27814 27353 21:0 27815
27814 27228 21:0 27815
27814 27243 21:0 27818
27817 27380 21:0 27818
27817 27294 21:0 27818
27817 16231 1:0 27819
27817 27375 21:0 27823
27821 27752 1:0 27821
27822 27753 1:0 27822
27822 27354 21:0 27826
27825 27189 21:0 27826
27825 27182 21:0 27829
27828 27235 21:0 27829
27828 27281 21:0 27829
27828 16235 1:0 27830
27828 27268 21:0 27835
27832 27751 1:0 27832
27834 27287 21:0 27835
27834 27366 21:0 27835
27834 27234 21:0 27838
27837 27340 21:0 27838
27837 27272 21:0 27838
27837 16238 1:0 27840
27837 27206 21:0 27863
27845 16243 1:0 27845
27862 16270 1:0 27864
27862 16265 1:0 27864
27862 16256 1:0 27864
27862 27176 21:0 27866
27862 12934 1:0 27864
27862 12933 1:0 27864
27862 12927 1:0 27864
27865 27221 21:0 27907
27865 12935 1:0 27899
27865 12937 1:0 27899
27900 12936 1:0 27915
27906 27202 21:0 27920
27909 16267 1:0 27912
27909 12930 1:0 27915
27916 12931 1:0 27918
27916 12932 1:0 27918
27916 12929 1:0 27918
27916 12940 1:0 27918
27916 12928 1:0 27918
27918 16274 1:0 27918
27919 27409 21:0 27920
27919 16215 21:0 27920
27919 59 21:0 27920
27919 21 21:0 27920
27919 185 21:0 27920
27919 115 21:0 27920
27919 167 21:0 27920
27919 27475 21:0 27920
27919 27244 21:0 27920
27919 149 21:0 27920
27919 27442 21:0 27920
27919 27211 21:0 27920
27919 25 21:0 27920
27919 151 21:0 27920
27919 61 21:0 27920
27919 169 21:0 27920
27919 27277 21:0 27920
27919 23 21:0 27920
27919 95 21:0 27920
27919 77 21:0 27920
27919 27 21:0 27920
27919 27310 21:0 27920
27919 41 21:0 27925
27919 12938 1:0 27995
27919 12939 1:0 28004
27924 187 21:0 27930
27929 79 21:0 27933
27932 27343 21:0 27933
27932 27376 21:0 27938
27937 97 21:0 27940
27939 133 21:0 27945
27944 27508 21:0 27948
27947 12861 21:0 27948
27947 12860 21:0 27948
27947 27464 21:0 27949
27948 27299 21:0 27950
27949 27398 21:0 27950
27949 27200 21:0 27950
27949 27365 21:0 27950
27949 27517 21:0 27950
27949 27352 21:0 27950
27949 27431 21:0 27950
27949 27451 21:0 27951
27950 27497 21:0 27951
27950 109 21:0 27951
27950 163 21:0 27951
27950 179 21:0 27951
27950 91 21:0 27951
27950 145 21:0 27951
27950 327 21:0 27951
27950 27484 21:0 27951
27950 27253 21:0 27951
27950 27418 21:0 27951
27950 27266 21:0 27951
27950 27332 21:0 27951
27951 12928 21:0 28003
28002 12931 21:0 28010
28009 27541 21:0 28012
28011 27574 21:0 28013
28012 269 21:0 28013
28012 289 21:0 28013
28012 27766 21:0 28013
28012 73 21:0 28013
28012 251 21:0 28013
28012 27715 21:0 28013
28012 235 21:0 28013
28012 233 21:0 28013
28012 181 21:0 28013
28012 89 21:0 28013
28012 217 21:0 28013
28012 215 21:0 28013
28012 53 21:0 28013
28012 161 21:0 28013
28012 16274 21:0 28013
28012 125 21:0 28013
28012 197 21:0 28013
28012 127 21:0 28013
28012 37 21:0 28013
28012 199 21:0 28013
28012 107 21:0 28013
28012 55 21:0 28013
28012 71 21:0 28013
28012 143 21:0 28013
28012 35 21:0 28013
28012 27233 21:0 28013
28012 307 21:0 28013
28012 27616 21:0 28013
28012 27596 21:0 28013
28012 27583 21:0 28013
28012 27563 21:0 28013
28012 27550 21:0 28013
28012 27530 21:0 28013
28012 27286 21:0 28013
28012 27385 21:0 28013
28012 27319 21:0 28013
28012 305 21:0 28013
28012 27220 21:0 28013
28012 27695 21:0 28013
28012 287 21:0 28013
28012 16243 21:0 28013
28012 27629 21:0 28013
28012 27649 21:0 28013
28012 27662 21:0 28013
28012 27682 21:0 28013
28012 325 21:0 28013
28012 253 21:0 28013
28012 271 21:0 28013
28014 16274 1:0 28014
28014 12939 21:0 28036
28014 12941 1:0 28014
28015 12942 1:0 28015
28022 325 1:0 28022
28024 16243 1:0 28024
28024 12943 1:0 28024
28025 12944 1:0 28025
28035 27721 1:0 28035
28035 12935 21:0 28036
28035 12936 21:0 28036
28035 12940 21:0 28036
28035 12938 21:0 28036
28035 12937 21:0 28039
28038 27334 21:0 28039
28038 12927 21:0 28039
28038 27305 21:0 28039
28038 12933 21:0 28039
28038 12934 21:0 28039
28038 16288 1:0 28040
28038 16630 1:0 28045
28038 27177 21:0 28047
28042 27719 1:0 28042
28043 27720 1:0 28043
28046 27301 21:0 28047
28046 27239 21:0 28047
28046 16637 1:0 28048
28046 16580 1:0 28048
28046 16634 1:0 28048
28046 16744 1:0 28048
28046 16691 1:0 28048
28046 27300 21:0 28050
28049 27195 21:0 28050
28049 27222 21:0 28050
28049 16292 1:0 28051
28049 16577 1:0 28054
28049 16687 1:0 28054
28049 16573 1:0 28054
28049 16694 1:0 28054
28049 27367 21:0 28056
28053 27718 1:0 28053
28055 27373 21:0 28056
28055 27261 21:0 28056
28055 16520 1:0 28057
28055 16523 1:0 28057
28055 16516 1:0 28057
28055 16466 1:0 28057
28055 16463 1:0 28057
28055 27241 21:0 28059
28057 307 1:0 28057
28058 27314 21:0 28059
28058 27210 21:0 28059
28058 16295 1:0 28061
28058 16409 1:0 28082
28058 16862 1:0 28082
28058 17200 1:0 28082
28058 16459 1:0 28082
28058 16922 1:0 28082
28058 27374 21:0 28084
28066 16300 1:0 28066
28068 27715 1:0 28068
28083 16322 1:0 28085
28083 16327 1:0 28085
28083 16313 1:0 28085
28083 27321 21:0 28087
28083 13080 1:0 28085
28083 13081 1:0 28085
28083 13074 1:0 28085
28086 27320 21:0 28138
28086 13084 1:0 28120
28086 13083 1:0 28120
28121 13085 1:0 28136
28130 16324 1:0 28133
28130 13077 1:0 28136
28137 27338 21:0 28141
28137 13082 1:0 28139
28137 13076 1:0 28139
28137 13075 1:0 28139
28137 13079 1:0 28139
28137 13078 1:0 28139
28138 27695 1:0 28139
28139 16331 1:0 28139
28139 305 1:0 28139
28140 319 21:0 28162
28140 13086 1:0 28225
28140 13087 1:0 28226
28161 12932 21:0 28168
28167 12941 21:0 28168
28167 12942 21:0 28168
28167 12943 21:0 28168
28167 12944 21:0 28168
28167 16300 21:0 28168
28167 16331 21:0 28168
28167 307 21:0 28168
28167 323 21:0 28168
28167 325 21:0 28168
28167 305 21:0 28168
28172 13075 21:0 28224
28223 13079 21:0 28231
28232 13087 21:0 28257
28233 305 1:0 28233
28235 16331 1:0 28235
28235 13088 1:0 28235
28236 13089 1:0 28236
28243 307 1:0 28243
28245 16300 1:0 28245
28245 13090 1:0 28245
28246 13091 1:0 28246
28256 27688 1:0 28256
28256 13083 21:0 28257
28256 13085 21:0 28257
28256 13086 21:0 28257
28256 13082 21:0 28257
28256 13084 21:0 28260
28256 27620 1:0 28266
28259 317 21:0 28260
28259 13074 21:0 28260
28259 13076 21:0 28260
28259 321 21:0 28260
28259 299 21:0 28260
28259 13080 21:0 28260
28259 13081 21:0 28260
28259 301 21:0 28260
28259 303 21:0 28260
28259 16345 1:0 28261
28259 13078 21:0 28263
28259 16919 1:0 28266
28259 17029 1:0 28266
28259 16976 1:0 28266
28262 13077 21:0 28264
28263 27686 1:0 28263
28263 12929 21:0 28265
28264 27687 1:0 28264
28264 12930 21:0 28265
28264 315 21:0 28268
28267 27684 1:0 28267
28267 329 21:0 28268
28267 113 21:0 28268
28267 257 21:0 28268
28267 43 21:0 28268
28267 305 21:0 28268
28267 131 21:0 28268
28267 307 21:0 28268
28267 239 21:0 28268
28267 259 21:0 28268
28267 27640 21:0 28268
28267 291 21:0 28268
28267 295 21:0 28268
28267 293 21:0 28268
28267 223 21:0 28268
28267 165 21:0 28268
28267 57 21:0 28268
28267 183 21:0 28268
28267 153 21:0 28268
28267 147 21:0 28268
28267 111 21:0 28268
28267 135 21:0 28268
28267 39 21:0 28268
28267 93 21:0 28268
28267 313 21:0 28268
28267 221 21:0 28268
28267 201 21:0 28268
28267 205 21:0 28268
28267 241 21:0 28268
28267 203 21:0 28268
28267 27607 21:0 28268
28267 311 21:0 28268
28267 309 21:0 28268
28267 45 21:0 28268
28267 27673 21:0 28268
28267 277 21:0 28268
28267 353 21:0 28268
28267 13088 21:0 28268
28267 297 21:0 28268
28267 275 21:0 28268
28267 13089 21:0 28268
28267 13090 21:0 28268
28267 13091 21:0 28268
28267 27589 1:0 28275
28270 16349 1:0 28272
28270 17204 1:0 28275
28270 147 1:0 28275
28270 183 1:0 28275
28270 17033 1:0 28275
28274 27685 1:0 28274
28275 289 1:0 28275
28275 16357 1:0 28275
28275 27682 1:0 28275
28276 27587 1:0 28303
28279 16352 1:0 28282
28279 16979 1:0 28303
28279 17086 1:0 28303
28279 17143 1:0 28303
28284 27683 1:0 28284
28286 289 21:0 28287
28289 16357 21:0 28290
28304 16384 1:0 28306
28304 16370 1:0 28306
28304 275 1:0 28306
28304 277 1:0 28306
28304 16379 1:0 28306
28304 353 1:0 28306
28304 27673 1:0 28306
28304 13228 1:0 28306
28304 13222 1:0 28306
28304 13221 1:0 28306
28307 13234 1:0 28341
28307 13233 1:0 28341
28313 27670 1:0 28313
28313 27668 1:0 28313
28330 353 21:0 28340
28339 27664 1:0 28339
28342 13229 1:0 28357
28343 277 21:0 28349
28351 16381 1:0 28354
28351 13223 1:0 28357
28353 277 1:0 28358
28358 13225 1:0 28360
28358 13226 1:0 28360
28358 13227 1:0 28360
28358 13230 1:0 28360
28358 13224 1:0 28360
28359 27662 1:0 28360
28360 16388 1:0 28360
28360 289 1:0 28360
28360 287 1:0 28360
28361 13231 1:0 28436
28361 13232 1:0 28437
28366 27663 1:0 28366
28371 27657 1:0 28371
28371 16388 21:0 28372
28386 287 21:0 28387
28386 289 21:0 28387
28403 13224 21:0 28428
28427 13226 21:0 28435
28431 16357 1:0 28431
28431 289 1:0 28431
28431 16388 1:0 28431
28431 287 1:0 28431
28431 13238 1:0 28431
28431 13237 1:0 28431
28431 13235 1:0 28431
28431 13236 1:0 28431
28432 57 1:0 28476
28434 13225 21:0 28440
28443 13232 21:0 28478
28477 27655 1:0 28477
28477 13229 21:0 28478
28477 13233 21:0 28478
28477 13230 21:0 28478
28477 13231 21:0 28478
28477 13234 21:0 28481
28477 27588 1:0 28487
28480 13227 21:0 28481
28480 283 21:0 28481
28480 285 21:0 28481
28480 281 21:0 28481
28480 13238 21:0 28481
28480 287 21:0 28481
28480 13223 21:0 28481
28480 13221 21:0 28481
28480 13228 21:0 28481
28480 13222 21:0 28481
28480 13237 21:0 28481
28480 13235 21:0 28481
28480 289 21:0 28481
28480 13236 21:0 28481
28480 273 21:0 28481
28480 279 21:0 28481
28480 277 21:0 28481
28480 275 21:0 28481
28480 16402 1:0 28482
28480 17093 1:0 28487
28480 17036 1:0 28487
28480 17090 1:0 28487
28484 27653 1:0 28484
28485 27654 1:0 28485
28488 27651 1:0 28488
28488 27586 1:0 28496
28491 16406 1:0 28493
28491 45 1:0 28496
28491 16865 1:0 28496
28491 16972 1:0 28496
28491 165 1:0 28496
28495 27652 1:0 28495
28496 27649 1:0 28496
28496 271 1:0 28496
28496 16414 1:0 28496
28497 27621 1:0 28524
28500 27338 1:0 28524
28500 17147 1:0 28524
28500 14259 1:0 28524
28505 27650 1:0 28505
28507 271 21:0 28508
28510 27644 1:0 28510
28510 16414 21:0 28511
28525 27639 1:0 28525
28525 257 1:0 28527
28525 16427 1:0 28527
28525 259 1:0 28527
28525 27640 1:0 28527
28525 353 1:0 28527
28525 16441 1:0 28527
28525 16436 1:0 28527
28525 13375 1:0 28527
28525 13374 1:0 28527
28525 13368 1:0 28527
28528 13378 1:0 28562
28528 13376 1:0 28562
28534 27638 1:0 28534
28534 27637 1:0 28534
28534 27635 1:0 28534
28551 353 21:0 28561
28560 27631 1:0 28560
28563 13379 1:0 28578
28564 259 21:0 28570
28572 16438 1:0 28575
28572 13373 1:0 28578
28574 259 1:0 28579
28579 13369 1:0 28581
28579 13371 1:0 28581
28579 13370 1:0 28581
28579 13377 1:0 28581
28579 13372 1:0 28581
28580 27629 1:0 28581
28581 16445 1:0 28581
28581 269 1:0 28581
28581 271 1:0 28581
28582 13380 1:0 28667
28582 13381 1:0 28668
28587 27630 1:0 28587
28592 27624 1:0 28592
28592 16445 21:0 28593
28607 269 21:0 28608
28607 271 21:0 28608
28614 13369 21:0 28666
28652 16414 1:0 28652
28652 271 1:0 28652
28652 16445 1:0 28652
28652 269 1:0 28652
28652 13385 1:0 28652
28652 13384 1:0 28652
28652 13382 1:0 28652
28652 13383 1:0 28652
28653 153 1:0 28697
28665 13372 21:0 28673
28674 13381 21:0 28699
28698 27622 1:0 28698
28698 13377 21:0 28699
28698 13379 21:0 28699
28698 13378 21:0 28699
28698 13380 21:0 28699
28698 13376 21:0 28702
28698 27619 1:0 28708
28701 13383 21:0 28702
28701 13385 21:0 28702
28701 13382 21:0 28702
28701 13384 21:0 28702
28701 13374 21:0 28702
28701 257 21:0 28702
28701 13375 21:0 28702
28701 267 21:0 28702
28701 263 21:0 28702
28701 13368 21:0 28702
28701 265 21:0 28702
28701 13370 21:0 28702
28701 13371 21:0 28702
28701 13373 21:0 28702
28701 261 21:0 28702
28701 269 21:0 28702
28701 259 21:0 28702
28701 271 21:0 28702
28701 255 21:0 28702
28701 27320 1:0 28708
28701 27321 1:0 28708
28709 27618 1:0 28709
28709 27556 1:0 28717
28712 27374 1:0 28717
28712 135 1:0 28717
28712 111 1:0 28717
28712 14262 1:0 28717
28716 253 1:0 28717
28717 27616 1:0 28717
28717 16471 1:0 28717
28718 27555 1:0 28748
28721 27314 1:0 28745
28721 27210 1:0 28745
28726 27617 1:0 28726
28728 253 21:0 28729
28731 27611 1:0 28731
28731 16471 21:0 28732
28746 27606 1:0 28746
28746 16498 1:0 28748
28746 16484 1:0 28748
28746 16493 1:0 28748
28746 241 1:0 28748
28746 353 1:0 28748
28746 239 1:0 28748
28746 27607 1:0 28748
28746 13522 1:0 28748
28746 13516 1:0 28748
28746 13521 1:0 28748
28749 13526 1:0 28783
28749 13527 1:0 28783
28755 27602 1:0 28755
28755 27604 1:0 28755
28755 27605 1:0 28755
28772 353 21:0 28782
28781 27598 1:0 28781
28784 13525 1:0 28799
28785 241 21:0 28791
28793 16495 1:0 28796
28793 13520 1:0 28799
28795 241 1:0 28800
28800 13519 1:0 28802
28800 13515 1:0 28802
28800 13517 1:0 28802
28800 13518 1:0 28802
28800 13524 1:0 28802
28801 27596 1:0 28802
28802 253 1:0 28802
28802 16502 1:0 28802
28802 251 1:0 28802
28803 13523 1:0 28868
28803 13528 1:0 28889
28808 27597 1:0 28808
28813 27591 1:0 28813
28813 16502 21:0 28814
28828 253 21:0 28829
28828 251 21:0 28829
28848 13517 21:0 28870
28869 13518 21:0 28877
28873 16471 1:0 28873
28873 16502 1:0 28873
28873 253 1:0 28873
28873 251 1:0 28873
28873 13532 1:0 28873
28873 13531 1:0 28873
28873 13530 1:0 28873
28873 13529 1:0 28873
28874 16555 1:0 28918
28878 13523 21:0 28920
28919 13527 21:0 28920
28919 13525 21:0 28920
28919 13524 21:0 28920
28919 13528 21:0 28920
28919 13526 21:0 28923
28919 27554 1:0 28929
28922 241 21:0 28923
28922 239 21:0 28923
28922 13515 21:0 28923
28922 243 21:0 28923
28922 13516 21:0 28923
28922 13522 21:0 28923
28922 13521 21:0 28923
28922 253 21:0 28923
28922 251 21:0 28923
28922 247 21:0 28923
28922 237 21:0 28923
28922 13531 21:0 28923
28922 13530 21:0 28923
28922 13529 21:0 28923
28922 249 21:0 28923
28922 13532 21:0 28923
28922 245 21:0 28923
28922 13520 21:0 28923
28922 13519 21:0 28923
28922 27261 1:0 28929
28922 27241 1:0 28929
28927 221 1:0 28929
28930 27585 1:0 28930
28930 27553 1:0 28938
28933 353 1:0 28935
28933 223 1:0 28935
28933 16550 1:0 28938
28933 16552 1:0 28938
28933 16541 1:0 28938
28933 13665 1:0 28938
28933 13669 1:0 28938
28933 13672 1:0 28938
28933 13671 1:0 28938
28933 13666 1:0 28938
28933 13664 1:0 28938
28933 13663 1:0 28938
28933 13662 1:0 28938
28933 13668 1:0 28938
28936 27574 1:0 28938
28938 235 1:0 28938
28938 27583 1:0 28938
28938 16528 1:0 28938
28939 27488 1:0 28966
28942 13673 1:0 28966
28942 13675 1:0 28966
28942 13670 1:0 28966
28942 13674 1:0 28966
28947 27584 1:0 28947
28949 235 21:0 28950
28952 27578 1:0 28952
28952 16528 21:0 28953
28966 16559 1:0 28966
28966 233 1:0 28966
28966 27563 1:0 28966
28967 27573 1:0 28967
28967 27521 1:0 29139
28976 27571 1:0 28976
28976 27572 1:0 28976
28976 27569 1:0 28976
28993 353 21:0 29003
29002 27565 1:0 29002
29029 27564 1:0 29029
29031 233 21:0 29032
29034 27558 1:0 29034
29034 16559 21:0 29035
29045 235 1:0 29045
29045 233 1:0 29045
29046 13667 1:0 29070
29049 235 21:0 29050
29049 233 21:0 29050
29056 13663 21:0 29108
29094 233 1:0 29094
29094 16559 1:0 29094
29094 16528 1:0 29094
29094 235 1:0 29094
29094 13678 1:0 29094
29094 13676 1:0 29094
29094 13677 1:0 29094
29095 39 1:0 29139
29107 13667 21:0 29115
29116 13675 21:0 29141
29130 13679 1:0 29130
29140 13673 21:0 29141
29140 13674 21:0 29141
29140 13670 21:0 29141
29140 13672 21:0 29141
29140 13671 21:0 29144
29140 27522 1:0 29150
29143 223 21:0 29144
29143 219 21:0 29144
29143 225 21:0 29144
29143 221 21:0 29144
29143 13669 21:0 29144
29143 13668 21:0 29144
29143 13662 21:0 29144
29143 13679 21:0 29144
29143 13677 21:0 29144
29143 13678 21:0 29144
29143 235 21:0 29144
29143 233 21:0 29144
29143 227 21:0 29144
29143 231 21:0 29144
29143 229 21:0 29144
29143 13666 21:0 29144
29143 13664 21:0 29144
29143 13665 21:0 29144
29143 13676 21:0 29144
29143 27367 1:0 29150
29143 27373 1:0 29150
29151 27552 1:0 29151
29151 27523 1:0 29159
29154 93 1:0 29159
29154 201 1:0 29159
29154 27195 1:0 29159
29154 14260 1:0 29159
29159 16585 1:0 29159
29159 27550 1:0 29159
29159 217 1:0 29159
29160 27490 1:0 29190
29163 27300 1:0 29187
29163 27222 1:0 29187
29168 27551 1:0 29168
29170 217 21:0 29171
29173 27545 1:0 29173
29173 16585 21:0 29174
29186 27541 1:0 29190
29186 205 1:0 29190
29186 16598 1:0 29190
29186 203 1:0 29190
29186 16607 1:0 29190
29186 353 1:0 29190
29186 16612 1:0 29190
29186 13809 1:0 29190
29186 13815 1:0 29190
29186 13816 1:0 29190
29187 13822 1:0 29225
29187 13817 1:0 29225
29188 27540 1:0 29188
29197 27536 1:0 29197
29197 27539 1:0 29197
29197 27538 1:0 29197
29198 16609 1:0 29238
29198 13812 1:0 29241
29198 13820 1:0 29241
29214 353 21:0 29224
29223 27532 1:0 29223
29230 16607 21:0 29233
29234 16607 1:0 29242
29239 27530 1:0 29244
29239 215 1:0 29244
29239 16616 1:0 29244
29239 217 1:0 29244
29239 13811 1:0 29244
29239 13813 1:0 29244
29239 13810 1:0 29244
29239 13814 1:0 29244
29239 13818 1:0 29244
29239 13819 1:0 29320
29244 13821 1:0 29330
29250 27531 1:0 29250
29252 16585 1:0 29315
29252 16655 1:0 29360
29252 13826 1:0 29315
29252 13823 1:0 29315
29252 13824 1:0 29315
29252 13825 1:0 29315
29255 27525 1:0 29255
29269 27520 1:0 29371
29277 13810 21:0 29329
29318 27301 1:0 29371
29328 13813 21:0 29336
29338 27239 1:0 29371
29340 13821 21:0 29362
29361 13818 21:0 29362
29361 13819 21:0 29362
29361 13820 21:0 29362
29361 13822 21:0 29362
29361 13817 21:0 29365
29364 13823 21:0 29365
29364 211 21:0 29365
29364 13824 21:0 29365
29364 209 21:0 29365
29364 213 21:0 29365
29364 217 21:0 29365
29364 13825 21:0 29365
29364 207 21:0 29365
29364 205 21:0 29365
29364 215 21:0 29365
29364 203 21:0 29365
29364 13812 21:0 29365
29364 13814 21:0 29365
29364 201 21:0 29365
29364 13811 21:0 29365
29364 13809 21:0 29365
29364 13826 21:0 29365
29364 13815 21:0 29365
29364 13816 21:0 29365
29370 27177 1:0 29380
29370 199 1:0 29380
29370 16642 1:0 29380
29370 27517 1:0 29380
29370 16883 1:0 29380
29370 16669 1:0 29380
29370 27508 1:0 29411
29370 16940 1:0 29411
29370 185 1:0 29411
29370 353 1:0 29411
29370 197 1:0 29465
29370 27497 1:0 29465
29370 16673 1:0 29465
29370 16699 1:0 29604
29370 27475 1:0 29604
29370 27484 1:0 29604
29370 181 1:0 29604
29370 179 1:0 29686
29370 27464 1:0 29686
29370 16730 1:0 29686
29370 163 1:0 29825
29370 16756 1:0 29825
29370 27451 1:0 29825
29370 27442 1:0 29825
29370 27431 1:0 29907
29370 161 1:0 29907
29370 16787 1:0 29907
29370 16813 1:0 30046
29370 145 1:0 30046
29370 27418 1:0 30046
29370 27409 1:0 30080
29370 143 1:0 30128
29370 21162 1:0 31768
29370 19511 1:0 31768
29370 14263 1:0 29380
29370 13957 1:0 29411
29370 13971 1:0 29536
29370 13970 1:0 29536
29370 13972 1:0 29571
29370 13973 1:0 29572
29370 14119 1:0 29686
29370 14117 1:0 29686
29370 14120 1:0 29686
29370 14118 1:0 29686
29370 14264 1:0 29907
29370 14267 1:0 29907
29370 14265 1:0 29907
29370 14266 1:0 29907
29370 14414 1:0 30128
29371 27489 1:0 29380
29371 27334 1:0 29408
29371 27305 1:0 29408
29371 16726 1:0 29411
29371 16664 1:0 29411
29371 187 1:0 29411
29371 16666 1:0 29459
29371 13963 1:0 29411
29371 13962 1:0 29411
29371 13960 1:0 29462
29372 27519 1:0 29372
29380 27487 1:0 29411
29380 16769 1:0 29581
29380 17054 1:0 29584
29380 16844 1:0 30128
29380 27398 1:0 30128
29380 16870 1:0 30267
29380 127 1:0 30267
29380 13965 1:0 29446
29380 13966 1:0 29446
29380 13964 1:0 29462
29380 13956 1:0 29465
29380 13958 1:0 29465
29380 13967 1:0 29465
29380 13959 1:0 29465
29380 13961 1:0 29465
29380 13968 1:0 29551
29380 13969 1:0 29552
29380 14258 1:0 29584
29380 14411 1:0 30128
29380 14412 1:0 30128
29380 14413 1:0 30128
29380 14559 1:0 30349
29380 14561 1:0 30349
29386 27202 1:0 29584
29386 17011 1:0 29584
29386 16840 1:0 29584
29386 27221 1:0 29584
29386 16712 1:0 29604
29386 14110 1:0 29604
29389 27518 1:0 29389
29394 27512 1:0 29394
29407 27457 1:0 29595
29409 27507 1:0 29409
29418 27506 1:0 29418
29418 27505 1:0 29418
29418 27503 1:0 29418
29419 27272 1:0 29595
29419 27340 1:0 29595
29444 27499 1:0 29444
29460 169 1:0 29664
29460 27376 1:0 30267
29471 27498 1:0 29471
29476 27492 1:0 29476
29488 27455 1:0 29604
29489 16721 1:0 29667
29489 167 1:0 29667
29489 16723 1:0 29680
29489 27385 1:0 30267
29489 14115 1:0 29604
29489 14114 1:0 29604
29489 14113 1:0 29604
29489 14109 1:0 29664
29489 14106 1:0 29683
29490 14112 1:0 29667
29501 13956 21:0 29550
29549 13959 21:0 29557
29558 13969 21:0 29583
29582 13965 21:0 29583
29582 13964 21:0 29583
29582 13968 21:0 29583
29582 13967 21:0 29583
29582 13966 21:0 29586
29585 13957 21:0 29586
29585 189 21:0 29586
29585 187 21:0 29586
29585 185 21:0 29586
29585 183 21:0 29586
29585 13963 21:0 29586
29585 13962 21:0 29586
29585 195 21:0 29586
29585 197 21:0 29586
29585 199 21:0 29586
29585 13970 21:0 29586
29585 13973 21:0 29586
29585 191 21:0 29586
29585 13972 21:0 29586
29585 13971 21:0 29586
29585 13960 21:0 29586
29585 13958 21:0 29586
29585 13961 21:0 29586
29585 193 21:0 29586
29591 27456 1:0 29686
29592 27454 1:0 29805
29592 16748 1:0 29816
29592 151 1:0 29825
29592 16783 1:0 29825
29592 14103 1:0 29667
29592 14111 1:0 29683
29592 14105 1:0 29686
29592 14104 1:0 29686
29592 14107 1:0 29686
29592 14116 1:0 29686
29592 14108 1:0 29686
29592 14261 1:0 29816
29593 27486 1:0 29593
29601 27424 1:0 29816
29601 27234 1:0 29816
29601 27366 1:0 29825
29601 16751 1:0 29825
29601 16778 1:0 29891
29601 149 1:0 29896
29601 16780 1:0 29901
29601 14251 1:0 29825
29601 14250 1:0 29897
29601 14252 1:0 29904
29601 14256 1:0 29904
29607 27422 1:0 29825
29609 131 1:0 30106
29609 16901 1:0 30349
29609 27365 1:0 30349
29609 125 1:0 30349
29609 27352 1:0 30488
29609 27343 1:0 30488
29609 16927 1:0 30488
29609 109 1:0 30488
29609 107 1:0 30570
29609 16958 1:0 30570
29609 14255 1:0 29907
29609 14254 1:0 29907
29609 14253 1:0 29907
29609 14257 1:0 29907
29609 14558 1:0 30349
29609 14560 1:0 30349
29610 27485 1:0 29610
29612 27354 1:0 29904
29615 27479 1:0 29615
29630 27474 1:0 29630
29639 27470 1:0 29639
29639 27473 1:0 29639
29639 27472 1:0 29639
29640 27423 1:0 29907
29665 27466 1:0 29665
29681 16801 1:0 29907
29681 16915 1:0 30037
29681 16805 1:0 30037
29681 16808 1:0 30037
29692 27465 1:0 29692
29697 27459 1:0 29697
29710 27421 1:0 30026
29711 16858 1:0 30037
29719 14104 21:0 29771
29770 14108 21:0 29778
29779 14116 21:0 29804
29803 14113 21:0 29804
29803 14115 21:0 29804
29803 14112 21:0 29804
29803 14111 21:0 29804
29803 14114 21:0 29807
29806 14118 21:0 29807
29806 175 21:0 29807
29806 177 21:0 29807
29806 167 21:0 29807
29806 14119 21:0 29807
29806 14103 21:0 29807
29806 14117 21:0 29807
29806 14110 21:0 29807
29806 14109 21:0 29807
29806 14105 21:0 29807
29806 181 21:0 29807
29806 165 21:0 29807
29806 14107 21:0 29807
29806 173 21:0 29807
29806 14120 21:0 29807
29806 169 21:0 29807
29806 14106 21:0 29807
29806 179 21:0 29807
29806 171 21:0 29807
29812 27391 1:0 30037
29813 27389 1:0 30046
29813 16826 1:0 30046
29813 14408 1:0 30046
29813 14398 1:0 30046
29813 14407 1:0 30046
29813 14409 1:0 30046
29813 14397 1:0 30106
29813 14404 1:0 30109
29813 14406 1:0 30109
29814 27453 1:0 29814
29822 133 1:0 30108
29822 16835 1:0 30109
29822 16837 1:0 30122
29822 27390 1:0 30128
29822 16897 1:0 30267
29822 113 1:0 30327
29822 91 1:0 30709
29822 16984 1:0 30709
29822 14402 1:0 30125
29822 14405 1:0 30125
29822 14399 1:0 30128
29822 14403 1:0 30128
29822 14400 1:0 30128
29822 14410 1:0 30128
29822 14401 1:0 30128
29822 14708 1:0 30570
29822 14707 1:0 30570
29822 14706 1:0 30570
29822 14705 1:0 30570
29828 27388 1:0 30247
29831 27452 1:0 29831
29836 27446 1:0 29836
29848 27356 1:0 30258
29849 27380 1:0 30258
29851 27441 1:0 29851
29860 27440 1:0 29860
29860 27439 1:0 29860
29860 27437 1:0 29860
29861 27375 1:0 30258
29861 27332 1:0 30570
29886 27433 1:0 29886
29913 27432 1:0 29913
29915 27358 1:0 30267
29918 27426 1:0 29918
29922 27310 1:0 30709
29930 14556 1:0 30267
29930 14552 1:0 30267
29931 115 1:0 30329
29931 16892 1:0 30330
29931 27319 1:0 30709
29931 14545 1:0 30267
29931 14555 1:0 30267
29931 14550 1:0 30327
29931 14551 1:0 30330
29950 14253 21:0 29975
29974 14255 21:0 29982
29981 14254 21:0 29987
29990 14261 21:0 30025
30024 14260 21:0 30025
30024 14258 21:0 30025
30024 14263 21:0 30025
30024 14262 21:0 30025
30024 14259 21:0 30028
30027 14252 21:0 30028
30027 14264 21:0 30028
30027 159 21:0 30028
30027 14257 21:0 30028
30027 14256 21:0 30028
30027 157 21:0 30028
30027 14250 21:0 30028
30027 14251 21:0 30028
30027 14266 21:0 30028
30027 14267 21:0 30028
30027 14265 21:0 30028
30029 159 1:0 812
30033 27357 1:0 30349
30034 16894 1:0 30343
30034 27325 1:0 30468
30034 16954 1:0 30488
30034 97 1:0 30548
30034 95 1:0 30551
30034 16949 1:0 30551
30034 14554 1:0 30330
30034 14548 1:0 30346
30034 14553 1:0 30346
30034 14549 1:0 30349
30034 14546 1:0 30349
30034 14544 1:0 30349
30034 14547 1:0 30349
30034 14557 1:0 30349
30034 14701 1:0 30488
30035 27420 1:0 30035
30043 27353 1:0 30479
30043 27287 1:0 30479
30043 27355 1:0 30479
30043 14703 1:0 30488
30043 14704 1:0 30488
30049 27324 1:0 30488
30051 16951 1:0 30564
30051 27299 1:0 30791
30051 17015 1:0 30791
30051 89 1:0 30791
30051 27286 1:0 30930
30051 14697 1:0 30488
30051 14691 1:0 30548
30051 14692 1:0 30551
30051 14693 1:0 30567
30051 14696 1:0 30570
30051 14853 1:0 30791
30051 14855 1:0 30791
30051 14852 1:0 30791
30051 14854 1:0 30791
30052 27419 1:0 30052
30054 14700 1:0 30551
30054 14699 1:0 30567
30057 27413 1:0 30057
30072 27408 1:0 30072
30081 27407 1:0 30081
30081 27404 1:0 30081
30081 27406 1:0 30081
30082 27323 1:0 30570
30107 27400 1:0 30107
30123 27268 1:0 30700
30123 79 1:0 30769
30123 27277 1:0 30930
30123 14694 1:0 30570
30123 14695 1:0 30570
30123 14698 1:0 30570
30123 14702 1:0 30570
30123 14844 1:0 30709
30131 16997 1:0 30709
30134 27399 1:0 30134
30136 27294 1:0 30700
30139 27393 1:0 30139
30194 14403 21:0 30218
30221 14410 21:0 30246
30245 14407 21:0 30246
30245 14409 21:0 30246
30245 14405 21:0 30246
30245 14406 21:0 30246
30245 14408 21:0 30249
30248 14397 21:0 30249
30248 14398 21:0 30249
30248 14404 21:0 30249
30248 14402 21:0 30249
30248 14412 21:0 30249
30248 14413 21:0 30249
30248 14401 21:0 30249
30248 14399 21:0 30249
30248 14400 21:0 30249
30248 14414 21:0 30249
30248 14411 21:0 30249
30254 27322 1:0 30689
30255 27291 1:0 30700
30255 27290 1:0 30709
30256 27387 1:0 30256
30264 17006 1:0 30772
30264 77 1:0 30772
30264 17008 1:0 30785
30264 27292 1:0 30791
30264 73 1:0 30930
30264 17041 1:0 30930
30264 17068 1:0 30930
30264 61 1:0 30990
30264 71 1:0 31012
30264 27266 1:0 31012
30264 17072 1:0 31012
30264 14847 1:0 30709
30264 14851 1:0 30709
30264 14846 1:0 30709
30264 14839 1:0 30769
30264 14849 1:0 30772
30264 14845 1:0 30772
30264 14848 1:0 30788
30264 14842 1:0 30788
30264 14843 1:0 30791
30264 14838 1:0 30791
30264 14840 1:0 30791
30264 14850 1:0 30791
30264 14841 1:0 30791
30264 14992 1:0 30930
30264 15000 1:0 31012
30264 15002 1:0 31012
30264 14999 1:0 31012
30264 15001 1:0 31012
30270 14995 1:0 30930
30273 27386 1:0 30273
30275 27259 1:0 30910
30302 27371 1:0 30302
30303 27289 1:0 30921
30344 27255 1:0 30921
30344 27281 1:0 30921
30352 14986 1:0 30990
30357 14997 1:0 30930
30357 14994 1:0 30930
30360 27360 1:0 30360
30364 27244 1:0 31148
30372 59 1:0 30993
30372 17063 1:0 30993
30372 17065 1:0 31006
30372 43 1:0 31142
30372 41 1:0 31145
30372 55 1:0 31148
30372 17098 1:0 31148
30372 53 1:0 31176
30372 17129 1:0 31176
30372 14985 1:0 30993
30372 14996 1:0 30993
30372 14988 1:0 31009
30372 14987 1:0 31012
30372 14989 1:0 31012
30372 14990 1:0 31012
30372 15134 1:0 31148
30372 15146 1:0 31329
30372 15147 1:0 31330
30373 14993 1:0 31009
30385 14544 21:0 30436
30435 14547 21:0 30442
30442 14557 21:0 30467
30466 14553 21:0 30467
30466 14554 21:0 30467
30466 14556 21:0 30467
30466 14552 21:0 30467
30466 14555 21:0 30470
30469 14559 21:0 30470
30469 14560 21:0 30470
30469 14558 21:0 30470
30469 14551 21:0 30470
30469 14550 21:0 30470
30469 14545 21:0 30470
30469 14548 21:0 30470
30469 14546 21:0 30470
30469 14549 21:0 30470
30469 14561 21:0 30470
30475 27257 1:0 30930
30476 27258 1:0 31012
30476 27243 1:0 31142
30476 17122 1:0 31148
30476 17125 1:0 31148
30476 17111 1:0 31148
30476 17120 1:0 31148
30476 14991 1:0 31012
30476 14998 1:0 31012
30476 15139 1:0 31148
30476 15133 1:0 31148
30476 15132 1:0 31148
30476 15136 1:0 31148
30476 15137 1:0 31148
30476 15138 1:0 31148
30485 27256 1:0 31131
30485 27226 1:0 31142
30491 27235 1:0 31142
30491 27228 1:0 31148
30491 15142 1:0 31148
30491 15140 1:0 31148
30493 27253 1:0 31148
30493 27233 1:0 31176
30493 21 1:0 31369
30493 27 1:0 31369
30493 37 1:0 31369
30493 27220 1:0 31369
30493 17155 1:0 31369
30493 17177 1:0 31400
30493 27200 1:0 31454
30493 17186 1:0 31454
30493 35 1:0 31454
30493 19 1:0 31599
30493 17212 1:0 31599
30493 27187 1:0 31599
30493 17243 1:0 31675
30493 27167 1:0 31675
30493 17 1:0 31675
30493 16209 1:0 31768
30493 26115 1:0 31768
30493 24464 1:0 31768
30493 22813 1:0 31768
30493 27766 1:0 31768
30493 17860 1:0 31768
30493 15135 1:0 31270
30493 15148 1:0 31339
30493 15149 1:0 31340
30493 15293 1:0 31550
30493 15294 1:0 31551
30493 15295 1:0 31560
30493 15296 1:0 31561
30493 15440 1:0 31768
30493 15443 1:0 31768
30493 15441 1:0 31768
30493 15442 1:0 31768
30496 15143 1:0 31176
30496 15141 1:0 31176
30499 27347 1:0 30499
30514 27342 1:0 30514
30523 27341 1:0 30523
30524 27224 1:0 31176
30565 27206 1:0 31360
30565 15145 1:0 31176
30565 15144 1:0 31176
30573 15286 1:0 31400
30576 27333 1:0 30576
30578 27176 1:0 31360
30581 27327 1:0 30581
30613 14694 21:0 30638
30637 14696 21:0 30645
30644 14695 21:0 30650
30653 14702 21:0 30688
30687 14699 21:0 30688
30687 14700 21:0 30688
30687 14703 21:0 30688
30687 14704 21:0 30688
30687 14701 21:0 30691
30690 14705 21:0 30691
30690 14706 21:0 30691
30690 14693 21:0 30691
30690 14707 21:0 30691
30690 14697 21:0 30691
30690 14691 21:0 30691
30690 14692 21:0 30691
30690 14698 21:0 30691
30690 14708 21:0 30691
30696 27225 1:0 31349
30697 27223 1:0 31360
30697 27193 1:0 31369
30706 17150 1:0 31369
30706 27182 1:0 31369
30706 341 1:0 31397
30706 27189 1:0 31397
30706 17168 1:0 31400
30706 27191 1:0 31400
30706 25 1:0 31400
30706 23 1:0 31400
30706 27211 1:0 31400
30706 15279 1:0 31400
30706 15285 1:0 31400
30706 15282 1:0 31451
30712 17182 1:0 31400
30712 17179 1:0 31448
30712 329 1:0 31590
30712 15288 1:0 31435
30712 15287 1:0 31435
30712 15289 1:0 31451
30712 15292 1:0 31454
30712 15284 1:0 31454
30712 15283 1:0 31454
30712 15281 1:0 31454
30712 15280 1:0 31454
30712 15291 1:0 31540
30714 15290 1:0 31531
30717 27173 1:0 31581
30735 27309 1:0 30735
30744 27308 1:0 30744
30744 27307 1:0 30744
30745 27192 1:0 31578
30786 27169 1:0 31581
30786 9 1:0 31590
30786 17207 1:0 31590
30786 17239 1:0 31590
30786 3 1:0 31593
30786 16215 1:0 31593
30794 5 1:0 31621
30799 27175 1:0 31590
30814 27168 1:0 31593
30815 26113 1:0 31593
30827 14838 21:0 30878
30877 14843 21:0 30884
30887 14850 21:0 30909
30908 14848 21:0 30909
30908 14849 21:0 30909
30908 14846 21:0 30909
30908 14851 21:0 30909
30908 14847 21:0 30912
30911 14853 21:0 30912
30911 14842 21:0 30912
30911 14840 21:0 30912
30911 14854 21:0 30912
30911 14852 21:0 30912
30911 14841 21:0 30912
30911 14855 21:0 30912
30911 14845 21:0 30912
30911 14839 21:0 30912
30911 14844 21:0 30912
30917 27190 1:0 31588
30918 22811 1:0 31593
30918 24462 1:0 31593
30918 17225 1:0 31599
30918 16207 1:0 31618
30918 17858 1:0 31618
30918 19509 1:0 31618
30918 21160 1:0 31618
30918 17234 1:0 31621
30918 7 1:0 31621
30918 27178 1:0 31621
30918 17236 1:0 31669
30918 15433 1:0 31599
30918 15434 1:0 31618
30918 15432 1:0 31618
30918 15435 1:0 31621
30918 15427 1:0 31621
30918 15436 1:0 31656
30918 15437 1:0 31656
30918 15438 1:0 31672
30918 15429 1:0 31672
30918 15430 1:0 31675
30918 15431 1:0 31675
30919 27288 1:0 30919
30927 15528 1:0 31768
30927 334 1:0 139
30927 15426 1:0 31675
30927 15439 1:0 31675
30927 15428 1:0 31675
30927 15529 1:0 31803
30956 27276 1:0 30956
30965 27274 1:0 30965
30965 27275 1:0 30965
31018 27267 1:0 31018
31078 14991 21:0 31102
31105 14998 21:0 31130
31129 14993 21:0 31130
31129 14996 21:0 31130
31129 14994 21:0 31130
31129 14997 21:0 31130
31129 14995 21:0 31133
31132 14987 21:0 31133
31132 15000 21:0 31133
31132 15002 21:0 31133
31132 14999 21:0 31133
31132 15001 21:0 31133
31132 14992 21:0 31133
31132 14986 21:0 31133
31132 14988 21:0 31133
31132 14985 21:0 31133
31132 14990 21:0 31133
31132 14989 21:0 31133
31157 27254 1:0 31157
31162 27248 1:0 31162
31186 27242 1:0 31186
31269 15132 21:0 31320
31319 15135 21:0 31326
31329 15144 21:0 31351
31350 15145 21:0 31351
31350 15141 21:0 31351
31350 15143 21:0 31351
31350 15140 21:0 31351
31350 15142 21:0 31354
31353 15148 21:0 31354
31353 15147 21:0 31354
31353 15146 21:0 31354
31353 15134 21:0 31354
31353 15149 21:0 31354
31353 15136 21:0 31354
31353 15137 21:0 31354
31353 15138 21:0 31354
31353 15133 21:0 31354
31353 15139 21:0 31354
31383 27215 1:0 31383
31407 27208 1:0 31407
31407 27209 1:0 31407
31460 27201 1:0 31460
31510 15283 21:0 31523
31522 15284 21:0 31529
31528 15281 21:0 31536
31537 15290 21:0 31572
31571 15291 21:0 31572
31571 15292 21:0 31572
31571 15289 21:0 31572
31571 15288 21:0 31572
31571 15287 21:0 31575
31574 15280 21:0 31575
31574 15279 21:0 31575
31574 15295 21:0 31575
31574 15293 21:0 31575
31574 15286 21:0 31575
31574 15294 21:0 31575
31574 15282 21:0 31575
31574 15296 21:0 31575
31574 15285 21:0 31575
31599 27188 1:0 31599
31697 341 21:0 151
