301 54476 21:0 301
303 54235 21:0 340
312 54477 21:0 312
339 54236 21:0 345
340 54481 21:0 340
344 54238 21:0 356
345 54485 21:0 345
355 54234 21:0 356
355 54240 21:0 356
355 54239 21:0 356
355 54227 21:0 361
360 54498 21:0 366
360 54233 21:0 361
361 54497 21:0 361
365 54499 21:0 421
368 54490 21:0 368
377 54509 21:0 377
388 54510 21:0 388
416 54516 21:0 416
416 54514 21:0 416
416 54517 21:0 416
420 54500 21:0 437
421 54518 21:0 421
429 54529 21:0 429
436 54501 21:0 442
437 54530 21:0 437
441 54531 21:0 492
444 54523 21:0 444
464 54543 21:0 464
491 54532 21:0 513
492 54549 21:0 492
492 54547 21:0 492
497 54551 21:0 497
499 54536 21:0 499
505 54562 21:0 505
512 54533 21:0 518
513 54563 21:0 513
517 54534 21:0 568
529 54575 21:0 529
567 54564 21:0 584
568 54583 21:0 568
568 54580 21:0 568
575 54569 21:0 575
581 54595 21:0 581
583 54565 21:0 594
589 54596 21:0 589
593 54566 21:0 644
596 54589 21:0 596
605 54608 21:0 605
616 54609 21:0 616
643 54567 21:0 660
644 54613 21:0 644
644 54616 21:0 644
649 54617 21:0 649
651 54602 21:0 651
657 54628 21:0 657
659 54327 21:0 660
659 54328 21:0 665
664 54597 21:0 670
669 54598 21:0 720
672 54622 21:0 672
681 54641 21:0 681
692 54642 21:0 692
719 54599 21:0 736
720 54648 21:0 720
720 54646 21:0 720
720 54649 21:0 720
725 54650 21:0 725
727 54635 21:0 727
733 54661 21:0 733
735 54600 21:0 746
741 54662 21:0 741
745 54630 21:0 796
748 54655 21:0 748
757 54674 21:0 757
768 54675 21:0 768
795 54631 21:0 812
796 54679 21:0 796
796 54681 21:0 796
796 54682 21:0 796
801 54683 21:0 801
803 54668 21:0 803
809 54694 21:0 809
811 54632 21:0 822
817 54695 21:0 817
821 54633 21:0 872
824 54688 21:0 824
833 54707 21:0 833
844 54708 21:0 844
871 54663 21:0 888
872 54712 21:0 872
872 54714 21:0 872
872 54715 21:0 872
877 54716 21:0 877
879 54701 21:0 879
885 54727 21:0 885
887 54664 21:0 898
893 54728 21:0 893
897 54665 21:0 948
900 54721 21:0 900
909 54740 21:0 909
920 54741 21:0 920
947 54666 21:0 964
948 54748 21:0 948
948 54747 21:0 948
948 54745 21:0 948
953 54749 21:0 953
955 54734 21:0 955
961 54760 21:0 961
963 54696 21:0 974
969 54761 21:0 969
973 54698 21:0 1024
976 54754 21:0 976
985 54773 21:0 985
996 54774 21:0 996
1023 54697 21:0 1040
1024 54781 21:0 1024
1024 54778 21:0 1024
1024 54780 21:0 1024
1029 54782 21:0 1029
1031 54767 21:0 1031
1037 54793 21:0 1037
1039 54699 21:0 1050
1045 54794 21:0 1045
1049 54729 21:0 1100
1052 54787 21:0 1052
1061 54806 21:0 1061
1072 54807 21:0 1072
1099 54731 21:0 1116
1100 54814 21:0 1100
1100 54813 21:0 1100
1100 54811 21:0 1100
1105 54815 21:0 1105
1107 54800 21:0 1107
1113 54826 21:0 1113
1115 54730 21:0 1126
1121 54827 21:0 1121
1125 54732 21:0 1148
1128 54820 21:0 1128
1137 54839 21:0 1137
1147 54762 21:0 1192
1148 54840 21:0 1148
1176 54844 21:0 1176
1176 54846 21:0 1176
1176 54847 21:0 1176
1181 54848 21:0 1181
1183 54833 21:0 1183
1189 54859 21:0 1189
1191 54764 21:0 1202
1197 54860 21:0 1197
1201 54763 21:0 1224
1204 54853 21:0 1204
1213 54872 21:0 1213
1223 54765 21:0 1268
1224 54873 21:0 1224
1252 54879 21:0 1252
1252 54877 21:0 1252
1252 54880 21:0 1252
1257 54881 21:0 1257
1259 54866 21:0 1259
1265 54892 21:0 1265
1267 54795 21:0 1278
1273 54893 21:0 1273
1277 54797 21:0 1296
1280 54886 21:0 1280
1289 54905 21:0 1289
1295 54796 21:0 1344
1300 54906 21:0 1300
1328 54910 21:0 1328
1328 54913 21:0 1328
1328 54912 21:0 1328
1333 54914 21:0 1333
1335 54899 21:0 1335
1341 54925 21:0 1341
1343 54798 21:0 1349
1348 54828 21:0 1372
1349 54926 21:0 1349
1351 54929 21:0 1351
1354 54930 21:0 1354
1356 54919 21:0 1356
1365 54938 21:0 1365
1371 54830 21:0 1420
1376 54939 21:0 1376
1404 54943 21:0 1404
1404 54945 21:0 1404
1404 54946 21:0 1404
1409 54947 21:0 1409
1411 54932 21:0 1411
1417 54958 21:0 1417
1419 54829 21:0 1425
1422 54960 21:0 1422
1424 54831 21:0 1444
1425 54959 21:0 1425
1427 54961 21:0 1427
1427 54962 21:0 1427
1430 54963 21:0 1430
1432 54952 21:0 1432
1441 54971 21:0 1441
1443 54861 21:0 1496
1452 54972 21:0 1452
1480 54978 21:0 1480
1480 54979 21:0 1480
1480 54976 21:0 1480
1485 54980 21:0 1485
1487 54965 21:0 1487
1493 54991 21:0 1493
1495 54862 21:0 1501
1498 54993 21:0 1498
1500 54863 21:0 1520
1501 54992 21:0 1501
1503 54994 21:0 1503
1503 54995 21:0 1503
1506 54996 21:0 1506
1508 54985 21:0 1508
1517 55004 21:0 1517
1519 54864 21:0 1572
1528 55005 21:0 1528
1556 55009 21:0 1556
1556 55012 21:0 1556
1556 55011 21:0 1556
1561 55013 21:0 1561
1563 54998 21:0 1563
1569 55024 21:0 1569
1571 54894 21:0 1577
1574 55026 21:0 1574
1576 54895 21:0 1596
1577 55025 21:0 1577
1579 55027 21:0 1579
1579 55028 21:0 1579
1582 55029 21:0 1582
1584 55018 21:0 1584
1593 55037 21:0 1593
1595 54896 21:0 1648
1604 55038 21:0 1604
1632 55044 21:0 1632
1632 55042 21:0 1632
1632 55045 21:0 1632
1637 55046 21:0 1637
1639 55031 21:0 1639
1645 55057 21:0 1645
1647 54897 21:0 1653
1650 55059 21:0 1650
1652 54927 21:0 1673
1653 55058 21:0 1653
1655 55060 21:0 1655
1655 55061 21:0 1655
1658 55062 21:0 1658
1660 55051 21:0 1660
1672 54928 21:0 1725
1724 55081 21:0 1725
1724 55065 21:0 1725
1724 54717 21:0 1725
1724 54981 21:0 1725
1724 54948 21:0 1725
1724 54468 21:0 1725
1724 54816 21:0 1725
1724 54618 21:0 1725
1724 54783 21:0 1725
1724 54552 21:0 1725
1724 54882 21:0 1725
1724 54486 21:0 1725
1724 54519 21:0 1725
1724 5 21:0 1725
1724 9 21:0 1727
1724 54230 21:0 1725
1724 54232 21:0 1725
1724 54231 21:0 1725
1724 54229 21:0 1725
1726 54561 21:0 1727
1726 54640 21:0 1727
1726 327 21:0 1727
1726 21 21:0 1727
1726 54475 21:0 1727
1726 55070 21:0 1727
1726 55090 21:0 1727
1726 54825 21:0 1727
1726 54627 21:0 1727
1726 54706 21:0 1727
1726 54772 21:0 1727
1726 54750 21:0 1727
1726 54607 21:0 1727
1726 54739 21:0 1727
1726 54693 21:0 1727
1726 54585 21:0 1727
1726 19 21:0 1727
1726 54759 21:0 1727
1726 54858 21:0 1727
1726 54594 21:0 1727
1726 54915 21:0 1727
1726 54242 21:0 1727
1726 54244 21:0 1727
1726 54243 21:0 1727
1726 54241 21:0 1727
1727 55093 21:0 1735
1730 17 21:0 1730
1734 55095 21:0 1785
1784 55094 21:0 1801
1800 55096 21:0 1811
1801 31 21:0 1801
1806 35 21:0 1806
1810 55126 21:0 1861
1811 33 21:0 1811
1860 55128 21:0 1877
1876 55127 21:0 1887
1882 53 21:0 1882
1886 55129 21:0 1937
1887 51 21:0 1887
1936 55159 21:0 1953
1952 55160 21:0 1963
1953 67 21:0 1953
1962 55161 21:0 2013
1963 69 21:0 1963
2012 55162 21:0 2029
2028 55192 21:0 2039
2034 89 21:0 2034
2038 55194 21:0 2089
2088 55193 21:0 2105
2104 55195 21:0 2115
2105 103 21:0 2105
2110 107 21:0 2110
2114 55225 21:0 2156
2115 105 21:0 2115
2155 55226 21:0 2181
2180 55227 21:0 2191
2181 121 21:0 2181
2186 125 21:0 2186
2190 55228 21:0 2213
2191 123 21:0 2191
2212 55258 21:0 2257
2256 55259 21:0 2267
2257 139 21:0 2257
2262 143 21:0 2262
2266 55260 21:0 2289
2267 141 21:0 2267
2278 55335 21:0 2278
2288 55261 21:0 2333
2317 55343 21:0 2317
2317 55340 21:0 2317
2317 55342 21:0 2317
2322 55344 21:0 2322
2332 55291 21:0 2340
2333 157 21:0 2333
2338 161 21:0 2338
2339 55293 21:0 2361
2343 159 21:0 2343
2360 55292 21:0 2409
2365 55369 21:0 2365
2393 55376 21:0 2393
2398 55377 21:0 2398
2400 55362 21:0 2400
2406 55388 21:0 2406
2408 55294 21:0 2414
2409 175 21:0 2409
2413 55324 21:0 2433
2414 179 21:0 2414
2419 177 21:0 2419
2432 55326 21:0 2485
2441 55402 21:0 2441
2469 55409 21:0 2469
2476 55395 21:0 2476
2484 55325 21:0 2490
2485 193 21:0 2485
2489 55327 21:0 2509
2490 197 21:0 2490
2495 195 21:0 2495
2508 55357 21:0 2561
2545 55441 21:0 2545
2550 55443 21:0 2550
2552 55428 21:0 2552
2558 55454 21:0 2558
2560 55358 21:0 2566
2561 211 21:0 2561
2565 55359 21:0 2585
2566 215 21:0 2566
2566 55455 21:0 2566
2571 213 21:0 2571
2584 55360 21:0 2637
2621 55474 21:0 2621
2621 55475 21:0 2621
2636 55390 21:0 2642
2637 229 21:0 2637
2641 55392 21:0 2661
2642 233 21:0 2642
2642 55488 21:0 2642
2647 231 21:0 2647
2660 55391 21:0 2713
2697 55505 21:0 2697
2697 55507 21:0 2697
2702 55509 21:0 2702
2712 55393 21:0 2718
2713 247 21:0 2713
2717 55423 21:0 2737
2718 251 21:0 2718
2723 249 21:0 2723
2725 55514 21:0 2725
2734 55533 21:0 2734
2736 55424 21:0 2789
2773 55541 21:0 2773
2780 55527 21:0 2780
2786 55553 21:0 2786
2788 55425 21:0 2794
2789 265 21:0 2789
2793 55426 21:0 2813
2794 269 21:0 2794
2794 55554 21:0 2794
2799 267 21:0 2799
2801 55547 21:0 2801
2812 55456 21:0 2865
2821 55567 21:0 2821
2849 55571 21:0 2849
2849 55574 21:0 2849
2854 55575 21:0 2854
2862 55586 21:0 2862
2864 55458 21:0 2870
2865 283 21:0 2865
2869 55457 21:0 2889
2870 287 21:0 2870
2875 285 21:0 2875
2886 55599 21:0 2886
2888 55459 21:0 2941
2897 55600 21:0 2897
2925 55604 21:0 2925
2940 55489 21:0 2946
2941 301 21:0 2941
2945 55490 21:0 2965
2946 305 21:0 2946
2951 303 21:0 2951
2953 55613 21:0 2953
2964 55491 21:0 3017
3012 327 1:0 3012
3016 55492 21:0 3022
3017 319 21:0 3017
3019 55655 21:0 3019
3021 55522 21:0 3027
3022 55653 21:0 3022
3022 323 21:0 3022
3023 55655 1:0 3023
3026 55524 21:0 3036
3026 364 1:0 3029
3032 55062 1:0 3032
3035 55523 21:0 3043
3038 55060 1:0 3038
3039 55061 1:0 3039
3040 55663 21:0 3040
3042 55058 1:0 3042
3042 55525 21:0 3051
3044 323 1:0 3044
3048 55663 1:0 3048
3048 55059 1:0 3048
3050 55555 21:0 3054
3052 319 1:0 3052
3053 55557 21:0 3119
3057 55057 1:0 3057
3061 55051 1:0 3061
3076 55046 1:0 3076
3084 55044 1:0 3084
3084 55042 1:0 3084
3084 55045 1:0 3084
3110 55038 1:0 3110
3118 55556 21:0 3155
3134 55037 1:0 3134
3138 55031 1:0 3138
3154 55029 1:0 3154
3154 55558 21:0 3161
3156 303 1:0 3156
3160 55027 1:0 3160
3160 55588 21:0 3168
3161 55028 1:0 3161
3164 55025 1:0 3164
3166 305 1:0 3166
3167 55589 21:0 3173
3170 55026 1:0 3170
3172 55590 21:0 3199
3174 301 1:0 3174
3179 55024 1:0 3179
3183 55018 1:0 3183
3198 55013 1:0 3198
3198 55591 21:0 3273
3206 55009 1:0 3206
3206 55012 1:0 3206
3206 55011 1:0 3206
3232 55005 1:0 3232
3256 55004 1:0 3256
3260 54998 1:0 3260
3272 55621 21:0 3280
3276 54996 1:0 3276
3278 285 1:0 3278
3279 55622 21:0 3287
3282 54994 1:0 3282
3283 54995 1:0 3283
3286 54992 1:0 3286
3286 55623 21:0 3295
3288 287 1:0 3288
3292 54993 1:0 3292
3294 55624 21:0 3298
3296 283 1:0 3296
3297 55654 21:0 3363
3301 54991 1:0 3301
3305 54985 1:0 3305
3320 54980 1:0 3320
3323 54981 1:0 3327
3328 54978 1:0 3328
3328 54979 1:0 3328
3328 54976 1:0 3328
3354 54972 1:0 3354
3362 55656 21:0 3399
3378 54971 1:0 3378
3382 54965 1:0 3382
3398 54963 1:0 3398
3398 55655 21:0 3406
3400 267 1:0 3400
3404 54961 1:0 3404
3405 54962 1:0 3405
3405 55657 21:0 3412
3408 54959 1:0 3408
3410 269 1:0 3410
3411 55071 21:0 3412
3411 55079 21:0 3417
3414 54960 1:0 3414
3415 55835 21:0 3415
3416 55072 21:0 3417
3416 55076 21:0 3417
3416 55078 21:0 3420
3418 265 1:0 3418
3419 55091 21:0 3420
3419 55085 21:0 3420
3419 55080 21:0 3443
3423 54958 1:0 3423
3427 54952 1:0 3427
3442 54947 1:0 3442
3442 55092 21:0 3446
3445 54948 1:0 3449
3445 55109 21:0 3485
3450 54943 1:0 3450
3450 54945 1:0 3450
3450 54946 1:0 3450
3476 54939 1:0 3476
3484 55113 21:0 3494
3493 55104 21:0 3521
3500 54938 1:0 3500
3504 54932 1:0 3504
3520 54930 1:0 3520
3520 55118 21:0 3521
3520 55112 21:0 3521
3520 55124 21:0 3524
3520 54928 1:0 3525
3522 249 1:0 3522
3523 55098 21:0 3524
3523 55125 21:0 3524
3523 55105 21:0 3531
3527 54929 1:0 3527
3530 54926 1:0 3530
3530 55142 21:0 3531
3530 55137 21:0 3531
3530 55144 21:0 3534
3530 54927 1:0 3535
3532 251 1:0 3532
3533 55158 21:0 3534
3533 55111 21:0 3534
3533 55151 21:0 3539
3538 55146 21:0 3539
3538 55157 21:0 3539
3538 55145 21:0 3542
3538 54897 1:0 3563
3540 247 1:0 3540
3541 55131 21:0 3542
3541 55138 21:0 3542
3541 55177 21:0 3565
3545 54925 1:0 3545
3546 55895 21:0 3546
3549 54919 1:0 3549
3561 54915 1:0 3563
3564 54914 1:0 3564
3564 55179 21:0 3568
3564 54896 1:0 3641
3567 55171 21:0 3607
3572 54910 1:0 3572
3572 54913 1:0 3572
3572 54912 1:0 3572
3598 54906 1:0 3598
3606 55241 21:0 3616
3615 55211 21:0 3643
3622 54905 1:0 3622
3626 54899 1:0 3626
3642 55223 21:0 3643
3642 55237 21:0 3643
3642 55197 21:0 3646
3642 54895 1:0 3647
3644 231 1:0 3644
3645 55224 21:0 3646
3645 55208 21:0 3646
3645 55210 21:0 3653
3649 55945 21:0 3649
3652 54893 1:0 3652
3652 55311 21:0 3653
3652 55190 21:0 3653
3652 55236 21:0 3656
3652 54894 1:0 3657
3654 233 1:0 3654
3655 55203 21:0 3656
3655 55310 21:0 3656
3655 55175 21:0 3661
3659 55949 21:0 3659
3660 55256 21:0 3661
3660 55243 21:0 3661
3660 55263 21:0 3664
3660 54864 1:0 3685
3662 229 1:0 3662
3663 55170 21:0 3664
3663 55212 21:0 3664
3663 55302 21:0 3687
3667 54892 1:0 3667
3668 55952 21:0 3668
3671 54886 1:0 3671
3683 54882 1:0 3685
3686 54881 1:0 3686
3686 55278 21:0 3690
3686 54863 1:0 3763
3689 55307 21:0 3729
3694 54879 1:0 3694
3694 54877 1:0 3694
3694 54880 1:0 3694
3720 54873 1:0 3720
3728 55289 21:0 3741
3740 55164 21:0 3765
3744 54872 1:0 3744
3748 54866 1:0 3748
3764 55270 21:0 3765
3764 55245 21:0 3765
3764 55277 21:0 3768
3764 54862 1:0 3769
3766 213 1:0 3766
3767 55217 21:0 3768
3767 55250 21:0 3768
3767 55178 21:0 3775
3774 54860 1:0 3774
3774 55283 21:0 3775
3774 55191 21:0 3775
3774 55309 21:0 3778
3774 54861 1:0 3779
3776 215 1:0 3776
3777 55257 21:0 3778
3777 55296 21:0 3778
3777 55204 21:0 3783
3782 55230 21:0 3783
3782 55276 21:0 3783
3782 55290 21:0 3786
3782 54831 1:0 3807
3784 211 1:0 3784
3785 55244 21:0 3786
3785 55269 21:0 3786
3785 55274 21:0 3809
3787 54858 1:0 3793
3787 54825 1:0 3915
3787 54816 1:0 3929
3787 54772 1:0 4051
3787 54783 1:0 4051
3787 54759 1:0 4159
3787 54750 1:0 4173
3787 54739 1:0 4173
3787 54706 1:0 4295
3787 54717 1:0 4295
3787 54693 1:0 4403
3787 54640 1:0 4539
3787 54627 1:0 4647
3787 54618 1:0 4661
3787 54607 1:0 4661
3787 54594 1:0 4769
3787 54585 1:0 4783
3787 54561 1:0 4891
3787 21 1:0 5131
3787 19 1:0 5208
3787 54475 1:0 5212
3789 54859 1:0 3789
3790 56009 21:0 3790
3791 54829 1:0 3885
3793 54853 1:0 3793
3807 54830 1:0 3892
3808 54848 1:0 3808
3808 55303 21:0 3812
3811 55184 21:0 3854
3816 54844 1:0 3816
3816 54846 1:0 3816
3816 54847 1:0 3816
3842 54840 1:0 3842
3853 55316 21:0 3863
3857 54828 1:0 3901
3862 55322 21:0 3887
3866 54839 1:0 3866
3870 54833 1:0 3870
3882 54798 1:0 3929
3886 55587 21:0 3887
3886 55778 21:0 3887
3886 55774 21:0 3890
3888 195 1:0 3888
3889 55637 21:0 3890
3889 55632 21:0 3890
3889 55646 21:0 3897
3894 54796 1:0 4007
3895 54797 1:0 4014
3896 54827 1:0 3896
3896 55667 21:0 3897
3896 55640 21:0 3897
3896 55633 21:0 3900
3898 197 1:0 3898
3898 54795 1:0 4023
3899 55626 21:0 3900
3899 55641 21:0 3900
3899 55639 21:0 3905
3901 54765 1:0 4051
3903 56063 21:0 3903
3903 54763 1:0 4129
3904 55664 21:0 3905
3904 55652 21:0 3905
3904 323 21:0 3908
3906 193 1:0 3906
3906 54764 1:0 4136
3907 319 21:0 3908
3907 321 21:0 3908
3907 55415 21:0 3931
3909 54762 1:0 4145
3909 54732 1:0 4173
3911 54826 1:0 3911
3915 54820 1:0 3915
3928 54730 1:0 4251
3930 54815 1:0 3930
3930 55375 21:0 3934
3933 364 21:0 3976
3938 54814 1:0 3938
3938 54813 1:0 3938
3938 54811 1:0 3938
3964 54807 1:0 3964
3975 55442 21:0 3985
3979 54731 1:0 4258
3984 55487 21:0 4009
3988 54806 1:0 3988
3992 54800 1:0 3992
4004 54729 1:0 4267
4008 55892 21:0 4009
4008 55410 21:0 4009
4008 55542 21:0 4012
4010 177 1:0 4010
4011 55406 21:0 4012
4011 55560 21:0 4012
4011 55888 21:0 4019
4016 54699 1:0 4295
4017 54697 1:0 4373
4018 54794 1:0 4018
4018 55521 21:0 4019
4018 55573 21:0 4019
4018 55408 21:0 4022
4020 179 1:0 4020
4020 54698 1:0 4380
4021 55378 21:0 4022
4021 56098 21:0 4022
4021 56041 21:0 4022
4021 11 21:0 4022
4021 55422 21:0 4022
4021 55356 21:0 4022
4021 55477 21:0 4023
4022 54673 21:0 4023
4022 54574 21:0 4023
4022 54528 21:0 4023
4022 54792 21:0 4024
4023 54660 21:0 4024
4023 54541 21:0 4024
4023 56071 21:0 4025
4023 54696 1:0 4389
4024 55957 21:0 4025
4024 56102 21:0 4025
4024 54673 1:0 4417
4024 54574 1:0 4783
4024 54528 1:0 5013
4025 56120 21:0 4027
4025 54792 1:0 4037
4025 54666 1:0 4417
4025 54665 1:0 4495
4025 54660 1:0 4525
4025 54541 1:0 4905
4026 55421 21:0 4027
4026 56116 21:0 4030
4028 175 1:0 4028
4029 55147 21:0 4030
4029 56027 21:0 4030
4029 55213 21:0 4030
4029 55970 21:0 4030
4029 55345 21:0 4030
4029 55114 21:0 4030
4029 55312 21:0 4030
4029 56084 21:0 4030
4029 56038 21:0 4030
4029 55246 21:0 4030
4029 55279 21:0 4030
4029 56059 21:0 4030
4029 56002 21:0 4030
4029 55411 21:0 4032
4031 55180 21:0 4032
4031 55444 21:0 4034
4031 54664 1:0 4501
4031 54663 1:0 4511
4033 54793 1:0 4033
4033 55301 21:0 4034
4033 55268 21:0 4034
4033 54495 21:0 4034
4033 55420 21:0 4034
4033 55235 21:0 4034
4033 55433 21:0 4034
4033 55367 21:0 4034
4033 55510 21:0 4034
4033 55169 21:0 4034
4033 55453 21:0 4034
4033 54508 21:0 4034
4033 54726 21:0 4034
4033 55255 21:0 4034
4033 55466 21:0 4034
4033 55354 21:0 4034
4033 55202 21:0 4034
4033 55334 21:0 4034
4033 55156 21:0 4034
4033 55288 21:0 4034
4033 55103 21:0 4034
4033 55189 21:0 4034
4033 55222 21:0 4034
4033 55321 21:0 4034
4033 55387 21:0 4034
4033 55400 21:0 4034
4033 55136 21:0 4034
4033 55123 21:0 4034
4034 56123 21:0 4056
4035 54726 1:0 4281
4035 54508 1:0 5027
4035 54495 1:0 5135
4037 54787 1:0 4037
4050 54633 1:0 4539
4052 54782 1:0 4052
4055 55468 21:0 4090
4060 54781 1:0 4060
4060 54778 1:0 4060
4060 54780 1:0 4060
4066 54632 1:0 4617
4086 54774 1:0 4086
4089 55540 21:0 4104
4101 54552 1:0 4905
4101 54519 1:0 5027
4101 54486 1:0 5157
4101 9 1:0 5185
4101 54468 1:0 5225
4103 55461 21:0 4109
4108 55329 21:0 4131
4110 54773 1:0 4110
4112 54631 1:0 4623
4114 54767 1:0 4114
4130 56155 21:0 4131
4130 55927 21:0 4131
4130 55620 21:0 4131
4130 55913 21:0 4131
4130 56141 21:0 4131
4130 55984 21:0 4134
4132 159 1:0 4132
4133 55799 21:0 4134
4133 55813 21:0 4134
4133 55870 21:0 4134
4133 55856 21:0 4134
4133 55742 21:0 4134
4133 55756 21:0 4134
4133 55481 21:0 4134
4133 55685 21:0 4134
4133 56150 21:0 4134
4133 56036 21:0 4137
4136 55499 21:0 4137
4136 55552 21:0 4137
4136 55532 21:0 4137
4136 55565 21:0 4137
4136 56045 21:0 4137
4136 55988 21:0 4137
4136 55519 21:0 4137
4136 55543 21:0 4137
4136 55486 21:0 4137
4136 55618 21:0 4137
4136 55598 21:0 4137
4136 55631 21:0 4137
4136 55585 21:0 4137
4137 56173 21:0 4141
4138 54630 1:0 4633
4139 54600 1:0 4661
4139 54599 1:0 4739
4140 54761 1:0 4140
4140 55838 21:0 4141
4140 55368 21:0 4144
4142 161 1:0 4142
4143 55566 21:0 4144
4143 55874 21:0 4144
4143 55900 21:0 4144
4143 55931 21:0 4144
4143 55651 21:0 4144
4143 55576 21:0 4144
4143 55810 21:0 4144
4143 55981 21:0 4144
4143 54684 21:0 4144
4143 55979 21:0 4144
4143 55699 21:0 4144
4143 111 21:0 4144
4143 56095 21:0 4144
4143 56152 21:0 4144
4143 56093 21:0 4144
4143 54651 21:0 4144
4143 127 21:0 4144
4143 109 21:0 4144
4143 55817 21:0 4144
4143 325 21:0 4144
4143 309 21:0 4144
4143 307 21:0 4144
4143 291 21:0 4144
4143 289 21:0 4144
4143 273 21:0 4144
4143 271 21:0 4144
4143 55922 21:0 4144
4143 255 21:0 4144
4143 56159 21:0 4144
4143 253 21:0 4144
4143 55467 21:0 4144
4143 56014 21:0 4144
4143 55786 21:0 4144
4143 55642 21:0 4144
4143 55760 21:0 4144
4143 55609 21:0 4144
4143 55729 21:0 4144
4143 55924 21:0 4144
4143 55672 21:0 4144
4143 55703 21:0 4144
4143 237 21:0 4144
4143 55867 21:0 4144
4143 56128 21:0 4144
4143 55843 21:0 4144
4143 55865 21:0 4144
4143 327 21:0 4144
4145 54684 1:0 4410
4145 127 1:0 4417
4145 111 1:0 4521
4145 109 1:0 4539
4145 54651 1:0 4539
4145 54598 1:0 4745
4145 237 1:0 6198
4147 56177 21:0 4149
4147 54597 1:0 4755
4147 54567 1:0 4783
4148 303 21:0 4149
4148 55660 21:0 4152
4150 157 1:0 4150
4151 55336 21:0 4152
4151 55534 21:0 4152
4151 56066 21:0 4169
4153 54566 1:0 4861
4153 54565 1:0 4867
4155 54760 1:0 4155
4159 54754 1:0 4159
4168 55494 21:0 4178
4172 54564 1:0 4877
4174 54749 1:0 4174
4177 55696 21:0 4178
4177 55694 21:0 4178
4177 55753 21:0 4178
4177 55751 21:0 4178
4177 295 21:0 4178
4177 313 21:0 4178
4177 56185 21:0 4178
4177 55808 21:0 4178
4177 315 21:0 4178
4181 56198 21:0 4212
4182 54748 1:0 4182
4182 54747 1:0 4182
4182 54745 1:0 4182
4183 54534 1:0 4905
4208 54741 1:0 4208
4211 55435 21:0 4226
4223 11 1:0 5151
4223 5 1:0 5202
4225 56207 21:0 4226
4225 56209 21:0 4226
4225 317 21:0 4229
4228 277 21:0 4229
4228 297 21:0 4229
4228 311 21:0 4229
4228 299 21:0 4229
4228 279 21:0 4229
4232 54740 1:0 4232
4233 56212 21:0 4253
4234 54533 1:0 4983
4236 54734 1:0 4236
4252 56216 21:0 4253
4252 55717 21:0 4253
4252 257 21:0 4253
4252 275 21:0 4253
4252 261 21:0 4253
4252 263 21:0 4253
4252 281 21:0 4253
4252 259 21:0 4253
4252 293 21:0 4253
4252 241 21:0 4253
4252 243 21:0 4253
4252 54556 21:0 4256
4254 141 1:0 4254
4255 54483 21:0 4256
4255 55831 21:0 4256
4255 55538 21:0 4263
4257 54556 1:0 4890
4260 54532 1:0 4989
4261 54531 1:0 4999
4262 54728 1:0 4262
4262 13 21:0 4263
4262 55349 21:0 4263
4262 285 21:0 4266
4264 143 1:0 4264
4264 54501 1:0 5027
4265 54484 21:0 4266
4265 55781 21:0 4266
4265 55389 21:0 4271
4267 54500 1:0 5105
4269 56234 21:0 4269
4269 54499 1:0 5111
4269 13 1:0 5125
4269 54484 1:0 5130
4270 55607 21:0 4271
4270 56006 21:0 4271
4270 55500 21:0 4274
4272 139 1:0 4272
4272 54498 1:0 5121
4273 61 21:0 4274
4273 55606 21:0 4274
4273 55382 21:0 4274
4273 225 21:0 4274
4273 115 21:0 4278
4275 61 1:0 4780
4275 54483 1:0 5130
4275 55382 1:0 6130
4275 55606 1:0 6130
4275 56006 1:0 6135
4275 55607 1:0 6135
4275 55500 1:0 6135
4275 225 1:0 6149
4277 54727 1:0 4277
4277 63 21:0 4283
4278 56237 21:0 4278
4279 115 1:0 4417
4279 55389 1:0 6149
4281 54721 1:0 4281
4282 56242 21:0 4283
4283 283 21:0 4300
4284 63 1:0 4768
4293 55781 1:0 6149
4294 285 1:0 6149
4296 54716 1:0 4296
4299 59 21:0 4300
4299 43 21:0 4300
4299 245 21:0 4300
4301 59 1:0 4768
4301 43 1:0 4902
4301 283 1:0 6130
4303 56255 21:0 4334
4304 54712 1:0 4304
4304 54714 1:0 4304
4304 54715 1:0 4304
4305 245 1:0 6197
4330 54708 1:0 4330
4337 56264 21:0 4339
4346 56266 21:0 4348
4347 55619 21:0 4351
4352 55619 1:0 6125
4354 54707 1:0 4354
4355 56269 21:0 4375
4358 54701 1:0 4358
4374 54584 21:0 4375
4374 56273 21:0 4375
4374 269 21:0 4375
4374 55373 21:0 4378
4376 123 1:0 4376
4376 54584 1:0 4768
4376 269 1:0 6109
4377 55472 21:0 4378
4377 55724 21:0 4378
4379 55724 1:0 6059
4379 55472 1:0 6073
4379 55373 1:0 6073
4381 56287 21:0 4385
4382 55349 1:0 6185
4382 55538 1:0 6201
4382 55831 1:0 6206
4382 55435 1:0 6206
4383 55717 1:0 6206
4384 54695 1:0 4384
4384 56180 21:0 4385
4384 56230 21:0 4388
4386 125 1:0 4386
4386 56180 1:0 6059
4387 55501 21:0 4388
4387 301 21:0 4388
4389 55501 1:0 6054
4389 301 1:0 6054
4389 56230 1:0 6059
4391 56291 21:0 4393
4392 55476 21:0 4393
4392 87 21:0 4396
4394 121 1:0 4394
4394 55476 1:0 6054
4395 231 21:0 4396
4395 55355 21:0 4396
4397 87 1:0 4524
4397 231 1:0 6033
4397 55355 1:0 6049
4399 54694 1:0 4399
4400 56294 21:0 4422
4403 54688 1:0 4403
4418 54683 1:0 4418
4421 56299 21:0 4422
4425 56312 21:0 4456
4426 54679 1:0 4426
4426 54681 1:0 4426
4426 54682 1:0 4426
4452 54675 1:0 4452
4459 56321 21:0 4461
4468 56323 21:0 4470
4469 55401 21:0 4473
4474 55401 1:0 5997
4476 54674 1:0 4476
4477 56326 21:0 4497
4480 54668 1:0 4480
4496 56330 21:0 4497
4496 55593 21:0 4497
4496 55508 21:0 4497
4496 55323 21:0 4500
4498 105 1:0 4498
4498 55593 1:0 5997
4498 55508 1:0 5997
4499 55439 21:0 4500
4499 55520 21:0 4500
4499 55448 21:0 4507
4501 55439 1:0 5983
4501 55323 1:0 5983
4501 55520 1:0 5983
4503 56344 21:0 4503
4506 54662 1:0 4506
4506 229 21:0 4507
4506 267 21:0 4507
4506 251 21:0 4510
4508 107 1:0 4508
4508 55448 1:0 5978
4508 267 1:0 5978
4508 229 1:0 5978
4509 55608 21:0 4510
4509 55580 21:0 4510
4511 55608 1:0 5921
4511 55580 1:0 5957
4511 251 1:0 5973
4513 56348 21:0 4515
4514 55434 21:0 4515
4514 71 21:0 4518
4516 103 1:0 4516
4516 55434 1:0 5907
4517 15 21:0 4518
4517 85 21:0 4518
4519 85 1:0 4635
4519 71 1:0 4749
4519 15 1:0 5012
4521 54661 1:0 4521
4522 56351 21:0 4544
4525 54655 1:0 4525
4540 54650 1:0 4540
4543 56356 21:0 4544
4547 56369 21:0 4578
4548 54648 1:0 4548
4548 54646 1:0 4548
4548 54649 1:0 4548
4574 54642 1:0 4574
4581 56378 21:0 4583
4590 56380 21:0 4592
4591 54629 21:0 4595
4596 54629 1:0 4627
4598 54641 1:0 4598
4599 56383 21:0 4619
4602 54635 1:0 4602
4618 56387 21:0 4619
4618 54576 21:0 4619
4618 54550 21:0 4619
4618 54542 21:0 4622
4620 54576 1:0 4757
4620 54550 1:0 4879
4621 265 21:0 4622
4621 54615 21:0 4622
4623 54615 1:0 4646
4623 54542 1:0 4871
4623 265 1:0 5907
4625 56401 21:0 4629
4628 54582 21:0 4629
4628 54496 21:0 4632
4630 89 1:0 4630
4630 54582 1:0 4749
4631 54470 21:0 4632
4631 287 21:0 4632
4633 54496 1:0 5126
4633 54470 1:0 5207
4633 287 1:0 5907
4635 56405 21:0 4637
4636 49 21:0 4637
4636 54503 21:0 4640
4638 49 1:0 4871
4639 249 21:0 4640
4641 54503 1:0 5001
4641 249 1:0 5902
4643 54628 1:0 4643
4644 56408 21:0 4644
4647 54622 1:0 4647
4648 56413 21:0 4649
4662 54617 1:0 4662
4669 56426 21:0 4700
4670 54613 1:0 4670
4670 54616 1:0 4670
4696 54609 1:0 4696
4703 56435 21:0 4705
4712 56437 21:0 4714
4720 54608 1:0 4720
4721 56440 21:0 4741
4724 54602 1:0 4724
4740 56444 21:0 4741
4742 69 1:0 4742
4747 56458 21:0 4747
4750 54596 1:0 4750
4757 56462 21:0 4759
4760 67 1:0 4760
4760 56462 1:0 6073
4765 54595 1:0 4765
4766 56465 21:0 4788
4769 54589 1:0 4769
4787 56470 21:0 4788
4791 56483 21:0 4822
4792 54583 1:0 4792
4792 54580 1:0 4792
4825 56492 21:0 4827
4834 56494 21:0 4836
4842 54575 1:0 4842
4843 56497 21:0 4863
4846 54569 1:0 4846
4862 56501 21:0 4863
4864 51 1:0 4864
4869 56515 21:0 4873
4872 54563 1:0 4872
4874 53 1:0 4874
4879 56519 21:0 4879
4887 54562 1:0 4887
4892 56527 21:0 4893
4893 56522 21:0 4910
4906 54551 1:0 4906
4911 56522 1:0 5921
4913 56540 21:0 4944
4914 54549 1:0 4914
4914 54547 1:0 4914
4940 54543 1:0 4940
4947 56549 21:0 4949
4956 56551 21:0 4958
4965 56554 21:0 4985
4968 54536 1:0 4968
4984 56558 21:0 4985
4986 33 1:0 4986
4991 56572 21:0 4991
4994 54530 1:0 4994
4996 35 1:0 4996
5001 56576 21:0 5001
5004 31 1:0 5004
5009 54529 1:0 5009
5013 54523 1:0 5013
5014 56584 21:0 5015
5015 56579 21:0 5032
5028 54518 1:0 5028
5033 56579 1:0 5921
5035 56597 21:0 5066
5036 54516 1:0 5036
5036 54514 1:0 5036
5036 54517 1:0 5036
5062 54510 1:0 5062
5069 56606 21:0 5071
5078 56608 21:0 5080
5086 54509 1:0 5086
5087 56611 21:0 5107
5106 56615 21:0 5107
5113 56629 21:0 5117
5116 54497 1:0 5116
5118 17 1:0 5118
5123 56633 21:0 5125
5132 56636 21:0 5154
5135 54490 1:0 5135
5150 54485 1:0 5150
5153 56641 21:0 5154
5157 56654 21:0 5188
5158 54481 1:0 5158
5184 54477 1:0 5184
5191 56663 21:0 5193
5200 56665 21:0 5202
5208 54476 1:0 5208
5213 56672 21:0 5214
5228 54468 21:0 5232
5235 56692 21:0 5236
5236 56693 21:0 5247
5246 19 21:0 5247
5246 56686 21:0 5247
5247 56694 21:0 5280
5279 56668 21:0 5280
5279 3 21:0 5280
5279 56703 21:0 5280
5279 5 21:0 5280
5282 56687 21:0 5291
5290 56701 21:0 5291
5290 56713 21:0 5291
5290 9 21:0 5293
5291 13 21:0 5291
5292 56712 21:0 5293
5292 21 21:0 5293
5293 56715 21:0 5301
5296 17 21:0 5296
5300 56716 21:0 5351
5301 15 21:0 5301
5350 56717 21:0 5367
5366 56718 21:0 5377
5367 31 21:0 5367
5372 35 21:0 5372
5376 56748 21:0 5427
5377 33 21:0 5377
5426 56750 21:0 5443
5442 56749 21:0 5453
5443 49 21:0 5443
5448 53 21:0 5448
5452 56751 21:0 5503
5453 51 21:0 5453
5502 56781 21:0 5519
5518 56783 21:0 5529
5519 67 21:0 5519
5524 71 21:0 5524
5528 56782 21:0 5579
5529 69 21:0 5529
5578 56784 21:0 5595
5594 56814 21:0 5605
5595 85 21:0 5595
5600 89 21:0 5600
5604 56816 21:0 5623
5605 87 21:0 5605
5622 56815 21:0 5671
5670 56817 21:0 5676
5671 103 21:0 5671
5675 56847 21:0 5695
5676 107 21:0 5676
5681 105 21:0 5681
5694 56848 21:0 5747
5703 56892 21:0 5703
5746 56849 21:0 5752
5747 121 21:0 5747
5751 56850 21:0 5771
5752 125 21:0 5752
5757 123 21:0 5757
5770 56880 21:0 5823
5822 56881 21:0 5828
5823 139 21:0 5823
5827 56882 21:0 5847
5828 143 21:0 5828
5833 141 21:0 5833
5846 56883 21:0 5899
5898 56913 21:0 5904
5899 157 21:0 5899
5903 56914 21:0 5923
5904 161 21:0 5904
5904 56978 21:0 5904
5909 159 21:0 5909
5922 56915 21:0 5975
5931 56991 21:0 5931
5959 56997 21:0 5959
5959 56998 21:0 5959
5964 56999 21:0 5964
5972 57010 21:0 5972
5974 56916 21:0 5980
5975 175 21:0 5975
5979 56946 21:0 5985
5980 179 21:0 5980
5980 57011 21:0 5980
5984 56947 21:0 6051
5985 177 21:0 5985
6007 57024 21:0 6007
6035 57031 21:0 6035
6035 57030 21:0 6035
6042 57017 21:0 6042
6050 56948 21:0 6056
6051 193 21:0 6051
6055 56949 21:0 6061
6056 197 21:0 6056
6060 56979 21:0 6127
6061 195 21:0 6061
6063 57037 21:0 6063
6083 57057 21:0 6083
6111 57064 21:0 6111
6111 57063 21:0 6111
6126 56981 21:0 6132
6127 211 21:0 6127
6131 56980 21:0 6137
6132 215 21:0 6132
6132 57077 21:0 6132
6136 56982 21:0 6203
6137 213 21:0 6137
6139 57070 21:0 6139
6187 57094 21:0 6187
6187 57097 21:0 6187
6202 57012 21:0 6208
6203 229 21:0 6203
6207 55494 1:0 6211
6207 56066 1:0 6211
6207 55534 1:0 6211
6207 57014 21:0 6213
6208 233 21:0 6208
6212 243 1:0 6213
6212 55660 1:0 6225
6212 303 1:0 6225
6212 55336 1:0 6225
6212 57013 21:0 6279
6213 231 21:0 6213
6213 253 1:0 6213
6214 241 1:0 6225
6226 55566 1:0 6261
6262 55467 1:0 6277
6263 57127 21:0 6263
6263 57129 21:0 6263
6263 57130 21:0 6263
6267 257 1:0 6277
6267 263 1:0 6277
6270 57116 21:0 6270
6274 255 1:0 6274
6278 55838 1:0 6282
6278 56177 1:0 6282
6278 55368 1:0 6282
6278 57015 21:0 6284
6279 247 21:0 6279
6283 55481 1:0 6287
6283 259 1:0 6287
6283 55620 1:0 6287
6283 55329 1:0 6287
6283 57045 21:0 6289
6284 251 21:0 6284
6288 56405 1:0 6301
6288 55461 1:0 6301
6288 55540 1:0 6301
6288 57046 21:0 6344
6289 249 21:0 6289
6289 271 1:0 6289
6290 261 1:0 6301
6300 57155 21:0 6300
6302 55468 1:0 6337
6338 56002 1:0 6353
6339 57163 21:0 6339
6343 275 1:0 6353
6343 281 1:0 6353
6343 57047 21:0 6360
6344 57164 21:0 6344
6350 273 1:0 6350
6354 56401 1:0 6358
6354 56059 1:0 6358
6354 56116 1:0 6358
6355 265 21:0 6355
6359 55421 1:0 6363
6359 56351 1:0 6363
6359 56636 1:0 6363
6359 57048 21:0 6365
6360 269 21:0 6360
6360 57176 21:0 6360
6364 277 1:0 6365
6364 56120 1:0 6377
6364 56629 1:0 6377
6364 56465 1:0 6377
6364 57078 21:0 6420
6365 267 21:0 6365
6365 289 1:0 6365
6366 279 1:0 6377
6376 57188 21:0 6376
6378 55356 1:0 6413
6414 55422 1:0 6429
6415 57196 21:0 6415
6415 57195 21:0 6415
6419 299 1:0 6429
6419 293 1:0 6429
6419 57080 21:0 6436
6420 57197 21:0 6420
6426 291 1:0 6426
6428 57208 21:0 6428
6430 55573 1:0 6434
6430 56291 1:0 6434
6430 55408 1:0 6434
6431 283 21:0 6431
6435 55521 1:0 6439
6435 55888 1:0 6439
6435 56173 1:0 6439
6435 57079 21:0 6441
6440 297 1:0 6441
6440 56348 1:0 6453
6440 56123 1:0 6453
6440 56294 1:0 6453
6440 57081 21:0 6496
6441 307 1:0 6441
6442 295 1:0 6453
6443 57202 21:0 6443
6452 57221 21:0 6452
6454 55406 1:0 6489
6463 57222 21:0 6463
6490 56633 1:0 6505
6491 57228 21:0 6491
6491 57229 21:0 6491
6495 317 1:0 6505
6495 311 1:0 6505
6495 57111 21:0 6512
6498 57215 21:0 6498
6502 309 1:0 6502
6504 57241 21:0 6504
6506 55542 1:0 6510
6506 55560 1:0 6510
6506 365 1:0 6510
6511 321 1:0 6515
6511 319 1:0 6515
6511 323 1:0 6515
6511 57113 21:0 6517
6516 315 1:0 6517
6516 55639 1:0 6529
6516 55664 1:0 6529
6516 55652 1:0 6529
6516 57112 21:0 6567
6517 325 1:0 6517
6518 313 1:0 6529
6528 57254 21:0 6528
6530 55626 1:0 6565
6565 327 1:0 6565
6566 57114 21:0 6585
6566 55657 1:0 6586
6567 57261 21:0 6567
6567 57259 21:0 6567
6572 57263 21:0 6572
6574 57248 21:0 6574
6580 57274 21:0 6580
6584 57144 21:0 6593
6587 55655 1:0 6597
6588 57275 21:0 6588
6592 55641 1:0 6597
6592 55633 1:0 6597
6592 57146 21:0 6599
6598 57145 21:0 6602
6598 55656 1:0 6605
6601 55640 1:0 6608
6601 55667 1:0 6608
6601 57147 21:0 6613
6609 55653 1:0 6609
6609 55654 1:0 6615
6612 55699 1:0 6617
6612 55694 1:0 6617
6612 55685 1:0 6617
6612 55646 1:0 6617
6612 57177 21:0 6619
6617 55651 1:0 6617
6617 55672 1:0 6617
6618 57178 21:0 6622
6618 55624 1:0 6645
6621 55637 1:0 6645
6621 55632 1:0 6645
6621 57179 21:0 6704
6626 55667 21:0 6626
6634 55696 1:0 6642
6643 55642 1:0 6645
6645 55631 1:0 6645
6645 55703 1:0 6645
6646 55623 1:0 6728
6703 57180 21:0 6733
6729 55622 1:0 6735
6732 55410 1:0 6739
6732 56515 1:0 6739
6732 57210 21:0 6741
6740 57212 21:0 6744
6740 55621 1:0 6746
6743 55742 1:0 6748
6743 55756 1:0 6748
6743 55753 1:0 6748
6743 55751 1:0 6748
6743 56287 1:0 6748
6743 57211 21:0 6753
6747 55721 21:0 6747
6747 55729 1:0 6748
6748 55618 1:0 6748
6749 55591 1:0 6776
6752 55774 1:0 6776
6752 55892 1:0 6776
6752 57213 21:0 6813
6757 55724 21:0 6757
6762 55613 1:0 6762
6774 55609 1:0 6776
6776 55598 1:0 6776
6776 55760 1:0 6776
6777 55590 1:0 6859
6786 55604 1:0 6786
6812 55600 1:0 6812
6812 57243 21:0 6861
6839 55599 1:0 6839
6860 57245 21:0 6864
6860 55589 1:0 6866
6863 55487 1:0 6870
6863 55587 1:0 6870
6863 57244 21:0 6875
6871 55588 1:0 6877
6874 55778 1:0 6876
6874 55810 1:0 6879
6874 55808 1:0 6879
6874 55813 1:0 6879
6874 55799 1:0 6879
6874 57246 21:0 6881
6879 55585 1:0 6879
6879 55786 1:0 6879
6880 57276 21:0 6884
6880 55558 1:0 6907
6882 283 1:0 6882
6883 55375 1:0 6907
6883 55442 1:0 6907
6883 57278 21:0 6966
6888 55586 1:0 6888
6905 55576 1:0 6907
6907 55817 1:0 6907
6907 55565 1:0 6907
6908 55575 1:0 6908
6908 55556 1:0 6990
6917 55571 1:0 6917
6917 55574 1:0 6917
6943 55567 1:0 6943
6965 57277 21:0 6995
6991 55557 1:0 6998
6993 267 1:0 6993
6994 55415 1:0 7001
6994 55322 1:0 7001
6994 57279 21:0 7003
7002 55554 1:0 7002
7002 56700 21:0 7003
7002 56702 21:0 7006
7002 55555 1:0 7008
7004 269 1:0 7004
7005 56698 21:0 7006
7005 56707 21:0 7006
7005 55865 1:0 7010
7005 55316 1:0 7010
7005 55856 1:0 7010
7005 55870 1:0 7010
7005 55867 1:0 7010
7005 56714 21:0 7012
7008 55835 1:0 7008
7009 55835 21:0 7009
7010 55552 1:0 7010
7010 55843 1:0 7010
7011 56720 21:0 7012
7011 56746 21:0 7012
7011 56727 21:0 7015
7011 55525 1:0 7038
7013 265 1:0 7013
7014 56734 21:0 7015
7014 56740 21:0 7015
7014 55303 1:0 7038
7014 55184 1:0 7038
7014 56733 21:0 7040
7019 55553 1:0 7019
7024 55547 1:0 7024
7036 55543 1:0 7038
7038 55874 1:0 7038
7038 55532 1:0 7038
7039 56731 21:0 7075
7039 55523 1:0 7121
7048 55541 1:0 7048
7074 56726 21:0 7094
7093 56735 21:0 7097
7096 56747 21:0 7123
7101 55533 1:0 7101
7106 55527 1:0 7106
7122 56779 21:0 7123
7122 56773 21:0 7123
7122 56768 21:0 7126
7122 55524 1:0 7129
7124 249 1:0 7124
7125 56753 21:0 7126
7125 56780 21:0 7126
7125 55274 1:0 7132
7125 55269 1:0 7132
7125 56767 21:0 7134
7133 56760 21:0 7134
7133 56766 21:0 7134
7133 56764 21:0 7137
7133 55522 1:0 7139
7135 251 1:0 7135
7136 56825 21:0 7137
7136 56759 21:0 7137
7136 55244 1:0 7141
7136 55922 1:0 7141
7136 55924 1:0 7141
7136 55927 1:0 7141
7136 55913 1:0 7141
7136 56800 21:0 7143
7140 55892 21:0 7140
7141 55519 1:0 7141
7141 55900 1:0 7141
7142 56878 21:0 7143
7142 56801 21:0 7143
7142 56866 21:0 7146
7142 55492 1:0 7169
7144 247 1:0 7144
7145 56858 21:0 7146
7145 56846 21:0 7146
7145 55290 1:0 7169
7145 55276 1:0 7169
7145 56806 21:0 7171
7149 55895 1:0 7149
7155 55514 1:0 7155
7167 55510 1:0 7169
7169 55931 1:0 7169
7169 55499 1:0 7169
7170 55509 1:0 7170
7170 56813 21:0 7184
7170 55491 1:0 7252
7179 55505 1:0 7179
7179 55507 1:0 7179
7183 56819 21:0 7225
7224 56839 21:0 7228
7227 56918 21:0 7254
7253 56896 21:0 7254
7253 56832 21:0 7254
7253 56830 21:0 7257
7253 55490 1:0 7259
7255 231 1:0 7255
7256 56958 21:0 7257
7256 56879 21:0 7257
7256 55204 1:0 7263
7256 55230 1:0 7263
7256 56898 21:0 7265
7259 55945 1:0 7259
7264 55488 1:0 7264
7264 56867 21:0 7265
7264 56885 21:0 7265
7264 56865 21:0 7268
7264 55489 1:0 7270
7266 233 1:0 7266
7267 56964 21:0 7268
7267 56929 21:0 7268
7267 55970 1:0 7272
7267 55979 1:0 7272
7267 55296 1:0 7272
7267 55984 1:0 7272
7267 55981 1:0 7272
7267 56931 21:0 7274
7270 55949 1:0 7270
7272 55486 1:0 7272
7272 55957 1:0 7272
7272 55459 1:0 7300
7272 55309 1:0 7300
7272 55466 1:0 7300
7272 55988 1:0 7300
7272 55257 1:0 7300
7272 55477 1:0 7300
7272 55453 1:0 7403
7272 56036 1:0 7403
7272 56014 1:0 7403
7272 56038 1:0 7403
7272 56045 1:0 7431
7272 55433 1:0 7431
7272 55444 1:0 7431
7272 55420 1:0 7534
7272 55411 1:0 7534
7272 56071 1:0 7534
7272 56102 1:0 7562
7272 55400 1:0 7562
7272 56128 1:0 7665
7272 56159 1:0 7693
7273 56962 21:0 7274
7273 56797 21:0 7274
7273 56911 21:0 7277
7275 229 1:0 7275
7275 55457 1:0 7383
7276 56951 21:0 7277
7276 56925 21:0 7277
7276 56872 21:0 7302
7278 55458 1:0 7391
7278 55191 1:0 7394
7278 55283 1:0 7394
7280 55952 1:0 7280
7280 56027 1:0 7403
7280 56041 1:0 7403
7280 56095 1:0 7534
7280 56093 1:0 7562
7280 55387 1:0 7665
7280 56150 1:0 7665
7280 56152 1:0 7665
7299 55456 1:0 7401
7300 55178 1:0 7403
7301 56852 21:0 7305
7304 56966 21:0 7356
7310 55474 1:0 7310
7310 55475 1:0 7310
7352 55426 1:0 7431
7355 56863 21:0 7359
7357 55250 1:0 7431
7358 56971 21:0 7385
7360 55217 1:0 7431
7360 56084 1:0 7534
7365 55245 1:0 7525
7371 55378 1:0 7693
7372 55367 1:0 7693
7380 55277 1:0 7525
7384 56965 21:0 7385
7384 56891 21:0 7385
7384 56786 21:0 7388
7386 213 1:0 7386
7387 56912 21:0 7388
7387 56957 21:0 7388
7387 56812 21:0 7396
7393 55425 1:0 7514
7394 55424 1:0 7521
7394 55423 1:0 7532
7395 55455 1:0 7395
7395 56792 21:0 7396
7395 56924 21:0 7396
7395 56900 21:0 7399
7397 215 1:0 7397
7397 55270 1:0 7534
7397 56098 1:0 7534
7397 56141 1:0 7665
7397 56155 1:0 7665
7397 56185 1:0 7796
7397 56216 1:0 7824
7397 56242 1:0 7927
7397 56273 1:0 7955
7398 56938 21:0 7399
7398 56826 21:0 7399
7398 56859 21:0 7405
7400 55164 1:0 7562
7400 55289 1:0 7562
7403 55393 1:0 7562
7403 55391 1:0 7645
7404 56899 21:0 7405
7404 56932 21:0 7405
7404 56834 21:0 7408
7406 211 1:0 7406
7406 55392 1:0 7653
7407 56845 21:0 7408
7407 56799 21:0 7408
7407 56933 21:0 7433
7409 55278 1:0 7656
7409 55307 1:0 7656
7409 55390 1:0 7663
7411 56009 1:0 7411
7411 55302 1:0 7665
7412 55454 1:0 7412
7430 55360 1:0 7693
7431 55212 1:0 7693
7432 55443 1:0 7432
7432 56944 21:0 7436
7435 56945 21:0 7487
7437 55354 1:0 7796
7437 55334 1:0 7824
7437 55321 1:0 7927
7437 55301 1:0 7955
7437 56299 1:0 8058
7437 55288 1:0 8058
7437 56330 1:0 8086
7437 55268 1:0 8086
7437 55255 1:0 8189
7437 56356 1:0 8189
7437 56387 1:0 8217
7437 55235 1:0 8217
7437 56413 1:0 8320
7437 55222 1:0 8320
7437 56444 1:0 8348
7437 55202 1:0 8348
7437 56470 1:0 8451
7441 55441 1:0 7441
7442 55170 1:0 7693
7486 56905 21:0 7490
7488 55359 1:0 7776
7489 365 21:0 7516
7491 56209 1:0 7796
7491 56207 1:0 7796
7491 55345 1:0 7824
7491 56264 1:0 7927
7491 55312 1:0 7955
7491 55279 1:0 8086
7499 55428 1:0 7499
7512 55358 1:0 7783
7515 57043 21:0 7516
7515 56990 21:0 7516
7515 57061 21:0 7519
7517 195 1:0 7517
7518 55774 21:0 7519
7518 57065 21:0 7519
7518 57142 21:0 7527
7524 55256 1:0 7787
7524 55263 1:0 7787
7524 56212 1:0 7796
7524 55243 1:0 7796
7524 56198 1:0 7796
7524 56266 1:0 7927
7524 56255 1:0 7927
7524 56323 1:0 8058
7524 56321 1:0 8058
7524 56378 1:0 8189
7525 55357 1:0 7794
7525 55175 1:0 7824
7526 55952 21:0 7527
7526 57056 21:0 7527
7526 57076 21:0 7530
7528 197 1:0 7528
7528 55327 1:0 7824
7529 57165 21:0 7530
7529 56868 21:0 7530
7529 56967 21:0 7530
7529 57132 21:0 7530
7529 56934 21:0 7530
7529 56769 21:0 7530
7529 56835 21:0 7530
7529 56036 21:0 7530
7529 57099 21:0 7530
7529 56802 21:0 7530
7529 56736 21:0 7530
7529 56901 21:0 7530
7529 57033 21:0 7530
7529 57066 21:0 7530
7529 56038 21:0 7530
7529 56027 21:0 7530
7529 57000 21:0 7530
7529 57198 21:0 7530
7529 56793 21:0 7530
7529 57123 21:0 7530
7529 57231 21:0 7533
7531 55310 1:0 7824
7531 55203 1:0 7918
7531 55236 1:0 7918
7531 56269 1:0 7927
7531 56380 1:0 8189
7532 56063 1:0 7532
7532 56910 21:0 7533
7532 56857 21:0 7533
7532 56824 21:0 7533
7532 56811 21:0 7533
7532 57108 21:0 7533
7532 57075 21:0 7533
7532 57042 21:0 7533
7532 57121 21:0 7533
7532 57088 21:0 7533
7532 56844 21:0 7533
7532 56890 21:0 7533
7532 56976 21:0 7533
7532 56791 21:0 7533
7532 57022 21:0 7533
7532 56989 21:0 7533
7532 56758 21:0 7533
7532 56923 21:0 7533
7532 56725 21:0 7533
7532 56778 21:0 7533
7532 56877 21:0 7533
7532 56956 21:0 7533
7532 57264 21:0 7533
7532 56943 21:0 7533
7532 57009 21:0 7533
7532 56745 21:0 7533
7532 57055 21:0 7533
7533 56063 21:0 7536
7534 55325 1:0 7907
7534 55326 1:0 7915
7535 55888 21:0 7536
7535 57103 21:0 7539
7537 193 1:0 7537
7537 55190 1:0 7927
7538 57209 21:0 7539
7538 56059 21:0 7539
7538 56002 21:0 7557
7540 55324 1:0 7925
7542 55294 1:0 7955
7543 56066 21:0 7543
7545 55210 1:0 7955
7552 55311 1:0 7955
7556 57162 21:0 7567
7566 55949 21:0 7602
7572 55409 1:0 7572
7573 55292 1:0 8038
7598 55402 1:0 7598
7601 56995 21:0 7618
7614 55293 1:0 8046
7617 57032 21:0 7632
7619 55208 1:0 8049
7622 56312 1:0 8058
7627 55224 1:0 8049
7630 55395 1:0 7630
7631 57149 21:0 7647
7633 56326 1:0 8058
7633 56383 1:0 8189
7633 56369 1:0 8189
7633 55246 1:0 8217
7633 56435 1:0 8320
7633 56437 1:0 8320
7642 55197 1:0 8058
7643 55223 1:0 8086
7646 56006 21:0 7647
7646 57083 21:0 7650
7648 177 1:0 7648
7649 57028 21:0 7650
7649 57156 21:0 7650
7649 57189 21:0 7650
7649 57160 21:0 7658
7655 55291 1:0 8056
7656 55237 1:0 8086
7656 55261 1:0 8086
7657 57226 21:0 7658
7657 57182 21:0 7658
7657 57004 21:0 7661
7659 179 1:0 7659
7659 55260 1:0 8169
7660 55970 21:0 7661
7660 271 21:0 7661
7660 55786 21:0 7661
7660 57174 21:0 7661
7660 273 21:0 7661
7660 55817 21:0 7661
7660 57187 21:0 7661
7660 55843 21:0 7661
7660 255 21:0 7661
7660 253 21:0 7661
7660 55760 21:0 7661
7660 55672 21:0 7661
7660 327 21:0 7661
7660 325 21:0 7661
7660 55729 21:0 7661
7660 57207 21:0 7661
7660 309 21:0 7661
7660 289 21:0 7661
7660 57154 21:0 7661
7660 307 21:0 7661
7660 291 21:0 7661
7660 55703 21:0 7661
7660 57136 21:0 7661
7660 57240 21:0 7661
7660 73 21:0 7661
7660 57253 21:0 7661
7660 57141 21:0 7661
7660 57220 21:0 7661
7660 183 21:0 7661
7660 57273 21:0 7661
7660 56084 21:0 7661
7660 55988 21:0 7661
7660 56098 21:0 7661
7660 56014 21:0 7661
7660 55874 21:0 7661
7660 55900 21:0 7661
7660 147 21:0 7661
7660 55931 21:0 7661
7660 56041 21:0 7661
7660 55957 21:0 7661
7660 56102 21:0 7661
7660 56045 21:0 7661
7660 56071 21:0 7661
7662 183 1:0 7665
7662 147 1:0 7927
7662 55211 1:0 8180
7662 55241 1:0 8180
7662 55171 1:0 8189
7664 56120 21:0 7667
7665 55259 1:0 8176
7665 55258 1:0 8187
7666 55984 21:0 7667
7666 55913 21:0 7667
7666 55927 21:0 7667
7666 57242 21:0 7667
7666 57023 21:0 7670
7668 175 1:0 7668
7668 55177 1:0 8217
7668 55179 1:0 8217
7669 56095 21:0 7670
7669 57262 21:0 7670
7669 56116 21:0 7670
7669 56093 21:0 7672
7671 55228 1:0 8217
7673 55227 1:0 8300
7674 55388 1:0 7674
7674 56123 21:0 7698
7676 56426 1:0 8320
7676 56440 1:0 8320
7676 55213 1:0 8348
7676 55189 1:0 8451
7676 56494 1:0 8451
7676 56501 1:0 8479
7676 55169 1:0 8479
7676 73 1:0 8479
7676 55180 1:0 8479
7676 56527 1:0 8582
7676 55156 1:0 8582
7694 55377 1:0 7694
7697 55979 21:0 7698
7697 55870 21:0 7698
7697 55981 21:0 7698
7697 56128 21:0 7698
7697 55856 21:0 7698
7699 55226 1:0 8307
7701 56141 21:0 7733
7703 55376 1:0 7703
7704 55138 1:0 8311
7704 55131 1:0 8311
7704 56497 1:0 8451
7704 56492 1:0 8451
7729 55369 1:0 7729
7732 55799 21:0 7739
7738 55813 21:0 7742
7741 56150 21:0 7742
7746 56152 21:0 7749
7748 55664 21:0 7752
7751 55756 21:0 7752
7751 55865 21:0 7752
7751 55922 21:0 7752
7751 55924 21:0 7752
7753 55225 1:0 8318
7756 56155 21:0 7778
7758 55145 1:0 8320
7761 55362 1:0 7761
7773 55146 1:0 8348
7774 56483 1:0 8451
7777 56977 21:0 7778
7777 56009 21:0 7778
7777 57143 21:0 7781
7779 159 1:0 7779
7780 57109 21:0 7781
7780 57175 21:0 7781
7780 57193 21:0 7789
7786 55195 1:0 8348
7787 55157 1:0 8348
7787 55193 1:0 8431
7788 55945 21:0 7789
7788 321 21:0 7789
7788 57044 21:0 7792
7790 161 1:0 7790
7790 55194 1:0 8439
7791 55717 21:0 7792
7791 57050 21:0 7792
7791 56173 21:0 7798
7793 55111 1:0 8442
7793 55151 1:0 8442
7793 55158 1:0 8451
7795 56177 21:0 7795
7796 55192 1:0 8449
7796 55162 1:0 8479
7797 303 21:0 7798
7797 57090 21:0 7798
7797 55781 21:0 7801
7799 157 1:0 7799
7799 55144 1:0 8479
7799 55142 1:0 8479
7800 56833 21:0 7801
7800 57230 21:0 7801
7800 57131 21:0 7826
7802 55161 1:0 8562
7804 55160 1:0 8569
7805 56180 21:0 7805
7807 55137 1:0 8573
7822 55105 1:0 8573
7823 56540 1:0 8582
7823 56554 1:0 8582
7823 56549 1:0 8582
7823 56551 1:0 8582
7823 55098 1:0 8582
7825 55344 1:0 7825
7825 283 21:0 7829
7828 55685 21:0 7829
7828 55810 21:0 7829
7828 55867 21:0 7829
7828 56159 21:0 7829
7828 56185 21:0 7829
7832 56198 21:0 7864
7834 55343 1:0 7834
7834 55340 1:0 7834
7834 55342 1:0 7834
7835 55159 1:0 8580
7863 57098 21:0 7880
7876 55147 1:0 8610
7876 56558 1:0 8610
7876 55136 1:0 8610
7876 56608 1:0 8713
7876 56584 1:0 8713
7876 55123 1:0 8713
7876 55103 1:0 8741
7876 55114 1:0 8741
7876 56615 1:0 8741
7876 21 1:0 8853
7876 56641 1:0 8856
7876 55090 1:0 8858
7876 55081 1:0 8875
7876 19 1:0 8935
7876 56672 1:0 8938
7876 55070 1:0 8939
7876 54468 1:0 8939
7879 319 21:0 7883
7882 56209 21:0 7883
7884 55129 1:0 8610
7887 55335 1:0 7887
7887 56212 21:0 7909
7889 55124 1:0 8610
7904 55125 1:0 8610
7905 56597 1:0 8713
7905 56606 1:0 8713
7905 56611 1:0 8713
7905 9 1:0 8875
7908 55699 21:0 7909
7908 293 21:0 7909
7908 56207 21:0 7909
7908 55742 21:0 7909
7908 297 21:0 7909
7908 315 21:0 7909
7908 313 21:0 7909
7908 279 21:0 7909
7908 55808 21:0 7909
7908 281 21:0 7909
7908 55694 21:0 7909
7908 55751 21:0 7909
7908 55753 21:0 7909
7908 277 21:0 7909
7908 55696 21:0 7909
7908 275 21:0 7909
7908 311 21:0 7909
7908 299 21:0 7909
7908 317 21:0 7909
7908 295 21:0 7909
7908 261 21:0 7912
7910 141 1:0 7910
7911 243 21:0 7912
7911 56216 21:0 7912
7911 251 21:0 7912
7911 57169 21:0 7912
7911 257 21:0 7912
7911 241 21:0 7912
7911 263 21:0 7912
7911 259 21:0 7912
7911 55660 21:0 7920
7915 56230 21:0 7915
7917 55127 1:0 8693
7918 55128 1:0 8701
7918 55112 1:0 8704
7918 55118 1:0 8704
7918 55104 1:0 8713
7919 57255 21:0 7920
7919 55838 21:0 7920
7919 61 21:0 7920
7919 57110 21:0 7923
7921 143 1:0 7921
7921 61 1:0 8449
7921 55113 1:0 8741
7922 55831 21:0 7923
7922 231 21:0 7923
7922 23 21:0 7923
7924 55126 1:0 8711
7924 23 1:0 8713
7925 56234 1:0 7925
7926 56234 21:0 7929
7927 55096 1:0 8741
7927 55109 1:0 8741
7927 55092 1:0 8835
7928 55895 21:0 7929
7928 56984 21:0 7932
7930 139 1:0 7930
7930 55094 1:0 8824
7931 267 21:0 7932
7931 55778 21:0 7932
7933 55095 1:0 8832
7933 55080 1:0 8835
7935 56237 1:0 7935
7936 56237 21:0 7936
7941 56242 21:0 7942
7942 57235 21:0 7960
7953 55093 1:0 8842
7954 55091 1:0 8844
7961 55078 1:0 8847
7963 56255 21:0 7995
7966 55085 1:0 8847
7966 55079 1:0 8875
7998 56264 21:0 8001
8007 55076 1:0 8875
8007 55072 1:0 8875
8008 56266 21:0 8011
8010 57096 21:0 8014
8012 56654 1:0 8875
8015 56663 1:0 8913
8015 56665 1:0 8923
8015 55071 1:0 8926
8015 3 1:0 8939
8018 56269 21:0 8040
8020 5 1:0 8926
8020 56668 1:0 8933
8020 56686 1:0 8954
8020 243 1:0 9930
8035 55065 1:0 8939
8039 57122 21:0 8040
8039 57089 21:0 8040
8039 56273 21:0 8040
8039 57268 21:0 8043
8041 123 1:0 8041
8042 233 21:0 8043
8042 305 21:0 8043
8042 247 21:0 8051
8046 56287 21:0 8046
8048 305 1:0 9712
8048 233 1:0 9712
8048 57268 1:0 9726
8048 57122 1:0 9762
8049 57089 1:0 9778
8049 55778 1:0 9783
8049 57235 1:0 9783
8049 57096 1:0 9783
8049 55895 1:0 9788
8049 56984 1:0 9788
8052 125 1:0 8052
8052 247 1:0 9712
8057 56291 21:0 8060
8058 267 1:0 9788
8058 231 1:0 9802
8058 55831 1:0 9802
8058 57110 1:0 9838
8058 55838 1:0 9854
8058 57255 1:0 9859
8058 57169 1:0 9859
8058 55660 1:0 9859
8061 121 1:0 8061
8061 56291 1:0 9726
8064 251 1:0 9864
8064 319 1:0 9864
8064 57098 1:0 9864
8066 57230 1:0 9878
8067 56294 21:0 8067
8069 57131 1:0 9878
8072 56299 21:0 8073
8084 283 1:0 9878
8085 56833 1:0 9914
8094 56312 21:0 8126
8097 55781 1:0 9930
8097 57090 1:0 9935
8129 56321 21:0 8132
8139 56323 21:0 8142
8149 56326 21:0 8171
8170 56330 21:0 8171
8172 105 1:0 8172
8176 56344 1:0 8176
8177 56344 21:0 8182
8179 303 1:0 9935
8183 107 1:0 8183
8183 56344 1:0 9802
8188 56348 21:0 8188
8192 103 1:0 8192
8203 56356 21:0 8204
8204 56351 21:0 8222
8223 56351 1:0 9726
8225 56369 21:0 8257
8260 56378 21:0 8263
8270 56380 21:0 8273
8280 56383 21:0 8302
8301 56387 21:0 8302
8303 87 1:0 8303
8308 56401 21:0 8313
8314 89 1:0 8314
8319 56405 21:0 8319
8323 85 1:0 8323
8328 56408 1:0 8328
8329 56408 21:0 8353
8352 56413 21:0 8353
8356 56426 21:0 8388
8391 56435 21:0 8394
8401 56437 21:0 8404
8411 56440 21:0 8433
8432 56444 21:0 8433
8434 69 1:0 8434
8438 56458 1:0 8438
8439 56458 21:0 8444
8445 71 1:0 8445
8450 56462 21:0 8453
8454 67 1:0 8454
8460 56465 21:0 8484
8483 56470 21:0 8484
8487 56483 21:0 8519
8522 56492 21:0 8525
8532 56494 21:0 8535
8542 56497 21:0 8564
8563 56501 21:0 8564
8565 51 1:0 8565
8570 56515 21:0 8575
8576 53 1:0 8576
8576 56515 1:0 9935
8580 56519 1:0 8580
8581 56519 21:0 8584
8585 49 1:0 8585
8591 56522 21:0 8615
8614 56527 21:0 8615
8618 56540 21:0 8650
8653 56549 21:0 8656
8663 56551 21:0 8666
8673 56554 21:0 8695
8694 56558 21:0 8695
8696 33 1:0 8696
8700 56572 1:0 8700
8701 56572 21:0 8706
8707 35 1:0 8707
8711 56576 1:0 8711
8712 56576 21:0 8712
8716 31 1:0 8716
8722 56579 21:0 8746
8745 56584 21:0 8746
8749 56597 21:0 8781
8784 56606 21:0 8787
8794 56608 21:0 8797
8804 56611 21:0 8826
8825 56615 21:0 8826
8827 15 1:0 8827
8832 56629 21:0 8832
8838 17 1:0 8838
8843 56633 21:0 8846
8847 13 1:0 8847
8853 56636 21:0 8877
8876 56641 21:0 8877
8880 56654 21:0 8912
8915 56663 21:0 8918
8925 56665 21:0 8928
8940 56672 21:0 8941
8957 54468 21:0 8961
8964 58314 21:0 8965
8965 58315 21:0 8976
8975 19 21:0 8976
8975 56686 21:0 8976
8976 58316 21:0 9009
9008 5 21:0 9009
9008 7 21:0 9009
9008 56668 21:0 9009
9008 3 21:0 9011
9011 58309 21:0 9020
9019 58325 21:0 9020
9019 58322 21:0 9020
9019 58335 21:0 9020
9019 9 21:0 9022
9020 13 21:0 9020
9021 21 21:0 9022
9021 58334 21:0 9022
9022 58337 21:0 9030
9025 17 21:0 9025
9029 58338 21:0 9080
9030 15 21:0 9030
9079 58339 21:0 9096
9095 58340 21:0 9106
9096 31 21:0 9096
9101 35 21:0 9101
9105 58370 21:0 9156
9106 33 21:0 9106
9155 58372 21:0 9172
9171 58371 21:0 9182
9172 49 21:0 9172
9177 53 21:0 9177
9181 58373 21:0 9232
9182 51 21:0 9182
9231 58403 21:0 9248
9247 58404 21:0 9258
9248 67 21:0 9248
9253 71 21:0 9253
9257 58405 21:0 9308
9258 69 21:0 9258
9307 58406 21:0 9324
9323 58436 21:0 9334
9324 85 21:0 9324
9329 89 21:0 9329
9333 58438 21:0 9384
9334 87 21:0 9334
9383 58437 21:0 9400
9399 58439 21:0 9410
9400 103 21:0 9400
9405 107 21:0 9405
9409 58469 21:0 9460
9410 105 21:0 9410
9459 58471 21:0 9476
9460 58521 21:0 9460
9475 58470 21:0 9486
9476 121 21:0 9476
9481 125 21:0 9481
9485 58472 21:0 9508
9486 123 21:0 9486
9507 58502 21:0 9552
9549 58566 21:0 9549
9551 58503 21:0 9562
9552 139 21:0 9552
9557 143 21:0 9557
9561 58504 21:0 9584
9562 141 21:0 9562
9583 58505 21:0 9628
9627 58535 21:0 9638
9628 157 21:0 9628
9633 161 21:0 9633
9637 58537 21:0 9656
9638 159 21:0 9638
9640 58593 21:0 9640
9655 58536 21:0 9704
9703 58538 21:0 9709
9704 175 21:0 9704
9708 58568 21:0 9732
9709 179 21:0 9709
9714 177 21:0 9714
9731 58569 21:0 9780
9779 58570 21:0 9785
9780 193 21:0 9780
9784 58571 21:0 9804
9785 197 21:0 9785
9790 195 21:0 9790
9801 58678 21:0 9801
9803 58601 21:0 9856
9812 58679 21:0 9812
9840 58685 21:0 9840
9845 58687 21:0 9845
9855 58603 21:0 9861
9856 211 21:0 9856
9860 58602 21:0 9880
9861 215 21:0 9861
9866 213 21:0 9866
9879 58604 21:0 9932
9888 58712 21:0 9888
9916 58718 21:0 9916
9916 58716 21:0 9916
9921 58720 21:0 9921
9931 58634 21:0 9937
9932 229 21:0 9932
9936 57050 1:0 9940
9936 56173 1:0 9940
9936 55717 1:0 9940
9936 58635 21:0 9956
9937 233 21:0 9937
9937 58732 21:0 9937
9941 55945 1:0 9954
9941 57044 1:0 9954
9941 321 1:0 9954
9942 231 21:0 9942
9942 253 1:0 9942
9943 241 1:0 9954
9953 58744 21:0 9953
9955 57193 1:0 9990
9955 58636 21:0 10008
9964 58745 21:0 9964
9991 57109 1:0 10006
9992 58749 21:0 9992
9992 58751 21:0 9992
9996 263 1:0 9997
9996 257 1:0 9997
9997 58753 21:0 9997
9997 255 1:0 9997
9998 259 1:0 10006
9999 58738 21:0 9999
10007 56009 1:0 10011
10007 57175 1:0 10011
10007 57143 1:0 10011
10007 58637 21:0 10013
10008 247 21:0 10008
10012 56401 1:0 10016
10012 55664 1:0 10016
10012 56977 1:0 10016
10012 58667 21:0 10032
10013 251 21:0 10013
10017 57023 1:0 10030
10017 56116 1:0 10030
10017 57262 1:0 10030
10018 249 21:0 10018
10018 271 1:0 10018
10019 261 1:0 10030
10031 56462 1:0 10066
10031 58668 21:0 10084
10067 57242 1:0 10082
10068 58784 21:0 10068
10072 275 1:0 10073
10072 281 1:0 10073
10073 273 1:0 10073
10074 279 1:0 10082
10075 58771 21:0 10075
10083 57004 1:0 10087
10083 57136 1:0 10087
10083 56123 1:0 10087
10083 58669 21:0 10089
10084 265 21:0 10084
10088 57182 1:0 10092
10088 56572 1:0 10092
10088 57226 1:0 10092
10088 58670 21:0 10108
10089 269 21:0 10089
10089 58798 21:0 10089
10093 57189 1:0 10106
10093 57160 1:0 10106
10093 57028 1:0 10106
10094 267 21:0 10094
10094 289 1:0 10094
10095 277 1:0 10106
10096 58791 21:0 10096
10107 56234 1:0 10142
10107 58700 21:0 10160
10116 58811 21:0 10116
10143 57156 1:0 10158
10144 58817 21:0 10144
10144 58818 21:0 10144
10144 58815 21:0 10144
10148 293 1:0 10149
10148 299 1:0 10149
10149 291 1:0 10149
10150 295 1:0 10158
10151 58804 21:0 10151
10157 58830 21:0 10157
10159 57083 1:0 10163
10159 56006 1:0 10163
10159 56465 1:0 10163
10159 58701 21:0 10165
10160 283 21:0 10160
10164 57149 1:0 10168
10164 57032 1:0 10168
10164 56995 1:0 10168
10164 58702 21:0 10184
10165 287 21:0 10165
10165 58831 21:0 10165
10169 57162 1:0 10182
10169 56408 1:0 10182
10169 55949 1:0 10182
10170 285 21:0 10170
10170 307 1:0 10170
10171 297 1:0 10182
10181 58843 21:0 10181
10183 56002 1:0 10218
10183 58703 21:0 10236
10192 58844 21:0 10192
10219 56522 1:0 10234
10220 58850 21:0 10220
10220 58848 21:0 10220
10224 311 1:0 10225
10224 317 1:0 10225
10225 309 1:0 10225
10226 313 1:0 10234
10227 58837 21:0 10227
10235 56059 1:0 10239
10235 57209 1:0 10239
10235 57103 1:0 10239
10235 58733 21:0 10241
10236 301 21:0 10236
10240 56458 1:0 10244
10240 57123 1:0 10244
10240 55888 1:0 10244
10240 58734 21:0 10260
10241 305 21:0 10241
10245 56793 1:0 10258
10245 57076 1:0 10258
10245 57056 1:0 10258
10246 303 21:0 10246
10246 325 1:0 10246
10247 315 1:0 10258
10259 55952 1:0 10294
10259 58735 21:0 10312
10268 58877 21:0 10268
10294 327 1:0 10294
10295 57279 1:0 10315
10296 58884 21:0 10296
10301 58885 21:0 10301
10309 58896 21:0 10309
10311 58736 21:0 10317
10312 319 21:0 10312
10316 58766 21:0 10324
10316 57277 1:0 10326
10317 323 21:0 10317
10321 56063 1:0 10326
10321 366 1:0 10324
10323 58768 21:0 10331
10324 58890 21:0 10324
10327 57278 1:0 10334
10330 56519 1:0 10337
10330 56579 1:0 10337
10330 58767 21:0 10339
10331 366 21:0 10331
10331 321 21:0 10331
10334 55660 21:0 10334
10335 58906 21:0 10335
10336 58906 1:0 10336
10338 57275 1:0 10338
10338 57276 1:0 10344
10338 58769 21:0 10348
10340 323 1:0 10340
10341 57142 1:0 10346
10341 55699 1:0 10346
10341 55696 1:0 10346
10341 55694 1:0 10346
10341 55685 1:0 10346
10345 55664 21:0 10345
10346 57273 1:0 10346
10346 55672 1:0 10346
10347 58799 21:0 10351
10347 57246 1:0 10374
10349 319 1:0 10349
10350 57065 1:0 10374
10350 55774 1:0 10374
10350 58800 21:0 10420
10354 55667 1:0 10354
10355 55667 21:0 10355
10355 57274 1:0 10355
10363 366 1:0 10363
10372 57264 1:0 10374
10374 57253 1:0 10374
10374 55703 1:0 10374
10375 57263 1:0 10375
10375 57244 1:0 10457
10384 57261 1:0 10384
10384 57259 1:0 10384
10419 58801 21:0 10459
10437 57254 1:0 10437
10442 57248 1:0 10442
10458 57245 1:0 10465
10458 58802 21:0 10467
10460 303 1:0 10460
10461 57061 1:0 10468
10461 56990 1:0 10468
10466 58832 21:0 10473
10469 57243 1:0 10475
10471 305 1:0 10471
10472 55751 1:0 10477
10472 55756 1:0 10477
10472 55742 1:0 10477
10472 56120 1:0 10477
10472 55753 1:0 10477
10472 58833 21:0 10479
10475 55721 1:0 10475
10477 57240 1:0 10477
10477 55729 1:0 10477
10478 57213 1:0 10505
10478 58834 21:0 10507
10480 301 1:0 10480
10481 57043 1:0 10505
10481 56633 1:0 10505
10485 55724 1:0 10485
10486 57241 1:0 10486
10503 57231 1:0 10505
10505 57220 1:0 10505
10505 55760 1:0 10505
10506 58835 21:0 10586
10506 57211 1:0 10588
10515 57228 1:0 10515
10515 57229 1:0 10515
10541 57222 1:0 10541
10568 57221 1:0 10568
10573 57215 1:0 10573
10585 58865 21:0 10593
10589 57212 1:0 10596
10591 285 1:0 10591
10592 56945 1:0 10599
10592 56905 1:0 10599
10592 58867 21:0 10601
10596 55774 21:0 10596
10600 57210 1:0 10606
10600 58866 21:0 10610
10602 287 1:0 10602
10603 55810 1:0 10608
10603 55813 1:0 10608
10603 55799 1:0 10608
10603 55808 1:0 10608
10603 56944 1:0 10608
10608 55786 1:0 10608
10608 57207 1:0 10608
10609 58868 21:0 10613
10609 57180 1:0 10636
10611 283 1:0 10611
10612 56933 1:0 10636
10612 56799 1:0 10636
10612 58898 21:0 10682
10617 55781 21:0 10617
10617 57208 1:0 10617
10622 57202 1:0 10622
10634 57198 1:0 10636
10636 55817 1:0 10636
10636 57187 1:0 10636
10637 57197 1:0 10637
10637 57179 1:0 10719
10646 57196 1:0 10646
10646 57195 1:0 10646
10681 58899 21:0 10721
10699 57188 1:0 10699
10720 57178 1:0 10726
10720 58900 21:0 10729
10722 267 1:0 10722
10723 56845 1:0 10730
10723 56834 1:0 10730
10728 58901 21:0 10735
10731 57176 1:0 10731
10731 57177 1:0 10737
10733 269 1:0 10733
10734 58323 21:0 10735
10734 55856 1:0 10739
10734 55870 1:0 10739
10734 55867 1:0 10739
10734 56899 1:0 10739
10734 55865 1:0 10739
10734 58320 21:0 10741
10737 55835 1:0 10737
10738 55835 21:0 10738
10739 55843 1:0 10739
10739 57174 1:0 10739
10740 58329 21:0 10741
10740 58324 21:0 10741
10740 58336 21:0 10744
10740 57147 1:0 10767
10742 265 1:0 10742
10743 58356 21:0 10744
10743 58362 21:0 10744
10743 56859 1:0 10767
10743 56932 1:0 10767
10743 58357 21:0 10769
10748 55838 21:0 10748
10765 57165 1:0 10767
10767 57154 1:0 10767
10767 55874 1:0 10767
10768 57164 1:0 10768
10768 58355 21:0 10772
10768 57145 1:0 10850
10771 58348 21:0 10813
10777 57163 1:0 10777
10812 58353 21:0 10823
10822 58342 21:0 10852
10830 57155 1:0 10830
10851 58368 21:0 10852
10851 58349 21:0 10852
10851 58382 21:0 10855
10851 57146 1:0 10858
10853 249 1:0 10853
10854 58388 21:0 10855
10854 58401 21:0 10855
10854 58375 21:0 10860
10854 56826 1:0 10861
10854 56938 1:0 10861
10858 55888 21:0 10858
10859 58402 21:0 10863
10862 58395 21:0 10863
10862 58390 21:0 10866
10862 57144 1:0 10868
10864 251 1:0 10864
10865 58381 21:0 10866
10865 58389 21:0 10866
10865 55913 1:0 10870
10865 56900 1:0 10870
10865 55927 1:0 10870
10865 55924 1:0 10870
10865 55922 1:0 10870
10865 58369 21:0 10872
10868 55892 1:0 10868
10869 55900 1:0 10870
10870 57141 1:0 10870
10871 58500 21:0 10872
10871 58386 21:0 10872
10871 58456 21:0 10875
10871 57114 1:0 10898
10873 247 1:0 10873
10874 58487 21:0 10875
10874 58428 21:0 10875
10874 56924 1:0 10898
10874 56792 1:0 10898
10874 58447 21:0 10900
10896 57132 1:0 10898
10898 57121 1:0 10898
10898 55931 1:0 10898
10899 58461 21:0 10903
10899 57112 1:0 10981
10902 58494 21:0 10944
10908 57127 1:0 10908
10908 57129 1:0 10908
10908 57130 1:0 10908
10943 58408 21:0 10954
10953 58415 21:0 10983
10966 57116 1:0 10966
10982 58488 21:0 10983
10982 58455 21:0 10983
10982 58454 21:0 10986
10982 57113 1:0 10989
10984 231 1:0 10984
10985 58421 21:0 10986
10985 58435 21:0 10986
10985 58489 21:0 10991
10985 56812 1:0 10992
10985 56957 1:0 10992
10990 58422 21:0 10994
10993 58452 21:0 10994
10993 58414 21:0 10997
10993 57111 1:0 10999
10995 233 1:0 10995
10996 58434 21:0 10997
10996 58467 21:0 10997
10996 55970 1:0 11001
10996 55981 1:0 11001
10996 55979 1:0 11001
10996 55984 1:0 11001
10996 56912 1:0 11001
10996 58480 21:0 11003
11001 55957 1:0 11001
11001 57108 1:0 11001
11001 56965 1:0 11029
11001 57081 1:0 11029
11001 57099 1:0 11029
11001 55988 1:0 11029
11001 57088 1:0 11029
11001 56014 1:0 11132
11001 56036 1:0 11132
11001 56038 1:0 11132
11001 57075 1:0 11132
11001 57055 1:0 11160
11001 57066 1:0 11160
11001 56045 1:0 11160
11001 57042 1:0 11263
11001 56071 1:0 11263
11001 56093 1:0 11263
11001 56102 1:0 11291
11001 57033 1:0 11291
11001 56128 1:0 11394
11001 56159 1:0 11422
11002 58468 21:0 11003
11002 58441 21:0 11003
11002 58485 21:0 11006
11004 229 1:0 11004
11004 56786 1:0 11029
11005 58423 21:0 11006
11005 58448 21:0 11006
11005 58419 21:0 11031
11007 57079 1:0 11112
11007 57080 1:0 11120
11009 56971 1:0 11123
11010 55952 21:0 11010
11012 56891 1:0 11123
11018 57022 1:0 11291
11019 57009 1:0 11394
11030 58474 21:0 11034
11033 58481 21:0 11075
11035 57078 1:0 11130
11039 57094 1:0 11039
11039 57097 1:0 11039
11040 56863 1:0 11132
11040 56041 1:0 11132
11040 56027 1:0 11132
11040 56098 1:0 11263
11040 57000 1:0 11422
11074 58527 21:0 11085
11084 58617 21:0 11114
11086 57048 1:0 11160
11089 56095 1:0 11263
11089 56150 1:0 11394
11089 56152 1:0 11394
11089 56989 1:0 11422
11089 56976 1:0 11525
11089 56185 1:0 11525
11089 56216 1:0 11553
11089 56242 1:0 11656
11089 56273 1:0 11684
11094 56852 1:0 11160
11109 56966 1:0 11160
11110 56925 1:0 11254
11113 58540 21:0 11114
11113 58620 21:0 11114
11113 58652 21:0 11117
11115 213 1:0 11115
11116 58584 21:0 11117
11116 58547 21:0 11117
11116 58659 21:0 11122
11120 56002 21:0 11120
11121 58633 21:0 11125
11122 57047 1:0 11243
11123 57046 1:0 11250
11123 56872 1:0 11254
11124 57077 1:0 11124
11124 58654 21:0 11125
11124 58555 21:0 11128
11126 215 1:0 11126
11126 57045 1:0 11261
11127 58533 21:0 11128
11127 58600 21:0 11128
11127 58567 21:0 11134
11129 56951 1:0 11263
11129 56084 1:0 11263
11129 56797 1:0 11291
11129 56155 1:0 11394
11129 56141 1:0 11394
11132 57015 1:0 11291
11132 56911 1:0 11291
11132 56962 1:0 11385
11132 56931 1:0 11385
11133 58546 21:0 11134
11133 58621 21:0 11134
11133 58626 21:0 11137
11135 211 1:0 11135
11135 57013 1:0 11374
11136 58587 21:0 11137
11136 58560 21:0 11137
11136 58522 21:0 11162
11138 57014 1:0 11382
11143 57012 1:0 11392
11146 57070 1:0 11146
11158 56929 1:0 11394
11159 56964 1:0 11422
11159 56865 1:0 11422
11161 58513 21:0 11165
11164 58501 21:0 11206
11170 57064 1:0 11170
11170 57063 1:0 11170
11171 56982 1:0 11422
11176 56212 1:0 11525
11196 57057 1:0 11196
11205 58653 21:0 11216
11212 56207 1:0 11525
11215 58580 21:0 11245
11225 56980 1:0 11505
11232 56967 1:0 11553
11240 56885 1:0 11516
11241 56867 1:0 11516
11244 58579 21:0 11245
11244 58573 21:0 11245
11244 58534 21:0 11248
11246 195 1:0 11246
11247 58612 21:0 11248
11247 58507 21:0 11248
11247 58554 21:0 11256
11253 56981 1:0 11513
11254 56979 1:0 11523
11254 56898 1:0 11525
11254 56209 1:0 11525
11254 56198 1:0 11525
11254 56956 1:0 11553
11254 56879 1:0 11553
11254 56269 1:0 11656
11254 56266 1:0 11656
11254 56255 1:0 11656
11254 56264 1:0 11656
11254 56943 1:0 11656
11254 56934 1:0 11684
11254 56923 1:0 11684
11254 56299 1:0 11787
11254 56910 1:0 11787
11254 56901 1:0 11815
11254 56330 1:0 11815
11254 56890 1:0 11815
11254 56877 1:0 11918
11254 56356 1:0 11918
11254 56857 1:0 11946
11254 56387 1:0 11946
11254 56868 1:0 11946
11254 56844 1:0 12049
11254 56413 1:0 12049
11254 56835 1:0 12077
11254 56824 1:0 12077
11254 56444 1:0 12077
11254 56811 1:0 12180
11254 56470 1:0 12180
11254 56501 1:0 12208
11254 56791 1:0 12208
11254 56802 1:0 12208
11254 56527 1:0 12311
11254 56778 1:0 12311
11255 58588 21:0 11256
11255 58599 21:0 11256
11255 58650 21:0 11259
11257 197 1:0 11257
11257 56958 1:0 11553
11258 58646 21:0 11259
11258 58665 21:0 11259
11258 58520 21:0 11265
11260 56949 1:0 11553
11263 56948 1:0 11636
11263 56947 1:0 11643
11264 58613 21:0 11265
11264 58645 21:0 11265
11264 58586 21:0 11268
11266 193 1:0 11266
11266 56830 1:0 11647
11266 56832 1:0 11647
11266 56896 1:0 11656
11267 58606 21:0 11268
11267 366 21:0 11268
11267 58672 21:0 11293
11269 56946 1:0 11654
11271 56066 1:0 11271
11272 56066 21:0 11272
11274 56916 1:0 11684
11277 57037 1:0 11277
11289 56839 1:0 11684
11290 56918 1:0 11684
11292 58666 21:0 11296
11295 58518 21:0 11337
11301 57031 1:0 11301
11301 57030 1:0 11301
11302 56915 1:0 11767
11327 57024 1:0 11327
11336 58683 21:0 11348
11347 56059 21:0 11376
11351 56914 1:0 11774
11356 56813 1:0 11778
11359 57017 1:0 11359
11371 56819 1:0 11778
11372 56312 1:0 11787
11372 56326 1:0 11787
11372 56323 1:0 11787
11372 56321 1:0 11787
11372 56369 1:0 11918
11372 56378 1:0 11918
11372 56380 1:0 11918
11375 58876 21:0 11376
11375 303 21:0 11376
11375 56063 21:0 11379
11377 177 1:0 11377
11378 58777 21:0 11379
11378 58851 21:0 11379
11378 58883 21:0 11387
11384 56913 1:0 11785
11385 56806 1:0 11787
11385 56883 1:0 11815
11385 56846 1:0 11815
11385 56858 1:0 11815
11386 57011 1:0 11386
11386 58699 21:0 11387
11386 58786 21:0 11387
11386 56116 21:0 11390
11388 179 1:0 11388
11388 56866 1:0 11909
11389 58705 21:0 11390
11389 58725 21:0 11390
11389 55721 21:0 11396
11391 56882 1:0 11898
11394 56881 1:0 11905
11394 56878 1:0 11909
11394 56801 1:0 11918
11394 56383 1:0 11918
11394 56426 1:0 12049
11394 56437 1:0 12049
11394 56435 1:0 12049
11394 56494 1:0 12180
11395 55831 21:0 11396
11395 58870 21:0 11396
11395 58881 21:0 11399
11397 175 1:0 11397
11397 56880 1:0 11916
11398 58758 21:0 11399
11398 58852 21:0 11399
11398 58782 21:0 11424
11400 56825 1:0 11946
11400 56850 1:0 11946
11400 56800 1:0 11946
11402 56759 1:0 12040
11403 57010 1:0 11403
11421 56849 1:0 12029
11423 56999 1:0 11423
11423 58731 21:0 11427
11426 58719 21:0 11468
11432 56997 1:0 11432
11432 56998 1:0 11432
11433 56848 1:0 12036
11438 56440 1:0 12049
11458 56991 1:0 11458
11467 58797 21:0 11481
11474 56764 1:0 12040
11474 56492 1:0 12180
11480 56009 21:0 11507
11502 56847 1:0 12047
11503 56766 1:0 12049
11503 56497 1:0 12180
11503 56483 1:0 12180
11506 58752 21:0 11507
11506 58810 21:0 11507
11506 58765 21:0 11510
11508 159 1:0 11508
11509 58824 21:0 11510
11509 56027 21:0 11510
11509 55945 21:0 11510
11509 56141 21:0 11510
11509 56084 21:0 11510
11509 56155 21:0 11518
11513 56173 21:0 11513
11515 56817 1:0 12077
11516 56767 1:0 12077
11516 56760 1:0 12077
11516 56815 1:0 12160
11516 56753 1:0 12171
11517 56978 1:0 11517
11517 55870 21:0 11518
11517 55856 21:0 11518
11517 55927 21:0 11518
11517 55913 21:0 11518
11517 55813 21:0 11518
11517 55984 21:0 11518
11517 56098 21:0 11518
11517 55970 21:0 11518
11517 55799 21:0 11518
11517 56041 21:0 11518
11517 55756 21:0 11518
11517 55742 21:0 11521
11519 161 1:0 11519
11519 56780 1:0 12171
11520 55699 21:0 11521
11520 58897 21:0 11521
11520 55685 21:0 11521
11520 58698 21:0 11521
11520 55778 21:0 11527
11522 56816 1:0 12168
11523 56177 1:0 11523
11524 56177 21:0 11524
11525 56814 1:0 12178
11525 56768 1:0 12180
11525 56779 1:0 12208
11525 56773 1:0 12208
11526 58857 21:0 11527
11526 58764 21:0 11527
11526 55949 21:0 11530
11528 157 1:0 11528
11528 56784 1:0 12208
11529 56006 21:0 11530
11529 55892 21:0 11530
11529 58688 21:0 11530
11529 58721 21:0 11530
11529 58523 21:0 11530
11529 56152 21:0 11530
11529 58622 21:0 11530
11529 58391 21:0 11530
11529 56150 21:0 11530
11529 58457 21:0 11530
11529 58655 21:0 11530
11529 58358 21:0 11530
11529 58424 21:0 11530
11529 58589 21:0 11530
11529 58556 21:0 11530
11529 58490 21:0 11532
11531 58754 21:0 11532
11531 58787 21:0 11534
11531 56782 1:0 12291
11531 56549 1:0 12311
11531 56551 1:0 12311
11533 56180 1:0 11533
11533 58598 21:0 11534
11533 58578 21:0 11534
11533 58677 21:0 11534
11533 56159 21:0 11534
11533 55988 21:0 11534
11533 58820 21:0 11534
11533 58413 21:0 11534
11533 58499 21:0 11534
11533 58479 21:0 11534
11533 58380 21:0 11534
11533 58631 21:0 11534
11533 58545 21:0 11534
11533 58400 21:0 11534
11534 56180 21:0 11558
11536 56783 1:0 12299
11551 56735 1:0 12302
11552 56747 1:0 12302
11552 56540 1:0 12311
11552 56554 1:0 12311
11557 58565 21:0 11558
11557 58730 21:0 11558
11557 58895 21:0 11558
11557 56185 21:0 11558
11557 289 21:0 11558
11557 56045 21:0 11558
11557 56128 21:0 11558
11557 55957 21:0 11558
11557 56014 21:0 11558
11557 56102 21:0 11558
11557 56071 21:0 11558
11557 273 21:0 11558
11557 271 21:0 11558
11557 56093 21:0 11558
11557 56095 21:0 11558
11557 255 21:0 11558
11557 56036 21:0 11558
11557 58697 21:0 11558
11557 109 21:0 11558
11557 55922 21:0 11558
11557 58367 21:0 11558
11557 58512 21:0 11558
11557 58532 21:0 11558
11557 58710 21:0 11558
11557 58433 21:0 11558
11557 58644 21:0 11558
11557 58743 21:0 11558
11557 58862 21:0 11558
11557 58446 21:0 11558
11557 55924 21:0 11558
11557 91 21:0 11558
11557 58466 21:0 11558
11557 56038 21:0 11558
11557 55867 21:0 11558
11557 55900 21:0 11558
11557 55874 21:0 11558
11557 58809 21:0 11558
11557 58796 21:0 11558
11557 55843 21:0 11558
11557 55817 21:0 11558
11557 55786 21:0 11558
11557 55865 21:0 11558
11557 55760 21:0 11558
11557 291 21:0 11558
11557 58776 21:0 11558
11557 55729 21:0 11558
11557 55703 21:0 11558
11557 55981 21:0 11558
11557 253 21:0 11558
11557 55979 21:0 11558
11557 58611 21:0 11558
11557 58347 21:0 11558
11557 58875 21:0 11558
11557 58763 21:0 11558
11557 58664 21:0 11558
11557 307 21:0 11558
11557 58842 21:0 11558
11557 55931 21:0 11558
11557 309 21:0 11558
11557 58829 21:0 11558
11557 325 21:0 11558
11557 58886 21:0 11558
11557 58853 21:0 11558
11557 327 21:0 11558
11557 55672 21:0 11558
11559 109 1:0 11946
11559 91 1:0 12077
11561 56198 21:0 11593
11564 56781 1:0 12309
11592 55808 21:0 11593
11592 55810 21:0 11593
11596 56207 21:0 11599
11598 55751 21:0 11599
11598 55753 21:0 11602
11601 313 21:0 11602
11601 55694 21:0 11602
11601 55696 21:0 11602
11605 56726 1:0 12311
11605 56758 1:0 12339
11605 56769 1:0 12339
11605 56558 1:0 12339
11605 56597 1:0 12442
11605 56608 1:0 12442
11605 56584 1:0 12442
11605 56745 1:0 12442
11605 56606 1:0 12442
11605 56736 1:0 12470
11605 56725 1:0 12470
11605 56615 1:0 12470
11605 21 1:0 12581
11605 56712 1:0 12581
11605 56641 1:0 12581
11605 9 1:0 12589
11605 56703 1:0 12601
11605 19 1:0 12664
11605 56672 1:0 12667
11605 54468 1:0 12668
11605 56692 1:0 12668
11606 56209 21:0 11609
11608 58553 21:0 11612
11611 315 21:0 11612
11611 317 21:0 11612
11611 297 21:0 11612
11611 295 21:0 11612
11616 56212 21:0 11638
11633 56751 1:0 12339
11634 56611 1:0 12442
11637 305 21:0 11638
11637 319 21:0 11638
11637 58639 21:0 11641
11639 141 1:0 11639
11640 56120 21:0 11641
11640 58551 21:0 11641
11640 269 21:0 11649
11643 56230 1:0 11643
11644 56230 21:0 11644
11646 56733 1:0 12339
11646 56731 1:0 12339
11646 56740 1:0 12433
11647 56749 1:0 12422
11647 56750 1:0 12430
11648 58514 21:0 11649
11648 58711 21:0 11649
11648 55895 21:0 11652
11650 143 1:0 11650
11650 56734 1:0 12433
11651 58632 21:0 11652
11651 58864 21:0 11652
11651 58686 21:0 11658
11653 56748 1:0 12440
11655 56234 21:0 11655
11656 56727 1:0 12442
11656 56746 1:0 12450
11656 56720 1:0 12470
11656 56718 1:0 12470
11657 55717 21:0 11658
11657 58619 21:0 11658
11657 285 21:0 11661
11659 139 1:0 11659
11659 56717 1:0 12553
11660 58785 21:0 11661
11660 277 21:0 11661
11660 299 21:0 11661
11660 56123 21:0 11661
11660 279 21:0 11661
11660 311 21:0 11661
11660 259 21:0 11663
11662 56216 21:0 11663
11662 56716 1:0 12560
11662 56714 1:0 12564
11662 56636 1:0 12564
11662 56654 1:0 12576
11662 5 1:0 12576
11664 56237 1:0 11664
11664 56707 1:0 12573
11665 56237 21:0 11689
11683 56715 1:0 12571
11688 56242 21:0 11689
11688 293 21:0 11689
11688 275 21:0 11689
11688 243 21:0 11689
11688 261 21:0 11689
11690 56663 1:0 12598
11692 56255 21:0 11724
11695 56702 1:0 12576
11695 56698 1:0 12576
11695 56701 1:0 12601
11723 58819 21:0 11740
11736 56713 1:0 12581
11736 7 1:0 12647
11736 56665 1:0 12652
11739 287 21:0 11743
11741 56700 1:0 12601
11742 56264 21:0 11743
11744 56694 1:0 12636
11744 56687 1:0 12655
11747 56269 21:0 11769
11749 56693 1:0 12663
11764 56668 1:0 12662
11764 3 1:0 12664
11764 56686 1:0 12683
11768 55724 21:0 11769
11768 58863 21:0 11769
11768 58692 21:0 11772
11770 123 1:0 11770
11771 58778 21:0 11772
11771 267 21:0 11772
11771 281 21:0 11772
11771 257 21:0 11772
11771 56266 21:0 11772
11771 263 21:0 11775
11773 58692 1:0 13455
11774 56287 1:0 11774
11774 56273 21:0 11775
11775 56287 21:0 11780
11777 58778 1:0 13455
11777 267 1:0 13455
11777 58863 1:0 13491
11777 55724 1:0 13507
11778 58785 1:0 13512
11778 58819 1:0 13512
11778 287 1:0 13512
11778 56123 1:0 13517
11778 58619 1:0 13517
11778 285 1:0 13517
11778 58864 1:0 13531
11779 241 21:0 11780
11779 301 21:0 11780
11779 115 21:0 11780
11779 249 21:0 11783
11781 125 1:0 11781
11781 115 1:0 11787
11781 301 1:0 13441
11781 241 1:0 13659
11782 79 21:0 11783
11782 97 21:0 11783
11782 239 21:0 11783
11782 265 21:0 11783
11782 43 21:0 11783
11782 245 21:0 11783
11782 323 21:0 11783
11782 61 21:0 11783
11784 97 1:0 11916
11784 61 1:0 12049
11784 79 1:0 12049
11784 43 1:0 12311
11784 323 1:0 13436
11784 265 1:0 13441
11784 249 1:0 13441
11784 58686 1:0 13531
11786 56291 21:0 11789
11787 55717 1:0 13531
11787 58632 1:0 13567
11787 55895 1:0 13583
11787 58711 1:0 13588
11787 58514 1:0 13588
11787 269 1:0 13588
11787 56120 1:0 13593
11787 58639 1:0 13593
11788 29 21:0 11789
11788 47 21:0 11789
11788 233 21:0 11789
11788 283 21:0 11792
11790 121 1:0 11790
11790 47 1:0 12180
11790 29 1:0 12442
11790 233 1:0 13436
11790 58551 1:0 13593
11793 283 1:0 13436
11793 305 1:0 13607
11793 58553 1:0 13607
11793 319 1:0 13607
11795 56294 1:0 11795
11795 55892 1:0 13643
11796 56294 21:0 11796
11798 56287 1:0 13659
11801 56299 21:0 11802
11813 245 1:0 13650
11813 239 1:0 13650
11814 56006 1:0 13664
11823 56312 21:0 11855
11826 55949 1:0 13664
11826 56237 1:0 13664
11851 56892 1:0 11851
11858 56321 21:0 11861
11868 56323 21:0 11871
11878 56326 21:0 11900
11899 56330 21:0 11900
11901 105 1:0 11901
11906 56344 21:0 11911
11912 107 1:0 11912
11916 56348 1:0 11916
11917 56348 21:0 11917
11921 103 1:0 11921
11927 56351 21:0 11951
11950 56356 21:0 11951
11954 56369 21:0 11986
11989 56378 21:0 11992
11999 56380 21:0 12002
12009 56383 21:0 12031
12030 56387 21:0 12031
12032 87 1:0 12032
12037 56401 21:0 12042
12043 89 1:0 12043
12047 56405 1:0 12047
12048 56405 21:0 12048
12052 85 1:0 12052
12058 56408 21:0 12082
12081 56413 21:0 12082
12085 56426 21:0 12117
12120 56435 21:0 12123
12130 56437 21:0 12133
12140 56440 21:0 12162
12161 56444 21:0 12162
12163 69 1:0 12163
12168 56458 21:0 12173
12174 71 1:0 12174
12179 56462 21:0 12179
12183 67 1:0 12183
12189 56465 21:0 12189
12194 56470 21:0 12195
12216 56483 21:0 12248
12251 56492 21:0 12254
12261 56494 21:0 12264
12271 56497 21:0 12293
12292 56501 21:0 12293
12294 51 1:0 12294
12299 56515 21:0 12304
12305 53 1:0 12305
12310 56519 21:0 12310
12314 49 1:0 12314
12320 56522 21:0 12320
12325 56527 21:0 12326
12347 56540 21:0 12379
12382 56549 21:0 12385
12392 56551 21:0 12395
12402 56554 21:0 12424
12423 56558 21:0 12424
12425 33 1:0 12425
12430 56572 21:0 12435
12436 35 1:0 12436
12440 56576 1:0 12440
12441 56576 21:0 12441
12445 31 1:0 12445
12451 56579 21:0 12451
12456 56584 21:0 12457
12478 56597 21:0 12510
12513 56606 21:0 12516
12523 56608 21:0 12526
12533 56611 21:0 12555
12554 56615 21:0 12555
12556 15 1:0 12556
12560 56629 1:0 12560
12561 56629 21:0 12566
12567 17 1:0 12567
12572 56633 21:0 12575
12576 13 1:0 12576
12582 56636 21:0 12606
12605 56641 21:0 12606
12609 56654 21:0 12641
12644 56663 21:0 12647
12654 56665 21:0 12657
12664 56668 21:0 12693
12692 54468 21:0 12694
12693 56672 21:0 12694
12693 59936 21:0 12694
12694 59937 21:0 12705
12704 56686 21:0 12705
12704 19 21:0 12705
12705 59938 21:0 12738
12737 59947 21:0 12738
12737 7 21:0 12738
12737 5 21:0 12738
12737 9 21:0 12738
12737 3 21:0 12738
12740 59931 21:0 12749
12748 21 21:0 12749
12748 59956 21:0 12749
12748 59945 21:0 12749
12748 59946 21:0 12749
12749 13 21:0 12749
12751 59959 21:0 12759
12754 17 21:0 12754
12758 59960 21:0 12809
12759 15 21:0 12759
12808 59961 21:0 12825
12824 59962 21:0 12835
12825 31 21:0 12825
12830 35 21:0 12830
12834 59992 21:0 12885
12835 33 21:0 12835
12884 59993 21:0 12901
12900 59994 21:0 12911
12901 49 21:0 12901
12906 53 21:0 12906
12910 59995 21:0 12961
12911 51 21:0 12911
12960 60025 21:0 12977
12976 60026 21:0 12987
12977 67 21:0 12977
12982 71 21:0 12982
12986 60027 21:0 13037
12987 69 21:0 12987
13036 60028 21:0 13053
13052 60058 21:0 13063
13053 85 21:0 13053
13058 89 21:0 13058
13062 60060 21:0 13113
13063 87 21:0 13063
13112 60059 21:0 13129
13128 60061 21:0 13139
13129 103 21:0 13129
13134 107 21:0 13134
13138 60091 21:0 13189
13139 105 21:0 13139
13188 60092 21:0 13205
13204 60093 21:0 13215
13205 121 21:0 13205
13210 125 21:0 13210
13214 60094 21:0 13248
13215 123 21:0 13215
13247 60124 21:0 13281
13265 60175 21:0 13265
13272 60162 21:0 13272
13280 60126 21:0 13291
13281 139 21:0 13281
13286 143 21:0 13286
13290 60125 21:0 13313
13291 141 21:0 13291
13312 60127 21:0 13357
13356 60157 21:0 13367
13357 157 21:0 13357
13362 161 21:0 13362
13366 60159 21:0 13385
13367 159 21:0 13367
13378 60234 21:0 13378
13384 60158 21:0 13433
13422 60243 21:0 13422
13432 60160 21:0 13440
13433 175 21:0 13433
13438 179 21:0 13438
13439 60190 21:0 13461
13443 177 21:0 13443
13445 60248 21:0 13445
13460 60192 21:0 13509
13508 60191 21:0 13514
13509 193 21:0 13509
13513 60193 21:0 13533
13514 197 21:0 13514
13519 195 21:0 13519
13532 60223 21:0 13585
13569 60305 21:0 13569
13569 60308 21:0 13569
13569 60307 21:0 13569
13574 60309 21:0 13574
13582 60320 21:0 13582
13584 60224 21:0 13590
13585 211 21:0 13585
13589 60225 21:0 13609
13590 215 21:0 13590
13590 60321 21:0 13590
13595 213 21:0 13595
13608 60226 21:0 13661
13652 60327 21:0 13652
13660 60256 21:0 13666
13661 229 21:0 13661
13665 58764 1:0 13669
13665 58857 1:0 13669
13665 55778 1:0 13669
13665 60258 21:0 13685
13666 233 21:0 13666
13670 56515 1:0 13683
13670 58698 1:0 13683
13670 58897 1:0 13683
13671 231 21:0 13671
13671 253 1:0 13671
13672 243 1:0 13683
13682 60366 21:0 13682
13684 56344 1:0 13719
13684 60257 21:0 13737
13693 60367 21:0 13693
13720 55945 1:0 13735
13721 60371 21:0 13721
13721 60373 21:0 13721
13721 60374 21:0 13721
13725 263 1:0 13726
13725 257 1:0 13726
13726 255 1:0 13726
13727 261 1:0 13735
13736 58810 1:0 13740
13736 58824 1:0 13740
13736 58765 1:0 13740
13736 60259 21:0 13742
13737 247 21:0 13737
13741 58752 1:0 13745
13741 58797 1:0 13745
13741 56009 1:0 13745
13741 60289 21:0 13761
13742 251 21:0 13742
13746 58782 1:0 13759
13746 58731 1:0 13759
13746 58719 1:0 13759
13747 249 21:0 13747
13747 271 1:0 13747
13748 259 1:0 13759
13760 58852 1:0 13795
13760 60290 21:0 13813
13796 56351 1:0 13811
13797 60407 21:0 13797
13801 281 1:0 13802
13801 275 1:0 13802
13802 60408 21:0 13802
13802 273 1:0 13802
13803 279 1:0 13811
13812 58881 1:0 13816
13812 58758 1:0 13816
13812 56629 1:0 13816
13812 60291 21:0 13818
13813 265 21:0 13813
13817 55831 1:0 13821
13817 58870 1:0 13821
13817 55721 1:0 13821
13817 60292 21:0 13837
13818 269 21:0 13818
13822 56116 1:0 13835
13822 58725 1:0 13835
13822 58705 1:0 13835
13823 267 21:0 13823
13823 289 1:0 13823
13824 277 1:0 13835
13834 60432 21:0 13834
13836 58699 1:0 13871
13836 60322 21:0 13889
13845 60433 21:0 13845
13872 56408 1:0 13887
13873 60437 21:0 13873
13877 293 1:0 13878
13877 299 1:0 13878
13878 291 1:0 13878
13879 295 1:0 13887
13880 60426 21:0 13880
13888 58883 1:0 13892
13888 58786 1:0 13892
13888 58851 1:0 13892
13888 60323 21:0 13894
13889 283 21:0 13889
13893 56063 1:0 13897
13893 58876 1:0 13897
13893 58777 1:0 13897
13893 60324 21:0 13913
13894 287 21:0 13894
13898 56458 1:0 13911
13898 56401 1:0 13911
13898 56291 1:0 13911
13899 285 21:0 13899
13899 307 1:0 13899
13900 297 1:0 13911
13912 303 1:0 13947
13912 60325 21:0 13965
13948 56059 1:0 13963
13949 60473 21:0 13949
13953 317 1:0 13954
13953 311 1:0 13954
13954 60474 21:0 13954
13954 309 1:0 13954
13955 315 1:0 13963
13956 60459 21:0 13956
13962 60485 21:0 13962
13964 58683 1:0 13968
13964 58518 1:0 13968
13964 56572 1:0 13968
13964 60355 21:0 13970
13965 301 21:0 13965
13969 56180 1:0 13973
13969 58666 1:0 13973
13969 58672 1:0 13973
13969 60356 21:0 13989
13970 305 21:0 13970
13970 60486 21:0 13970
13974 56633 1:0 13987
13974 58606 1:0 13987
13974 367 1:0 13987
13975 303 21:0 13975
13975 325 1:0 13975
13976 313 1:0 13987
13988 58586 1:0 14023
13988 60357 21:0 14041
14023 327 1:0 14023
14024 58901 1:0 14044
14025 60505 21:0 14025
14030 60507 21:0 14030
14038 60518 21:0 14038
14040 60358 21:0 14046
14041 319 21:0 14041
14043 60521 21:0 14043
14045 58900 1:0 14055
14045 60388 21:0 14057
14046 60519 21:0 14046
14047 60521 1:0 14047
14048 321 1:0 14048
14050 58613 1:0 14055
14050 58645 1:0 14055
14053 60512 21:0 14053
14056 60390 21:0 14060
14056 58899 1:0 14062
14059 58665 1:0 14066
14059 58520 1:0 14066
14059 60389 21:0 14068
14062 55660 1:0 14062
14063 55660 21:0 14063
14065 60529 21:0 14065
14067 58898 1:0 14073
14067 60391 21:0 14077
14070 55696 1:0 14075
14070 55685 1:0 14075
14070 58646 1:0 14075
14070 55694 1:0 14075
14070 55699 1:0 14075
14073 55664 1:0 14073
14074 60529 1:0 14074
14075 58895 1:0 14075
14075 55672 1:0 14075
14076 60421 21:0 14080
14076 58868 1:0 14103
14078 319 1:0 14078
14079 58588 1:0 14103
14079 58650 1:0 14103
14079 60423 21:0 14149
14083 55667 1:0 14083
14084 58896 1:0 14084
14089 58890 1:0 14089
14101 58886 1:0 14103
14103 55703 1:0 14103
14103 58875 1:0 14103
14104 58885 1:0 14104
14104 58866 1:0 14186
14113 58884 1:0 14113
14139 58877 1:0 14139
14148 60422 21:0 14188
14187 58867 1:0 14194
14187 60424 21:0 14196
14189 303 1:0 14189
14190 58554 1:0 14197
14190 58599 1:0 14197
14194 55717 21:0 14194
14195 60454 21:0 14202
14198 58865 1:0 14204
14200 305 1:0 14200
14201 55742 1:0 14206
14201 58507 1:0 14206
14201 55756 1:0 14206
14201 55753 1:0 14206
14201 55751 1:0 14206
14201 60456 21:0 14208
14205 55721 21:0 14205
14206 58862 1:0 14206
14206 55729 1:0 14206
14207 58835 1:0 14234
14207 60455 21:0 14236
14209 301 1:0 14209
14210 58612 1:0 14234
14210 58534 1:0 14234
14215 55724 21:0 14215
14232 58853 1:0 14234
14234 58842 1:0 14234
14234 55760 1:0 14234
14235 60457 21:0 14314
14235 58834 1:0 14317
14244 58850 1:0 14244
14244 58848 1:0 14244
14270 58844 1:0 14270
14297 58843 1:0 14297
14302 58837 1:0 14302
14313 60487 21:0 14322
14318 58833 1:0 14324
14320 285 1:0 14320
14321 58573 1:0 14328
14321 58579 1:0 14328
14321 60488 21:0 14330
14324 55774 1:0 14324
14329 58831 1:0 14329
14329 58832 1:0 14335
14329 60489 21:0 14339
14331 287 1:0 14331
14332 55810 1:0 14337
14332 55808 1:0 14337
14332 58580 1:0 14337
14332 55799 1:0 14337
14332 55813 1:0 14337
14336 55778 21:0 14336
14336 55786 1:0 14337
14337 58829 1:0 14337
14338 60490 21:0 14342
14338 58802 1:0 14365
14340 283 1:0 14340
14341 58501 1:0 14365
14341 58653 1:0 14365
14341 60520 21:0 14411
14345 55781 1:0 14345
14346 55781 21:0 14346
14346 58830 1:0 14346
14363 58820 1:0 14365
14365 55817 1:0 14365
14365 58809 1:0 14365
14366 58801 1:0 14448
14375 58817 1:0 14375
14375 58818 1:0 14375
14375 58815 1:0 14375
14401 58811 1:0 14401
14410 60521 21:0 14450
14433 58804 1:0 14433
14449 58800 1:0 14455
14449 60522 21:0 14457
14451 267 1:0 14451
14452 58513 1:0 14459
14452 58522 1:0 14459
14456 55831 21:0 14456
14456 60523 21:0 14464
14460 58798 1:0 14460
14460 58799 1:0 14466
14462 269 1:0 14462
14463 59957 21:0 14464
14463 55865 1:0 14468
14463 55870 1:0 14468
14463 55856 1:0 14468
14463 58560 1:0 14468
14463 55867 1:0 14468
14463 59944 21:0 14470
14466 55835 1:0 14466
14467 55835 21:0 14467
14468 58796 1:0 14468
14468 55843 1:0 14468
14469 59951 21:0 14470
14469 59942 21:0 14470
14469 59958 21:0 14473
14469 58769 1:0 14496
14471 265 1:0 14471
14472 59979 21:0 14473
14472 59975 21:0 14473
14472 59970 21:0 14492
14472 58626 1:0 14496
14472 58587 1:0 14496
14476 55838 1:0 14476
14482 58791 1:0 14482
14491 59978 21:0 14501
14494 58787 1:0 14496
14496 58776 1:0 14496
14496 55874 1:0 14496
14497 58767 1:0 14579
14500 59971 21:0 14542
14506 58784 1:0 14506
14541 59984 21:0 14552
14551 59977 21:0 14567
14564 58771 1:0 14564
14566 59990 21:0 14581
14580 59964 21:0 14581
14580 60012 21:0 14584
14580 58768 1:0 14587
14582 249 1:0 14582
14583 60004 21:0 14584
14583 60017 21:0 14584
14583 60008 21:0 14587
14583 58546 1:0 14590
14583 58621 1:0 14590
14586 55888 1:0 14586
14586 60023 21:0 14592
14591 59991 21:0 14592
14591 60024 21:0 14592
14591 59997 21:0 14595
14591 58766 1:0 14597
14593 251 1:0 14593
14594 60010 21:0 14595
14594 60003 21:0 14595
14594 55924 1:0 14599
14594 55927 1:0 14599
14594 55913 1:0 14599
14594 55922 1:0 14599
14594 58567 1:0 14599
14594 60011 21:0 14601
14598 55892 21:0 14598
14599 58763 1:0 14599
14599 55900 1:0 14599
14600 60063 21:0 14601
14600 60077 21:0 14604
14600 58736 1:0 14627
14602 247 1:0 14602
14603 60036 21:0 14604
14603 60096 21:0 14604
14603 60109 21:0 14617
14603 58600 1:0 14627
14603 58533 1:0 14627
14608 55895 21:0 14608
14616 60056 21:0 14632
14625 58754 1:0 14627
14627 55931 1:0 14627
14627 58743 1:0 14627
14628 58753 1:0 14628
14628 58735 1:0 14710
14631 60116 21:0 14667
14637 58749 1:0 14637
14637 58751 1:0 14637
14663 58745 1:0 14663
14666 60078 21:0 14683
14682 60045 21:0 14696
14690 58744 1:0 14690
14695 58738 1:0 14695
14695 60044 21:0 14712
14711 60090 21:0 14712
14711 60111 21:0 14712
14711 60107 21:0 14715
14711 58734 1:0 14717
14713 231 1:0 14713
14714 60043 21:0 14715
14714 60076 21:0 14715
14714 58555 1:0 14721
14714 58654 1:0 14721
14714 60102 21:0 14723
14722 58732 1:0 14722
14722 60074 21:0 14723
14722 60030 21:0 14723
14722 60070 21:0 14726
14722 58733 1:0 14728
14724 233 1:0 14724
14725 60089 21:0 14726
14725 60103 21:0 14726
14725 55979 1:0 14730
14725 58633 1:0 14730
14725 55984 1:0 14730
14725 55970 1:0 14730
14725 55981 1:0 14730
14725 60069 21:0 14732
14729 55949 21:0 14729
14730 58730 1:0 14730
14730 55957 1:0 14730
14730 55988 1:0 14758
14730 58710 1:0 14758
14730 58703 1:0 14758
14730 58721 1:0 14758
14730 58584 1:0 14758
14730 58659 1:0 14758
14730 58697 1:0 14861
14730 56014 1:0 14861
14730 56036 1:0 14861
14730 56038 1:0 14861
14730 56045 1:0 14889
14730 58677 1:0 14889
14730 58688 1:0 14889
14730 56095 1:0 14992
14730 56071 1:0 14992
14730 58664 1:0 14992
14730 58644 1:0 15020
14730 56102 1:0 15020
14730 58655 1:0 15020
14730 56128 1:0 15123
14731 60110 21:0 14732
14731 60122 21:0 14735
14733 229 1:0 14733
14734 60037 21:0 14735
14734 60057 21:0 14735
14734 60050 21:0 14745
14736 58702 1:0 14841
14736 58701 1:0 14848
14738 55952 1:0 14738
14738 58652 1:0 14852
14741 58547 1:0 14852
14742 56159 1:0 15151
14744 60041 21:0 14763
14759 58720 1:0 14759
14762 60083 21:0 14798
14764 58700 1:0 14859
14768 58718 1:0 14768
14768 58716 1:0 14768
14769 58620 1:0 14861
14769 56041 1:0 14861
14769 56027 1:0 14861
14769 56084 1:0 14992
14769 58622 1:0 15123
14794 58712 1:0 14794
14797 60239 21:0 14814
14813 60241 21:0 14822
14815 58670 1:0 14889
14818 56098 1:0 14992
14821 60149 21:0 14843
14823 58617 1:0 14889
14823 58540 1:0 14889
14829 58631 1:0 15123
14830 58611 1:0 15151
14838 58481 1:0 14983
14839 58527 1:0 14983
14842 60123 21:0 14843
14842 60177 21:0 14843
14842 60221 21:0 14846
14844 213 1:0 14844
14845 60281 21:0 14846
14845 60129 21:0 14846
14845 60169 21:0 14854
14848 56002 1:0 14848
14851 58669 1:0 14972
14852 58668 1:0 14979
14852 58474 1:0 14992
14853 60242 21:0 14854
14853 60208 21:0 14854
14853 60202 21:0 14857
14855 215 1:0 14855
14855 58667 1:0 14990
14856 60210 21:0 14857
14856 60155 21:0 14857
14856 60144 21:0 14863
14858 56093 1:0 14992
14858 58448 1:0 15020
14858 58419 1:0 15020
14858 56152 1:0 15120
14858 56141 1:0 15123
14858 56155 1:0 15123
14858 56150 1:0 15151
14858 56185 1:0 15254
14858 58598 1:0 15254
14858 56216 1:0 15282
14858 56242 1:0 15385
14858 56273 1:0 15413
14860 56006 21:0 14860
14861 58637 1:0 15020
14861 58636 1:0 15103
14862 60272 21:0 14863
14862 60287 21:0 14866
14864 211 1:0 14864
14864 58485 1:0 15114
14864 58423 1:0 15114
14865 60255 21:0 14866
14865 60188 21:0 14866
14865 60206 21:0 14871
14867 58635 1:0 15110
14867 58441 1:0 15123
14870 56009 21:0 14870
14870 60140 21:0 14894
14872 58634 1:0 15121
14887 58480 1:0 15151
14888 58468 1:0 15151
14890 58687 1:0 14890
14893 60195 21:0 14929
14899 58685 1:0 14899
14900 58604 1:0 15151
14905 56212 1:0 15254
14925 58679 1:0 14925
14928 60173 21:0 14945
14941 56209 1:0 15254
14944 60168 21:0 14948
14947 60254 21:0 14974
14949 58602 1:0 15234
14952 58678 1:0 14952
14954 58467 1:0 15245
14961 58589 1:0 15282
14969 58434 1:0 15245
14970 58414 1:0 15254
14973 60135 21:0 14974
14973 60288 21:0 14974
14973 60222 21:0 14977
14975 195 1:0 14975
14976 60201 21:0 14977
14976 60215 21:0 14977
14976 60209 21:0 14985
14980 56059 21:0 14980
14982 58603 1:0 15242
14983 58601 1:0 15252
14983 56207 1:0 15254
14983 56198 1:0 15254
14983 58578 1:0 15282
14983 56269 1:0 15385
14983 56255 1:0 15385
14983 56266 1:0 15385
14983 56264 1:0 15385
14983 58565 1:0 15385
14983 58556 1:0 15413
14983 58545 1:0 15413
14983 58532 1:0 15516
14983 56299 1:0 15516
14983 56330 1:0 15544
14983 58523 1:0 15544
14983 58512 1:0 15544
14983 58499 1:0 15647
14983 56356 1:0 15647
14983 58479 1:0 15675
14983 58490 1:0 15675
14983 56387 1:0 15675
14983 58466 1:0 15778
14983 56413 1:0 15778
14983 58446 1:0 15806
14983 58457 1:0 15806
14983 56444 1:0 15806
14983 56470 1:0 15909
14983 58433 1:0 15909
14983 58424 1:0 15909
14983 58413 1:0 15937
14983 56501 1:0 15937
14983 56527 1:0 16040
14983 58400 1:0 16040
14983 58391 1:0 16068
14983 56558 1:0 16068
14983 58380 1:0 16068
14983 56584 1:0 16169
14983 58358 1:0 16171
14983 58347 1:0 16171
14983 58367 1:0 16171
14983 56615 1:0 16199
14983 21 1:0 16310
14983 56641 1:0 16310
14983 58334 1:0 16310
14983 19 1:0 16393
14983 56672 1:0 16396
14983 58314 1:0 16397
14984 60142 21:0 14985
14984 60143 21:0 14985
14984 60275 21:0 14988
14986 197 1:0 14986
14986 58571 1:0 15282
14987 60235 21:0 14988
14987 60276 21:0 14988
14987 60267 21:0 14994
14989 58422 1:0 15282
14989 58452 1:0 15282
14989 58435 1:0 15376
14992 58570 1:0 15365
14992 58569 1:0 15372
14993 60274 21:0 14994
14993 60176 21:0 14994
14993 60189 21:0 14997
14995 193 1:0 14995
14995 58489 1:0 15376
14995 58421 1:0 15385
14996 367 21:0 14997
14996 60453 21:0 14999
14998 60503 21:0 15025
14998 58568 1:0 15383
15000 56066 1:0 15000
15000 58538 1:0 15413
15003 58454 1:0 15413
15018 58488 1:0 15413
15019 58325 1:0 16330
15024 55945 21:0 15060
15031 58536 1:0 15496
15059 60342 21:0 15076
15072 58415 1:0 15507
15075 60492 21:0 15079
15078 60465 21:0 15105
15080 58537 1:0 15504
15085 58455 1:0 15507
15100 56323 1:0 15516
15100 56321 1:0 15516
15100 56312 1:0 15516
15100 56326 1:0 15516
15100 56380 1:0 15647
15100 56383 1:0 15647
15100 56378 1:0 15647
15101 58408 1:0 15516
15104 60406 21:0 15105
15104 55952 21:0 15105
15104 60452 21:0 15108
15106 177 1:0 15106
15107 60375 21:0 15108
15107 60347 21:0 15108
15107 60354 21:0 15116
15111 56116 21:0 15111
15113 58535 1:0 15514
15114 58505 1:0 15544
15114 58461 1:0 15544
15114 58494 1:0 15544
15114 58428 1:0 15638
15115 303 21:0 15116
15115 60440 21:0 15116
15115 60380 21:0 15119
15117 179 1:0 15117
15117 58447 1:0 15638
15118 60314 21:0 15119
15118 60341 21:0 15119
15118 60340 21:0 15125
15120 58504 1:0 15627
15123 58503 1:0 15634
15123 58502 1:0 15645
15124 56066 21:0 15125
15124 55664 21:0 15125
15124 60419 21:0 15128
15126 175 1:0 15126
15126 58487 1:0 15647
15126 56369 1:0 15647
15126 58500 1:0 15655
15126 56440 1:0 15778
15126 56426 1:0 15778
15126 56435 1:0 15778
15127 60112 21:0 15128
15127 60079 21:0 15128
15127 60439 21:0 15128
15127 321 21:0 15128
15127 60178 21:0 15129
15128 59980 21:0 15130
15129 60244 21:0 15130
15129 60211 21:0 15132
15129 58456 1:0 15675
15129 58472 1:0 15675
15131 60220 21:0 15132
15131 60121 21:0 15132
15131 56045 21:0 15132
15131 60352 21:0 15132
15131 60187 21:0 15132
15131 60343 21:0 15132
15131 60299 21:0 15132
15131 59969 21:0 15132
15132 56123 21:0 15156
15149 58470 1:0 15758
15150 58386 1:0 15769
15155 55838 21:0 15191
15162 58471 1:0 15766
15167 56437 1:0 15778
15167 56492 1:0 15906
15167 56494 1:0 15937
15190 60506 21:0 15207
15203 58369 1:0 15769
15203 56549 1:0 16040
15206 60334 21:0 15210
15209 56063 21:0 15236
15216 58469 1:0 15776
15231 58381 1:0 15778
15232 58390 1:0 15806
15235 60413 21:0 15236
15235 60472 21:0 15236
15235 60399 21:0 15239
15237 159 1:0 15237
15238 60300 21:0 15239
15238 60360 21:0 15239
15238 56041 21:0 15247
15241 56173 1:0 15241
15242 56173 21:0 15242
15244 58439 1:0 15806
15245 58389 1:0 15806
15245 58437 1:0 15889
15246 55856 21:0 15247
15246 55984 21:0 15247
15246 55970 21:0 15247
15246 56141 21:0 15247
15246 55913 21:0 15247
15246 56027 21:0 15247
15246 55870 21:0 15247
15246 56098 21:0 15247
15246 55927 21:0 15247
15246 56155 21:0 15247
15246 56084 21:0 15247
15246 55799 21:0 15250
15248 161 1:0 15248
15248 58438 1:0 15897
15249 55756 21:0 15250
15249 55813 21:0 15250
15249 55685 21:0 15250
15249 55699 21:0 15250
15249 55742 21:0 15250
15249 60261 21:0 15250
15249 60156 21:0 15256
15251 58402 1:0 15900
15251 58395 1:0 15900
15251 56497 1:0 15909
15251 56483 1:0 15909
15252 56177 1:0 15252
15253 56177 21:0 15253
15254 58436 1:0 15907
15254 58375 1:0 15909
15254 58388 1:0 15937
15254 58401 1:0 15937
15255 56120 21:0 15256
15255 60479 21:0 15256
15255 60294 21:0 15259
15257 157 1:0 15257
15257 58406 1:0 15937
15258 60466 21:0 15259
15258 60393 21:0 15259
15258 60268 21:0 15284
15260 58405 1:0 16020
15263 56180 21:0 15263
15265 58404 1:0 16027
15268 58593 1:0 15268
15280 58382 1:0 16031
15281 58368 1:0 16031
15281 56551 1:0 16040
15281 56540 1:0 16040
15281 54468 1:0 16397
15283 60446 21:0 15287
15286 56038 21:0 15287
15286 56150 21:0 15287
15286 60046 21:0 15287
15286 60154 21:0 15287
15286 56152 21:0 15287
15286 60332 21:0 15287
15286 60145 21:0 15287
15286 60319 21:0 15287
15286 60002 21:0 15287
15286 60134 21:0 15287
15286 60266 21:0 15288
15287 60253 21:0 15289
15288 60200 21:0 15289
15288 59989 21:0 15290
15289 60464 21:0 15290
15289 60068 21:0 15290
15289 60418 21:0 15290
15289 60451 21:0 15290
15289 60088 21:0 15290
15289 60167 21:0 15290
15289 60365 21:0 15290
15289 60286 21:0 15290
15289 60101 21:0 15290
15289 60233 21:0 15290
15289 56185 21:0 15290
15289 60431 21:0 15290
15289 60398 21:0 15290
15289 60022 21:0 15290
15289 55988 21:0 15290
15289 56071 21:0 15290
15289 60055 21:0 15290
15289 60385 21:0 15290
15289 60035 21:0 15290
15289 60484 21:0 15290
15290 56198 21:0 15322
15293 58403 1:0 16038
15321 60353 21:0 15338
15334 58349 1:0 16040
15334 56554 1:0 16040
15337 56002 21:0 15341
15340 60013 21:0 15341
15340 60376 21:0 15341
15340 60310 21:0 15341
15340 60277 21:0 15341
15340 56207 21:0 15341
15340 60409 21:0 15343
15342 55931 21:0 15343
15342 60497 21:0 15343
15342 56014 21:0 15343
15342 56102 21:0 15343
15342 60442 21:0 15343
15342 60517 21:0 15343
15342 56128 21:0 15343
15342 56159 21:0 15343
15342 55957 21:0 15343
15342 55900 21:0 15344
15343 309 21:0 15344
15343 55786 21:0 15344
15343 325 21:0 15344
15343 55760 21:0 15344
15343 55729 21:0 15344
15343 55703 21:0 15344
15343 55672 21:0 15344
15343 327 21:0 15344
15343 55817 21:0 15344
15343 55843 21:0 15344
15343 55874 21:0 15344
15343 307 21:0 15345
15344 289 21:0 15345
15344 39 21:0 15345
15344 273 21:0 15345
15344 271 21:0 15345
15344 129 21:0 15345
15344 255 21:0 15345
15344 253 21:0 15345
15344 291 21:0 15345
15345 56212 21:0 15367
15346 129 1:0 15516
15346 39 1:0 16169
15347 58373 1:0 16068
15362 58353 1:0 16068
15363 58342 1:0 16068
15363 56608 1:0 16168
15366 60228 21:0 15367
15366 60386 21:0 15367
15366 55888 21:0 15370
15368 141 1:0 15368
15369 55979 21:0 15370
15369 319 21:0 15370
15369 60400 21:0 15370
15369 55981 21:0 15370
15369 60475 21:0 15370
15369 56093 21:0 15370
15369 55865 21:0 15370
15369 56036 21:0 15370
15369 55924 21:0 15370
15369 55867 21:0 15370
15369 55810 21:0 15370
15369 56209 21:0 15370
15369 55922 21:0 15370
15369 56095 21:0 15370
15369 55808 21:0 15370
15369 55751 21:0 15373
15372 56230 1:0 15372
15372 60508 21:0 15373
15372 56216 21:0 15373
15373 56230 21:0 15378
15375 58371 1:0 16151
15376 58372 1:0 16159
15376 58355 1:0 16162
15376 58348 1:0 16162
15376 56597 1:0 16171
15376 56611 1:0 16171
15376 56606 1:0 16199
15376 56663 1:0 16305
15376 56654 1:0 16305
15376 7 1:0 16318
15376 9 1:0 16327
15377 60301 21:0 15378
15377 55667 21:0 15378
15377 60387 21:0 15381
15379 143 1:0 15379
15380 60470 21:0 15381
15380 60136 21:0 15384
15382 58370 1:0 16169
15383 56234 1:0 15383
15384 56234 21:0 15387
15385 58362 1:0 16171
15385 58340 1:0 16199
15385 58357 1:0 16199
15385 58356 1:0 16199
15386 60498 21:0 15387
15386 267 21:0 15390
15388 139 1:0 15388
15388 58339 1:0 16282
15389 60333 21:0 15390
15389 60404 21:0 15390
15389 60499 21:0 15408
15391 58338 1:0 16289
15391 58336 1:0 16293
15391 56636 1:0 16293
15394 56237 21:0 15394
15394 58566 1:0 15394
15407 60338 21:0 15418
15411 58337 1:0 16300
15412 58329 1:0 16302
15412 56665 1:0 16381
15412 5 1:0 16384
15412 56668 1:0 16391
15417 313 21:0 15418
15417 56242 21:0 15418
15417 55694 21:0 15418
15417 55753 21:0 15418
15417 55696 21:0 15418
15417 315 21:0 15418
15417 317 21:0 15418
15419 58324 1:0 16305
15421 56255 21:0 15453
15424 58320 1:0 16305
15424 58322 1:0 16330
15452 60420 21:0 15469
15465 58335 1:0 16310
15465 58323 1:0 16330
15468 60441 21:0 15472
15470 58316 1:0 16365
15471 56264 21:0 15472
15473 58309 1:0 16384
15473 3 1:0 16397
15473 56686 1:0 16412
15476 56269 21:0 15498
15478 58315 1:0 16392
15497 299 21:0 15498
15497 275 21:0 15498
15497 311 21:0 15498
15497 293 21:0 15498
15497 281 21:0 15498
15497 56266 21:0 15498
15497 295 21:0 15498
15497 60182 21:0 15498
15497 261 21:0 15498
15497 279 21:0 15498
15497 277 21:0 15498
15497 297 21:0 15498
15497 259 21:0 15498
15497 263 21:0 15501
15499 123 1:0 15499
15500 55774 21:0 15501
15500 97 21:0 15501
15500 245 21:0 15501
15500 243 21:0 15501
15500 241 21:0 15501
15500 56273 21:0 15501
15500 257 21:0 15501
15500 47 21:0 15501
15502 97 1:0 15647
15502 47 1:0 16040
15502 245 1:0 17379
15502 241 1:0 17388
15504 56287 21:0 15509
15506 55774 1:0 17236
15506 60182 1:0 17241
15506 60338 1:0 17246
15506 60420 1:0 17246
15507 60441 1:0 17246
15507 60333 1:0 17260
15507 60404 1:0 17260
15507 60499 1:0 17260
15507 267 1:0 17296
15507 60498 1:0 17312
15508 287 21:0 15509
15508 265 21:0 15509
15508 251 21:0 15512
15510 125 1:0 15510
15510 287 1:0 17184
15510 265 1:0 17184
15510 56287 1:0 17241
15511 283 21:0 15512
15513 283 1:0 17170
15513 251 1:0 17184
15515 56291 21:0 15518
15516 60470 1:0 17317
15516 60136 1:0 17317
15516 60387 1:0 17317
15516 55667 1:0 17322
15516 60301 1:0 17322
15516 60400 1:0 17322
15516 55888 1:0 17336
15516 319 1:0 17336
15519 121 1:0 15519
15519 60386 1:0 17336
15522 60228 1:0 17372
15522 56002 1:0 17388
15522 60353 1:0 17393
15524 56294 1:0 15524
15524 60268 1:0 17393
15525 56294 21:0 15525
15527 60446 1:0 17393
15530 56299 21:0 15531
15552 56312 21:0 15584
15554 58521 1:0 15554
15587 56321 21:0 15590
15597 56323 21:0 15600
15607 56326 21:0 15629
15628 56330 21:0 15629
15630 105 1:0 15630
15635 56344 21:0 15635
15641 107 1:0 15641
15645 56348 1:0 15645
15646 56348 21:0 15646
15650 103 1:0 15650
15656 56351 21:0 15656
15661 56356 21:0 15662
15683 56369 21:0 15715
15718 56378 21:0 15721
15728 56380 21:0 15731
15738 56383 21:0 15760
15759 56387 21:0 15760
15761 87 1:0 15761
15766 56401 21:0 15771
15772 89 1:0 15772
15776 56405 1:0 15776
15777 56405 21:0 15780
15781 85 1:0 15781
15787 56408 21:0 15811
15810 56413 21:0 15811
15814 56426 21:0 15846
15849 56435 21:0 15852
15859 56437 21:0 15862
15869 56440 21:0 15891
15890 56444 21:0 15891
15892 69 1:0 15892
15897 56458 21:0 15902
15903 71 1:0 15903
15903 56458 1:0 17241
15907 56462 1:0 15907
15908 56462 21:0 15911
15912 67 1:0 15912
15912 56462 1:0 17220
15917 56465 1:0 15917
15918 56465 21:0 15918
15923 56470 21:0 15924
15945 56483 21:0 15977
15980 56492 21:0 15983
15990 56494 21:0 15993
16000 56497 21:0 16022
16021 56501 21:0 16022
16023 51 1:0 16023
16028 56515 21:0 16028
16034 53 1:0 16034
16038 56519 1:0 16038
16039 56519 21:0 16039
16043 49 1:0 16043
16048 56522 1:0 16048
16049 56522 21:0 16049
16054 56527 21:0 16055
16076 56540 21:0 16108
16111 56549 21:0 16114
16121 56551 21:0 16124
16131 56554 21:0 16153
16152 56558 21:0 16153
16154 33 1:0 16154
16159 56572 21:0 16159
16165 35 1:0 16165
16169 56576 1:0 16169
16170 56576 21:0 16170
16174 31 1:0 16174
16179 56579 1:0 16179
16180 56579 21:0 16204
16203 56584 21:0 16204
16207 56597 21:0 16239
16242 56606 21:0 16245
16252 56608 21:0 16255
16262 56611 21:0 16284
16283 56615 21:0 16284
16285 15 1:0 16285
16290 56629 21:0 16290
16296 17 1:0 16296
16301 56633 21:0 16304
16305 13 1:0 16305
16311 56636 21:0 16335
16334 56641 21:0 16335
16338 56654 21:0 16370
16373 56663 21:0 16376
16383 56665 21:0 16386
16393 56668 21:0 16422
16421 56672 21:0 16422
16422 61558 21:0 16423
16423 61559 21:0 16434
16433 56686 21:0 16434
16433 54468 21:0 16434
16433 19 21:0 16434
16434 61560 21:0 16467
16466 9 21:0 16467
16466 3 21:0 16467
16466 61569 21:0 16467
16466 5 21:0 16467
16466 7 21:0 16467
16469 61553 21:0 16478
16477 61578 21:0 16478
16477 61566 21:0 16478
16477 61579 21:0 16478
16477 21 21:0 16478
16478 13 21:0 16478
16480 61581 21:0 16488
16483 17 21:0 16483
16487 61583 21:0 16538
16488 15 21:0 16488
16537 61582 21:0 16554
16553 61584 21:0 16564
16554 31 21:0 16554
16559 35 21:0 16559
16563 61614 21:0 16614
16564 33 21:0 16564
16613 61615 21:0 16630
16629 61616 21:0 16640
16630 49 21:0 16630
16635 53 21:0 16635
16639 61617 21:0 16690
16640 51 21:0 16640
16689 61647 21:0 16706
16705 61648 21:0 16716
16706 67 21:0 16706
16711 71 21:0 16711
16715 61649 21:0 16766
16716 69 21:0 16716
16765 61650 21:0 16782
16781 61680 21:0 16792
16782 85 21:0 16782
16787 89 21:0 16787
16791 61682 21:0 16842
16792 87 21:0 16792
16841 61681 21:0 16858
16857 61683 21:0 16868
16858 103 21:0 16858
16863 107 21:0 16863
16867 61713 21:0 16907
16868 105 21:0 16868
16906 61714 21:0 16934
16933 61715 21:0 16944
16934 121 21:0 16934
16939 125 21:0 16939
16943 61716 21:0 16966
16944 123 21:0 16944
16965 61746 21:0 17010
16994 61797 21:0 16994
17009 61748 21:0 17020
17010 139 21:0 17010
17015 143 21:0 17015
17015 61811 21:0 17015
17019 61747 21:0 17038
17020 141 21:0 17020
17037 61749 21:0 17086
17070 61830 21:0 17070
17083 61843 21:0 17083
17085 61779 21:0 17091
17086 157 21:0 17086
17090 61781 21:0 17114
17091 161 21:0 17091
17096 159 21:0 17096
17113 61780 21:0 17162
17161 61782 21:0 17167
17162 175 21:0 17162
17166 61812 21:0 17186
17167 179 21:0 17167
17172 177 21:0 17172
17185 61814 21:0 17238
17237 61813 21:0 17243
17238 193 21:0 17238
17242 61815 21:0 17262
17243 197 21:0 17243
17248 195 21:0 17248
17259 61922 21:0 17259
17261 61845 21:0 17314
17270 61923 21:0 17270
17305 61916 21:0 17305
17313 61847 21:0 17319
17314 211 21:0 17314
17318 61846 21:0 17338
17319 215 21:0 17319
17324 213 21:0 17324
17326 61936 21:0 17326
17335 61955 21:0 17335
17337 61848 21:0 17390
17374 61963 21:0 17374
17381 61949 21:0 17381
17389 61878 21:0 17395
17390 229 21:0 17390
17394 60294 1:0 17398
17394 60466 1:0 17398
17394 60393 1:0 17398
17394 61880 21:0 17414
17395 233 21:0 17395
17395 61976 21:0 17395
17399 60156 1:0 17412
17399 60479 1:0 17412
17399 56120 1:0 17412
17400 231 21:0 17400
17400 253 1:0 17400
17401 243 1:0 17412
17413 60261 1:0 17448
17413 61879 21:0 17466
17422 61989 21:0 17422
17449 60360 1:0 17464
17454 257 1:0 17464
17454 263 1:0 17464
17455 61997 21:0 17455
17461 255 1:0 17461
17465 60300 1:0 17469
17465 60399 1:0 17469
17465 60472 1:0 17469
17465 61881 21:0 17471
17466 247 21:0 17466
17470 60413 1:0 17474
17470 60334 1:0 17474
17470 56063 1:0 17474
17470 259 1:0 17474
17470 61911 21:0 17490
17471 251 21:0 17471
17471 62009 21:0 17471
17475 55838 1:0 17488
17475 60506 1:0 17488
17475 56405 1:0 17488
17476 249 21:0 17476
17476 271 1:0 17476
17477 261 1:0 17488
17487 62021 21:0 17487
17489 56579 1:0 17524
17489 61913 21:0 17542
17498 62022 21:0 17498
17525 321 1:0 17540
17526 62026 21:0 17526
17526 62028 21:0 17526
17526 62029 21:0 17526
17530 275 1:0 17531
17530 281 1:0 17531
17531 273 1:0 17531
17532 277 1:0 17540
17533 62015 21:0 17533
17539 62041 21:0 17539
17541 60439 1:0 17545
17541 60419 1:0 17545
17541 56401 1:0 17545
17541 61912 21:0 17547
17542 265 21:0 17542
17546 56291 1:0 17550
17546 55664 1:0 17550
17546 56066 1:0 17550
17546 61914 21:0 17566
17547 269 21:0 17547
17551 60340 1:0 17564
17551 60314 1:0 17564
17551 56234 1:0 17564
17552 267 21:0 17552
17552 289 1:0 17552
17553 279 1:0 17564
17565 60341 1:0 17600
17565 61944 21:0 17618
17574 62055 21:0 17574
17601 60380 1:0 17616
17606 299 1:0 17607
17606 293 1:0 17607
17607 291 1:0 17607
17608 295 1:0 17616
17617 303 1:0 17621
17617 56230 1:0 17621
17617 60440 1:0 17621
17617 61946 21:0 17623
17618 283 21:0 17618
17622 60375 1:0 17626
17622 60354 1:0 17626
17622 60347 1:0 17626
17622 61945 21:0 17628
17623 287 21:0 17623
17623 62075 21:0 17623
17627 60452 1:0 17640
17627 56408 1:0 17640
17627 55952 1:0 17640
17627 61947 21:0 17694
17628 285 21:0 17628
17628 307 1:0 17628
17629 297 1:0 17640
17639 62087 21:0 17639
17641 56123 1:0 17676
17650 62088 21:0 17650
17677 60406 1:0 17692
17678 62092 21:0 17678
17682 311 1:0 17692
17682 317 1:0 17692
17683 62096 21:0 17683
17689 309 1:0 17689
17693 60342 1:0 17697
17693 60492 1:0 17697
17693 60465 1:0 17697
17693 61977 21:0 17699
17694 301 21:0 17694
17698 313 1:0 17702
17698 60503 1:0 17702
17698 60453 1:0 17702
17698 55945 1:0 17702
17698 61979 21:0 17704
17699 305 21:0 17699
17703 60189 1:0 17716
17703 56633 1:0 17716
17703 61978 21:0 17770
17703 368 1:0 17716
17704 303 21:0 17704
17704 325 1:0 17704
17705 315 1:0 17716
17717 60176 1:0 17752
17726 62121 21:0 17726
17752 327 1:0 17752
17753 60523 1:0 17773
17754 62128 21:0 17754
17761 62114 21:0 17761
17767 62140 21:0 17767
17769 61980 21:0 17775
17770 319 21:0 17770
17774 62010 21:0 17780
17774 60522 1:0 17784
17775 323 21:0 17775
17775 62141 21:0 17775
17779 60274 1:0 17784
17779 60267 1:0 17784
17779 62011 21:0 17789
17782 62134 21:0 17782
17785 60521 1:0 17791
17788 60235 1:0 17795
17788 60276 1:0 17795
17788 62012 21:0 17797
17791 55660 1:0 17791
17794 62151 21:0 17794
17796 60519 1:0 17796
17796 62013 21:0 17800
17796 60520 1:0 17802
17798 323 1:0 17798
17799 55694 1:0 17804
17799 60275 1:0 17804
17799 55696 1:0 17804
17799 55699 1:0 17804
17799 55685 1:0 17804
17799 62043 21:0 17809
17803 62151 1:0 17803
17804 55672 1:0 17804
17804 60517 1:0 17804
17805 60490 1:0 17832
17807 319 1:0 17807
17808 60143 1:0 17832
17808 60142 1:0 17832
17808 62044 21:0 17869
17813 60518 1:0 17813
17818 60512 1:0 17818
17830 60508 1:0 17832
17832 55703 1:0 17832
17832 60497 1:0 17832
17833 60507 1:0 17833
17833 60489 1:0 17915
17842 60505 1:0 17842
17868 62045 21:0 17917
17916 62046 21:0 17920
17916 60488 1:0 17922
17918 303 1:0 17918
17919 60201 1:0 17926
17919 60209 1:0 17926
17919 62076 21:0 17931
17922 55717 1:0 17922
17927 60486 1:0 17927
17927 60487 1:0 17933
17929 305 1:0 17929
17930 55753 1:0 17935
17930 55742 1:0 17935
17930 60215 1:0 17935
17930 55756 1:0 17935
17930 55751 1:0 17935
17930 62078 21:0 17937
17933 55721 1:0 17933
17935 60484 1:0 17935
17935 55729 1:0 17935
17936 62077 21:0 17940
17936 60457 1:0 17963
17938 301 1:0 17938
17939 60288 1:0 17963
17939 60222 1:0 17963
17939 62079 21:0 18022
17943 55724 1:0 17943
17944 55724 21:0 17944
17944 60485 1:0 17944
17961 60475 1:0 17963
17963 55760 1:0 17963
17963 60464 1:0 17963
17964 60474 1:0 17964
17964 60455 1:0 18046
17973 60473 1:0 17973
18021 62109 21:0 18051
18031 60459 1:0 18031
18047 60456 1:0 18054
18049 285 1:0 18049
18050 60135 1:0 18057
18050 60254 1:0 18057
18050 62110 21:0 18059
18058 62111 21:0 18062
18058 60454 1:0 18064
18060 287 1:0 18060
18061 55808 1:0 18066
18061 60168 1:0 18066
18061 55810 1:0 18066
18061 55813 1:0 18066
18061 55799 1:0 18066
18061 62112 21:0 18071
18064 55778 1:0 18064
18065 55778 21:0 18065
18066 55786 1:0 18066
18066 60451 1:0 18066
18067 60424 1:0 18094
18069 283 1:0 18069
18070 60195 1:0 18094
18070 60173 1:0 18094
18070 62142 21:0 18131
18074 55781 1:0 18074
18092 60442 1:0 18094
18094 55817 1:0 18094
18094 60431 1:0 18094
18095 60422 1:0 18177
18104 60437 1:0 18104
18130 60433 1:0 18130
18130 62143 21:0 18179
18157 60432 1:0 18157
18162 60426 1:0 18162
18178 62144 21:0 18182
18178 60423 1:0 18185
18180 267 1:0 18180
18181 60206 1:0 18188
18181 60140 1:0 18188
18181 62145 21:0 18193
18184 55831 1:0 18184
18189 60421 1:0 18195
18191 269 1:0 18191
18192 61568 21:0 18193
18192 61567 21:0 18193
18192 60188 1:0 18197
18192 55867 1:0 18197
18192 55865 1:0 18197
18192 55856 1:0 18197
18192 55870 1:0 18197
18192 61564 21:0 18199
18195 55835 1:0 18195
18196 55835 21:0 18196
18197 55843 1:0 18197
18197 60418 1:0 18197
18198 61573 21:0 18199
18198 61580 21:0 18199
18198 61597 21:0 18202
18198 60391 1:0 18225
18200 265 1:0 18200
18201 61599 21:0 18202
18201 61601 21:0 18202
18201 60287 1:0 18225
18201 60255 1:0 18225
18201 61586 21:0 18227
18206 55838 21:0 18206
18223 60409 1:0 18225
18225 55874 1:0 18225
18225 60398 1:0 18225
18226 60408 1:0 18226
18226 61593 21:0 18262
18226 60389 1:0 18308
18235 60407 1:0 18235
18261 61612 21:0 18281
18280 61600 21:0 18284
18283 61606 21:0 18310
18309 61626 21:0 18310
18309 61592 21:0 18310
18309 61645 21:0 18313
18309 60390 1:0 18316
18311 249 1:0 18311
18312 61634 21:0 18313
18312 61630 21:0 18313
18312 60144 1:0 18319
18312 60272 1:0 18319
18312 61632 21:0 18321
18320 61613 21:0 18321
18320 61633 21:0 18321
18320 61619 21:0 18324
18320 60388 1:0 18326
18322 251 1:0 18322
18323 61625 21:0 18324
18323 61646 21:0 18324
18323 55927 1:0 18328
18323 55922 1:0 18328
18323 55913 1:0 18328
18323 55924 1:0 18328
18323 60155 1:0 18328
18323 61639 21:0 18330
18326 55892 1:0 18326
18327 55900 1:0 18328
18328 60385 1:0 18328
18329 61732 21:0 18330
18329 61725 21:0 18330
18329 61700 21:0 18333
18329 60358 1:0 18356
18331 247 1:0 18331
18332 61729 21:0 18333
18332 61699 21:0 18333
18332 60202 1:0 18356
18332 60210 1:0 18356
18332 61692 21:0 18358
18336 55895 1:0 18336
18337 55895 21:0 18337
18354 60376 1:0 18356
18356 60365 1:0 18356
18356 55931 1:0 18356
18357 61698 21:0 18389
18357 60357 1:0 18439
18366 60371 1:0 18366
18366 60373 1:0 18366
18366 60374 1:0 18366
18388 61685 21:0 18412
18392 60367 1:0 18392
18411 61691 21:0 18415
18414 61652 21:0 18441
18419 60366 1:0 18419
18440 61666 21:0 18441
18440 61711 21:0 18441
18440 61678 21:0 18444
18440 60356 1:0 18446
18442 231 1:0 18442
18443 61712 21:0 18444
18443 61738 21:0 18444
18443 60208 1:0 18450
18443 60242 1:0 18450
18443 61665 21:0 18452
18451 61663 21:0 18452
18451 61667 21:0 18452
18451 61724 21:0 18455
18451 60355 1:0 18457
18453 233 1:0 18453
18454 61679 21:0 18455
18454 61658 21:0 18455
18454 55979 1:0 18459
18454 60169 1:0 18459
18454 55981 1:0 18459
18454 55984 1:0 18459
18454 55970 1:0 18459
18454 61696 21:0 18461
18457 55949 1:0 18457
18458 55949 21:0 18458
18459 55957 1:0 18459
18459 60352 1:0 18459
18459 60332 1:0 18487
18459 55988 1:0 18487
18459 60343 1:0 18487
18459 60129 1:0 18487
18459 60281 1:0 18487
18459 60325 1:0 18487
18459 60319 1:0 18590
18459 56036 1:0 18590
18459 56038 1:0 18590
18459 56014 1:0 18590
18459 60299 1:0 18618
18459 60310 1:0 18618
18459 56045 1:0 18618
18459 56093 1:0 18721
18459 60286 1:0 18721
18459 56071 1:0 18721
18459 60277 1:0 18749
18459 56102 1:0 18749
18459 60266 1:0 18749
18459 56128 1:0 18852
18459 56159 1:0 18880
18460 61744 21:0 18461
18460 61718 21:0 18461
18460 61705 21:0 18464
18462 229 1:0 18462
18462 60123 1:0 18581
18463 61733 21:0 18464
18463 61659 21:0 18464
18463 61672 21:0 18489
18465 60324 1:0 18570
18465 60323 1:0 18577
18467 60221 1:0 18581
18470 60253 1:0 18852
18486 60322 1:0 18588
18488 61731 21:0 18505
18498 56027 1:0 18590
18498 60177 1:0 18590
18498 56041 1:0 18590
18498 56084 1:0 18721
18504 61861 21:0 18543
18542 61790 21:0 18546
18544 60292 1:0 18618
18545 61897 21:0 18572
18547 60149 1:0 18618
18547 56098 1:0 18721
18552 60241 1:0 18618
18555 60327 1:0 18555
18558 60244 1:0 18880
18559 60233 1:0 18880
18567 60083 1:0 18712
18568 60239 1:0 18712
18571 61824 21:0 18572
18571 61777 21:0 18572
18571 61896 21:0 18575
18573 213 1:0 18573
18574 61864 21:0 18575
18574 61856 21:0 18575
18574 61876 21:0 18583
18580 60291 1:0 18701
18581 60290 1:0 18708
18581 60041 1:0 18721
18582 60321 1:0 18582
18582 61898 21:0 18583
18582 61832 21:0 18583
18582 61799 21:0 18586
18584 215 1:0 18584
18584 60289 1:0 18719
18585 61863 21:0 18586
18585 61798 21:0 18586
18585 61857 21:0 18592
18587 56095 1:0 18721
18587 60050 1:0 18749
18587 60037 1:0 18749
18587 56150 1:0 18852
18587 56155 1:0 18852
18587 56141 1:0 18852
18587 56152 1:0 18852
18587 56185 1:0 18983
18587 60220 1:0 18983
18587 56216 1:0 19011
18587 56242 1:0 19114
18587 56273 1:0 19142
18588 56006 1:0 18588
18590 60259 1:0 18749
18590 60257 1:0 18832
18591 61764 21:0 18592
18591 61877 21:0 18592
18591 61751 21:0 18595
18593 211 1:0 18593
18593 60057 1:0 18843
18593 60122 1:0 18843
18594 61778 21:0 18595
18594 61757 21:0 18595
18594 61910 21:0 18620
18596 60258 1:0 18840
18598 56009 1:0 18598
18598 60256 1:0 18850
18599 60320 1:0 18599
18601 60110 1:0 18852
18618 60226 1:0 18880
18619 60309 1:0 18619
18619 61804 21:0 18623
18622 61870 21:0 18674
18624 56198 1:0 18983
18628 60305 1:0 18628
18628 60308 1:0 18628
18628 60307 1:0 18628
18629 60069 1:0 18880
18629 60103 1:0 18880
18670 56209 1:0 18983
18673 61894 21:0 18677
18676 61810 21:0 18703
18678 60225 1:0 18963
18683 60070 1:0 18974
18690 60211 1:0 19011
18698 60089 1:0 18974
18699 60030 1:0 18983
18702 61791 21:0 18703
18702 61758 21:0 18703
18702 61765 21:0 18706
18704 195 1:0 18704
18705 61883 21:0 18706
18705 61889 21:0 18706
18705 61817 21:0 18714
18708 56059 1:0 18708
18711 60224 1:0 18970
18712 60223 1:0 18981
18712 56207 1:0 18983
18712 56212 1:0 18983
18712 60200 1:0 19011
18712 60187 1:0 19114
18712 56269 1:0 19114
18712 56264 1:0 19114
18712 56266 1:0 19114
18712 56255 1:0 19114
18712 60167 1:0 19142
18712 60178 1:0 19142
18712 60154 1:0 19245
18712 56299 1:0 19245
18712 60134 1:0 19273
18712 56330 1:0 19273
18712 60145 1:0 19273
18712 60121 1:0 19376
18712 56356 1:0 19376
18712 60112 1:0 19404
18712 56387 1:0 19404
18712 60101 1:0 19404
18712 60088 1:0 19507
18712 56413 1:0 19507
18712 60068 1:0 19535
18712 60079 1:0 19535
18712 56444 1:0 19535
18712 60046 1:0 19638
18712 60055 1:0 19638
18712 56470 1:0 19638
18712 56501 1:0 19666
18712 60035 1:0 19666
18712 60022 1:0 19769
18712 56527 1:0 19769
18712 56558 1:0 19797
18712 60002 1:0 19797
18712 60013 1:0 19797
18712 56584 1:0 19900
18712 59989 1:0 19900
18712 59969 1:0 19928
18712 56615 1:0 19928
18712 59980 1:0 19928
18712 21 1:0 20039
18712 59956 1:0 20039
18712 56641 1:0 20039
18712 19 1:0 20122
18712 56672 1:0 20125
18712 59936 1:0 20126
18713 61762 21:0 18714
18713 61771 21:0 18714
18713 61784 21:0 18717
18715 197 1:0 18715
18715 60193 1:0 19011
18716 61795 21:0 18717
18716 61844 21:0 18717
18716 61766 21:0 18723
18718 60102 1:0 19011
18718 60074 1:0 19011
18718 60076 1:0 19105
18720 56063 21:0 18720
18721 60191 1:0 19094
18721 60192 1:0 19102
18722 61909 21:0 18723
18722 61831 21:0 18723
18722 61865 21:0 18726
18724 193 1:0 18724
18724 60043 1:0 19105
18724 60107 1:0 19114
18725 368 21:0 18726
18725 321 21:0 18726
18725 55721 21:0 18751
18727 60190 1:0 19112
18729 60160 1:0 19142
18730 56066 21:0 18730
18732 60111 1:0 19142
18747 60090 1:0 19142
18748 59947 1:0 20059
18750 55952 21:0 18754
18753 61903 21:0 18805
18760 60158 1:0 19225
18801 60045 1:0 19236
18804 62002 21:0 18808
18807 62120 21:0 18834
18809 60159 1:0 19233
18814 60044 1:0 19236
18829 56312 1:0 19245
18829 56326 1:0 19245
18829 56323 1:0 19245
18829 56321 1:0 19245
18829 56380 1:0 19376
18829 56378 1:0 19376
18829 56383 1:0 19376
18830 60078 1:0 19245
18833 61850 21:0 18834
18833 55945 21:0 18834
18833 61969 21:0 18837
18835 177 1:0 18835
18836 62094 21:0 18837
18836 61931 21:0 18837
18836 56059 21:0 18845
18839 56116 1:0 18839
18842 60157 1:0 19243
18843 60127 1:0 19273
18843 60056 1:0 19273
18843 60116 1:0 19273
18843 60109 1:0 19367
18844 61982 21:0 18845
18844 55888 21:0 18845
18844 62081 21:0 18848
18846 179 1:0 18846
18846 60036 1:0 19367
18846 56369 1:0 19376
18847 61602 21:0 18848
18847 61932 21:0 18848
18847 61866 21:0 18848
18847 61833 21:0 18848
18847 61899 21:0 18848
18847 56095 21:0 18848
18847 56084 21:0 18848
18847 56036 21:0 18848
18847 61965 21:0 18848
18847 61767 21:0 18848
18847 61635 21:0 18848
18847 61701 21:0 18848
18847 61668 21:0 18848
18847 61734 21:0 18848
18847 61800 21:0 18848
18847 62107 21:0 18848
18847 62054 21:0 18848
18847 61998 21:0 18851
18849 60125 1:0 19356
18850 61908 21:0 18851
18850 61710 21:0 18851
18850 62053 21:0 18851
18850 62073 21:0 18851
18850 61677 21:0 18851
18850 61743 21:0 18851
18850 61611 21:0 18851
18850 61657 21:0 18851
18850 61809 21:0 18851
18850 61591 21:0 18851
18850 61690 21:0 18851
18850 62086 21:0 18851
18850 61921 21:0 18851
18850 61888 21:0 18851
18850 62031 21:0 18851
18850 61954 21:0 18851
18850 61855 21:0 18851
18850 62040 21:0 18851
18850 61875 21:0 18851
18850 61789 21:0 18851
18850 61644 21:0 18851
18850 61776 21:0 18851
18850 61624 21:0 18851
18850 61941 21:0 18851
18850 61756 21:0 18851
18850 62020 21:0 18851
18850 61974 21:0 18851
18850 56014 21:0 18851
18850 56071 21:0 18851
18850 61723 21:0 18851
18850 61822 21:0 18851
18850 61842 21:0 18851
18850 61987 21:0 18851
18850 62007 21:0 18851
18851 56120 21:0 18854
18852 60126 1:0 19364
18852 60124 1:0 19374
18853 61890 21:0 18854
18853 319 21:0 18857
18855 175 1:0 18855
18855 60096 1:0 19376
18855 60077 1:0 19404
18856 61828 21:0 18857
18856 55717 21:0 18857
18856 55667 21:0 18875
18858 60094 1:0 19404
18858 60063 1:0 19404
18861 56123 21:0 18861
18866 60248 1:0 18866
18870 60093 1:0 19487
18874 61942 21:0 18885
18878 60011 1:0 19498
18879 60003 1:0 19498
18881 60243 1:0 18881
18884 62101 21:0 18920
18891 60092 1:0 19494
18919 62095 21:0 18936
18932 56426 1:0 19507
18935 56006 21:0 18950
18943 60234 1:0 18943
18945 60091 1:0 19505
18949 61930 21:0 18965
18951 60010 1:0 19507
18960 56435 1:0 19507
18960 56440 1:0 19507
18960 56437 1:0 19507
18960 56492 1:0 19635
18960 56483 1:0 19638
18960 56497 1:0 19638
18960 56494 1:0 19666
18961 59991 1:0 19535
18964 55664 21:0 18965
18964 56116 21:0 18968
18966 159 1:0 18966
18967 61745 21:0 18968
18967 62068 21:0 18968
18967 62042 21:0 18968
18967 62062 21:0 18976
18970 56173 1:0 18970
18973 60061 1:0 19535
18974 59997 1:0 19535
18974 60059 1:0 19618
18975 62129 21:0 18976
18975 61837 21:0 18976
18975 56155 21:0 18979
18977 161 1:0 18977
18977 60060 1:0 19626
18978 56027 21:0 18979
18978 55927 21:0 18979
18978 56098 21:0 18979
18978 56141 21:0 18979
18978 56041 21:0 18979
18978 55870 21:0 18979
18978 56150 21:0 18979
18978 56038 21:0 18979
18978 56093 21:0 18979
18978 55913 21:0 18979
18978 56152 21:0 18979
18978 55984 21:0 18979
18978 55799 21:0 18979
18978 55970 21:0 18979
18978 62064 21:0 18980
18979 62097 21:0 18982
18980 60023 1:0 19629
18980 60024 1:0 19629
18980 60008 1:0 19638
18981 56177 1:0 18981
18981 56102 21:0 18982
18981 62119 21:0 18982
18981 55703 21:0 18982
18981 55729 21:0 18982
18981 55760 21:0 18982
18981 55786 21:0 18982
18981 55817 21:0 18982
18981 307 21:0 18982
18981 55672 21:0 18982
18981 291 21:0 18982
18981 55874 21:0 18982
18981 56045 21:0 18982
18981 309 21:0 18982
18981 55988 21:0 18982
18981 325 21:0 18982
18981 55931 21:0 18982
18981 55843 21:0 18982
18981 56159 21:0 18982
18981 55957 21:0 18982
18981 327 21:0 18982
18981 55900 21:0 18982
18981 56128 21:0 18982
18981 62130 21:0 18982
18981 62106 21:0 18982
18981 62139 21:0 18982
18982 56177 21:0 18985
18983 60058 1:0 19636
18983 60028 1:0 19666
18983 54468 1:0 20126
18984 55742 21:0 18985
18984 55756 21:0 18985
18984 55699 21:0 18985
18984 55685 21:0 18985
18984 55813 21:0 18985
18984 55856 21:0 18985
18984 62063 21:0 18988
18986 157 1:0 18986
18986 60017 1:0 19666
18986 60004 1:0 19666
18986 56554 1:0 19769
18986 56540 1:0 19769
18987 62125 21:0 18988
18987 56009 21:0 18988
18987 61993 21:0 19013
18989 60027 1:0 19749
18991 56180 1:0 18991
18992 56180 21:0 18992
18994 60026 1:0 19756
19009 59964 1:0 19760
19010 60012 1:0 19760
19010 56549 1:0 19769
19010 56551 1:0 19769
19012 55831 21:0 19016
19015 109 21:0 19016
19015 73 21:0 19016
19015 255 21:0 19016
19015 271 21:0 19016
19015 253 21:0 19016
19015 147 21:0 19016
19015 56185 21:0 19016
19015 55979 21:0 19016
19015 289 21:0 19016
19015 55 21:0 19016
19015 273 21:0 19016
19017 147 1:0 19114
19017 109 1:0 19404
19017 73 1:0 19666
19017 55 1:0 19797
19019 56198 21:0 19051
19022 60025 1:0 19767
19050 61929 21:0 19067
19063 59990 1:0 19769
19063 56611 1:0 19900
19066 61962 21:0 19070
19069 56207 21:0 19070
19074 56212 21:0 19096
19076 59995 1:0 19797
19091 59984 1:0 19797
19092 59977 1:0 19797
19092 56606 1:0 19900
19095 62108 21:0 19096
19095 303 21:0 19096
19095 62008 21:0 19099
19097 141 1:0 19097
19098 55753 21:0 19099
19098 55867 21:0 19099
19098 56216 21:0 19099
19098 55865 21:0 19099
19098 313 21:0 19099
19098 55810 21:0 19099
19098 55808 21:0 19099
19098 55924 21:0 19099
19098 55922 21:0 19099
19098 55981 21:0 19099
19098 55694 21:0 19099
19098 56209 21:0 19099
19098 62035 21:0 19099
19098 267 21:0 19099
19098 55696 21:0 19099
19098 55751 21:0 19099
19102 56230 21:0 19107
19104 59994 1:0 19880
19105 59993 1:0 19887
19105 59971 1:0 19891
19105 59978 1:0 19891
19105 59970 1:0 19900
19106 61960 21:0 19107
19106 56002 21:0 19107
19106 61956 21:0 19110
19108 143 1:0 19108
19109 301 21:0 19110
19109 247 21:0 19113
19111 59992 1:0 19898
19112 55781 21:0 19116
19114 56597 1:0 19900
19114 56608 1:0 19900
19114 59962 1:0 19928
19114 59979 1:0 19928
19114 59975 1:0 19928
19114 56654 1:0 20034
19114 56663 1:0 20034
19114 7 1:0 20047
19114 9 1:0 20056
19115 305 21:0 19116
19115 61964 21:0 19119
19117 139 1:0 19117
19117 59961 1:0 20011
19118 61975 21:0 19119
19118 55660 21:0 19119
19118 61927 21:0 19133
19120 59960 1:0 20018
19120 59958 1:0 20022
19120 56636 1:0 20022
19122 56237 1:0 19122
19132 62127 21:0 19147
19140 59959 1:0 20029
19141 59951 1:0 20031
19141 59944 1:0 20034
19146 315 21:0 19147
19146 56242 21:0 19147
19146 317 21:0 19147
19146 311 21:0 19147
19148 56665 1:0 20110
19148 5 1:0 20113
19150 56255 21:0 19182
19152 60175 1:0 19152
19153 59942 1:0 20034
19153 59957 1:0 20039
19153 59945 1:0 20059
19181 297 21:0 19182
19181 295 21:0 19182
19185 56264 21:0 19188
19187 293 21:0 19191
19190 279 21:0 19191
19194 59946 1:0 20059
19194 59938 1:0 20094
19195 56266 21:0 19198
19197 61943 21:0 19201
19200 299 21:0 19201
19200 261 21:0 19201
19200 259 21:0 19201
19200 277 21:0 19201
19202 59931 1:0 20113
19202 56668 1:0 20120
19202 3 1:0 20126
19202 56686 1:0 20141
19205 56269 21:0 19227
19207 59937 1:0 20121
19210 60162 1:0 19210
19226 62061 21:0 19227
19226 61995 21:0 19227
19226 62030 21:0 19230
19228 123 1:0 19228
19229 241 21:0 19230
19229 263 21:0 19230
19229 61988 21:0 19230
19229 56273 21:0 19230
19229 281 21:0 19230
19229 275 21:0 19230
19229 285 21:0 19230
19231 61988 1:0 20913
19231 285 1:0 20913
19233 56287 21:0 19238
19235 62030 1:0 20949
19235 62061 1:0 20965
19235 61943 1:0 20970
19235 61995 1:0 20970
19236 62127 1:0 20975
19236 61927 1:0 20975
19236 55660 1:0 20975
19236 61975 1:0 20989
19236 305 1:0 20989
19236 61964 1:0 20989
19236 55781 1:0 21046
19237 61996 21:0 19238
19237 62048 21:0 19238
19237 62059 21:0 19241
19239 125 1:0 19239
19239 62048 1:0 20899
19239 61996 1:0 20913
19240 62074 21:0 19241
19240 243 21:0 19241
19240 257 21:0 19241
19242 62074 1:0 20894
19242 62059 1:0 20899
19242 243 1:0 21117
19244 56291 21:0 19247
19245 247 1:0 21046
19245 301 1:0 21046
19245 61956 1:0 21051
19245 61960 1:0 21051
19245 56002 1:0 21051
19245 62035 1:0 21065
19245 267 1:0 21065
19245 62008 1:0 21065
19246 61823 21:0 19247
19246 56234 21:0 19250
19248 121 1:0 19248
19248 61823 1:0 20894
19248 62108 1:0 21101
19249 55892 21:0 19250
19249 249 21:0 19250
19251 249 1:0 20837
19251 55892 1:0 20837
19251 56234 1:0 20873
19251 303 1:0 21117
19251 61962 1:0 21122
19251 61929 1:0 21122
19253 56294 1:0 19253
19253 55831 1:0 21122
19254 56294 21:0 19254
19259 56299 21:0 19260
19260 56173 21:0 19278
19279 56173 1:0 20823
19281 56312 21:0 19313
19316 56321 21:0 19319
19326 56323 21:0 19329
19328 283 21:0 19332
19333 283 1:0 20823
19336 56326 21:0 19358
19357 56330 21:0 19358
19357 56237 21:0 19358
19357 55774 21:0 19358
19357 265 21:0 19361
19359 105 1:0 19359
19359 56237 1:0 20818
19359 55774 1:0 20818
19362 265 1:0 20818
19363 56344 1:0 19363
19364 56344 21:0 19364
19370 107 1:0 19370
19374 56348 1:0 19374
19375 56348 21:0 19375
19379 103 1:0 19379
19384 56351 1:0 19384
19385 56351 21:0 19409
19408 56356 21:0 19409
19412 56369 21:0 19444
19447 56378 21:0 19450
19457 56380 21:0 19460
19467 56383 21:0 19489
19488 56387 21:0 19489
19490 87 1:0 19490
19495 56401 21:0 19500
19501 89 1:0 19501
19501 56401 1:0 20899
19506 56405 21:0 19506
19510 85 1:0 19510
19516 56408 21:0 19540
19539 56413 21:0 19540
19541 56408 1:0 21025
19543 56426 21:0 19575
19578 56435 21:0 19581
19588 56437 21:0 19591
19598 56440 21:0 19620
19619 56444 21:0 19620
19621 69 1:0 19621
19626 56458 21:0 19626
19632 71 1:0 19632
19637 56462 21:0 19640
19641 67 1:0 19641
19641 56462 1:0 20823
19646 56465 1:0 19646
19647 56465 21:0 19647
19652 56470 21:0 19653
19674 56483 21:0 19706
19709 56492 21:0 19712
19719 56494 21:0 19722
19729 56497 21:0 19751
19750 56501 21:0 19751
19752 51 1:0 19752
19756 56515 1:0 19756
19757 56515 21:0 19762
19763 53 1:0 19763
19763 56515 1:0 20837
19767 56519 1:0 19767
19768 56519 21:0 19771
19772 49 1:0 19772
19772 56519 1:0 21041
19777 56522 1:0 19777
19778 56522 21:0 19802
19801 56527 21:0 19802
19803 56522 1:0 20970
19805 56540 21:0 19837
19840 56549 21:0 19843
19850 56551 21:0 19853
19860 56554 21:0 19882
19881 56558 21:0 19882
19883 33 1:0 19883
19887 56572 1:0 19887
19888 56572 21:0 19893
19894 35 1:0 19894
19898 56576 1:0 19898
19899 56576 21:0 19902
19903 31 1:0 19903
19909 56579 21:0 19933
19932 56584 21:0 19933
19934 56579 1:0 20894
19936 56597 21:0 19968
19971 56606 21:0 19974
19981 56608 21:0 19984
19991 56611 21:0 20013
20012 56615 21:0 20013
20014 15 1:0 20014
20018 56629 1:0 20018
20019 56629 21:0 20024
20025 17 1:0 20025
20025 56629 1:0 20889
20030 56633 21:0 20033
20034 13 1:0 20034
20040 56636 21:0 20064
20063 56641 21:0 20064
20067 56654 21:0 20099
20102 56663 21:0 20105
20112 56665 21:0 20115
20122 56668 21:0 20151
20150 56672 21:0 20151
20151 63180 21:0 20152
20152 63181 21:0 20163
20162 54468 21:0 20163
20162 3 21:0 20163
20162 19 21:0 20163
20163 63182 21:0 20196
20195 9 21:0 20196
20195 7 21:0 20196
20195 56686 21:0 20196
20195 63191 21:0 20196
20195 5 21:0 20196
20198 63175 21:0 20207
20206 63200 21:0 20207
20206 21 21:0 20207
20206 63189 21:0 20207
20206 63186 21:0 20207
20207 13 21:0 20207
20209 63203 21:0 20217
20212 17 21:0 20212
20216 63204 21:0 20267
20217 15 21:0 20217
20266 63205 21:0 20283
20282 63206 21:0 20293
20283 31 21:0 20283
20288 35 21:0 20288
20292 63236 21:0 20343
20293 33 21:0 20293
20342 63237 21:0 20359
20358 63238 21:0 20369
20359 49 21:0 20359
20364 53 21:0 20364
20368 63239 21:0 20419
20369 51 21:0 20369
20418 63269 21:0 20435
20434 63271 21:0 20445
20435 67 21:0 20435
20440 71 21:0 20440
20444 63270 21:0 20495
20445 69 21:0 20445
20494 63272 21:0 20511
20510 63302 21:0 20521
20511 85 21:0 20511
20516 89 21:0 20516
20520 63304 21:0 20571
20521 87 21:0 20521
20570 63303 21:0 20587
20586 63305 21:0 20597
20587 103 21:0 20587
20592 107 21:0 20592
20596 63335 21:0 20633
20597 105 21:0 20597
20632 63337 21:0 20663
20662 63336 21:0 20673
20663 121 21:0 20663
20668 125 21:0 20668
20672 63338 21:0 20695
20673 123 21:0 20673
20694 63368 21:0 20739
20738 63369 21:0 20749
20739 139 21:0 20739
20744 143 21:0 20744
20744 63433 21:0 20744
20748 63370 21:0 20767
20749 141 21:0 20749
20766 63371 21:0 20815
20799 63450 21:0 20799
20814 63401 21:0 20820
20815 157 21:0 20815
20819 63402 21:0 20843
20820 161 21:0 20820
20825 159 21:0 20825
20827 63459 21:0 20827
20836 63478 21:0 20836
20842 63403 21:0 20891
20847 63479 21:0 20847
20875 63486 21:0 20875
20882 63472 21:0 20882
20890 63404 21:0 20896
20891 175 21:0 20891
20895 63434 21:0 20915
20896 179 21:0 20896
20896 63499 21:0 20896
20901 177 21:0 20901
20914 63436 21:0 20967
20923 63512 21:0 20923
20951 63519 21:0 20951
20951 63516 21:0 20951
20958 63505 21:0 20958
20964 63531 21:0 20964
20966 63435 21:0 20972
20967 193 21:0 20967
20971 63437 21:0 20991
20972 197 21:0 20972
20977 195 21:0 20977
20979 63525 21:0 20979
20988 63544 21:0 20988
20990 63467 21:0 21043
21027 63551 21:0 21027
21042 63468 21:0 21048
21043 211 21:0 21043
21047 63469 21:0 21067
21048 215 21:0 21048
21053 213 21:0 21053
21066 63470 21:0 21119
21075 63578 21:0 21075
21103 63584 21:0 21103
21108 63586 21:0 21108
21116 63597 21:0 21116
21118 63500 21:0 21124
21119 229 21:0 21119
21123 62125 1:0 21127
21123 61993 1:0 21127
21123 56351 1:0 21127
21123 63501 21:0 21143
21124 233 21:0 21124
21124 63598 21:0 21124
21128 62063 1:0 21141
21128 56009 1:0 21141
21128 56230 1:0 21141
21129 231 21:0 21129
21129 253 1:0 21129
21130 241 1:0 21141
21131 63591 21:0 21131
21140 63610 21:0 21140
21142 56287 1:0 21177
21142 63502 21:0 21195
21178 61837 1:0 21193
21179 63618 21:0 21179
21183 263 1:0 21184
21183 257 1:0 21184
21184 63619 21:0 21184
21184 255 1:0 21184
21185 259 1:0 21193
21186 63604 21:0 21186
21194 62129 1:0 21198
21194 62062 1:0 21198
21194 62042 1:0 21198
21194 63503 21:0 21200
21195 247 21:0 21195
21199 61745 1:0 21203
21199 62068 1:0 21203
21199 56116 1:0 21203
21199 63533 21:0 21219
21200 251 21:0 21200
21200 63631 21:0 21200
21204 61930 1:0 21217
21204 56576 1:0 21217
21204 55664 1:0 21217
21205 249 21:0 21205
21205 271 1:0 21205
21206 261 1:0 21217
21216 63643 21:0 21216
21218 56006 1:0 21253
21218 63534 21:0 21271
21227 63644 21:0 21227
21254 62095 1:0 21269
21255 63650 21:0 21255
21255 63651 21:0 21255
21259 275 1:0 21269
21259 281 1:0 21269
21262 63637 21:0 21262
21266 273 1:0 21266
21270 55667 1:0 21274
21270 61942 1:0 21274
21270 62101 1:0 21274
21270 63535 21:0 21276
21271 265 21:0 21271
21275 61828 1:0 21279
21275 55717 1:0 21279
21275 277 1:0 21279
21275 56177 1:0 21279
21275 63536 21:0 21295
21276 269 21:0 21276
21276 63664 21:0 21276
21280 61890 1:0 21293
21280 62054 1:0 21293
21280 319 1:0 21293
21281 267 21:0 21281
21281 289 1:0 21281
21282 279 1:0 21293
21283 63657 21:0 21283
21294 56572 1:0 21329
21294 63566 21:0 21347
21330 62107 1:0 21345
21331 63683 21:0 21331
21331 63681 21:0 21331
21331 63684 21:0 21331
21335 299 1:0 21345
21335 293 1:0 21345
21342 291 1:0 21342
21346 55888 1:0 21350
21346 56120 1:0 21350
21346 62081 1:0 21350
21346 63567 21:0 21352
21347 283 21:0 21347
21351 61931 1:0 21355
21351 61982 1:0 21355
21351 56059 1:0 21355
21351 297 1:0 21355
21351 63568 21:0 21357
21352 287 21:0 21352
21356 56291 1:0 21369
21356 62094 1:0 21369
21356 61969 1:0 21369
21356 63569 21:0 21423
21357 285 21:0 21357
21357 307 1:0 21357
21358 295 1:0 21369
21359 63690 21:0 21359
21370 61850 1:0 21405
21406 55945 1:0 21421
21411 311 1:0 21412
21411 317 1:0 21412
21412 309 1:0 21412
21413 315 1:0 21421
21422 61903 1:0 21426
21422 62120 1:0 21426
21422 62002 1:0 21426
21422 63599 21:0 21428
21423 301 21:0 21423
21427 55721 1:0 21431
21427 55952 1:0 21431
21427 321 1:0 21431
21427 63600 21:0 21433
21428 305 21:0 21428
21428 63730 21:0 21428
21432 56636 1:0 21445
21432 61865 1:0 21445
21432 63601 21:0 21499
21432 369 1:0 21445
21433 303 21:0 21433
21433 325 1:0 21433
21434 313 1:0 21445
21444 63742 21:0 21444
21446 61831 1:0 21481
21455 63743 21:0 21455
21481 327 1:0 21481
21482 62145 1:0 21502
21483 63749 21:0 21483
21483 63750 21:0 21483
21483 63747 21:0 21483
21490 63736 21:0 21490
21496 63756 21:0 21496
21496 63762 21:0 21496
21498 63602 21:0 21504
21499 319 21:0 21499
21503 63632 21:0 21509
21503 62144 1:0 21513
21504 323 21:0 21504
21504 63763 21:0 21504
21508 61909 1:0 21513
21508 61766 1:0 21513
21508 63633 21:0 21518
21510 63756 1:0 21510
21511 63756 21:0 21511
21514 62143 1:0 21520
21516 63770 21:0 21516
21517 61795 1:0 21524
21517 61844 1:0 21524
21517 63634 21:0 21526
21519 63770 1:0 21519
21525 62141 1:0 21525
21525 63635 21:0 21529
21525 62142 1:0 21531
21527 323 1:0 21527
21528 61784 1:0 21533
21528 55685 1:0 21533
21528 55699 1:0 21533
21528 55694 1:0 21533
21528 55696 1:0 21533
21528 63665 21:0 21538
21532 55664 21:0 21532
21533 55672 1:0 21533
21533 62139 1:0 21533
21534 62112 1:0 21561
21536 319 1:0 21536
21537 61771 1:0 21561
21537 61762 1:0 21561
21537 63666 21:0 21598
21542 55667 21:0 21542
21542 62140 1:0 21542
21547 62134 1:0 21547
21559 62130 1:0 21561
21561 55703 1:0 21561
21561 62119 1:0 21561
21562 62111 1:0 21644
21571 62128 1:0 21571
21597 62121 1:0 21597
21597 63667 21:0 21646
21629 62114 1:0 21629
21645 63668 21:0 21649
21645 62110 1:0 21651
21647 303 1:0 21647
21648 61817 1:0 21655
21648 61889 1:0 21655
21648 63698 21:0 21660
21652 55717 21:0 21652
21656 62109 1:0 21662
21658 305 1:0 21658
21659 55751 1:0 21664
21659 61883 1:0 21664
21659 55753 1:0 21664
21659 55742 1:0 21664
21659 55756 1:0 21664
21659 63699 21:0 21666
21664 55729 1:0 21664
21664 62106 1:0 21664
21665 63700 21:0 21669
21665 62079 1:0 21692
21667 301 1:0 21667
21668 61765 1:0 21692
21668 61758 1:0 21692
21668 63701 21:0 21751
21672 55724 1:0 21672
21690 62097 1:0 21692
21692 55760 1:0 21692
21692 62086 1:0 21692
21693 62096 1:0 21693
21693 62077 1:0 21775
21702 62092 1:0 21702
21728 62088 1:0 21728
21750 63731 21:0 21780
21755 62087 1:0 21755
21776 62078 1:0 21783
21778 285 1:0 21778
21779 61810 1:0 21786
21779 61791 1:0 21786
21779 63733 21:0 21788
21783 55774 21:0 21783
21787 62075 1:0 21787
21787 63732 21:0 21791
21787 62076 1:0 21793
21789 287 1:0 21789
21790 55810 1:0 21795
21790 55813 1:0 21795
21790 55808 1:0 21795
21790 55799 1:0 21795
21790 61894 1:0 21795
21790 63734 21:0 21800
21793 55778 1:0 21793
21795 55786 1:0 21795
21795 62073 1:0 21795
21796 62046 1:0 21823
21798 283 1:0 21798
21799 61870 1:0 21823
21799 61804 1:0 21823
21799 63764 21:0 21860
21821 62064 1:0 21823
21823 55817 1:0 21823
21823 62053 1:0 21823
21824 62045 1:0 21906
21859 62055 1:0 21859
21859 63766 21:0 21908
21907 63765 21:0 21911
21907 62044 1:0 21913
21909 267 1:0 21909
21910 61910 1:0 21917
21910 61778 1:0 21917
21910 63767 21:0 21922
21918 62043 1:0 21924
21920 269 1:0 21920
21921 63201 21:0 21922
21921 63188 21:0 21922
21921 61757 1:0 21926
21921 55870 1:0 21926
21921 55867 1:0 21926
21921 55865 1:0 21926
21921 55856 1:0 21926
21921 63190 21:0 21928
21924 55835 1:0 21924
21925 55843 1:0 21926
21926 62040 1:0 21926
21927 63202 21:0 21928
21927 63195 21:0 21928
21927 63219 21:0 21931
21927 62013 1:0 21954
21929 265 1:0 21929
21930 63223 21:0 21931
21930 63215 21:0 21931
21930 61751 1:0 21954
21930 61877 1:0 21954
21930 63234 21:0 21956
21934 55838 1:0 21934
21935 62041 1:0 21935
21952 62031 1:0 21954
21954 62020 1:0 21954
21954 55874 1:0 21954
21955 63208 21:0 21991
21955 62012 1:0 22037
21964 62026 1:0 21964
21964 62028 1:0 21964
21964 62029 1:0 21964
21990 62022 1:0 21990
21990 63214 21:0 22010
22009 63228 21:0 22013
22012 63222 21:0 22039
22017 62021 1:0 22017
22022 62015 1:0 22022
22038 63256 21:0 22039
22038 63221 21:0 22039
22038 63254 21:0 22042
22038 62011 1:0 22044
22040 249 1:0 22040
22041 63268 21:0 22042
22041 63241 21:0 22042
22041 61857 1:0 22048
22041 61764 1:0 22048
22041 63255 21:0 22050
22049 62009 1:0 22049
22049 63252 21:0 22050
22049 63247 21:0 22050
22049 63267 21:0 22053
22049 62010 1:0 22055
22051 251 1:0 22051
22052 63248 21:0 22053
22052 63261 21:0 22053
22052 55922 1:0 22057
22052 55913 1:0 22057
22052 61798 1:0 22057
22052 55927 1:0 22057
22052 55924 1:0 22057
22052 63235 21:0 22059
22057 55900 1:0 22057
22057 62007 1:0 22057
22058 63274 21:0 22059
22058 63307 21:0 22059
22058 63340 21:0 22062
22058 61980 1:0 22085
22060 247 1:0 22060
22061 63280 21:0 22062
22061 63333 21:0 22062
22061 61799 1:0 22085
22061 61863 1:0 22085
22061 63353 21:0 22087
22065 55895 1:0 22065
22083 61998 1:0 22085
22085 55931 1:0 22085
22085 61987 1:0 22085
22086 61997 1:0 22086
22086 63360 21:0 22122
22086 61978 1:0 22168
22121 61989 1:0 22121
22121 63281 21:0 22141
22140 63320 21:0 22144
22143 63313 21:0 22170
22169 63289 21:0 22170
22169 63300 21:0 22170
22169 63386 21:0 22173
22169 61979 1:0 22176
22171 231 1:0 22171
22172 63327 21:0 22173
22172 63351 21:0 22173
22172 61898 1:0 22179
22172 61832 1:0 22179
22172 63384 21:0 22181
22180 61976 1:0 22180
22180 63373 21:0 22181
22180 63334 21:0 22181
22180 63366 21:0 22184
22180 61977 1:0 22186
22182 233 1:0 22182
22183 63420 21:0 22184
22183 63285 21:0 22184
22183 55970 1:0 22188
22183 61876 1:0 22188
22183 55984 1:0 22188
22183 55979 1:0 22188
22183 55981 1:0 22188
22183 63355 21:0 22190
22186 55949 1:0 22186
22187 55949 21:0 22187
22188 55957 1:0 22188
22188 61974 1:0 22188
22188 61856 1:0 22216
22188 61947 1:0 22216
22188 61864 1:0 22216
22188 61965 1:0 22216
22188 61954 1:0 22216
22188 55988 1:0 22216
22188 56038 1:0 22319
22188 56036 1:0 22319
22188 56014 1:0 22319
22188 61941 1:0 22319
22188 61932 1:0 22347
22188 61921 1:0 22347
22188 56045 1:0 22347
22188 61908 1:0 22450
22188 56093 1:0 22450
22188 56071 1:0 22450
22188 61899 1:0 22478
22188 61888 1:0 22478
22188 56102 1:0 22478
22188 56128 1:0 22581
22188 56159 1:0 22609
22189 63294 21:0 22190
22189 63417 21:0 22190
22189 63400 21:0 22193
22191 229 1:0 22191
22191 61896 1:0 22310
22192 63287 21:0 22193
22192 63321 21:0 22193
22192 63421 21:0 22218
22194 61945 1:0 22299
22194 61946 1:0 22307
22196 61777 1:0 22310
22199 61875 1:0 22581
22215 61944 1:0 22317
22217 63393 21:0 22253
22226 61963 1:0 22226
22227 56027 1:0 22319
22227 56041 1:0 22319
22227 61824 1:0 22319
22227 56098 1:0 22450
22252 63419 21:0 22272
22271 63412 21:0 22275
22273 61914 1:0 22347
22274 63347 21:0 22301
22276 61790 1:0 22347
22276 56084 1:0 22450
22279 61955 1:0 22279
22281 61897 1:0 22347
22284 61949 1:0 22284
22287 61866 1:0 22609
22288 61855 1:0 22609
22296 61731 1:0 22441
22297 61861 1:0 22441
22300 63301 21:0 22301
22300 63379 21:0 22301
22300 63388 21:0 22304
22302 213 1:0 22302
22303 63367 21:0 22304
22303 63322 21:0 22304
22303 63380 21:0 22312
22309 61912 1:0 22430
22310 61913 1:0 22438
22310 56095 1:0 22450
22310 56141 1:0 22581
22310 56152 1:0 22581
22310 56150 1:0 22581
22310 56155 1:0 22581
22310 56185 1:0 22712
22310 61842 1:0 22712
22310 56216 1:0 22740
22310 56242 1:0 22843
22310 56273 1:0 22871
22311 63318 21:0 22312
22311 63346 21:0 22312
22311 63387 21:0 22315
22313 215 1:0 22313
22313 61911 1:0 22448
22314 63288 21:0 22315
22314 63413 21:0 22315
22314 63406 21:0 22321
22316 61672 1:0 22450
22316 61659 1:0 22478
22316 61733 1:0 22478
22318 56006 21:0 22318
22319 61881 1:0 22478
22319 61879 1:0 22561
22320 63314 21:0 22321
22320 63354 21:0 22321
22320 63399 21:0 22324
22322 211 1:0 22322
22322 61705 1:0 22572
22322 61744 1:0 22572
22323 63710 21:0 22324
22323 63729 21:0 22324
22323 63716 21:0 22349
22325 61880 1:0 22569
22327 61878 1:0 22579
22328 56009 21:0 22328
22330 61718 1:0 22581
22333 61936 1:0 22333
22345 61696 1:0 22609
22346 61679 1:0 22609
22348 63718 21:0 22384
22358 61848 1:0 22609
22363 56198 1:0 22712
22383 61923 1:0 22383
22383 63703 21:0 22403
22399 56207 1:0 22712
22402 55724 21:0 22406
22405 63717 21:0 22432
22407 61846 1:0 22692
22410 61922 1:0 22410
22412 61658 1:0 22703
22415 61916 1:0 22415
22419 61833 1:0 22740
22427 61724 1:0 22703
22428 61667 1:0 22712
22431 63723 21:0 22432
22431 63709 21:0 22432
22431 63714 21:0 22435
22433 195 1:0 22433
22434 369 21:0 22435
22434 63582 21:0 22435
22434 63532 21:0 22443
22440 61847 1:0 22700
22441 61845 1:0 22710
22441 56212 1:0 22712
22441 56209 1:0 22712
22441 61822 1:0 22740
22441 61809 1:0 22843
22441 56255 1:0 22843
22441 56264 1:0 22843
22441 56266 1:0 22843
22441 56269 1:0 22843
22441 61789 1:0 22871
22441 61800 1:0 22871
22441 61767 1:0 22974
22441 56299 1:0 22974
22441 61776 1:0 22974
22441 56330 1:0 23002
22441 61756 1:0 23002
22441 56356 1:0 23105
22441 61743 1:0 23105
22441 61734 1:0 23133
22441 61723 1:0 23133
22441 56387 1:0 23133
22441 61710 1:0 23236
22441 56413 1:0 23236
22441 61701 1:0 23264
22441 61690 1:0 23264
22441 56444 1:0 23264
22441 56470 1:0 23367
22441 61677 1:0 23367
22441 61657 1:0 23395
22441 56501 1:0 23395
22441 61668 1:0 23395
22441 56527 1:0 23498
22441 61644 1:0 23498
22441 61624 1:0 23526
22441 61635 1:0 23526
22441 56558 1:0 23526
22441 61611 1:0 23629
22441 56584 1:0 23629
22441 61602 1:0 23657
22441 61591 1:0 23657
22441 56615 1:0 23657
22441 56641 1:0 23768
22441 21 1:0 23768
22441 61578 1:0 23768
22441 19 1:0 23851
22441 56672 1:0 23854
22441 61558 1:0 23855
22442 63549 21:0 22443
22442 63511 21:0 22443
22442 55892 21:0 22446
22444 197 1:0 22444
22444 61815 1:0 22740
22445 63652 21:0 22446
22445 56002 21:0 22446
22445 63585 21:0 22452
22447 61663 1:0 22740
22447 61665 1:0 22740
22447 61738 1:0 22834
22448 56063 1:0 22448
22450 61813 1:0 22823
22450 61814 1:0 22831
22451 63465 21:0 22452
22451 63492 21:0 22452
22451 63446 21:0 22455
22453 193 1:0 22453
22453 61712 1:0 22834
22453 61678 1:0 22843
22453 56323 1:0 22974
22453 61569 1:0 23788
22454 63224 21:0 22455
22454 63587 21:0 22455
22454 63488 21:0 22455
22454 63648 21:0 22455
22454 56041 21:0 22455
22454 56059 21:0 22455
22454 63257 21:0 22457
22456 63455 21:0 22457
22456 63290 21:0 22459
22456 61812 1:0 22841
22458 56066 1:0 22458
22458 63378 21:0 22459
22458 63279 21:0 22459
22458 63596 21:0 22459
22458 63497 21:0 22459
22458 63312 21:0 22459
22458 63345 21:0 22459
22458 63365 21:0 22459
22458 63629 21:0 22459
22458 63411 21:0 22459
22458 63609 21:0 22459
22458 63554 21:0 22459
22458 63213 21:0 22459
22458 63332 21:0 22459
22458 63246 21:0 22459
22458 63398 21:0 22459
22458 63444 21:0 22459
22458 63576 21:0 22459
22458 63563 21:0 22459
22458 63477 21:0 22459
22458 63464 21:0 22459
22458 63233 21:0 22459
22458 63530 21:0 22459
22458 63431 21:0 22459
22458 63266 21:0 22459
22458 63299 21:0 22459
22458 63510 21:0 22459
22458 63543 21:0 22459
22458 61782 1:0 22871
22459 56066 21:0 22483
22461 61666 1:0 22871
22476 61711 1:0 22871
22482 63553 21:0 22518
22489 61780 1:0 22954
22517 63487 21:0 22534
22533 63545 21:0 22537
22535 61781 1:0 22962
22536 55945 21:0 22563
22538 61691 1:0 22965
22538 56326 1:0 22974
22543 61652 1:0 22965
22558 56312 1:0 22974
22558 56321 1:0 23002
22558 56369 1:0 23105
22558 56380 1:0 23105
22558 56383 1:0 23105
22558 56378 1:0 23105
22559 61685 1:0 22974
22562 63454 21:0 22563
22562 55831 21:0 22563
22562 63624 21:0 22566
22564 177 1:0 22564
22565 63630 21:0 22566
22565 63552 21:0 22566
22565 55895 21:0 22574
22569 56116 21:0 22569
22571 61779 1:0 22972
22572 61698 1:0 23002
22572 61749 1:0 23002
22572 61692 1:0 23002
22572 61699 1:0 23096
22573 63485 21:0 22574
22573 63571 21:0 22574
22573 63615 21:0 22577
22575 179 1:0 22575
22575 61729 1:0 23096
22576 55721 21:0 22577
22576 303 21:0 22577
22576 63611 21:0 22583
22578 61747 1:0 23085
22581 61748 1:0 23093
22581 61746 1:0 23103
22582 63452 21:0 22583
22582 55781 21:0 22583
22582 63426 21:0 22586
22584 175 1:0 22584
22584 61700 1:0 23105
22584 61725 1:0 23133
22584 61732 1:0 23133
22585 63564 21:0 22586
22585 63696 21:0 22588
22587 63677 21:0 22614
22587 61716 1:0 23133
22589 56123 1:0 22589
22592 61715 1:0 23216
22607 61639 1:0 23227
22613 63751 21:0 22649
22620 61714 1:0 23223
22625 61625 1:0 23227
22648 63558 21:0 22665
22661 56437 1:0 23236
22664 55952 21:0 22668
22667 63685 21:0 22694
22669 61713 1:0 23234
22674 56440 1:0 23236
22674 56426 1:0 23236
22674 56435 1:0 23236
22674 56494 1:0 23367
22674 56497 1:0 23367
22674 54468 1:0 23855
22689 61646 1:0 23236
22690 61619 1:0 23264
22690 56483 1:0 23367
22693 63498 21:0 22694
22693 63483 21:0 22694
22693 55888 21:0 22697
22695 159 1:0 22695
22696 56036 21:0 22697
22696 63466 21:0 22697
22696 63577 21:0 22697
22696 56152 21:0 22698
22697 63323 21:0 22700
22699 63521 21:0 22700
22699 63708 21:0 22700
22699 63662 21:0 22700
22699 63728 21:0 22700
22699 63695 21:0 22700
22699 63642 21:0 22700
22699 63675 21:0 22700
22700 56173 21:0 22705
22702 61683 1:0 23264
22703 61633 1:0 23264
22703 61681 1:0 23347
22704 321 21:0 22705
22704 63518 21:0 22705
22704 63617 21:0 22708
22706 161 1:0 22706
22706 61682 1:0 23355
22707 63670 21:0 22708
22707 63663 21:0 22711
22709 61632 1:0 23358
22709 61613 1:0 23358
22710 301 21:0 22714
22711 56177 21:0 22711
22712 61680 1:0 23365
22712 56492 1:0 23367
22712 61630 1:0 23367
22712 61634 1:0 23395
22712 61645 1:0 23395
22712 56551 1:0 23498
22712 56549 1:0 23498
22713 55984 21:0 22714
22713 56155 21:0 22714
22713 56084 21:0 22714
22713 56027 21:0 22714
22713 56098 21:0 22714
22713 55970 21:0 22714
22713 56141 21:0 22714
22713 55927 21:0 22717
22715 157 1:0 22715
22715 61650 1:0 23395
22716 63741 21:0 22717
22716 63620 21:0 22717
22716 63653 21:0 22717
22716 56038 21:0 22717
22716 55685 21:0 22717
22716 55979 21:0 22717
22716 63422 21:0 22717
22716 63761 21:0 22717
22716 55813 21:0 22717
22716 63686 21:0 22717
22716 55856 21:0 22717
22716 55981 21:0 22717
22716 63752 21:0 22717
22716 55699 21:0 22717
22716 55742 21:0 22717
22716 63719 21:0 22717
22716 63389 21:0 22717
22716 56128 21:0 22717
22716 56093 21:0 22717
22716 55924 21:0 22717
22716 55870 21:0 22717
22716 55756 21:0 22717
22716 55913 21:0 22717
22716 63356 21:0 22717
22716 55922 21:0 22717
22716 56150 21:0 22717
22716 56095 21:0 22717
22716 55799 21:0 22717
22716 55867 21:0 22717
22716 56071 21:0 22718
22717 55957 21:0 22718
22717 55931 21:0 22718
22717 55843 21:0 22718
22717 55874 21:0 22718
22717 56159 21:0 22718
22717 56014 21:0 22718
22717 56045 21:0 22718
22717 55900 21:0 22718
22717 56102 21:0 22718
22717 55988 21:0 22718
22717 55817 21:0 22718
22717 55786 21:0 22719
22718 145 21:0 22719
22718 309 21:0 22719
22718 325 21:0 22719
22718 327 21:0 22719
22718 55 21:0 22719
22718 307 21:0 22719
22718 291 21:0 22719
22718 55672 21:0 22719
22718 253 21:0 22719
22718 255 21:0 22719
22718 271 21:0 22719
22718 273 21:0 22719
22718 55703 21:0 22719
22718 55729 21:0 22719
22718 55760 21:0 22719
22718 289 21:0 22719
22718 61649 1:0 23478
22720 56180 1:0 22720
22720 145 1:0 22871
22720 55 1:0 23526
22721 61843 1:0 22721
22721 56180 21:0 22745
22723 61648 1:0 23485
22738 61626 1:0 23489
22739 61592 1:0 23489
22739 61606 1:0 23498
22744 297 21:0 22745
22744 55694 21:0 22745
22744 55696 21:0 22745
22744 55865 21:0 22745
22744 55751 21:0 22745
22744 55753 21:0 22745
22744 56185 21:0 22745
22744 55808 21:0 22745
22744 313 21:0 22745
22744 315 21:0 22745
22744 55810 21:0 22745
22748 56198 21:0 22780
22750 61830 1:0 22750
22751 61647 1:0 23496
22779 295 21:0 22780
22779 279 21:0 22780
22783 56207 21:0 22786
22785 317 21:0 22789
22788 277 21:0 22789
22792 56540 1:0 23498
22792 56554 1:0 23498
22792 56608 1:0 23629
22793 56209 21:0 22796
22795 311 21:0 22796
22795 299 21:0 22796
22795 293 21:0 22799
22798 281 21:0 22799
22798 275 21:0 22799
22798 243 21:0 22799
22798 261 21:0 22799
22798 259 21:0 22799
22803 56212 21:0 22825
22805 61617 1:0 23526
22820 61612 1:0 23526
22821 56611 1:0 23629
22821 56606 1:0 23629
22821 56597 1:0 23629
22824 241 21:0 22825
22824 56216 21:0 22825
22824 63453 21:0 22825
22824 56123 21:0 22825
22824 263 21:0 22825
22824 257 21:0 22825
22824 63538 21:0 22828
22826 141 1:0 22826
22827 45 21:0 22828
22827 231 21:0 22828
22827 63676 21:0 22828
22827 99 21:0 22828
22827 323 21:0 22836
22829 99 1:0 23105
22829 45 1:0 23498
22831 56230 21:0 22831
22833 61600 1:0 23526
22833 61593 1:0 23620
22833 61586 1:0 23620
22834 61616 1:0 23609
22834 61615 1:0 23616
22835 61811 1:0 22835
22835 63565 21:0 22836
22835 63520 21:0 22836
22835 63439 21:0 22839
22837 143 1:0 22837
22837 61599 1:0 23629
22838 61 21:0 22839
22838 56120 21:0 22839
22838 63445 21:0 22839
22838 63697 21:0 22845
22840 61 1:0 23367
22840 61614 1:0 23627
22843 61597 1:0 23657
22843 61584 1:0 23657
22843 61601 1:0 23657
22844 63432 21:0 22845
22844 267 21:0 22848
22846 139 1:0 22846
22846 61582 1:0 23740
22847 55838 21:0 22848
22847 56234 21:0 22848
22849 61583 1:0 23748
22849 56633 1:0 23751
22849 61580 1:0 23751
22851 61573 1:0 23760
22852 56237 21:0 22876
22870 61581 1:0 23758
22875 56242 21:0 22876
22877 56654 1:0 23763
22879 56255 21:0 22911
22881 61797 1:0 22881
22882 61567 1:0 23763
22882 61564 1:0 23763
22882 7 1:0 23763
22914 56264 21:0 22917
22923 61579 1:0 23768
22923 61566 1:0 23788
22924 56266 21:0 22927
22926 56063 21:0 22930
22928 9 1:0 23776
22931 56663 1:0 23785
22931 61568 1:0 23788
22931 56665 1:0 23839
22931 56686 1:0 23855
22934 56269 21:0 22956
22936 61560 1:0 23823
22951 61553 1:0 23842
22952 5 1:0 23842
22955 55660 21:0 22956
22955 247 21:0 22956
22955 56273 21:0 22956
22955 55778 21:0 22959
22957 123 1:0 22957
22958 249 21:0 22959
22958 55835 21:0 22959
22962 56287 21:0 22962
22964 56668 1:0 23849
22964 61559 1:0 23850
22964 3 1:0 23871
22964 249 1:0 24642
22964 55778 1:0 24642
22964 241 1:0 24846
22965 55835 1:0 24642
22965 247 1:0 24678
22965 55660 1:0 24694
22965 56063 1:0 24699
22965 55838 1:0 24699
22965 56234 1:0 24704
22968 125 1:0 22968
22973 56291 21:0 22976
22974 63432 1:0 24704
22974 267 1:0 24704
22974 56120 1:0 24718
22974 63697 1:0 24718
22974 63445 1:0 24718
22974 63439 1:0 24754
22974 63520 1:0 24775
22974 63565 1:0 24775
22977 121 1:0 22977
22977 323 1:0 24780
22980 63676 1:0 24780
22980 231 1:0 24794
22980 63538 1:0 24794
22982 56294 1:0 22982
22982 56123 1:0 24794
22983 56294 21:0 23007
22985 63453 1:0 24830
23000 301 1:0 24846
23001 63670 1:0 24851
23001 63663 1:0 24851
23006 56299 21:0 23007
23010 56312 21:0 23042
23013 63617 1:0 24851
23045 56321 21:0 23048
23055 56323 21:0 23058
23065 56326 21:0 23087
23086 56330 21:0 23087
23088 105 1:0 23088
23092 56344 1:0 23092
23093 56344 21:0 23098
23099 107 1:0 23099
23099 56344 1:0 24770
23103 56348 1:0 23103
23104 56348 21:0 23107
23108 103 1:0 23108
23108 56348 1:0 24775
23114 56351 21:0 23138
23137 56356 21:0 23138
23141 56369 21:0 23173
23176 56378 21:0 23179
23186 56380 21:0 23189
23196 56383 21:0 23218
23217 56387 21:0 23218
23219 87 1:0 23219
23224 56401 21:0 23224
23230 89 1:0 23230
23234 56405 1:0 23234
23235 56405 21:0 23235
23239 85 1:0 23239
23245 56408 21:0 23269
23268 56413 21:0 23269
23272 56426 21:0 23304
23307 56435 21:0 23310
23317 56437 21:0 23320
23327 56440 21:0 23349
23348 56444 21:0 23349
23350 69 1:0 23350
23354 56458 1:0 23354
23355 56458 21:0 23360
23361 71 1:0 23361
23361 56458 1:0 24699
23366 56462 21:0 23366
23370 67 1:0 23370
23375 56465 1:0 23375
23376 56465 21:0 23376
23381 56470 21:0 23382
23403 56483 21:0 23435
23438 56492 21:0 23441
23448 56494 21:0 23451
23458 56497 21:0 23480
23479 56501 21:0 23480
23481 51 1:0 23481
23486 56515 21:0 23491
23492 53 1:0 23492
23497 56519 21:0 23500
23501 49 1:0 23501
23507 56522 21:0 23531
23530 56527 21:0 23531
23534 56540 21:0 23566
23569 56549 21:0 23572
23579 56551 21:0 23582
23589 56554 21:0 23611
23610 56558 21:0 23611
23612 33 1:0 23612
23617 56572 21:0 23622
23623 35 1:0 23623
23628 56576 21:0 23628
23632 31 1:0 23632
23638 56579 21:0 23662
23661 56584 21:0 23662
23665 56597 21:0 23697
23700 56606 21:0 23703
23710 56608 21:0 23713
23720 56611 21:0 23742
23741 56615 21:0 23742
23743 15 1:0 23743
23748 56629 21:0 23753
23754 17 1:0 23754
23754 56629 1:0 24780
23759 56633 21:0 23762
23763 13 1:0 23763
23769 56636 21:0 23793
23792 56641 21:0 23793
23796 56654 21:0 23828
23831 56663 21:0 23834
23841 56665 21:0 23844
23851 56668 21:0 23880
23879 56672 21:0 23880
23880 64802 21:0 23881
23881 64803 21:0 23892
23891 19 21:0 23892
23891 54468 21:0 23892
23891 3 21:0 23892
23892 64804 21:0 23925
23924 7 21:0 23925
23924 64813 21:0 23925
23924 5 21:0 23925
23924 56686 21:0 23925
23924 9 21:0 23925
23927 64797 21:0 23936
23935 64811 21:0 23936
23935 64812 21:0 23936
23935 21 21:0 23936
23935 64822 21:0 23936
23936 13 21:0 23936
23938 64825 21:0 23946
23941 17 21:0 23941
23945 64827 21:0 23996
23946 15 21:0 23946
23995 64826 21:0 24012
24011 64828 21:0 24022
24012 31 21:0 24012
24017 35 21:0 24017
24021 64858 21:0 24072
24022 33 21:0 24022
24071 64859 21:0 24088
24087 64860 21:0 24098
24088 49 21:0 24088
24093 53 21:0 24093
24097 64861 21:0 24148
24098 51 21:0 24098
24147 64891 21:0 24164
24163 64893 21:0 24174
24164 67 21:0 24164
24169 71 21:0 24169
24173 64892 21:0 24224
24174 69 21:0 24174
24223 64894 21:0 24240
24239 64924 21:0 24250
24240 85 21:0 24240
24245 89 21:0 24245
24249 64925 21:0 24300
24250 87 21:0 24250
24299 64926 21:0 24316
24315 64927 21:0 24326
24316 103 21:0 24316
24321 107 21:0 24321
24325 64957 21:0 24367
24326 105 21:0 24326
24366 64959 21:0 24392
24391 64958 21:0 24402
24392 121 21:0 24392
24397 125 21:0 24397
24401 64960 21:0 24424
24402 123 21:0 24402
24423 64990 21:0 24468
24467 64992 21:0 24478
24468 139 21:0 24468
24473 143 21:0 24473
24477 64991 21:0 24496
24478 141 21:0 24478
24495 64993 21:0 24544
24543 65023 21:0 24549
24544 157 21:0 24544
24548 65025 21:0 24572
24549 161 21:0 24549
24554 159 21:0 24554
24556 65081 21:0 24556
24571 65024 21:0 24620
24604 65105 21:0 24604
24604 65108 21:0 24604
24617 65120 21:0 24617
24619 65026 21:0 24625
24620 175 21:0 24620
24624 65056 21:0 24644
24625 179 21:0 24625
24625 65121 21:0 24625
24630 177 21:0 24630
24632 65114 21:0 24632
24643 65058 21:0 24696
24680 65141 21:0 24680
24687 65127 21:0 24687
24693 65153 21:0 24693
24695 65057 21:0 24701
24696 193 21:0 24696
24700 65059 21:0 24720
24701 197 21:0 24701
24706 195 21:0 24706
24719 65089 21:0 24772
24756 65174 21:0 24756
24756 65173 21:0 24756
24761 65175 21:0 24761
24763 65160 21:0 24763
24771 65090 21:0 24777
24772 211 21:0 24772
24776 65091 21:0 24796
24777 215 21:0 24777
24782 213 21:0 24782
24795 65092 21:0 24848
24845 65219 21:0 24845
24847 65122 21:0 24853
24848 229 21:0 24848
24852 63466 1:0 24856
24852 321 1:0 24856
24852 63518 1:0 24856
24852 65123 21:0 24872
24853 233 21:0 24853
24857 63498 1:0 24870
24857 63577 1:0 24870
24857 55888 1:0 24870
24858 231 21:0 24858
24858 253 1:0 24858
24859 243 1:0 24870
24860 65213 21:0 24860
24871 63483 1:0 24906
24871 65124 21:0 24924
24907 63685 1:0 24922
24908 65239 21:0 24908
24912 257 1:0 24913
24912 263 1:0 24913
24913 65241 21:0 24913
24913 255 1:0 24913
24914 261 1:0 24922
24921 65252 21:0 24921
24923 55952 1:0 24927
24923 56408 1:0 24927
24923 56351 1:0 24927
24923 65125 21:0 24929
24924 247 21:0 24924
24928 56294 1:0 24932
24928 63558 1:0 24932
24928 63751 1:0 24932
24928 65155 21:0 24948
24929 251 21:0 24929
24933 63677 1:0 24946
24933 63696 1:0 24946
24933 56519 1:0 24946
24934 249 21:0 24934
24934 271 1:0 24934
24935 259 1:0 24946
24945 65265 21:0 24945
24947 56515 1:0 24982
24947 65156 21:0 25000
24956 65266 21:0 24956
24983 63564 1:0 24998
24984 65273 21:0 24984
24984 65272 21:0 24984
24988 281 1:0 24989
24988 275 1:0 24989
24989 65274 21:0 24989
24989 273 1:0 24989
24990 277 1:0 24998
24997 65285 21:0 24997
24999 63426 1:0 25003
24999 56579 1:0 25003
24999 63452 1:0 25003
24999 65157 21:0 25005
25000 265 21:0 25000
25004 55721 1:0 25008
25004 63611 1:0 25008
25004 55781 1:0 25008
25004 65158 21:0 25024
25005 269 21:0 25005
25009 63615 1:0 25022
25009 303 1:0 25022
25009 63485 1:0 25022
25010 267 21:0 25010
25010 289 1:0 25010
25011 279 1:0 25022
25012 65279 21:0 25012
25021 65298 21:0 25021
25023 63571 1:0 25058
25023 65188 21:0 25076
25059 55895 1:0 25074
25064 299 1:0 25074
25064 293 1:0 25074
25065 65307 21:0 25065
25071 291 1:0 25071
25073 65318 21:0 25073
25075 63630 1:0 25079
25075 63552 1:0 25079
25075 56291 1:0 25079
25075 65190 21:0 25081
25076 283 21:0 25076
25080 63454 1:0 25084
25080 295 1:0 25084
25080 63624 1:0 25084
25080 56572 1:0 25084
25080 65189 21:0 25088
25085 55945 1:0 25098
25085 56237 1:0 25098
25085 55831 1:0 25098
25086 307 1:0 25086
25087 297 1:0 25098
25087 65191 21:0 25152
25099 63545 1:0 25134
25135 63487 1:0 25150
25136 65336 21:0 25136
25140 317 1:0 25141
25140 311 1:0 25141
25141 65340 21:0 25141
25141 309 1:0 25141
25142 313 1:0 25150
25151 63648 1:0 25155
25151 56059 1:0 25155
25151 63553 1:0 25155
25151 65221 21:0 25157
25156 63492 1:0 25160
25156 63446 1:0 25160
25156 56522 1:0 25160
25156 65222 21:0 25162
25157 65352 21:0 25157
25161 63465 1:0 25174
25161 56180 1:0 25174
25161 63585 1:0 25174
25161 65223 21:0 25228
25162 325 1:0 25162
25163 315 1:0 25174
25164 65345 21:0 25164
25173 65364 21:0 25173
25175 56173 1:0 25210
25184 65365 21:0 25184
25210 327 1:0 25210
25211 63767 1:0 25231
25225 65384 21:0 25225
25227 65224 21:0 25233
25232 65254 21:0 25238
25232 63765 1:0 25242
25233 65385 21:0 25233
25237 63652 1:0 25242
25237 65256 21:0 25247
25237 370 1:0 25240
25240 65378 21:0 25240
25243 63766 1:0 25250
25246 63723 1:0 25253
25246 63714 1:0 25253
25246 65255 21:0 25255
25254 63763 1:0 25254
25254 65257 21:0 25258
25254 63764 1:0 25260
25257 63709 1:0 25262
25257 55699 1:0 25262
25257 55685 1:0 25262
25257 55694 1:0 25262
25257 55696 1:0 25262
25257 65287 21:0 25267
25260 55664 1:0 25260
25261 55664 21:0 25261
25262 55672 1:0 25262
25262 63761 1:0 25262
25263 63734 1:0 25290
25266 63717 1:0 25290
25266 55724 1:0 25290
25266 65288 21:0 25327
25270 55667 1:0 25270
25271 55667 21:0 25271
25271 63762 1:0 25271
25276 63756 1:0 25276
25288 63752 1:0 25290
25290 63741 1:0 25290
25290 55703 1:0 25290
25291 63732 1:0 25373
25300 63749 1:0 25300
25300 63750 1:0 25300
25300 63747 1:0 25300
25326 63743 1:0 25326
25326 65289 21:0 25375
25353 63742 1:0 25353
25358 63736 1:0 25358
25374 65290 21:0 25378
25374 63733 1:0 25381
25377 63718 1:0 25384
25377 63703 1:0 25384
25377 65320 21:0 25389
25380 55717 1:0 25380
25381 55717 21:0 25381
25385 63730 1:0 25385
25385 63731 1:0 25391
25388 55742 1:0 25393
25388 55756 1:0 25393
25388 55751 1:0 25393
25388 55753 1:0 25393
25388 63729 1:0 25393
25388 65322 21:0 25395
25393 63728 1:0 25393
25393 55729 1:0 25393
25394 65321 21:0 25398
25394 63701 1:0 25421
25397 63710 1:0 25421
25397 63716 1:0 25421
25397 65323 21:0 25480
25419 63719 1:0 25421
25421 55760 1:0 25421
25421 63708 1:0 25421
25422 63700 1:0 25504
25479 65353 21:0 25509
25505 63699 1:0 25511
25508 55892 1:0 25515
25508 56002 1:0 25515
25508 65355 21:0 25517
25511 55774 1:0 25511
25516 65354 21:0 25520
25516 63698 1:0 25522
25519 55810 1:0 25524
25519 63511 1:0 25524
25519 55808 1:0 25524
25519 55813 1:0 25524
25519 55799 1:0 25524
25519 65356 21:0 25529
25524 55786 1:0 25524
25524 63695 1:0 25524
25525 63668 1:0 25552
25527 283 1:0 25527
25528 63532 1:0 25552
25528 63549 1:0 25552
25528 65386 21:0 25589
25538 63690 1:0 25538
25550 63686 1:0 25552
25552 55817 1:0 25552
25552 63675 1:0 25552
25553 63667 1:0 25635
25562 63683 1:0 25562
25562 63681 1:0 25562
25562 63684 1:0 25562
25588 65388 21:0 25637
25636 65387 21:0 25640
25636 63666 1:0 25642
25638 267 1:0 25638
25639 56066 1:0 25646
25639 63582 1:0 25646
25639 65389 21:0 25651
25647 63664 1:0 25647
25647 63665 1:0 25653
25649 269 1:0 25649
25650 64808 21:0 25651
25650 64823 21:0 25651
25650 55870 1:0 25655
25650 55865 1:0 25655
25650 55867 1:0 25655
25650 55856 1:0 25655
25650 56633 1:0 25655
25650 64810 21:0 25657
25654 55835 21:0 25654
25655 55843 1:0 25655
25655 63662 1:0 25655
25656 64817 21:0 25657
25656 64824 21:0 25657
25656 64850 21:0 25660
25656 63635 1:0 25683
25658 265 1:0 25658
25659 64845 21:0 25660
25659 64843 21:0 25660
25659 63354 1:0 25683
25659 63399 1:0 25683
25659 64841 21:0 25685
25669 63657 1:0 25669
25681 63653 1:0 25683
25683 63642 1:0 25683
25683 55874 1:0 25683
25684 64836 21:0 25720
25684 63634 1:0 25766
25693 63650 1:0 25693
25693 63651 1:0 25693
25719 63644 1:0 25719
25719 64837 21:0 25739
25738 64856 21:0 25742
25741 64844 21:0 25768
25746 63643 1:0 25746
25751 63637 1:0 25751
25767 64830 21:0 25768
25767 64889 21:0 25768
25767 64874 21:0 25771
25767 63633 1:0 25773
25769 249 1:0 25769
25770 64857 21:0 25771
25770 64878 21:0 25771
25770 63314 1:0 25777
25770 63406 1:0 25777
25770 64910 21:0 25779
25774 55888 21:0 25774
25778 63631 1:0 25778
25778 64909 21:0 25779
25778 64916 21:0 25779
25778 64903 21:0 25782
25778 63632 1:0 25784
25780 251 1:0 25780
25781 64896 21:0 25782
25781 64869 21:0 25782
25781 55922 1:0 25786
25781 63413 1:0 25786
25781 55924 1:0 25786
25781 55913 1:0 25786
25781 55927 1:0 25786
25781 64890 21:0 25788
25785 55892 21:0 25785
25786 63629 1:0 25786
25786 55900 1:0 25786
25787 64911 21:0 25788
25787 64883 21:0 25788
25787 64877 21:0 25791
25787 63602 1:0 25814
25789 247 1:0 25789
25790 64922 21:0 25791
25790 64863 21:0 25791
25790 63387 1:0 25814
25790 63288 1:0 25814
25790 64907 21:0 25816
25795 55895 21:0 25795
25812 63620 1:0 25814
25814 55931 1:0 25814
25814 63609 1:0 25814
25815 63619 1:0 25815
25815 64902 21:0 25851
25815 63601 1:0 25897
25824 63618 1:0 25824
25850 64876 21:0 25870
25869 64870 21:0 25873
25872 64923 21:0 25899
25877 63610 1:0 25877
25882 63604 1:0 25882
25898 65035 21:0 25899
25898 64995 21:0 25899
25898 65015 21:0 25902
25898 63600 1:0 25904
25900 231 1:0 25900
25901 64968 21:0 25902
25901 64989 21:0 25902
25901 63346 1:0 25908
25901 63318 1:0 25908
25901 65021 21:0 25910
25909 63598 1:0 25909
25909 65075 21:0 25910
25909 64942 21:0 25910
25909 65067 21:0 25913
25909 63599 1:0 25915
25911 233 1:0 25911
25912 64973 21:0 25913
25912 65074 21:0 25913
25912 55979 1:0 25917
25912 55970 1:0 25917
25912 55981 1:0 25917
25912 55984 1:0 25917
25912 63380 1:0 25917
25912 65022 21:0 25919
25915 55949 1:0 25915
25916 55949 21:0 25916
25917 55957 1:0 25917
25917 63596 1:0 25917
25917 63576 1:0 25945
25917 63587 1:0 25945
25917 63367 1:0 25945
25917 63322 1:0 25945
25917 63569 1:0 25945
25917 55988 1:0 25945
25917 56014 1:0 26048
25917 63563 1:0 26048
25917 56036 1:0 26048
25917 56038 1:0 26048
25917 63554 1:0 26076
25917 56045 1:0 26076
25917 63543 1:0 26076
25917 56095 1:0 26179
25917 56071 1:0 26179
25917 63530 1:0 26179
25917 63510 1:0 26207
25917 63521 1:0 26207
25917 56102 1:0 26207
25917 56128 1:0 26310
25917 56159 1:0 26338
25918 64988 21:0 25919
25918 65054 21:0 25919
25918 64962 21:0 25922
25920 229 1:0 25920
25920 63388 1:0 26039
25921 65008 21:0 25922
25921 64949 21:0 25922
25921 65042 21:0 25947
25923 63568 1:0 26028
25923 63567 1:0 26035
25925 63301 1:0 26039
25926 55952 21:0 25926
25926 63597 1:0 25926
25928 63497 1:0 26310
25931 63591 1:0 25931
25944 63566 1:0 26046
25946 63586 1:0 25946
25946 65010 21:0 25982
25955 63584 1:0 25955
25956 56027 1:0 26048
25956 56041 1:0 26048
25956 63379 1:0 26048
25956 56098 1:0 26179
25956 63488 1:0 26338
25981 63578 1:0 25981
25981 64940 21:0 26001
26000 65041 21:0 26004
26002 63536 1:0 26076
26003 64929 21:0 26030
26005 63412 1:0 26076
26005 56093 1:0 26179
26005 56152 1:0 26310
26005 56150 1:0 26310
26005 63477 1:0 26338
26005 63464 1:0 26441
26005 56185 1:0 26441
26005 56216 1:0 26469
26005 56242 1:0 26572
26005 56273 1:0 26600
26010 63347 1:0 26076
26025 63419 1:0 26170
26026 63393 1:0 26170
26029 65048 21:0 26030
26029 64975 21:0 26030
26029 65076 21:0 26033
26031 213 1:0 26031
26032 64977 21:0 26033
26032 64943 21:0 26033
26032 65002 21:0 26041
26038 63535 1:0 26159
26039 63534 1:0 26166
26039 63421 1:0 26179
26040 65072 21:0 26041
26040 64969 21:0 26041
26040 64944 21:0 26044
26042 215 1:0 26042
26042 63533 1:0 26177
26043 65039 21:0 26044
26043 64936 21:0 26044
26043 64955 21:0 26050
26045 56084 1:0 26179
26045 63287 1:0 26207
26045 63321 1:0 26207
26045 56141 1:0 26310
26045 56155 1:0 26310
26046 56006 1:0 26046
26047 56006 21:0 26047
26048 63503 1:0 26207
26048 63502 1:0 26290
26049 64956 21:0 26050
26049 65068 21:0 26050
26049 65055 21:0 26053
26051 211 1:0 26051
26051 63417 1:0 26301
26051 63400 1:0 26301
26052 64935 21:0 26053
26052 65006 21:0 26053
26052 65061 21:0 26078
26054 63501 1:0 26297
26056 56009 1:0 26056
26056 63500 1:0 26308
26057 56009 21:0 26057
26059 63294 1:0 26310
26074 63420 1:0 26338
26075 63355 1:0 26338
26077 64982 21:0 26113
26086 63551 1:0 26086
26087 63470 1:0 26338
26092 56212 1:0 26441
26112 65009 21:0 26132
26128 56209 1:0 26441
26131 64976 21:0 26135
26134 65001 21:0 26161
26136 63469 1:0 26421
26139 63544 1:0 26139
26141 63366 1:0 26432
26148 63455 1:0 26469
26156 63285 1:0 26432
26157 63334 1:0 26441
26160 65034 21:0 26161
26160 65028 21:0 26161
26160 370 21:0 26164
26162 195 1:0 26162
26163 55774 21:0 26164
26163 56002 21:0 26164
26163 65140 21:0 26172
26167 56059 21:0 26167
26169 63468 1:0 26428
26170 63467 1:0 26439
26170 56198 1:0 26441
26170 56207 1:0 26441
26170 63444 1:0 26469
26170 63431 1:0 26572
26170 63411 1:0 26600
26170 63422 1:0 26600
26170 63398 1:0 26703
26170 56299 1:0 26703
26170 63378 1:0 26731
26170 56330 1:0 26731
26170 63365 1:0 26834
26170 56356 1:0 26834
26170 56387 1:0 26862
26170 63345 1:0 26862
26170 63332 1:0 26965
26170 56413 1:0 26965
26170 56444 1:0 26993
26170 63312 1:0 26993
26170 63299 1:0 27096
26170 56470 1:0 27096
26171 65154 21:0 26172
26171 55724 21:0 26172
26171 55778 21:0 26175
26173 197 1:0 26173
26173 63437 1:0 26469
26174 55979 21:0 26175
26174 56041 21:0 26175
26174 64945 21:0 26175
26174 64879 21:0 26175
26174 65143 21:0 26175
26174 65187 21:0 26175
26174 65101 21:0 26175
26174 64912 21:0 26175
26174 65011 21:0 26175
26174 65176 21:0 26175
26174 64846 21:0 26175
26174 64978 21:0 26178
26176 63373 1:0 26469
26176 63384 1:0 26469
26176 63327 1:0 26563
26176 63351 1:0 26563
26177 65033 21:0 26178
26177 64901 21:0 26178
26177 65000 21:0 26178
26177 65218 21:0 26178
26177 64868 21:0 26178
26177 65020 21:0 26178
26177 64835 21:0 26178
26177 64888 21:0 26178
26177 65165 21:0 26178
26177 64934 21:0 26178
26177 65132 21:0 26178
26177 64954 21:0 26178
26177 55988 21:0 26178
26177 65110 21:0 26178
26177 64855 21:0 26178
26177 64987 21:0 26178
26177 65119 21:0 26178
26177 65152 21:0 26178
26177 65185 21:0 26178
26177 65053 21:0 26178
26177 65086 21:0 26178
26177 64921 21:0 26178
26177 65066 21:0 26178
26178 56063 21:0 26181
26179 63435 1:0 26552
26179 63436 1:0 26560
26179 56266 1:0 26572
26180 55838 21:0 26181
26180 65166 21:0 26184
26182 193 1:0 26182
26182 56264 1:0 26572
26182 56255 1:0 26572
26182 63386 1:0 26572
26182 56269 1:0 26572
26182 56321 1:0 26703
26182 56323 1:0 26703
26182 63389 1:0 26731
26182 56380 1:0 26834
26183 65087 21:0 26184
26183 65109 21:0 26184
26183 65233 21:0 26202
26185 63434 1:0 26570
26188 56066 21:0 26188
26188 63531 1:0 26188
26190 63404 1:0 26600
26193 63525 1:0 26193
26197 63300 1:0 26600
26201 65259 21:0 26212
26205 63289 1:0 26600
26211 65199 21:0 26247
26217 63519 1:0 26217
26217 63516 1:0 26217
26218 63403 1:0 26683
26243 63512 1:0 26243
26246 65147 21:0 26263
26262 55781 21:0 26277
26264 63402 1:0 26690
26267 56326 1:0 26703
26272 63320 1:0 26694
26275 63505 1:0 26275
26276 65134 21:0 26292
26278 63313 1:0 26694
26287 63281 1:0 26703
26288 56312 1:0 26703
26288 56383 1:0 26834
26288 56378 1:0 26834
26288 56369 1:0 26834
26288 63356 1:0 26862
26288 56437 1:0 26965
26288 56435 1:0 26965
26288 63323 1:0 26993
26291 65338 21:0 26292
26291 65186 21:0 26295
26293 177 1:0 26293
26294 65246 21:0 26295
26294 65200 21:0 26295
26294 65253 21:0 26295
26294 65292 21:0 26303
26297 56116 1:0 26297
26300 63401 1:0 26701
26301 63371 1:0 26731
26301 63353 1:0 26731
26301 63360 1:0 26731
26301 63333 1:0 26825
26302 63499 1:0 26302
26302 65088 21:0 26303
26302 65193 21:0 26303
26302 65208 21:0 26306
26304 179 1:0 26304
26304 63280 1:0 26825
26305 56027 21:0 26306
26305 56038 21:0 26306
26305 56098 21:0 26306
26305 56084 21:0 26306
26305 65209 21:0 26306
26305 56036 21:0 26306
26305 65232 21:0 26306
26305 65044 21:0 26306
26305 56095 21:0 26306
26305 65077 21:0 26306
26305 56093 21:0 26309
26307 63370 1:0 26814
26308 291 21:0 26309
26308 289 21:0 26309
26308 65383 21:0 26309
26308 55786 21:0 26309
26308 325 21:0 26309
26308 327 21:0 26309
26308 55672 21:0 26309
26308 65330 21:0 26309
26308 65317 21:0 26309
26308 309 21:0 26309
26308 65297 21:0 26309
26308 65284 21:0 26309
26308 65099 21:0 26309
26308 64967 21:0 26309
26308 65198 21:0 26309
26308 55703 21:0 26309
26308 55729 21:0 26309
26308 55760 21:0 26309
26308 65363 21:0 26309
26308 55817 21:0 26309
26308 55843 21:0 26309
26308 55874 21:0 26309
26308 55900 21:0 26309
26308 65264 21:0 26309
26308 55931 21:0 26309
26308 307 21:0 26309
26308 55957 21:0 26309
26308 56071 21:0 26309
26308 65231 21:0 26309
26308 56045 21:0 26309
26308 56102 21:0 26309
26308 56014 21:0 26309
26308 65350 21:0 26309
26308 65251 21:0 26309
26309 56120 21:0 26312
26310 63369 1:0 26821
26310 63368 1:0 26832
26311 55984 21:0 26312
26311 65180 21:0 26312
26311 55970 21:0 26312
26311 65094 21:0 26315
26313 175 1:0 26313
26313 63340 1:0 26834
26313 63274 1:0 26862
26314 65204 21:0 26315
26314 65171 21:0 26315
26314 65043 21:0 26340
26316 63307 1:0 26862
26316 63338 1:0 26862
26336 63336 1:0 26945
26337 63235 1:0 26956
26337 63261 1:0 26956
26339 283 21:0 26343
26342 65242 21:0 26343
26342 55981 21:0 26343
26342 65275 21:0 26346
26345 109 21:0 26346
26345 56128 21:0 26346
26345 273 21:0 26346
26345 165 21:0 26346
26345 145 21:0 26346
26345 271 21:0 26346
26345 255 21:0 26346
26345 253 21:0 26346
26346 56141 21:0 26378
26347 165 1:0 26441
26347 145 1:0 26600
26347 109 1:0 26862
26348 63486 1:0 26348
26349 63337 1:0 26953
26374 63479 1:0 26374
26377 55913 21:0 26384
26383 55927 21:0 26387
26386 55870 21:0 26394
26393 55799 21:0 26394
26393 55856 21:0 26394
26393 55813 21:0 26397
26396 65341 21:0 26397
26396 55756 21:0 26397
26396 65308 21:0 26397
26396 55742 21:0 26397
26396 56150 21:0 26397
26396 65374 21:0 26397
26398 63335 1:0 26963
26401 63478 1:0 26401
26401 56155 21:0 26423
26403 56440 1:0 26965
26403 56426 1:0 26965
26403 56492 1:0 27096
26403 56497 1:0 27096
26403 56494 1:0 27096
26403 63290 1:0 27124
26403 63279 1:0 27124
26403 56501 1:0 27124
26403 56551 1:0 27227
26403 56527 1:0 27227
26403 63266 1:0 27227
26403 56558 1:0 27255
26403 63246 1:0 27255
26403 63257 1:0 27255
26403 56584 1:0 27358
26403 63233 1:0 27358
26403 63224 1:0 27386
26403 56615 1:0 27386
26403 63213 1:0 27386
26403 63200 1:0 27497
26403 21 1:0 27497
26403 56641 1:0 27497
26403 63191 1:0 27517
26403 19 1:0 27580
26403 56672 1:0 27583
26403 63180 1:0 27584
26403 54468 1:0 27584
26406 63472 1:0 26406
26418 63248 1:0 26965
26419 56549 1:0 27227
26422 65303 21:0 26423
26422 269 21:0 26423
26422 65138 21:0 26426
26424 159 1:0 26424
26425 65325 21:0 26426
26425 65331 21:0 26426
26425 65237 21:0 26434
26429 56173 21:0 26429
26431 63305 1:0 26993
26432 63247 1:0 26993
26432 63267 1:0 26993
26432 63303 1:0 27076
26432 63252 1:0 27087
26433 65226 21:0 26434
26433 65100 21:0 26434
26433 249 21:0 26437
26435 161 1:0 26435
26435 63255 1:0 27087
26435 63268 1:0 27096
26436 55924 21:0 26437
26436 55922 21:0 26437
26436 56152 21:0 26437
26436 55685 21:0 26437
26436 55867 21:0 26437
26436 55699 21:0 26437
26436 55865 21:0 26437
26436 56159 21:0 26437
26436 65339 21:0 26437
26436 65371 21:0 26437
26438 63304 1:0 27084
26439 56177 1:0 26439
26440 56177 21:0 26443
26441 63302 1:0 27094
26441 56483 1:0 27096
26441 63241 1:0 27124
26441 56540 1:0 27227
26441 56554 1:0 27227
26441 56608 1:0 27358
26442 65319 21:0 26443
26442 65286 21:0 26446
26444 157 1:0 26444
26444 63272 1:0 27124
26445 65107 21:0 26446
26445 65332 21:0 26446
26445 55721 21:0 26464
26447 63254 1:0 27124
26447 63270 1:0 27207
26455 63459 1:0 26455
26459 63271 1:0 27215
26463 65206 21:0 26474
26467 63256 1:0 27218
26468 63221 1:0 27218
26473 56185 21:0 26474
26473 55753 21:0 26474
26473 55808 21:0 26474
26473 55694 21:0 26474
26473 295 21:0 26474
26473 55751 21:0 26474
26473 313 21:0 26474
26473 315 21:0 26474
26473 55696 21:0 26474
26473 55810 21:0 26474
26477 56198 21:0 26509
26479 63450 1:0 26479
26480 63269 1:0 27225
26508 277 21:0 26509
26508 297 21:0 26509
26512 56207 21:0 26515
26514 317 21:0 26518
26517 279 21:0 26518
26521 63222 1:0 27227
26522 56209 21:0 26525
26524 65240 21:0 26528
26527 261 21:0 26528
26527 311 21:0 26528
26527 259 21:0 26528
26527 241 21:0 26528
26532 56212 21:0 26554
26534 63239 1:0 27255
26549 63228 1:0 27255
26550 63214 1:0 27255
26550 56606 1:0 27358
26553 56116 21:0 26554
26553 285 21:0 26554
26553 65351 21:0 26557
26555 141 1:0 26555
26556 293 21:0 26557
26556 281 21:0 26557
26556 65369 21:0 26557
26556 56123 21:0 26557
26556 56216 21:0 26557
26556 243 21:0 26557
26556 299 21:0 26557
26559 56230 1:0 26559
26560 56230 21:0 26565
26562 63238 1:0 27338
26563 63237 1:0 27345
26563 63234 1:0 27349
26563 63208 1:0 27349
26563 56611 1:0 27358
26563 56597 1:0 27358
26564 63433 1:0 26564
26564 65167 21:0 26565
26564 65306 21:0 26565
26564 65142 21:0 26568
26566 143 1:0 26566
26567 65372 21:0 26568
26567 65358 21:0 26571
26569 63236 1:0 27356
26571 56234 21:0 26574
26572 63223 1:0 27358
26572 63219 1:0 27386
26572 63215 1:0 27386
26572 63206 1:0 27386
26573 65220 21:0 26574
26573 55831 21:0 26577
26575 139 1:0 26575
26575 63205 1:0 27469
26576 65299 21:0 26577
26576 265 21:0 26577
26576 257 21:0 26577
26576 263 21:0 26577
26576 275 21:0 26577
26576 25 21:0 26577
26576 99 21:0 26579
26578 25 1:0 27358
26578 63204 1:0 27476
26578 63202 1:0 27480
26578 56636 1:0 27480
26580 99 1:0 26834
26581 56237 21:0 26605
26598 63203 1:0 27487
26599 63195 1:0 27489
26599 63190 1:0 27492
26604 65 21:0 26605
26604 97 21:0 26605
26604 11 21:0 26605
26604 81 21:0 26605
26604 56242 21:0 26605
26606 97 1:0 26834
26606 81 1:0 26965
26606 65 1:0 27096
26606 11 1:0 27492
26606 56654 1:0 27492
26608 56255 21:0 26640
26611 63201 1:0 27492
26611 56663 1:0 27492
26611 63188 1:0 27517
26643 56264 21:0 26646
26645 47 21:0 26649
26650 47 1:0 27225
26652 63189 1:0 27517
26652 63186 1:0 27517
26653 56266 21:0 26656
26655 56180 21:0 26659
26657 9 1:0 27505
26658 239 21:0 26659
26660 7 1:0 27514
26660 63182 1:0 27552
26660 56665 1:0 27568
26660 5 1:0 27571
26660 56686 1:0 27584
26663 56269 21:0 26685
26665 63175 1:0 27571
26680 63181 1:0 27579
26681 56668 1:0 27578
26684 55945 21:0 26685
26684 65270 21:0 26685
26684 56273 21:0 26685
26684 65207 21:0 26688
26686 123 1:0 26686
26687 65133 21:0 26688
26687 65373 21:0 26688
26690 56287 1:0 26690
26691 56287 21:0 26696
26693 3 1:0 27600
26693 65133 1:0 28357
26693 65207 1:0 28371
26693 65373 1:0 28371
26693 239 1:0 28575
26694 65270 1:0 28407
26694 55945 1:0 28423
26694 265 1:0 28428
26694 56180 1:0 28428
26694 65299 1:0 28428
26694 65358 1:0 28433
26694 65220 1:0 28433
26695 65312 21:0 26696
26695 65305 21:0 26696
26695 267 21:0 26699
26697 125 1:0 26697
26697 65312 1:0 28357
26697 65305 1:0 28357
26698 321 21:0 26699
26698 251 21:0 26702
26700 321 1:0 28352
26700 267 1:0 28352
26702 56291 21:0 26705
26703 251 1:0 28352
26703 55831 1:0 28433
26703 65142 1:0 28447
26703 65372 1:0 28447
26703 65306 1:0 28447
26703 65167 1:0 28483
26703 56123 1:0 28499
26703 65369 1:0 28504
26703 65351 1:0 28504
26704 247 21:0 26705
26704 305 21:0 26708
26706 121 1:0 26706
26706 247 1:0 28347
26706 56291 1:0 28371
26707 323 21:0 26708
26707 287 21:0 26708
26709 323 1:0 28295
26709 287 1:0 28295
26709 305 1:0 28331
26709 56116 1:0 28504
26709 285 1:0 28509
26709 56287 1:0 28509
26711 65240 1:0 28509
26712 56294 21:0 26736
26714 65206 1:0 28523
26729 55721 1:0 28523
26730 65332 1:0 28559
26730 65319 1:0 28580
26735 56299 21:0 26736
26739 56312 21:0 26771
26742 65107 1:0 28580
26742 65286 1:0 28580
26774 56321 21:0 26777
26784 56323 21:0 26787
26794 56326 21:0 26816
26815 56330 21:0 26816
26817 105 1:0 26817
26822 56344 21:0 26827
26828 107 1:0 26828
26833 56348 21:0 26836
26837 103 1:0 26837
26843 56351 21:0 26843
26848 56356 21:0 26849
26870 56369 21:0 26902
26905 56378 21:0 26908
26915 56380 21:0 26918
26925 56383 21:0 26947
26946 56387 21:0 26947
26948 87 1:0 26948
26952 56401 1:0 26952
26953 56401 21:0 26958
26959 89 1:0 26959
26959 56401 1:0 28575
26963 56405 1:0 26963
26964 56405 21:0 26967
26968 85 1:0 26968
26974 56408 21:0 26974
26979 56413 21:0 26980
27001 56426 21:0 27033
27036 56435 21:0 27039
27046 56437 21:0 27049
27056 56440 21:0 27078
27077 56444 21:0 27078
27079 69 1:0 27079
27084 56458 21:0 27084
27090 71 1:0 27090
27094 56462 1:0 27094
27095 56462 21:0 27098
27099 67 1:0 27099
27104 56465 1:0 27104
27105 56465 21:0 27129
27128 56470 21:0 27129
27132 56483 21:0 27164
27167 56492 21:0 27170
27177 56494 21:0 27180
27187 56497 21:0 27209
27208 56501 21:0 27209
27210 51 1:0 27210
27215 56515 21:0 27220
27221 53 1:0 27221
27226 56519 21:0 27226
27230 49 1:0 27230
27236 56522 21:0 27260
27259 56527 21:0 27260
27263 56540 21:0 27295
27298 56549 21:0 27301
27308 56551 21:0 27311
27318 56554 21:0 27340
27339 56558 21:0 27340
27341 33 1:0 27341
27346 56572 21:0 27351
27352 35 1:0 27352
27356 56576 1:0 27356
27357 56576 21:0 27360
27361 31 1:0 27361
27361 56576 1:0 28523
27367 56579 21:0 27367
27372 56584 21:0 27373
27394 56597 21:0 27426
27429 56606 21:0 27432
27439 56608 21:0 27442
27449 56611 21:0 27471
27470 56615 21:0 27471
27472 15 1:0 27472
27477 56629 21:0 27477
27483 17 1:0 27483
27488 56633 21:0 27491
27492 13 1:0 27492
27498 56636 21:0 27522
27521 56641 21:0 27522
27525 56654 21:0 27557
27560 56663 21:0 27563
27570 56665 21:0 27573
27580 56668 21:0 27609
27608 56672 21:0 27610
27609 66424 21:0 27610
27610 66425 21:0 27621
27620 19 21:0 27621
27620 3 21:0 27621
27620 54468 21:0 27621
27621 66426 21:0 27654
27653 9 21:0 27654
27653 66435 21:0 27654
27653 7 21:0 27654
27653 56686 21:0 27654
27653 5 21:0 27654
27656 66419 21:0 27665
27664 66430 21:0 27665
27664 66434 21:0 27665
27664 21 21:0 27665
27664 66444 21:0 27665
27665 13 21:0 27665
27667 66447 21:0 27675
27670 17 21:0 27670
27674 66449 21:0 27725
27675 15 21:0 27675
27689 23 21:0 27689
27724 66448 21:0 27741
27740 66450 21:0 27751
27741 31 21:0 27741
27746 35 21:0 27746
27750 66480 21:0 27801
27751 33 21:0 27751
27800 66482 21:0 27817
27816 66481 21:0 27827
27817 49 21:0 27817
27822 53 21:0 27822
27826 66483 21:0 27877
27827 51 21:0 27827
27841 59 21:0 27841
27876 66513 21:0 27893
27892 66515 21:0 27903
27893 67 21:0 27893
27898 71 21:0 27898
27902 66514 21:0 27953
27903 69 21:0 27903
27952 66516 21:0 27969
27968 66546 21:0 27979
27969 85 21:0 27969
27974 89 21:0 27974
27978 66547 21:0 28029
27979 87 21:0 27979
28028 66548 21:0 28045
28034 101 21:0 28034
28044 66549 21:0 28055
28045 103 21:0 28045
28050 107 21:0 28050
28054 66579 21:0 28096
28055 105 21:0 28055
28095 66580 21:0 28121
28105 66631 21:0 28105
28120 66581 21:0 28131
28121 121 21:0 28121
28126 125 21:0 28126
28130 66582 21:0 28153
28131 123 21:0 28131
28152 66612 21:0 28197
28194 66676 21:0 28194
28196 66613 21:0 28207
28197 139 21:0 28197
28202 143 21:0 28202
28206 66614 21:0 28225
28207 141 21:0 28207
28224 66615 21:0 28273
28262 66698 21:0 28262
28272 66645 21:0 28278
28273 157 21:0 28273
28277 66646 21:0 28301
28278 161 21:0 28278
28283 159 21:0 28283
28294 66722 21:0 28294
28300 66647 21:0 28349
28338 173 21:0 28338
28340 66716 21:0 28340
28348 66648 21:0 28354
28349 175 21:0 28349
28353 66678 21:0 28373
28354 179 21:0 28354
28359 177 21:0 28359
28372 66680 21:0 28425
28414 191 21:0 28414
28424 66679 21:0 28430
28425 193 21:0 28425
28429 66681 21:0 28449
28430 197 21:0 28430
28435 195 21:0 28435
28448 66711 21:0 28501
28485 66793 21:0 28485
28485 66795 21:0 28485
28490 66797 21:0 28490
28492 66782 21:0 28492
28498 66808 21:0 28498
28500 66712 21:0 28506
28501 211 21:0 28501
28505 66713 21:0 28525
28506 215 21:0 28506
28511 213 21:0 28511
28513 66802 21:0 28513
28522 66821 21:0 28522
28524 66714 21:0 28577
28533 66822 21:0 28533
28561 66828 21:0 28561
28568 66815 21:0 28568
28574 66841 21:0 28574
28576 66744 21:0 28582
28577 229 21:0 28577
28581 243 1:0 28585
28581 65371 1:0 28585
28581 65339 1:0 28585
28581 249 1:0 28585
28581 66746 21:0 28601
28582 233 21:0 28582
28582 66842 21:0 28582
28586 65100 1:0 28599
28586 65237 1:0 28599
28586 65226 1:0 28599
28587 231 21:0 28587
28587 253 1:0 28587
28588 241 1:0 28599
28589 66835 21:0 28589
28600 65325 1:0 28635
28600 66745 21:0 28653
28609 66855 21:0 28609
28636 65331 1:0 28651
28637 66862 21:0 28637
28641 257 1:0 28651
28641 263 1:0 28651
28642 245 21:0 28642
28642 66863 21:0 28642
28648 255 1:0 28648
28650 66874 21:0 28650
28652 65138 1:0 28656
28652 269 1:0 28656
28652 56462 1:0 28656
28652 66747 21:0 28658
28653 247 21:0 28653
28657 65303 1:0 28661
28657 56572 1:0 28661
28657 259 1:0 28661
28657 283 1:0 28661
28657 66777 21:0 28677
28658 251 21:0 28658
28662 65171 1:0 28675
28662 65204 1:0 28675
28662 65043 1:0 28675
28663 249 21:0 28663
28663 271 1:0 28663
28664 261 1:0 28675
28665 66868 21:0 28665
28674 66887 21:0 28674
28676 65094 1:0 28711
28676 66778 21:0 28729
28677 257 21:0 28677
28685 66888 21:0 28685
28712 56177 1:0 28727
28713 66894 21:0 28713
28713 66892 21:0 28713
28717 281 1:0 28718
28717 275 1:0 28718
28718 273 1:0 28718
28719 279 1:0 28727
28728 65232 1:0 28732
28728 65208 1:0 28732
28728 65180 1:0 28732
28728 66779 21:0 28734
28729 265 21:0 28729
28733 65088 1:0 28737
28733 56515 1:0 28737
28733 56522 1:0 28737
28733 66780 21:0 28753
28734 269 21:0 28734
28734 66908 21:0 28734
28738 65193 1:0 28751
28738 56405 1:0 28751
28738 56230 1:0 28751
28739 267 21:0 28739
28739 289 1:0 28739
28740 277 1:0 28751
28741 66901 21:0 28741
28752 56237 1:0 28787
28752 66810 21:0 28805
28753 275 21:0 28753
28788 56465 1:0 28803
28789 66928 21:0 28789
28793 299 1:0 28803
28793 293 1:0 28803
28800 291 1:0 28800
28802 66940 21:0 28802
28804 65292 1:0 28808
28804 56234 1:0 28808
28804 65246 1:0 28808
28804 66811 21:0 28810
28805 283 21:0 28805
28809 65253 1:0 28813
28809 65200 1:0 28813
28809 297 1:0 28813
28809 56344 1:0 28813
28809 66812 21:0 28815
28810 287 21:0 28810
28814 65338 1:0 28827
28814 65186 1:0 28827
28814 56348 1:0 28827
28814 66813 21:0 28881
28815 285 21:0 28815
28815 307 1:0 28815
28816 295 1:0 28827
28817 66934 21:0 28817
28826 66953 21:0 28826
28828 65134 1:0 28863
28829 293 21:0 28829
28837 66954 21:0 28837
28864 55781 1:0 28879
28865 66958 21:0 28865
28865 66960 21:0 28865
28865 66961 21:0 28865
28869 311 1:0 28879
28869 317 1:0 28879
28876 309 1:0 28876
28880 65147 1:0 28884
28880 65199 1:0 28884
28880 65259 1:0 28884
28880 66843 21:0 28886
28881 301 21:0 28881
28885 56294 1:0 28889
28885 313 1:0 28889
28885 56120 1:0 28889
28885 65233 1:0 28889
28885 66845 21:0 28891
28886 305 21:0 28886
28890 65087 1:0 28903
28890 65166 1:0 28903
28890 65109 1:0 28903
28890 66844 21:0 28957
28891 303 21:0 28891
28891 325 1:0 28891
28892 315 1:0 28903
28904 55838 1:0 28939
28905 311 21:0 28905
28913 66987 21:0 28913
28939 327 1:0 28939
28940 65389 1:0 28960
28941 66991 21:0 28941
28941 66993 21:0 28941
28941 66994 21:0 28941
28946 66995 21:0 28946
28954 67006 21:0 28954
28956 66846 21:0 28962
28957 319 21:0 28957
28961 66876 21:0 28967
28961 65387 1:0 28971
28962 323 21:0 28962
28962 67007 21:0 28962
28966 65101 1:0 28971
28966 66877 21:0 28976
28966 371 1:0 28969
28972 65388 1:0 28979
28975 65187 1:0 28982
28975 55778 1:0 28982
28975 66878 21:0 28984
28976 321 21:0 28976
28976 371 21:0 28976
28980 67016 21:0 28980
28981 67016 1:0 28981
28983 65385 1:0 28983
28983 66879 21:0 28987
28983 65386 1:0 28989
28985 323 1:0 28985
28986 55724 1:0 28991
28986 55694 1:0 28991
28986 55685 1:0 28991
28986 55696 1:0 28991
28986 55699 1:0 28991
28986 66909 21:0 28996
28989 55664 1:0 28989
28991 55672 1:0 28991
28991 65383 1:0 28991
28992 65356 1:0 29019
28994 319 1:0 28994
28995 56063 1:0 29019
28995 65154 1:0 29019
28995 66910 21:0 29056
28999 55667 1:0 28999
29000 65384 1:0 29000
29005 65378 1:0 29005
29008 371 1:0 29008
29017 65374 1:0 29019
29019 65363 1:0 29019
29019 55703 1:0 29019
29020 65354 1:0 29102
29055 65365 1:0 29055
29055 66911 21:0 29104
29076 311 1:0 29076
29082 65364 1:0 29082
29103 66912 21:0 29107
29103 65355 1:0 29110
29105 303 1:0 29105
29106 56002 1:0 29113
29106 65140 1:0 29113
29106 66942 21:0 29118
29109 55717 1:0 29109
29114 65352 1:0 29114
29114 65353 1:0 29120
29116 305 1:0 29116
29117 55753 1:0 29122
29117 55756 1:0 29122
29117 55751 1:0 29122
29117 55742 1:0 29122
29117 55774 1:0 29122
29117 66944 21:0 29124
29121 55729 1:0 29122
29122 65350 1:0 29122
29123 66943 21:0 29127
29123 65323 1:0 29150
29125 301 1:0 29125
29126 65028 1:0 29150
29126 56633 1:0 29150
29126 66945 21:0 29209
29136 65345 1:0 29136
29148 65341 1:0 29150
29150 55760 1:0 29150
29150 65330 1:0 29150
29151 65340 1:0 29151
29151 65321 1:0 29233
29160 65336 1:0 29160
29207 293 1:0 29207
29208 66975 21:0 29238
29234 65322 1:0 29241
29236 285 1:0 29236
29237 65034 1:0 29244
29237 65001 1:0 29244
29237 66977 21:0 29246
29245 66976 21:0 29249
29245 65320 1:0 29251
29247 287 1:0 29247
29248 64976 1:0 29253
29248 55810 1:0 29253
29248 55808 1:0 29253
29248 55799 1:0 29253
29248 55813 1:0 29253
29248 66978 21:0 29258
29253 55786 1:0 29253
29253 65317 1:0 29253
29254 65290 1:0 29281
29256 283 1:0 29256
29257 65009 1:0 29281
29257 64982 1:0 29281
29257 67008 21:0 29318
29262 65318 1:0 29262
29279 65308 1:0 29281
29281 65297 1:0 29281
29281 55817 1:0 29281
29282 65307 1:0 29282
29282 65289 1:0 29364
29317 67010 21:0 29366
29338 275 1:0 29338
29344 65298 1:0 29344
29365 67009 21:0 29369
29365 65288 1:0 29371
29367 267 1:0 29367
29368 64935 1:0 29375
29368 65061 1:0 29375
29368 67011 21:0 29380
29376 65287 1:0 29382
29378 269 1:0 29378
29379 66432 21:0 29380
29379 66433 21:0 29380
29379 55867 1:0 29384
29379 55865 1:0 29384
29379 55856 1:0 29384
29379 65006 1:0 29384
29379 55870 1:0 29384
29379 66445 21:0 29386
29382 55835 1:0 29382
29384 65284 1:0 29384
29384 55843 1:0 29384
29385 66446 21:0 29386
29385 66439 21:0 29386
29385 66465 21:0 29389
29385 65257 1:0 29412
29387 265 1:0 29387
29388 66466 21:0 29389
29388 66478 21:0 29389
29388 65055 1:0 29412
29388 64956 1:0 29412
29388 66472 21:0 29414
29393 65285 1:0 29393
29398 65279 1:0 29398
29410 65275 1:0 29412
29412 55874 1:0 29412
29412 65264 1:0 29412
29413 65274 1:0 29413
29413 66463 21:0 29449
29413 65255 1:0 29495
29422 65273 1:0 29422
29422 65272 1:0 29422
29448 65266 1:0 29448
29448 66452 21:0 29468
29467 66458 21:0 29471
29469 257 1:0 29469
29470 66467 21:0 29497
29475 65265 1:0 29475
29496 66459 21:0 29497
29496 66511 21:0 29497
29496 66496 21:0 29500
29496 65256 1:0 29503
29498 249 1:0 29498
29499 66479 21:0 29500
29499 66491 21:0 29500
29499 65068 1:0 29506
29499 64955 1:0 29506
29499 66498 21:0 29508
29502 55888 1:0 29502
29503 55888 21:0 29503
29507 66512 21:0 29508
29507 66500 21:0 29508
29507 66485 21:0 29511
29507 65254 1:0 29513
29509 251 1:0 29509
29510 66505 21:0 29511
29510 66499 21:0 29511
29510 64936 1:0 29515
29510 55927 1:0 29515
29510 55913 1:0 29515
29510 55922 1:0 29515
29510 55924 1:0 29515
29510 66492 21:0 29517
29513 55892 1:0 29513
29515 55900 1:0 29515
29515 65251 1:0 29515
29516 66590 21:0 29517
29516 66584 21:0 29517
29516 66533 21:0 29520
29516 65224 1:0 29543
29518 247 1:0 29518
29519 66532 21:0 29520
29519 66604 21:0 29520
29519 65039 1:0 29543
29519 64944 1:0 29543
29519 66557 21:0 29545
29523 55895 1:0 29523
29524 55895 21:0 29524
29524 65252 1:0 29524
29541 65242 1:0 29543
29543 55931 1:0 29543
29543 65231 1:0 29543
29544 65241 1:0 29544
29544 66598 21:0 29580
29544 65223 1:0 29626
29546 245 1:0 29546
29553 65239 1:0 29553
29579 66566 21:0 29599
29598 66595 21:0 29602
29601 66531 21:0 29628
29627 66564 21:0 29628
29627 66610 21:0 29628
29627 66577 21:0 29631
29627 65222 1:0 29633
29629 231 1:0 29629
29630 66562 21:0 29631
29630 66524 21:0 29631
29630 64969 1:0 29637
29630 65072 1:0 29637
29630 66518 21:0 29639
29638 66558 21:0 29639
29638 66571 21:0 29639
29638 66591 21:0 29642
29638 65221 1:0 29644
29640 233 1:0 29640
29641 66599 21:0 29642
29641 66597 21:0 29642
29641 55979 1:0 29646
29641 55984 1:0 29646
29641 55970 1:0 29646
29641 55981 1:0 29646
29641 65002 1:0 29646
29641 66565 21:0 29648
29644 55949 1:0 29644
29645 55949 21:0 29645
29646 65218 1:0 29646
29646 55957 1:0 29646
29646 55988 1:0 29674
29646 64977 1:0 29674
29646 65209 1:0 29674
29646 65198 1:0 29674
29646 64943 1:0 29674
29646 65191 1:0 29674
29646 56038 1:0 29777
29646 56036 1:0 29777
29646 65185 1:0 29777
29646 56014 1:0 29777
29646 56045 1:0 29805
29646 65165 1:0 29805
29646 65176 1:0 29805
29646 56071 1:0 29908
29646 56093 1:0 29908
29646 65152 1:0 29908
29646 56102 1:0 29936
29646 65143 1:0 29936
29646 65132 1:0 29936
29646 56128 1:0 30039
29646 56159 1:0 30067
29647 66544 21:0 29648
29647 66525 21:0 29648
29647 66578 21:0 29651
29649 229 1:0 29649
29649 65048 1:0 29768
29650 66551 21:0 29651
29650 66538 21:0 29651
29650 66545 21:0 29676
29652 65189 1:0 29757
29652 65190 1:0 29765
29654 55952 1:0 29654
29654 65076 1:0 29768
29655 55952 21:0 29655
29655 65219 1:0 29655
29657 65119 1:0 30039
29660 65213 1:0 29660
29673 65188 1:0 29775
29675 66529 21:0 29697
29685 56041 1:0 29777
29685 64975 1:0 29777
29685 56027 1:0 29777
29685 56095 1:0 29908
29685 56150 1:0 30039
29685 56152 1:0 30039
29685 65110 1:0 30067
29685 65099 1:0 30067
29696 66697 21:0 29730
29729 66611 21:0 29733
29731 65158 1:0 29805
29732 66775 21:0 29759
29734 64929 1:0 29805
29734 56098 1:0 29908
29739 65041 1:0 29805
29746 56209 1:0 30170
29754 64940 1:0 29899
29755 65010 1:0 29899
29758 66709 21:0 29759
29758 66742 21:0 29759
29758 66727 21:0 29762
29760 213 1:0 29760
29761 66632 21:0 29762
29761 66661 21:0 29762
29761 66760 21:0 29770
29767 65157 1:0 29888
29768 65156 1:0 29895
29768 56084 1:0 29908
29768 56155 1:0 30039
29768 56141 1:0 30039
29768 56185 1:0 30170
29768 56216 1:0 30198
29768 56242 1:0 30301
29768 56273 1:0 30329
29769 66624 21:0 29770
29769 66730 21:0 29770
29769 66617 21:0 29773
29771 215 1:0 29771
29771 65155 1:0 29906
29772 66637 21:0 29773
29772 66664 21:0 29773
29772 66762 21:0 29779
29774 65042 1:0 29908
29774 65008 1:0 29936
29774 64949 1:0 29936
29775 56006 1:0 29775
29776 56006 21:0 29776
29777 65125 1:0 29936
29777 65124 1:0 30019
29778 66689 21:0 29779
29778 66656 21:0 29779
29778 66731 21:0 29782
29780 211 1:0 29780
29780 64962 1:0 30030
29780 65054 1:0 30030
29781 66710 21:0 29782
29781 66694 21:0 29782
29781 66643 21:0 29807
29783 65123 1:0 30026
29785 56009 1:0 29785
29785 65122 1:0 30037
29788 64988 1:0 30039
29805 65092 1:0 30067
29806 65175 1:0 29806
29806 66749 21:0 29813
29812 66663 21:0 29861
29814 65086 1:0 30170
29815 65174 1:0 29815
29815 65173 1:0 29815
29816 65022 1:0 30067
29816 64973 1:0 30067
29857 56198 1:0 30170
29860 66677 21:0 29864
29863 66628 21:0 29890
29865 65091 1:0 30150
29870 65067 1:0 30161
29873 65160 1:0 29873
29877 65077 1:0 30198
29885 65074 1:0 30161
29886 65075 1:0 30170
29889 66650 21:0 29890
29889 66755 21:0 29890
29889 66657 21:0 29893
29891 195 1:0 29891
29892 66763 21:0 29893
29892 66743 21:0 29893
29892 66623 21:0 29901
29895 56059 1:0 29895
29896 56059 21:0 29896
29898 65090 1:0 30157
29899 65089 1:0 30168
29899 56212 1:0 30170
29899 56207 1:0 30170
29899 65066 1:0 30198
29899 65044 1:0 30301
29899 56255 1:0 30301
29899 65053 1:0 30301
29899 56269 1:0 30301
29899 56264 1:0 30301
29899 56266 1:0 30329
29899 65033 1:0 30329
29899 65020 1:0 30432
29899 56299 1:0 30432
29899 65011 1:0 30460
29899 56330 1:0 30460
29899 65000 1:0 30460
29899 64987 1:0 30563
29899 56356 1:0 30563
29899 64978 1:0 30591
29899 64967 1:0 30591
29899 56387 1:0 30591
29899 56413 1:0 30694
29899 64954 1:0 30694
29899 64945 1:0 30722
29899 64934 1:0 30722
29899 56444 1:0 30722
29899 56470 1:0 30825
29899 64921 1:0 30825
29899 64912 1:0 30853
29899 56501 1:0 30853
29899 64901 1:0 30853
29899 56527 1:0 30956
29899 64888 1:0 30956
29899 64879 1:0 30984
29899 56558 1:0 30984
29899 64868 1:0 30984
29899 56584 1:0 31087
29899 64855 1:0 31087
29899 64846 1:0 31115
29899 56615 1:0 31115
29899 64835 1:0 31115
29899 64822 1:0 31226
29899 56641 1:0 31226
29899 21 1:0 31226
29899 56672 1:0 31308
29899 64802 1:0 31308
29899 19 1:0 31308
29900 66670 21:0 29901
29900 66690 21:0 29901
29900 66630 21:0 29904
29902 197 1:0 29902
29902 65059 1:0 30198
29903 66703 21:0 29904
29903 66683 21:0 29904
29903 66665 21:0 29910
29905 64942 1:0 30198
29905 65021 1:0 30198
29905 64989 1:0 30292
29908 65057 1:0 30281
29908 65058 1:0 30289
29909 66723 21:0 29910
29909 66769 21:0 29910
29909 66776 21:0 29913
29911 193 1:0 29911
29911 64968 1:0 30292
29911 65015 1:0 30301
29912 371 21:0 29913
29912 55892 21:0 29913
29912 55667 21:0 29938
29914 65056 1:0 30299
29916 56066 1:0 29916
29916 65026 1:0 30329
29917 65153 1:0 29917
29919 64995 1:0 30329
29934 65035 1:0 30329
29935 64813 1:0 31246
29937 66896 21:0 29941
29939 191 1:0 29939
29940 55778 21:0 29992
29946 65141 1:0 29946
29947 65024 1:0 30412
29988 64870 1:0 30423
29991 66986 21:0 29995
29994 303 21:0 30021
29996 65025 1:0 30420
30001 64923 1:0 30423
30004 65127 1:0 30004
30016 64876 1:0 30432
30017 56312 1:0 30432
30017 56326 1:0 30432
30017 56323 1:0 30432
30017 56321 1:0 30432
30017 56369 1:0 30563
30017 56380 1:0 30563
30017 56378 1:0 30563
30020 67000 21:0 30021
30020 66829 21:0 30021
30020 66914 21:0 30024
30022 177 1:0 30022
30023 66729 21:0 30024
30023 323 21:0 30024
30023 55660 21:0 30032
30027 56116 21:0 30027
30029 65023 1:0 30430
30030 64902 1:0 30460
30030 64907 1:0 30460
30030 64993 1:0 30460
30030 64863 1:0 30554
30031 65121 1:0 30031
30031 66925 21:0 30032
30031 55781 21:0 30032
30031 66967 21:0 30035
30033 179 1:0 30033
30033 64922 1:0 30554
30034 66881 21:0 30035
30034 56009 21:0 30035
30034 66764 21:0 30041
30036 64991 1:0 30543
30038 56120 21:0 30038
30039 64992 1:0 30551
30039 64990 1:0 30561
30040 66895 21:0 30041
30040 66796 21:0 30041
30040 66929 21:0 30044
30042 175 1:0 30042
30042 56383 1:0 30563
30042 64877 1:0 30563
30042 64883 1:0 30591
30042 56435 1:0 30694
30042 56437 1:0 30694
30042 56440 1:0 30694
30042 56426 1:0 30694
30042 56492 1:0 30825
30043 55831 21:0 30044
30043 66756 21:0 30044
30043 55945 21:0 30069
30045 64911 1:0 30591
30045 64960 1:0 30591
30048 56123 21:0 30048
30048 65120 1:0 30048
30053 65114 1:0 30053
30065 64958 1:0 30674
30066 64896 1:0 30685
30068 55664 21:0 30072
30070 173 1:0 30070
30071 66848 21:0 30123
30077 65105 1:0 30077
30077 65108 1:0 30077
30078 64959 1:0 30682
30119 64890 1:0 30685
30119 56494 1:0 30825
30122 66920 21:0 30126
30125 55838 21:0 30152
30132 64957 1:0 30692
30147 64869 1:0 30694
30148 64909 1:0 30722
30151 56084 21:0 30152
30151 66789 21:0 30152
30151 66859 21:0 30152
30151 56027 21:0 30155
30153 159 1:0 30153
30154 55927 21:0 30155
30154 56141 21:0 30155
30154 66831 21:0 30155
30154 56041 21:0 30155
30154 56098 21:0 30155
30154 55799 21:0 30155
30154 55856 21:0 30155
30154 56155 21:0 30155
30154 55870 21:0 30155
30154 55984 21:0 30155
30154 55970 21:0 30155
30154 55979 21:0 30155
30154 55913 21:0 30155
30154 55813 21:0 30160
30157 56173 1:0 30157
30159 55742 21:0 30163
30160 64927 1:0 30722
30161 64903 1:0 30722
30161 64926 1:0 30805
30162 66809 21:0 30163
30162 66875 21:0 30163
30162 55756 21:0 30163
30162 66980 21:0 30166
30164 161 1:0 30164
30164 64925 1:0 30812
30165 55685 21:0 30166
30165 66666 21:0 30166
30165 66930 21:0 30166
30165 56038 21:0 30166
30165 56150 21:0 30166
30165 55808 21:0 30166
30165 56095 21:0 30166
30165 66468 21:0 30166
30165 56036 21:0 30166
30165 56093 21:0 30166
30165 66732 21:0 30166
30165 55922 21:0 30166
30165 66864 21:0 30166
30165 66765 21:0 30166
30165 66798 21:0 30166
30165 56152 21:0 30166
30165 66567 21:0 30166
30165 66534 21:0 30166
30165 55810 21:0 30166
30165 55981 21:0 30166
30165 55699 21:0 30166
30165 55867 21:0 30166
30165 55865 21:0 30166
30165 283 21:0 30166
30165 66600 21:0 30166
30165 66633 21:0 30166
30165 66897 21:0 30166
30165 66501 21:0 30166
30165 55924 21:0 30166
30165 66699 21:0 30166
30165 66963 21:0 30169
30167 64910 1:0 30816
30167 64916 1:0 30816
30167 56497 1:0 30825
30167 64878 1:0 30825
30167 56483 1:0 30825
30168 66477 21:0 30169
30168 66774 21:0 30169
30168 66721 21:0 30169
30168 66510 21:0 30169
30168 66457 21:0 30169
30168 66754 21:0 30169
30168 66490 21:0 30169
30168 66840 21:0 30169
30168 66655 21:0 30169
30168 66609 21:0 30169
30168 66688 21:0 30169
30168 66787 21:0 30169
30168 66939 21:0 30169
30168 66576 21:0 30169
30168 66741 21:0 30169
30168 66589 21:0 30169
30168 66523 21:0 30169
30168 66675 21:0 30169
30168 66873 21:0 30169
30168 66853 21:0 30169
30168 66906 21:0 30169
30168 66996 21:0 30169
30168 66886 21:0 30169
30168 66972 21:0 30169
30168 66820 21:0 30169
30168 66807 21:0 30169
30168 66622 21:0 30169
30168 66708 21:0 30169
30168 66556 21:0 30169
30168 66642 21:0 30169
30168 66952 21:0 30169
30168 66919 21:0 30169
30168 66543 21:0 30169
30169 56177 21:0 30172
30170 64924 1:0 30823
30170 64894 1:0 30853
30170 54468 1:0 31327
30171 319 21:0 30172
30171 66947 21:0 30175
30173 157 1:0 30173
30173 64857 1:0 30853
30173 64874 1:0 30853
30174 287 21:0 30175
30174 66974 21:0 30175
30174 55774 21:0 30193
30176 64892 1:0 30936
30179 56180 21:0 30179
30181 64893 1:0 30944
30184 65081 1:0 30184
30188 64889 1:0 30947
30192 233 21:0 30203
30196 64830 1:0 30947
30197 56540 1:0 30956
30197 56554 1:0 30956
30197 56549 1:0 30956
30197 56551 1:0 30956
30197 56608 1:0 31087
30197 56606 1:0 31087
30202 56185 21:0 30203
30202 55957 21:0 30203
30202 55672 21:0 30203
30202 253 21:0 30203
30202 55900 21:0 30203
30202 67005 21:0 30203
30202 66985 21:0 30203
30202 55931 21:0 30203
30202 325 21:0 30203
30202 277 21:0 30203
30202 307 21:0 30203
30202 291 21:0 30203
30202 55753 21:0 30203
30202 55751 21:0 30203
30202 309 21:0 30203
30202 289 21:0 30203
30202 255 21:0 30203
30202 55694 21:0 30203
30202 55696 21:0 30203
30202 273 21:0 30203
30202 295 21:0 30203
30202 297 21:0 30203
30202 271 21:0 30203
30202 313 21:0 30203
30202 315 21:0 30203
30202 55988 21:0 30203
30202 56159 21:0 30203
30202 55703 21:0 30203
30202 56071 21:0 30203
30202 56128 21:0 30203
30202 56014 21:0 30203
30202 327 21:0 30203
30202 56102 21:0 30203
30202 56045 21:0 30203
30202 147 21:0 30203
30202 55729 21:0 30203
30202 55874 21:0 30203
30202 55760 21:0 30203
30202 55786 21:0 30203
30202 55817 21:0 30203
30202 55843 21:0 30203
30204 147 1:0 30301
30206 56198 21:0 30238
30209 64891 1:0 30954
30237 279 21:0 30238
30237 259 21:0 30238
30241 56207 21:0 30244
30243 317 21:0 30247
30246 261 21:0 30247
30250 64844 1:0 30956
30251 56209 21:0 30254
30253 293 21:0 30254
30253 311 21:0 30254
30253 299 21:0 30257
30256 241 21:0 30257
30256 97 21:0 30257
30256 281 21:0 30257
30256 275 21:0 30257
30256 243 21:0 30257
30258 97 1:0 30563
30261 56212 21:0 30283
30263 64861 1:0 30984
30278 64837 1:0 30984
30279 64856 1:0 30984
30282 263 21:0 30283
30282 257 21:0 30283
30282 245 21:0 30283
30282 56216 21:0 30283
30282 66861 21:0 30283
30282 55724 21:0 30283
30282 231 21:0 30286
30284 141 1:0 30284
30285 285 21:0 30286
30285 66644 21:0 30286
30285 66736 21:0 30294
30289 56230 21:0 30289
30291 64860 1:0 31067
30292 64859 1:0 31074
30292 64841 1:0 31078
30292 64836 1:0 31078
30292 64843 1:0 31087
30293 66921 21:0 30294
30293 66788 21:0 30294
30293 66826 21:0 30297
30295 143 1:0 30295
30295 56611 1:0 31087
30295 56597 1:0 31087
30295 56654 1:0 31221
30295 9 1:0 31221
30295 56663 1:0 31234
30295 7 1:0 31243
30295 56665 1:0 31297
30296 63 21:0 30297
30296 66854 21:0 30297
30296 66696 21:0 30297
30298 63 1:0 30825
30298 64858 1:0 31085
30300 56234 21:0 30303
30301 64850 1:0 31100
30301 64845 1:0 31115
30301 64828 1:0 31115
30302 66973 21:0 30303
30302 66962 21:0 30306
30304 139 1:0 30304
30304 64826 1:0 31198
30305 29 21:0 30306
30305 56066 21:0 30306
30305 56002 21:0 30306
30305 239 21:0 30306
30307 29 1:0 31087
30307 64827 1:0 31206
30307 56636 1:0 31209
30307 64824 1:0 31209
30309 64817 1:0 31218
30310 56237 21:0 30334
30328 64825 1:0 31216
30333 56242 21:0 30334
30335 5 1:0 31300
30337 56255 21:0 30369
30340 64823 1:0 31221
30340 64810 1:0 31221
30372 56264 21:0 30375
30381 64812 1:0 31246
30381 64811 1:0 31246
30382 56266 21:0 30385
30384 66907 21:0 30388
30386 56686 1:0 31308
30389 64808 1:0 31246
30389 56668 1:0 31307
30392 56269 21:0 30414
30394 64804 1:0 31281
30409 64797 1:0 31300
30410 3 1:0 31325
30413 56273 21:0 30414
30413 66941 21:0 30414
30413 66830 21:0 30414
30413 55721 21:0 30417
30415 123 1:0 30415
30416 56063 21:0 30417
30416 56173 21:0 30417
30420 56287 21:0 30425
30422 64803 1:0 31308
30422 56063 1:0 32136
30422 56173 1:0 32152
30422 55721 1:0 32157
30423 66830 1:0 32157
30423 66941 1:0 32157
30423 56002 1:0 32162
30423 56066 1:0 32162
30423 66907 1:0 32162
30423 66696 1:0 32176
30423 66973 1:0 32176
30424 66927 21:0 30425
30424 267 21:0 30425
30424 301 21:0 30428
30426 125 1:0 30426
30426 66927 1:0 32100
30426 267 1:0 32100
30427 55835 21:0 30428
30427 305 21:0 30431
30429 55835 1:0 32086
30429 301 1:0 32100
30431 56291 21:0 30434
30432 305 1:0 32086
30432 66962 1:0 32176
30432 66854 1:0 32212
30432 66826 1:0 32228
30432 66788 1:0 32233
30432 66921 1:0 32233
30432 66736 1:0 32233
30432 231 1:0 32238
30432 285 1:0 32238
30435 121 1:0 30435
30435 66644 1:0 32238
30438 66861 1:0 32252
30438 55724 1:0 32252
30438 233 1:0 32288
30440 55774 1:0 32304
30441 56294 21:0 30465
30443 245 1:0 32304
30443 239 1:0 32304
30458 287 1:0 32309
30459 66974 1:0 32309
30459 66947 1:0 32309
30464 56299 21:0 30465
30468 56312 21:0 30500
30503 56321 21:0 30506
30513 56323 21:0 30516
30523 56326 21:0 30545
30544 56330 21:0 30545
30546 105 1:0 30546
30551 56344 21:0 30556
30557 107 1:0 30557
30562 56348 21:0 30562
30566 103 1:0 30566
30571 56351 1:0 30571
30572 56351 21:0 30572
30577 56356 21:0 30578
30594 101 1:0 30594
30599 56369 21:0 30631
30634 56378 21:0 30637
30644 56380 21:0 30647
30654 56383 21:0 30676
30675 56387 21:0 30676
30677 87 1:0 30677
30682 56401 21:0 30687
30688 89 1:0 30688
30688 56401 1:0 32081
30693 56405 21:0 30696
30697 85 1:0 30697
30697 56405 1:0 32081
30702 56408 1:0 30702
30708 56413 21:0 30709
30709 56408 21:0 30727
30728 56408 1:0 32252
30730 56426 21:0 30762
30765 56435 21:0 30768
30775 56437 21:0 30778
30785 56440 21:0 30807
30806 56444 21:0 30807
30808 69 1:0 30808
30812 56458 1:0 30812
30813 56458 21:0 30818
30819 71 1:0 30819
30824 56462 21:0 30824
30828 67 1:0 30828
30839 56470 21:0 30840
30840 56465 21:0 30858
30859 56465 1:0 32081
30861 56483 21:0 30893
30896 56492 21:0 30899
30906 56494 21:0 30909
30910 59 1:0 30910
30916 56497 21:0 30938
30937 56501 21:0 30938
30939 51 1:0 30939
30944 56515 21:0 30949
30950 53 1:0 30950
30950 56515 1:0 32086
30954 56519 1:0 30954
30955 56519 21:0 30955
30959 49 1:0 30959
30965 56522 21:0 30989
30988 56527 21:0 30989
30992 56540 21:0 31024
31027 56549 21:0 31030
31037 56551 21:0 31040
31047 56554 21:0 31069
31068 56558 21:0 31069
31070 33 1:0 31070
31075 56572 21:0 31080
31081 35 1:0 31081
31086 56576 21:0 31086
31090 31 1:0 31090
31095 56579 1:0 31095
31096 56579 21:0 31120
31119 56584 21:0 31120
31123 56597 21:0 31155
31158 56606 21:0 31161
31168 56608 21:0 31171
31172 23 1:0 31172
31178 56611 21:0 31200
31199 56615 21:0 31200
31201 15 1:0 31201
31205 56629 1:0 31205
31206 56629 21:0 31211
31212 17 1:0 31212
31217 56633 21:0 31220
31221 13 1:0 31221
31227 56636 21:0 31251
31250 56641 21:0 31251
31254 56654 21:0 31286
31289 56663 21:0 31292
31299 56665 21:0 31302
31309 56668 21:0 31338
31337 54468 21:0 31339
31338 68046 21:0 31339
31339 68047 21:0 31350
31349 19 21:0 31350
31349 3 21:0 31350
31349 56672 21:0 31350
31350 68048 21:0 31383
31382 56686 21:0 31383
31382 68057 21:0 31383
31382 5 21:0 31383
31382 9 21:0 31383
31382 7 21:0 31383
31385 68041 21:0 31394
31393 21 21:0 31394
31393 68066 21:0 31394
31393 68055 21:0 31394
31393 68056 21:0 31394
31394 13 21:0 31394
31396 68069 21:0 31404
31399 17 21:0 31399
31403 68071 21:0 31454
31404 15 21:0 31404
31453 68070 21:0 31470
31469 68072 21:0 31480
31470 31 21:0 31470
31475 35 21:0 31475
31479 68102 21:0 31530
31480 33 21:0 31480
31529 68104 21:0 31546
31545 68103 21:0 31556
31546 49 21:0 31546
31551 53 21:0 31551
31555 68105 21:0 31606
31556 51 21:0 31556
31605 68135 21:0 31622
31621 68137 21:0 31632
31622 67 21:0 31622
31627 71 21:0 31627
31631 68136 21:0 31682
31632 69 21:0 31632
31681 68138 21:0 31698
31697 68168 21:0 31708
31698 85 21:0 31698
31703 89 21:0 31703
31707 68170 21:0 31758
31708 87 21:0 31708
31757 68169 21:0 31774
31773 68171 21:0 31784
31774 103 21:0 31774
31779 107 21:0 31779
31783 68201 21:0 31817
31784 105 21:0 31784
31816 68203 21:0 31850
31849 68202 21:0 31860
31850 121 21:0 31850
31855 125 21:0 31855
31859 68204 21:0 31882
31860 123 21:0 31860
31881 68234 21:0 31926
31925 68235 21:0 31936
31926 139 21:0 31926
31931 143 21:0 31931
31935 68236 21:0 31954
31936 141 21:0 31936
31953 68237 21:0 32002
31958 68312 21:0 31958
31986 68318 21:0 31986
31993 68305 21:0 31993
32001 68267 21:0 32007
32002 157 21:0 32002
32006 68268 21:0 32030
32007 161 21:0 32007
32012 159 21:0 32012
32014 68325 21:0 32014
32023 68344 21:0 32023
32029 68269 21:0 32078
32034 68345 21:0 32034
32062 68349 21:0 32062
32067 68353 21:0 32067
32077 68270 21:0 32083
32078 175 21:0 32078
32082 68300 21:0 32102
32083 179 21:0 32083
32088 177 21:0 32088
32101 68301 21:0 32154
32110 68378 21:0 32110
32138 68384 21:0 32138
32143 68386 21:0 32143
32145 68371 21:0 32145
32153 68302 21:0 32159
32154 193 21:0 32154
32158 68303 21:0 32178
32159 197 21:0 32159
32164 195 21:0 32164
32166 68391 21:0 32166
32177 68333 21:0 32230
32186 68411 21:0 32186
32214 68415 21:0 32214
32214 68417 21:0 32214
32219 68419 21:0 32219
32227 68430 21:0 32227
32229 68334 21:0 32235
32230 211 21:0 32230
32234 68335 21:0 32254
32235 215 21:0 32235
32240 213 21:0 32240
32242 68424 21:0 32242
32253 68336 21:0 32306
32290 68448 21:0 32290
32290 68450 21:0 32290
32305 68366 21:0 32311
32306 229 21:0 32306
32310 319 1:0 32314
32310 56458 1:0 32314
32310 283 1:0 32314
32310 243 1:0 32314
32310 68367 21:0 32330
32311 233 21:0 32311
32311 68464 21:0 32311
32315 66980 1:0 32328
32315 56291 1:0 32328
32315 66875 1:0 32328
32316 231 21:0 32316
32316 253 1:0 32316
32317 241 1:0 32328
32318 68457 21:0 32318
32329 66809 1:0 32364
32329 68368 21:0 32382
32365 66789 1:0 32380
32366 68484 21:0 32366
32370 257 1:0 32371
32370 263 1:0 32371
32371 68485 21:0 32371
32371 255 1:0 32371
32372 261 1:0 32380
32379 68496 21:0 32379
32381 55838 1:0 32385
32381 56237 1:0 32385
32381 66859 1:0 32385
32381 68369 21:0 32387
32382 247 21:0 32382
32386 55664 1:0 32390
32386 66848 1:0 32390
32386 66920 1:0 32390
32386 68399 21:0 32406
32387 251 21:0 32387
32391 66756 1:0 32404
32391 55831 1:0 32404
32391 55945 1:0 32404
32392 249 21:0 32392
32392 271 1:0 32392
32393 259 1:0 32404
32394 68490 21:0 32394
32403 68509 21:0 32403
32405 66929 1:0 32440
32405 68400 21:0 32458
32441 66796 1:0 32456
32446 275 1:0 32456
32446 281 1:0 32456
32449 68503 21:0 32449
32453 273 1:0 32453
32457 56287 1:0 32461
32457 56629 1:0 32461
32457 56579 1:0 32461
32457 68401 21:0 32463
32458 265 21:0 32458
32462 66881 1:0 32466
32462 279 1:0 32466
32462 66764 1:0 32466
32462 66895 1:0 32466
32462 68402 21:0 32482
32463 269 21:0 32463
32467 56572 1:0 32480
32467 56522 1:0 32480
32467 56234 1:0 32480
32468 267 21:0 32468
32468 289 1:0 32468
32469 277 1:0 32480
32470 68523 21:0 32470
32479 68542 21:0 32479
32481 56009 1:0 32516
32481 68432 21:0 32534
32517 66967 1:0 32532
32518 68549 21:0 32518
32518 68547 21:0 32518
32522 293 1:0 32523
32522 299 1:0 32523
32523 291 1:0 32523
32524 295 1:0 32532
32531 68562 21:0 32531
32533 66925 1:0 32537
32533 55660 1:0 32537
32533 55781 1:0 32537
32533 68434 21:0 32539
32538 323 1:0 32542
32538 56177 1:0 32542
32538 66729 1:0 32542
32538 68433 21:0 32544
32543 66829 1:0 32556
32543 66914 1:0 32556
32543 67000 1:0 32556
32543 68435 21:0 32610
32544 307 1:0 32544
32545 297 1:0 32556
32557 303 1:0 32592
32593 66986 1:0 32608
32598 317 1:0 32608
32598 311 1:0 32608
32605 309 1:0 32605
32609 55778 1:0 32613
32609 66896 1:0 32613
32609 56344 1:0 32613
32609 68465 21:0 32615
32614 56294 1:0 32618
32614 55667 1:0 32618
32614 55892 1:0 32618
32614 315 1:0 32618
32614 68466 21:0 32620
32619 66776 1:0 32632
32619 56633 1:0 32632
32619 68467 21:0 32686
32619 372 1:0 32632
32620 325 1:0 32620
32621 313 1:0 32632
32631 68608 21:0 32631
32633 66723 1:0 32668
32642 68609 21:0 32642
32668 327 1:0 32668
32669 67011 1:0 32689
32670 68613 21:0 32670
32670 68616 21:0 32670
32670 68615 21:0 32670
32675 68617 21:0 32675
32677 68602 21:0 32677
32685 68468 21:0 32691
32690 68498 21:0 32696
32690 67009 1:0 32700
32691 68629 21:0 32691
32693 321 1:0 32693
32695 66769 1:0 32700
32695 66665 1:0 32700
32695 68499 21:0 32705
32701 67010 1:0 32708
32704 66703 1:0 32711
32704 66683 1:0 32711
32704 68500 21:0 32713
32708 55660 21:0 32708
32712 67007 1:0 32712
32712 68501 21:0 32716
32712 67008 1:0 32718
32715 66630 1:0 32720
32715 55694 1:0 32720
32715 55699 1:0 32720
32715 55696 1:0 32720
32715 55685 1:0 32720
32715 68531 21:0 32725
32720 67005 1:0 32720
32720 55672 1:0 32720
32721 66978 1:0 32748
32724 66690 1:0 32748
32724 66670 1:0 32748
32724 68533 21:0 32785
32729 67006 1:0 32729
32746 66996 1:0 32748
32748 55703 1:0 32748
32748 66985 1:0 32748
32749 66995 1:0 32749
32749 66976 1:0 32831
32758 66991 1:0 32758
32758 66993 1:0 32758
32758 66994 1:0 32758
32784 66987 1:0 32784
32784 68532 21:0 32833
32832 68534 21:0 32836
32832 66977 1:0 32839
32835 66743 1:0 32842
32835 66623 1:0 32842
32835 68564 21:0 32847
32843 66975 1:0 32849
32846 55756 1:0 32851
32846 55753 1:0 32851
32846 55751 1:0 32851
32846 55742 1:0 32851
32846 66763 1:0 32851
32846 68566 21:0 32853
32850 55729 1:0 32851
32851 66972 1:0 32851
32852 68565 21:0 32856
32852 66945 1:0 32879
32855 66657 1:0 32879
32855 66650 1:0 32879
32855 68567 21:0 32938
32877 66963 1:0 32879
32879 66952 1:0 32879
32879 55760 1:0 32879
32880 66943 1:0 32962
32889 66958 1:0 32889
32889 66960 1:0 32889
32889 66961 1:0 32889
32915 66954 1:0 32915
32937 68597 21:0 32967
32942 66953 1:0 32942
32963 66944 1:0 32970
32966 66628 1:0 32973
32966 66755 1:0 32973
32966 68599 21:0 32975
32974 68598 21:0 32978
32974 66942 1:0 32980
32977 55810 1:0 32982
32977 55808 1:0 32982
32977 66677 1:0 32982
32977 55813 1:0 32982
32977 55799 1:0 32982
32977 68600 21:0 32987
32982 66939 1:0 32982
32982 55786 1:0 32982
32983 66912 1:0 33010
32986 66663 1:0 33010
32986 66749 1:0 33010
32986 68630 21:0 33047
32991 66940 1:0 32991
32996 66934 1:0 32996
33008 66930 1:0 33010
33010 66919 1:0 33010
33010 55817 1:0 33010
33011 66911 1:0 33093
33020 66928 1:0 33020
33046 68632 21:0 33095
33094 68631 21:0 33098
33094 66910 1:0 33100
33096 267 1:0 33096
33097 66710 1:0 33104
33097 66643 1:0 33104
33097 68633 21:0 33109
33101 55831 21:0 33101
33105 66908 1:0 33105
33105 66909 1:0 33111
33107 269 1:0 33107
33108 68067 21:0 33109
33108 68054 21:0 33109
33108 66694 1:0 33113
33108 55870 1:0 33113
33108 55856 1:0 33113
33108 55865 1:0 33113
33108 55867 1:0 33113
33108 68052 21:0 33115
33112 55835 21:0 33112
33113 66906 1:0 33113
33113 55843 1:0 33113
33114 68068 21:0 33115
33114 68061 21:0 33115
33114 68087 21:0 33118
33114 66879 1:0 33141
33116 265 1:0 33116
33117 68089 21:0 33118
33117 68100 21:0 33118
33117 66731 1:0 33141
33117 66656 1:0 33141
33117 68081 21:0 33143
33127 66901 1:0 33127
33139 66897 1:0 33141
33141 66886 1:0 33141
33141 55874 1:0 33141
33142 68074 21:0 33168
33142 66878 1:0 33224
33151 66894 1:0 33151
33151 66892 1:0 33151
33167 68080 21:0 33197
33177 66888 1:0 33177
33196 68088 21:0 33200
33199 68094 21:0 33226
33204 66887 1:0 33204
33225 68134 21:0 33226
33225 68085 21:0 33226
33225 68121 21:0 33229
33225 66877 1:0 33231
33227 249 1:0 33227
33228 68114 21:0 33229
33228 68101 21:0 33229
33228 66762 1:0 33235
33228 66689 1:0 33235
33228 68133 21:0 33237
33231 55888 1:0 33231
33236 68107 21:0 33237
33236 68120 21:0 33237
33236 68122 21:0 33240
33236 66876 1:0 33242
33238 251 1:0 33238
33239 68118 21:0 33240
33239 68113 21:0 33240
33239 55924 1:0 33244
33239 55927 1:0 33244
33239 55913 1:0 33244
33239 66664 1:0 33244
33239 55922 1:0 33244
33239 68127 21:0 33246
33243 55892 21:0 33243
33243 55900 1:0 33244
33244 66873 1:0 33244
33245 68217 21:0 33246
33245 68167 21:0 33246
33245 68186 21:0 33249
33245 66846 1:0 33272
33247 247 1:0 33247
33248 68173 21:0 33249
33248 68219 21:0 33249
33248 66637 1:0 33272
33248 66617 1:0 33272
33248 68166 21:0 33274
33252 55895 1:0 33252
33253 55895 21:0 33253
33253 66874 1:0 33253
33258 66868 1:0 33258
33270 66864 1:0 33272
33272 55931 1:0 33272
33272 66853 1:0 33272
33273 66863 1:0 33273
33273 68153 21:0 33283
33273 66844 1:0 33355
33282 66862 1:0 33282
33282 68160 21:0 33328
33308 66855 1:0 33308
33327 68179 21:0 33331
33330 68213 21:0 33357
33356 68220 21:0 33357
33356 68239 21:0 33357
33356 68253 21:0 33360
33356 66845 1:0 33363
33358 231 1:0 33358
33359 68252 21:0 33360
33359 68283 21:0 33360
33359 66624 1:0 33366
33359 66730 1:0 33366
33359 68250 21:0 33368
33363 55945 21:0 33363
33367 66842 1:0 33367
33367 68146 21:0 33368
33367 68180 21:0 33368
33367 68245 21:0 33371
33367 66843 1:0 33373
33369 233 1:0 33369
33370 68233 21:0 33371
33370 68188 21:0 33371
33370 66760 1:0 33375
33370 55979 1:0 33375
33370 55970 1:0 33375
33370 55981 1:0 33375
33370 55984 1:0 33375
33370 68155 21:0 33377
33373 55949 1:0 33373
33374 55949 21:0 33374
33375 66840 1:0 33375
33375 55957 1:0 33375
33375 66813 1:0 33403
33375 55988 1:0 33403
33375 66820 1:0 33403
33375 66831 1:0 33403
33375 66632 1:0 33403
33375 66661 1:0 33403
33375 56014 1:0 33506
33375 66807 1:0 33506
33375 56038 1:0 33506
33375 56036 1:0 33506
33375 66798 1:0 33534
33375 56045 1:0 33534
33375 66787 1:0 33534
33375 66774 1:0 33637
33375 66765 1:0 33637
33375 66754 1:0 33637
33375 56071 1:0 33637
33375 56093 1:0 33637
33375 56102 1:0 33665
33375 56128 1:0 33768
33375 56159 1:0 33796
33376 68147 21:0 33377
33376 68254 21:0 33377
33376 68193 21:0 33380
33378 229 1:0 33378
33378 66727 1:0 33497
33379 68265 21:0 33380
33379 68200 21:0 33380
33379 68278 21:0 33405
33381 66812 1:0 33486
33381 66811 1:0 33493
33383 55952 1:0 33383
33383 66742 1:0 33497
33384 66841 1:0 33384
33386 66741 1:0 33768
33389 66835 1:0 33389
33402 66810 1:0 33504
33403 56027 1:0 33506
33403 56041 1:0 33506
33403 56098 1:0 33637
33404 68184 21:0 33408
33407 68140 21:0 33459
33413 66828 1:0 33413
33414 66709 1:0 33506
33439 66822 1:0 33439
33458 68154 21:0 33462
33460 66780 1:0 33534
33461 68279 21:0 33488
33463 66611 1:0 33534
33463 56084 1:0 33637
33466 66821 1:0 33466
33468 66775 1:0 33534
33471 66815 1:0 33471
33474 66732 1:0 33796
33475 66721 1:0 33796
33483 66529 1:0 33628
33484 66697 1:0 33628
33487 68212 21:0 33488
33487 68151 21:0 33488
33487 68259 21:0 33491
33489 213 1:0 33489
33490 68187 21:0 33491
33490 68266 21:0 33491
33490 68206 21:0 33499
33494 56002 21:0 33494
33496 66779 1:0 33617
33497 66778 1:0 33624
33497 66545 1:0 33637
33498 68232 21:0 33499
33498 68286 21:0 33499
33498 68285 21:0 33502
33500 215 1:0 33500
33500 66777 1:0 33635
33501 68287 21:0 33502
33501 68221 21:0 33502
33501 68272 21:0 33508
33503 66551 1:0 33665
33503 66538 1:0 33665
33503 56095 1:0 33665
33503 56152 1:0 33768
33503 56155 1:0 33768
33503 56141 1:0 33768
33503 56150 1:0 33768
33503 56185 1:0 33899
33503 66708 1:0 33899
33503 56216 1:0 33927
33503 56242 1:0 34030
33503 56273 1:0 34058
33504 56006 1:0 33504
33505 56006 21:0 33505
33506 66747 1:0 33665
33506 66745 1:0 33748
33507 68199 21:0 33508
33507 68226 21:0 33508
33507 68246 21:0 33511
33509 211 1:0 33509
33509 66525 1:0 33759
33509 66578 1:0 33759
33510 68582 21:0 33511
33510 55724 21:0 33511
33510 68569 21:0 33536
33512 66746 1:0 33756
33514 66744 1:0 33766
33515 66808 1:0 33515
33517 66544 1:0 33768
33520 66802 1:0 33520
33534 66714 1:0 33796
33535 66797 1:0 33535
33535 68583 21:0 33539
33538 68595 21:0 33590
33540 56212 1:0 33899
33544 66793 1:0 33544
33544 66795 1:0 33544
33545 66597 1:0 33796
33545 66565 1:0 33796
33586 56209 1:0 33899
33589 68580 21:0 33593
33592 68589 21:0 33619
33594 66713 1:0 33879
33599 66599 1:0 33890
33602 66782 1:0 33602
33606 66699 1:0 33927
33614 66591 1:0 33890
33615 56207 1:0 33899
33615 56198 1:0 33899
33615 66688 1:0 33927
33615 56255 1:0 34030
33615 56264 1:0 34030
33615 66675 1:0 34030
33615 56266 1:0 34030
33615 56269 1:0 34030
33615 66666 1:0 34058
33615 66655 1:0 34058
33615 56299 1:0 34161
33615 66642 1:0 34161
33615 56330 1:0 34189
33615 66633 1:0 34189
33615 66622 1:0 34189
33615 56356 1:0 34292
33615 66609 1:0 34292
33615 66600 1:0 34292
33615 66589 1:0 34320
33615 56387 1:0 34320
33615 66576 1:0 34423
33615 56413 1:0 34423
33615 56444 1:0 34451
33615 66556 1:0 34451
33615 66567 1:0 34451
33615 66543 1:0 34554
33615 56470 1:0 34554
33615 66523 1:0 34582
33615 56501 1:0 34582
33615 66534 1:0 34582
33615 66510 1:0 34685
33615 56527 1:0 34685
33615 66490 1:0 34713
33615 56558 1:0 34713
33615 66501 1:0 34713
33615 56584 1:0 34816
33615 66477 1:0 34816
33615 56615 1:0 34844
33615 66457 1:0 34844
33615 66468 1:0 34844
33615 66444 1:0 34955
33615 56641 1:0 34955
33615 21 1:0 34955
33615 19 1:0 35038
33615 56672 1:0 35041
33615 66424 1:0 35042
33618 68576 21:0 33619
33618 68584 21:0 33619
33618 68575 21:0 33622
33620 195 1:0 33620
33621 68443 21:0 33622
33621 68397 21:0 33622
33621 55838 21:0 33630
33624 56059 1:0 33624
33625 56059 21:0 33625
33627 66712 1:0 33886
33628 66711 1:0 33897
33628 66558 1:0 33899
33629 68418 21:0 33630
33629 68529 21:0 33630
33629 68404 21:0 33633
33631 197 1:0 33631
33631 66681 1:0 33927
33632 68517 21:0 33633
33632 68481 21:0 33633
33632 55952 21:0 33639
33634 66571 1:0 33927
33634 66518 1:0 33927
33634 66524 1:0 34021
33637 66679 1:0 34010
33637 66680 1:0 34018
33638 372 21:0 33639
33638 68463 21:0 33639
33638 68451 21:0 33642
33640 193 1:0 33640
33640 66562 1:0 34021
33640 66577 1:0 34030
33641 68483 21:0 33642
33641 56009 21:0 33642
33641 68452 21:0 33667
33643 66678 1:0 34028
33645 66648 1:0 34058
33648 66610 1:0 34058
33663 66564 1:0 34058
33664 66435 1:0 34975
33666 68476 21:0 33670
33669 68556 21:0 33721
33676 66647 1:0 34141
33717 66595 1:0 34152
33720 68563 21:0 33724
33723 68437 21:0 33750
33725 66646 1:0 34148
33730 66531 1:0 34152
33745 56323 1:0 34161
33745 56312 1:0 34161
33745 56326 1:0 34161
33745 56321 1:0 34161
33745 56369 1:0 34292
33745 56378 1:0 34292
33745 56380 1:0 34320
33746 66566 1:0 34161
33749 68550 21:0 33750
33749 68331 21:0 33750
33749 68596 21:0 33753
33751 177 1:0 33751
33752 68299 21:0 33753
33752 55721 21:0 33753
33752 68543 21:0 33761
33755 56116 1:0 33755
33756 56116 21:0 33756
33758 66645 1:0 34159
33759 66598 1:0 34189
33759 66557 1:0 34189
33759 66615 1:0 34189
33759 66604 1:0 34283
33760 68319 21:0 33761
33760 68338 21:0 33761
33760 68530 21:0 33764
33762 179 1:0 33762
33762 66532 1:0 34283
33763 68551 21:0 33764
33763 68444 21:0 33764
33763 56063 21:0 33770
33765 66614 1:0 34272
33766 56120 1:0 33766
33768 66613 1:0 34279
33768 66612 1:0 34290
33769 68292 21:0 33770
33769 68410 21:0 33770
33769 68311 21:0 33773
33771 175 1:0 33771
33771 66533 1:0 34292
33771 56383 1:0 34292
33771 66584 1:0 34320
33771 56440 1:0 34423
33771 56437 1:0 34423
33771 56435 1:0 34423
33771 56426 1:0 34423
33771 56492 1:0 34554
33772 68431 21:0 33773
33772 319 21:0 33773
33772 68385 21:0 33798
33774 66582 1:0 34320
33774 66590 1:0 34320
33776 56123 1:0 33776
33777 56123 21:0 33777
33794 66581 1:0 34403
33795 66499 1:0 34414
33797 68518 21:0 33801
33800 68514 21:0 33852
33807 66580 1:0 34410
33848 66492 1:0 34414
33848 56494 1:0 34554
33851 68298 21:0 33855
33854 68470 21:0 33881
33859 66722 1:0 33859
33861 66579 1:0 34421
33864 66716 1:0 33864
33876 66505 1:0 34423
33877 66485 1:0 34451
33880 68365 21:0 33881
33880 68352 21:0 33881
33880 68377 21:0 33884
33882 159 1:0 33882
33883 68536 21:0 33884
33883 68510 21:0 33884
33883 68358 21:0 33892
33887 56173 21:0 33887
33889 66549 1:0 34451
33890 66500 1:0 34451
33890 66548 1:0 34534
33890 56483 1:0 34554
33890 56497 1:0 34554
33891 56041 21:0 33892
33891 56141 21:0 33892
33891 56084 21:0 33892
33891 56098 21:0 33892
33891 56155 21:0 33892
33891 56027 21:0 33892
33891 68364 21:0 33892
33891 55984 21:0 33895
33893 161 1:0 33893
33893 66547 1:0 34541
33894 55870 21:0 33895
33894 55913 21:0 33895
33894 55813 21:0 33895
33894 55927 21:0 33895
33894 55756 21:0 33895
33894 55742 21:0 33895
33894 55699 21:0 33895
33894 55856 21:0 33895
33894 55685 21:0 33895
33894 55799 21:0 33895
33894 55970 21:0 33895
33894 68497 21:0 33901
33896 66512 1:0 34545
33896 66498 1:0 34545
33896 66491 1:0 34554
33898 56177 21:0 33898
33899 66546 1:0 34552
33899 66516 1:0 34582
33900 68332 21:0 33901
33900 247 21:0 33904
33902 157 1:0 33902
33902 66496 1:0 34582
33902 66479 1:0 34582
33903 305 21:0 33904
33903 55774 21:0 33904
33903 321 21:0 33910
33905 66514 1:0 34665
33907 56180 1:0 33907
33908 56180 21:0 33908
33909 68316 21:0 33932
33910 66515 1:0 34673
33911 66511 1:0 34676
33925 66459 1:0 34676
33926 56540 1:0 34685
33926 56554 1:0 34685
33926 56551 1:0 34685
33926 56549 1:0 34685
33926 56606 1:0 34816
33926 54468 1:0 35042
33928 66698 1:0 33928
33931 68475 21:0 33932
33931 68528 21:0 33932
33931 68607 21:0 33932
33931 68594 21:0 33932
33931 68627 21:0 33932
33931 68574 21:0 33932
33931 68541 21:0 33932
33931 68508 21:0 33932
33931 68519 21:0 33932
33931 68561 21:0 33932
33931 56038 21:0 33932
33931 56185 21:0 33932
33931 255 21:0 33932
33931 55988 21:0 33932
33931 55957 21:0 33932
33931 56102 21:0 33932
33931 56093 21:0 33932
33931 56014 21:0 33932
33931 56071 21:0 33932
33931 56036 21:0 33932
33931 68387 21:0 33932
33931 56159 21:0 33932
33931 68420 21:0 33932
33931 56045 21:0 33932
33931 68453 21:0 33932
33931 56150 21:0 33932
33931 56152 21:0 33932
33931 68321 21:0 33932
33931 68156 21:0 33932
33931 68288 21:0 33932
33931 68123 21:0 33932
33931 327 21:0 33932
33931 55703 21:0 33932
33931 55729 21:0 33932
33931 55672 21:0 33932
33931 55760 21:0 33932
33931 55786 21:0 33932
33931 55817 21:0 33932
33931 55843 21:0 33932
33931 55874 21:0 33932
33931 55900 21:0 33932
33931 55931 21:0 33932
33931 73 21:0 33932
33931 325 21:0 33932
33931 309 21:0 33932
33931 68552 21:0 33932
33931 307 21:0 33932
33931 291 21:0 33932
33931 289 21:0 33932
33931 273 21:0 33932
33931 56128 21:0 33932
33931 271 21:0 33932
33931 68363 21:0 33932
33931 68211 21:0 33932
33931 68112 21:0 33932
33931 68264 21:0 33932
33931 68244 21:0 33932
33931 68429 21:0 33932
33931 68099 21:0 33932
33931 68231 21:0 33932
33931 68079 21:0 33932
33931 68165 21:0 33932
33931 68297 21:0 33932
33931 68222 21:0 33932
33931 68277 21:0 33932
33931 253 21:0 33932
33931 55979 21:0 33932
33931 55981 21:0 33932
33931 68585 21:0 33932
33931 68486 21:0 33932
33931 111 21:0 33932
33931 57 21:0 33932
33931 147 21:0 33932
33931 68495 21:0 33932
33931 68090 21:0 33932
33931 68354 21:0 33932
33931 68618 21:0 33932
33931 68376 21:0 33932
33931 68198 21:0 33932
33931 68189 21:0 33932
33931 68409 21:0 33932
33931 56095 21:0 33932
33931 68442 21:0 33932
33931 68178 21:0 33932
33931 68145 21:0 33932
33931 68396 21:0 33932
33931 68255 21:0 33932
33931 68462 21:0 33932
33931 68310 21:0 33932
33931 68132 21:0 33932
33931 68330 21:0 33932
33931 68343 21:0 33932
33933 147 1:0 34030
33933 111 1:0 34292
33933 73 1:0 34582
33933 57 1:0 34685
33935 56198 21:0 33967
33938 66513 1:0 34683
33966 68382 21:0 33983
33979 66467 1:0 34685
33979 56611 1:0 34816
33982 68320 21:0 33986
33985 56209 21:0 33986
33990 56212 21:0 34012
33992 66483 1:0 34713
34007 66452 1:0 34713
34008 56597 1:0 34816
34008 56608 1:0 34816
34008 56663 1:0 34950
34008 7 1:0 34963
34008 9 1:0 34972
34008 56665 1:0 35026
34011 68398 21:0 34012
34011 299 21:0 34012
34011 55810 21:0 34012
34011 55808 21:0 34012
34011 55753 21:0 34012
34011 55751 21:0 34012
34011 55694 21:0 34012
34011 55696 21:0 34012
34011 297 21:0 34012
34011 295 21:0 34012
34011 313 21:0 34012
34011 315 21:0 34012
34011 311 21:0 34012
34011 317 21:0 34012
34011 55924 21:0 34012
34011 56207 21:0 34012
34011 55867 21:0 34012
34011 55865 21:0 34012
34011 55922 21:0 34012
34011 293 21:0 34015
34013 141 1:0 34013
34014 241 21:0 34015
34014 257 21:0 34015
34014 261 21:0 34015
34014 243 21:0 34015
34014 259 21:0 34015
34014 279 21:0 34015
34014 277 21:0 34015
34014 68622 21:0 34015
34014 275 21:0 34015
34014 281 21:0 34015
34014 56216 21:0 34015
34014 263 21:0 34015
34014 68477 21:0 34023
34017 56230 1:0 34017
34018 56230 21:0 34018
34020 66458 1:0 34713
34020 66463 1:0 34807
34020 66472 1:0 34807
34021 66481 1:0 34796
34021 66482 1:0 34804
34022 287 21:0 34023
34022 55888 21:0 34023
34022 68516 21:0 34026
34024 143 1:0 34024
34024 66478 1:0 34816
34025 56066 21:0 34026
34025 79 21:0 34026
34025 63 21:0 34026
34025 47 21:0 34026
34025 56120 21:0 34026
34027 79 1:0 34423
34027 63 1:0 34554
34027 47 1:0 34683
34027 66480 1:0 34814
34029 56234 21:0 34032
34030 66465 1:0 34844
34030 66450 1:0 34844
34030 66466 1:0 34844
34031 55781 21:0 34032
34031 68628 21:0 34035
34033 139 1:0 34033
34033 66448 1:0 34927
34034 29 21:0 34035
34034 55717 21:0 34035
34034 245 21:0 34035
34034 68351 21:0 34035
34034 101 21:0 34035
34036 101 1:0 34290
34036 29 1:0 34816
34036 66449 1:0 34935
34036 56636 1:0 34938
34036 66446 1:0 34938
34038 66439 1:0 34947
34039 66676 1:0 34039
34039 56237 21:0 34063
34057 66447 1:0 34945
34062 56242 21:0 34063
34064 56654 1:0 34950
34066 56255 21:0 34098
34069 66432 1:0 34950
34069 66445 1:0 34950
34101 56264 21:0 34104
34110 66433 1:0 34975
34110 66430 1:0 34975
34111 56266 21:0 34114
34113 283 21:0 34117
34115 56686 1:0 35042
34118 66434 1:0 34975
34118 5 1:0 35029
34121 56269 21:0 34143
34123 66426 1:0 35010
34138 56668 1:0 35036
34142 265 21:0 34143
34142 267 21:0 34143
34142 56273 21:0 34143
34142 249 21:0 34146
34144 123 1:0 34144
34145 285 21:0 34146
34149 56287 21:0 34154
34151 66419 1:0 35029
34151 66425 1:0 35037
34151 3 1:0 35058
34151 285 1:0 35886
34151 245 1:0 36033
34152 249 1:0 35886
34152 267 1:0 35891
34152 265 1:0 35891
34152 283 1:0 35891
34152 68628 1:0 35905
34152 68351 1:0 35905
34152 55717 1:0 35905
34155 125 1:0 34155
34160 56291 21:0 34160
34161 55781 1:0 35941
34161 56120 1:0 35957
34161 56066 1:0 35962
34161 68516 1:0 35962
34161 287 1:0 35962
34161 68622 1:0 35967
34161 68477 1:0 35967
34161 55888 1:0 35967
34164 121 1:0 34164
34167 56234 1:0 35981
34167 68398 1:0 35981
34167 68320 1:0 35981
34169 68382 1:0 36017
34170 56294 21:0 34194
34172 68316 1:0 36033
34187 305 1:0 36038
34188 321 1:0 36038
34193 56299 21:0 34194
34197 56312 21:0 34229
34199 66631 1:0 34199
34232 56321 21:0 34235
34242 56323 21:0 34245
34252 56326 21:0 34274
34273 56330 21:0 34274
34275 105 1:0 34275
34280 56344 21:0 34285
34286 107 1:0 34286
34290 56348 1:0 34290
34291 56348 21:0 34291
34295 103 1:0 34295
34300 56351 1:0 34300
34301 56351 21:0 34301
34306 56356 21:0 34307
34328 56369 21:0 34360
34363 56378 21:0 34366
34373 56380 21:0 34376
34383 56383 21:0 34405
34404 56387 21:0 34405
34406 87 1:0 34406
34411 56401 21:0 34416
34417 89 1:0 34417
34422 56405 21:0 34422
34426 85 1:0 34426
34432 56408 21:0 34432
34437 56413 21:0 34438
34459 56426 21:0 34491
34494 56435 21:0 34497
34504 56437 21:0 34507
34514 56440 21:0 34536
34535 56444 21:0 34536
34537 69 1:0 34537
34542 56458 21:0 34542
34548 71 1:0 34548
34552 56462 1:0 34552
34553 56462 21:0 34553
34557 67 1:0 34557
34563 56465 21:0 34587
34586 56470 21:0 34587
34590 56483 21:0 34622
34625 56492 21:0 34628
34635 56494 21:0 34638
34645 56497 21:0 34667
34666 56501 21:0 34667
34668 51 1:0 34668
34673 56515 21:0 34673
34679 53 1:0 34679
34683 56519 1:0 34683
34684 56519 21:0 34687
34688 49 1:0 34688
34694 56522 21:0 34694
34699 56527 21:0 34700
34721 56540 21:0 34753
34756 56549 21:0 34759
34766 56551 21:0 34769
34776 56554 21:0 34798
34797 56558 21:0 34798
34799 33 1:0 34799
34804 56572 21:0 34804
34810 35 1:0 34810
34814 56576 1:0 34814
34815 56576 21:0 34818
34819 31 1:0 34819
34819 56576 1:0 36038
34825 56579 21:0 34825
34830 56584 21:0 34831
34852 56597 21:0 34884
34887 56606 21:0 34890
34897 56608 21:0 34900
34907 56611 21:0 34929
34928 56615 21:0 34929
34930 15 1:0 34930
34935 56629 21:0 34940
34941 17 1:0 34941
34946 56633 21:0 34949
34950 13 1:0 34950
34956 56636 21:0 34980
34979 56641 21:0 34980
34983 56654 21:0 35015
35018 56663 21:0 35021
35028 56665 21:0 35031
35038 56668 21:0 35068
35067 69668 21:0 35068
35067 56672 21:0 35068
35068 69669 21:0 35079
35078 54468 21:0 35079
35078 3 21:0 35079
35078 19 21:0 35079
35079 69670 21:0 35112
35111 5 21:0 35112
35111 69679 21:0 35112
35111 9 21:0 35112
35111 56686 21:0 35112
35111 7 21:0 35112
35114 69663 21:0 35123
35122 69678 21:0 35123
35122 21 21:0 35123
35122 69676 21:0 35123
35122 69688 21:0 35123
35123 13 21:0 35123
35125 69691 21:0 35133
35128 17 21:0 35128
35132 69692 21:0 35183
35133 15 21:0 35133
35182 69693 21:0 35199
35198 69694 21:0 35209
35199 31 21:0 35199
35204 35 21:0 35204
35208 69724 21:0 35259
35209 33 21:0 35209
35258 69726 21:0 35275
35274 69725 21:0 35285
35275 49 21:0 35275
35280 53 21:0 35280
35284 69727 21:0 35335
35285 51 21:0 35285
35334 69757 21:0 35351
35350 69759 21:0 35361
35351 67 21:0 35351
35356 71 21:0 35356
35360 69758 21:0 35411
35361 69 21:0 35361
35410 69760 21:0 35427
35426 69790 21:0 35437
35427 85 21:0 35427
35432 89 21:0 35432
35436 69792 21:0 35487
35437 87 21:0 35437
35486 69791 21:0 35503
35502 69793 21:0 35513
35503 103 21:0 35503
35508 107 21:0 35508
35512 69823 21:0 35553
35513 105 21:0 35513
35552 69825 21:0 35579
35578 69824 21:0 35589
35579 121 21:0 35579
35584 125 21:0 35584
35588 69826 21:0 35611
35589 123 21:0 35589
35610 69856 21:0 35655
35654 69858 21:0 35665
35655 139 21:0 35655
35660 143 21:0 35660
35664 69857 21:0 35683
35665 141 21:0 35665
35667 69914 21:0 35667
35682 69859 21:0 35731
35715 69940 21:0 35715
35720 69942 21:0 35720
35730 69889 21:0 35736
35731 157 21:0 35731
35735 69890 21:0 35759
35736 161 21:0 35736
35741 159 21:0 35741
35743 69947 21:0 35743
35758 69891 21:0 35807
35763 69967 21:0 35763
35791 69971 21:0 35791
35791 69974 21:0 35791
35798 69960 21:0 35798
35806 69892 21:0 35812
35807 175 21:0 35807
35811 69922 21:0 35831
35812 179 21:0 35812
35812 69987 21:0 35812
35817 177 21:0 35817
35819 69980 21:0 35819
35828 69999 21:0 35828
35830 69924 21:0 35883
35872 70008 21:0 35872
35880 70019 21:0 35880
35882 69923 21:0 35888
35883 193 21:0 35883
35887 69925 21:0 35907
35888 197 21:0 35888
35893 195 21:0 35893
35906 69955 21:0 35959
35915 70033 21:0 35915
35948 70041 21:0 35948
35958 69956 21:0 35964
35959 211 21:0 35959
35963 69957 21:0 35983
35964 215 21:0 35964
35969 213 21:0 35969
35982 69958 21:0 36035
36019 70072 21:0 36019
36024 70074 21:0 36024
36034 69988 21:0 36040
36035 229 21:0 36035
36039 247 1:0 36043
36039 56344 1:0 36043
36039 55774 1:0 36043
36039 243 1:0 36043
36039 69990 21:0 36059
36040 233 21:0 36040
36044 68497 1:0 36057
36044 56237 1:0 36057
36044 68332 1:0 36057
36045 231 21:0 36045
36045 253 1:0 36045
36046 241 1:0 36057
36047 70079 21:0 36047
36058 56294 1:0 36093
36058 69989 21:0 36111
36067 70099 21:0 36067
36094 68364 1:0 36109
36095 70105 21:0 36095
36095 70106 21:0 36095
36099 257 1:0 36109
36099 263 1:0 36109
36102 70092 21:0 36102
36106 255 1:0 36106
36110 68358 1:0 36114
36110 68510 1:0 36114
36110 68536 1:0 36114
36110 69991 21:0 36116
36111 247 21:0 36111
36115 56519 1:0 36119
36115 259 1:0 36119
36115 68352 1:0 36119
36115 68377 1:0 36119
36115 70021 21:0 36135
36116 251 21:0 36116
36120 68365 1:0 36133
36120 68470 1:0 36133
36120 68298 1:0 36133
36121 249 21:0 36121
36121 271 1:0 36121
36122 261 1:0 36133
36134 56629 1:0 36169
36134 70022 21:0 36187
36170 56401 1:0 36185
36171 70136 21:0 36171
36171 70139 21:0 36171
36175 281 1:0 36185
36175 275 1:0 36185
36182 273 1:0 36182
36186 68518 1:0 36190
36186 68514 1:0 36190
36186 68385 1:0 36190
36186 70023 21:0 36192
36187 265 21:0 36187
36191 319 1:0 36195
36191 56287 1:0 36195
36191 277 1:0 36195
36191 68431 1:0 36195
36191 70024 21:0 36211
36192 269 21:0 36192
36196 68410 1:0 36209
36196 68311 1:0 36209
36196 68292 1:0 36209
36197 267 21:0 36197
36197 289 1:0 36197
36198 279 1:0 36209
36199 70145 21:0 36199
36210 56063 1:0 36245
36210 70054 21:0 36263
36246 68444 1:0 36261
36251 293 1:0 36252
36251 299 1:0 36252
36252 291 1:0 36252
36253 297 1:0 36261
36254 70158 21:0 36254
36262 56465 1:0 36266
36262 68530 1:0 36266
36262 68551 1:0 36266
36262 70055 21:0 36268
36267 68338 1:0 36271
36267 68319 1:0 36271
36267 68543 1:0 36271
36267 70056 21:0 36273
36268 70185 21:0 36268
36272 55721 1:0 36285
36272 68299 1:0 36285
36272 68596 1:0 36285
36272 70057 21:0 36339
36273 307 1:0 36273
36274 295 1:0 36285
36275 70178 21:0 36275
36286 68331 1:0 36321
36322 68550 1:0 36337
36327 311 1:0 36337
36327 317 1:0 36337
36334 309 1:0 36334
36338 68556 1:0 36342
36338 68437 1:0 36342
36338 68563 1:0 36342
36338 70087 21:0 36344
36343 68452 1:0 36347
36343 315 1:0 36347
36343 68476 1:0 36347
36343 68483 1:0 36347
36343 70089 21:0 36349
36344 70218 21:0 36344
36348 68451 1:0 36361
36348 56009 1:0 36361
36348 70088 21:0 36415
36348 373 1:0 36361
36349 325 1:0 36349
36350 313 1:0 36361
36360 70230 21:0 36360
36362 68463 1:0 36397
36371 70231 21:0 36371
36397 327 1:0 36397
36398 68633 1:0 36418
36399 70237 21:0 36399
36399 70235 21:0 36399
36414 70090 21:0 36420
36419 70120 21:0 36425
36419 68631 1:0 36429
36424 68517 1:0 36429
36424 55952 1:0 36429
36424 70121 21:0 36434
36427 70244 21:0 36427
36430 68632 1:0 36437
36433 68576 1:0 36440
36433 68575 1:0 36440
36433 70122 21:0 36442
36436 55660 1:0 36436
36441 68629 1:0 36441
36441 70123 21:0 36445
36441 68630 1:0 36447
36444 55694 1:0 36449
36444 55685 1:0 36449
36444 55699 1:0 36449
36444 68584 1:0 36449
36444 55696 1:0 36449
36444 70153 21:0 36454
36448 55664 21:0 36448
36449 55672 1:0 36449
36449 68627 1:0 36449
36450 68600 1:0 36477
36453 68580 1:0 36477
36453 68589 1:0 36477
36453 70155 21:0 36514
36458 55667 21:0 36458
36475 68618 1:0 36477
36477 55703 1:0 36477
36477 68607 1:0 36477
36478 68617 1:0 36478
36478 68598 1:0 36560
36487 68613 1:0 36487
36487 68616 1:0 36487
36487 68615 1:0 36487
36513 68609 1:0 36513
36513 70154 21:0 36562
36540 68608 1:0 36540
36545 68602 1:0 36545
36561 70156 21:0 36565
36561 68599 1:0 36568
36564 68583 1:0 36571
36564 68595 1:0 36571
36564 70186 21:0 36576
36568 55717 21:0 36568
36572 68597 1:0 36578
36575 68569 1:0 36580
36575 55742 1:0 36580
36575 55756 1:0 36580
36575 55751 1:0 36580
36575 55753 1:0 36580
36575 70187 21:0 36582
36579 55729 1:0 36580
36580 68594 1:0 36580
36581 70188 21:0 36585
36581 68567 1:0 36608
36584 55724 1:0 36587
36584 68582 1:0 36608
36584 70189 21:0 36667
36606 68585 1:0 36608
36608 55760 1:0 36608
36608 68574 1:0 36608
36609 68565 1:0 36691
36666 70219 21:0 36696
36692 68566 1:0 36699
36695 68404 1:0 36702
36695 68481 1:0 36702
36695 70220 21:0 36704
36703 70221 21:0 36707
36703 68564 1:0 36709
36706 55799 1:0 36711
36706 55813 1:0 36711
36706 68418 1:0 36711
36706 55810 1:0 36711
36706 55808 1:0 36711
36706 70222 21:0 36716
36711 55786 1:0 36711
36711 68561 1:0 36711
36712 68534 1:0 36739
36715 68529 1:0 36739
36715 55838 1:0 36739
36715 70252 21:0 36776
36720 55781 21:0 36720
36720 68562 1:0 36720
36737 68552 1:0 36739
36739 55817 1:0 36739
36739 68541 1:0 36739
36740 68532 1:0 36822
36749 68549 1:0 36749
36749 68547 1:0 36749
36775 70253 21:0 36824
36802 68542 1:0 36802
36823 70254 21:0 36827
36823 68533 1:0 36830
36825 267 1:0 36825
36826 68397 1:0 36833
36826 68443 1:0 36833
36826 70255 21:0 36838
36829 55831 1:0 36829
36830 55831 21:0 36830
36834 68531 1:0 36840
36836 269 1:0 36836
36837 69677 21:0 36838
36837 69674 21:0 36838
36837 55865 1:0 36842
36837 55856 1:0 36842
36837 56636 1:0 36842
36837 55870 1:0 36842
36837 55867 1:0 36842
36837 69689 21:0 36844
36840 55835 1:0 36840
36842 55843 1:0 36842
36842 68528 1:0 36842
36843 69690 21:0 36844
36843 69683 21:0 36844
36843 69716 21:0 36847
36843 68501 1:0 36870
36845 265 1:0 36845
36846 69696 21:0 36847
36846 69722 21:0 36847
36846 68226 1:0 36870
36846 68246 1:0 36870
36846 69702 21:0 36872
36851 55838 21:0 36851
36856 68523 1:0 36856
36868 68519 1:0 36870
36870 68508 1:0 36870
36870 55874 1:0 36870
36871 69711 21:0 36907
36871 68500 1:0 36953
36906 69710 21:0 36926
36925 69703 21:0 36929
36928 69709 21:0 36955
36933 68509 1:0 36933
36938 68503 1:0 36938
36954 69707 21:0 36955
36954 69740 21:0 36955
36954 69756 21:0 36958
36954 68499 1:0 36960
36956 249 1:0 36956
36957 69735 21:0 36958
36957 69744 21:0 36958
36957 68199 1:0 36964
36957 68272 1:0 36964
36957 69729 21:0 36966
36965 69743 21:0 36966
36965 69755 21:0 36966
36965 69742 21:0 36969
36965 68498 1:0 36971
36967 251 1:0 36967
36968 69749 21:0 36969
36968 69723 21:0 36969
36968 68287 1:0 36973
36968 55913 1:0 36973
36968 55927 1:0 36973
36968 55924 1:0 36973
36968 55922 1:0 36973
36968 69736 21:0 36975
36971 55892 1:0 36971
36973 55900 1:0 36973
36973 68495 1:0 36973
36974 69848 21:0 36975
36974 69821 21:0 36975
36974 69762 21:0 36978
36974 68468 1:0 37001
36976 247 1:0 36976
36977 69841 21:0 36978
36977 69768 21:0 36978
36977 68221 1:0 37001
36977 68285 1:0 37001
36977 69775 21:0 37003
36981 55895 1:0 36981
36982 55895 21:0 36982
36982 68496 1:0 36982
36987 68490 1:0 36987
36999 68486 1:0 37001
37001 68475 1:0 37001
37001 55931 1:0 37001
37002 68485 1:0 37002
37002 69822 21:0 37038
37002 68467 1:0 37084
37011 68484 1:0 37011
37037 69854 21:0 37057
37056 69810 21:0 37060
37059 69842 21:0 37086
37085 69808 21:0 37086
37085 69809 21:0 37086
37085 69855 21:0 37089
37085 68466 1:0 37091
37087 231 1:0 37087
37088 69839 21:0 37089
37088 69835 21:0 37089
37088 68286 1:0 37095
37088 68232 1:0 37095
37088 69776 21:0 37097
37091 55945 1:0 37091
37096 68464 1:0 37096
37096 69900 21:0 37097
37096 69788 21:0 37097
37096 69876 21:0 37100
37096 68465 1:0 37102
37098 233 1:0 37098
37099 69894 21:0 37100
37099 69769 21:0 37100
37099 55970 1:0 37104
37099 55979 1:0 37104
37099 68206 1:0 37104
37099 55984 1:0 37104
37099 55981 1:0 37104
37099 69815 21:0 37106
37102 55949 1:0 37102
37104 68462 1:0 37104
37104 55957 1:0 37104
37104 68435 1:0 37132
37104 55988 1:0 37132
37104 68442 1:0 37132
37104 68453 1:0 37132
37104 68187 1:0 37132
37104 68266 1:0 37132
37104 56014 1:0 37235
37104 56036 1:0 37235
37104 68429 1:0 37235
37104 56038 1:0 37235
37104 68420 1:0 37263
37104 56045 1:0 37263
37104 68409 1:0 37263
37104 56071 1:0 37366
37104 68396 1:0 37366
37104 56095 1:0 37366
37104 56102 1:0 37394
37104 68376 1:0 37394
37104 68387 1:0 37394
37104 56128 1:0 37497
37104 56159 1:0 37525
37105 69861 21:0 37106
37105 69888 21:0 37106
37105 69908 21:0 37109
37107 229 1:0 37107
37107 68259 1:0 37226
37108 69828 21:0 37109
37108 69843 21:0 37109
37108 69802 21:0 37134
37110 68433 1:0 37215
37110 68434 1:0 37223
37112 68212 1:0 37226
37113 55952 21:0 37113
37115 68363 1:0 37497
37118 68457 1:0 37118
37131 68432 1:0 37233
37133 69801 21:0 37169
37142 68448 1:0 37142
37142 68450 1:0 37142
37143 56027 1:0 37235
37143 56041 1:0 37235
37143 68151 1:0 37235
37143 56098 1:0 37366
37168 69901 21:0 37188
37187 69875 21:0 37191
37189 68402 1:0 37263
37190 69874 21:0 37217
37192 68154 1:0 37263
37192 56084 1:0 37366
37197 68279 1:0 37263
37203 68354 1:0 37525
37204 68343 1:0 37525
37212 68184 1:0 37357
37213 68140 1:0 37357
37216 69868 21:0 37217
37216 69782 21:0 37217
37216 69789 21:0 37220
37218 213 1:0 37218
37219 69773 21:0 37220
37219 69887 21:0 37220
37219 69795 21:0 37228
37222 56002 1:0 37222
37225 68401 1:0 37346
37226 68400 1:0 37353
37226 68278 1:0 37366
37227 69872 21:0 37228
37227 69777 21:0 37228
37227 69905 21:0 37231
37229 215 1:0 37229
37229 68399 1:0 37364
37230 69806 21:0 37231
37230 69907 21:0 37231
37230 69834 21:0 37237
37232 56093 1:0 37366
37232 68200 1:0 37394
37232 68265 1:0 37394
37232 56150 1:0 37497
37232 56141 1:0 37497
37232 56155 1:0 37497
37232 56152 1:0 37497
37232 68330 1:0 37628
37232 56209 1:0 37628
37232 56185 1:0 37628
37232 56216 1:0 37656
37232 56242 1:0 37759
37232 56273 1:0 37787
37233 56006 1:0 37233
37235 68369 1:0 37394
37235 68368 1:0 37477
37236 69867 21:0 37237
37236 69881 21:0 37237
37236 69909 21:0 37240
37238 211 1:0 37238
37238 68193 1:0 37488
37238 68147 1:0 37488
37239 70211 21:0 37240
37239 70191 21:0 37240
37239 70198 21:0 37265
37241 68367 1:0 37484
37243 68366 1:0 37495
37244 56009 21:0 37244
37244 68430 1:0 37244
37246 68254 1:0 37497
37249 68424 1:0 37249
37261 68188 1:0 37525
37262 68155 1:0 37525
37264 68419 1:0 37264
37264 70197 21:0 37290
37273 68415 1:0 37273
37273 68417 1:0 37273
37274 68336 1:0 37525
37289 70202 21:0 37319
37299 68411 1:0 37299
37315 56212 1:0 37628
37318 70206 21:0 37322
37321 70205 21:0 37348
37323 68335 1:0 37608
37328 68245 1:0 37619
37335 68321 1:0 37656
37343 68233 1:0 37619
37344 56207 1:0 37628
37344 56198 1:0 37628
37344 68310 1:0 37656
37344 68297 1:0 37759
37344 56266 1:0 37759
37344 56269 1:0 37759
37344 56264 1:0 37759
37344 56255 1:0 37759
37344 68288 1:0 37787
37344 68277 1:0 37787
37344 68264 1:0 37890
37344 56299 1:0 37890
37344 68255 1:0 37918
37344 68244 1:0 37918
37344 56330 1:0 37918
37344 56356 1:0 38021
37344 68231 1:0 38021
37344 68211 1:0 38049
37344 56387 1:0 38049
37344 68222 1:0 38049
37344 68198 1:0 38152
37344 56413 1:0 38152
37344 68189 1:0 38180
37344 56444 1:0 38180
37344 68178 1:0 38180
37344 56470 1:0 38283
37344 68165 1:0 38283
37344 68156 1:0 38311
37344 56501 1:0 38311
37344 68145 1:0 38311
37344 68132 1:0 38414
37344 56527 1:0 38414
37344 68112 1:0 38442
37344 56558 1:0 38442
37344 56584 1:0 38545
37344 68099 1:0 38545
37344 68079 1:0 38573
37344 56615 1:0 38573
37344 68066 1:0 38684
37344 21 1:0 38684
37344 56641 1:0 38684
37344 19 1:0 38767
37344 56672 1:0 38770
37344 68046 1:0 38771
37347 70204 21:0 37348
37347 70217 21:0 37348
37347 55724 21:0 37351
37349 195 1:0 37349
37350 373 21:0 37351
37350 56002 21:0 37351
37350 70151 21:0 37359
37353 56059 1:0 37353
37356 68334 1:0 37615
37357 68333 1:0 37626
37357 68146 1:0 37628
37358 70140 21:0 37359
37358 70085 21:0 37359
37358 70037 21:0 37362
37360 197 1:0 37360
37360 68303 1:0 37656
37361 70006 21:0 37362
37361 70138 21:0 37362
37361 70007 21:0 37368
37363 68180 1:0 37656
37363 68250 1:0 37656
37363 68283 1:0 37750
37366 68302 1:0 37739
37366 68301 1:0 37746
37367 69920 21:0 37368
37367 70065 21:0 37368
37367 70032 21:0 37371
37369 193 1:0 37369
37369 68252 1:0 37750
37369 68253 1:0 37759
37370 70103 21:0 37371
37370 70164 21:0 37371
37370 70040 21:0 37396
37372 68300 1:0 37757
37374 68270 1:0 37787
37377 68239 1:0 37787
37380 68391 1:0 37380
37392 68220 1:0 37787
37395 68386 1:0 37395
37395 70013 21:0 37405
37404 68384 1:0 37404
37404 69975 21:0 37450
37405 68269 1:0 37870
37430 68378 1:0 37430
37446 68213 1:0 37881
37449 70119 21:0 37453
37452 69954 21:0 37479
37454 68268 1:0 37877
37459 68179 1:0 37881
37462 68371 1:0 37462
37474 56323 1:0 37890
37474 56312 1:0 37890
37474 56326 1:0 37890
37474 56321 1:0 37890
37474 56380 1:0 38021
37474 56383 1:0 38021
37474 56378 1:0 38021
37475 68160 1:0 37890
37478 70239 21:0 37479
37478 55774 21:0 37479
37478 55660 21:0 37482
37480 177 1:0 37480
37481 70026 21:0 37482
37481 70053 21:0 37482
37481 69973 21:0 37490
37484 56116 1:0 37484
37487 68267 1:0 37888
37488 68237 1:0 37918
37488 68153 1:0 37918
37488 68166 1:0 37918
37488 68219 1:0 38012
37489 69966 21:0 37490
37489 70086 21:0 37490
37489 69941 21:0 37493
37491 179 1:0 37491
37491 68173 1:0 38012
37492 69953 21:0 37493
37492 55835 21:0 37493
37492 55945 21:0 37499
37494 68236 1:0 38001
37497 68235 1:0 38008
37497 68234 1:0 38019
37498 55778 21:0 37499
37498 69986 21:0 37499
37498 55949 21:0 37502
37500 175 1:0 37500
37500 68186 1:0 38021
37500 56369 1:0 38021
37500 68217 1:0 38049
37500 56435 1:0 38152
37500 56437 1:0 38152
37501 69927 21:0 37502
37501 69993 21:0 37502
37501 70131 21:0 37527
37503 68167 1:0 38049
37503 68204 1:0 38049
37505 56123 1:0 37505
37523 68202 1:0 38132
37524 68113 1:0 38143
37526 68353 1:0 37526
37526 70000 21:0 37530
37529 70059 21:0 37581
37535 68349 1:0 37535
37536 68203 1:0 38140
37561 68345 1:0 37561
37577 68127 1:0 38143
37580 56152 21:0 37581
37580 56041 21:0 37581
37580 56027 21:0 37581
37580 56084 21:0 37584
37583 56098 21:0 37584
37583 56095 21:0 37584
37583 69976 21:0 37584
37583 56141 21:0 37588
37585 68201 1:0 38150
37587 69734 21:0 37588
37587 69820 21:0 37588
37587 69800 21:0 37588
37588 68344 1:0 37588
37588 56155 21:0 37610
37590 56426 1:0 38152
37590 56440 1:0 38152
37590 56492 1:0 38283
37590 56494 1:0 38283
37590 56497 1:0 38283
37605 68118 1:0 38152
37606 68120 1:0 38180
37606 56483 1:0 38283
37609 55927 21:0 37610
37609 55870 21:0 37610
37609 55970 21:0 37610
37609 55984 21:0 37610
37609 70118 21:0 37610
37609 56036 21:0 37610
37609 55856 21:0 37610
37609 55913 21:0 37610
37609 56063 21:0 37613
37611 159 1:0 37611
37612 70112 21:0 37613
37612 55799 21:0 37613
37612 56066 21:0 37613
37612 70042 21:0 37616
37615 56173 1:0 37615
37615 70031 21:0 37616
37615 69919 21:0 37616
37615 69787 21:0 37616
37615 70084 21:0 37616
37615 70064 21:0 37616
37615 69853 21:0 37616
37615 69952 21:0 37616
37615 69899 21:0 37616
37615 69985 21:0 37616
37615 69767 21:0 37616
37615 70051 21:0 37616
37615 69998 21:0 37616
37615 70117 21:0 37616
37615 69886 21:0 37616
37615 69833 21:0 37616
37615 69965 21:0 37616
37615 70018 21:0 37616
37615 69754 21:0 37616
37615 69712 21:0 37616
37615 69866 21:0 37616
37615 69701 21:0 37616
37615 70097 21:0 37616
37615 69721 21:0 37616
37615 69932 21:0 37616
37616 56173 21:0 37621
37618 68171 1:0 38180
37619 68122 1:0 38180
37619 68169 1:0 38263
37620 69933 21:0 37621
37620 70172 21:0 37621
37620 70152 21:0 37624
37622 161 1:0 37622
37622 68170 1:0 38271
37623 321 21:0 37624
37623 70224 21:0 37627
37625 68107 1:0 38274
37625 68133 1:0 38274
37626 56177 1:0 37626
37626 70046 21:0 37630
37628 68168 1:0 38281
37628 68114 1:0 38283
37628 68138 1:0 38311
37629 55699 21:0 37630
37629 55813 21:0 37630
37629 55742 21:0 37630
37629 55756 21:0 37630
37629 55685 21:0 37630
37629 70171 21:0 37633
37631 157 1:0 37631
37631 68121 1:0 38311
37631 68101 1:0 38311
37631 56551 1:0 38414
37631 56549 1:0 38414
37631 68123 1:0 38442
37631 56608 1:0 38545
37631 68090 1:0 38573
37631 68057 1:0 38704
37632 70125 21:0 37633
37632 70073 21:0 37633
37632 70251 21:0 37658
37634 68136 1:0 38394
37636 56180 1:0 37636
37639 68137 1:0 38402
37642 68325 1:0 37642
37654 68085 1:0 38405
37655 68134 1:0 38405
37655 56554 1:0 38414
37655 56540 1:0 38414
37655 56606 1:0 38545
37657 56123 21:0 37661
37660 56185 21:0 37661
37660 69811 21:0 37661
37660 56150 21:0 37661
37660 70108 21:0 37661
37660 70130 21:0 37661
37660 69877 21:0 37661
37660 56128 21:0 37661
37660 70009 21:0 37661
37660 70229 21:0 37661
37660 69844 21:0 37661
37660 56038 21:0 37661
37660 70150 21:0 37661
37660 70216 21:0 37661
37660 70075 21:0 37661
37660 69745 21:0 37661
37660 69910 21:0 37661
37660 56045 21:0 37661
37660 56093 21:0 37661
37660 55981 21:0 37661
37660 69778 21:0 37661
37660 70183 21:0 37661
37660 70163 21:0 37661
37660 69943 21:0 37661
37660 56071 21:0 37661
37660 70196 21:0 37661
37660 70249 21:0 37661
37660 55957 21:0 37662
37661 55931 21:0 37662
37661 56102 21:0 37662
37661 56014 21:0 37662
37661 56159 21:0 37662
37661 55988 21:0 37662
37661 55900 21:0 37663
37662 55760 21:0 37663
37662 55843 21:0 37663
37662 55786 21:0 37663
37662 55874 21:0 37663
37662 55729 21:0 37663
37662 55817 21:0 37663
37662 55703 21:0 37664
37663 271 21:0 37664
37663 109 21:0 37664
37663 273 21:0 37664
37663 289 21:0 37664
37663 255 21:0 37664
37663 291 21:0 37664
37663 253 21:0 37664
37663 307 21:0 37664
37663 309 21:0 37664
37663 325 21:0 37664
37663 55672 21:0 37664
37663 327 21:0 37664
37663 91 21:0 37664
37663 37 21:0 37664
37664 56198 21:0 37696
37665 109 1:0 38049
37665 91 1:0 38180
37665 37 1:0 38573
37666 68318 1:0 37666
37667 68135 1:0 38412
37692 68312 1:0 37692
37695 70107 21:0 37712
37708 68094 1:0 38414
37708 54468 1:0 38771
37711 70238 21:0 37715
37714 70174 21:0 37715
37714 56207 21:0 37715
37714 70207 21:0 37715
37714 70141 21:0 37715
37714 70240 21:0 37717
37719 56212 21:0 37741
37721 68105 1:0 38442
37724 68305 1:0 37724
37736 68088 1:0 38442
37737 56611 1:0 38545
37740 319 21:0 37741
37740 70169 21:0 37741
37740 56006 21:0 37744
37742 141 1:0 37742
37743 56177 21:0 37744
37743 55892 21:0 37744
37743 55721 21:0 37752
37746 56230 1:0 37746
37749 68080 1:0 38442
37749 68081 1:0 38536
37749 68074 1:0 38536
37750 68103 1:0 38525
37750 68104 1:0 38533
37751 69938 21:0 37752
37751 56120 21:0 37752
37751 70250 21:0 37755
37753 143 1:0 37753
37753 68100 1:0 38545
37754 70173 21:0 37755
37754 56059 21:0 37755
37754 56180 21:0 37761
37756 68102 1:0 38543
37758 56234 21:0 37758
37759 56597 1:0 38545
37759 68089 1:0 38573
37759 68087 1:0 38573
37759 68072 1:0 38573
37759 56654 1:0 38679
37760 70165 21:0 37761
37760 70184 21:0 37761
37760 69921 21:0 37764
37762 139 1:0 37762
37762 68070 1:0 38656
37763 70066 21:0 37764
37763 249 21:0 37764
37763 70039 21:0 37789
37765 68071 1:0 38664
37765 56633 1:0 38667
37765 68068 1:0 38667
37767 68061 1:0 38676
37768 56237 21:0 37768
37786 68069 1:0 38674
37787 68052 1:0 38679
37788 70052 21:0 37792
37791 55979 21:0 37792
37791 55867 21:0 37792
37791 55865 21:0 37792
37791 56209 21:0 37792
37791 56216 21:0 37792
37791 56242 21:0 37792
37791 55922 21:0 37792
37791 55924 21:0 37792
37793 68054 1:0 38679
37795 56255 21:0 37827
37798 9 1:0 38679
37798 68067 1:0 38684
37798 7 1:0 38692
37798 56663 1:0 38701
37798 68055 1:0 38704
37826 56230 21:0 37843
37839 68056 1:0 38704
37839 56665 1:0 38755
37839 5 1:0 38758
37839 56668 1:0 38765
37839 56686 1:0 38771
37839 3 1:0 38787
37842 70098 21:0 37846
37844 68048 1:0 38739
37845 56264 21:0 37846
37847 68041 1:0 38758
37850 56269 21:0 37872
37852 68047 1:0 38766
37871 55888 21:0 37872
37871 70132 21:0 37872
37871 70004 21:0 37875
37873 123 1:0 37873
37874 70070 21:0 37875
37874 301 21:0 37875
37874 283 21:0 37883
37876 70070 1:0 39544
37878 56287 21:0 37878
37880 301 1:0 39558
37880 70004 1:0 39558
37880 70132 1:0 39558
37880 55888 1:0 39610
37881 70098 1:0 39615
37881 56230 1:0 39615
37881 249 1:0 39620
37881 70052 1:0 39620
37881 70039 1:0 39620
37881 69921 1:0 39634
37881 70184 1:0 39634
37882 55810 21:0 37883
37882 56266 21:0 37883
37882 313 21:0 37883
37882 55696 21:0 37883
37882 55808 21:0 37883
37882 55751 21:0 37883
37882 55753 21:0 37883
37882 56116 21:0 37883
37882 317 21:0 37883
37882 315 21:0 37883
37882 69934 21:0 37883
37882 55694 21:0 37883
37882 311 21:0 37886
37884 125 1:0 37884
37884 56116 1:0 39539
37884 283 1:0 39544
37884 69934 1:0 39544
37885 257 21:0 37886
37885 275 21:0 37886
37885 65 21:0 37886
37885 279 21:0 37886
37885 277 21:0 37886
37885 56273 21:0 37886
37885 299 21:0 37886
37885 281 21:0 37886
37885 293 21:0 37886
37885 263 21:0 37886
37885 295 21:0 37886
37885 297 21:0 37886
37885 243 21:0 37886
37885 259 21:0 37886
37885 241 21:0 37886
37885 261 21:0 37886
37885 81 21:0 37886
37887 81 1:0 38152
37887 65 1:0 38281
37887 70066 1:0 39634
37887 70165 1:0 39670
37887 243 1:0 39762
37888 56291 1:0 37888
37889 56291 21:0 37892
37890 56180 1:0 39686
37890 70173 1:0 39691
37890 56059 1:0 39691
37890 70250 1:0 39696
37890 69938 1:0 39696
37890 56120 1:0 39710
37890 56177 1:0 39710
37890 55721 1:0 39710
37891 233 21:0 37892
37891 70020 21:0 37895
37893 121 1:0 37893
37893 233 1:0 39539
37893 56291 1:0 39691
37894 265 21:0 37895
37894 303 21:0 37895
37896 303 1:0 39518
37896 265 1:0 39534
37896 70020 1:0 39539
37896 55892 1:0 39746
37896 56006 1:0 39762
37896 70238 1:0 39767
37898 70169 1:0 39767
37899 56294 21:0 37899
37901 319 1:0 39767
37904 56299 21:0 37905
37905 269 21:0 37923
37924 269 1:0 39482
37926 56312 21:0 37958
37961 56321 21:0 37964
37971 56323 21:0 37974
37973 231 21:0 37977
37978 231 1:0 39482
37981 56326 21:0 38003
38002 56330 21:0 38003
38002 285 21:0 38003
38004 105 1:0 38004
38004 285 1:0 39482
38009 56344 21:0 38009
38015 107 1:0 38015
38019 56348 1:0 38019
38020 56348 21:0 38023
38024 103 1:0 38024
38024 56348 1:0 39696
38029 56351 1:0 38029
38030 56351 21:0 38030
38035 56356 21:0 38036
38057 56369 21:0 38089
38092 56378 21:0 38095
38102 56380 21:0 38105
38112 56383 21:0 38134
38133 56387 21:0 38134
38135 87 1:0 38135
38140 56401 21:0 38140
38146 89 1:0 38146
38150 56405 1:0 38150
38151 56405 21:0 38154
38155 85 1:0 38155
38160 56408 1:0 38160
38161 56408 21:0 38161
38166 56413 21:0 38167
38188 56426 21:0 38220
38223 56435 21:0 38226
38233 56437 21:0 38236
38243 56440 21:0 38265
38264 56444 21:0 38265
38266 69 1:0 38266
38270 56458 1:0 38270
38271 56458 21:0 38271
38277 71 1:0 38277
38281 56462 1:0 38281
38282 56462 21:0 38282
38286 67 1:0 38286
38292 56465 21:0 38316
38315 56470 21:0 38316
38317 56465 1:0 39594
38319 56483 21:0 38351
38354 56492 21:0 38357
38364 56494 21:0 38367
38374 56497 21:0 38396
38395 56501 21:0 38396
38397 51 1:0 38397
38401 56515 1:0 38401
38402 56515 21:0 38407
38408 53 1:0 38408
38413 56519 21:0 38416
38417 49 1:0 38417
38417 56519 1:0 39615
38422 56522 1:0 38422
38423 56522 21:0 38423
38428 56527 21:0 38429
38450 56540 21:0 38482
38485 56549 21:0 38488
38495 56551 21:0 38498
38505 56554 21:0 38527
38526 56558 21:0 38527
38528 33 1:0 38528
38532 56572 1:0 38532
38533 56572 21:0 38538
38539 35 1:0 38539
38544 56576 21:0 38544
38548 31 1:0 38548
38553 56579 1:0 38553
38554 56579 21:0 38578
38577 56584 21:0 38578
38581 56597 21:0 38613
38616 56606 21:0 38619
38626 56608 21:0 38629
38636 56611 21:0 38658
38657 56615 21:0 38658
38659 15 1:0 38659
38664 56629 21:0 38664
38670 17 1:0 38670
38675 56633 21:0 38678
38679 13 1:0 38679
38685 56636 21:0 38709
38708 56641 21:0 38709
38712 56654 21:0 38744
38747 56663 21:0 38750
38757 56665 21:0 38760
38767 56668 21:0 38797
38796 71290 21:0 38797
38796 56672 21:0 38797
38797 71291 21:0 38808
38807 3 21:0 38808
38807 19 21:0 38808
38807 54468 21:0 38808
38808 71292 21:0 38841
38840 7 21:0 38841
38840 71301 21:0 38841
38840 56686 21:0 38841
38840 9 21:0 38841
38840 5 21:0 38841
38843 71285 21:0 38852
38851 71299 21:0 38852
38851 21 21:0 38852
38851 71300 21:0 38852
38851 71310 21:0 38852
38852 13 21:0 38852
38854 71313 21:0 38862
38857 17 21:0 38857
38861 71314 21:0 38912
38862 15 21:0 38862
38911 71315 21:0 38928
38927 71316 21:0 38938
38928 31 21:0 38928
38933 35 21:0 38933
38937 71346 21:0 38988
38938 33 21:0 38938
38987 71347 21:0 39004
39003 71348 21:0 39014
39004 49 21:0 39004
39009 53 21:0 39009
39013 71349 21:0 39064
39014 51 21:0 39014
39063 71379 21:0 39080
39079 71381 21:0 39090
39080 67 21:0 39080
39085 71 21:0 39085
39089 71380 21:0 39140
39090 69 21:0 39090
39139 71382 21:0 39156
39155 71412 21:0 39166
39156 85 21:0 39156
39161 89 21:0 39161
39165 71414 21:0 39216
39166 87 21:0 39166
39215 71413 21:0 39232
39231 71415 21:0 39242
39232 103 21:0 39232
39237 107 21:0 39237
39241 71445 21:0 39283
39242 105 21:0 39242
39282 71446 21:0 39308
39307 71447 21:0 39318
39308 121 21:0 39308
39313 125 21:0 39313
39317 71448 21:0 39340
39318 123 21:0 39318
39339 71478 21:0 39384
39368 71529 21:0 39368
39383 71479 21:0 39394
39384 139 21:0 39384
39389 143 21:0 39389
39393 71480 21:0 39412
39394 141 21:0 39394
39411 71481 21:0 39460
39459 71511 21:0 39465
39460 157 21:0 39460
39464 71513 21:0 39488
39465 161 21:0 39465
39465 71576 21:0 39465
39470 159 21:0 39470
39487 71512 21:0 39536
39520 71593 21:0 39520
39520 71595 21:0 39520
39527 71582 21:0 39527
39535 71514 21:0 39541
39536 175 21:0 39536
39540 71544 21:0 39560
39541 179 21:0 39541
39546 177 21:0 39546
39548 71602 21:0 39548
39559 71545 21:0 39612
39568 71622 21:0 39568
39601 71630 21:0 39601
39609 71641 21:0 39609
39611 71546 21:0 39617
39612 193 21:0 39612
39616 71547 21:0 39636
39617 197 21:0 39617
39617 71642 21:0 39617
39622 195 21:0 39622
39624 71635 21:0 39624
39635 71577 21:0 39688
39644 71655 21:0 39644
39672 71662 21:0 39672
39672 71659 21:0 39672
39672 71661 21:0 39672
39687 71579 21:0 39693
39688 211 21:0 39688
39692 71580 21:0 39712
39693 215 21:0 39693
39698 213 21:0 39698
39711 71578 21:0 39764
39748 71695 21:0 39748
39748 71692 21:0 39748
39748 71694 21:0 39748
39763 71610 21:0 39769
39764 229 21:0 39764
39768 70107 1:0 39772
39768 70251 1:0 39772
39768 56123 1:0 39772
39768 71611 21:0 39788
39769 233 21:0 39769
39769 71708 21:0 39769
39773 70125 1:0 39786
39773 70073 1:0 39786
39773 70171 1:0 39786
39774 231 21:0 39774
39774 253 1:0 39774
39775 241 1:0 39786
39776 71701 21:0 39776
39785 71720 21:0 39785
39787 70046 1:0 39822
39787 71612 21:0 39840
39823 70224 1:0 39838
39828 263 1:0 39838
39828 257 1:0 39838
39831 71714 21:0 39831
39835 255 1:0 39835
39839 321 1:0 39843
39839 70152 1:0 39843
39839 70172 1:0 39843
39839 71613 21:0 39845
39840 247 21:0 39840
39844 259 1:0 39848
39844 70112 1:0 39848
39844 69933 1:0 39848
39844 56066 1:0 39848
39844 71643 21:0 39864
39845 251 21:0 39845
39845 71741 21:0 39845
39849 56063 1:0 39862
39849 56572 1:0 39862
39849 70118 1:0 39862
39850 249 21:0 39850
39850 271 1:0 39850
39851 261 1:0 39862
39863 70059 1:0 39898
39863 71645 21:0 39916
39872 71754 21:0 39872
39899 70000 1:0 39914
39904 275 1:0 39905
39904 281 1:0 39905
39905 71762 21:0 39905
39905 273 1:0 39905
39906 277 1:0 39914
39907 71747 21:0 39907
39913 71773 21:0 39913
39915 69927 1:0 39919
39915 70131 1:0 39919
39915 69993 1:0 39919
39915 71644 21:0 39921
39916 265 21:0 39916
39920 55949 1:0 39924
39920 55778 1:0 39924
39920 56405 1:0 39924
39920 71646 21:0 39940
39921 269 21:0 39921
39925 69986 1:0 39938
39925 55945 1:0 39938
39925 69953 1:0 39938
39926 267 21:0 39926
39926 289 1:0 39926
39927 279 1:0 39938
39928 71767 21:0 39928
39937 71786 21:0 39937
39939 55835 1:0 39974
39939 71676 21:0 39992
39975 69941 1:0 39990
39976 71793 21:0 39976
39976 71794 21:0 39976
39980 293 1:0 39990
39980 299 1:0 39990
39983 71780 21:0 39983
39987 291 1:0 39987
39989 71806 21:0 39989
39991 69966 1:0 39995
39991 70086 1:0 39995
39991 69973 1:0 39995
39991 71678 21:0 39997
39992 283 21:0 39992
39996 70053 1:0 40000
39996 56579 1:0 40000
39996 70026 1:0 40000
39996 297 1:0 40000
39996 71677 21:0 40004
39997 287 21:0 39997
40001 70239 1:0 40014
40001 56515 1:0 40014
40001 55660 1:0 40014
40002 285 21:0 40002
40002 307 1:0 40002
40003 295 1:0 40014
40003 71679 21:0 40068
40015 55774 1:0 40050
40051 69954 1:0 40066
40052 71824 21:0 40052
40056 311 1:0 40057
40057 309 1:0 40057
40058 313 1:0 40066
40059 71813 21:0 40059
40065 71839 21:0 40065
40067 69975 1:0 40071
40067 56173 1:0 40071
40067 70119 1:0 40071
40067 71709 21:0 40073
40068 301 21:0 40068
40072 70013 1:0 40076
40072 70103 1:0 40076
40072 70040 1:0 40076
40072 315 1:0 40076
40072 71711 21:0 40078
40073 305 21:0 40073
40076 325 1:0 40076
40077 70255 1:0 40142
40077 71710 21:0 40144
40078 303 21:0 40078
40095 317 1:0 40126
40127 70164 1:0 40142
40128 71860 21:0 40128
40128 71859 21:0 40128
40128 71857 21:0 40128
40135 71846 21:0 40135
40139 327 1:0 40139
40143 71712 21:0 40149
40143 70254 1:0 40152
40144 319 21:0 40144
40148 70065 1:0 40152
40148 70032 1:0 40152
40148 71742 21:0 40154
40149 71873 21:0 40149
40153 70007 1:0 40158
40153 69920 1:0 40158
40153 71744 21:0 40163
40153 374 1:0 40156
40156 71866 21:0 40156
40159 70253 1:0 40165
40162 55724 1:0 40169
40162 70217 1:0 40169
40162 71743 21:0 40171
40168 71883 21:0 40168
40170 71745 21:0 40174
40170 70252 1:0 40176
40173 55694 1:0 40178
40173 55699 1:0 40178
40173 55696 1:0 40178
40173 55685 1:0 40178
40173 70204 1:0 40178
40173 71775 21:0 40183
40176 55664 1:0 40176
40177 71883 1:0 40177
40178 70249 1:0 40178
40178 55672 1:0 40178
40179 70222 1:0 40206
40181 319 1:0 40181
40182 71433 21:0 40183
40182 71334 21:0 40183
40182 71298 21:0 40183
40182 71311 21:0 40183
40182 71829 21:0 40183
40182 71532 21:0 40183
40182 71367 21:0 40183
40182 71400 21:0 40183
40182 71763 21:0 40183
40182 71499 21:0 40183
40182 71466 21:0 40183
40182 71796 21:0 40185
40182 70206 1:0 40206
40182 70205 1:0 40206
40184 71862 21:0 40185
40184 71598 21:0 40185
40184 71565 21:0 40187
40186 55667 1:0 40186
40186 71664 21:0 40187
40186 71730 21:0 40188
40187 71697 21:0 40189
40188 71631 21:0 40189
40188 207 21:0 40196
40192 70244 1:0 40192
40195 71554 21:0 40196
40195 71686 21:0 40196
40195 71521 21:0 40196
40195 71376 21:0 40196
40195 71541 21:0 40196
40195 71455 21:0 40196
40195 71422 21:0 40196
40195 71587 21:0 40196
40195 71323 21:0 40196
40195 71409 21:0 40196
40195 71673 21:0 40196
40195 71343 21:0 40197
40196 71356 21:0 40197
40196 71389 21:0 40197
40196 71653 21:0 40197
40196 71620 21:0 40197
40196 71574 21:0 40197
40196 55672 21:0 40197
40196 71488 21:0 40197
40197 374 21:0 40211
40204 70240 1:0 40206
40206 70229 1:0 40206
40206 55703 1:0 40206
40207 70221 1:0 40289
40210 71777 21:0 40291
40216 70237 1:0 40216
40216 70235 1:0 40216
40242 70231 1:0 40242
40269 70230 1:0 40269
40290 71776 21:0 40294
40290 70220 1:0 40296
40292 303 1:0 40292
40293 70202 1:0 40300
40293 70197 1:0 40300
40293 71778 21:0 40302
40296 55717 1:0 40296
40301 70218 1:0 40301
40301 70219 1:0 40307
40301 71808 21:0 40311
40303 305 1:0 40303
40304 70211 1:0 40309
40304 55753 1:0 40309
40304 55742 1:0 40309
40304 55756 1:0 40309
40304 55751 1:0 40309
40309 55729 1:0 40309
40309 70216 1:0 40309
40310 71810 21:0 40314
40310 70189 1:0 40337
40312 301 1:0 40312
40313 70191 1:0 40337
40313 70198 1:0 40337
40313 71809 21:0 40393
40335 70207 1:0 40337
40337 55760 1:0 40337
40337 70196 1:0 40337
40338 70188 1:0 40420
40392 71811 21:0 40422
40421 70187 1:0 40427
40421 71841 21:0 40433
40423 285 1:0 40423
40424 70138 1:0 40431
40424 70006 1:0 40431
40432 70185 1:0 40432
40432 71842 21:0 40436
40432 70186 1:0 40438
40434 287 1:0 40434
40435 55808 1:0 40440
40435 55810 1:0 40440
40435 70037 1:0 40440
40435 55799 1:0 40440
40435 55813 1:0 40440
40435 71843 21:0 40445
40440 55786 1:0 40440
40440 70183 1:0 40440
40441 70156 1:0 40468
40443 283 1:0 40443
40444 70140 1:0 40468
40444 70085 1:0 40468
40444 71844 21:0 40473
40448 55781 1:0 40448
40454 70178 1:0 40454
40466 70174 1:0 40468
40468 70163 1:0 40468
40468 55817 1:0 40468
40469 70154 1:0 40551
40472 71874 21:0 40553
40536 70158 1:0 40536
40552 71876 21:0 40556
40552 70155 1:0 40559
40554 267 1:0 40554
40555 70151 1:0 40562
40555 56002 1:0 40562
40555 71875 21:0 40564
40558 55831 1:0 40558
40563 70153 1:0 40569
40563 71877 21:0 40573
40565 269 1:0 40565
40566 55856 1:0 40571
40566 56633 1:0 40571
40566 55870 1:0 40571
40566 55865 1:0 40571
40566 55867 1:0 40571
40570 55835 21:0 40570
40570 55843 1:0 40571
40571 70150 1:0 40571
40572 71296 21:0 40573
40572 71305 21:0 40573
40572 71312 21:0 40576
40572 70123 1:0 40599
40574 265 1:0 40574
40575 71338 21:0 40576
40575 71333 21:0 40578
40575 69909 1:0 40599
40575 69881 1:0 40599
40577 71331 21:0 40604
40579 55838 1:0 40579
40585 70145 1:0 40585
40597 70141 1:0 40599
40599 55874 1:0 40599
40599 70130 1:0 40599
40600 70122 1:0 40682
40603 71325 21:0 40639
40609 70136 1:0 40609
40609 70139 1:0 40609
40638 71344 21:0 40655
40654 71318 21:0 40658
40657 71332 21:0 40684
40683 71329 21:0 40684
40683 71324 21:0 40684
40683 71364 21:0 40687
40683 70121 1:0 40689
40685 249 1:0 40685
40686 71351 21:0 40687
40686 71378 21:0 40687
40686 69834 1:0 40693
40686 69867 1:0 40693
40686 71371 21:0 40695
40690 55888 21:0 40690
40694 71377 21:0 40695
40694 71357 21:0 40695
40694 71345 21:0 40698
40694 70120 1:0 40700
40696 251 1:0 40696
40697 71365 21:0 40698
40697 71395 21:0 40698
40697 55924 1:0 40702
40697 69806 1:0 40702
40697 55922 1:0 40702
40697 55927 1:0 40702
40697 55913 1:0 40702
40697 71423 21:0 40704
40701 55900 1:0 40702
40702 70117 1:0 40702
40703 71431 21:0 40704
40703 71404 21:0 40704
40703 71417 21:0 40707
40703 70090 1:0 40730
40705 247 1:0 40705
40706 71391 21:0 40707
40706 71410 21:0 40707
40706 69905 1:0 40730
40706 69907 1:0 40730
40706 71362 21:0 40735
40710 55895 1:0 40710
40711 55895 21:0 40711
40728 70108 1:0 40730
40730 70097 1:0 40730
40730 55931 1:0 40730
40731 70088 1:0 40813
40734 71366 21:0 40770
40740 70105 1:0 40740
40740 70106 1:0 40740
40766 70099 1:0 40766
40769 71398 21:0 40786
40785 71399 21:0 40789
40788 71430 21:0 40815
40798 70092 1:0 40798
40814 71390 21:0 40815
40814 71432 21:0 40815
40814 71428 21:0 40818
40814 70089 1:0 40821
40816 231 1:0 40816
40817 71358 21:0 40818
40817 71397 21:0 40818
40817 69777 1:0 40824
40817 69872 1:0 40824
40817 71384 21:0 40826
40821 55945 21:0 40821
40825 71424 21:0 40826
40825 71411 21:0 40826
40825 71498 21:0 40829
40825 70087 1:0 40831
40827 233 1:0 40827
40828 71456 21:0 40829
40828 71503 21:0 40829
40828 69795 1:0 40833
40828 55979 1:0 40833
40828 55970 1:0 40833
40828 55984 1:0 40833
40828 55981 1:0 40833
40828 71562 21:0 40835
40832 55949 21:0 40832
40833 55957 1:0 40833
40833 70084 1:0 40833
40833 70057 1:0 40861
40833 69887 1:0 40861
40833 70064 1:0 40861
40833 69773 1:0 40861
40833 70075 1:0 40861
40833 55988 1:0 40861
40833 70051 1:0 40964
40833 56014 1:0 40964
40833 56036 1:0 40964
40833 207 1:0 40964
40833 56045 1:0 40992
40833 70031 1:0 40992
40833 70042 1:0 40992
40833 70018 1:0 41095
40833 56071 1:0 41095
40833 70009 1:0 41123
40833 56102 1:0 41123
40833 69998 1:0 41123
40833 56128 1:0 41226
40833 69976 1:0 41226
40833 69985 1:0 41226
40833 69965 1:0 41254
40833 56159 1:0 41254
40833 56185 1:0 41357
40833 69952 1:0 41357
40833 56216 1:0 41357
40833 69932 1:0 41385
40833 69919 1:0 41488
40833 56242 1:0 41488
40833 56273 1:0 41516
40833 69899 1:0 41516
40833 56299 1:0 41619
40833 69886 1:0 41619
40833 56330 1:0 41647
40833 69866 1:0 41647
40833 56356 1:0 41750
40833 69853 1:0 41750
40833 56387 1:0 41778
40833 69833 1:0 41778
40833 69800 1:0 41881
40833 56413 1:0 41881
40833 56444 1:0 41909
40834 71530 21:0 40835
40834 71494 21:0 40835
40834 71575 21:0 40838
40836 229 1:0 40836
40836 69789 1:0 40955
40837 71569 21:0 40838
40837 71476 21:0 40838
40837 71497 21:0 40866
40839 70056 1:0 40944
40839 70055 1:0 40951
40841 55952 1:0 40841
40841 69868 1:0 40955
40842 55952 21:0 40842
40847 70079 1:0 40847
40860 70054 1:0 40962
40862 70074 1:0 40862
40865 71542 21:0 40901
40867 56027 1:0 40964
40871 70072 1:0 40871
40872 56038 1:0 40964
40872 69782 1:0 40964
40872 56041 1:0 40964
40872 56095 1:0 41095
40872 56084 1:0 41095
40872 56093 1:0 41095
40872 56150 1:0 41223
40872 69943 1:0 41357
40900 71457 21:0 40917
40916 71483 21:0 40920
40918 70024 1:0 40992
40919 71470 21:0 40946
40921 69875 1:0 40992
40921 56098 1:0 41095
40926 69874 1:0 40992
40941 69801 1:0 41086
40942 69901 1:0 41086
40945 71489 21:0 40946
40945 71522 21:0 40946
40945 71555 21:0 40949
40947 213 1:0 40947
40948 71509 21:0 40949
40948 71523 21:0 40949
40948 71556 21:0 40957
40954 70023 1:0 41075
40955 70022 1:0 41082
40955 69802 1:0 41095
40956 71465 21:0 40957
40956 71527 21:0 40957
40956 71461 21:0 40960
40958 215 1:0 40958
40958 70021 1:0 41093
40959 71443 21:0 40960
40959 71450 21:0 40960
40959 71563 21:0 40966
40961 69843 1:0 41123
40961 69828 1:0 41123
40963 56006 21:0 40963
40964 69991 1:0 41123
40964 69989 1:0 41206
40965 71496 21:0 40966
40965 71564 21:0 40966
40965 71464 21:0 40969
40967 211 1:0 40967
40967 69990 1:0 41214
40968 71516 21:0 40969
40968 71543 21:0 40969
40968 71477 21:0 40994
40970 69908 1:0 41217
40970 69861 1:0 41217
40970 69988 1:0 41224
40972 56009 1:0 40972
40972 56141 1:0 41223
40972 56155 1:0 41226
40972 56152 1:0 41254
40972 56209 1:0 41354
40972 56207 1:0 41385
40972 69910 1:0 41516
40973 56009 21:0 40973
40975 69888 1:0 41226
40990 69815 1:0 41254
40991 69894 1:0 41254
40993 70041 1:0 40993
40993 71490 21:0 41029
41003 69958 1:0 41254
41008 56212 1:0 41357
41028 70033 1:0 41028
41028 71531 21:0 41048
41044 69877 1:0 41647
41047 71444 21:0 41051
41050 71549 21:0 41077
41052 69957 1:0 41337
41057 69876 1:0 41348
41072 69769 1:0 41348
41073 56198 1:0 41357
41076 71560 21:0 41077
41076 71510 21:0 41077
41076 71463 21:0 41080
41078 195 1:0 41078
41079 71536 21:0 41080
41079 71728 21:0 41080
41079 71597 21:0 41088
41085 69956 1:0 41344
41086 69955 1:0 41355
41086 69788 1:0 41357
41087 71615 21:0 41088
41087 55892 21:0 41088
41087 71826 21:0 41091
41089 197 1:0 41089
41089 69925 1:0 41385
41090 201 21:0 41091
41090 181 21:0 41091
41090 93 21:0 41091
41090 71640 21:0 41091
41090 199 21:0 41091
41090 75 21:0 41091
41090 71607 21:0 41091
41090 71475 21:0 41091
41090 71706 21:0 41091
41090 71442 21:0 41091
41090 71508 21:0 41091
41090 73 21:0 41091
41090 91 21:0 41091
41090 55 21:0 41091
41090 71851 21:0 41091
41090 183 21:0 41091
41090 71871 21:0 41091
41090 57 21:0 41091
41090 271 21:0 41091
41090 55874 21:0 41091
41090 55900 21:0 41091
41090 71818 21:0 41091
41090 55957 21:0 41091
41090 71719 21:0 41091
41090 55931 21:0 41091
41090 55786 21:0 41091
41090 127 21:0 41091
41090 325 21:0 41091
41090 71805 21:0 41091
41090 165 21:0 41091
41090 255 21:0 41091
41090 71785 21:0 41091
41090 253 21:0 41091
41090 71739 21:0 41091
41090 56045 21:0 41091
41090 71772 21:0 41091
41090 56014 21:0 41091
41090 273 21:0 41091
41090 71752 21:0 41091
41090 289 21:0 41091
41090 163 21:0 41091
41090 291 21:0 41091
41090 307 21:0 41091
41090 109 21:0 41091
41090 309 21:0 41091
41090 55988 21:0 41091
41090 71687 21:0 41091
41090 145 21:0 41091
41090 71807 21:0 41091
41090 55979 21:0 41091
41090 37 21:0 41091
41090 55817 21:0 41091
41090 56036 21:0 41091
41090 71838 21:0 41091
41090 55729 21:0 41091
41090 56038 21:0 41091
41090 327 21:0 41091
41090 147 21:0 41091
41090 55760 21:0 41091
41090 55843 21:0 41091
41090 39 21:0 41091
41090 55703 21:0 41091
41090 111 21:0 41091
41092 201 1:0 41095
41092 199 1:0 41123
41092 183 1:0 41226
41092 181 1:0 41254
41092 165 1:0 41357
41092 163 1:0 41357
41092 69900 1:0 41385
41092 69776 1:0 41385
41092 69835 1:0 41479
41092 69839 1:0 41479
41092 147 1:0 41488
41092 145 1:0 41516
41092 127 1:0 41647
41092 111 1:0 41750
41092 109 1:0 41778
41092 93 1:0 41881
41092 91 1:0 41909
41094 56063 21:0 41097
41095 69923 1:0 41468
41095 69924 1:0 41476
41096 71800 21:0 41097
41096 55778 21:0 41100
41098 193 1:0 41098
41098 56269 1:0 41488
41098 56264 1:0 41488
41098 56266 1:0 41488
41098 69855 1:0 41488
41098 56255 1:0 41488
41098 56323 1:0 41619
41098 56321 1:0 41619
41098 69844 1:0 41778
41099 55781 21:0 41100
41099 71609 21:0 41100
41099 56059 21:0 41118
41101 69922 1:0 41486
41104 70019 1:0 41104
41106 69892 1:0 41516
41113 69808 1:0 41516
41117 71760 21:0 41128
41121 69809 1:0 41516
41124 70008 1:0 41124
41127 55717 21:0 41163
41134 69891 1:0 41599
41162 71725 21:0 41179
41178 71675 21:0 41193
41180 69890 1:0 41606
41183 56312 1:0 41619
41186 69999 1:0 41186
41188 69842 1:0 41610
41192 71596 21:0 41208
41194 69810 1:0 41610
41194 69820 1:0 41881
41195 56470 1:0 42012
41195 75 1:0 42012
41203 69854 1:0 41619
41204 56326 1:0 41619
41204 56380 1:0 41750
41204 56378 1:0 41750
41204 56383 1:0 41750
41204 56369 1:0 41750
41207 71608 21:0 41208
41207 71795 21:0 41211
41209 177 1:0 41209
41210 56002 21:0 41211
41210 55831 21:0 41211
41210 71753 21:0 41211
41210 71833 21:0 41219
41216 69889 1:0 41617
41217 69859 1:0 41647
41217 69822 1:0 41647
41217 69775 1:0 41647
41217 69768 1:0 41741
41218 69987 1:0 41218
41218 71628 21:0 41219
41218 71734 21:0 41219
41218 71740 21:0 41222
41220 179 1:0 41220
41220 69841 1:0 41741
41221 71761 21:0 41222
41221 71589 21:0 41222
41221 71727 21:0 41228
41223 69857 1:0 41730
41225 56120 21:0 41225
41226 69858 1:0 41738
41226 69856 1:0 41748
41227 71626 21:0 41228
41227 56041 21:0 41228
41227 56098 21:0 41228
41227 71688 21:0 41231
41229 175 1:0 41229
41229 69848 1:0 41750
41229 69762 1:0 41778
41230 55813 21:0 41231
41230 55927 21:0 41231
41230 56093 21:0 41231
41230 56102 21:0 41231
41230 55856 21:0 41231
41230 55799 21:0 41231
41230 56027 21:0 41231
41230 56095 21:0 41231
41230 56071 21:0 41231
41230 55984 21:0 41231
41230 55913 21:0 41231
41230 56084 21:0 41231
41230 55970 21:0 41231
41232 69826 1:0 41778
41232 69821 1:0 41778
41235 56123 21:0 41259
41237 69824 1:0 41861
41240 69980 1:0 41240
41243 69787 1:0 42012
41244 56501 1:0 42040
41252 69736 1:0 41872
41253 56437 1:0 41878
41253 56440 1:0 41881
41253 69811 1:0 41881
41253 56426 1:0 41881
41253 56435 1:0 41909
41253 56494 1:0 42012
41258 55756 21:0 41259
41258 55922 21:0 41259
41258 56128 21:0 41259
41258 55981 21:0 41259
41258 55870 21:0 41259
41262 56141 21:0 41294
41264 69971 1:0 41264
41264 69974 1:0 41264
41265 69825 1:0 41869
41290 69967 1:0 41290
41293 71861 21:0 41310
41306 69723 1:0 41872
41306 56497 1:0 42012
41309 305 21:0 41313
41312 56150 21:0 41313
41317 56155 21:0 41339
41319 69823 1:0 41879
41322 69960 1:0 41322
41325 73 1:0 42040
41326 69767 1:0 42040
41334 69749 1:0 41881
41335 69743 1:0 41909
41335 56492 1:0 42012
41335 69754 1:0 42143
41338 269 21:0 41339
41338 71663 21:0 41339
41338 71648 21:0 41342
41340 159 1:0 41340
41341 56159 21:0 41342
41341 56152 21:0 41342
41341 55742 21:0 41342
41341 55685 21:0 41342
41341 55699 21:0 41342
41341 71872 21:0 41342
41341 323 21:0 41342
41345 56173 21:0 41350
41347 69793 1:0 41909
41348 69742 1:0 41909
41348 69791 1:0 41992
41349 71654 21:0 41350
41349 71853 21:0 41350
41349 71774 21:0 41353
41351 161 1:0 41351
41351 69792 1:0 42000
41352 71621 21:0 41353
41352 71681 21:0 41356
41354 69729 1:0 42003
41354 69755 1:0 42003
41355 56116 21:0 41359
41356 56177 21:0 41356
41357 69790 1:0 42010
41357 69735 1:0 42012
41357 56483 1:0 42012
41357 69778 1:0 42040
41357 69756 1:0 42040
41357 56527 1:0 42143
41357 57 1:0 42143
41357 56551 1:0 42143
41357 55 1:0 42171
41357 56558 1:0 42171
41357 39 1:0 42274
41358 71758 21:0 41359
41358 71819 21:0 41362
41360 157 1:0 41360
41360 69760 1:0 42040
41361 45 21:0 41362
41361 55808 21:0 41362
41361 55810 21:0 41362
41361 267 21:0 41362
41361 115 21:0 41362
41361 55753 21:0 41362
41361 133 21:0 41362
41361 97 21:0 41362
41361 27 21:0 41362
41361 71827 21:0 41362
41361 55924 21:0 41362
41361 55751 21:0 41362
41361 43 21:0 41362
41361 117 21:0 41362
41361 55865 21:0 41362
41361 55867 21:0 41362
41363 133 1:0 41488
41363 117 1:0 41619
41363 115 1:0 41619
41363 97 1:0 41750
41363 69744 1:0 42040
41363 69758 1:0 42123
41363 43 1:0 42143
41363 45 1:0 42143
41366 56180 21:0 41390
41368 69759 1:0 42131
41371 69947 1:0 41371
41383 69707 1:0 42134
41384 69740 1:0 42134
41386 69942 1:0 41386
41389 56185 21:0 41390
41389 317 21:0 41390
41389 55696 21:0 41390
41389 315 21:0 41390
41389 313 21:0 41390
41389 55694 21:0 41390
41389 295 21:0 41390
41389 297 21:0 41390
41393 56198 21:0 41425
41395 69940 1:0 41395
41396 69757 1:0 42141
41424 71840 21:0 41441
41437 56554 1:0 42143
41437 69709 1:0 42143
41437 56540 1:0 42143
41437 56549 1:0 42143
41437 69734 1:0 42171
41437 69745 1:0 42171
41437 69721 1:0 42274
41437 56606 1:0 42274
41437 27 1:0 42274
41437 56608 1:0 42274
41437 56584 1:0 42274
41437 69701 1:0 42302
41437 69712 1:0 42302
41437 37 1:0 42302
41437 56615 1:0 42302
41437 21 1:0 42413
41437 56641 1:0 42413
41437 69688 1:0 42413
41437 69679 1:0 42433
41437 19 1:0 42496
41437 56672 1:0 42499
41437 54468 1:0 42500
41437 69668 1:0 42500
41440 71828 21:0 41444
41442 56597 1:0 42274
41442 7 1:0 42408
41443 56209 21:0 41444
41448 56212 21:0 41470
41465 69727 1:0 42171
41466 69710 1:0 42171
41469 71820 21:0 41470
41469 71696 21:0 41470
41469 71729 21:0 41473
41471 141 1:0 41471
41472 56207 21:0 41473
41472 311 21:0 41473
41472 293 21:0 41473
41472 71629 21:0 41473
41472 71721 21:0 41473
41472 56216 21:0 41473
41472 299 21:0 41473
41476 56230 21:0 41481
41478 69703 1:0 42171
41478 69711 1:0 42265
41478 69702 1:0 42265
41479 69725 1:0 42254
41479 69726 1:0 42262
41480 71852 21:0 41481
41480 71437 21:0 41481
41480 71791 21:0 41484
41482 143 1:0 41482
41483 71588 21:0 41484
41483 285 21:0 41487
41485 69724 1:0 42272
41486 56234 1:0 41486
41486 71668 21:0 41490
41487 56234 21:0 41487
41488 69722 1:0 42274
41488 56611 1:0 42274
41488 69716 1:0 42287
41488 69696 1:0 42302
41488 69694 1:0 42302
41488 69690 1:0 42396
41489 56066 21:0 41490
41489 71707 21:0 41493
41491 139 1:0 41491
41491 56636 1:0 42396
41492 261 21:0 41493
41492 25 21:0 41493
41492 243 21:0 41493
41492 71787 21:0 41493
41492 71674 21:0 41493
41492 281 21:0 41493
41492 275 21:0 41493
41492 259 21:0 41493
41492 279 21:0 41493
41492 277 21:0 41493
41494 25 1:0 42272
41494 69693 1:0 42385
41494 69692 1:0 42392
41496 56237 1:0 41496
41496 69683 1:0 42405
41497 56237 21:0 41521
41502 69914 1:0 41502
41515 69691 1:0 42403
41520 99 21:0 41521
41520 63 21:0 41521
41520 257 21:0 41521
41520 56242 21:0 41521
41520 263 21:0 41521
41522 99 1:0 41748
41522 63 1:0 41879
41522 69677 1:0 42408
41524 56255 21:0 41556
41527 69689 1:0 42408
41527 56654 1:0 42408
41527 69678 1:0 42433
41555 79 21:0 41556
41555 61 21:0 41556
41557 61 1:0 41879
41557 79 1:0 41879
41559 56264 21:0 41562
41561 23 21:0 41565
41564 241 21:0 41565
41566 23 1:0 42012
41568 69676 1:0 42433
41568 69674 1:0 42433
41569 56266 21:0 41572
41571 55724 21:0 41575
41573 56663 1:0 42421
41574 245 21:0 41575
41576 9 1:0 42430
41576 69670 1:0 42468
41576 56665 1:0 42484
41576 5 1:0 42487
41576 56686 1:0 42500
41579 56269 21:0 41601
41581 69663 1:0 42487
41596 69669 1:0 42495
41597 56668 1:0 42494
41600 231 21:0 41601
41600 55838 21:0 41601
41600 56273 21:0 41601
41600 55774 21:0 41604
41602 123 1:0 41602
41603 321 21:0 41604
41603 301 21:0 41604
41606 56287 1:0 41606
41607 56287 21:0 41612
41609 3 1:0 42516
41609 301 1:0 43323
41609 231 1:0 43344
41609 321 1:0 43344
41609 241 1:0 43491
41609 245 1:0 43491
41610 55774 1:0 43344
41610 71787 1:0 43349
41610 55838 1:0 43349
41610 55724 1:0 43349
41610 56066 1:0 43363
41610 71674 1:0 43363
41610 71707 1:0 43363
41611 251 21:0 41612
41611 303 21:0 41612
41611 283 21:0 41615
41613 125 1:0 41613
41613 251 1:0 43273
41613 303 1:0 43273
41614 249 21:0 41615
41616 249 1:0 43268
41616 283 1:0 43273
41618 56291 21:0 41621
41619 71668 1:0 43399
41619 285 1:0 43415
41619 71588 1:0 43420
41619 71791 1:0 43420
41619 71437 1:0 43420
41619 71852 1:0 43425
41619 71629 1:0 43425
41619 71729 1:0 43439
41622 121 1:0 41622
41622 71721 1:0 43439
41625 71696 1:0 43439
41625 56287 1:0 43475
41625 71820 1:0 43491
41627 56294 1:0 41627
41627 71827 1:0 43496
41628 56294 21:0 41652
41630 71828 1:0 43496
41645 71840 1:0 43496
41651 56299 21:0 41652
41655 56312 21:0 41687
41690 56321 21:0 41693
41700 56323 21:0 41703
41710 56326 21:0 41732
41731 56330 21:0 41732
41733 105 1:0 41733
41737 56344 1:0 41737
41738 56344 21:0 41738
41744 107 1:0 41744
41749 56348 21:0 41749
41753 103 1:0 41753
41758 56351 1:0 41758
41764 56356 21:0 41765
41765 56351 21:0 41783
41784 56351 1:0 43339
41786 56369 21:0 41818
41821 56378 21:0 41824
41831 56380 21:0 41834
41841 56383 21:0 41863
41862 56387 21:0 41863
41864 87 1:0 41864
41868 56401 1:0 41868
41869 56401 21:0 41874
41875 89 1:0 41875
41880 56405 21:0 41883
41884 85 1:0 41884
41889 56408 1:0 41889
41890 56408 21:0 41890
41895 56413 21:0 41896
41917 56426 21:0 41949
41952 56435 21:0 41955
41962 56437 21:0 41965
41972 56440 21:0 41994
41993 56444 21:0 41994
41995 69 1:0 41995
41999 56458 1:0 41999
42000 56458 21:0 42000
42006 71 1:0 42006
42010 56462 1:0 42010
42011 56462 21:0 42011
42015 67 1:0 42015
42026 56470 21:0 42027
42027 56465 21:0 42045
42046 56465 1:0 43287
42048 56483 21:0 42080
42083 56492 21:0 42086
42093 56494 21:0 42096
42103 56497 21:0 42125
42124 56501 21:0 42125
42126 51 1:0 42126
42131 56515 21:0 42131
42137 53 1:0 42137
42142 56519 21:0 42145
42146 49 1:0 42146
42146 56519 1:0 43425
42151 56522 1:0 42151
42157 56527 21:0 42158
42158 56522 21:0 42176
42177 56522 1:0 43287
42179 56540 21:0 42211
42214 56549 21:0 42217
42224 56551 21:0 42227
42234 56554 21:0 42256
42255 56558 21:0 42256
42257 33 1:0 42257
42262 56572 21:0 42262
42268 35 1:0 42268
42272 56576 1:0 42272
42273 56576 21:0 42276
42277 31 1:0 42277
42277 56576 1:0 43287
42283 56579 21:0 42307
42306 56584 21:0 42307
42310 56597 21:0 42342
42345 56606 21:0 42348
42355 56608 21:0 42358
42365 56611 21:0 42387
42386 56615 21:0 42387
42388 15 1:0 42388
42392 56629 1:0 42392
42393 56629 21:0 42398
42399 17 1:0 42399
42404 56633 21:0 42407
42408 13 1:0 42408
42414 56636 21:0 42438
42437 56641 21:0 42438
42441 56654 21:0 42473
42476 56663 21:0 42479
42486 56665 21:0 42489
42496 56668 21:0 42525
42524 56672 21:0 42525
42525 72912 21:0 42526
42526 72913 21:0 42537
42536 3 21:0 42537
42536 54468 21:0 42537
42536 19 21:0 42537
42537 72914 21:0 42570
42569 56686 21:0 42570
42569 9 21:0 42570
42569 7 21:0 42570
42569 72923 21:0 42570
42569 5 21:0 42570
42572 72907 21:0 42581
42580 72921 21:0 42581
42580 21 21:0 42581
42580 72932 21:0 42581
42580 72920 21:0 42581
42581 13 21:0 42581
42583 72935 21:0 42591
42586 17 21:0 42586
42590 72936 21:0 42641
42591 15 21:0 42591
42640 72937 21:0 42657
42656 72938 21:0 42667
42657 31 21:0 42657
42662 35 21:0 42662
42666 72968 21:0 42717
42667 33 21:0 42667
42716 72969 21:0 42733
42732 72970 21:0 42743
42733 49 21:0 42733
42738 53 21:0 42738
42742 72971 21:0 42793
42743 51 21:0 42743
42792 73001 21:0 42809
42808 73003 21:0 42819
42809 67 21:0 42809
42814 71 21:0 42814
42818 73002 21:0 42869
42819 69 21:0 42819
42868 73004 21:0 42885
42884 73034 21:0 42895
42885 85 21:0 42885
42890 89 21:0 42890
42894 73035 21:0 42945
42895 87 21:0 42895
42944 73036 21:0 42961
42960 73037 21:0 42971
42961 103 21:0 42961
42966 107 21:0 42966
42970 73067 21:0 43007
42971 105 21:0 42971
42993 73112 21:0 42993
43006 73068 21:0 43037
43036 73069 21:0 43047
43037 121 21:0 43037
43042 125 21:0 43042
43046 73070 21:0 43069
43047 123 21:0 43047
43068 73100 21:0 43113
43112 73102 21:0 43123
43113 139 21:0 43113
43118 143 21:0 43118
43122 73101 21:0 43141
43123 141 21:0 43123
43140 73103 21:0 43189
43188 73133 21:0 43194
43189 157 21:0 43189
43193 73134 21:0 43217
43194 161 21:0 43194
43199 159 21:0 43199
43216 73135 21:0 43265
43249 73217 21:0 43249
43254 73219 21:0 43254
43256 73204 21:0 43256
43264 73136 21:0 43270
43265 175 21:0 43265
43269 73166 21:0 43289
43270 179 21:0 43270
43275 177 21:0 43275
43277 73224 21:0 43277
43286 73243 21:0 43286
43288 73167 21:0 43341
43297 73244 21:0 43297
43325 73250 21:0 43325
43325 73251 21:0 43325
43332 73237 21:0 43332
43338 73263 21:0 43338
43340 73168 21:0 43346
43341 193 21:0 43341
43345 73169 21:0 43365
43346 197 21:0 43346
43351 195 21:0 43351
43353 73257 21:0 43353
43364 73199 21:0 43417
43373 73277 21:0 43373
43406 73285 21:0 43406
43408 73270 21:0 43408
43414 73296 21:0 43414
43416 73200 21:0 43422
43417 211 21:0 43417
43421 73201 21:0 43441
43422 215 21:0 43422
43422 73297 21:0 43422
43427 213 21:0 43427
43429 73290 21:0 43429
43440 73202 21:0 43493
43477 73317 21:0 43477
43482 73318 21:0 43482
43492 73232 21:0 43498
43493 229 21:0 43493
43497 71758 1:0 43501
43497 267 1:0 43501
43497 71819 1:0 43501
43497 73234 21:0 43517
43498 233 21:0 43498
43502 56116 1:0 43515
43502 71621 1:0 43515
43502 71681 1:0 43515
43503 231 21:0 43503
43503 253 1:0 43503
43504 243 1:0 43515
43505 73323 21:0 43505
43516 71774 1:0 43551
43516 73233 21:0 43569
43552 71654 1:0 43567
43553 73349 21:0 43553
43553 73350 21:0 43553
43557 257 1:0 43567
43557 263 1:0 43567
43558 73351 21:0 43558
43564 255 1:0 43564
43568 71853 1:0 43572
43568 56294 1:0 43572
43568 71872 1:0 43572
43568 73235 21:0 43574
43569 247 21:0 43569
43573 71648 1:0 43577
43573 323 1:0 43577
43573 261 1:0 43577
43573 56230 1:0 43577
43573 73265 21:0 43593
43574 251 21:0 43574
43578 269 1:0 43591
43578 305 1:0 43591
43578 71663 1:0 43591
43579 249 21:0 43579
43579 271 1:0 43579
43580 259 1:0 43591
43581 73356 21:0 43581
43592 71861 1:0 43627
43592 73266 21:0 43645
43601 73376 21:0 43601
43628 71688 1:0 43643
43629 73380 21:0 43629
43633 275 1:0 43643
43633 281 1:0 43643
43636 73369 21:0 43636
43640 273 1:0 43640
43644 71589 1:0 43648
43644 71626 1:0 43648
43644 71727 1:0 43648
43644 73267 21:0 43650
43645 265 21:0 43645
43649 71740 1:0 43653
43649 71761 1:0 43653
43649 279 1:0 43653
43649 71628 1:0 43653
43649 73268 21:0 43669
43650 269 21:0 43650
43654 71833 1:0 43667
43654 71734 1:0 43667
43654 56629 1:0 43667
43655 267 21:0 43655
43655 289 1:0 43655
43656 277 1:0 43667
43668 56237 1:0 43703
43668 73298 21:0 43721
43704 71753 1:0 43719
43709 293 1:0 43710
43709 299 1:0 43710
43710 291 1:0 43710
43711 297 1:0 43719
43712 73402 21:0 43712
43718 73428 21:0 43718
43720 56002 1:0 43724
43720 71795 1:0 43724
43720 55831 1:0 43724
43720 73300 21:0 43726
43725 71596 1:0 43729
43725 71608 1:0 43729
43725 56405 1:0 43729
43725 73299 21:0 43731
43726 73429 21:0 43726
43730 71725 1:0 43743
43730 71675 1:0 43743
43730 55717 1:0 43743
43730 73301 21:0 43797
43731 307 1:0 43731
43732 295 1:0 43743
43733 73422 21:0 43733
43744 71760 1:0 43779
43780 56059 1:0 43795
43781 73448 21:0 43781
43781 73446 21:0 43781
43785 311 1:0 43786
43785 317 1:0 43786
43786 309 1:0 43786
43787 313 1:0 43795
43796 71609 1:0 43800
43796 55781 1:0 43800
43796 55778 1:0 43800
43796 73331 21:0 43802
43801 56180 1:0 43805
43801 71800 1:0 43805
43801 71687 1:0 43805
43801 73332 21:0 43807
43802 73462 21:0 43802
43806 56579 1:0 43819
43806 56063 1:0 43819
43806 71807 1:0 43819
43806 73333 21:0 43873
43807 325 1:0 43807
43808 315 1:0 43819
43809 73455 21:0 43809
43820 56291 1:0 43855
43829 73475 21:0 43829
43855 327 1:0 43855
43856 71877 1:0 43876
43857 73482 21:0 43857
43857 73481 21:0 43857
43862 73483 21:0 43862
43872 73334 21:0 43878
43877 73364 21:0 43883
43877 71875 1:0 43887
43882 71826 1:0 43887
43882 73366 21:0 43892
43882 375 1:0 43885
43888 71876 1:0 43895
43891 71615 1:0 43898
43891 56123 1:0 43898
43891 73365 21:0 43900
43895 55660 21:0 43895
43899 71873 1:0 43899
43899 73367 21:0 43903
43899 71874 1:0 43905
43902 55699 1:0 43907
43902 56401 1:0 43907
43902 55685 1:0 43907
43902 55696 1:0 43907
43902 55694 1:0 43907
43902 73397 21:0 43912
43906 55664 21:0 43906
43907 71871 1:0 43907
43907 55672 1:0 43907
43908 71844 1:0 43935
43911 71597 1:0 43935
43911 55892 1:0 43935
43911 73398 21:0 43972
43921 71866 1:0 43921
43933 71862 1:0 43935
43935 55703 1:0 43935
43935 71851 1:0 43935
43936 71843 1:0 44018
43945 71860 1:0 43945
43945 71859 1:0 43945
43945 71857 1:0 43945
43971 73399 21:0 44020
44003 71846 1:0 44003
44019 73400 21:0 44023
44019 71842 1:0 44025
44022 56173 1:0 44029
44022 71728 1:0 44029
44022 73430 21:0 44034
44026 55717 21:0 44026
44030 71841 1:0 44036
44033 55742 1:0 44038
44033 55751 1:0 44038
44033 55753 1:0 44038
44033 56636 1:0 44038
44033 55756 1:0 44038
44033 73432 21:0 44040
44037 55721 21:0 44037
44037 55729 1:0 44038
44038 71838 1:0 44038
44039 73431 21:0 44043
44039 71811 1:0 44066
44042 71536 1:0 44066
44042 71463 1:0 44066
44042 73433 21:0 44125
44047 71839 1:0 44047
44064 71829 1:0 44066
44066 71818 1:0 44066
44066 55760 1:0 44066
44067 71809 1:0 44149
44076 71824 1:0 44076
44124 73463 21:0 44154
44134 71813 1:0 44134
44150 71810 1:0 44157
44153 71510 1:0 44160
44153 71560 1:0 44160
44153 73464 21:0 44162
44161 73465 21:0 44165
44161 71808 1:0 44167
44164 71549 1:0 44169
44164 55810 1:0 44169
44164 55799 1:0 44169
44164 55808 1:0 44169
44164 55813 1:0 44169
44164 73466 21:0 44174
44169 71805 1:0 44169
44169 55786 1:0 44169
44170 71778 1:0 44197
44173 71531 1:0 44197
44173 71444 1:0 44197
44173 73496 21:0 44234
44178 71806 1:0 44178
44195 71796 1:0 44197
44197 55817 1:0 44197
44197 71785 1:0 44197
44198 71776 1:0 44280
44207 71793 1:0 44207
44207 71794 1:0 44207
44233 73497 21:0 44282
44260 71786 1:0 44260
44265 71780 1:0 44265
44281 73498 21:0 44285
44281 71777 1:0 44288
44283 267 1:0 44283
44284 71477 1:0 44291
44284 71490 1:0 44291
44284 73499 21:0 44296
44288 55831 21:0 44288
44292 71775 1:0 44298
44294 269 1:0 44294
44295 72933 21:0 44296
44295 72922 21:0 44296
44295 55870 1:0 44300
44295 71516 1:0 44300
44295 55856 1:0 44300
44295 55867 1:0 44300
44295 55865 1:0 44300
44295 72918 21:0 44302
44298 55835 1:0 44298
44300 55843 1:0 44300
44300 71772 1:0 44300
44301 72934 21:0 44302
44301 72927 21:0 44302
44301 72953 21:0 44305
44301 71745 1:0 44328
44303 265 1:0 44303
44304 72960 21:0 44305
44304 72947 21:0 44305
44304 71464 1:0 44328
44304 71543 1:0 44328
44304 72946 21:0 44330
44309 55838 21:0 44309
44309 71773 1:0 44309
44314 71767 1:0 44314
44326 71763 1:0 44328
44328 71752 1:0 44328
44328 55874 1:0 44328
44329 71762 1:0 44329
44329 72967 21:0 44365
44329 71743 1:0 44411
44364 71754 1:0 44364
44364 72966 21:0 44384
44383 72954 21:0 44387
44386 72940 21:0 44413
44396 71747 1:0 44396
44412 72955 21:0 44413
44412 72951 21:0 44413
44412 72993 21:0 44416
44412 71744 1:0 44419
44414 249 1:0 44414
44415 73019 21:0 44416
44415 72979 21:0 44416
44415 71496 1:0 44422
44415 71564 1:0 44422
44415 73026 21:0 44424
44418 55888 1:0 44418
44423 71741 1:0 44423
44423 72984 21:0 44424
44423 73017 21:0 44424
44423 72988 21:0 44427
44423 71742 1:0 44429
44425 251 1:0 44425
44426 72999 21:0 44427
44426 73046 21:0 44427
44426 55922 1:0 44431
44426 71563 1:0 44431
44426 55927 1:0 44431
44426 55913 1:0 44431
44426 55924 1:0 44431
44426 72973 21:0 44433
44431 55900 1:0 44431
44431 71739 1:0 44431
44432 73033 21:0 44433
44432 72980 21:0 44433
44432 73065 21:0 44436
44432 71712 1:0 44459
44434 247 1:0 44434
44435 73020 21:0 44436
44435 73021 21:0 44436
44435 71450 1:0 44459
44435 71443 1:0 44459
44435 73006 21:0 44461
44439 55895 1:0 44439
44440 55895 21:0 44440
44457 71730 1:0 44459
44459 55931 1:0 44459
44459 71719 1:0 44459
44460 73000 21:0 44496
44460 71710 1:0 44542
44495 73039 21:0 44515
44514 73012 21:0 44518
44517 73032 21:0 44544
44522 71720 1:0 44522
44527 71714 1:0 44527
44543 73054 21:0 44544
44543 73013 21:0 44544
44543 72986 21:0 44547
44543 71711 1:0 44550
44545 231 1:0 44545
44546 73050 21:0 44547
44546 72987 21:0 44547
44546 71461 1:0 44553
44546 71527 1:0 44553
44546 73119 21:0 44555
44549 55945 1:0 44549
44550 55945 21:0 44550
44554 71708 1:0 44554
44554 73197 21:0 44555
44554 73178 21:0 44555
44554 73118 21:0 44558
44554 71709 1:0 44560
44556 233 1:0 44556
44557 73066 21:0 44558
44557 73182 21:0 44558
44557 55981 1:0 44562
44557 55979 1:0 44562
44557 55970 1:0 44562
44557 55984 1:0 44562
44557 71465 1:0 44562
44557 73053 21:0 44564
44559 55957 1:0 44562
44560 55949 1:0 44560
44562 71706 1:0 44562
44562 71523 1:0 44590
44562 71556 1:0 44590
44562 71697 1:0 44590
44562 71686 1:0 44590
44562 55988 1:0 44590
44562 71679 1:0 44590
44562 56036 1:0 44690
44562 56014 1:0 44693
44562 56045 1:0 44693
44562 71673 1:0 44693
44562 71664 1:0 44693
44562 56038 1:0 44721
44562 71653 1:0 44721
44562 56095 1:0 44824
44562 56071 1:0 44824
44562 71640 1:0 44824
44562 71620 1:0 44852
44562 56102 1:0 44852
44562 71631 1:0 44852
44562 56128 1:0 44955
44562 56159 1:0 44983
44563 73083 21:0 44564
44563 73086 21:0 44564
44563 73138 21:0 44567
44565 229 1:0 44565
44565 71509 1:0 44684
44566 73177 21:0 44567
44566 73120 21:0 44567
44566 73052 21:0 44592
44568 71677 1:0 44673
44568 71678 1:0 44681
44570 55952 1:0 44570
44570 71555 1:0 44684
44571 55952 21:0 44571
44573 71607 1:0 44955
44576 71701 1:0 44576
44589 71676 1:0 44691
44591 73165 21:0 44617
44600 71695 1:0 44600
44600 71692 1:0 44600
44600 71694 1:0 44600
44601 56041 1:0 44693
44601 56027 1:0 44693
44601 71522 1:0 44693
44601 56098 1:0 44824
44616 73131 21:0 44646
44645 73125 21:0 44649
44647 71646 1:0 44721
44648 73158 21:0 44675
44650 71470 1:0 44721
44650 56084 1:0 44824
44655 71489 1:0 44721
44661 71598 1:0 44983
44662 71587 1:0 44983
44670 71457 1:0 44815
44671 71483 1:0 44815
44674 73116 21:0 44675
44674 73153 21:0 44675
44674 73144 21:0 44678
44676 213 1:0 44676
44677 73186 21:0 44678
44677 73111 21:0 44678
44677 73164 21:0 44686
44683 71644 1:0 44804
44684 71645 1:0 44812
44684 71542 1:0 44824
44685 73145 21:0 44686
44685 73185 21:0 44686
44685 73078 21:0 44689
44687 215 1:0 44687
44687 71643 1:0 44822
44688 73151 21:0 44689
44688 73149 21:0 44689
44688 73059 21:0 44695
44690 56093 1:0 44824
44690 71569 1:0 44852
44690 71497 1:0 44852
44690 56155 1:0 44955
44690 56141 1:0 44955
44690 56150 1:0 44955
44690 56152 1:0 44955
44690 71574 1:0 45086
44690 56185 1:0 45086
44690 56216 1:0 45114
44690 56242 1:0 45217
44690 56273 1:0 45245
44691 56006 1:0 44691
44693 71613 1:0 44852
44693 71612 1:0 44935
44694 73105 21:0 44695
44694 73045 21:0 44695
44694 73072 21:0 44698
44696 211 1:0 44696
44696 71575 1:0 44946
44696 71476 1:0 44946
44697 73079 21:0 44698
44697 73184 21:0 44698
44697 73087 21:0 44723
44699 71611 1:0 44942
44701 56009 1:0 44701
44701 71610 1:0 44953
44704 71530 1:0 44955
44719 71494 1:0 44983
44720 71562 1:0 44983
44722 73171 21:0 44736
44731 71662 1:0 44731
44731 71659 1:0 44731
44731 71661 1:0 44731
44732 71578 1:0 44983
44735 73132 21:0 44777
44737 56198 1:0 45086
44757 71655 1:0 44757
44773 56207 1:0 45086
44776 73099 21:0 44780
44779 73098 21:0 44806
44781 71580 1:0 45066
44786 71456 1:0 45077
44793 71565 1:0 45114
44801 71503 1:0 45077
44802 71498 1:0 45086
44805 73085 21:0 44806
44805 375 21:0 44806
44805 73264 21:0 44809
44807 195 1:0 44807
44808 73435 21:0 44809
44808 73316 21:0 44809
44808 73230 21:0 44817
44814 71579 1:0 45074
44815 71577 1:0 45084
44815 56209 1:0 45086
44815 56212 1:0 45086
44815 71554 1:0 45114
44815 71541 1:0 45217
44815 56266 1:0 45217
44815 56269 1:0 45217
44815 56255 1:0 45217
44815 56264 1:0 45217
44815 71521 1:0 45245
44815 71532 1:0 45245
44815 71508 1:0 45348
44815 56299 1:0 45348
44815 71499 1:0 45376
44815 71488 1:0 45376
44815 56330 1:0 45376
44815 71475 1:0 45479
44815 56356 1:0 45479
44815 71455 1:0 45507
44815 56387 1:0 45507
44815 71466 1:0 45507
44815 71442 1:0 45610
44815 56413 1:0 45610
44815 71433 1:0 45638
44815 56444 1:0 45638
44815 71422 1:0 45638
44815 56470 1:0 45741
44816 71642 1:0 44816
44816 73329 21:0 44817
44816 73413 21:0 44817
44816 73330 21:0 44820
44818 197 1:0 44818
44818 71547 1:0 45114
44819 73276 21:0 44820
44819 73343 21:0 44820
44819 73450 21:0 44826
44821 71424 1:0 45114
44821 71411 1:0 45114
44821 71384 1:0 45208
44823 56063 21:0 44823
44824 71546 1:0 45197
44824 71545 1:0 45204
44825 55781 21:0 44826
44825 56009 21:0 44826
44825 73382 21:0 44829
44827 193 1:0 44827
44827 71358 1:0 45208
44827 71397 1:0 45217
44828 73384 21:0 44829
44828 73347 21:0 44829
44828 73252 21:0 44854
44830 71544 1:0 45215
44832 71514 1:0 45245
44833 56066 21:0 44833
44833 71641 1:0 44833
44835 71432 1:0 45245
44838 71635 1:0 44838
44850 71428 1:0 45245
44853 71630 1:0 44853
44853 73409 21:0 44857
44856 56006 21:0 44908
44863 71512 1:0 45328
44888 71622 1:0 44888
44904 71430 1:0 45339
44907 56002 21:0 44911
44910 55888 21:0 44937
44912 71513 1:0 45336
44917 71390 1:0 45339
44932 71399 1:0 45348
44933 56321 1:0 45348
44933 56323 1:0 45348
44933 56312 1:0 45348
44933 56326 1:0 45348
44933 56383 1:0 45479
44933 56380 1:0 45479
44933 56378 1:0 45479
44936 73363 21:0 44937
44936 73211 21:0 44937
44936 73408 21:0 44940
44938 177 1:0 44938
44939 73362 21:0 44940
44939 73283 21:0 44940
44939 73248 21:0 44948
44943 56116 21:0 44943
44945 71511 1:0 45346
44946 71481 1:0 45376
44946 71398 1:0 45376
44946 71366 1:0 45376
44946 71362 1:0 45470
44947 73198 21:0 44948
44947 56059 21:0 44948
44947 73442 21:0 44951
44949 179 1:0 44949
44949 71391 1:0 45470
44950 73215 21:0 44951
44950 73152 21:0 44951
44950 73314 21:0 44957
44952 71480 1:0 45459
44953 56120 1:0 44953
44954 56120 21:0 44954
44955 71479 1:0 45466
44955 71478 1:0 45477
44956 56084 21:0 44957
44956 72956 21:0 44957
44956 73231 21:0 44957
44956 56098 21:0 44957
44956 56041 21:0 44957
44956 251 21:0 44960
44958 175 1:0 44958
44958 71410 1:0 45479
44958 56369 1:0 45479
44958 71404 1:0 45507
44958 56435 1:0 45610
44958 56437 1:0 45610
44958 56494 1:0 45741
44959 55984 21:0 44960
44959 55927 21:0 44960
44959 73220 21:0 44960
44959 73253 21:0 44960
44959 55970 21:0 44960
44959 73286 21:0 44960
44959 55913 21:0 44960
44959 73022 21:0 44960
44959 56038 21:0 44960
44959 249 21:0 44960
44959 56027 21:0 44960
44959 73383 21:0 44985
44961 71417 1:0 45507
44961 71448 1:0 45507
44964 56123 21:0 44964
44969 71602 1:0 44969
44981 71447 1:0 45590
44982 71431 1:0 45601
44982 71423 1:0 45601
44984 55856 21:0 44988
44987 73352 21:0 44988
44987 56095 21:0 44988
44987 73121 21:0 44988
44987 72989 21:0 44988
44987 56093 21:0 44988
44987 55799 21:0 44988
44987 73088 21:0 44988
44987 73187 21:0 44988
44987 73319 21:0 44988
44987 73154 21:0 44988
44987 55870 21:0 44988
44987 73385 21:0 44988
44987 73055 21:0 44988
44987 73418 21:0 44991
44990 73295 21:0 44991
44990 73176 21:0 44991
44990 73196 21:0 44991
44990 56045 21:0 44991
44990 56102 21:0 44991
44990 73328 21:0 44991
44990 73130 21:0 44991
44991 56141 21:0 45023
44993 71593 1:0 44993
44993 71595 1:0 44993
44994 71446 1:0 45597
45022 55813 21:0 45029
45028 55742 21:0 45032
45031 56150 21:0 45032
45031 73451 21:0 45034
45033 72965 21:0 45034
45033 73262 21:0 45034
45033 73077 21:0 45034
45033 73044 21:0 45034
45033 73209 21:0 45034
45033 73229 21:0 45034
45033 73484 21:0 45034
45033 73097 21:0 45035
45034 73308 21:0 45035
45034 73011 21:0 45036
45035 72998 21:0 45036
45035 72945 21:0 45036
45035 72978 21:0 45036
45035 73242 21:0 45036
45035 73031 21:0 45036
45036 56152 21:0 45039
45038 73495 21:0 45042
45041 56071 21:0 45042
45041 73493 21:0 45042
45041 291 21:0 45042
45041 73374 21:0 45042
45041 271 21:0 45042
45041 325 21:0 45042
45041 55900 21:0 45042
45041 55843 21:0 45042
45041 255 21:0 45042
45041 55756 21:0 45042
45041 56014 21:0 45042
45041 163 21:0 45042
45041 73361 21:0 45042
45041 73110 21:0 45042
45041 73473 21:0 45042
45041 73407 21:0 45042
45041 253 21:0 45042
45041 55786 21:0 45042
45041 73460 21:0 45042
45041 307 21:0 45042
45041 73394 21:0 45042
45041 55957 21:0 45042
45041 273 21:0 45042
45041 309 21:0 45042
45041 73064 21:0 45042
45041 55672 21:0 45042
45041 289 21:0 45042
45041 73275 21:0 45042
45041 55931 21:0 45042
45041 55874 21:0 45042
45041 327 21:0 45042
45041 73143 21:0 45042
45041 55760 21:0 45042
45041 73341 21:0 45042
45041 73427 21:0 45042
45041 56036 21:0 45042
45041 55979 21:0 45042
45041 55703 21:0 45042
45041 56128 21:0 45042
45041 73440 21:0 45042
45041 55981 21:0 45042
45041 55988 21:0 45042
45041 55729 21:0 45042
45041 55817 21:0 45042
45041 73163 21:0 45042
45043 163 1:0 45114
45043 71445 1:0 45608
45046 56155 21:0 45068
45048 71365 1:0 45610
45051 71582 1:0 45051
45054 71409 1:0 45741
45055 71389 1:0 45769
45063 56440 1:0 45610
45063 56426 1:0 45610
45063 56492 1:0 45741
45063 56497 1:0 45741
45063 56501 1:0 45769
45064 71395 1:0 45638
45064 56483 1:0 45741
45067 73218 21:0 45068
45067 73461 21:0 45068
45067 73342 21:0 45071
45069 159 1:0 45069
45070 55699 21:0 45071
45070 55685 21:0 45071
45070 55922 21:0 45071
45070 56159 21:0 45071
45070 55924 21:0 45071
45070 73336 21:0 45071
45070 55865 21:0 45071
45070 55810 21:0 45071
45070 55867 21:0 45071
45070 73494 21:0 45071
45074 56173 21:0 45079
45076 71415 1:0 45638
45077 71345 1:0 45638
45077 71413 1:0 45721
45078 71576 1:0 45078
45078 73488 21:0 45079
45078 305 21:0 45079
45078 55835 21:0 45082
45080 161 1:0 45080
45080 71414 1:0 45729
45081 55774 21:0 45082
45081 73309 21:0 45085
45083 71377 1:0 45732
45083 71357 1:0 45732
45084 56177 1:0 45084
45085 56177 21:0 45088
45086 71412 1:0 45739
45086 71371 1:0 45741
45086 71382 1:0 45769
45087 55949 21:0 45088
45087 73468 21:0 45091
45089 157 1:0 45089
45089 71351 1:0 45769
45089 71378 1:0 45769
45090 73441 21:0 45091
45090 73375 21:0 45091
45090 73415 21:0 45109
45092 71400 1:0 45769
45092 71380 1:0 45852
45092 56527 1:0 45872
45092 56551 1:0 45872
45092 56554 1:0 45872
45092 56540 1:0 45872
45092 56549 1:0 45872
45092 71376 1:0 45872
45092 71367 1:0 45900
45092 71356 1:0 45900
45092 56558 1:0 45900
45092 56584 1:0 46003
45092 56606 1:0 46003
45092 71343 1:0 46003
45092 56615 1:0 46031
45092 71334 1:0 46031
45092 71323 1:0 46031
45092 21 1:0 46142
45092 71310 1:0 46142
45092 56641 1:0 46142
45092 71301 1:0 46162
45092 19 1:0 46225
45092 56672 1:0 46228
45092 54468 1:0 46229
45092 71290 1:0 46229
45104 71381 1:0 45860
45108 73389 21:0 45119
45112 71364 1:0 45863
45113 71324 1:0 45863
45118 55694 21:0 45119
45118 55696 21:0 45119
45118 55808 21:0 45119
45118 297 21:0 45119
45118 55751 21:0 45119
45118 55753 21:0 45119
45118 295 21:0 45119
45118 56185 21:0 45119
45118 315 21:0 45119
45118 313 21:0 45119
45122 56198 21:0 45154
45125 71379 1:0 45870
45153 73210 21:0 45170
45166 71329 1:0 45872
45166 56608 1:0 46003
45166 9 1:0 46137
45169 73281 21:0 45173
45172 56207 21:0 45173
45177 56212 21:0 45199
45179 71349 1:0 45900
45194 71332 1:0 45900
45195 56611 1:0 46003
45198 55778 21:0 45199
45198 73284 21:0 45199
45198 55667 21:0 45202
45200 141 1:0 45200
45201 73417 21:0 45202
45201 73479 21:0 45202
45201 73416 21:0 45210
45205 56230 21:0 45205
45207 71318 1:0 45900
45207 71344 1:0 45994
45207 71325 1:0 45994
45208 71348 1:0 45983
45208 71347 1:0 45990
45209 56180 21:0 45210
45209 73310 21:0 45210
45209 287 21:0 45213
45211 143 1:0 45211
45211 56597 1:0 46003
45211 71331 1:0 46003
45212 317 21:0 45213
45212 56209 21:0 45213
45212 311 21:0 45213
45212 293 21:0 45213
45212 73191 21:0 45213
45212 55892 21:0 45213
45212 299 21:0 45219
45214 71346 1:0 46001
45215 56234 1:0 45215
45216 56234 21:0 45216
45217 71338 1:0 46016
45217 71316 1:0 46031
45217 71333 1:0 46031
45217 56633 1:0 46125
45218 243 21:0 45219
45218 261 21:0 45219
45218 275 21:0 45219
45218 279 21:0 45219
45218 73092 21:0 45219
45218 277 21:0 45219
45218 63 21:0 45219
45218 263 21:0 45219
45218 61 21:0 45219
45218 281 21:0 45219
45218 56216 21:0 45219
45218 259 21:0 45219
45218 257 21:0 45219
45218 241 21:0 45219
45218 73396 21:0 45222
45220 139 1:0 45220
45220 61 1:0 45741
45220 63 1:0 45741
45220 71315 1:0 46114
45221 73474 21:0 45222
45221 73449 21:0 45222
45223 71314 1:0 46121
45223 71312 1:0 46125
45231 56242 21:0 45232
45232 73395 21:0 45250
45243 71313 1:0 46132
45244 71305 1:0 46134
45244 56654 1:0 46137
45253 56255 21:0 45285
45255 71529 1:0 45255
45256 71298 1:0 46137
45256 71296 1:0 46137
45256 71300 1:0 46162
45288 56264 21:0 45291
45297 71311 1:0 46142
45297 71299 1:0 46162
45298 56266 21:0 45301
45300 56237 21:0 45304
45302 7 1:0 46150
45305 56663 1:0 46159
45305 71292 1:0 46197
45305 56665 1:0 46213
45305 56686 1:0 46229
45308 56269 21:0 45330
45310 71285 1:0 46216
45325 5 1:0 46216
45326 71291 1:0 46224
45329 73303 21:0 45330
45329 56273 21:0 45330
45329 55724 21:0 45330
45329 265 21:0 45333
45331 123 1:0 45331
45332 319 21:0 45333
45332 269 21:0 45333
45332 323 21:0 45341
45336 56287 21:0 45336
45338 56668 1:0 46223
45338 3 1:0 46245
45338 319 1:0 47016
45338 269 1:0 47052
45338 265 1:0 47068
45339 55724 1:0 47073
45339 73303 1:0 47073
45339 73474 1:0 47078
45339 56237 1:0 47078
45339 73395 1:0 47078
45339 73449 1:0 47092
45340 233 21:0 45341
45342 125 1:0 45342
45342 323 1:0 47016
45342 233 1:0 47016
45347 56291 21:0 45347
45348 73396 1:0 47092
45348 73092 1:0 47128
45348 55892 1:0 47144
45348 73310 1:0 47149
45348 73191 1:0 47149
45348 287 1:0 47149
45348 73417 1:0 47154
45348 73416 1:0 47154
45351 121 1:0 45351
45354 56180 1:0 47154
45354 73284 1:0 47168
45354 73479 1:0 47168
45356 55667 1:0 47168
45357 56294 21:0 45381
45359 55778 1:0 47204
45374 73281 1:0 47220
45375 73389 1:0 47225
45375 73210 1:0 47225
45380 56299 21:0 45381
45384 56312 21:0 45416
45419 56321 21:0 45422
45429 56323 21:0 45432
45439 56326 21:0 45461
45460 56330 21:0 45461
45462 105 1:0 45462
45466 56344 1:0 45466
45467 56344 21:0 45467
45473 107 1:0 45473
45477 56348 1:0 45477
45478 56348 21:0 45481
45482 103 1:0 45482
45488 56351 21:0 45512
45511 56356 21:0 45512
45515 56369 21:0 45547
45550 56378 21:0 45553
45560 56380 21:0 45563
45570 56383 21:0 45592
45591 56387 21:0 45592
45593 87 1:0 45593
45598 56401 21:0 45598
45604 89 1:0 45604
45609 56405 21:0 45609
45613 85 1:0 45613
45618 56408 1:0 45618
45619 56408 21:0 45643
45642 56413 21:0 45643
45644 56408 1:0 47225
45646 56426 21:0 45678
45681 56435 21:0 45684
45691 56437 21:0 45694
45701 56440 21:0 45723
45722 56444 21:0 45723
45724 69 1:0 45724
45728 56458 1:0 45728
45729 56458 21:0 45734
45735 71 1:0 45735
45735 56458 1:0 47092
45739 56462 1:0 45739
45740 56462 21:0 45743
45744 67 1:0 45744
45750 56465 21:0 45750
45755 56470 21:0 45756
45777 56483 21:0 45809
45812 56492 21:0 45815
45822 56494 21:0 45825
45832 56497 21:0 45854
45853 56501 21:0 45854
45855 51 1:0 45855
45859 56515 1:0 45859
45860 56515 21:0 45860
45866 53 1:0 45866
45871 56519 21:0 45874
45875 49 1:0 45875
45886 56527 21:0 45887
45887 56522 21:0 45905
45906 56522 1:0 47073
45908 56540 21:0 45940
45943 56549 21:0 45946
45953 56551 21:0 45956
45963 56554 21:0 45985
45984 56558 21:0 45985
45986 33 1:0 45986
45990 56572 1:0 45990
45991 56572 21:0 45996
45997 35 1:0 45997
46002 56576 21:0 46002
46006 31 1:0 46006
46012 56579 21:0 46036
46035 56584 21:0 46036
46039 56597 21:0 46071
46074 56606 21:0 46077
46084 56608 21:0 46087
46094 56611 21:0 46116
46115 56615 21:0 46116
46117 15 1:0 46117
46122 56629 21:0 46122
46128 17 1:0 46128
46133 56633 21:0 46136
46137 13 1:0 46137
46143 56636 21:0 46167
46166 56641 21:0 46167
46170 56654 21:0 46202
46205 56663 21:0 46208
46215 56665 21:0 46218
46225 56668 21:0 46254
46253 54468 21:0 46255
46254 74534 21:0 46255
46254 56672 21:0 46255
46255 74535 21:0 46266
46265 7 21:0 46266
46265 19 21:0 46266
46266 74536 21:0 46299
46298 74545 21:0 46299
46298 9 21:0 46299
46298 56686 21:0 46299
46298 3 21:0 46299
46298 5 21:0 46299
46301 74529 21:0 46310
46309 74554 21:0 46310
46309 21 21:0 46310
46309 74542 21:0 46310
46309 74555 21:0 46310
46310 13 21:0 46310
46312 74557 21:0 46320
46315 17 21:0 46315
46319 74559 21:0 46370
46320 15 21:0 46320
46369 74558 21:0 46386
46385 74560 21:0 46396
46386 31 21:0 46386
46391 35 21:0 46391
46395 74590 21:0 46446
46396 33 21:0 46396
46445 74591 21:0 46462
46461 74592 21:0 46472
46462 49 21:0 46462
46467 53 21:0 46467
46471 74593 21:0 46522
46472 51 21:0 46472
46521 74623 21:0 46538
46537 74624 21:0 46548
46538 67 21:0 46538
46543 71 21:0 46543
46547 74625 21:0 46598
46548 69 21:0 46548
46597 74626 21:0 46614
46613 74656 21:0 46624
46614 85 21:0 46614
46619 89 21:0 46619
46623 74657 21:0 46674
46624 87 21:0 46624
46673 74658 21:0 46690
46689 74659 21:0 46700
46690 103 21:0 46690
46695 107 21:0 46695
46699 74689 21:0 46733
46700 105 21:0 46700
46732 74690 21:0 46766
46750 74741 21:0 46750
46755 74742 21:0 46755
46765 74691 21:0 46776
46766 121 21:0 46766
46771 125 21:0 46771
46775 74692 21:0 46798
46776 123 21:0 46776
46787 74766 21:0 46787
46797 74722 21:0 46842
46841 74724 21:0 46852
46842 139 21:0 46842
46847 143 21:0 46847
46851 74723 21:0 46870
46852 141 21:0 46852
46854 74780 21:0 46854
46869 74725 21:0 46918
46909 74793 21:0 46909
46917 74755 21:0 46923
46918 157 21:0 46918
46922 74757 21:0 46946
46923 161 21:0 46923
46928 159 21:0 46928
46945 74756 21:0 46994
46993 74758 21:0 46999
46994 175 21:0 46994
46998 74788 21:0 47018
46999 179 21:0 46999
47004 177 21:0 47004
47017 74789 21:0 47070
47069 74790 21:0 47075
47070 193 21:0 47070
47074 74791 21:0 47094
47075 197 21:0 47075
47080 195 21:0 47080
47093 74821 21:0 47146
47130 74906 21:0 47130
47145 74822 21:0 47151
47146 211 21:0 47146
47150 74823 21:0 47170
47151 215 21:0 47151
47156 213 21:0 47156
47169 74824 21:0 47222
47178 74932 21:0 47178
47206 74938 21:0 47206
47206 74936 21:0 47206
47206 74939 21:0 47206
47211 74940 21:0 47211
47221 74854 21:0 47227
47222 229 21:0 47222
47226 241 1:0 47230
47226 73441 1:0 47230
47226 56572 1:0 47230
47226 73415 1:0 47230
47226 74856 21:0 47246
47227 233 21:0 47227
47227 74952 21:0 47227
47231 55949 1:0 47244
47231 73375 1:0 47244
47231 73468 1:0 47244
47232 231 21:0 47232
47232 253 1:0 47232
47233 243 1:0 47244
47234 74945 21:0 47234
47245 73309 1:0 47280
47245 74855 21:0 47298
47254 74965 21:0 47254
47281 55774 1:0 47296
47282 74971 21:0 47282
47282 74972 21:0 47282
47286 263 1:0 47287
47286 257 1:0 47287
47287 74973 21:0 47287
47287 255 1:0 47287
47288 259 1:0 47296
47289 74958 21:0 47289
47295 74984 21:0 47295
47297 251 1:0 47299
47297 55835 1:0 47301
47297 305 1:0 47301
47297 74857 21:0 47303
47298 247 21:0 47298
47302 249 1:0 47304
47302 73336 1:0 47306
47302 73488 1:0 47306
47302 74887 21:0 47322
47303 251 21:0 47303
47307 56351 1:0 47320
47307 73494 1:0 47320
47307 73342 1:0 47320
47308 249 21:0 47308
47308 271 1:0 47308
47309 261 1:0 47320
47310 74978 21:0 47310
47321 73218 1:0 47356
47321 74888 21:0 47374
47357 73461 1:0 47372
47358 75002 21:0 47358
47358 75004 21:0 47358
47362 281 1:0 47372
47362 275 1:0 47372
47369 273 1:0 47369
47373 73231 1:0 47377
47373 73383 1:0 47377
47373 73495 1:0 47377
47373 74889 21:0 47379
47374 265 21:0 47374
47378 277 1:0 47382
47378 73314 1:0 47382
47378 73215 1:0 47382
47378 56294 1:0 47382
47378 74890 21:0 47398
47379 269 21:0 47379
47379 75018 21:0 47379
47383 73198 1:0 47396
47383 73152 1:0 47396
47383 73442 1:0 47396
47384 267 21:0 47384
47384 289 1:0 47384
47385 279 1:0 47396
47397 56059 1:0 47432
47397 74920 21:0 47450
47433 56579 1:0 47448
47434 75035 21:0 47434
47434 75038 21:0 47434
47438 293 1:0 47439
47438 299 1:0 47439
47439 291 1:0 47439
47440 295 1:0 47448
47447 75050 21:0 47447
47449 73283 1:0 47453
47449 73362 1:0 47453
47449 73248 1:0 47453
47449 74922 21:0 47455
47450 283 21:0 47450
47454 73408 1:0 47458
47454 73211 1:0 47458
47454 73363 1:0 47458
47454 74921 21:0 47460
47455 287 21:0 47455
47459 56519 1:0 47472
47459 56002 1:0 47472
47459 55888 1:0 47472
47459 74923 21:0 47526
47460 285 21:0 47460
47460 307 1:0 47460
47461 297 1:0 47472
47462 75044 21:0 47462
47471 75063 21:0 47471
47473 56006 1:0 47508
47509 73409 1:0 47524
47514 317 1:0 47515
47514 311 1:0 47515
47515 309 1:0 47515
47516 313 1:0 47524
47517 75057 21:0 47517
47523 75083 21:0 47523
47525 73252 1:0 47529
47525 73384 1:0 47529
47525 56462 1:0 47529
47525 74953 21:0 47531
47526 301 21:0 47526
47530 73382 1:0 47534
47530 56348 1:0 47534
47530 73347 1:0 47534
47530 74955 21:0 47536
47531 305 21:0 47531
47535 73450 1:0 47548
47535 56009 1:0 47548
47535 55781 1:0 47548
47535 74954 21:0 47602
47536 303 21:0 47536
47536 325 1:0 47536
47537 315 1:0 47548
47538 75077 21:0 47538
47549 73343 1:0 47584
47558 75097 21:0 47558
47584 327 1:0 47584
47585 73499 1:0 47605
47601 74956 21:0 47607
47602 319 21:0 47602
47604 75119 21:0 47604
47606 74986 21:0 47612
47606 73498 1:0 47616
47607 323 21:0 47607
47607 75117 21:0 47607
47608 75119 1:0 47608
47611 73276 1:0 47616
47611 74988 21:0 47621
47611 376 1:0 47614
47617 73497 1:0 47623
47620 73330 1:0 47627
47620 73413 1:0 47627
47620 74987 21:0 47629
47623 55660 1:0 47623
47626 75127 21:0 47626
47628 74989 21:0 47632
47628 73496 1:0 47634
47630 323 1:0 47630
47631 55685 1:0 47636
47631 73329 1:0 47636
47631 55694 1:0 47636
47631 55699 1:0 47636
47631 55696 1:0 47636
47631 75019 21:0 47641
47634 55664 1:0 47634
47635 75127 1:0 47635
47635 55664 21:0 47635
47635 55672 1:0 47636
47636 73493 1:0 47636
47637 73466 1:0 47664
47639 319 1:0 47639
47640 73230 1:0 47664
47640 56177 1:0 47664
47640 75020 21:0 47701
47662 73484 1:0 47664
47664 55703 1:0 47664
47664 73473 1:0 47664
47665 73483 1:0 47665
47665 73465 1:0 47747
47674 73482 1:0 47674
47674 73481 1:0 47674
47700 73475 1:0 47700
47700 75021 21:0 47749
47748 75022 21:0 47752
47748 73464 1:0 47754
47750 303 1:0 47750
47751 56173 1:0 47758
47751 73435 1:0 47758
47751 75052 21:0 47763
47754 55717 1:0 47754
47755 55717 21:0 47755
47759 73462 1:0 47759
47759 73463 1:0 47765
47761 305 1:0 47761
47762 55756 1:0 47767
47762 73316 1:0 47767
47762 55753 1:0 47767
47762 55751 1:0 47767
47762 55742 1:0 47767
47762 75053 21:0 47769
47765 55721 1:0 47765
47767 73460 1:0 47767
47767 55729 1:0 47767
47768 75054 21:0 47772
47768 73433 1:0 47795
47770 301 1:0 47770
47771 73264 1:0 47795
47771 56633 1:0 47795
47771 75055 21:0 47854
47781 73455 1:0 47781
47793 73451 1:0 47795
47795 73440 1:0 47795
47795 55760 1:0 47795
47796 73431 1:0 47878
47805 73448 1:0 47805
47805 73446 1:0 47805
47853 75085 21:0 47883
47879 73432 1:0 47886
47881 285 1:0 47881
47882 73098 1:0 47889
47882 73085 1:0 47889
47882 75087 21:0 47891
47890 73429 1:0 47890
47890 75086 21:0 47894
47890 73430 1:0 47896
47892 287 1:0 47892
47893 55813 1:0 47898
47893 55799 1:0 47898
47893 73099 1:0 47898
47893 55808 1:0 47898
47893 55810 1:0 47898
47893 75088 21:0 47903
47898 55786 1:0 47898
47898 73427 1:0 47898
47899 73400 1:0 47926
47901 283 1:0 47901
47902 73132 1:0 47926
47902 73171 1:0 47926
47902 75118 21:0 47963
47907 73428 1:0 47907
47912 73422 1:0 47912
47924 73418 1:0 47926
47926 73407 1:0 47926
47926 55817 1:0 47926
47927 73399 1:0 48009
47962 75120 21:0 48011
47994 73402 1:0 47994
48010 75119 21:0 48014
48010 73398 1:0 48016
48012 267 1:0 48012
48013 73184 1:0 48020
48013 73087 1:0 48020
48013 75121 21:0 48025
48016 55831 1:0 48016
48017 55831 21:0 48017
48021 73397 1:0 48027
48023 269 1:0 48023
48024 74543 21:0 48025
48024 74544 21:0 48025
48024 55865 1:0 48029
48024 55867 1:0 48029
48024 73079 1:0 48029
48024 55856 1:0 48029
48024 55870 1:0 48029
48024 74540 21:0 48031
48029 73394 1:0 48029
48029 55843 1:0 48029
48030 74549 21:0 48031
48030 74556 21:0 48031
48030 74582 21:0 48034
48030 73367 1:0 48057
48032 265 1:0 48032
48033 74575 21:0 48034
48033 74562 21:0 48034
48033 73105 1:0 48057
48033 73072 1:0 48057
48033 74577 21:0 48059
48037 55838 1:0 48037
48038 55838 21:0 48038
48055 73385 1:0 48057
48057 73374 1:0 48057
48057 55874 1:0 48057
48058 74568 21:0 48094
48058 73365 1:0 48140
48067 73380 1:0 48067
48093 73376 1:0 48093
48093 74576 21:0 48113
48112 74569 21:0 48116
48115 74573 21:0 48142
48125 73369 1:0 48125
48141 74588 21:0 48142
48141 74610 21:0 48142
48141 74621 21:0 48145
48141 73366 1:0 48148
48143 249 1:0 48143
48144 74615 21:0 48145
48144 74601 21:0 48145
48144 73059 1:0 48151
48144 73045 1:0 48151
48144 74602 21:0 48153
48152 74589 21:0 48153
48152 74606 21:0 48153
48152 74595 21:0 48156
48152 73364 1:0 48158
48154 251 1:0 48154
48155 74609 21:0 48156
48155 74622 21:0 48156
48155 73151 1:0 48160
48155 55927 1:0 48160
48155 55913 1:0 48160
48155 55922 1:0 48160
48155 55924 1:0 48160
48155 74608 21:0 48162
48159 55892 21:0 48159
48160 73361 1:0 48160
48160 55900 1:0 48160
48161 74639 21:0 48162
48161 74648 21:0 48162
48161 74708 21:0 48165
48161 73334 1:0 48188
48163 247 1:0 48163
48164 74714 21:0 48165
48164 74655 21:0 48165
48164 73149 1:0 48188
48164 73078 1:0 48188
48164 74694 21:0 48190
48168 55895 1:0 48168
48174 73356 1:0 48174
48186 73352 1:0 48188
48188 73341 1:0 48188
48188 55931 1:0 48188
48189 73351 1:0 48189
48189 74635 21:0 48206
48189 73333 1:0 48271
48198 73349 1:0 48198
48198 73350 1:0 48198
48205 74681 21:0 48244
48243 74643 21:0 48247
48246 74705 21:0 48273
48272 74654 21:0 48273
48272 74634 21:0 48273
48272 74672 21:0 48276
48272 73332 1:0 48278
48274 231 1:0 48274
48275 74642 21:0 48276
48275 74707 21:0 48276
48275 73185 1:0 48282
48275 73145 1:0 48282
48275 74688 21:0 48284
48278 55945 1:0 48278
48279 55945 21:0 48279
48283 74701 21:0 48284
48283 74674 21:0 48284
48283 74676 21:0 48287
48283 73331 1:0 48289
48285 233 1:0 48285
48286 74667 21:0 48287
48286 74675 21:0 48287
48286 55984 1:0 48291
48286 55970 1:0 48291
48286 55981 1:0 48291
48286 73164 1:0 48291
48286 55979 1:0 48291
48286 74700 21:0 48293
48291 73328 1:0 48291
48291 55957 1:0 48291
48291 73186 1:0 48319
48291 73111 1:0 48319
48291 73308 1:0 48319
48291 73319 1:0 48319
48291 55988 1:0 48319
48291 73301 1:0 48319
48291 56038 1:0 48422
48291 56014 1:0 48422
48291 73295 1:0 48422
48291 56036 1:0 48422
48291 73275 1:0 48450
48291 73286 1:0 48450
48291 56045 1:0 48450
48291 56071 1:0 48553
48291 56095 1:0 48553
48291 73262 1:0 48553
48291 73242 1:0 48581
48291 73253 1:0 48581
48291 56102 1:0 48581
48291 56128 1:0 48684
48291 56159 1:0 48712
48292 74628 21:0 48293
48292 74668 21:0 48293
48292 74661 21:0 48296
48294 229 1:0 48294
48294 73116 1:0 48413
48295 74687 21:0 48296
48295 74720 21:0 48296
48295 74709 21:0 48321
48297 73299 1:0 48402
48297 73300 1:0 48410
48299 55952 1:0 48299
48299 73144 1:0 48413
48302 73229 1:0 48684
48305 73323 1:0 48305
48318 73298 1:0 48420
48320 73318 1:0 48320
48320 74641 21:0 48324
48323 74774 21:0 48375
48325 73153 1:0 48422
48329 73317 1:0 48329
48330 56041 1:0 48422
48330 56027 1:0 48422
48330 56093 1:0 48553
48330 56150 1:0 48684
48330 56152 1:0 48684
48330 73220 1:0 48712
48330 73209 1:0 48712
48374 74799 21:0 48378
48376 73268 1:0 48450
48377 74771 21:0 48404
48379 73125 1:0 48450
48379 56098 1:0 48553
48384 73158 1:0 48450
48391 56209 1:0 48815
48399 73165 1:0 48544
48400 73131 1:0 48544
48403 74767 21:0 48404
48403 74800 21:0 48404
48403 74738 21:0 48407
48405 213 1:0 48405
48406 74879 21:0 48407
48406 74734 21:0 48407
48406 74727 21:0 48415
48410 56002 21:0 48410
48412 73267 1:0 48533
48413 73266 1:0 48540
48413 73052 1:0 48553
48414 73297 1:0 48414
48414 74832 21:0 48415
48414 74859 21:0 48415
48414 74833 21:0 48418
48416 215 1:0 48416
48416 73265 1:0 48551
48417 74721 21:0 48418
48417 74841 21:0 48418
48417 74819 21:0 48424
48419 56084 1:0 48553
48419 73120 1:0 48581
48419 73177 1:0 48581
48419 56155 1:0 48684
48419 56141 1:0 48684
48419 73196 1:0 48815
48422 73235 1:0 48581
48422 73233 1:0 48664
48423 74865 21:0 48424
48423 74753 21:0 48424
48423 74773 21:0 48427
48425 211 1:0 48425
48425 73138 1:0 48675
48425 73083 1:0 48675
48426 74840 21:0 48427
48426 74870 21:0 48427
48426 74787 21:0 48452
48428 73234 1:0 48672
48430 73232 1:0 48682
48431 56009 21:0 48431
48431 73296 1:0 48431
48433 73086 1:0 48684
48436 73290 1:0 48436
48450 73202 1:0 48712
48451 73285 1:0 48451
48451 74808 21:0 48455
48454 74874 21:0 48506
48456 56185 1:0 48815
48456 56216 1:0 48843
48456 56242 1:0 48946
48456 56273 1:0 48974
48461 73053 1:0 48712
48461 73182 1:0 48712
48486 73277 1:0 48486
48502 56198 1:0 48815
48505 74747 21:0 48509
48508 74760 21:0 48535
48510 73201 1:0 48795
48515 73066 1:0 48806
48518 73270 1:0 48518
48522 73187 1:0 48843
48530 73118 1:0 48806
48531 73197 1:0 48815
48534 74866 21:0 48535
48534 74873 21:0 48535
48534 74786 21:0 48538
48536 195 1:0 48536
48537 74839 21:0 48538
48537 74820 21:0 48538
48537 74733 21:0 48546
48543 73200 1:0 48802
48544 73199 1:0 48813
48544 56207 1:0 48815
48544 56212 1:0 48815
48544 73176 1:0 48843
48544 56264 1:0 48946
48544 56255 1:0 48946
48544 73163 1:0 48946
48544 56266 1:0 48946
48544 56269 1:0 48946
48544 73143 1:0 48974
48544 73154 1:0 48974
48544 73130 1:0 49077
48544 56299 1:0 49077
48544 73121 1:0 49105
48544 73110 1:0 49105
48544 56330 1:0 49105
48544 56356 1:0 49208
48544 73097 1:0 49208
48544 73088 1:0 49236
48544 73077 1:0 49236
48544 56387 1:0 49236
48544 56413 1:0 49339
48544 73064 1:0 49339
48544 73044 1:0 49339
48544 56444 1:0 49367
48544 73031 1:0 49470
48544 56470 1:0 49470
48544 56501 1:0 49498
48544 73011 1:0 49498
48544 72998 1:0 49601
48544 56527 1:0 49601
48544 72978 1:0 49629
48544 56558 1:0 49629
48544 72965 1:0 49732
48544 56584 1:0 49732
48544 72945 1:0 49760
48544 56615 1:0 49760
48544 72932 1:0 49872
48544 21 1:0 49872
48544 56641 1:0 49872
48544 19 1:0 49954
48544 56672 1:0 49957
48544 72912 1:0 49958
48545 74853 21:0 48546
48545 74740 21:0 48546
48545 74846 21:0 48549
48547 197 1:0 48547
48547 73169 1:0 48843
48548 74775 21:0 48549
48548 74872 21:0 48549
48548 74852 21:0 48555
48550 73178 1:0 48843
48550 73119 1:0 48843
48550 72987 1:0 48937
48551 56063 1:0 48551
48552 56063 21:0 48552
48553 73168 1:0 48926
48553 73167 1:0 48933
48554 74886 21:0 48555
48554 74804 21:0 48555
48554 74807 21:0 48558
48556 193 1:0 48556
48556 73050 1:0 48937
48556 72986 1:0 48946
48557 376 21:0 48558
48557 56006 21:0 48558
48557 74918 21:0 48583
48559 73166 1:0 48944
48561 56066 1:0 48561
48561 73136 1:0 48974
48562 56066 21:0 48562
48562 73263 1:0 48562
48564 73013 1:0 48974
48567 73257 1:0 48567
48579 73054 1:0 48974
48582 74903 21:0 48586
48585 75011 21:0 48637
48591 73250 1:0 48591
48591 73251 1:0 48591
48592 73135 1:0 49057
48617 73244 1:0 48617
48633 73012 1:0 49068
48636 75031 21:0 48640
48639 75064 21:0 48666
48641 73134 1:0 49064
48644 73243 1:0 48644
48646 73032 1:0 49068
48649 73237 1:0 48649
48661 56326 1:0 49077
48661 56312 1:0 49077
48661 56323 1:0 49077
48661 56321 1:0 49077
48661 56380 1:0 49208
48661 56378 1:0 49208
48661 56369 1:0 49208
48662 73039 1:0 49077
48665 75051 21:0 48666
48665 75110 21:0 48666
48665 74826 21:0 48669
48667 177 1:0 48667
48668 74997 21:0 48669
48668 74885 21:0 48669
48668 55895 21:0 48677
48671 56116 1:0 48671
48672 56116 21:0 48672
48674 73133 1:0 49075
48675 73006 1:0 49105
48675 73000 1:0 49105
48675 73103 1:0 49105
48675 73021 1:0 49199
48676 75072 21:0 48677
48676 75084 21:0 48677
48676 75116 21:0 48680
48678 179 1:0 48678
48678 73020 1:0 49199
48678 56383 1:0 49208
48679 74964 21:0 48680
48679 74837 21:0 48680
48679 56027 21:0 48680
48679 56084 21:0 48683
48681 73101 1:0 49188
48682 56120 1:0 48682
48682 74666 21:0 48683
48682 74897 21:0 48683
48682 74864 21:0 48683
48682 74785 21:0 48683
48682 74917 21:0 48683
48682 74983 21:0 48683
48682 74719 21:0 48683
48682 74851 21:0 48683
48682 74765 21:0 48683
48682 74686 21:0 48683
48682 74798 21:0 48683
48682 74963 21:0 48683
48682 75016 21:0 48683
48682 75029 21:0 48683
48682 74620 21:0 48683
48682 74818 21:0 48683
48682 74930 21:0 48683
48682 74587 21:0 48683
48682 74950 21:0 48683
48682 74699 21:0 48683
48682 74996 21:0 48683
48682 74600 21:0 48683
48682 74732 21:0 48683
48682 74752 21:0 48683
48682 74884 21:0 48683
48682 74653 21:0 48683
48682 74633 21:0 48683
48682 74831 21:0 48683
48682 74567 21:0 48683
48682 55957 21:0 48683
48682 75049 21:0 48683
48682 56071 21:0 48683
48682 56102 21:0 48683
48682 75062 21:0 48683
48682 74611 21:0 48683
48683 56120 21:0 48686
48684 73102 1:0 49196
48684 73100 1:0 49206
48685 74998 21:0 48686
48685 55667 21:0 48689
48687 175 1:0 48687
48687 73065 1:0 49208
48687 73033 1:0 49236
48688 74813 21:0 48689
48688 55835 21:0 48689
48688 75005 21:0 48707
48690 73070 1:0 49236
48690 72980 1:0 49236
48692 56123 1:0 48692
48693 56123 21:0 48693
48698 73224 1:0 48698
48702 73069 1:0 49319
48706 319 21:0 48717
48710 73046 1:0 49330
48711 72973 1:0 49330
48713 73219 1:0 48713
48716 55774 21:0 48752
48722 73217 1:0 48722
48723 73068 1:0 49326
48728 56426 1:0 49339
48751 74806 21:0 48768
48764 56435 1:0 49336
48767 74991 21:0 48782
48777 73067 1:0 49337
48780 73204 1:0 48780
48781 55949 21:0 48797
48783 72999 1:0 49339
48792 73055 1:0 49339
48792 56440 1:0 49339
48792 56437 1:0 49367
48792 56483 1:0 49470
48792 56497 1:0 49470
48792 56494 1:0 49470
48792 56492 1:0 49470
48792 73022 1:0 49498
48792 72989 1:0 49629
48792 72956 1:0 49760
48792 72923 1:0 49884
48792 54468 1:0 49958
48793 72984 1:0 49367
48796 75006 21:0 48797
48796 75104 21:0 48800
48798 159 1:0 48798
48799 56141 21:0 48800
48799 55927 21:0 48800
48799 56155 21:0 48800
48799 56041 21:0 48800
48799 55970 21:0 48800
48799 55984 21:0 48800
48799 55888 21:0 48800
48799 55913 21:0 48800
48799 56098 21:0 48800
48799 55856 21:0 48808
48803 56173 21:0 48803
48805 73037 1:0 49367
48806 72988 1:0 49367
48806 73036 1:0 49450
48807 74905 21:0 48808
48807 55756 21:0 48808
48807 55685 21:0 48808
48807 55699 21:0 48808
48807 55742 21:0 48808
48807 55813 21:0 48808
48807 55870 21:0 48808
48807 55799 21:0 48808
48807 74892 21:0 48811
48809 161 1:0 48809
48809 73035 1:0 49457
48810 75096 21:0 48811
48810 55660 21:0 48811
48810 74969 21:0 48817
48812 73017 1:0 49461
48812 73026 1:0 49461
48812 73019 1:0 49470
48814 56177 21:0 48814
48815 73034 1:0 49468
48815 73004 1:0 49498
48816 74912 21:0 48817
48816 74919 21:0 48820
48818 157 1:0 48818
48818 72993 1:0 49498
48818 72979 1:0 49498
48819 55724 21:0 48820
48819 75024 21:0 48820
48819 75039 21:0 48832
48821 73002 1:0 49581
48824 56180 21:0 48824
48826 73003 1:0 49589
48831 75071 21:0 48848
48833 72955 1:0 49592
48841 72951 1:0 49592
48842 56549 1:0 49601
48842 56540 1:0 49601
48842 56554 1:0 49601
48842 56551 1:0 49601
48842 56606 1:0 49732
48847 74809 21:0 48848
48847 74677 21:0 48848
48847 74908 21:0 48848
48847 74875 21:0 48848
48847 56093 21:0 48848
48847 56152 21:0 48848
48847 74644 21:0 48848
48847 74842 21:0 48848
48847 56150 21:0 48848
48847 74941 21:0 48848
48847 74743 21:0 48848
48847 74974 21:0 48848
48847 74776 21:0 48848
48847 56038 21:0 48848
48847 55979 21:0 48848
48847 55981 21:0 48848
48847 56095 21:0 48848
48847 74578 21:0 48848
48847 74710 21:0 48848
48847 56036 21:0 48848
48847 75007 21:0 48851
48850 271 21:0 48851
48850 289 21:0 48851
48850 93 21:0 48851
48850 56014 21:0 48851
48850 253 21:0 48851
48850 255 21:0 48851
48850 273 21:0 48851
48850 75095 21:0 48851
48850 56045 21:0 48851
48850 55988 21:0 48851
48850 55760 21:0 48851
48850 127 21:0 48851
48850 55729 21:0 48851
48850 56185 21:0 48851
48850 55786 21:0 48851
48850 55817 21:0 48851
48850 55703 21:0 48851
48850 75 21:0 48851
48850 55843 21:0 48851
48850 55672 21:0 48851
48850 327 21:0 48851
48850 111 21:0 48851
48850 55874 21:0 48851
48850 325 21:0 48851
48850 75082 21:0 48851
48850 55900 21:0 48851
48850 75115 21:0 48851
48850 109 21:0 48851
48850 56128 21:0 48851
48850 56159 21:0 48851
48850 55931 21:0 48851
48850 309 21:0 48851
48850 307 21:0 48851
48850 291 21:0 48851
48851 56198 21:0 48883
48852 127 1:0 49105
48852 111 1:0 49208
48852 109 1:0 49236
48852 93 1:0 49339
48852 75 1:0 49470
48854 73001 1:0 49599
48882 74985 21:0 48899
48895 72940 1:0 49601
48895 56611 1:0 49732
48898 74899 21:0 48902
48901 56207 21:0 48902
48901 75106 21:0 48902
48901 75073 21:0 48902
48901 75040 21:0 48902
48906 56212 21:0 48928
48908 72971 1:0 49629
48923 72966 1:0 49629
48924 72954 1:0 49629
48924 56608 1:0 49732
48927 56059 21:0 48928
48927 75030 21:0 48928
48927 55721 21:0 48931
48929 141 1:0 48929
48930 75017 21:0 48931
48930 55867 21:0 48931
48930 56209 21:0 48931
48930 55810 21:0 48931
48930 55808 21:0 48931
48930 74951 21:0 48931
48930 56216 21:0 48931
48930 55694 21:0 48931
48930 55865 21:0 48931
48930 313 21:0 48931
48930 55924 21:0 48931
48930 55922 21:0 48931
48930 315 21:0 48931
48930 55753 21:0 48931
48930 55751 21:0 48931
48930 55696 21:0 48931
48933 56230 1:0 48933
48934 56230 21:0 48939
48936 72970 1:0 49712
48937 72969 1:0 49719
48937 72946 1:0 49723
48937 72967 1:0 49723
48937 56597 1:0 49732
48937 9 1:0 49866
48937 56654 1:0 49866
48938 75103 21:0 48939
48938 74931 21:0 48939
48938 55781 21:0 48942
48940 143 1:0 48940
48941 74898 21:0 48942
48941 74907 21:0 48945
48943 72968 1:0 49730
48944 56234 1:0 48944
48945 56234 21:0 48948
48946 72960 1:0 49732
48946 72953 1:0 49760
48946 72947 1:0 49760
48946 72938 1:0 49760
48947 75070 21:0 48948
48947 75090 21:0 48951
48949 139 1:0 48949
48949 72937 1:0 49843
48950 75068 21:0 48951
48950 323 21:0 48951
48950 55778 21:0 48969
48952 72936 1:0 49850
48952 72934 1:0 49854
48952 56636 1:0 49854
48955 56237 21:0 48955
48968 55952 21:0 48979
48972 72935 1:0 49861
48973 72927 1:0 49863
48973 72918 1:0 49866
48978 295 21:0 48979
48978 317 21:0 48979
48978 311 21:0 48979
48978 56242 21:0 48979
48980 72933 1:0 49866
48982 56255 21:0 49014
48985 56663 1:0 49884
48985 72922 1:0 49891
48985 72920 1:0 49891
48985 7 1:0 49891
48985 56665 1:0 49942
49013 303 21:0 49030
49026 72921 1:0 49891
49026 5 1:0 49945
49026 56668 1:0 49952
49026 56686 1:0 49958
49026 3 1:0 49974
49029 74754 21:0 49033
49031 72914 1:0 49926
49032 56266 21:0 49033
49034 72907 1:0 49945
49037 56269 21:0 49059
49039 72913 1:0 49953
49058 257 21:0 49059
49058 281 21:0 49059
49058 245 21:0 49059
49058 279 21:0 49059
49058 263 21:0 49059
49058 241 21:0 49059
49058 261 21:0 49059
49058 259 21:0 49059
49058 293 21:0 49059
49058 299 21:0 49059
49058 297 21:0 49059
49058 56264 21:0 49059
49058 275 21:0 49059
49058 56273 21:0 49059
49058 277 21:0 49059
49058 243 21:0 49059
49058 285 21:0 49062
49060 123 1:0 49060
49060 245 1:0 50940
49060 243 1:0 50949
49061 251 21:0 49062
49061 74925 21:0 49062
49061 75105 21:0 49070
49063 74925 1:0 50726
49064 56287 1:0 49064
49067 251 1:0 50726
49067 285 1:0 50731
49067 74754 1:0 50731
49067 303 1:0 50731
49068 55952 1:0 50745
49068 55778 1:0 50745
49068 323 1:0 50745
49068 75068 1:0 50781
49068 75090 1:0 50797
49068 74907 1:0 50802
49069 47 21:0 49070
49069 247 21:0 49070
49069 75037 21:0 49070
49069 56287 21:0 49073
49071 125 1:0 49071
49071 47 1:0 49601
49071 75037 1:0 50705
49071 247 1:0 50721
49071 75105 1:0 50726
49072 77 21:0 49073
49072 75101 21:0 49073
49072 79 21:0 49073
49072 269 21:0 49073
49074 79 1:0 49337
49074 77 1:0 49337
49074 269 1:0 50655
49074 75101 1:0 50669
49074 56287 1:0 50669
49075 56291 1:0 49075
49076 56291 21:0 49079
49077 75070 1:0 50802
49077 74898 1:0 50807
49077 74931 1:0 50821
49077 55781 1:0 50821
49077 75103 1:0 50821
49077 74951 1:0 50873
49077 75017 1:0 50878
49077 55721 1:0 50878
49078 305 21:0 49079
49078 59 21:0 49079
49078 283 21:0 49082
49080 121 1:0 49080
49080 59 1:0 49470
49080 305 1:0 50655
49080 56234 1:0 50878
49081 233 21:0 49082
49081 231 21:0 49082
49083 233 1:0 50650
49083 231 1:0 50650
49083 283 1:0 50655
49083 75030 1:0 50883
49083 56059 1:0 50883
49083 74899 1:0 50897
49085 74985 1:0 50897
49088 75071 1:0 50949
49091 56299 21:0 49092
49092 56294 21:0 49110
49103 75024 1:0 50954
49104 55724 1:0 50954
49111 56294 1:0 50669
49113 56312 21:0 49145
49116 75039 1:0 50954
49141 73112 1:0 49141
49148 56321 21:0 49151
49158 56323 21:0 49161
49160 301 21:0 49164
49165 301 1:0 50650
49168 56326 21:0 49190
49189 56330 21:0 49190
49191 105 1:0 49191
49195 56344 1:0 49195
49196 56344 21:0 49201
49202 107 1:0 49202
49207 56348 21:0 49210
49211 103 1:0 49211
49211 56348 1:0 50807
49217 56351 21:0 49241
49240 56356 21:0 49241
49244 56369 21:0 49276
49279 56378 21:0 49282
49289 56380 21:0 49292
49299 56383 21:0 49321
49320 56387 21:0 49321
49322 87 1:0 49322
49326 56401 1:0 49326
49327 56401 21:0 49332
49333 89 1:0 49333
49337 56405 1:0 49337
49338 56405 21:0 49341
49342 85 1:0 49342
49342 56405 1:0 50857
49348 56408 21:0 49372
49371 56413 21:0 49372
49373 56408 1:0 50883
49375 56426 21:0 49407
49410 56435 21:0 49413
49420 56437 21:0 49423
49430 56440 21:0 49452
49451 56444 21:0 49452
49453 69 1:0 49453
49458 56458 21:0 49458
49464 71 1:0 49464
49469 56462 21:0 49472
49473 67 1:0 49473
49478 56465 1:0 49478
49479 56465 21:0 49479
49484 56470 21:0 49485
49506 56483 21:0 49538
49541 56492 21:0 49544
49551 56494 21:0 49554
49561 56497 21:0 49583
49582 56501 21:0 49583
49584 51 1:0 49584
49588 56515 1:0 49588
49589 56515 21:0 49594
49595 53 1:0 49595
49595 56515 1:0 50933
49600 56519 21:0 49603
49604 49 1:0 49604
49604 56519 1:0 50807
49610 56522 21:0 49634
49633 56527 21:0 49634
49637 56540 21:0 49669
49672 56549 21:0 49675
49682 56551 21:0 49685
49692 56554 21:0 49714
49713 56558 21:0 49714
49715 33 1:0 49715
49720 56572 21:0 49725
49726 35 1:0 49726
49730 56576 1:0 49730
49731 56576 21:0 49734
49735 31 1:0 49735
49735 56576 1:0 50802
49741 56579 21:0 49765
49764 56584 21:0 49765
49766 56579 1:0 50897
49768 56597 21:0 49800
49803 56606 21:0 49806
49813 56608 21:0 49816
49823 56611 21:0 49845
49844 56615 21:0 49845
49846 15 1:0 49846
49850 56629 1:0 49850
49851 56629 21:0 49856
49857 17 1:0 49857
49862 56633 21:0 49865
49866 13 1:0 49866
49872 56636 21:0 49896
49895 56641 21:0 49896
49899 56654 21:0 49931
49934 56663 21:0 49937
49944 56665 21:0 49947
49954 56668 21:0 49983
49982 56672 21:0 49983
49983 76156 21:0 49984
49984 76157 21:0 49995
49994 54468 21:0 49995
49994 56686 21:0 49995
49994 19 21:0 49995
49995 76158 21:0 50028
50027 9 21:0 50028
50027 5 21:0 50028
50027 7 21:0 50028
50027 3 21:0 50028
50027 76167 21:0 50028
50030 76151 21:0 50039
50038 76176 21:0 50039
50038 76177 21:0 50039
50038 76164 21:0 50039
50038 21 21:0 50039
50039 13 21:0 50039
50041 76179 21:0 50049
50044 17 21:0 50044
50048 76181 21:0 50099
50049 15 21:0 50049
50098 76180 21:0 50115
50114 76182 21:0 50125
50115 31 21:0 50115
50120 35 21:0 50120
50124 76212 21:0 50175
50125 33 21:0 50125
50174 76213 21:0 50191
50190 76214 21:0 50201
50191 49 21:0 50191
50196 53 21:0 50196
50200 76215 21:0 50251
50201 51 21:0 50201
50250 76245 21:0 50267
50266 76246 21:0 50277
50267 67 21:0 50267
50272 71 21:0 50272
50276 76247 21:0 50327
50277 69 21:0 50277
50326 76248 21:0 50343
50342 76278 21:0 50353
50343 85 21:0 50343
50348 89 21:0 50348
50352 76280 21:0 50403
50353 87 21:0 50353
50402 76279 21:0 50419
50418 76281 21:0 50429
50419 103 21:0 50419
50424 107 21:0 50424
50428 76311 21:0 50465
50429 105 21:0 50429
50440 76355 21:0 50440
50464 76312 21:0 50495
50494 76313 21:0 50505
50495 121 21:0 50495
50500 125 21:0 50500
50504 76314 21:0 50527
50505 123 21:0 50505
50526 76344 21:0 50571
50570 76345 21:0 50581
50571 139 21:0 50571
50576 143 21:0 50576
50580 76346 21:0 50599
50581 141 21:0 50581
50598 76347 21:0 50647
50646 76377 21:0 50652
50647 157 21:0 50647
50651 76378 21:0 50675
50652 161 21:0 50652
50652 76442 21:0 50652
50657 159 21:0 50657
50668 76454 21:0 50668
50674 76379 21:0 50723
50707 76461 21:0 50707
50714 76448 21:0 50714
50722 76380 21:0 50728
50723 175 21:0 50723
50727 76410 21:0 50747
50728 179 21:0 50728
50728 76475 21:0 50728
50733 177 21:0 50733
50746 76411 21:0 50799
50783 76494 21:0 50783
50783 76492 21:0 50783
50796 76507 21:0 50796
50798 76412 21:0 50804
50799 193 21:0 50799
50803 76413 21:0 50823
50804 197 21:0 50804
50809 195 21:0 50809
50811 76501 21:0 50811
50820 76520 21:0 50820
50822 76443 21:0 50875
50859 76527 21:0 50859
50866 76514 21:0 50866
50874 76444 21:0 50880
50875 211 21:0 50875
50879 76445 21:0 50899
50880 215 21:0 50880
50885 213 21:0 50885
50887 76534 21:0 50887
50898 76446 21:0 50951
50935 76561 21:0 50935
50940 76562 21:0 50940
50942 76547 21:0 50942
50948 76573 21:0 50948
50950 76476 21:0 50956
50951 229 21:0 50951
50955 74912 1:0 50959
50955 74919 1:0 50959
50955 74969 1:0 50959
50955 76477 21:0 50975
50956 233 21:0 50956
50956 76574 21:0 50956
50960 55660 1:0 50973
50960 75096 1:0 50973
50960 74892 1:0 50973
50961 231 21:0 50961
50961 253 1:0 50961
50962 241 1:0 50973
50963 76567 21:0 50963
50972 76586 21:0 50972
50974 74905 1:0 51009
50974 76478 21:0 51027
51010 55888 1:0 51025
51011 76591 21:0 51011
51015 263 1:0 51016
51015 257 1:0 51016
51016 255 1:0 51016
51017 261 1:0 51025
51024 76606 21:0 51024
51026 55949 1:0 51030
51026 75104 1:0 51030
51026 75006 1:0 51030
51026 76479 21:0 51032
51027 247 21:0 51027
51031 74806 1:0 51035
51031 56344 1:0 51035
51031 74991 1:0 51035
51031 76509 21:0 51051
51032 251 21:0 51032
51032 76607 21:0 51032
51036 55774 1:0 51049
51036 319 1:0 51049
51036 75005 1:0 51049
51037 249 21:0 51037
51037 271 1:0 51037
51038 259 1:0 51049
51050 55835 1:0 51085
51050 76510 21:0 51103
51059 76620 21:0 51059
51086 56291 1:0 51101
51087 76627 21:0 51087
51091 275 1:0 51092
51091 281 1:0 51092
51092 76628 21:0 51092
51092 273 1:0 51092
51093 277 1:0 51101
51102 74813 1:0 51106
51102 56230 1:0 51106
51102 56629 1:0 51106
51102 76511 21:0 51108
51103 265 21:0 51103
51107 55667 1:0 51111
51107 74998 1:0 51111
51107 74964 1:0 51111
51107 76512 21:0 51127
51108 269 21:0 51108
51108 76640 21:0 51108
51112 74837 1:0 51125
51112 56522 1:0 51125
51112 75116 1:0 51125
51113 267 21:0 51113
51113 289 1:0 51113
51114 279 1:0 51125
51126 56120 1:0 51161
51126 76542 21:0 51179
51162 56462 1:0 51177
51163 76659 21:0 51163
51163 76657 21:0 51163
51163 76660 21:0 51163
51167 299 1:0 51168
51167 293 1:0 51168
51168 291 1:0 51168
51169 297 1:0 51177
51170 76646 21:0 51170
51178 75072 1:0 51182
51178 55895 1:0 51182
51178 75084 1:0 51182
51178 76544 21:0 51184
51179 283 21:0 51179
51183 74997 1:0 51187
51183 74885 1:0 51187
51183 56351 1:0 51187
51183 76543 21:0 51189
51184 287 21:0 51184
51184 76673 21:0 51184
51188 74826 1:0 51201
51188 56401 1:0 51201
51188 75110 1:0 51201
51188 76545 21:0 51255
51189 285 21:0 51189
51189 307 1:0 51189
51190 295 1:0 51201
51200 76685 21:0 51200
51202 75051 1:0 51237
51211 76686 21:0 51211
51238 75064 1:0 51253
51239 76692 21:0 51239
51239 76693 21:0 51239
51243 311 1:0 51253
51243 317 1:0 51253
51244 76694 21:0 51244
51250 309 1:0 51250
51252 76705 21:0 51252
51254 75031 1:0 51258
51254 75011 1:0 51258
51254 56572 1:0 51258
51254 76575 21:0 51260
51255 301 21:0 51255
51259 56006 1:0 51263
51259 315 1:0 51263
51259 74903 1:0 51263
51259 74918 1:0 51263
51259 76576 21:0 51265
51260 305 21:0 51260
51260 76706 21:0 51260
51264 56633 1:0 51277
51264 74807 1:0 51277
51264 76577 21:0 51331
51264 377 1:0 51277
51265 303 21:0 51265
51265 325 1:0 51265
51266 313 1:0 51277
51267 76699 21:0 51267
51278 74804 1:0 51313
51287 76719 21:0 51287
51313 327 1:0 51313
51314 75121 1:0 51334
51315 76726 21:0 51315
51315 76723 21:0 51315
51315 76725 21:0 51315
51328 76738 21:0 51328
51330 76578 21:0 51336
51331 319 21:0 51331
51335 76608 21:0 51341
51335 75119 1:0 51345
51336 323 21:0 51336
51340 74886 1:0 51345
51340 74852 1:0 51345
51340 76609 21:0 51350
51343 76732 21:0 51343
51346 75120 1:0 51353
51348 76746 21:0 51348
51349 74872 1:0 51356
51349 74775 1:0 51356
51349 76610 21:0 51358
51351 76746 1:0 51351
51353 55660 21:0 51353
51357 75117 1:0 51357
51357 76611 21:0 51361
51357 75118 1:0 51363
51359 323 1:0 51359
51360 74846 1:0 51365
51360 55685 1:0 51365
51360 55696 1:0 51365
51360 55694 1:0 51365
51360 55699 1:0 51365
51360 76641 21:0 51370
51363 55664 1:0 51363
51364 55664 21:0 51364
51365 55672 1:0 51365
51365 75115 1:0 51365
51366 75088 1:0 51393
51368 319 1:0 51368
51369 74740 1:0 51393
51369 74853 1:0 51393
51369 76642 21:0 51430
51374 55667 21:0 51374
51391 75106 1:0 51393
51393 55703 1:0 51393
51393 75095 1:0 51393
51394 75086 1:0 51476
51429 75097 1:0 51429
51429 76643 21:0 51478
51477 76644 21:0 51481
51477 75087 1:0 51484
51479 303 1:0 51479
51480 74733 1:0 51487
51480 74839 1:0 51487
51480 76674 21:0 51492
51483 55717 1:0 51483
51488 75085 1:0 51494
51490 305 1:0 51490
51491 55751 1:0 51496
51491 55756 1:0 51496
51491 55742 1:0 51496
51491 55753 1:0 51496
51491 74820 1:0 51496
51491 76676 21:0 51498
51495 55721 21:0 51495
51496 55729 1:0 51496
51496 75082 1:0 51496
51497 76675 21:0 51501
51497 75055 1:0 51524
51499 301 1:0 51499
51500 74873 1:0 51524
51500 74786 1:0 51524
51500 76677 21:0 51583
51505 55724 21:0 51505
51505 75083 1:0 51505
51510 75077 1:0 51510
51522 75073 1:0 51524
51524 75062 1:0 51524
51524 55760 1:0 51524
51525 75054 1:0 51607
51582 76707 21:0 51612
51587 75063 1:0 51587
51592 75057 1:0 51592
51608 75053 1:0 51614
51610 285 1:0 51610
51611 74866 1:0 51618
51611 74760 1:0 51618
51611 76709 21:0 51620
51619 76708 21:0 51623
51619 75052 1:0 51625
51621 287 1:0 51621
51622 55813 1:0 51627
51622 74747 1:0 51627
51622 55810 1:0 51627
51622 55808 1:0 51627
51622 55799 1:0 51627
51622 76710 21:0 51632
51627 75049 1:0 51627
51627 55786 1:0 51627
51628 75022 1:0 51655
51630 283 1:0 51630
51631 74874 1:0 51655
51631 74808 1:0 51655
51631 76740 21:0 51692
51636 75050 1:0 51636
51641 75044 1:0 51641
51653 75040 1:0 51655
51655 55817 1:0 51655
51655 75029 1:0 51655
51656 75021 1:0 51738
51665 75035 1:0 51665
51665 75038 1:0 51665
51691 76742 21:0 51740
51739 76741 21:0 51743
51739 75020 1:0 51745
51741 267 1:0 51741
51742 74870 1:0 51749
51742 74787 1:0 51749
51742 76743 21:0 51754
51745 55831 1:0 51745
51750 75018 1:0 51750
51750 75019 1:0 51756
51752 269 1:0 51752
51753 76166 21:0 51754
51753 76165 21:0 51754
51753 55867 1:0 51758
51753 55856 1:0 51758
51753 55870 1:0 51758
51753 55865 1:0 51758
51753 74840 1:0 51758
51753 76162 21:0 51760
51758 55843 1:0 51758
51758 75016 1:0 51758
51759 76171 21:0 51760
51759 76178 21:0 51760
51759 76197 21:0 51763
51759 74989 1:0 51786
51761 265 1:0 51761
51762 76198 21:0 51763
51762 76210 21:0 51763
51762 74865 1:0 51786
51762 74773 1:0 51786
51762 76184 21:0 51788
51766 55838 1:0 51766
51767 55838 21:0 51767
51784 75007 1:0 51786
51786 74996 1:0 51786
51786 55874 1:0 51786
51787 76190 21:0 51823
51787 74987 1:0 51869
51796 75002 1:0 51796
51796 75004 1:0 51796
51822 76191 21:0 51842
51841 76199 21:0 51845
51844 76195 21:0 51871
51870 76204 21:0 51871
51870 76228 21:0 51871
51870 76230 21:0 51874
51870 74988 1:0 51877
51872 249 1:0 51872
51873 76211 21:0 51874
51873 76243 21:0 51874
51873 74753 1:0 51880
51873 74819 1:0 51880
51873 76244 21:0 51882
51877 55888 21:0 51877
51881 76231 21:0 51882
51881 76232 21:0 51882
51881 76265 21:0 51885
51881 74986 1:0 51887
51883 251 1:0 51883
51884 76261 21:0 51885
51884 76296 21:0 51885
51884 55924 1:0 51889
51884 55927 1:0 51889
51884 55913 1:0 51889
51884 74841 1:0 51889
51884 55922 1:0 51889
51884 76277 21:0 51891
51887 55892 1:0 51887
51889 74983 1:0 51889
51889 55900 1:0 51889
51890 76257 21:0 51891
51890 76289 21:0 51891
51890 76270 21:0 51894
51890 74956 1:0 51917
51892 247 1:0 51892
51893 76250 21:0 51894
51893 76217 21:0 51894
51893 74721 1:0 51917
51893 74833 1:0 51917
51893 76224 21:0 51919
51898 55895 21:0 51898
51898 74984 1:0 51898
51903 74978 1:0 51903
51915 74974 1:0 51917
51917 55931 1:0 51917
51917 74963 1:0 51917
51918 74973 1:0 51918
51918 76256 21:0 51954
51918 74954 1:0 52000
51927 74971 1:0 51927
51927 74972 1:0 51927
51953 74965 1:0 51953
51953 76283 21:0 51973
51972 76290 21:0 51976
51975 76276 21:0 52002
51985 74958 1:0 51985
52001 76263 21:0 52002
52001 76264 21:0 52002
52001 76294 21:0 52005
52001 74955 1:0 52008
52003 231 1:0 52003
52004 76298 21:0 52005
52004 76237 21:0 52005
52004 74859 1:0 52011
52004 74832 1:0 52011
52004 76430 21:0 52013
52007 55945 1:0 52007
52012 74952 1:0 52012
52012 76395 21:0 52013
52012 76388 21:0 52013
52012 76309 21:0 52016
52012 74953 1:0 52018
52014 233 1:0 52014
52015 76356 21:0 52016
52015 76376 21:0 52016
52015 55970 1:0 52020
52015 55979 1:0 52020
52015 55981 1:0 52020
52015 74727 1:0 52020
52015 55984 1:0 52020
52015 76310 21:0 52022
52020 74950 1:0 52020
52020 55957 1:0 52020
52020 74923 1:0 52048
52020 74879 1:0 52048
52020 74734 1:0 52048
52020 74941 1:0 52048
52020 74930 1:0 52048
52020 55988 1:0 52048
52020 74917 1:0 52151
52020 56014 1:0 52151
52020 56038 1:0 52151
52020 56036 1:0 52151
52020 74897 1:0 52179
52020 56045 1:0 52179
52020 74908 1:0 52179
52020 74884 1:0 52282
52020 56093 1:0 52282
52020 56071 1:0 52282
52020 74875 1:0 52310
52020 56102 1:0 52310
52020 74864 1:0 52310
52020 56128 1:0 52413
52020 56159 1:0 52441
52021 76364 21:0 52022
52021 76329 21:0 52022
52021 76369 21:0 52025
52023 229 1:0 52023
52023 74767 1:0 52142
52024 76323 21:0 52025
52024 76343 21:0 52025
52024 76428 21:0 52050
52026 74921 1:0 52131
52026 74922 1:0 52139
52028 74738 1:0 52142
52031 74851 1:0 52413
52034 74945 1:0 52034
52047 74920 1:0 52149
52049 74940 1:0 52049
52049 76393 21:0 52085
52058 74938 1:0 52058
52058 74936 1:0 52058
52058 74939 1:0 52058
52059 56027 1:0 52151
52059 56041 1:0 52151
52059 74800 1:0 52151
52059 56084 1:0 52282
52084 74932 1:0 52084
52084 76382 21:0 52104
52103 76330 21:0 52107
52105 74890 1:0 52179
52106 76375 21:0 52133
52108 74771 1:0 52179
52108 56098 1:0 52282
52113 74799 1:0 52179
52119 74842 1:0 52441
52120 74831 1:0 52441
52128 74641 1:0 52273
52129 74774 1:0 52273
52132 76426 21:0 52133
52132 76303 21:0 52133
52132 76429 21:0 52136
52134 213 1:0 52134
52135 76363 21:0 52136
52135 76422 21:0 52136
52135 76342 21:0 52144
52138 56002 1:0 52138
52139 56002 21:0 52139
52141 74889 1:0 52262
52142 74888 1:0 52269
52142 74709 1:0 52282
52143 76327 21:0 52144
52143 76408 21:0 52144
52143 76223 21:0 52147
52145 215 1:0 52145
52145 74887 1:0 52280
52146 76362 21:0 52147
52146 76316 21:0 52147
52146 76336 21:0 52153
52148 56095 1:0 52282
52148 74720 1:0 52310
52148 74687 1:0 52310
52148 56141 1:0 52413
52148 56152 1:0 52413
52148 56150 1:0 52413
52148 56155 1:0 52413
52148 74818 1:0 52544
52148 56185 1:0 52544
52148 56216 1:0 52572
52148 56242 1:0 52675
52148 56273 1:0 52703
52151 74857 1:0 52310
52151 74855 1:0 52393
52152 76396 21:0 52153
52152 76402 21:0 52153
52152 76322 21:0 52156
52154 211 1:0 52154
52154 74661 1:0 52404
52154 74668 1:0 52404
52155 76389 21:0 52156
52155 76397 21:0 52156
52155 76409 21:0 52181
52157 74856 1:0 52401
52159 56009 1:0 52159
52159 74854 1:0 52411
52160 56009 21:0 52160
52162 74628 1:0 52413
52177 74667 1:0 52441
52178 74700 1:0 52441
52180 76435 21:0 52206
52189 74906 1:0 52189
52190 74824 1:0 52441
52195 56212 1:0 52544
52205 76349 21:0 52235
52231 56207 1:0 52544
52234 76415 21:0 52238
52237 76360 21:0 52264
52239 74823 1:0 52524
52244 74676 1:0 52535
52251 74809 1:0 52572
52259 74675 1:0 52535
52260 74674 1:0 52544
52263 76421 21:0 52264
52263 377 21:0 52264
52263 55774 21:0 52267
52265 195 1:0 52265
52266 76624 21:0 52267
52266 76463 21:0 52267
52266 56006 21:0 52275
52270 56059 21:0 52270
52272 74822 1:0 52531
52273 74821 1:0 52542
52273 56209 1:0 52544
52273 56198 1:0 52544
52273 74798 1:0 52572
52273 56264 1:0 52675
52273 56255 1:0 52675
52273 56269 1:0 52675
52273 56266 1:0 52675
52273 74785 1:0 52675
52273 74776 1:0 52703
52273 74765 1:0 52703
52273 74752 1:0 52806
52273 56299 1:0 52806
52273 74732 1:0 52834
52273 56330 1:0 52834
52273 74743 1:0 52834
52273 74719 1:0 52937
52273 56356 1:0 52937
52273 74699 1:0 52965
52273 74710 1:0 52965
52273 56387 1:0 52965
52273 74686 1:0 53068
52273 56413 1:0 53068
52273 74677 1:0 53096
52273 56444 1:0 53096
52274 76690 21:0 52275
52274 76558 21:0 52275
52274 76672 21:0 52278
52276 197 1:0 52276
52276 74791 1:0 52572
52277 55945 21:0 52278
52277 76331 21:0 52278
52277 76580 21:0 52284
52279 74688 1:0 52572
52279 74701 1:0 52572
52279 74707 1:0 52666
52280 56063 1:0 52280
52282 74790 1:0 52655
52282 74789 1:0 52662
52283 76481 21:0 52284
52283 76459 21:0 52284
52283 76639 21:0 52287
52285 193 1:0 52285
52285 74642 1:0 52666
52285 74672 1:0 52675
52286 55781 21:0 52287
52286 76540 21:0 52287
52286 76661 21:0 52312
52288 74788 1:0 52673
52290 56066 1:0 52290
52290 74758 1:0 52703
52291 56066 21:0 52291
52293 74634 1:0 52703
52308 74654 1:0 52703
52311 76529 21:0 52326
52321 74756 1:0 52786
52325 76595 21:0 52366
52362 74705 1:0 52797
52365 76521 21:0 52369
52368 76587 21:0 52395
52370 74757 1:0 52794
52375 74643 1:0 52797
52390 56326 1:0 52806
52390 56321 1:0 52806
52390 56323 1:0 52806
52390 56312 1:0 52806
52390 56380 1:0 52937
52390 56383 1:0 52937
52390 56378 1:0 52937
52391 74681 1:0 52806
52394 76554 21:0 52395
52394 76600 21:0 52395
52394 76626 21:0 52398
52396 177 1:0 52396
52397 76468 21:0 52398
52397 76496 21:0 52398
52397 76297 21:0 52406
52400 56116 1:0 52400
52403 74755 1:0 52804
52404 74694 1:0 52834
52404 74725 1:0 52834
52404 74635 1:0 52834
52404 74655 1:0 52928
52405 55835 21:0 52406
52405 76666 21:0 52406
52405 76541 21:0 52409
52407 179 1:0 52407
52407 74714 1:0 52928
52407 56369 1:0 52937
52407 56437 1:0 53068
52407 56435 1:0 53068
52408 76633 21:0 52409
52408 76530 21:0 52409
52408 56036 21:0 52409
52408 76497 21:0 52409
52408 76464 21:0 52409
52408 76398 21:0 52409
52408 76365 21:0 52409
52408 76233 21:0 52409
52408 76594 21:0 52409
52408 56041 21:0 52409
52408 76431 21:0 52409
52408 56095 21:0 52412
52410 74723 1:0 52917
52411 76242 21:0 52412
52411 76407 21:0 52412
52411 76189 21:0 52412
52411 76255 21:0 52412
52411 76473 21:0 52412
52411 76321 21:0 52412
52411 76539 21:0 52412
52411 76638 21:0 52412
52411 76618 21:0 52412
52411 76605 21:0 52412
52411 76585 21:0 52412
52411 76440 21:0 52412
52411 76519 21:0 52412
52411 76420 21:0 52412
52411 76506 21:0 52412
52411 76209 21:0 52412
52411 76275 21:0 52412
52411 76453 21:0 52412
52411 56045 21:0 52412
52411 76288 21:0 52412
52411 76354 21:0 52412
52411 76572 21:0 52412
52411 76486 21:0 52412
52411 76552 21:0 52412
52411 76651 21:0 52412
52411 76387 21:0 52412
52411 76374 21:0 52412
52411 76222 21:0 52412
52411 76308 21:0 52412
52411 76341 21:0 52412
52412 56120 21:0 52415
52413 74724 1:0 52925
52413 74722 1:0 52935
52414 56098 21:0 52415
52414 56027 21:0 52415
52414 76560 21:0 52415
52414 56084 21:0 52415
52414 55984 21:0 52418
52416 175 1:0 52416
52416 74708 1:0 52937
52416 74648 1:0 52965
52417 55979 21:0 52418
52417 76563 21:0 52418
52417 76299 21:0 52418
52417 55927 21:0 52418
52417 76200 21:0 52418
52417 76619 21:0 52418
52417 76718 21:0 52418
52417 55913 21:0 52418
52417 55970 21:0 52418
52417 56093 21:0 52422
52419 74692 1:0 52965
52419 74639 1:0 52965
52421 56123 1:0 52421
52421 55760 21:0 52422
52421 327 21:0 52422
52421 291 21:0 52422
52421 55843 21:0 52422
52421 55729 21:0 52422
52421 307 21:0 52422
52421 76671 21:0 52422
52421 309 21:0 52422
52421 76737 21:0 52422
52421 55817 21:0 52422
52421 55703 21:0 52422
52421 55672 21:0 52422
52421 76684 21:0 52422
52421 325 21:0 52422
52421 55786 21:0 52422
52421 55874 21:0 52422
52421 76704 21:0 52422
52421 76717 21:0 52422
52421 56014 21:0 52422
52421 55988 21:0 52422
52421 56102 21:0 52422
52421 56071 21:0 52422
52421 55957 21:0 52422
52421 253 21:0 52422
52421 271 21:0 52422
52421 55931 21:0 52422
52421 289 21:0 52422
52421 255 21:0 52422
52421 273 21:0 52422
52421 55900 21:0 52422
52422 56123 21:0 52446
52424 74691 1:0 53048
52430 74666 1:0 53096
52431 74653 1:0 53199
52439 74608 1:0 53059
52440 74622 1:0 53059
52440 56470 1:0 53199
52445 76662 21:0 52446
52445 55981 21:0 52446
52445 76596 21:0 52446
52445 56038 21:0 52446
52445 76266 21:0 52446
52445 76332 21:0 52446
52445 76629 21:0 52446
52445 55870 21:0 52446
52445 55799 21:0 52446
52445 76695 21:0 52449
52448 56128 21:0 52449
52449 56141 21:0 52481
52452 74690 1:0 53055
52480 55856 21:0 52487
52486 55813 21:0 52490
52489 56150 21:0 52490
52489 76728 21:0 52492
52494 56152 21:0 52497
52496 76474 21:0 52500
52499 55865 21:0 52500
52499 55924 21:0 52500
52499 55922 21:0 52500
52499 55756 21:0 52500
52501 74689 1:0 53066
52504 56155 21:0 52526
52506 56440 1:0 53068
52506 56426 1:0 53068
52506 56497 1:0 53199
52506 56492 1:0 53199
52506 56494 1:0 53199
52506 74633 1:0 53227
52506 56501 1:0 53227
52506 74644 1:0 53227
52506 74620 1:0 53330
52506 56551 1:0 53330
52506 56527 1:0 53330
52506 56558 1:0 53358
52506 74600 1:0 53358
52506 74611 1:0 53358
52506 74587 1:0 53461
52506 56584 1:0 53461
52506 74578 1:0 53489
52506 74567 1:0 53489
52506 56615 1:0 53489
52506 74554 1:0 53600
52506 56641 1:0 53600
52506 21 1:0 53600
52506 74545 1:0 53620
52506 19 1:0 53683
52506 56672 1:0 53686
52506 74534 1:0 53687
52506 54468 1:0 53687
52521 74609 1:0 53068
52522 56483 1:0 53199
52525 76739 21:0 52526
52525 76487 21:0 52526
52525 55778 21:0 52529
52527 159 1:0 52527
52528 76525 21:0 52529
52528 55949 21:0 52529
52528 76508 21:0 52537
52531 56173 1:0 52531
52532 56173 21:0 52532
52534 74659 1:0 53096
52535 74595 1:0 53096
52535 74606 1:0 53096
52535 74658 1:0 53179
52535 74589 1:0 53190
52536 305 21:0 52537
52536 55952 21:0 52537
52536 76712 21:0 52540
52538 161 1:0 52538
52538 74602 1:0 53190
52539 56116 21:0 52540
52539 76495 21:0 52540
52539 76553 21:0 52546
52541 74657 1:0 53186
52542 56177 1:0 52542
52543 56177 21:0 52543
52544 74656 1:0 53197
52544 74615 1:0 53199
52544 74621 1:0 53227
52544 74601 1:0 53227
52544 56549 1:0 53330
52545 76462 21:0 52546
52545 76488 21:0 52546
52545 55685 21:0 52546
52545 55699 21:0 52546
52545 55742 21:0 52549
52547 157 1:0 52547
52547 74626 1:0 53227
52548 55892 21:0 52549
52548 76455 21:0 52549
52548 233 21:0 52554
52550 74625 1:0 53310
52552 56180 1:0 52552
52553 56180 21:0 52553
52553 55867 21:0 52561
52555 74624 1:0 53317
52560 55810 21:0 52570
52569 55808 21:0 52574
52570 74610 1:0 53321
52571 74588 1:0 53321
52571 74573 1:0 53330
52573 311 21:0 52574
52573 55753 21:0 52574
52573 55696 21:0 52574
52573 315 21:0 52574
52573 313 21:0 52574
52573 55751 21:0 52574
52573 55694 21:0 52574
52573 317 21:0 52577
52576 295 21:0 52577
52576 297 21:0 52577
52576 261 21:0 52577
52576 277 21:0 52577
52576 279 21:0 52577
52576 56185 21:0 52577
52576 56159 21:0 52577
52576 293 21:0 52577
52580 56198 21:0 52612
52583 74623 1:0 53328
52611 241 21:0 52612
52611 259 21:0 52612
52615 56207 21:0 52618
52617 299 21:0 52621
52620 243 21:0 52621
52624 56554 1:0 53330
52624 56540 1:0 53330
52624 56606 1:0 53461
52624 56608 1:0 53461
52625 56209 21:0 52628
52627 281 21:0 52628
52627 275 21:0 52628
52627 263 21:0 52631
52630 97 21:0 52631
52630 257 21:0 52631
52630 115 21:0 52631
52630 245 21:0 52631
52632 115 1:0 52806
52632 97 1:0 52937
52635 56212 21:0 52657
52640 74793 1:0 52640
52652 74593 1:0 53358
52653 74569 1:0 53358
52656 56216 21:0 52657
52656 76613 21:0 52657
52656 76593 21:0 52657
52656 76441 21:0 52660
52658 141 1:0 52658
52659 76679 21:0 52660
52659 321 21:0 52660
52659 76727 21:0 52668
52665 74576 1:0 53358
52665 74568 1:0 53452
52665 74577 1:0 53452
52666 74592 1:0 53441
52666 74591 1:0 53448
52667 247 21:0 52668
52667 55831 21:0 52668
52667 76653 21:0 52671
52669 143 1:0 52669
52669 56611 1:0 53461
52669 74575 1:0 53461
52670 239 21:0 52671
52670 76652 21:0 52671
52670 56230 21:0 52671
52672 74590 1:0 53459
52674 56234 21:0 52677
52675 56597 1:0 53461
52675 74582 1:0 53474
52675 74562 1:0 53489
52675 74560 1:0 53489
52675 74556 1:0 53583
52675 56654 1:0 53595
52675 56663 1:0 53595
52675 9 1:0 53608
52675 7 1:0 53617
52675 56665 1:0 53671
52676 56063 21:0 52677
52676 231 21:0 52680
52678 139 1:0 52678
52679 55717 21:0 52680
52679 76528 21:0 52680
52681 74558 1:0 53572
52681 74559 1:0 53580
52683 56237 1:0 52683
52683 56636 1:0 53583
52684 56237 21:0 52684
52689 74780 1:0 52689
52689 56242 21:0 52690
52690 323 21:0 52708
52702 74557 1:0 53590
52709 5 1:0 53674
52711 56255 21:0 52743
52714 74549 1:0 53592
52714 74540 1:0 53595
52746 56264 21:0 52749
52755 74543 1:0 53595
52755 74555 1:0 53600
52756 56266 21:0 52759
52758 249 21:0 52762
52760 3 1:0 53687
52763 74544 1:0 53620
52763 56668 1:0 53681
52766 74766 1:0 52766
52766 56269 21:0 52788
52768 74542 1:0 53620
52783 74536 1:0 53655
52784 56686 1:0 53702
52787 269 21:0 52788
52787 56273 21:0 52788
52787 283 21:0 52788
52787 251 21:0 52791
52789 123 1:0 52789
52790 285 21:0 52791
52790 319 21:0 52791
52790 267 21:0 52799
52794 56287 21:0 52794
52796 74529 1:0 53674
52796 74535 1:0 53682
52796 285 1:0 54531
52796 319 1:0 54531
52797 283 1:0 54536
52797 269 1:0 54536
52797 251 1:0 54536
52797 323 1:0 54550
52797 76528 1:0 54550
52797 249 1:0 54550
52800 125 1:0 52800
52800 267 1:0 54531
52805 56291 21:0 52808
52806 55717 1:0 54586
52806 231 1:0 54602
52806 76652 1:0 54607
52806 56230 1:0 54607
52806 56063 1:0 54607
52806 247 1:0 54612
52806 76653 1:0 54612
52806 55831 1:0 54612
52809 121 1:0 52809
52809 321 1:0 54626
52812 76727 1:0 54626
52812 76679 1:0 54626
52812 76441 1:0 54662
52814 76593 1:0 54678
52815 56294 21:0 52815
52817 239 1:0 54678
52817 245 1:0 54678
52820 56299 21:0 52821
52832 76613 1:0 54683
52833 233 1:0 54681
52835 74742 1:0 52835
52842 56312 21:0 52874
52844 74741 1:0 52844
52845 55892 1:0 54683
52877 56321 21:0 52880
52887 56323 21:0 52890
52897 56326 21:0 52919
52918 56330 21:0 52919
52920 105 1:0 52920
52925 56344 21:0 52930
52931 107 1:0 52931
52936 56348 21:0 52939
52940 103 1:0 52940
52946 56351 21:0 52970
52969 56356 21:0 52970
52973 56369 21:0 53005
53008 56378 21:0 53011
53018 56380 21:0 53021
53028 56383 21:0 53050
53049 56387 21:0 53050
53051 87 1:0 53051
53056 56401 21:0 53056
53062 89 1:0 53062
53067 56405 21:0 53067
53071 85 1:0 53071
53077 56408 21:0 53077
53082 56413 21:0 53083
53104 56426 21:0 53136
53139 56435 21:0 53142
53149 56437 21:0 53152
53159 56440 21:0 53181
53180 56444 21:0 53181
53182 69 1:0 53182
53186 56458 1:0 53186
53187 56458 21:0 53192
53193 71 1:0 53193
53198 56462 21:0 53198
53202 67 1:0 53202
53207 56465 1:0 53207
53208 56465 21:0 53232
53231 56470 21:0 53232
53235 56483 21:0 53267
53270 56492 21:0 53273
53280 56494 21:0 53283
53290 56497 21:0 53312
53311 56501 21:0 53312
53313 51 1:0 53313
53318 56515 21:0 53318
53324 53 1:0 53324
53329 56519 21:0 53332
53333 49 1:0 53333
53339 56522 21:0 53339
53344 56527 21:0 53345
53366 56540 21:0 53398
53401 56549 21:0 53404
53411 56551 21:0 53414
53421 56554 21:0 53443
53442 56558 21:0 53443
53444 33 1:0 53444
53449 56572 21:0 53449
53455 35 1:0 53455
53460 56576 21:0 53460
53464 31 1:0 53464
53470 56579 21:0 53494
53493 56584 21:0 53494
53497 56597 21:0 53529
53532 56606 21:0 53535
53542 56608 21:0 53545
53552 56611 21:0 53574
53573 56615 21:0 53574
53575 15 1:0 53575
53580 56629 21:0 53580
53586 17 1:0 53586
53591 56633 21:0 53594
53595 13 1:0 53595
53601 56636 21:0 53625
53624 56641 21:0 53625
53628 56654 21:0 53660
53663 56663 21:0 53666
53673 56665 21:0 53676
53683 56668 21:0 53713
53712 56672 21:0 53713
53712 77778 21:0 53713
53713 77779 21:0 53724
53723 54468 21:0 53724
53723 3 21:0 53724
53723 19 21:0 53724
53724 77780 21:0 53757
53756 7 21:0 53757
53756 56686 21:0 53757
53756 77789 21:0 53757
53756 9 21:0 53757
53756 5 21:0 53757
53759 77773 21:0 53768
53767 77798 21:0 53768
53767 77784 21:0 53768
53767 21 21:0 53768
53767 77787 21:0 53768
53768 13 21:0 53768
53770 77801 21:0 53778
53773 17 21:0 53773
53777 77803 21:0 53828
53778 15 21:0 53778
53827 77802 21:0 53844
53843 77804 21:0 53854
53844 31 21:0 53844
53849 35 21:0 53849
53853 77834 21:0 53904
53854 33 21:0 53854
53903 77836 21:0 53920
53919 77835 21:0 53930
53920 49 21:0 53920
53925 53 21:0 53925
53929 77837 21:0 53980
53930 51 21:0 53930
53952 63 21:0 53952
53979 77867 21:0 53996
53995 77869 21:0 54006
53996 67 21:0 53996
54001 71 21:0 54001
54005 77868 21:0 54056
54006 69 21:0 54006
54055 77870 21:0 54072
54071 77900 21:0 54082
54072 85 21:0 54072
54077 89 21:0 54077
54081 77902 21:0 54132
54082 87 21:0 54082
54131 77901 21:0 54148
54147 77903 21:0 54158
54148 103 21:0 54148
54153 107 21:0 54153
54157 77933 21:0 54199
54158 105 21:0 54158
54198 77935 21:0 54224
54223 77934 21:0 54234
54224 121 21:0 54224
54229 125 21:0 54229
54233 77936 21:0 54256
54234 123 21:0 54234
54255 77966 21:0 54300
54297 78030 21:0 54297
54299 77967 21:0 54310
54300 139 21:0 54300
54305 143 21:0 54305
54309 77968 21:0 54328
54310 141 21:0 54310
54327 77969 21:0 54376
54375 77999 21:0 54381
54376 157 21:0 54376
54380 78000 21:0 54404
54381 161 21:0 54381
54386 159 21:0 54386
54403 78001 21:0 54452
54451 78002 21:0 54457
54452 175 21:0 54452
54456 78032 21:0 54476
54457 179 21:0 54457
54462 177 21:0 54462
54475 78034 21:0 54528
54527 78033 21:0 54533
54528 193 21:0 54528
54532 78035 21:0 54552
54533 197 21:0 54533
54538 195 21:0 54538
54551 78065 21:0 54604
54588 78147 21:0 54588
54595 78136 21:0 54595
54601 78162 21:0 54601
54603 78067 21:0 54609
54604 211 21:0 54604
54608 78066 21:0 54628
54609 215 21:0 54609
54614 213 21:0 54614
54616 78156 21:0 54616
54627 78068 21:0 54680
54628 221 21:0 54628
54664 78180 21:0 54664
54669 78184 21:0 54669
54679 78098 21:0 54685
54680 229 21:0 54680
54684 76462 1:0 54688
54684 76488 1:0 54688
54684 243 1:0 54688
54684 76455 1:0 54688
54684 78099 21:0 54704
54685 233 21:0 54685
54689 76553 1:0 54702
54689 56351 1:0 54702
54689 56116 1:0 54702
54690 231 21:0 54690
54690 253 1:0 54690
54691 241 1:0 54702
54703 76495 1:0 54738
54703 78100 21:0 54756
54739 76712 1:0 54754
54740 78216 21:0 54740
54744 257 1:0 54745
54744 263 1:0 54745
54745 255 1:0 54745
54746 259 1:0 54754
54753 78228 21:0 54753
54755 76508 1:0 54759
54755 55952 1:0 54759
54755 305 1:0 54759
54755 78101 21:0 54761
54756 247 21:0 54756
54760 55949 1:0 54764
54760 56465 1:0 54764
54760 76525 1:0 54764
54760 78131 21:0 54780
54761 251 21:0 54761
54761 78229 21:0 54761
54765 56519 1:0 54778
54765 55778 1:0 54778
54765 76739 1:0 54778
54766 249 21:0 54766
54766 271 1:0 54766
54767 261 1:0 54778
54779 76487 1:0 54814
54779 78132 21:0 54832
54815 76474 1:0 54830
54816 78246 21:0 54816
54816 78248 21:0 54816
54820 275 1:0 54830
54820 281 1:0 54830
54821 78250 21:0 54821
54827 273 1:0 54827
54829 78261 21:0 54829
54831 76619 1:0 54835
54831 76560 1:0 54835
54831 76718 1:0 54835
54831 78133 21:0 54837
54832 265 21:0 54832
54836 76594 1:0 54840
54836 76541 1:0 54840
54836 76633 1:0 54840
54836 277 1:0 54840
54836 78134 21:0 54856
54837 269 21:0 54837
54841 76666 1:0 54854
54841 55835 1:0 54854
54841 76297 1:0 54854
54842 267 21:0 54842
54842 289 1:0 54842
54843 279 1:0 54854
54855 76496 1:0 54890
54855 78164 21:0 54908
54864 78275 21:0 54864
54891 76468 1:0 54906
54892 78279 21:0 54892
54892 78281 21:0 54892
54892 78282 21:0 54892
54896 299 1:0 54906
54896 293 1:0 54906
54903 291 1:0 54903
54905 78294 21:0 54905
54907 76626 1:0 54911
54907 56123 1:0 54911
54907 76554 1:0 54911
54907 78166 21:0 54913
54908 283 21:0 54908
54912 76600 1:0 54916
54912 76587 1:0 54916
54912 297 1:0 54916
54912 56458 1:0 54916
54912 78165 21:0 54920
54913 287 21:0 54913
54913 78295 21:0 54913
54917 56579 1:0 54930
54917 56344 1:0 54930
54917 76521 1:0 54930
54918 285 21:0 54918
54918 307 1:0 54918
54919 295 1:0 54930
54919 78167 21:0 54984
54931 76595 1:0 54966
54967 56120 1:0 54982
54968 78315 21:0 54968
54972 317 1:0 54973
54972 311 1:0 54973
54973 309 1:0 54973
54974 313 1:0 54982
54975 78301 21:0 54975
54981 78327 21:0 54981
54983 55781 1:0 54987
54983 76661 1:0 54987
54983 76529 1:0 54987
54983 78197 21:0 54989
54984 301 21:0 54984
54988 76639 1:0 54992
54988 76540 1:0 54992
54988 76481 1:0 54992
54988 78198 21:0 54994
54989 305 21:0 54989
54989 78328 21:0 54989
54993 76459 1:0 55006
54993 76580 1:0 55006
54993 55945 1:0 55006
54993 78199 21:0 55060
54994 303 21:0 54994
54994 325 1:0 54994
54995 315 1:0 55006
55005 78340 21:0 55005
55007 56348 1:0 55042
55042 327 1:0 55042
55043 76743 1:0 55063
55044 78345 21:0 55044
55044 78347 21:0 55044
55057 78354 21:0 55057
55059 78200 21:0 55065
55060 319 21:0 55060
55064 78230 21:0 55070
55064 76741 1:0 55074
55065 323 21:0 55065
55069 76331 1:0 55074
55069 78232 21:0 55079
55069 378 1:0 55072
55071 78354 1:0 55071
55072 78354 21:0 55072
55075 76742 1:0 55082
55077 78368 21:0 55077
55078 76690 1:0 55085
55078 76672 1:0 55085
55078 78231 21:0 55087
55080 78368 1:0 55080
55081 55660 1:0 55081
55086 78233 21:0 55090
55086 76740 1:0 55092
55088 323 1:0 55088
55089 55696 1:0 55094
55089 55694 1:0 55094
55089 55685 1:0 55094
55089 55699 1:0 55094
55089 76558 1:0 55094
55089 78263 21:0 55099
55092 55664 1:0 55092
55094 76737 1:0 55094
55094 55672 1:0 55094
55095 76710 1:0 55122
55097 319 1:0 55097
55098 56291 1:0 55122
55098 56006 1:0 55122
55098 78265 21:0 55159
55102 55667 1:0 55102
55103 55667 21:0 55103
55103 76738 1:0 55103
55108 76732 1:0 55108
55120 76728 1:0 55122
55122 55703 1:0 55122
55122 76717 1:0 55122
55123 76708 1:0 55205
55132 76726 1:0 55132
55132 76723 1:0 55132
55132 76725 1:0 55132
55158 76719 1:0 55158
55158 78264 21:0 55207
55206 78266 21:0 55210
55206 76709 1:0 55213
55208 303 1:0 55208
55209 56234 1:0 55216
55209 76624 1:0 55216
55209 78296 21:0 55221
55217 76706 1:0 55217
55217 76707 1:0 55223
55219 305 1:0 55219
55220 55742 1:0 55225
55220 55756 1:0 55225
55220 55751 1:0 55225
55220 76463 1:0 55225
55220 55753 1:0 55225
55220 78298 21:0 55227
55223 55721 1:0 55223
55224 55721 21:0 55224
55224 55729 1:0 55225
55225 76704 1:0 55225
55226 78297 21:0 55230
55226 76677 1:0 55253
55228 301 1:0 55228
55229 56636 1:0 55253
55229 55774 1:0 55253
55229 78299 21:0 55312
55233 55724 1:0 55233
55234 55724 21:0 55234
55234 76705 1:0 55234
55239 76699 1:0 55239
55251 76695 1:0 55253
55253 76684 1:0 55253
55253 55760 1:0 55253
55254 76694 1:0 55254
55254 76675 1:0 55336
55263 76692 1:0 55263
55263 76693 1:0 55263
55289 76686 1:0 55289
55311 78329 21:0 55341
55316 76685 1:0 55316
55337 76676 1:0 55344
55339 285 1:0 55339
55340 76360 1:0 55347
55340 76421 1:0 55347
55340 78331 21:0 55349
55348 76673 1:0 55348
55348 78332 21:0 55352
55348 76674 1:0 55354
55350 287 1:0 55350
55351 55799 1:0 55356
55351 55813 1:0 55356
55351 76415 1:0 55356
55351 55810 1:0 55356
55351 55808 1:0 55356
55351 78330 21:0 55361
55355 55786 1:0 55356
55356 76671 1:0 55356
55357 76644 1:0 55384
55359 283 1:0 55359
55360 76349 1:0 55384
55360 76435 1:0 55384
55360 78362 21:0 55421
55382 76662 1:0 55384
55384 55817 1:0 55384
55384 76651 1:0 55384
55385 76643 1:0 55467
55394 76659 1:0 55394
55394 76657 1:0 55394
55394 76660 1:0 55394
55420 78364 21:0 55469
55452 76646 1:0 55452
55468 78363 21:0 55472
55468 76642 1:0 55474
55470 267 1:0 55470
55471 76409 1:0 55478
55471 76397 1:0 55478
55471 78365 21:0 55483
55479 76640 1:0 55479
55479 76641 1:0 55485
55481 269 1:0 55481
55482 77786 21:0 55483
55482 77788 21:0 55483
55482 55856 1:0 55487
55482 55867 1:0 55487
55482 55870 1:0 55487
55482 55865 1:0 55487
55482 76389 1:0 55487
55482 77799 21:0 55489
55486 55835 21:0 55486
55487 76638 1:0 55487
55487 55843 1:0 55487
55488 77793 21:0 55489
55488 77800 21:0 55489
55488 77832 21:0 55492
55488 76611 1:0 55515
55490 265 1:0 55490
55491 77820 21:0 55492
55491 77813 21:0 55492
55491 76322 1:0 55515
55491 76396 1:0 55515
55491 77817 21:0 55517
55495 55838 1:0 55495
55496 55838 21:0 55496
55513 76629 1:0 55515
55515 55874 1:0 55515
55515 76618 1:0 55515
55516 76628 1:0 55516
55516 77819 21:0 55552
55516 76610 1:0 55598
55525 76627 1:0 55525
55551 76620 1:0 55551
55551 77826 21:0 55571
55570 77821 21:0 55574
55573 77812 21:0 55600
55599 77853 21:0 55600
55599 77806 21:0 55600
55599 77846 21:0 55603
55599 76609 1:0 55605
55601 249 1:0 55601
55602 77859 21:0 55603
55602 77845 21:0 55603
55602 76336 1:0 55609
55602 76402 1:0 55609
55602 77854 21:0 55611
55605 55888 1:0 55605
55606 55888 21:0 55606
55610 76607 1:0 55610
55610 77850 21:0 55611
55610 77839 21:0 55611
55610 77833 21:0 55614
55610 76608 1:0 55616
55612 251 1:0 55612
55613 77866 21:0 55614
55613 77865 21:0 55614
55613 55924 1:0 55618
55613 76316 1:0 55618
55613 55922 1:0 55618
55613 55913 1:0 55618
55613 55927 1:0 55618
55613 77852 21:0 55620
55617 55892 21:0 55617
55617 55900 1:0 55618
55618 76605 1:0 55618
55619 77872 21:0 55620
55619 77951 21:0 55620
55619 77878 21:0 55623
55619 76578 1:0 55646
55621 247 1:0 55621
55622 77931 21:0 55623
55622 77949 21:0 55623
55622 76223 1:0 55646
55622 76362 1:0 55646
55622 77945 21:0 55648
55626 55895 1:0 55626
55627 55895 21:0 55627
55627 76606 1:0 55627
55644 76596 1:0 55646
55646 55931 1:0 55646
55646 76585 1:0 55646
55647 77898 21:0 55683
55647 76577 1:0 55729
55656 76591 1:0 55656
55682 77918 21:0 55702
55701 77912 21:0 55705
55704 77952 21:0 55731
55709 76586 1:0 55709
55730 77887 21:0 55731
55730 77899 21:0 55731
55730 77886 21:0 55734
55730 76576 1:0 55736
55732 231 1:0 55732
55733 77964 21:0 55734
55733 77919 21:0 55734
55733 76327 1:0 55740
55733 76408 1:0 55740
55733 77885 21:0 55742
55741 76574 1:0 55741
55741 77911 21:0 55742
55741 77958 21:0 55742
55741 77879 21:0 55745
55741 76575 1:0 55747
55743 233 1:0 55743
55744 77920 21:0 55745
55744 77883 21:0 55745
55744 55981 1:0 55746
55744 55970 1:0 55749
55744 76342 1:0 55749
55744 55984 1:0 55749
55744 77925 21:0 55751
55746 76563 1:0 55749
55746 55957 1:0 55749
55748 55949 21:0 55748
55749 76572 1:0 55749
55749 55988 1:0 55777
55749 76552 1:0 55777
55749 55979 1:0 55777
55749 76363 1:0 55777
55749 76422 1:0 55777
55749 76545 1:0 55777
55749 56036 1:0 55880
55749 56038 1:0 55880
55749 76539 1:0 55880
55749 56014 1:0 55880
55749 76530 1:0 55908
55749 56045 1:0 55908
55749 76519 1:0 55908
55749 56095 1:0 56011
55749 76506 1:0 56011
55749 56071 1:0 56011
55749 76486 1:0 56039
55749 56102 1:0 56039
55749 76497 1:0 56039
55749 56128 1:0 56142
55749 56159 1:0 56170
55750 77932 21:0 55751
55750 77938 21:0 55751
55750 77953 21:0 55754
55752 229 1:0 55752
55752 76429 1:0 55871
55753 77905 21:0 55754
55753 77892 21:0 55754
55753 77916 21:0 55779
55755 76543 1:0 55860
55755 76544 1:0 55868
55757 76426 1:0 55871
55758 55952 21:0 55758
55758 76573 1:0 55758
55760 76473 1:0 56142
55763 76567 1:0 55763
55776 76542 1:0 55878
55778 76562 1:0 55778
55778 77944 21:0 55814
55787 76561 1:0 55787
55788 56041 1:0 55880
55788 76303 1:0 55880
55788 56027 1:0 55880
55788 56084 1:0 56011
55813 78116 21:0 55833
55832 78010 21:0 55836
55834 221 1:0 55834
55834 76512 1:0 55908
55835 78044 21:0 55862
55837 76330 1:0 55908
55837 56098 1:0 56011
55842 76375 1:0 55908
55845 76547 1:0 55845
55848 76464 1:0 56170
55849 76453 1:0 56170
55857 76382 1:0 56002
55858 76393 1:0 56002
55861 78050 21:0 55862
55861 78103 21:0 55862
55861 78076 21:0 55865
55863 213 1:0 55863
55864 78096 21:0 55865
55864 78057 21:0 55865
55864 77971 21:0 55873
55867 56002 1:0 55867
55868 56002 21:0 55868
55870 76511 1:0 55991
55871 76510 1:0 55998
55871 76428 1:0 56011
55872 78114 21:0 55873
55872 77991 21:0 55873
55872 77982 21:0 55876
55874 215 1:0 55874
55874 76509 1:0 56009
55875 78110 21:0 55876
55875 77986 21:0 55876
55875 78037 21:0 55882
55877 56093 1:0 56011
55877 76323 1:0 56039
55877 76343 1:0 56039
55877 56152 1:0 56142
55877 56155 1:0 56142
55877 56150 1:0 56142
55877 56141 1:0 56142
55877 56185 1:0 56273
55877 76440 1:0 56273
55877 56216 1:0 56301
55877 56242 1:0 56404
55877 56273 1:0 56432
55879 56006 21:0 55879
55880 76479 1:0 56039
55880 76478 1:0 56122
55881 78052 21:0 55882
55881 78015 21:0 55882
55881 78031 21:0 55885
55883 211 1:0 55883
55883 76369 1:0 56133
55883 76329 1:0 56133
55884 78090 21:0 55885
55884 78081 21:0 55885
55884 78117 21:0 55910
55886 76477 1:0 56129
55888 56009 1:0 55888
55888 76476 1:0 56140
55891 76364 1:0 56142
55894 76534 1:0 55894
55906 76376 1:0 56170
55907 76310 1:0 56170
55909 78129 21:0 55931
55918 76527 1:0 55918
55919 76446 1:0 56170
55924 56212 1:0 56273
55930 78064 21:0 55964
55960 56209 1:0 56273
55963 78109 21:0 55967
55966 78070 21:0 55993
55968 76445 1:0 56253
55971 76520 1:0 55971
55973 76356 1:0 56264
55976 76514 1:0 55976
55980 76431 1:0 56301
55988 76309 1:0 56264
55989 76395 1:0 56273
55992 78097 21:0 55993
55992 78048 21:0 55993
55992 78024 21:0 55996
55994 195 1:0 55994
55995 78118 21:0 55996
55995 78063 21:0 55996
55995 77984 21:0 56004
55998 56059 1:0 55998
55999 56059 21:0 55999
56001 76444 1:0 56260
56002 76443 1:0 56271
56002 56198 1:0 56273
56002 56207 1:0 56273
56002 76420 1:0 56301
56002 56269 1:0 56404
56002 76407 1:0 56404
56002 56266 1:0 56404
56002 56255 1:0 56404
56002 56264 1:0 56404
56002 76398 1:0 56432
56002 76387 1:0 56432
56002 76374 1:0 56535
56002 56299 1:0 56535
56002 56330 1:0 56563
56002 76354 1:0 56563
56002 76365 1:0 56563
56002 56356 1:0 56666
56002 76341 1:0 56666
56002 76332 1:0 56694
56002 76321 1:0 56694
56002 56387 1:0 56694
56002 76299 1:0 56797
56002 76308 1:0 56797
56002 56413 1:0 56797
56002 56444 1:0 56825
56002 76288 1:0 56825
56002 56470 1:0 56928
56002 76275 1:0 56928
56002 56501 1:0 56956
56002 76255 1:0 56956
56003 78043 21:0 56004
56003 78084 21:0 56004
56003 77978 21:0 56007
56005 197 1:0 56005
56005 76413 1:0 56301
56006 78123 21:0 56007
56006 77965 21:0 56007
56006 78083 21:0 56013
56008 76430 1:0 56301
56008 76388 1:0 56301
56008 76298 1:0 56395
56011 76412 1:0 56384
56011 76411 1:0 56391
56012 77998 21:0 56013
56012 78018 21:0 56013
56012 78011 21:0 56016
56014 193 1:0 56014
56014 76237 1:0 56395
56014 76294 1:0 56404
56015 56063 21:0 56016
56015 378 21:0 56016
56015 78308 21:0 56041
56017 76410 1:0 56402
56019 56066 1:0 56019
56019 76380 1:0 56432
56020 56066 21:0 56020
56020 76507 1:0 56020
56022 76263 1:0 56432
56025 76501 1:0 56025
56037 76264 1:0 56432
56040 78017 21:0 56045
56044 77985 21:0 56095
56049 76494 1:0 56049
56049 76492 1:0 56049
56050 76379 1:0 56515
56091 76290 1:0 56526
56094 78321 21:0 56098
56097 78085 21:0 56124
56099 76378 1:0 56522
56104 76276 1:0 56526
56119 56312 1:0 56535
56119 56326 1:0 56535
56119 56323 1:0 56535
56119 56321 1:0 56535
56119 56380 1:0 56666
56119 56383 1:0 56666
56119 56378 1:0 56666
56120 76283 1:0 56535
56123 55945 21:0 56124
56123 78150 21:0 56124
56123 78316 21:0 56127
56125 177 1:0 56125
56126 78189 21:0 56127
56126 78307 21:0 56127
56126 78349 21:0 56135
56130 56116 21:0 56130
56132 76377 1:0 56533
56133 76256 1:0 56563
56133 76224 1:0 56563
56133 76347 1:0 56563
56133 76250 1:0 56657
56134 76475 1:0 56134
56134 78163 21:0 56135
56134 77997 21:0 56135
56134 55778 21:0 56138
56136 179 1:0 56136
56136 76217 1:0 56657
56137 78051 21:0 56138
56137 78175 21:0 56138
56137 78183 21:0 56144
56139 76346 1:0 56646
56141 56120 21:0 56141
56142 76345 1:0 56653
56142 76344 1:0 56664
56143 78235 21:0 56144
56143 78142 21:0 56144
56143 78213 21:0 56147
56145 175 1:0 56145
56145 56369 1:0 56666
56145 76270 1:0 56666
56145 76257 1:0 56694
56145 56426 1:0 56797
56145 56440 1:0 56797
56145 56437 1:0 56797
56145 56435 1:0 56825
56146 78208 21:0 56147
56146 78004 21:0 56147
56146 78169 21:0 56172
56148 76314 1:0 56694
56148 76289 1:0 56694
56168 76313 1:0 56777
56169 76296 1:0 56788
56171 78182 21:0 56175
56174 78242 21:0 56226
56180 76461 1:0 56180
56181 76312 1:0 56784
56222 76277 1:0 56788
56225 78143 21:0 56229
56228 55717 21:0 56255
56233 76454 1:0 56233
56235 76311 1:0 56795
56238 76448 1:0 56238
56250 76261 1:0 56797
56251 76265 1:0 56825
56254 56041 21:0 56255
56254 78241 21:0 56255
56254 78255 21:0 56255
56254 56155 21:0 56258
56256 159 1:0 56256
56257 77954 21:0 56258
56257 77855 21:0 56258
56257 55970 21:0 56258
56257 55984 21:0 56258
56257 56150 21:0 56258
56257 56141 21:0 56258
56257 55913 21:0 56258
56257 56027 21:0 56258
56257 55927 21:0 56258
56257 55870 21:0 56258
56257 56084 21:0 56258
56257 55799 21:0 56258
56257 55813 21:0 56258
56257 56098 21:0 56258
56257 56095 21:0 56258
56257 55979 21:0 56258
56257 78086 21:0 56261
56260 56173 1:0 56260
56260 56128 21:0 56261
56260 78161 21:0 56261
56260 77877 21:0 56261
56260 78095 21:0 56261
56260 77943 21:0 56261
56260 77910 21:0 56261
56260 78042 21:0 56261
56260 78141 21:0 56261
56260 77864 21:0 56261
56260 78029 21:0 56261
56260 77996 21:0 56261
56260 78020 21:0 56261
56260 77831 21:0 56261
56260 78128 21:0 56261
56260 78194 21:0 56261
56260 78174 21:0 56261
56260 78108 21:0 56261
56260 77976 21:0 56261
56260 78009 21:0 56261
56260 77811 21:0 56261
56260 78075 21:0 56261
56260 77930 21:0 56261
56260 78062 21:0 56261
56260 77897 21:0 56261
56260 77963 21:0 56261
56261 56173 21:0 56266
56263 76281 1:0 56825
56264 76231 1:0 56825
56264 76279 1:0 56908
56265 76442 1:0 56265
56265 55856 21:0 56266
56265 55756 21:0 56266
56265 56093 21:0 56266
56265 55742 21:0 56266
56265 55699 21:0 56266
56265 55685 21:0 56266
56265 55981 21:0 56266
56265 78202 21:0 56269
56267 161 1:0 56267
56267 76280 1:0 56916
56268 163 21:0 56269
56268 73 21:0 56269
56268 289 21:0 56269
56268 55808 21:0 56269
56268 78273 21:0 56269
56268 78240 21:0 56269
56268 78284 21:0 56269
56268 78227 21:0 56269
56268 325 21:0 56269
56268 253 21:0 56269
56268 255 21:0 56269
56268 56036 21:0 56269
56268 56152 21:0 56269
56268 271 21:0 56269
56268 273 21:0 56269
56268 56038 21:0 56269
56268 78119 21:0 56269
56268 78152 21:0 56269
56268 78207 21:0 56269
56268 78260 21:0 56269
56268 78317 21:0 56269
56268 309 21:0 56269
56268 78209 21:0 56269
56268 55831 21:0 56269
56268 77844 21:0 56269
56268 77888 21:0 56269
56268 77921 21:0 56269
56268 307 21:0 56269
56268 291 21:0 56269
56268 78185 21:0 56269
56268 78350 21:0 56269
56268 77987 21:0 56269
56268 78053 21:0 56269
56268 77822 21:0 56269
56268 55931 21:0 56269
56268 78218 21:0 56269
56268 55729 21:0 56269
56268 55760 21:0 56269
56268 55786 21:0 56269
56268 55817 21:0 56269
56268 55843 21:0 56269
56268 55874 21:0 56269
56268 55900 21:0 56269
56268 55922 21:0 56269
56268 56014 21:0 56269
56268 56159 21:0 56269
56268 55957 21:0 56269
56268 56102 21:0 56269
56268 56045 21:0 56269
56268 55988 21:0 56269
56268 56071 21:0 56269
56268 78339 21:0 56269
56268 55867 21:0 56269
56268 78293 21:0 56269
56268 78306 21:0 56269
56268 327 21:0 56269
56268 78326 21:0 56269
56268 55865 21:0 56269
56268 109 21:0 56269
56268 55672 21:0 56269
56268 78251 21:0 56269
56268 78359 21:0 56269
56268 55703 21:0 56269
56268 55924 21:0 56269
56270 163 1:0 56301
56270 109 1:0 56694
56270 76232 1:0 56919
56270 76244 1:0 56919
56270 56492 1:0 56928
56270 76243 1:0 56928
56270 56483 1:0 56928
56270 56494 1:0 56928
56270 56497 1:0 56928
56270 73 1:0 56956
56271 56177 1:0 56271
56272 56177 21:0 56275
56273 76278 1:0 56926
56273 76248 1:0 56956
56274 78348 21:0 56275
56274 78176 21:0 56278
56276 157 1:0 56276
56276 76211 1:0 56956
56276 76230 1:0 56956
56277 297 21:0 56278
56277 311 21:0 56278
56277 295 21:0 56278
56277 55664 21:0 56278
56277 305 21:0 56278
56277 55810 21:0 56278
56277 55753 21:0 56278
56277 55751 21:0 56278
56277 315 21:0 56278
56277 313 21:0 56278
56277 55696 21:0 56278
56277 55694 21:0 56278
56277 279 21:0 56280
56279 76266 1:0 56956
56279 76247 1:0 57039
56279 56540 1:0 57059
56279 56549 1:0 57059
56279 56527 1:0 57059
56279 56554 1:0 57059
56279 56551 1:0 57059
56279 76242 1:0 57059
56279 76233 1:0 57087
56279 76222 1:0 57087
56279 56558 1:0 57087
56279 56584 1:0 57190
56279 76209 1:0 57190
56279 76189 1:0 57218
56279 56615 1:0 57218
56279 76200 1:0 57218
56279 76176 1:0 57329
56279 21 1:0 57329
56279 56641 1:0 57329
56279 76167 1:0 57349
56279 19 1:0 57412
56279 56672 1:0 57415
56279 76156 1:0 57416
56279 54468 1:0 57416
56281 56180 1:0 56281
56282 56180 21:0 56306
56284 76246 1:0 57046
56299 76228 1:0 57050
56300 76204 1:0 57050
56305 56185 21:0 56306
56305 317 21:0 56306
56305 261 21:0 56306
56305 277 21:0 56306
56305 299 21:0 56306
56309 56198 21:0 56341
56312 76245 1:0 57057
56340 78334 21:0 56357
56353 76195 1:0 57059
56353 56606 1:0 57190
56353 56608 1:0 57190
56356 78288 21:0 56360
56359 56209 21:0 56360
56364 56212 21:0 56386
56366 76215 1:0 57087
56381 76191 1:0 57087
56382 56611 1:0 57190
56385 56123 21:0 56386
56385 55774 21:0 56386
56385 78217 21:0 56389
56387 141 1:0 56387
56388 265 21:0 56389
56388 78130 21:0 56389
56388 55781 21:0 56397
56392 56230 21:0 56392
56394 76199 1:0 57087
56394 76190 1:0 57181
56394 76184 1:0 57181
56395 76214 1:0 57170
56395 76213 1:0 57177
56396 55660 21:0 56397
56396 78077 21:0 56397
56396 78283 21:0 56400
56398 143 1:0 56398
56398 76210 1:0 57190
56398 56597 1:0 57190
56398 9 1:0 57324
56398 7 1:0 57337
56398 56663 1:0 57346
56398 56665 1:0 57400
56399 56207 21:0 56400
56399 56009 21:0 56400
56399 293 21:0 56400
56399 56216 21:0 56400
56399 281 21:0 56400
56399 275 21:0 56400
56399 78195 21:0 56400
56401 76212 1:0 57188
56403 56234 21:0 56406
56404 76182 1:0 57218
56404 76198 1:0 57218
56404 76197 1:0 57218
56405 78268 21:0 56406
56405 78361 21:0 56409
56407 139 1:0 56407
56407 76180 1:0 57301
56408 78249 21:0 56409
56408 251 21:0 56409
56408 241 21:0 56409
56408 257 21:0 56409
56408 263 21:0 56409
56408 259 21:0 56409
56408 243 21:0 56409
56408 115 21:0 56409
56410 115 1:0 56533
56410 76181 1:0 57309
56410 76178 1:0 57312
56410 56633 1:0 57312
56412 56237 1:0 56412
56413 56237 21:0 56437
56430 76179 1:0 57319
56431 76171 1:0 57321
56431 56654 1:0 57324
56436 239 21:0 56437
56436 56242 21:0 56437
56438 76166 1:0 57324
56440 56255 21:0 56472
56443 76162 1:0 57324
56443 76177 1:0 57329
56471 78222 21:0 56488
56484 76165 1:0 57349
56484 76164 1:0 57349
56487 78149 21:0 56491
56489 76158 1:0 57384
56490 56266 21:0 56491
56492 5 1:0 57403
56492 76151 1:0 57403
56492 243 1:0 58407
56495 56269 21:0 56517
56497 76157 1:0 57411
56512 56668 1:0 57410
56512 56686 1:0 57416
56512 3 1:0 57432
56512 239 1:0 58398
56516 78215 21:0 56517
56516 283 21:0 56517
56516 323 21:0 56520
56518 123 1:0 56518
56519 56264 21:0 56520
56519 56273 21:0 56520
56519 78360 21:0 56520
56519 78341 21:0 56520
56522 56287 1:0 56522
56523 56287 21:0 56528
56525 78360 1:0 58255
56525 78341 1:0 58260
56525 323 1:0 58260
56525 78215 1:0 58265
56526 283 1:0 58265
56526 78149 1:0 58265
56526 78222 1:0 58279
56526 78249 1:0 58279
56526 251 1:0 58315
56526 78361 1:0 58331
56526 78195 1:0 58336
56527 78196 21:0 56528
56527 78151 21:0 56528
56527 78312 21:0 56531
56529 125 1:0 56529
56529 78196 1:0 58203
56529 78151 1:0 58239
56530 77977 21:0 56531
56530 78314 21:0 56534
56532 77977 1:0 58189
56532 78312 1:0 58203
56534 56291 21:0 56537
56535 78314 1:0 58189
56535 56009 1:0 58336
56535 78268 1:0 58336
56535 78283 1:0 58341
56535 55660 1:0 58341
56535 78077 1:0 58341
56535 78130 1:0 58355
56535 265 1:0 58355
56535 55781 1:0 58355
56536 78262 21:0 56537
56536 78274 21:0 56540
56538 121 1:0 56538
56538 78262 1:0 58189
56538 78217 1:0 58391
56539 78019 21:0 56540
56539 233 21:0 56540
56541 233 1:0 58127
56541 78019 1:0 58184
56541 78274 1:0 58184
56541 56123 1:0 58407
56541 55774 1:0 58412
56541 78334 1:0 58412
56543 56294 1:0 56543
56543 78288 1:0 58412
56544 56294 21:0 56544
56549 56299 21:0 56550
56550 249 21:0 56568
56569 249 1:0 58127
56571 56312 21:0 56603
56606 56321 21:0 56609
56616 56323 21:0 56619
56618 303 21:0 56622
56623 303 1:0 58127
56626 76355 1:0 56626
56626 56326 21:0 56648
56647 56330 21:0 56648
56649 105 1:0 56649
56654 56344 21:0 56659
56660 107 1:0 56660
56660 56344 1:0 58184
56665 56348 21:0 56668
56669 103 1:0 56669
56669 56348 1:0 58203
56675 56351 21:0 56699
56698 56356 21:0 56699
56700 56351 1:0 58260
56702 56369 21:0 56734
56737 56378 21:0 56740
56747 56380 21:0 56750
56757 56383 21:0 56779
56778 56387 21:0 56779
56780 87 1:0 56780
56784 56401 1:0 56784
56785 56401 21:0 56790
56791 89 1:0 56791
56795 56405 1:0 56795
56796 56405 21:0 56796
56800 85 1:0 56800
56805 56408 1:0 56805
56806 56408 21:0 56806
56811 56413 21:0 56812
56833 56426 21:0 56865
56868 56435 21:0 56871
56878 56437 21:0 56881
56888 56440 21:0 56910
56909 56444 21:0 56910
56911 69 1:0 56911
56916 56458 21:0 56916
56922 71 1:0 56922
56926 56462 1:0 56926
56927 56462 21:0 56930
56931 67 1:0 56931
56942 56470 21:0 56943
56943 56465 21:0 56961
56962 56465 1:0 58163
56964 56483 21:0 56996
56994 63 1:0 56994
56999 56492 21:0 57002
57009 56494 21:0 57012
57019 56497 21:0 57041
57040 56501 21:0 57041
57042 51 1:0 57042
57046 56515 1:0 57046
57047 56515 21:0 57052
57053 53 1:0 57053
57058 56519 21:0 57061
57062 49 1:0 57062
57062 56519 1:0 58279
57067 56522 1:0 57067
57068 56522 21:0 57068
57073 56527 21:0 57074
57095 56540 21:0 57127
57130 56549 21:0 57133
57140 56551 21:0 57143
57150 56554 21:0 57172
57171 56558 21:0 57172
57173 33 1:0 57173
57177 56572 1:0 57177
57178 56572 21:0 57178
57184 35 1:0 57184
57188 56576 1:0 57188
57189 56576 21:0 57189
57193 31 1:0 57193
57199 56579 21:0 57199
57204 56584 21:0 57205
57226 56597 21:0 57258
57261 56606 21:0 57264
57271 56608 21:0 57274
57281 56611 21:0 57303
57302 56615 21:0 57303
57304 15 1:0 57304
57308 56629 1:0 57308
57309 56629 21:0 57314
57315 17 1:0 57315
57315 56629 1:0 58179
57320 56633 21:0 57323
57324 13 1:0 57324
57330 56636 21:0 57354
57353 56641 21:0 57354
57357 56654 21:0 57389
57392 56663 21:0 57395
57402 56665 21:0 57405
57412 56668 21:0 57442
57441 56672 21:0 57442
57441 79400 21:0 57442
57442 79401 21:0 57453
57452 54468 21:0 57453
57452 19 21:0 57453
57452 56686 21:0 57453
57453 79402 21:0 57486
57485 9 21:0 57486
57485 79411 21:0 57486
57485 5 21:0 57486
57485 7 21:0 57486
57485 3 21:0 57486
57488 79395 21:0 57497
57496 79409 21:0 57497
57496 21 21:0 57497
57496 79420 21:0 57497
57496 79406 21:0 57497
57497 13 21:0 57497
57499 79423 21:0 57507
57502 17 21:0 57502
57506 79424 21:0 57557
57507 15 21:0 57507
57556 79425 21:0 57573
57572 79426 21:0 57583
57573 31 21:0 57573
57578 35 21:0 57578
57582 79456 21:0 57633
57583 33 21:0 57583
57632 79457 21:0 57649
57648 79458 21:0 57659
57649 49 21:0 57649
57654 53 21:0 57654
57658 79459 21:0 57709
57659 51 21:0 57659
57708 79489 21:0 57725
57724 79490 21:0 57735
57725 67 21:0 57725
57730 71 21:0 57730
57734 79491 21:0 57785
57735 69 21:0 57735
57784 79492 21:0 57801
57800 79522 21:0 57811
57801 85 21:0 57801
57806 89 21:0 57806
57810 79523 21:0 57861
57811 87 21:0 57811
57860 79524 21:0 57877
57876 79525 21:0 57887
57877 103 21:0 57877
57882 107 21:0 57882
57886 79555 21:0 57928
57887 105 21:0 57887
57927 79556 21:0 57953
57952 79557 21:0 57963
57953 121 21:0 57953
57958 125 21:0 57958
57962 79558 21:0 57985
57963 123 21:0 57963
57984 79588 21:0 58029
57985 79633 21:0 57985
58013 79637 21:0 58013
58020 79626 21:0 58020
58028 79590 21:0 58039
58029 139 21:0 58029
58034 143 21:0 58034
58038 79589 21:0 58057
58039 141 21:0 58039
58056 79591 21:0 58105
58104 79621 21:0 58110
58105 157 21:0 58105
58109 79623 21:0 58133
58110 161 21:0 58110
58115 159 21:0 58115
58132 79622 21:0 58181
58180 79624 21:0 58186
58181 175 21:0 58181
58185 79654 21:0 58205
58186 179 21:0 58186
58191 177 21:0 58191
58204 79656 21:0 58257
58256 79655 21:0 58262
58257 193 21:0 58257
58261 79657 21:0 58281
58262 197 21:0 58262
58262 79752 21:0 58262
58267 195 21:0 58267
58280 79687 21:0 58333
58324 79758 21:0 58324
58330 79784 21:0 58330
58332 79689 21:0 58338
58333 211 21:0 58333
58337 79688 21:0 58357
58338 215 21:0 58338
58338 79785 21:0 58338
58343 213 21:0 58343
58345 79778 21:0 58345
58354 79797 21:0 58354
58356 79690 21:0 58409
58393 79802 21:0 58393
58400 79791 21:0 58400
58408 79720 21:0 58414
58409 229 21:0 58409
58413 305 1:0 58417
58413 78176 1:0 58417
58413 55664 1:0 58417
58413 79721 21:0 58433
58414 233 21:0 58414
58418 78209 1:0 58431
58418 55831 1:0 58431
58418 78348 1:0 58431
58419 231 21:0 58419
58419 253 1:0 58419
58420 241 1:0 58431
58432 78202 1:0 58467
58432 79722 21:0 58485
58441 79831 21:0 58441
58468 78255 1:0 58483
58469 79838 21:0 58469
58469 79837 21:0 58469
58473 263 1:0 58483
58473 257 1:0 58483
58476 79824 21:0 58476
58480 255 1:0 58480
58484 56177 1:0 58488
58484 55717 1:0 58488
58484 78241 1:0 58488
58484 79723 21:0 58490
58485 247 21:0 58485
58489 78242 1:0 58493
58489 78143 1:0 58493
58489 78182 1:0 58493
58489 259 1:0 58493
58489 79753 21:0 58509
58490 251 21:0 58490
58490 79851 21:0 58490
58494 78169 1:0 58507
58494 78208 1:0 58507
58494 56173 1:0 58507
58495 249 21:0 58495
58495 271 1:0 58495
58496 261 1:0 58507
58506 79863 21:0 58506
58508 56237 1:0 58543
58508 79755 21:0 58561
58544 56515 1:0 58559
58545 79871 21:0 58545
58545 79868 21:0 58545
58549 275 1:0 58550
58549 281 1:0 58550
58550 79872 21:0 58550
58550 273 1:0 58550
58551 277 1:0 58559
58552 79857 21:0 58552
58558 79883 21:0 58558
58560 78004 1:0 58564
58560 56401 1:0 58564
58560 78213 1:0 58564
58560 79754 21:0 58566
58561 265 21:0 58561
58565 78235 1:0 58569
58565 78142 1:0 58569
58565 56234 1:0 58569
58565 79756 21:0 58585
58566 269 21:0 58566
58566 79884 21:0 58566
58570 78175 1:0 58583
58570 78051 1:0 58583
58570 78183 1:0 58583
58571 267 21:0 58571
58571 289 1:0 58571
58572 279 1:0 58583
58582 79896 21:0 58582
58584 55778 1:0 58619
58584 79786 21:0 58637
58593 79897 21:0 58593
58620 77997 1:0 58635
58621 79901 21:0 58621
58621 79904 21:0 58621
58621 79903 21:0 58621
58625 299 1:0 58635
58625 293 1:0 58635
58626 79905 21:0 58626
58632 291 1:0 58632
58634 79916 21:0 58634
58636 78163 1:0 58640
58636 78307 1:0 58640
58636 78349 1:0 58640
58636 79787 21:0 58642
58637 283 21:0 58637
58641 295 1:0 58645
58641 78189 1:0 58645
58641 78316 1:0 58645
58641 56287 1:0 58645
58641 79788 21:0 58649
58642 287 21:0 58642
58646 55945 1:0 58659
58646 78150 1:0 58659
58646 56462 1:0 58659
58647 285 21:0 58647
58647 307 1:0 58647
58648 297 1:0 58659
58648 79789 21:0 58713
58658 79929 21:0 58658
58660 78085 1:0 58695
58669 79930 21:0 58669
58696 78321 1:0 58711
58697 79934 21:0 58697
58697 79936 21:0 58697
58701 311 1:0 58711
58701 317 1:0 58711
58702 79938 21:0 58702
58708 309 1:0 58708
58710 79949 21:0 58710
58712 56180 1:0 58716
58712 77985 1:0 58716
58712 78017 1:0 58716
58712 79819 21:0 58718
58713 301 21:0 58713
58717 56063 1:0 58721
58717 315 1:0 58721
58717 78308 1:0 58721
58717 56291 1:0 58721
58717 79821 21:0 58723
58718 305 21:0 58718
58722 78011 1:0 58735
58722 56633 1:0 58735
58722 79820 21:0 58789
58722 379 1:0 58735
58723 303 21:0 58723
58723 325 1:0 58723
58724 313 1:0 58735
58725 79943 21:0 58725
58736 77998 1:0 58771
58771 327 1:0 58771
58772 78365 1:0 58792
58773 79969 21:0 58773
58773 79970 21:0 58773
58778 79971 21:0 58778
58780 79956 21:0 58780
58788 79822 21:0 58794
58789 319 21:0 58789
58791 79985 21:0 58791
58793 79852 21:0 58799
58793 78363 1:0 58803
58794 323 21:0 58794
58795 79985 1:0 58795
58798 78018 1:0 58803
58798 78083 1:0 58803
58798 79853 21:0 58808
58801 79976 21:0 58801
58804 78364 1:0 58811
58807 77965 1:0 58814
58807 78123 1:0 58814
58807 79854 21:0 58816
58813 79993 21:0 58813
58815 79855 21:0 58819
58815 78362 1:0 58821
58817 323 1:0 58817
58818 55685 1:0 58823
58818 55699 1:0 58823
58818 77978 1:0 58823
58818 55696 1:0 58823
58818 55694 1:0 58823
58818 79885 21:0 58828
58822 55664 21:0 58822
58822 79993 1:0 58822
58823 55672 1:0 58823
58823 78359 1:0 58823
58824 78330 1:0 58851
58826 319 1:0 58826
58827 78043 1:0 58851
58827 78084 1:0 58851
58827 79886 21:0 58888
58831 55667 1:0 58831
58832 55667 21:0 58832
58837 78354 1:0 58837
58849 78350 1:0 58851
58851 78339 1:0 58851
58851 55703 1:0 58851
58852 78332 1:0 58934
58861 78345 1:0 58861
58861 78347 1:0 58861
58887 79887 21:0 58936
58914 78340 1:0 58914
58935 79888 21:0 58939
58935 78331 1:0 58942
58937 303 1:0 58937
58938 78118 1:0 58945
58938 77984 1:0 58945
58938 79918 21:0 58950
58942 55717 21:0 58942
58946 78328 1:0 58946
58946 78329 1:0 58952
58948 305 1:0 58948
58949 55753 1:0 58954
58949 55742 1:0 58954
58949 55751 1:0 58954
58949 78063 1:0 58954
58949 55756 1:0 58954
58949 79919 21:0 58956
58952 55721 1:0 58952
58954 78326 1:0 58954
58954 55729 1:0 58954
58955 79920 21:0 58959
58955 78299 1:0 58982
58957 301 1:0 58957
58958 78024 1:0 58982
58958 78048 1:0 58982
58958 79921 21:0 59041
58962 55724 1:0 58962
58963 78327 1:0 58963
58980 78317 1:0 58982
58982 55760 1:0 58982
58982 78306 1:0 58982
58983 78297 1:0 59065
58992 78315 1:0 58992
59040 79951 21:0 59070
59050 78301 1:0 59050
59066 78298 1:0 59073
59068 285 1:0 59068
59069 78070 1:0 59076
59069 78097 1:0 59076
59069 79952 21:0 59078
59073 55774 21:0 59073
59077 78295 1:0 59077
59077 79953 21:0 59081
59077 78296 1:0 59083
59079 287 1:0 59079
59080 55808 1:0 59085
59080 55810 1:0 59085
59080 55813 1:0 59085
59080 55799 1:0 59085
59080 78109 1:0 59085
59080 79954 21:0 59090
59085 78293 1:0 59085
59085 55786 1:0 59085
59086 78266 1:0 59113
59088 283 1:0 59088
59089 78129 1:0 59113
59089 78064 1:0 59113
59089 79984 21:0 59150
59094 78294 1:0 59094
59111 78284 1:0 59113
59113 55817 1:0 59113
59113 78273 1:0 59113
59114 78264 1:0 59196
59123 78279 1:0 59123
59123 78281 1:0 59123
59123 78282 1:0 59123
59149 78275 1:0 59149
59149 79986 21:0 59198
59197 79985 21:0 59201
59197 78265 1:0 59204
59199 267 1:0 59199
59200 78090 1:0 59207
59200 78117 1:0 59207
59200 79987 21:0 59212
59204 55831 21:0 59204
59208 78263 1:0 59214
59210 269 1:0 59210
59211 79421 21:0 59212
59211 79408 21:0 59212
59211 55867 1:0 59216
59211 78081 1:0 59216
59211 55856 1:0 59216
59211 55865 1:0 59216
59211 55870 1:0 59216
59211 79415 21:0 59218
59214 55835 1:0 59214
59216 78260 1:0 59216
59216 55843 1:0 59216
59217 79410 21:0 59218
59217 79422 21:0 59218
59217 79448 21:0 59221
59217 78233 1:0 59244
59219 265 1:0 59219
59220 79454 21:0 59221
59220 79434 21:0 59221
59220 78031 1:0 59244
59220 78015 1:0 59244
59220 79441 21:0 59246
59224 55838 1:0 59224
59225 55838 21:0 59225
59225 78261 1:0 59225
59242 78251 1:0 59244
59244 55874 1:0 59244
59244 78240 1:0 59244
59245 78250 1:0 59245
59245 79428 21:0 59281
59245 78231 1:0 59327
59254 78246 1:0 59254
59254 78248 1:0 59254
59280 79439 21:0 59300
59299 79442 21:0 59303
59302 79435 21:0 59329
59328 79443 21:0 59329
59328 79474 21:0 59329
59328 79461 21:0 59332
59328 78232 1:0 59335
59330 249 1:0 59330
59331 79472 21:0 59332
59331 79488 21:0 59332
59331 78052 1:0 59338
59331 78037 1:0 59338
59331 79481 21:0 59340
59334 55888 1:0 59334
59339 78229 1:0 59339
59339 79467 21:0 59340
59339 79455 21:0 59340
59339 79487 21:0 59343
59339 78230 1:0 59345
59341 251 1:0 59341
59342 79476 21:0 59343
59342 79475 21:0 59343
59342 78110 1:0 59347
59342 55922 1:0 59347
59342 55924 1:0 59347
59342 55913 1:0 59347
59342 55927 1:0 59347
59342 79468 21:0 59349
59345 55892 1:0 59345
59346 55892 21:0 59346
59347 78227 1:0 59347
59347 55900 1:0 59347
59348 79541 21:0 59349
59348 79553 21:0 59349
59348 79540 21:0 59352
59348 78200 1:0 59375
59350 247 1:0 59350
59351 79527 21:0 59352
59351 79573 21:0 59352
59351 77986 1:0 59375
59351 77982 1:0 59375
59351 79494 21:0 59377
59355 55895 1:0 59355
59356 78228 1:0 59356
59373 78218 1:0 59375
59375 55931 1:0 59375
59375 78207 1:0 59375
59376 79521 21:0 59412
59376 78199 1:0 59458
59385 78216 1:0 59385
59411 79509 21:0 59431
59430 79560 21:0 59434
59433 79534 21:0 59460
59459 79554 21:0 59460
59459 79538 21:0 59460
59459 79586 21:0 59463
59459 78198 1:0 59465
59461 231 1:0 59461
59462 79501 21:0 59463
59462 79514 21:0 59463
59462 77991 1:0 59469
59462 78114 1:0 59469
59462 79566 21:0 59471
59470 79508 21:0 59471
59470 79520 21:0 59471
59470 79571 21:0 59474
59470 78197 1:0 59476
59472 233 1:0 59472
59473 79580 21:0 59474
59473 79567 21:0 59474
59473 77971 1:0 59478
59473 55984 1:0 59478
59473 55970 1:0 59478
59473 55981 1:0 59478
59473 79500 21:0 59480
59475 78185 1:0 59478
59476 55949 1:0 59476
59478 55957 1:0 59478
59478 78194 1:0 59478
59478 55979 1:0 59506
59478 78096 1:0 59506
59478 55988 1:0 59506
59478 78057 1:0 59506
59478 78174 1:0 59506
59478 78167 1:0 59506
59478 78161 1:0 59609
59478 56014 1:0 59609
59478 56038 1:0 59609
59478 56036 1:0 59609
59478 56045 1:0 59637
59478 78152 1:0 59637
59478 78141 1:0 59637
59478 56071 1:0 59740
59478 56095 1:0 59740
59478 78128 1:0 59740
59478 78119 1:0 59768
59478 78108 1:0 59768
59478 56102 1:0 59768
59478 56128 1:0 59871
59478 56159 1:0 59899
59479 79533 21:0 59480
59479 79507 21:0 59480
59479 79505 21:0 59483
59481 229 1:0 59481
59481 78103 1:0 59600
59482 79574 21:0 59483
59482 79547 21:0 59483
59482 79542 21:0 59508
59484 78165 1:0 59589
59484 78166 1:0 59597
59486 55952 1:0 59486
59486 78076 1:0 59600
59489 78095 1:0 59871
59505 78164 1:0 59607
59507 78184 1:0 59507
59507 79575 21:0 59543
59516 78180 1:0 59516
59517 78050 1:0 59609
59517 56041 1:0 59609
59517 56027 1:0 59609
59517 56098 1:0 59740
59542 79751 21:0 59562
59561 79736 21:0 59565
59563 78134 1:0 59637
59564 79599 21:0 59591
59566 78044 1:0 59637
59566 56084 1:0 59740
59571 78010 1:0 59637
59577 78086 1:0 59899
59578 78075 1:0 59899
59586 77944 1:0 59731
59587 78116 1:0 59731
59590 79659 21:0 59591
59590 79593 21:0 59591
59590 79740 21:0 59594
59592 213 1:0 59592
59593 79738 21:0 59594
59593 79639 21:0 59594
59593 79653 21:0 59602
59596 56002 1:0 59596
59599 78133 1:0 59720
59600 78132 1:0 59727
59600 56093 1:0 59740
59600 56152 1:0 59871
59600 56150 1:0 59871
59600 56141 1:0 59871
59600 56155 1:0 59871
59600 56185 1:0 60002
59600 78062 1:0 60002
59600 56216 1:0 60030
59600 56242 1:0 60133
59600 56273 1:0 60161
59601 79719 21:0 59602
59601 79707 21:0 59602
59601 79674 21:0 59605
59603 215 1:0 59603
59603 78131 1:0 59738
59604 79600 21:0 59605
59604 79725 21:0 59605
59604 79665 21:0 59611
59606 77916 1:0 59740
59606 77905 1:0 59768
59606 77892 1:0 59768
59607 56006 1:0 59607
59608 56006 21:0 59608
59609 78101 1:0 59768
59609 78100 1:0 59851
59610 79745 21:0 59611
59610 79705 21:0 59611
59610 79646 21:0 59614
59612 211 1:0 59612
59612 77953 1:0 59862
59612 77932 1:0 59862
59613 79673 21:0 59614
59613 79606 21:0 59614
59613 79672 21:0 59639
59615 78099 1:0 59858
59617 78098 1:0 59869
59618 78162 1:0 59618
59620 77938 1:0 59871
59623 78156 1:0 59623
59635 77883 1:0 59899
59636 77925 1:0 59899
59638 79739 21:0 59670
59647 78147 1:0 59647
59648 78068 1:0 59899
59653 56212 1:0 60002
59669 79613 21:0 59693
59689 56209 1:0 60002
59692 79732 21:0 59696
59695 79641 21:0 59722
59697 78066 1:0 59982
59702 77920 1:0 59993
59705 78136 1:0 59705
59709 78053 1:0 60030
59717 77879 1:0 59993
59718 77958 1:0 60002
59721 79619 21:0 59722
59721 79703 21:0 59722
59721 79731 21:0 59725
59723 195 1:0 59723
59724 79712 21:0 59725
59724 79670 21:0 59725
59724 79632 21:0 59733
59727 56059 1:0 59727
59728 56059 21:0 59728
59730 78067 1:0 59990
59731 78065 1:0 60000
59731 56198 1:0 60002
59731 56207 1:0 60002
59731 78042 1:0 60030
59731 56269 1:0 60133
59731 78029 1:0 60133
59731 56266 1:0 60133
59731 56255 1:0 60133
59731 56264 1:0 60133
59731 78009 1:0 60161
59731 78020 1:0 60161
59731 56299 1:0 60264
59731 77996 1:0 60264
59731 77987 1:0 60292
59731 77976 1:0 60292
59731 56330 1:0 60292
59731 56356 1:0 60395
59731 77963 1:0 60395
59731 56387 1:0 60423
59731 77954 1:0 60423
59731 77943 1:0 60423
59731 56413 1:0 60526
59731 77930 1:0 60526
59731 77921 1:0 60554
59731 56444 1:0 60554
59731 77910 1:0 60554
59731 77897 1:0 60657
59731 56470 1:0 60657
59731 77888 1:0 60685
59731 77877 1:0 60685
59731 56501 1:0 60685
59731 77864 1:0 60788
59731 56527 1:0 60788
59731 56558 1:0 60816
59731 77844 1:0 60816
59731 77831 1:0 60919
59731 56584 1:0 60919
59731 56615 1:0 60947
59731 77811 1:0 60947
59732 79587 21:0 59733
59732 79640 21:0 59733
59732 79685 21:0 59736
59734 197 1:0 59734
59734 78035 1:0 60030
59735 79698 21:0 59736
59735 79666 21:0 59736
59735 79604 21:0 59742
59737 77911 1:0 60030
59737 77885 1:0 60030
59737 77919 1:0 60124
59740 78033 1:0 60113
59740 78034 1:0 60121
59741 79699 21:0 59742
59741 79718 21:0 59742
59741 79686 21:0 59745
59743 193 1:0 59743
59743 77964 1:0 60124
59743 77886 1:0 60133
59744 379 21:0 59745
59744 79963 21:0 59745
59744 79835 21:0 59770
59746 78032 1:0 60131
59748 56066 1:0 59748
59748 78002 1:0 60161
59751 77899 1:0 60161
59766 77887 1:0 60161
59769 79923 21:0 59786
59779 78001 1:0 60244
59785 55724 21:0 59824
59820 77952 1:0 60255
59823 79805 21:0 59827
59826 79937 21:0 59853
59828 78000 1:0 60251
59833 77912 1:0 60255
59848 77918 1:0 60264
59849 56312 1:0 60264
59849 56326 1:0 60264
59849 56321 1:0 60264
59849 56323 1:0 60264
59849 56380 1:0 60395
59849 56378 1:0 60395
59849 56383 1:0 60395
59852 321 21:0 59853
59852 79950 21:0 59853
59852 79804 21:0 59856
59854 177 1:0 59854
59855 79850 21:0 59856
59855 79765 21:0 59856
59855 79830 21:0 59864
59858 56116 1:0 59858
59861 77999 1:0 60262
59862 77898 1:0 60292
59862 77969 1:0 60292
59862 77945 1:0 60292
59862 77949 1:0 60386
59863 79844 21:0 59864
59863 55778 21:0 59864
59863 79607 21:0 59867
59865 179 1:0 59865
59865 77931 1:0 60386
59866 79982 21:0 59867
59866 79983 21:0 59867
59866 55895 21:0 59873
59868 77968 1:0 60375
59869 56120 1:0 59869
59870 56120 21:0 59870
59871 77967 1:0 60382
59871 77966 1:0 60393
59872 79706 21:0 59873
59872 79817 21:0 59873
59872 79818 21:0 59876
59874 175 1:0 59874
59874 77878 1:0 60395
59874 56369 1:0 60395
59874 77951 1:0 60423
59874 56440 1:0 60526
59874 56435 1:0 60526
59874 56437 1:0 60526
59874 56426 1:0 60526
59874 56494 1:0 60657
59875 79839 21:0 59876
59875 79798 21:0 59876
59875 55945 21:0 59901
59877 77936 1:0 60423
59877 77872 1:0 60423
59880 56123 21:0 59880
59897 77934 1:0 60506
59898 77852 1:0 60517
59900 323 21:0 59904
59903 79864 21:0 59955
59910 77935 1:0 60514
59951 77865 1:0 60517
59954 79917 21:0 59958
59957 79620 21:0 59984
59964 77933 1:0 60524
59979 77866 1:0 60526
59980 77833 1:0 60554
59983 55949 21:0 59984
59983 55660 21:0 59984
59983 79608 21:0 59987
59985 159 1:0 59985
59986 79692 21:0 59987
59986 55781 21:0 59987
59986 79771 21:0 59995
59990 56173 21:0 59990
59992 77903 1:0 60554
59993 77839 1:0 60554
59993 77901 1:0 60637
59993 56497 1:0 60657
59994 79910 21:0 59995
59994 56066 21:0 59995
59994 56098 21:0 59995
59994 56150 21:0 59995
59994 56027 21:0 59998
59996 161 1:0 59996
59996 77902 1:0 60645
59997 56152 21:0 59998
59997 56141 21:0 59998
59997 56084 21:0 59998
59997 56095 21:0 59998
59997 79609 21:0 59998
59997 56041 21:0 59998
59997 55984 21:0 59998
59997 55813 21:0 59998
59997 55870 21:0 59998
59997 55856 21:0 59998
59997 55970 21:0 59998
59997 55927 21:0 59998
59997 56155 21:0 59998
59997 55913 21:0 59998
59997 79444 21:0 60001
59999 77854 1:0 60648
59999 77850 1:0 60648
59999 77845 1:0 60657
59999 56483 1:0 60657
60000 79763 21:0 60001
60000 79675 21:0 60001
60000 79651 21:0 60001
60000 79466 21:0 60001
60000 79499 21:0 60001
60000 79717 21:0 60001
60000 79433 21:0 60001
60000 79750 21:0 60001
60000 79684 21:0 60001
60000 79486 21:0 60001
60000 79697 21:0 60001
60000 79796 21:0 60001
60000 79730 21:0 60001
60000 79585 21:0 60001
60000 79552 21:0 60001
60001 56177 21:0 60004
60002 77900 1:0 60655
60002 56492 1:0 60657
60002 77870 1:0 60685
60003 55756 21:0 60004
60003 79967 21:0 60004
60003 55799 21:0 60004
60003 55742 21:0 60004
60003 55835 21:0 60007
60005 157 1:0 60005
60005 77859 1:0 60685
60005 77846 1:0 60685
60005 56551 1:0 60788
60005 56549 1:0 60788
60005 56540 1:0 60788
60005 56554 1:0 60788
60005 77855 1:0 60816
60005 56606 1:0 60919
60005 77822 1:0 60947
60005 77798 1:0 61058
60005 56641 1:0 61058
60005 21 1:0 61058
60005 77789 1:0 61078
60005 19 1:0 61141
60005 56672 1:0 61144
60005 77778 1:0 61145
60005 54468 1:0 61145
60006 285 21:0 60007
60006 79773 21:0 60007
60006 305 21:0 60032
60008 77868 1:0 60768
60013 77869 1:0 60776
60028 77806 1:0 60779
60029 77853 1:0 60779
60031 55699 21:0 60035
60034 56038 21:0 60035
60034 79642 21:0 60035
60034 55685 21:0 60035
60034 55979 21:0 60035
60034 79774 21:0 60035
60034 56036 21:0 60035
60034 56093 21:0 60035
60034 79477 21:0 60035
60034 79543 21:0 60035
60034 79708 21:0 60035
60034 79576 21:0 60035
60034 79510 21:0 60035
60034 79807 21:0 60035
60034 79741 21:0 60035
60034 79840 21:0 60038
60037 79565 21:0 60038
60037 56128 21:0 60038
60037 56102 21:0 60038
60037 79532 21:0 60038
60037 79519 21:0 60038
60037 79618 21:0 60038
60038 56198 21:0 60070
60041 77867 1:0 60786
60069 79806 21:0 60086
60082 77812 1:0 60788
60085 79772 21:0 60089
60088 56207 21:0 60089
60088 79939 21:0 60089
60088 79906 21:0 60089
60088 79873 21:0 60089
60088 79972 21:0 60091
60090 291 21:0 60091
60090 79948 21:0 60091
60090 327 21:0 60091
60090 55957 21:0 60091
60090 56014 21:0 60091
60090 79961 21:0 60091
60090 79928 21:0 60091
60090 56071 21:0 60091
60090 325 21:0 60091
60090 55760 21:0 60091
60090 55786 21:0 60091
60090 79664 21:0 60091
60090 289 21:0 60091
60090 55817 21:0 60091
60090 55843 21:0 60091
60090 55874 21:0 60091
60090 55900 21:0 60091
60090 55931 21:0 60091
60090 273 21:0 60091
60090 271 21:0 60091
60090 255 21:0 60091
60090 253 21:0 60091
60090 56185 21:0 60091
60090 79783 21:0 60091
60090 79829 21:0 60091
60090 56045 21:0 60091
60090 79849 21:0 60091
60090 79862 21:0 60091
60090 55988 21:0 60091
60090 55703 21:0 60091
60090 79882 21:0 60091
60090 79895 21:0 60091
60090 79915 21:0 60091
60090 307 21:0 60091
60090 55672 21:0 60091
60090 79981 21:0 60091
60090 56159 21:0 60091
60090 79453 21:0 60091
60090 79631 21:0 60091
60090 79598 21:0 60091
60090 79816 21:0 60091
60090 55729 21:0 60091
60090 309 21:0 60091
60093 56212 21:0 60115
60095 77837 1:0 60816
60110 77821 1:0 60816
60111 77826 1:0 60816
60111 56597 1:0 60919
60114 55721 21:0 60115
60114 56063 21:0 60115
60114 265 21:0 60118
60116 141 1:0 60116
60117 79652 21:0 60118
60117 311 21:0 60118
60117 295 21:0 60118
60117 317 21:0 60118
60117 56209 21:0 60118
60117 55751 21:0 60118
60117 55981 21:0 60118
60117 297 21:0 60118
60117 55694 21:0 60118
60117 293 21:0 60118
60117 277 21:0 60118
60117 313 21:0 60118
60117 315 21:0 60118
60117 55867 21:0 60118
60117 56216 21:0 60118
60117 55865 21:0 60118
60117 55810 21:0 60118
60117 55753 21:0 60118
60117 55696 21:0 60118
60117 55808 21:0 60118
60117 55922 21:0 60118
60117 55924 21:0 60118
60120 56230 1:0 60120
60121 56230 21:0 60126
60123 77835 1:0 60899
60124 77836 1:0 60907
60124 77817 1:0 60910
60124 77819 1:0 60910
60124 77820 1:0 60919
60125 243 21:0 60126
60125 261 21:0 60126
60125 281 21:0 60126
60125 275 21:0 60126
60125 241 21:0 60126
60125 299 21:0 60126
60125 263 21:0 60126
60125 259 21:0 60126
60125 279 21:0 60126
60125 257 21:0 60126
60125 79877 21:0 60129
60127 143 1:0 60127
60127 56608 1:0 60919
60127 56611 1:0 60919
60128 27 21:0 60129
60128 79679 21:0 60129
60128 79890 21:0 60129
60128 65 21:0 60129
60130 65 1:0 60657
60130 77834 1:0 60917
60130 27 1:0 60919
60132 56234 21:0 60135
60133 77832 1:0 60927
60133 77804 1:0 60947
60133 77813 1:0 60947
60134 233 21:0 60135
60134 269 21:0 60138
60136 139 1:0 60136
60136 77802 1:0 61030
60137 56116 21:0 60138
60137 79962 21:0 60138
60139 77803 1:0 61038
60139 56636 1:0 61041
60139 77800 1:0 61041
60141 77793 1:0 61050
60142 56237 21:0 60142
60142 78030 1:0 60142
60147 56242 21:0 60148
60148 79870 21:0 60166
60160 77801 1:0 61048
60167 56654 1:0 61053
60169 56255 21:0 60201
60172 77799 1:0 61053
60172 7 1:0 61053
60172 77786 1:0 61053
60204 56264 21:0 60207
60213 77788 1:0 61078
60213 77784 1:0 61078
60214 56266 21:0 60217
60216 79769 21:0 60220
60218 56663 1:0 61066
60221 9 1:0 61075
60221 77787 1:0 61078
60221 56665 1:0 61129
60221 3 1:0 61145
60224 56269 21:0 60246
60226 77780 1:0 61113
60241 77773 1:0 61132
60242 5 1:0 61132
60245 56273 21:0 60246
60245 56009 21:0 60246
60245 79811 21:0 60246
60245 79764 21:0 60249
60247 123 1:0 60247
60248 55952 21:0 60249
60248 267 21:0 60249
60248 56180 21:0 60257
60252 56287 21:0 60252
60254 56668 1:0 61139
60254 77779 1:0 61140
60254 56686 1:0 61160
60254 55952 1:0 61994
60254 267 1:0 61994
60254 241 1:0 62146
60255 79811 1:0 62008
60255 79764 1:0 62008
60255 56009 1:0 62044
60255 79769 1:0 62060
60255 79962 1:0 62065
60255 79870 1:0 62065
60256 55888 21:0 60257
60256 56002 21:0 60257
60256 303 21:0 60260
60258 125 1:0 60258
60258 55888 1:0 61989
60258 56002 1:0 61989
60258 56180 1:0 61989
60261 303 1:0 61984
60263 56291 21:0 60266
60264 56116 1:0 62065
60264 269 1:0 62070
60264 79679 1:0 62070
60264 233 1:0 62070
60264 79877 1:0 62084
60264 79890 1:0 62084
60264 79652 1:0 62120
60264 265 1:0 62136
60267 121 1:0 60267
60267 56291 1:0 61968
60270 56063 1:0 62141
60270 55721 1:0 62141
60272 56294 1:0 60272
60273 56294 21:0 60273
60278 56299 21:0 60279
60300 56312 21:0 60332
60335 56321 21:0 60338
60345 56323 21:0 60348
60355 56326 21:0 60377
60376 56330 21:0 60377
60378 105 1:0 60378
60383 56344 21:0 60388
60389 107 1:0 60389
60394 56348 21:0 60394
60398 103 1:0 60398
60409 56356 21:0 60410
60410 56351 21:0 60428
60429 56351 1:0 62008
60431 56369 21:0 60463
60466 56378 21:0 60469
60476 56380 21:0 60479
60486 56383 21:0 60508
60507 56387 21:0 60508
60509 87 1:0 60509
60514 56401 21:0 60514
60520 89 1:0 60520
60524 56405 1:0 60524
60525 56405 21:0 60525
60529 85 1:0 60529
60534 56408 1:0 60534
60535 56408 21:0 60535
60540 56413 21:0 60541
60562 56426 21:0 60594
60597 56435 21:0 60600
60607 56437 21:0 60610
60617 56440 21:0 60639
60638 56444 21:0 60639
60640 69 1:0 60640
60644 56458 1:0 60644
60645 56458 21:0 60645
60651 71 1:0 60651
60656 56462 21:0 60659
60660 67 1:0 60660
60660 56462 1:0 62141
60666 56465 21:0 60666
60671 56470 21:0 60672
60693 56483 21:0 60725
60728 56492 21:0 60731
60738 56494 21:0 60741
60748 56497 21:0 60770
60769 56501 21:0 60770
60771 51 1:0 60771
60776 56515 21:0 60776
60782 53 1:0 60782
60787 56519 21:0 60787
60791 49 1:0 60791
60796 56522 1:0 60796
60797 56522 21:0 60821
60820 56527 21:0 60821
60824 56540 21:0 60856
60859 56549 21:0 60862
60869 56551 21:0 60872
60879 56554 21:0 60901
60900 56558 21:0 60901
60902 33 1:0 60902
60906 56572 1:0 60906
60907 56572 21:0 60907
60913 35 1:0 60913
60917 56576 1:0 60917
60918 56576 21:0 60921
60922 31 1:0 60922
60927 56579 1:0 60927
60933 56584 21:0 60934
60934 56579 21:0 60952
60953 56579 1:0 61994
60955 56597 21:0 60987
60990 56606 21:0 60993
61000 56608 21:0 61003
61010 56611 21:0 61032
61031 56615 21:0 61032
61033 15 1:0 61033
61038 56629 21:0 61043
61044 17 1:0 61044
61044 56629 1:0 62084
61049 56633 21:0 61052
61053 13 1:0 61053
61059 56636 21:0 61083
61082 56641 21:0 61083
61086 56654 21:0 61118
61121 56663 21:0 61124
61131 56665 21:0 61134
61141 56668 21:0 61170
61169 54468 21:0 61171
61170 81022 21:0 61171
61171 81023 21:0 61182
61181 56672 21:0 61182
61181 19 21:0 61182
61181 3 21:0 61182
61182 81024 21:0 61215
61214 7 21:0 61215
61214 9 21:0 61215
61214 56686 21:0 61215
61214 81033 21:0 61215
61214 5 21:0 61215
61215 11 21:0 61215
61217 81017 21:0 61226
61225 81042 21:0 61226
61225 81031 21:0 61226
61225 81030 21:0 61226
61225 21 21:0 61226
61226 13 21:0 61226
61228 81045 21:0 61236
61231 17 21:0 61231
61235 81046 21:0 61286
61236 15 21:0 61236
61250 23 21:0 61250
61254 25 21:0 61254
61258 27 21:0 61258
61285 81047 21:0 61302
61291 29 21:0 61291
61301 81048 21:0 61312
61302 31 21:0 61302
61307 35 21:0 61307
61311 81078 21:0 61362
61312 33 21:0 61312
61326 41 21:0 61326
61334 45 21:0 61334
61361 81080 21:0 61378
61367 47 21:0 61367
61377 81079 21:0 61388
61378 49 21:0 61378
61383 53 21:0 61383
61387 81081 21:0 61438
61388 51 21:0 61388
61402 59 21:0 61402
61406 61 21:0 61406
61410 63 21:0 61410
61437 81111 21:0 61454
61443 65 21:0 61443
61453 81113 21:0 61464
61454 67 21:0 61454
61459 71 21:0 61459
61463 81112 21:0 61514
61464 69 21:0 61464
61482 79 21:0 61482
61486 81 21:0 61486
61513 81114 21:0 61530
61519 83 21:0 61519
61529 81144 21:0 61540
61530 85 21:0 61530
61535 89 21:0 61535
61539 81145 21:0 61590
61540 87 21:0 61540
61554 95 21:0 61554
61558 97 21:0 61558
61562 99 21:0 61562
61589 81146 21:0 61606
61595 101 21:0 61595
61605 81147 21:0 61616
61606 103 21:0 61606
61611 107 21:0 61611
61615 81177 21:0 61649
61616 105 21:0 61616
61630 113 21:0 61630
61634 115 21:0 61634
61638 117 21:0 61638
61648 81178 21:0 61682
61671 119 21:0 61671
61679 81241 21:0 61679
61681 81179 21:0 61692
61682 121 21:0 61682
61687 125 21:0 61687
61691 81180 21:0 61714
61692 123 21:0 61692
61706 131 21:0 61706
61710 133 21:0 61710
61713 81210 21:0 61758
61714 135 21:0 61714
61747 137 21:0 61747
61757 81212 21:0 61768
61758 139 21:0 61758
61763 143 21:0 61763
61767 81211 21:0 61786
61768 141 21:0 61768
61782 149 21:0 61782
61785 81213 21:0 61834
61786 151 21:0 61786
61790 153 21:0 61790
61823 155 21:0 61823
61833 81243 21:0 61839
61834 157 21:0 61834
61838 81244 21:0 61862
61839 161 21:0 61839
61844 159 21:0 61844
61858 167 21:0 61858
61861 81245 21:0 61910
61862 169 21:0 61862
61866 171 21:0 61866
61866 81321 21:0 61866
61899 173 21:0 61899
61907 81340 21:0 61907
61909 81246 21:0 61915
61910 175 21:0 61910
61914 81276 21:0 61934
61915 179 21:0 61915
61920 177 21:0 61920
61931 81353 21:0 61931
61933 81277 21:0 61986
61934 185 21:0 61934
61938 187 21:0 61938
61942 189 21:0 61942
61975 191 21:0 61975
61975 81362 21:0 61975
61985 81278 21:0 61991
61986 193 21:0 61986
61990 81279 21:0 62010
61991 197 21:0 61991
61991 81374 21:0 61991
61996 195 21:0 61996
61998 81367 21:0 61998
62009 81309 21:0 62062
62010 203 21:0 62010
62014 205 21:0 62014
62018 207 21:0 62018
62046 81393 21:0 62046
62051 209 21:0 62051
62059 81406 21:0 62059
62061 81311 21:0 62067
62062 211 21:0 62062
62066 81310 21:0 62086
62067 215 21:0 62067
62067 81407 21:0 62067
62072 213 21:0 62072
62074 81400 21:0 62074
62085 81312 21:0 62138
62086 221 21:0 62086
62090 223 21:0 62090
62094 225 21:0 62094
62122 81426 21:0 62122
62122 81424 21:0 62122
62127 227 21:0 62127
62129 81413 21:0 62129
62137 81342 21:0 62143
62138 229 21:0 62138
62142 56344 1:0 62146
62142 56576 1:0 62146
62142 79772 1:0 62146
62142 81343 21:0 62162
62143 233 21:0 62143
62143 81440 21:0 62143
62147 285 1:0 62160
62147 79806 1:0 62160
62147 305 1:0 62160
62148 231 21:0 62148
62148 253 1:0 62148
62149 243 1:0 62160
62161 79773 1:0 62196
62161 81344 21:0 62214
62162 239 21:0 62162
62166 241 21:0 62166
62170 243 21:0 62170
62197 55835 1:0 62212
62198 81459 21:0 62198
62198 81457 21:0 62198
62202 263 1:0 62203
62202 257 1:0 62203
62203 245 21:0 62203
62203 81461 21:0 62203
62203 255 1:0 62203
62204 261 1:0 62212
62213 79910 1:0 62217
62213 79967 1:0 62217
62213 56066 1:0 62217
62213 81345 21:0 62219
62214 247 21:0 62214
62218 79692 1:0 62222
62218 79771 1:0 62222
62218 55781 1:0 62222
62218 81375 21:0 62238
62219 251 21:0 62219
62223 79608 1:0 62236
62223 55660 1:0 62236
62223 55949 1:0 62236
62224 249 21:0 62224
62224 271 1:0 62224
62225 259 1:0 62236
62226 81466 21:0 62226
62237 79620 1:0 62272
62237 81377 21:0 62290
62238 257 21:0 62238
62242 259 21:0 62242
62246 261 21:0 62246
62273 56234 1:0 62288
62274 81490 21:0 62274
62274 81493 21:0 62274
62278 281 1:0 62288
62278 275 1:0 62288
62279 263 21:0 62279
62279 81494 21:0 62279
62281 81479 21:0 62281
62285 273 1:0 62285
62289 79864 1:0 62293
62289 79917 1:0 62293
62289 323 1:0 62293
62289 81376 21:0 62295
62290 265 21:0 62290
62294 55945 1:0 62298
62294 79798 1:0 62298
62294 79839 1:0 62298
62294 279 1:0 62298
62294 81378 21:0 62314
62295 269 21:0 62295
62295 81506 21:0 62295
62299 79818 1:0 62312
62299 79706 1:0 62312
62299 79817 1:0 62312
62300 267 21:0 62300
62300 289 1:0 62300
62301 277 1:0 62312
62302 81499 21:0 62302
62313 55895 1:0 62348
62313 81408 21:0 62366
62314 275 21:0 62314
62318 277 21:0 62318
62322 279 21:0 62322
62349 79983 1:0 62364
62350 81525 21:0 62350
62350 81523 21:0 62350
62354 293 1:0 62355
62354 299 1:0 62355
62355 281 21:0 62355
62355 81527 21:0 62355
62355 291 1:0 62355
62356 297 1:0 62364
62363 81538 21:0 62363
62365 79982 1:0 62369
62365 79607 1:0 62369
62365 55778 1:0 62369
62365 81409 21:0 62371
62366 283 21:0 62366
62370 79765 1:0 62374
62370 79830 1:0 62374
62370 79844 1:0 62374
62370 81410 21:0 62376
62371 287 21:0 62371
62371 81539 21:0 62371
62375 79850 1:0 62388
62375 79804 1:0 62388
62375 56522 1:0 62388
62375 81411 21:0 62442
62376 285 21:0 62376
62376 307 1:0 62376
62377 295 1:0 62388
62378 81532 21:0 62378
62387 81551 21:0 62387
62389 79950 1:0 62424
62390 293 21:0 62390
62394 295 21:0 62394
62398 297 21:0 62398
62398 81552 21:0 62398
62425 321 1:0 62440
62430 311 1:0 62440
62430 317 1:0 62440
62431 299 21:0 62431
62437 309 1:0 62437
62441 56177 1:0 62445
62441 79805 1:0 62445
62441 79937 1:0 62445
62441 81441 21:0 62447
62442 301 21:0 62442
62446 55724 1:0 62450
62446 56230 1:0 62450
62446 79923 1:0 62450
62446 315 1:0 62450
62446 81442 21:0 62452
62447 305 21:0 62447
62451 79963 1:0 62464
62451 79835 1:0 62464
62451 81443 21:0 62518
62451 380 1:0 62464
62452 303 21:0 62452
62452 325 1:0 62452
62453 313 1:0 62464
62465 56636 1:0 62500
62466 311 21:0 62466
62470 313 21:0 62470
62474 315 21:0 62474
62474 81585 21:0 62474
62488 407 21:0 62488
62501 79686 1:0 62516
62502 81592 21:0 62502
62502 81589 21:0 62502
62507 317 21:0 62507
62513 327 1:0 62513
62515 81604 21:0 62515
62517 81444 21:0 62523
62517 79987 1:0 62526
62518 319 21:0 62518
62522 79718 1:0 62526
62522 79699 1:0 62526
62522 81474 21:0 62528
62523 323 21:0 62523
62527 79985 1:0 62535
62527 81476 21:0 62537
62533 79604 1:0 62535
62536 79986 1:0 62540
62536 81475 21:0 62541
62537 380 21:0 62537
62537 321 21:0 62537
62540 55660 21:0 62540
62540 79666 1:0 62543
62540 79698 1:0 62543
62540 81477 21:0 62545
62541 81614 21:0 62541
62542 81614 1:0 62542
62544 79984 1:0 62550
62544 81507 21:0 62554
62546 323 1:0 62546
62547 55696 1:0 62552
62547 55699 1:0 62552
62547 55685 1:0 62552
62547 55694 1:0 62552
62547 79685 1:0 62552
62550 55664 1:0 62550
62552 55672 1:0 62552
62552 79981 1:0 62552
62553 81508 21:0 62557
62553 79954 1:0 62580
62555 319 1:0 62555
62556 79640 1:0 62580
62556 79587 1:0 62580
62556 81509 21:0 62636
62560 55667 1:0 62560
62566 79976 1:0 62566
62569 380 1:0 62569
62578 79972 1:0 62580
62580 55703 1:0 62580
62580 79961 1:0 62580
62581 79971 1:0 62581
62581 79953 1:0 62663
62583 317 1:0 62583
62590 79969 1:0 62590
62590 79970 1:0 62590
62601 407 1:0 62601
62618 315 1:0 62618
62627 313 1:0 62627
62635 81510 21:0 62665
62637 311 1:0 62637
62648 79956 1:0 62648
62664 79952 1:0 62670
62664 81540 21:0 62676
62666 303 1:0 62666
62667 79632 1:0 62674
62667 79712 1:0 62674
62670 55717 1:0 62670
62675 81542 21:0 62679
62675 79951 1:0 62681
62677 305 1:0 62677
62678 55756 1:0 62683
62678 55751 1:0 62683
62678 55753 1:0 62683
62678 79670 1:0 62683
62678 55742 1:0 62683
62678 81541 21:0 62685
62683 55729 1:0 62683
62683 79948 1:0 62683
62684 79921 1:0 62711
62684 81543 21:0 62713
62686 301 1:0 62686
62687 79619 1:0 62711
62687 79731 1:0 62711
62692 79949 1:0 62692
62697 79943 1:0 62697
62709 79939 1:0 62711
62711 79928 1:0 62711
62711 55760 1:0 62711
62712 79938 1:0 62712
62712 79920 1:0 62794
62712 81573 21:0 62796
62714 299 1:0 62714
62721 79934 1:0 62721
62721 79936 1:0 62721
62747 79930 1:0 62747
62749 297 1:0 62749
62758 295 1:0 62758
62768 293 1:0 62768
62774 79929 1:0 62774
62795 81575 21:0 62799
62795 79919 1:0 62801
62797 285 1:0 62797
62798 79641 1:0 62805
62798 79703 1:0 62805
62798 81574 21:0 62807
62801 55774 1:0 62801
62806 79918 1:0 62812
62806 81576 21:0 62816
62808 287 1:0 62808
62809 55799 1:0 62814
62809 55813 1:0 62814
62809 55810 1:0 62814
62809 55808 1:0 62814
62809 79732 1:0 62814
62813 55778 21:0 62813
62814 55786 1:0 62814
62814 79915 1:0 62814
62815 81606 21:0 62819
62815 79888 1:0 62842
62817 283 1:0 62817
62818 79613 1:0 62842
62818 79739 1:0 62842
62818 81607 21:0 62891
62823 79916 1:0 62823
62840 79906 1:0 62842
62842 55817 1:0 62842
62842 79895 1:0 62842
62843 79905 1:0 62843
62843 79887 1:0 62925
62845 281 1:0 62845
62852 79901 1:0 62852
62852 79904 1:0 62852
62852 79903 1:0 62852
62878 79897 1:0 62878
62880 279 1:0 62880
62889 277 1:0 62889
62890 81608 21:0 62927
62899 275 1:0 62899
62905 79896 1:0 62905
62926 79886 1:0 62932
62926 81609 21:0 62938
62928 267 1:0 62928
62929 79606 1:0 62936
62929 79672 1:0 62936
62932 55831 1:0 62932
62933 55831 21:0 62933
62937 79884 1:0 62937
62937 81037 21:0 62938
62937 81032 21:0 62938
62937 81043 21:0 62941
62937 79885 1:0 62943
62939 269 1:0 62939
62940 81044 21:0 62941
62940 81028 21:0 62941
62940 55856 1:0 62945
62940 55870 1:0 62945
62940 55867 1:0 62945
62940 79673 1:0 62945
62940 55865 1:0 62945
62940 81064 21:0 62947
62944 55843 1:0 62945
62945 79882 1:0 62945
62946 81063 21:0 62947
62946 81065 21:0 62947
62946 81061 21:0 62950
62946 79855 1:0 62973
62948 265 1:0 62948
62949 81076 21:0 62950
62949 81057 21:0 62950
62949 79646 1:0 62973
62949 79705 1:0 62973
62949 81070 21:0 62975
62953 55838 1:0 62953
62954 79883 1:0 62954
62971 79873 1:0 62973
62973 79862 1:0 62973
62973 55874 1:0 62973
62974 79872 1:0 62974
62974 81050 21:0 62978
62974 79854 1:0 63056
62976 263 1:0 62976
62977 81056 21:0 63022
62983 79871 1:0 62983
62983 79868 1:0 62983
63011 261 1:0 63011
63020 259 1:0 63020
63021 81103 21:0 63032
63030 257 1:0 63030
63031 81077 21:0 63058
63036 79863 1:0 63036
63041 79857 1:0 63041
63057 81083 21:0 63058
63057 81098 21:0 63058
63057 81096 21:0 63061
63057 79853 1:0 63063
63059 249 1:0 63059
63060 81090 21:0 63061
63060 81109 21:0 63061
63060 79665 1:0 63067
63060 79745 1:0 63067
63060 81097 21:0 63069
63068 79851 1:0 63068
63068 81094 21:0 63069
63068 81131 21:0 63069
63068 81116 21:0 63072
63068 79852 1:0 63074
63070 251 1:0 63070
63071 81156 21:0 63072
63071 81129 21:0 63072
63071 79725 1:0 63076
63071 55927 1:0 63076
63071 55924 1:0 63076
63071 55922 1:0 63076
63071 55913 1:0 63076
63071 81127 21:0 63078
63074 55892 1:0 63074
63076 79849 1:0 63076
63076 55900 1:0 63076
63077 81160 21:0 63078
63077 81123 21:0 63078
63077 81089 21:0 63081
63077 79822 1:0 63104
63079 247 1:0 63079
63080 81122 21:0 63081
63080 81163 21:0 63081
63080 79600 1:0 63104
63080 79674 1:0 63104
63080 81149 21:0 63106
63085 55895 21:0 63085
63102 79840 1:0 63104
63104 55931 1:0 63104
63104 79829 1:0 63104
63105 81162 21:0 63109
63105 79820 1:0 63187
63107 245 1:0 63107
63108 81143 21:0 63153
63114 79838 1:0 63114
63114 79837 1:0 63114
63140 79831 1:0 63140
63142 243 1:0 63142
63151 241 1:0 63151
63152 81130 21:0 63163
63161 239 1:0 63161
63162 81175 21:0 63189
63172 79824 1:0 63172
63188 81110 21:0 63189
63188 81142 21:0 63189
63188 81155 21:0 63192
63188 79821 1:0 63195
63190 231 1:0 63190
63191 81169 21:0 63192
63191 81136 21:0 63192
63191 79719 1:0 63198
63191 79707 1:0 63198
63191 81164 21:0 63200
63199 81188 21:0 63200
63199 81261 21:0 63200
63199 81255 21:0 63203
63199 79819 1:0 63205
63201 233 1:0 63201
63201 55970 1:0 63207
63201 55984 1:0 63207
63201 55979 1:0 63207
63201 55981 1:0 63207
63202 81274 21:0 63203
63202 81182 21:0 63203
63202 79653 1:0 63207
63202 81248 21:0 63209
63204 55957 1:0 63207
63204 79816 1:0 63207
63204 79738 1:0 63235
63204 79796 1:0 63235
63204 55988 1:0 63235
63204 79807 1:0 63235
63204 56038 1:0 63338
63204 56036 1:0 63338
63204 79783 1:0 63338
63204 56014 1:0 63338
63204 56045 1:0 63366
63204 79763 1:0 63366
63204 79774 1:0 63366
63204 79750 1:0 63469
63204 56071 1:0 63469
63204 79730 1:0 63497
63204 79741 1:0 63497
63204 56102 1:0 63497
63204 79717 1:0 63600
63204 56128 1:0 63600
63204 56159 1:0 63628
63204 79708 1:0 63628
63206 55949 21:0 63206
63207 79639 1:0 63235
63207 79789 1:0 63235
63207 79740 1:0 63329
63207 79659 1:0 63329
63208 81263 21:0 63209
63208 81209 21:0 63209
63208 81221 21:0 63212
63210 229 1:0 63210
63210 79788 1:0 63318
63211 81287 21:0 63212
63211 81228 21:0 63212
63211 81197 21:0 63237
63213 79787 1:0 63325
63218 79786 1:0 63336
63233 56027 1:0 63338
63233 56041 1:0 63338
63233 56098 1:0 63469
63234 79593 1:0 63338
63234 79736 1:0 63366
63236 81215 21:0 63240
63238 227 1:0 63238
63239 81259 21:0 63284
63245 79802 1:0 63245
63246 79756 1:0 63366
63273 225 1:0 63273
63282 223 1:0 63282
63283 81262 21:0 63294
63285 56095 1:0 63469
63285 79697 1:0 63628
63287 79599 1:0 63366
63287 56084 1:0 63469
63292 221 1:0 63292
63293 81193 21:0 63320
63298 79797 1:0 63298
63303 79791 1:0 63303
63315 79754 1:0 63449
63316 79575 1:0 63460
63319 81292 21:0 63320
63319 81222 21:0 63320
63319 81202 21:0 63323
63321 213 1:0 63321
63322 81308 21:0 63323
63322 81189 21:0 63323
63322 81176 21:0 63331
63326 56002 21:0 63326
63328 79755 1:0 63457
63329 79751 1:0 63460
63329 79753 1:0 63467
63329 79542 1:0 63469
63329 56093 1:0 63469
63329 56155 1:0 63600
63329 56141 1:0 63600
63329 56152 1:0 63600
63329 56150 1:0 63600
63329 79684 1:0 63731
63329 56185 1:0 63731
63329 56216 1:0 63759
63329 56242 1:0 63862
63329 56273 1:0 63890
63330 79785 1:0 63330
63330 81281 21:0 63331
63330 81275 21:0 63331
63330 81196 21:0 63334
63332 215 1:0 63332
63332 79574 1:0 63497
63333 81226 21:0 63334
63333 81230 21:0 63334
63333 81229 21:0 63340
63335 79723 1:0 63497
63336 56006 1:0 63336
63337 56006 21:0 63337
63338 79547 1:0 63497
63338 79722 1:0 63580
63338 79505 1:0 63591
63338 79507 1:0 63591
63339 81242 21:0 63340
63339 81268 21:0 63340
63339 81294 21:0 63343
63341 211 1:0 63341
63341 79721 1:0 63587
63342 81295 21:0 63343
63342 81235 21:0 63343
63342 81301 21:0 63368
63344 79720 1:0 63598
63344 79533 1:0 63600
63347 79784 1:0 63347
63352 79778 1:0 63352
63364 79690 1:0 63628
63365 79580 1:0 63628
63365 79500 1:0 63628
63367 81195 21:0 63371
63369 209 1:0 63369
63370 81288 21:0 63415
63377 79688 1:0 63711
63404 207 1:0 63404
63413 205 1:0 63413
63414 81208 21:0 63425
63416 56198 1:0 63731
63418 56207 1:0 63731
63423 203 1:0 63423
63424 81296 21:0 63451
63431 79689 1:0 63719
63434 79758 1:0 63434
63438 79675 1:0 63759
63446 79567 1:0 63722
63447 79571 1:0 63722
63450 81254 21:0 63451
63450 81307 21:0 63451
63450 380 21:0 63454
63452 195 1:0 63452
63453 81320 21:0 63454
63453 81453 21:0 63454
63453 81473 21:0 63462
63456 56059 1:0 63456
63459 79687 1:0 63729
63460 79520 1:0 63731
63460 56209 1:0 63731
63460 56212 1:0 63731
63460 79508 1:0 63759
63460 79664 1:0 63759
63460 79657 1:0 63759
63460 56255 1:0 63862
63460 56266 1:0 63862
63460 56264 1:0 63862
63460 56269 1:0 63862
63460 79651 1:0 63862
63460 79631 1:0 63890
63460 79642 1:0 63890
63460 79618 1:0 63993
63460 56299 1:0 63993
63460 79598 1:0 64021
63460 56330 1:0 64021
63460 79609 1:0 64021
63460 56356 1:0 64124
63460 79585 1:0 64124
63460 56387 1:0 64152
63460 79576 1:0 64152
63460 79565 1:0 64152
63460 56413 1:0 64255
63460 79552 1:0 64255
63460 56444 1:0 64283
63460 79543 1:0 64283
63460 79532 1:0 64283
63460 56470 1:0 64386
63460 79519 1:0 64386
63460 79510 1:0 64414
63460 79499 1:0 64414
63460 56501 1:0 64414
63460 79486 1:0 64517
63460 56527 1:0 64517
63460 56558 1:0 64545
63460 79466 1:0 64545
63460 79477 1:0 64545
63460 56584 1:0 64648
63460 79453 1:0 64648
63460 79433 1:0 64676
63460 56615 1:0 64676
63460 21 1:0 64788
63460 56641 1:0 64789
63460 79420 1:0 64789
63460 19 1:0 64870
63460 56672 1:0 64873
63460 79400 1:0 64874
63461 79752 1:0 63461
63461 81395 21:0 63462
63461 81560 21:0 63462
63461 81598 21:0 63465
63463 197 1:0 63463
63463 79566 1:0 63759
63464 81505 21:0 63465
63464 81559 21:0 63465
63464 81358 21:0 63471
63466 79655 1:0 63842
63468 56063 21:0 63468
63469 79656 1:0 63850
63469 79514 1:0 63853
63469 79501 1:0 63853
63469 79586 1:0 63862
63470 81347 21:0 63471
63470 81545 21:0 63471
63470 81519 21:0 63474
63472 193 1:0 63472
63472 79654 1:0 63860
63473 81486 21:0 63474
63473 55835 21:0 63474
63473 81572 21:0 63499
63475 79538 1:0 63890
63475 79554 1:0 63890
63475 79624 1:0 63890
63478 56066 21:0 63478
63496 79622 1:0 63973
63498 81354 21:0 63502
63500 191 1:0 63500
63501 81439 21:0 63546
63508 79623 1:0 63981
63535 189 1:0 63535
63544 187 1:0 63544
63545 55781 21:0 63556
63549 79560 1:0 63984
63549 79534 1:0 63984
63554 185 1:0 63554
63555 81558 21:0 63582
63577 79621 1:0 63991
63578 56321 1:0 63993
63578 56312 1:0 63993
63578 56326 1:0 63993
63578 56323 1:0 63993
63578 56378 1:0 64124
63578 56369 1:0 64124
63578 56380 1:0 64124
63581 81460 21:0 63582
63581 81391 21:0 63582
63581 81518 21:0 63585
63583 177 1:0 63583
63584 81428 21:0 63585
63584 81472 21:0 63585
63584 81325 21:0 63593
63590 79509 1:0 63993
63590 79494 1:0 64021
63590 79521 1:0 64021
63591 79591 1:0 64021
63591 79589 1:0 64104
63592 55721 21:0 63593
63592 81394 21:0 63593
63592 81578 21:0 63596
63594 179 1:0 63594
63594 79573 1:0 64115
63595 55945 21:0 63596
63595 81327 21:0 63596
63595 81593 21:0 63602
63597 79590 1:0 64112
63598 56120 1:0 63598
63600 79527 1:0 64115
63600 79588 1:0 64122
63600 79540 1:0 64124
63600 56383 1:0 64124
63600 56437 1:0 64255
63600 56435 1:0 64255
63601 81334 21:0 63602
63601 55667 21:0 63602
63601 81387 21:0 63605
63603 175 1:0 63603
63603 79558 1:0 64152
63604 81360 21:0 63605
63604 56009 21:0 63605
63604 81363 21:0 63605
63604 56084 21:0 63605
63604 56027 21:0 63605
63604 81429 21:0 63605
63604 56041 21:0 63618
63606 79541 1:0 64152
63606 79553 1:0 64152
63606 79557 1:0 64235
63608 56123 1:0 63608
63609 56123 21:0 63609
63617 56098 21:0 63630
63626 79556 1:0 64242
63627 79476 1:0 64246
63627 79468 1:0 64246
63629 81198 21:0 63630
63629 56095 21:0 63630
63629 55984 21:0 63630
63629 81396 21:0 63630
63629 55970 21:0 63633
63631 173 1:0 63631
63632 81264 21:0 63633
63632 56093 21:0 63633
63632 81066 21:0 63633
63632 81132 21:0 63633
63632 81231 21:0 63633
63632 55927 21:0 63633
63632 55913 21:0 63633
63632 81462 21:0 63633
63632 81297 21:0 63633
63632 56038 21:0 63633
63632 81330 21:0 63633
63632 81088 21:0 63633
63632 81165 21:0 63633
63632 81099 21:0 63633
63632 81154 21:0 63633
63632 81220 21:0 63633
63632 81108 21:0 63633
63632 56036 21:0 63633
63632 81405 21:0 63634
63633 81253 21:0 63634
63633 81075 21:0 63635
63634 81174 21:0 63636
63634 79475 1:0 64255
63635 81319 21:0 63636
63635 81418 21:0 63636
63635 81438 21:0 63636
63635 81141 21:0 63636
63635 81306 21:0 63636
63635 81372 21:0 63636
63635 81286 21:0 63636
63635 56102 21:0 63636
63635 81352 21:0 63636
63635 81121 21:0 63636
63635 81339 21:0 63636
63635 81055 21:0 63636
63635 81385 21:0 63636
63635 81273 21:0 63636
63635 81240 21:0 63636
63635 81471 21:0 63636
63635 81187 21:0 63636
63635 81207 21:0 63636
63635 81451 21:0 63636
63636 56141 21:0 63668
63639 56426 1:0 64255
63639 56440 1:0 64255
63639 79444 1:0 64676
63666 171 1:0 63666
63667 55870 21:0 63674
63673 55856 21:0 63677
63675 169 1:0 63675
63676 81427 21:0 63687
63680 79555 1:0 64253
63685 167 1:0 63685
63686 81561 21:0 63687
63686 55813 21:0 63687
63686 81495 21:0 63687
63686 56152 21:0 63687
63686 81528 21:0 63687
63686 55799 21:0 63687
63686 81594 21:0 63689
63688 56014 21:0 63689
63688 56045 21:0 63689
63688 81603 21:0 63689
63688 55874 21:0 63689
63688 55843 21:0 63689
63688 55931 21:0 63689
63688 55760 21:0 63689
63688 55900 21:0 63689
63688 273 21:0 63689
63688 309 21:0 63689
63688 91 21:0 63689
63688 37 21:0 63689
63688 307 21:0 63689
63688 163 21:0 63689
63688 81570 21:0 63689
63688 81550 21:0 63689
63688 291 21:0 63689
63688 289 21:0 63689
63688 55957 21:0 63689
63688 271 21:0 63689
63688 81537 21:0 63689
63688 255 21:0 63689
63688 55786 21:0 63689
63688 253 21:0 63689
63688 81484 21:0 63689
63688 81504 21:0 63689
63688 81517 21:0 63689
63688 147 21:0 63689
63688 325 21:0 63689
63688 327 21:0 63689
63688 81583 21:0 63689
63688 56071 21:0 63689
63688 111 21:0 63689
63688 55988 21:0 63689
63688 56128 21:0 63689
63688 55817 21:0 63689
63688 55672 21:0 63689
63688 55703 21:0 63689
63688 55729 21:0 63689
63688 56494 1:0 64386
63688 56483 1:0 64386
63688 56492 1:0 64386
63688 56497 1:0 64386
63688 56554 1:0 64517
63688 79411 1:0 64789
63688 54468 1:0 64874
63690 163 1:0 63759
63690 147 1:0 63862
63690 111 1:0 64124
63690 91 1:0 64283
63690 37 1:0 64676
63691 56155 21:0 63713
63709 79525 1:0 64283
63712 55838 21:0 63713
63712 55664 21:0 63713
63712 81556 21:0 63716
63714 159 1:0 63714
63715 55756 21:0 63716
63715 55742 21:0 63716
63715 55699 21:0 63716
63715 56159 21:0 63716
63715 56150 21:0 63716
63715 81328 21:0 63716
63715 81571 21:0 63716
63718 56173 1:0 63718
63719 56173 21:0 63724
63721 79467 1:0 64283
63721 79487 1:0 64283
63721 79455 1:0 64377
63722 79524 1:0 64366
63722 79523 1:0 64373
63723 81341 21:0 63724
63723 81591 21:0 63724
63723 56116 21:0 63727
63725 161 1:0 63725
63725 79481 1:0 64377
63725 79472 1:0 64386
63726 81386 21:0 63727
63726 55774 21:0 63730
63728 79461 1:0 64414
63728 79488 1:0 64414
63730 56177 21:0 63733
63731 79522 1:0 64384
63731 79492 1:0 64414
63731 79474 1:0 64508
63732 81485 21:0 63733
63732 55952 21:0 63736
63734 157 1:0 63734
63735 81361 21:0 63736
63735 81512 21:0 63736
63735 81433 21:0 63754
63737 79491 1:0 64497
63737 79490 1:0 64504
63739 79443 1:0 64508
63740 56180 21:0 63740
63742 56551 1:0 64517
63742 56549 1:0 64517
63742 56540 1:0 64517
63742 56606 1:0 64648
63742 56608 1:0 64648
63753 81584 21:0 63764
63758 79489 1:0 64515
63762 155 1:0 63762
63763 55685 21:0 63764
63763 55922 21:0 63764
63763 55924 21:0 63764
63763 56185 21:0 63764
63763 55981 21:0 63764
63763 55979 21:0 63764
63763 55865 21:0 63764
63765 79435 1:0 64517
63767 56198 21:0 63799
63797 153 1:0 63797
63798 81565 21:0 63815
63806 151 1:0 63806
63811 79459 1:0 64545
63814 55724 21:0 63818
63816 149 1:0 63816
63816 79442 1:0 64545
63817 56209 21:0 63818
63819 79439 1:0 64545
63819 56597 1:0 64648
63822 56212 21:0 63844
63824 79441 1:0 64639
63839 79428 1:0 64639
63840 56611 1:0 64648
63843 81492 21:0 63844
63843 267 21:0 63844
63843 81314 21:0 63847
63845 141 1:0 63845
63846 323 21:0 63847
63846 301 21:0 63847
63846 81526 21:0 63855
63850 56230 21:0 63850
63852 79458 1:0 64628
63853 79457 1:0 64635
63853 79454 1:0 64648
63854 81329 21:0 63855
63854 56120 21:0 63855
63854 81380 21:0 63858
63856 143 1:0 63856
63856 79456 1:0 64646
63857 81452 21:0 63858
63857 55892 21:0 63858
63857 287 21:0 63864
63859 79448 1:0 64661
63859 79434 1:0 64676
63859 56654 1:0 64782
63862 79426 1:0 64676
63862 79425 1:0 64759
63863 56207 21:0 63864
63863 55867 21:0 63864
63863 55696 21:0 63864
63863 55694 21:0 63864
63863 55751 21:0 63864
63863 55808 21:0 63864
63863 55810 21:0 63864
63863 81420 21:0 63864
63863 313 21:0 63864
63863 315 21:0 63864
63863 56234 21:0 63864
63863 55753 21:0 63864
63863 311 21:0 63867
63865 139 1:0 63865
63865 79424 1:0 64766
63866 293 21:0 63867
63866 281 21:0 63867
63866 295 21:0 63867
63866 56216 21:0 63867
63866 299 21:0 63867
63866 297 21:0 63867
63866 279 21:0 63867
63866 259 21:0 63867
63866 277 21:0 63867
63866 261 21:0 63867
63866 263 21:0 63867
63866 257 21:0 63867
63866 317 21:0 63867
63866 243 21:0 63867
63866 77 21:0 63867
63866 275 21:0 63867
63866 43 21:0 63867
63866 241 21:0 63867
63868 77 1:0 64253
63868 43 1:0 64517
63868 56633 1:0 64770
63868 79422 1:0 64770
63868 79423 1:0 64777
63870 56237 1:0 63870
63870 79410 1:0 64779
63871 56237 21:0 63871
63873 79421 1:0 64782
63876 56242 21:0 63877
63877 56059 21:0 63895
63888 79415 1:0 64782
63889 9 1:0 64782
63889 56663 1:0 64800
63889 79409 1:0 64807
63889 7 1:0 64807
63889 56665 1:0 64858
63893 137 1:0 63893
63898 56255 21:0 63930
63900 79637 1:0 63900
63901 79406 1:0 64807
63901 79408 1:0 64807
63901 79402 1:0 64842
63926 79633 1:0 63926
63928 135 1:0 63928
63933 56264 21:0 63936
63937 133 1:0 63937
63942 5 1:0 64861
63942 79395 1:0 64861
63942 56668 1:0 64868
63942 56686 1:0 64874
63942 3 1:0 64890
63943 56266 21:0 63946
63945 81605 21:0 63949
63947 131 1:0 63947
63950 79401 1:0 64869
63953 56269 21:0 63975
63958 79626 1:0 63958
63974 56273 21:0 63975
63974 81419 21:0 63975
63974 283 21:0 63975
63974 81373 21:0 63978
63976 123 1:0 63976
63977 81446 21:0 63978
63977 55717 21:0 63978
63977 55888 21:0 63986
63979 55717 1:0 65661
63979 81373 1:0 65661
63980 56287 1:0 63980
63981 56287 21:0 63981
63983 81446 1:0 65661
63983 81419 1:0 65713
63983 56059 1:0 65718
63983 283 1:0 65718
63984 81605 1:0 65718
63984 81420 1:0 65723
63984 287 1:0 65723
63984 56234 1:0 65723
63984 81380 1:0 65737
63984 55892 1:0 65737
63985 265 21:0 63986
63985 285 21:0 63986
63985 269 21:0 63989
63987 125 1:0 63987
63987 285 1:0 65642
63987 55888 1:0 65647
63987 265 1:0 65647
63988 305 21:0 63989
63988 247 21:0 63989
63990 305 1:0 65637
63990 247 1:0 65642
63990 269 1:0 65642
63992 56291 21:0 63992
63993 81452 1:0 65737
63993 81329 1:0 65773
63993 56120 1:0 65789
63993 323 1:0 65794
63993 301 1:0 65794
63993 81526 1:0 65794
63993 81314 1:0 65799
63993 267 1:0 65799
63996 121 1:0 63996
63999 55724 1:0 65813
63999 81492 1:0 65813
63999 81565 1:0 65849
64001 56294 1:0 64001
64001 81584 1:0 65865
64002 56294 21:0 64002
64004 81361 1:0 65870
64007 56299 21:0 64008
64019 81512 1:0 65870
64020 81433 1:0 65870
64024 119 1:0 64024
64029 56312 21:0 64061
64059 117 1:0 64059
64064 56321 21:0 64067
64068 115 1:0 64068
64074 56323 21:0 64077
64078 113 1:0 64078
64084 56326 21:0 64106
64105 56330 21:0 64106
64107 105 1:0 64107
64112 56344 21:0 64117
64118 107 1:0 64118
64118 56344 1:0 65799
64122 56348 1:0 64122
64123 56348 21:0 64126
64127 103 1:0 64127
64133 56351 21:0 64157
64155 101 1:0 64155
64156 56356 21:0 64157
64158 56351 1:0 65813
64160 56369 21:0 64192
64190 99 1:0 64190
64195 56378 21:0 64198
64199 97 1:0 64199
64205 56380 21:0 64208
64209 95 1:0 64209
64215 56383 21:0 64237
64236 56387 21:0 64237
64238 87 1:0 64238
64242 56401 1:0 64242
64243 56401 21:0 64248
64249 89 1:0 64249
64253 56405 1:0 64253
64254 56405 21:0 64254
64258 85 1:0 64258
64263 56408 1:0 64263
64264 56408 21:0 64288
64286 83 1:0 64286
64287 56413 21:0 64288
64291 56426 21:0 64323
64321 81 1:0 64321
64326 56435 21:0 64329
64330 79 1:0 64330
64336 56437 21:0 64339
64346 56440 21:0 64368
64367 56444 21:0 64368
64369 69 1:0 64369
64373 56458 1:0 64373
64374 56458 21:0 64374
64380 71 1:0 64380
64385 56462 21:0 64388
64389 67 1:0 64389
64394 56465 1:0 64394
64400 56470 21:0 64401
64401 56465 21:0 64419
64417 65 1:0 64417
64420 56465 1:0 65647
64422 56483 21:0 64454
64452 63 1:0 64452
64457 56492 21:0 64460
64461 61 1:0 64461
64467 56494 21:0 64470
64471 59 1:0 64471
64477 56497 21:0 64499
64498 56501 21:0 64499
64500 51 1:0 64500
64504 56515 1:0 64504
64505 56515 21:0 64510
64511 53 1:0 64511
64515 56519 1:0 64515
64516 56519 21:0 64519
64520 49 1:0 64520
64526 56522 21:0 64526
64531 56527 21:0 64532
64548 47 1:0 64548
64553 56540 21:0 64585
64583 45 1:0 64583
64588 56549 21:0 64591
64598 56551 21:0 64601
64602 41 1:0 64602
64608 56554 21:0 64630
64629 56558 21:0 64630
64631 33 1:0 64631
64635 56572 1:0 64635
64636 56572 21:0 64636
64642 35 1:0 64642
64647 56576 21:0 64650
64651 31 1:0 64651
64651 56576 1:0 65697
64657 56579 21:0 64657
64662 56584 21:0 64663
64679 29 1:0 64679
64684 56597 21:0 64716
64714 27 1:0 64714
64719 56606 21:0 64722
64723 25 1:0 64723
64729 56608 21:0 64732
64733 23 1:0 64733
64739 56611 21:0 64761
64760 56615 21:0 64761
64762 15 1:0 64762
64767 56629 21:0 64767
64773 17 1:0 64773
64778 56633 21:0 64781
64782 13 1:0 64782
64788 56636 21:0 64812
64810 11 1:0 64810
64811 56641 21:0 64812
64815 56654 21:0 64847
64850 56663 21:0 64853
64860 56665 21:0 64863
64870 56668 21:0 64900
64899 56672 21:0 64900
64899 82644 21:0 64900
64900 82645 21:0 64911
64910 54468 21:0 64911
64910 19 21:0 64911
64910 3 21:0 64911
64911 82646 21:0 64944
64943 9 21:0 64944
64943 56686 21:0 64944
64943 5 21:0 64944
64943 82655 21:0 64944
64943 7 21:0 64944
64946 82639 21:0 64955
64954 21 21:0 64955
64954 82652 21:0 64955
64954 82650 21:0 64955
64954 82664 21:0 64955
64955 13 21:0 64955
64957 82667 21:0 64965
64960 17 21:0 64960
64964 82669 21:0 65015
64965 15 21:0 64965
65014 82668 21:0 65031
65030 82670 21:0 65041
65031 31 21:0 65031
65036 35 21:0 65036
65040 82700 21:0 65091
65041 33 21:0 65041
65090 82702 21:0 65107
65106 82701 21:0 65117
65107 49 21:0 65107
65112 53 21:0 65112
65116 82703 21:0 65167
65117 51 21:0 65117
65166 82733 21:0 65183
65182 82734 21:0 65193
65183 67 21:0 65183
65188 71 21:0 65188
65192 82735 21:0 65243
65193 69 21:0 65193
65242 82736 21:0 65259
65258 82766 21:0 65269
65259 85 21:0 65259
65264 89 21:0 65264
65268 82768 21:0 65319
65269 87 21:0 65269
65318 82767 21:0 65335
65332 82830 21:0 65332
65334 82769 21:0 65345
65335 103 21:0 65335
65340 107 21:0 65340
65344 82799 21:0 65381
65345 105 21:0 65345
65380 82801 21:0 65411
65410 82800 21:0 65421
65411 121 21:0 65411
65416 125 21:0 65416
65420 82802 21:0 65443
65421 123 21:0 65421
65442 82832 21:0 65487
65486 82834 21:0 65497
65487 139 21:0 65487
65492 143 21:0 65492
65496 82833 21:0 65515
65497 141 21:0 65497
65514 82835 21:0 65563
65519 82910 21:0 65519
65562 82865 21:0 65568
65563 157 21:0 65563
65567 82866 21:0 65591
65568 161 21:0 65568
65568 82930 21:0 65568
65573 159 21:0 65573
65590 82867 21:0 65639
65623 82949 21:0 65623
65623 82950 21:0 65623
65630 82936 21:0 65630
65638 82868 21:0 65644
65639 175 21:0 65639
65643 82898 21:0 65663
65644 179 21:0 65644
65649 177 21:0 65649
65651 82956 21:0 65651
65660 82975 21:0 65660
65662 82900 21:0 65715
65699 82983 21:0 65699
65714 82899 21:0 65720
65715 193 21:0 65715
65719 82901 21:0 65739
65720 197 21:0 65720
65725 195 21:0 65725
65727 82989 21:0 65727
65738 82931 21:0 65791
65747 83009 21:0 65747
65775 83015 21:0 65775
65775 83013 21:0 65775
65782 83002 21:0 65782
65788 83028 21:0 65788
65790 82932 21:0 65796
65791 211 21:0 65791
65795 82933 21:0 65815
65796 215 21:0 65796
65796 83029 21:0 65796
65801 213 21:0 65801
65812 83041 21:0 65812
65814 82934 21:0 65867
65851 83048 21:0 65851
65858 83035 21:0 65858
65864 83061 21:0 65864
65866 82964 21:0 65872
65867 229 21:0 65867
65871 55952 1:0 65875
65871 241 1:0 65875
65871 55774 1:0 65875
65871 81485 1:0 65875
65871 82965 21:0 65891
65872 233 21:0 65872
65876 56348 1:0 65889
65876 81386 1:0 65889
65876 56116 1:0 65889
65877 231 21:0 65877
65877 253 1:0 65877
65878 243 1:0 65889
65888 83074 21:0 65888
65890 81341 1:0 65925
65890 82966 21:0 65943
65899 83075 21:0 65899
65926 56401 1:0 65941
65931 257 1:0 65932
65931 263 1:0 65932
65932 83083 21:0 65932
65932 255 1:0 65932
65933 259 1:0 65941
65940 83094 21:0 65940
65942 81571 1:0 65946
65942 81591 1:0 65946
65942 81328 1:0 65946
65942 82967 21:0 65948
65943 247 21:0 65943
65947 55664 1:0 65951
65947 81556 1:0 65951
65947 56515 1:0 65951
65947 82997 21:0 65967
65948 251 21:0 65948
65952 55838 1:0 65965
65952 81427 1:0 65965
65952 56173 1:0 65965
65953 249 21:0 65953
65953 271 1:0 65953
65954 261 1:0 65965
65966 81360 1:0 66001
65966 82998 21:0 66019
66002 56009 1:0 66017
66003 83114 21:0 66003
66003 83115 21:0 66003
66007 275 1:0 66008
66007 281 1:0 66008
66008 273 1:0 66008
66009 277 1:0 66017
66018 81334 1:0 66022
66018 81387 1:0 66022
66018 55667 1:0 66022
66018 82999 21:0 66024
66019 265 21:0 66019
66023 81327 1:0 66027
66023 55945 1:0 66027
66023 81593 1:0 66027
66023 83000 21:0 66043
66024 269 21:0 66024
66024 83128 21:0 66024
66028 81578 1:0 66041
66028 55721 1:0 66041
66028 81394 1:0 66041
66029 267 21:0 66029
66029 289 1:0 66029
66030 279 1:0 66041
66040 83140 21:0 66040
66042 81325 1:0 66077
66042 83030 21:0 66095
66078 81428 1:0 66093
66079 83147 21:0 66079
66083 299 1:0 66093
66083 293 1:0 66093
66086 83134 21:0 66086
66090 291 1:0 66090
66092 83160 21:0 66092
66094 81391 1:0 66098
66094 81472 1:0 66098
66094 81518 1:0 66098
66094 83031 21:0 66100
66099 295 1:0 66103
66099 56462 1:0 66103
66099 56519 1:0 66103
66099 81460 1:0 66103
66099 83032 21:0 66106
66104 55781 1:0 66117
66104 81558 1:0 66117
66104 81439 1:0 66117
66105 307 1:0 66105
66105 83033 21:0 66171
66106 297 1:0 66117
66107 83154 21:0 66107
66118 56408 1:0 66153
66154 81354 1:0 66169
66155 83178 21:0 66155
66155 83180 21:0 66155
66159 311 1:0 66169
66159 317 1:0 66169
66160 83182 21:0 66160
66166 309 1:0 66166
66168 83193 21:0 66168
66170 81572 1:0 66174
66170 81486 1:0 66174
66170 55835 1:0 66174
66170 83063 21:0 66176
66175 81545 1:0 66179
66175 81519 1:0 66179
66175 81347 1:0 66179
66175 313 1:0 66179
66175 83065 21:0 66181
66176 83194 21:0 66176
66180 56177 1:0 66193
66180 81505 1:0 66193
66180 81358 1:0 66193
66180 83064 21:0 66247
66181 325 1:0 66181
66182 315 1:0 66193
66183 83187 21:0 66183
66192 83206 21:0 66192
66194 81559 1:0 66229
66203 83207 21:0 66203
66229 327 1:0 66229
66230 81609 1:0 66250
66231 83211 21:0 66231
66236 83215 21:0 66236
66246 83066 21:0 66252
66251 83096 21:0 66257
66251 81608 1:0 66261
66252 83227 21:0 66252
66254 321 1:0 66254
66256 81598 1:0 66261
66256 83098 21:0 66266
66256 381 1:0 66259
66262 81607 1:0 66268
66265 81560 1:0 66272
66265 81395 1:0 66272
66265 83097 21:0 66274
66268 55660 1:0 66268
66269 55660 21:0 66269
66273 83099 21:0 66277
66273 81606 1:0 66279
66276 55694 1:0 66281
66276 55685 1:0 66281
66276 81473 1:0 66281
66276 55699 1:0 66281
66276 55696 1:0 66281
66276 83129 21:0 66286
66280 55672 1:0 66281
66281 81603 1:0 66281
66282 81576 1:0 66309
66285 81453 1:0 66309
66285 81320 1:0 66309
66285 83130 21:0 66346
66290 81604 1:0 66290
66307 81594 1:0 66309
66309 81583 1:0 66309
66309 55703 1:0 66309
66310 81574 1:0 66392
66319 81592 1:0 66319
66319 81589 1:0 66319
66345 81585 1:0 66345
66345 83131 21:0 66394
66393 83132 21:0 66397
66393 81575 1:0 66400
66396 56633 1:0 66403
66396 81307 1:0 66403
66396 83162 21:0 66408
66400 55717 21:0 66400
66404 81573 1:0 66410
66407 81254 1:0 66412
66407 55753 1:0 66412
66407 55751 1:0 66412
66407 55756 1:0 66412
66407 55742 1:0 66412
66407 83163 21:0 66414
66412 81570 1:0 66412
66412 55729 1:0 66412
66413 83164 21:0 66417
66413 81543 1:0 66440
66416 81296 1:0 66440
66416 81208 1:0 66440
66416 83165 21:0 66499
66438 81561 1:0 66440
66440 81550 1:0 66440
66440 55760 1:0 66440
66441 81541 1:0 66523
66476 81552 1:0 66476
66498 83195 21:0 66528
66503 81551 1:0 66503
66524 81542 1:0 66531
66527 81195 1:0 66534
66527 81288 1:0 66534
66527 83197 21:0 66536
66531 55774 21:0 66531
66535 81539 1:0 66535
66535 83196 21:0 66539
66535 81540 1:0 66541
66538 55810 1:0 66543
66538 55813 1:0 66543
66538 55808 1:0 66543
66538 55799 1:0 66543
66538 81301 1:0 66543
66538 83198 21:0 66548
66541 55778 1:0 66541
66543 81537 1:0 66543
66543 55786 1:0 66543
66544 81510 1:0 66571
66547 81295 1:0 66571
66547 81235 1:0 66571
66547 83228 21:0 66608
66552 81538 1:0 66552
66557 81532 1:0 66557
66569 81528 1:0 66571
66571 81517 1:0 66571
66571 55817 1:0 66571
66572 81527 1:0 66572
66572 81509 1:0 66654
66581 81525 1:0 66581
66581 81523 1:0 66581
66607 83229 21:0 66656
66655 83230 21:0 66659
66655 81508 1:0 66661
66657 267 1:0 66657
66658 81268 1:0 66665
66658 81294 1:0 66665
66658 83231 21:0 66670
66661 55831 1:0 66661
66666 81506 1:0 66666
66666 81507 1:0 66672
66668 269 1:0 66668
66669 82665 21:0 66670
66669 82653 21:0 66670
66669 81242 1:0 66674
66669 55865 1:0 66674
66669 55867 1:0 66674
66669 55856 1:0 66674
66669 55870 1:0 66674
66669 82654 21:0 66676
66674 55843 1:0 66674
66674 81504 1:0 66674
66675 82659 21:0 66676
66675 82666 21:0 66676
66675 82686 21:0 66679
66675 81477 1:0 66702
66677 265 1:0 66677
66678 82678 21:0 66679
66678 82692 21:0 66679
66678 81230 1:0 66702
66678 81229 1:0 66702
66678 82698 21:0 66704
66683 55838 21:0 66683
66688 81499 1:0 66688
66700 81495 1:0 66702
66702 81484 1:0 66702
66702 55874 1:0 66702
66703 81494 1:0 66703
66703 82683 21:0 66739
66703 81475 1:0 66785
66712 81490 1:0 66712
66712 81493 1:0 66712
66738 82672 21:0 66758
66757 82685 21:0 66761
66760 82687 21:0 66787
66770 81479 1:0 66770
66786 82699 21:0 66787
66786 82679 21:0 66787
66786 82711 21:0 66790
66786 81476 1:0 66793
66788 249 1:0 66788
66789 82712 21:0 66790
66789 82725 21:0 66790
66789 81226 1:0 66796
66789 81196 1:0 66796
66789 82718 21:0 66798
66793 55888 21:0 66793
66797 82731 21:0 66798
66797 82716 21:0 66798
66797 82784 21:0 66801
66797 81474 1:0 66803
66799 251 1:0 66799
66800 82764 21:0 66801
66800 82719 21:0 66801
66800 55924 1:0 66805
66800 55922 1:0 66805
66800 55913 1:0 66805
66800 55927 1:0 66805
66800 81281 1:0 66805
66800 82785 21:0 66807
66805 55900 1:0 66805
66805 81471 1:0 66805
66806 82753 21:0 66807
66806 82751 21:0 66807
66806 82786 21:0 66810
66806 81444 1:0 66833
66808 247 1:0 66808
66809 82758 21:0 66810
66809 82777 21:0 66810
66809 81176 1:0 66833
66809 81275 1:0 66833
66809 82765 21:0 66835
66813 55895 1:0 66813
66819 81466 1:0 66819
66831 81462 1:0 66833
66833 81451 1:0 66833
66833 55931 1:0 66833
66834 81461 1:0 66834
66834 82744 21:0 66870
66834 81443 1:0 66916
66843 81459 1:0 66843
66843 81457 1:0 66843
66869 82705 21:0 66889
66888 82771 21:0 66892
66891 82752 21:0 66918
66917 82778 21:0 66918
66917 82732 21:0 66918
66917 82738 21:0 66921
66917 81442 1:0 66923
66919 231 1:0 66919
66920 82745 21:0 66921
66920 82749 21:0 66921
66920 81308 1:0 66927
66920 81189 1:0 66927
66920 82791 21:0 66929
66928 81440 1:0 66928
66928 82815 21:0 66929
66928 82797 21:0 66929
66928 82831 21:0 66932
66928 81441 1:0 66934
66930 233 1:0 66930
66931 82824 21:0 66932
66931 82897 21:0 66932
66931 55970 1:0 66936
66931 81202 1:0 66936
66931 55984 1:0 66936
66931 55981 1:0 66936
66931 55979 1:0 66936
66931 82870 21:0 66938
66933 55957 1:0 66936
66934 55949 1:0 66934
66935 55949 21:0 66935
66936 81438 1:0 66936
66936 81222 1:0 66964
66936 81418 1:0 66964
66936 55988 1:0 66964
66936 81411 1:0 66964
66936 81292 1:0 66964
66936 81429 1:0 66964
66936 56036 1:0 67067
66936 56014 1:0 67067
66936 56038 1:0 67067
66936 81405 1:0 67067
66936 81396 1:0 67095
66936 56045 1:0 67095
66936 81385 1:0 67095
66936 56071 1:0 67198
66936 81372 1:0 67198
66936 56093 1:0 67198
66936 81352 1:0 67226
66936 56102 1:0 67226
66936 81363 1:0 67226
66936 56128 1:0 67329
66936 56159 1:0 67357
66937 82914 21:0 66938
66937 82851 21:0 66938
66937 82811 21:0 66941
66939 229 1:0 66939
66939 81262 1:0 67058
66940 82896 21:0 66941
66940 82916 21:0 66941
66940 82819 21:0 66966
66942 81410 1:0 67047
66942 81409 1:0 67054
66944 81193 1:0 67058
66947 81339 1:0 67329
66963 81408 1:0 67065
66965 82923 21:0 67001
66974 81426 1:0 66974
66974 81424 1:0 66974
66975 81259 1:0 67067
66975 56027 1:0 67067
66975 56041 1:0 67067
66975 56098 1:0 67198
67000 82837 21:0 67020
67019 82929 21:0 67023
67021 81378 1:0 67095
67022 82798 21:0 67049
67024 81197 1:0 67095
67024 56084 1:0 67198
67029 81215 1:0 67095
67032 81413 1:0 67032
67035 81330 1:0 67357
67036 81319 1:0 67357
67044 81228 1:0 67189
67045 81287 1:0 67189
67048 82843 21:0 67049
67048 82848 21:0 67049
67048 82782 21:0 67052
67050 213 1:0 67050
67051 82863 21:0 67052
67051 82864 21:0 67052
67051 82884 21:0 67060
67054 56002 1:0 67054
67055 56002 21:0 67055
67057 81376 1:0 67178
67058 81377 1:0 67186
67058 81221 1:0 67198
67059 81407 1:0 67059
67059 82720 21:0 67060
67059 82850 21:0 67060
67059 82909 21:0 67063
67061 215 1:0 67061
67061 81375 1:0 67196
67062 82903 21:0 67063
67062 82876 21:0 67063
67062 82877 21:0 67069
67064 56095 1:0 67198
67064 81263 1:0 67226
67064 81209 1:0 67226
67064 56150 1:0 67329
67064 56141 1:0 67329
67064 56155 1:0 67329
67064 56152 1:0 67329
67064 56185 1:0 67460
67064 81306 1:0 67460
67064 56216 1:0 67488
67064 56242 1:0 67591
67064 56273 1:0 67619
67065 56006 1:0 67065
67066 56006 21:0 67066
67067 81345 1:0 67226
67067 81344 1:0 67309
67068 82918 21:0 67069
67068 82818 21:0 67069
67068 82881 21:0 67072
67070 211 1:0 67070
67070 81248 1:0 67320
67070 81182 1:0 67320
67071 82852 21:0 67072
67071 82885 21:0 67072
67071 82810 21:0 67097
67073 81343 1:0 67316
67075 81342 1:0 67327
67076 81406 1:0 67076
67078 81274 1:0 67329
67081 81400 1:0 67081
67093 81261 1:0 67357
67094 81255 1:0 67357
67096 82890 21:0 67132
67105 81393 1:0 67105
67106 81312 1:0 67357
67111 56198 1:0 67460
67131 82857 21:0 67151
67147 56207 1:0 67460
67150 82817 21:0 67154
67153 82883 21:0 67180
67155 81310 1:0 67440
67160 81188 1:0 67451
67167 81297 1:0 67488
67175 81164 1:0 67451
67176 56209 1:0 67460
67176 56212 1:0 67460
67176 81286 1:0 67488
67176 81273 1:0 67591
67176 56255 1:0 67591
67176 56269 1:0 67591
67176 56264 1:0 67591
67176 56266 1:0 67591
67176 81264 1:0 67619
67176 81253 1:0 67619
67176 56299 1:0 67722
67176 81240 1:0 67722
67176 56330 1:0 67750
67176 81231 1:0 67750
67176 81220 1:0 67750
67176 81207 1:0 67853
67176 56356 1:0 67853
67176 81198 1:0 67881
67176 81187 1:0 67881
67176 56387 1:0 67881
67176 56413 1:0 67984
67176 81174 1:0 67984
67176 81154 1:0 68012
67176 81165 1:0 68012
67176 56444 1:0 68012
67176 56470 1:0 68115
67176 81141 1:0 68115
67176 56501 1:0 68143
67179 381 21:0 67180
67179 82917 21:0 67180
67179 83141 21:0 67183
67181 195 1:0 67181
67182 56009 21:0 67183
67182 83112 21:0 67183
67182 55781 21:0 67191
67188 81311 1:0 67448
67189 81309 1:0 67458
67189 81136 1:0 67460
67190 81374 1:0 67190
67190 82951 21:0 67191
67190 83181 21:0 67191
67190 83022 21:0 67194
67192 197 1:0 67192
67192 81279 1:0 67488
67193 82984 21:0 67194
67193 83049 21:0 67194
67193 83017 21:0 67200
67195 81155 1:0 67488
67195 81169 1:0 67488
67195 81110 1:0 67582
67196 56063 1:0 67196
67198 81278 1:0 67571
67198 81277 1:0 67578
67199 83121 21:0 67200
67199 83050 21:0 67200
67199 83062 21:0 67203
67201 193 1:0 67201
67201 81142 1:0 67582
67201 81175 1:0 67591
67202 83016 21:0 67203
67202 55831 21:0 67203
67202 56063 21:0 67228
67204 81276 1:0 67589
67206 56066 1:0 67206
67206 81246 1:0 67619
67209 81143 1:0 67619
67212 81367 1:0 67212
67224 81130 1:0 67619
67227 81362 1:0 67227
67227 82976 21:0 67253
67237 81245 1:0 67702
67252 82943 21:0 67282
67278 81149 1:0 67713
67281 55895 21:0 67285
67284 56066 21:0 67311
67286 81244 1:0 67709
67289 81353 1:0 67289
67291 81162 1:0 67713
67306 56326 1:0 67722
67306 56323 1:0 67722
67306 56312 1:0 67722
67306 56321 1:0 67722
67306 56380 1:0 67853
67306 56369 1:0 67853
67306 56378 1:0 67853
67307 81122 1:0 67722
67310 82947 21:0 67311
67310 83108 21:0 67311
67310 83145 21:0 67314
67312 177 1:0 67312
67313 83116 21:0 67314
67313 83149 21:0 67314
67313 83079 21:0 67322
67317 56116 21:0 67317
67319 81243 1:0 67720
67320 81213 1:0 67750
67320 81163 1:0 67750
67320 81089 1:0 67750
67320 81160 1:0 67844
67321 82995 21:0 67322
67321 83046 21:0 67322
67321 83167 21:0 67325
67323 179 1:0 67323
67323 81123 1:0 67844
67324 82982 21:0 67325
67324 82804 21:0 67325
67324 55945 21:0 67331
67326 81211 1:0 67833
67328 56120 21:0 67328
67329 81212 1:0 67841
67329 81210 1:0 67851
67330 83068 21:0 67331
67330 82844 21:0 67331
67330 56027 21:0 67331
67330 56041 21:0 67334
67332 175 1:0 67332
67332 56383 1:0 67853
67332 81127 1:0 67853
67332 81156 1:0 67881
67332 81129 1:0 67881
67333 56098 21:0 67334
67333 56084 21:0 67334
67333 82688 21:0 67334
67333 56095 21:0 67334
67333 56038 21:0 67334
67333 82754 21:0 67334
67333 55984 21:0 67334
67333 82942 21:0 67334
67333 56036 21:0 67334
67333 83051 21:0 67334
67333 55970 21:0 67334
67333 83107 21:0 67359
67335 81180 1:0 67881
67335 56437 1:0 67984
67335 56435 1:0 67984
67337 56123 1:0 67337
67338 56123 21:0 67338
67338 81340 1:0 67338
67355 81179 1:0 67964
67356 81116 1:0 67975
67356 81131 1:0 67975
67358 55927 21:0 67359
67358 55913 21:0 67359
67358 55856 21:0 67362
67361 82862 21:0 67362
67361 82829 21:0 67362
67361 55870 21:0 67362
67361 82697 21:0 67362
67361 82820 21:0 67362
67361 82985 21:0 67362
67361 82853 21:0 67362
67361 82721 21:0 67362
67361 82842 21:0 67362
67361 55813 21:0 67362
67361 83060 21:0 67362
67361 82895 21:0 67363
67362 82941 21:0 67363
67362 82994 21:0 67364
67363 83040 21:0 67364
67363 83027 21:0 67365
67364 82677 21:0 67365
67364 82763 21:0 67365
67364 83007 21:0 67365
67364 82961 21:0 67365
67364 82908 21:0 67365
67364 83073 21:0 67365
67364 56045 21:0 67365
67364 55957 21:0 67365
67364 82974 21:0 67365
67364 83093 21:0 67365
67364 83106 21:0 67365
67364 82875 21:0 67365
67364 83126 21:0 67365
67364 82796 21:0 67365
67364 82928 21:0 67365
67364 82743 21:0 67365
67364 82730 21:0 67365
67364 82710 21:0 67365
67364 82809 21:0 67365
67364 82776 21:0 67365
67365 56141 21:0 67397
67368 81178 1:0 67971
67393 81321 1:0 67393
67396 83018 21:0 67397
67396 82787 21:0 67397
67396 56093 21:0 67397
67396 82952 21:0 67397
67396 82886 21:0 67397
67396 82919 21:0 67397
67396 83084 21:0 67397
67396 55981 21:0 67397
67396 83117 21:0 67400
67399 56128 21:0 67400
67399 56102 21:0 67400
67399 83139 21:0 67400
67400 56150 21:0 67403
67402 55799 21:0 67406
67405 83150 21:0 67406
67405 55979 21:0 67406
67405 83183 21:0 67408
67407 83216 21:0 67408
67407 83159 21:0 67408
67407 83172 21:0 67409
67408 83192 21:0 67410
67409 83205 21:0 67410
67409 327 21:0 67410
67409 325 21:0 67410
67409 55672 21:0 67410
67409 55931 21:0 67410
67409 55760 21:0 67410
67409 55900 21:0 67410
67409 83225 21:0 67410
67409 55786 21:0 67410
67409 55729 21:0 67410
67409 55817 21:0 67410
67409 56071 21:0 67410
67409 55874 21:0 67410
67409 55988 21:0 67410
67409 55703 21:0 67410
67409 56014 21:0 67410
67409 55843 21:0 67410
67410 56152 21:0 67413
67412 83173 21:0 67416
67415 57 21:0 67416
67415 55742 21:0 67416
67415 165 21:0 67416
67415 55922 21:0 67416
67415 55924 21:0 67416
67415 129 21:0 67416
67415 289 21:0 67416
67415 273 21:0 67416
67415 309 21:0 67416
67415 307 21:0 67416
67415 291 21:0 67416
67415 255 21:0 67416
67415 55865 21:0 67416
67415 39 21:0 67416
67415 271 21:0 67416
67415 253 21:0 67416
67417 165 1:0 67460
67417 129 1:0 67722
67417 81177 1:0 67982
67417 57 1:0 68244
67420 56155 21:0 67442
67422 56440 1:0 67984
67422 56426 1:0 67984
67422 56492 1:0 68115
67422 56494 1:0 68115
67422 56497 1:0 68115
67422 81121 1:0 68143
67422 81132 1:0 68143
67422 56558 1:0 68244
67422 81099 1:0 68246
67422 56549 1:0 68246
67422 81108 1:0 68246
67422 56527 1:0 68246
67422 81088 1:0 68246
67422 81075 1:0 68377
67422 56584 1:0 68377
67422 39 1:0 68377
67422 56615 1:0 68405
67422 81055 1:0 68405
67422 81066 1:0 68405
67422 56641 1:0 68516
67422 21 1:0 68516
67422 81042 1:0 68516
67422 81033 1:0 68536
67422 56672 1:0 68598
67422 81022 1:0 68598
67422 19 1:0 68598
67422 54468 1:0 68617
67437 81094 1:0 67984
67438 56483 1:0 68115
67441 55721 21:0 67442
67441 83214 21:0 67442
67441 55667 21:0 67445
67443 159 1:0 67443
67444 83200 21:0 67445
67444 82996 21:0 67445
67444 56059 21:0 67453
67450 81147 1:0 68012
67451 81109 1:0 68012
67451 81097 1:0 68012
67451 81146 1:0 68095
67451 81090 1:0 68106
67452 55778 21:0 67453
67452 55835 21:0 67453
67452 55952 21:0 67456
67454 161 1:0 67454
67454 81096 1:0 68106
67455 83055 21:0 67456
67455 83226 21:0 67456
67455 83081 21:0 67462
67457 81145 1:0 68102
67459 56177 21:0 67459
67460 81144 1:0 68113
67460 81098 1:0 68115
67460 81083 1:0 68143
67460 81077 1:0 68143
67461 83213 21:0 67462
67461 321 21:0 67462
67461 83088 21:0 67465
67463 157 1:0 67463
67463 81114 1:0 68143
67464 83008 21:0 67465
67464 82969 21:0 67465
67464 83082 21:0 67490
67466 81112 1:0 68226
67468 56180 1:0 67468
67469 56180 21:0 67469
67471 81113 1:0 68234
67486 81103 1:0 68237
67487 81056 1:0 68237
67487 56540 1:0 68246
67487 56554 1:0 68246
67487 56551 1:0 68274
67487 56606 1:0 68377
67487 56608 1:0 68377
67489 83095 21:0 67493
67492 55810 21:0 67493
67492 55756 21:0 67493
67492 56159 21:0 67493
67492 55867 21:0 67493
67492 56185 21:0 67493
67496 56198 21:0 67528
67499 81111 1:0 68244
67527 55685 21:0 67534
67533 55699 21:0 67537
67536 56207 21:0 67537
67540 81050 1:0 68246
67541 56209 21:0 67544
67543 83101 21:0 67547
67546 55808 21:0 67547
67546 55694 21:0 67547
67546 55696 21:0 67547
67546 55751 21:0 67547
67546 55753 21:0 67547
67546 313 21:0 67547
67546 315 21:0 67547
67551 56212 21:0 67573
67553 81081 1:0 68274
67568 81076 1:0 68274
67569 56597 1:0 68377
67572 82962 21:0 67573
67572 55724 21:0 67573
67572 83127 21:0 67576
67574 141 1:0 67574
67575 83042 21:0 67576
67575 285 21:0 67576
67575 83148 21:0 67584
67578 56230 1:0 67578
67579 56230 21:0 67579
67581 81070 1:0 68274
67581 81061 1:0 68368
67581 81057 1:0 68368
67582 81079 1:0 68357
67582 81080 1:0 68365
67583 56173 21:0 67584
67583 83161 21:0 67584
67583 83174 21:0 67587
67585 143 1:0 67585
67585 81063 1:0 68377
67585 56611 1:0 68377
67585 56663 1:0 68511
67585 56654 1:0 68511
67585 9 1:0 68524
67586 281 21:0 67587
67586 311 21:0 67587
67586 293 21:0 67587
67586 317 21:0 67587
67586 261 21:0 67587
67586 275 21:0 67587
67586 241 21:0 67587
67586 297 21:0 67587
67586 259 21:0 67587
67586 243 21:0 67587
67586 299 21:0 67587
67586 295 21:0 67587
67586 279 21:0 67587
67586 277 21:0 67587
67586 257 21:0 67587
67586 263 21:0 67587
67586 239 21:0 67587
67586 56216 21:0 67587
67588 81078 1:0 68375
67590 56234 21:0 67593
67591 81048 1:0 68405
67591 81065 1:0 68405
67591 81064 1:0 68405
67592 55664 21:0 67593
67592 55892 21:0 67596
67594 139 1:0 67594
67594 81047 1:0 68488
67595 82980 21:0 67596
67595 245 21:0 67596
67595 82963 21:0 67596
67597 81046 1:0 68495
67597 81044 1:0 68499
67597 56636 1:0 68499
67599 56237 1:0 67599
67599 81028 1:0 68508
67600 56237 21:0 67600
67605 56242 21:0 67606
67606 83220 21:0 67624
67618 81045 1:0 68506
67627 56255 21:0 67659
67630 81032 1:0 68511
67630 81043 1:0 68511
67662 56264 21:0 67665
67671 81037 1:0 68521
67671 81030 1:0 68536
67672 56266 21:0 67675
67674 247 21:0 67678
67679 81031 1:0 68536
67682 56269 21:0 67704
67703 319 21:0 67704
67703 269 21:0 67704
67703 56273 21:0 67704
67705 123 1:0 67705
67709 56287 1:0 67709
67710 56287 21:0 67710
67712 7 1:0 68533
67712 81024 1:0 68571
67712 56665 1:0 68587
67712 5 1:0 68590
67712 81017 1:0 68590
67712 56668 1:0 68597
67712 81023 1:0 68598
67712 56686 1:0 68598
67712 3 1:0 68615
67712 241 1:0 69594
67713 269 1:0 69426
67713 319 1:0 69442
67713 82980 1:0 69447
67713 83220 1:0 69447
67713 247 1:0 69447
67713 82963 1:0 69452
67716 125 1:0 67716
67720 56291 1:0 67720
67721 56291 21:0 67721
67722 55664 1:0 69452
67722 55892 1:0 69452
67722 83174 1:0 69466
67722 56173 1:0 69466
67722 83161 1:0 69466
67722 83148 1:0 69502
67722 83042 1:0 69518
67722 55724 1:0 69523
67725 121 1:0 67725
67728 83127 1:0 69523
67728 285 1:0 69523
67728 82962 1:0 69528
67730 56294 1:0 67730
67730 83095 1:0 69542
67731 81241 1:0 67731
67731 56294 21:0 67755
67733 83101 1:0 69542
67748 56234 1:0 69542
67749 83082 1:0 69578
67754 56299 21:0 67755
67756 82969 1:0 69594
67758 56312 21:0 67790
67761 239 1:0 69585
67761 245 1:0 69585
67761 83088 1:0 69599
67793 56321 21:0 67796
67803 56323 21:0 67806
67813 56326 21:0 67835
67834 56330 21:0 67835
67836 105 1:0 67836
67841 56344 21:0 67841
67843 83008 1:0 69599
67847 107 1:0 67847
67852 56348 21:0 67852
67856 103 1:0 67856
67862 56351 21:0 67886
67885 56356 21:0 67886
67889 56369 21:0 67921
67924 56378 21:0 67927
67934 56380 21:0 67937
67944 56383 21:0 67966
67965 56387 21:0 67966
67967 87 1:0 67967
67972 56401 21:0 67977
67978 89 1:0 67978
67982 56405 1:0 67982
67983 56405 21:0 67986
67987 85 1:0 67987
67993 56408 21:0 68017
68016 56413 21:0 68017
68020 56426 21:0 68052
68055 56435 21:0 68058
68065 56437 21:0 68068
68075 56440 21:0 68097
68096 56444 21:0 68097
68098 69 1:0 68098
68102 56458 1:0 68102
68103 56458 21:0 68103
68109 71 1:0 68109
68114 56462 21:0 68117
68118 67 1:0 68118
68118 56462 1:0 69599
68124 56465 21:0 68148
68147 56470 21:0 68148
68151 56483 21:0 68183
68186 56492 21:0 68189
68196 56494 21:0 68199
68206 56497 21:0 68228
68227 56501 21:0 68228
68229 51 1:0 68229
68234 56515 21:0 68239
68240 53 1:0 68240
68240 56515 1:0 69528
68245 56519 21:0 68248
68249 49 1:0 68249
68254 56522 1:0 68254
68255 56522 21:0 68255
68260 56527 21:0 68261
68282 56540 21:0 68314
68317 56549 21:0 68320
68327 56551 21:0 68330
68337 56554 21:0 68359
68358 56558 21:0 68359
68360 33 1:0 68360
68364 56572 1:0 68364
68365 56572 21:0 68370
68371 35 1:0 68371
68376 56576 21:0 68379
68380 31 1:0 68380
68385 56579 1:0 68385
68386 56579 21:0 68410
68409 56584 21:0 68410
68413 56597 21:0 68445
68448 56606 21:0 68451
68458 56608 21:0 68461
68468 56611 21:0 68490
68489 56615 21:0 68490
68491 15 1:0 68491
68495 56629 1:0 68495
68496 56629 21:0 68501
68502 17 1:0 68502
68502 56629 1:0 69528
68507 56633 21:0 68510
68511 13 1:0 68511
68517 56636 21:0 68541
68540 56641 21:0 68541
68544 56654 21:0 68576
68579 56663 21:0 68582
68589 56665 21:0 68592
68599 56668 21:0 68628
68627 56672 21:0 68628
68628 84266 21:0 68629
68629 84267 21:0 68640
68639 54468 21:0 68640
68639 7 21:0 68640
68639 19 21:0 68640
68640 84268 21:0 68673
68672 3 21:0 68673
68672 9 21:0 68673
68672 84277 21:0 68673
68672 56686 21:0 68673
68672 5 21:0 68673
68673 11 21:0 68673
68675 84261 21:0 68684
68683 84272 21:0 68684
68683 84276 21:0 68684
68683 21 21:0 68684
68683 84286 21:0 68684
68684 13 21:0 68684
68686 84289 21:0 68694
68689 17 21:0 68689
68693 84291 21:0 68744
68694 15 21:0 68694
68708 23 21:0 68708
68712 25 21:0 68712
68743 84290 21:0 68760
68749 29 21:0 68749
68759 84292 21:0 68770
68760 31 21:0 68760
68765 35 21:0 68765
68769 84322 21:0 68820
68770 33 21:0 68770
68784 41 21:0 68784
68788 43 21:0 68788
68792 45 21:0 68792
68819 84324 21:0 68836
68825 47 21:0 68825
68835 84323 21:0 68846
68836 49 21:0 68836
68841 53 21:0 68841
68845 84325 21:0 68896
68846 51 21:0 68846
68860 59 21:0 68860
68864 61 21:0 68864
68868 63 21:0 68868
68895 84355 21:0 68912
68911 84356 21:0 68922
68912 67 21:0 68912
68917 71 21:0 68917
68921 84357 21:0 68972
68922 69 21:0 68922
68936 77 21:0 68936
68944 81 21:0 68944
68971 84358 21:0 68988
68977 83 21:0 68977
68987 84388 21:0 68998
68988 85 21:0 68988
68993 89 21:0 68993
68997 84390 21:0 69048
68998 87 21:0 68998
69012 95 21:0 69012
69016 97 21:0 69016
69020 99 21:0 69020
69047 84389 21:0 69064
69053 101 21:0 69053
69063 84391 21:0 69074
69064 103 21:0 69064
69069 107 21:0 69069
69073 84421 21:0 69115
69074 105 21:0 69074
69088 113 21:0 69088
69092 115 21:0 69092
69096 117 21:0 69096
69114 84423 21:0 69140
69129 119 21:0 69129
69139 84422 21:0 69150
69140 121 21:0 69140
69145 125 21:0 69145
69149 84424 21:0 69172
69150 123 21:0 69150
69164 131 21:0 69164
69168 133 21:0 69168
69171 84454 21:0 69216
69172 135 21:0 69172
69205 137 21:0 69205
69215 84456 21:0 69226
69216 139 21:0 69216
69221 143 21:0 69221
69221 84519 21:0 69221
69225 84455 21:0 69244
69226 141 21:0 69226
69228 84512 21:0 69228
69240 149 21:0 69240
69243 84457 21:0 69292
69244 151 21:0 69244
69248 153 21:0 69248
69276 84536 21:0 69276
69281 155 21:0 69281
69291 84487 21:0 69297
69292 157 21:0 69292
69296 84489 21:0 69320
69297 161 21:0 69297
69302 159 21:0 69302
69304 84545 21:0 69304
69316 167 21:0 69316
69319 84488 21:0 69368
69320 169 21:0 69320
69324 171 21:0 69324
69352 84571 21:0 69352
69352 84569 21:0 69352
69357 173 21:0 69357
69367 84490 21:0 69373
69368 175 21:0 69368
69372 84520 21:0 69392
69373 179 21:0 69373
69378 177 21:0 69378
69391 84522 21:0 69444
69392 185 21:0 69392
69396 187 21:0 69396
69400 189 21:0 69400
69400 84598 21:0 69400
69428 84604 21:0 69428
69433 191 21:0 69433
69435 84591 21:0 69435
69443 84521 21:0 69449
69444 193 21:0 69444
69448 84523 21:0 69468
69449 197 21:0 69449
69449 84618 21:0 69449
69454 195 21:0 69454
69465 84630 21:0 69465
69467 84553 21:0 69520
69468 203 21:0 69468
69472 205 21:0 69472
69476 207 21:0 69476
69504 84638 21:0 69504
69509 209 21:0 69509
69509 84639 21:0 69509
69511 84624 21:0 69511
69519 84555 21:0 69525
69520 211 21:0 69520
69524 84554 21:0 69544
69525 215 21:0 69525
69530 213 21:0 69530
69532 84644 21:0 69532
69543 84556 21:0 69596
69544 221 21:0 69544
69548 223 21:0 69548
69552 225 21:0 69552
69585 227 21:0 69585
69585 84672 21:0 69585
69587 84657 21:0 69587
69595 84586 21:0 69601
69596 229 21:0 69596
69600 83213 1:0 69604
69600 83081 1:0 69604
69600 321 1:0 69604
69600 84587 21:0 69620
69601 233 21:0 69601
69601 84684 21:0 69601
69605 56519 1:0 69618
69605 83226 1:0 69618
69605 56572 1:0 69618
69606 231 21:0 69606
69606 253 1:0 69606
69607 243 1:0 69618
69619 83055 1:0 69654
69619 84588 21:0 69672
69620 239 21:0 69620
69624 241 21:0 69624
69628 243 21:0 69628
69655 55952 1:0 69670
69656 84703 21:0 69656
69660 257 1:0 69661
69660 263 1:0 69661
69661 245 21:0 69661
69661 84705 21:0 69661
69661 255 1:0 69661
69662 261 1:0 69670
69671 55835 1:0 69675
69671 55778 1:0 69675
69671 56059 1:0 69675
69671 84589 21:0 69677
69672 247 21:0 69672
69676 82996 1:0 69680
69676 83200 1:0 69680
69676 56351 1:0 69680
69676 84619 21:0 69696
69677 251 21:0 69677
69681 55721 1:0 69694
69681 83214 1:0 69694
69681 55667 1:0 69694
69682 249 21:0 69682
69682 271 1:0 69682
69683 259 1:0 69694
69693 84729 21:0 69693
69695 83173 1:0 69730
69695 84621 21:0 69748
69696 257 21:0 69696
69700 259 21:0 69700
69704 261 21:0 69704
69704 84730 21:0 69704
69731 56408 1:0 69746
69732 84734 21:0 69732
69732 84736 21:0 69732
69736 275 1:0 69737
69736 281 1:0 69737
69737 263 21:0 69737
69737 273 1:0 69737
69738 279 1:0 69746
69739 84723 21:0 69739
69745 84749 21:0 69745
69747 82844 1:0 69751
69747 83107 1:0 69751
69747 82942 1:0 69751
69747 84620 21:0 69753
69748 265 21:0 69748
69752 55945 1:0 69756
69752 83068 1:0 69756
69752 82804 1:0 69756
69752 84622 21:0 69772
69753 269 21:0 69753
69757 82995 1:0 69770
69757 83167 1:0 69770
69757 82982 1:0 69770
69758 267 21:0 69758
69758 289 1:0 69758
69759 277 1:0 69770
69771 83046 1:0 69806
69771 84652 21:0 69824
69772 275 21:0 69772
69776 277 21:0 69776
69780 279 21:0 69780
69807 83079 1:0 69822
69808 84767 21:0 69808
69808 84769 21:0 69808
69812 299 1:0 69813
69812 293 1:0 69813
69813 281 21:0 69813
69813 291 1:0 69813
69814 295 1:0 69822
69823 83145 1:0 69827
69823 83149 1:0 69827
69823 83116 1:0 69827
69823 84653 21:0 69829
69824 283 21:0 69824
69828 82947 1:0 69832
69828 83108 1:0 69832
69828 56405 1:0 69832
69828 84654 21:0 69836
69829 287 21:0 69829
69833 56576 1:0 69846
69833 56579 1:0 69846
69833 56294 1:0 69846
69834 285 21:0 69834
69834 307 1:0 69834
69835 297 1:0 69846
69835 84655 21:0 69900
69847 56465 1:0 69882
69848 293 21:0 69848
69852 295 21:0 69852
69856 297 21:0 69856
69883 56066 1:0 69898
69884 84803 21:0 69884
69888 311 1:0 69889
69888 317 1:0 69889
69889 299 21:0 69889
69889 309 1:0 69889
69890 315 1:0 69898
69899 55895 1:0 69903
69899 82943 1:0 69903
69899 82976 1:0 69903
69899 84685 21:0 69905
69900 301 21:0 69900
69904 83016 1:0 69908
69904 56063 1:0 69908
69904 55831 1:0 69908
69904 84686 21:0 69910
69905 305 21:0 69905
69905 84816 21:0 69905
69909 83062 1:0 69922
69909 83121 1:0 69922
69909 83050 1:0 69922
69909 84687 21:0 69976
69910 303 21:0 69910
69910 325 1:0 69910
69911 313 1:0 69922
69921 84828 21:0 69921
69923 83017 1:0 69958
69924 311 21:0 69924
69928 313 21:0 69928
69932 315 21:0 69932
69946 407 21:0 69946
69958 327 1:0 69958
69959 83231 1:0 69979
69960 84835 21:0 69960
69960 84833 21:0 69960
69965 317 21:0 69965
69973 84842 21:0 69973
69975 84688 21:0 69981
69976 319 21:0 69976
69980 84718 21:0 69986
69980 83230 1:0 69990
69981 323 21:0 69981
69985 82984 1:0 69990
69985 84719 21:0 69995
69985 382 1:0 69988
69986 321 21:0 69986
69987 84842 1:0 69987
69988 84842 21:0 69988
69991 83229 1:0 69997
69993 321 1:0 69993
69993 84856 21:0 69993
69994 83022 1:0 70001
69994 83049 1:0 70001
69994 84720 21:0 70003
69996 84856 1:0 69996
69997 55660 1:0 69997
69998 55660 21:0 69998
70002 83227 1:0 70002
70002 84721 21:0 70006
70002 83228 1:0 70008
70004 323 1:0 70004
70005 55696 1:0 70010
70005 55699 1:0 70010
70005 55694 1:0 70010
70005 55685 1:0 70010
70005 82951 1:0 70010
70005 84751 21:0 70015
70009 55664 21:0 70009
70009 55672 1:0 70010
70010 83225 1:0 70010
70011 83198 1:0 70038
70013 319 1:0 70013
70014 55781 1:0 70038
70014 83181 1:0 70038
70014 84753 21:0 70075
70036 83216 1:0 70038
70038 55703 1:0 70038
70038 83205 1:0 70038
70039 83215 1:0 70039
70039 83196 1:0 70121
70041 317 1:0 70041
70048 83211 1:0 70048
70059 407 1:0 70059
70074 83207 1:0 70074
70074 84752 21:0 70123
70076 315 1:0 70076
70085 313 1:0 70085
70095 311 1:0 70095
70101 83206 1:0 70101
70122 84754 21:0 70126
70122 83197 1:0 70129
70124 303 1:0 70124
70125 56009 1:0 70132
70125 56401 1:0 70132
70125 84784 21:0 70137
70128 55717 1:0 70128
70133 83194 1:0 70133
70133 83195 1:0 70139
70135 305 1:0 70135
70136 55751 1:0 70141
70136 55756 1:0 70141
70136 83112 1:0 70141
70136 55742 1:0 70141
70136 55753 1:0 70141
70136 84785 21:0 70143
70141 83192 1:0 70141
70141 55729 1:0 70141
70142 84786 21:0 70146
70142 83165 1:0 70169
70144 301 1:0 70144
70145 56633 1:0 70169
70145 83141 1:0 70169
70145 84787 21:0 70228
70150 55724 21:0 70150
70150 83193 1:0 70150
70155 83187 1:0 70155
70167 83183 1:0 70169
70169 55760 1:0 70169
70169 83172 1:0 70169
70170 83182 1:0 70170
70170 83164 1:0 70252
70172 299 1:0 70172
70179 83178 1:0 70179
70179 83180 1:0 70179
70207 297 1:0 70207
70216 295 1:0 70216
70226 293 1:0 70226
70227 84817 21:0 70257
70253 83163 1:0 70259
70255 285 1:0 70255
70256 82883 1:0 70263
70256 82917 1:0 70263
70256 84819 21:0 70265
70259 55774 1:0 70259
70260 55774 21:0 70260
70264 84818 21:0 70268
70264 83162 1:0 70270
70266 287 1:0 70266
70267 55799 1:0 70272
70267 55810 1:0 70272
70267 55808 1:0 70272
70267 82817 1:0 70272
70267 55813 1:0 70272
70267 84820 21:0 70277
70272 83159 1:0 70272
70272 55786 1:0 70272
70273 83132 1:0 70300
70275 283 1:0 70275
70276 82857 1:0 70300
70276 82890 1:0 70300
70276 84850 21:0 70337
70281 83160 1:0 70281
70286 83154 1:0 70286
70298 83150 1:0 70300
70300 55817 1:0 70300
70300 83139 1:0 70300
70301 83131 1:0 70383
70303 281 1:0 70303
70310 83147 1:0 70310
70336 84851 21:0 70385
70338 279 1:0 70338
70347 277 1:0 70347
70357 275 1:0 70357
70363 83140 1:0 70363
70368 83134 1:0 70368
70384 84852 21:0 70388
70384 83130 1:0 70390
70386 267 1:0 70386
70387 82885 1:0 70394
70387 82810 1:0 70394
70387 84853 21:0 70399
70395 83128 1:0 70395
70395 83129 1:0 70401
70397 269 1:0 70397
70398 84287 21:0 70399
70398 84274 21:0 70399
70398 55865 1:0 70403
70398 55867 1:0 70403
70398 55870 1:0 70403
70398 82852 1:0 70403
70398 55856 1:0 70403
70398 84275 21:0 70405
70403 55843 1:0 70403
70403 83126 1:0 70403
70404 84288 21:0 70405
70404 84281 21:0 70405
70404 84308 21:0 70408
70404 83099 1:0 70431
70406 265 1:0 70406
70407 84294 21:0 70408
70407 84300 21:0 70408
70407 82881 1:0 70431
70407 82818 1:0 70431
70407 84301 21:0 70433
70411 55838 1:0 70411
70412 55838 21:0 70412
70429 83117 1:0 70431
70431 83106 1:0 70431
70431 55874 1:0 70431
70432 84309 21:0 70468
70432 83097 1:0 70514
70434 263 1:0 70434
70441 83114 1:0 70441
70441 83115 1:0 70441
70467 84314 21:0 70487
70469 261 1:0 70469
70478 259 1:0 70478
70486 84320 21:0 70490
70488 257 1:0 70488
70489 84307 21:0 70516
70515 84305 21:0 70516
70515 84327 21:0 70516
70515 84354 21:0 70519
70515 83098 1:0 70522
70517 249 1:0 70517
70518 84347 21:0 70519
70518 84353 21:0 70519
70518 82877 1:0 70525
70518 82918 1:0 70525
70518 84340 21:0 70527
70521 55888 1:0 70521
70526 84321 21:0 70527
70526 84333 21:0 70527
70526 84342 21:0 70530
70526 83096 1:0 70532
70528 251 1:0 70528
70529 84338 21:0 70530
70529 84334 21:0 70530
70529 55913 1:0 70534
70529 55924 1:0 70534
70529 82876 1:0 70534
70529 55927 1:0 70534
70529 55922 1:0 70534
70529 84341 21:0 70536
70534 55900 1:0 70534
70534 83093 1:0 70534
70535 84432 21:0 70536
70535 84408 21:0 70536
70535 84393 21:0 70539
70535 83066 1:0 70562
70537 247 1:0 70537
70538 84433 21:0 70539
70538 84406 21:0 70539
70538 82903 1:0 70562
70538 82909 1:0 70562
70538 84366 21:0 70564
70543 83094 1:0 70543
70560 83084 1:0 70562
70562 83073 1:0 70562
70562 55931 1:0 70562
70563 83083 1:0 70563
70563 84375 21:0 70599
70563 83064 1:0 70645
70565 245 1:0 70565
70598 83075 1:0 70598
70598 84399 21:0 70618
70600 243 1:0 70600
70609 241 1:0 70609
70617 84452 21:0 70621
70619 239 1:0 70619
70620 84374 21:0 70647
70625 83074 1:0 70625
70646 84505 21:0 70647
70646 84371 21:0 70647
70646 84439 21:0 70650
70646 83065 1:0 70653
70648 231 1:0 70648
70649 84472 21:0 70650
70649 84419 21:0 70650
70649 82850 1:0 70656
70649 82720 1:0 70656
70649 84470 21:0 70658
70657 84453 21:0 70658
70657 84404 21:0 70658
70657 84386 21:0 70661
70657 83063 1:0 70663
70659 233 1:0 70659
70660 84473 21:0 70661
70660 84413 21:0 70661
70660 55979 1:0 70665
70660 55981 1:0 70665
70660 82884 1:0 70665
70660 55970 1:0 70665
70660 55984 1:0 70665
70660 84492 21:0 70667
70663 55949 1:0 70663
70665 83060 1:0 70665
70665 55957 1:0 70665
70665 82863 1:0 70693
70665 83040 1:0 70693
70665 55988 1:0 70693
70665 83051 1:0 70693
70665 82864 1:0 70693
70665 83033 1:0 70693
70665 56014 1:0 70796
70665 83027 1:0 70796
70665 56036 1:0 70796
70665 56038 1:0 70796
70665 83018 1:0 70824
70665 56045 1:0 70824
70665 83007 1:0 70824
70665 82994 1:0 70927
70665 56071 1:0 70927
70665 56093 1:0 70927
70665 82985 1:0 70955
70665 56102 1:0 70955
70665 82974 1:0 70955
70665 56128 1:0 71058
70665 56159 1:0 71086
70666 84466 21:0 70667
70666 84373 21:0 70667
70666 84437 21:0 70670
70668 229 1:0 70668
70668 82848 1:0 70787
70669 84360 21:0 70670
70669 84507 21:0 70670
70669 84407 21:0 70695
70671 83032 1:0 70776
70671 83031 1:0 70783
70673 82782 1:0 70787
70674 55952 21:0 70674
70674 83061 1:0 70674
70676 82961 1:0 71058
70692 83030 1:0 70794
70694 84426 21:0 70730
70696 227 1:0 70696
70703 83048 1:0 70703
70704 82843 1:0 70796
70704 56041 1:0 70796
70704 56027 1:0 70796
70704 56095 1:0 70927
70704 56152 1:0 71058
70704 56150 1:0 71058
70704 82952 1:0 71086
70704 82941 1:0 71086
70729 84380 21:0 70749
70731 225 1:0 70731
70740 223 1:0 70740
70748 84506 21:0 70752
70750 221 1:0 70750
70750 83000 1:0 70824
70751 84479 21:0 70778
70753 82929 1:0 70824
70753 56098 1:0 70927
70756 83041 1:0 70756
70758 82798 1:0 70824
70761 83035 1:0 70761
70765 56207 1:0 71189
70773 82923 1:0 70918
70774 82837 1:0 70918
70777 84503 21:0 70778
70777 84474 21:0 70778
70777 84499 21:0 70781
70779 213 1:0 70779
70780 84400 21:0 70781
70780 84367 21:0 70781
70780 84420 21:0 70789
70783 56002 1:0 70783
70786 82999 1:0 70907
70787 82998 1:0 70914
70787 82819 1:0 70927
70788 83029 1:0 70788
70788 84498 21:0 70789
70788 84441 21:0 70789
70788 84446 21:0 70792
70790 215 1:0 70790
70790 82997 1:0 70925
70791 84465 21:0 70792
70791 84440 21:0 70792
70791 84459 21:0 70798
70793 56084 1:0 70927
70793 82916 1:0 70955
70793 82896 1:0 70955
70793 56141 1:0 71058
70793 56155 1:0 71058
70793 56185 1:0 71189
70793 82928 1:0 71189
70793 82908 1:0 71217
70793 56216 1:0 71217
70793 82895 1:0 71320
70793 56242 1:0 71320
70793 56273 1:0 71348
70793 82875 1:0 71348
70793 82862 1:0 71451
70793 56299 1:0 71451
70793 56330 1:0 71479
70793 82842 1:0 71479
70793 82829 1:0 71582
70793 56356 1:0 71582
70793 82809 1:0 71610
70793 56387 1:0 71610
70793 82796 1:0 71713
70793 56413 1:0 71713
70793 56444 1:0 71741
70793 82776 1:0 71741
70793 56470 1:0 71844
70793 82763 1:0 71844
70793 56501 1:0 71872
70793 82743 1:0 71872
70793 82730 1:0 71975
70793 56527 1:0 71975
70793 82710 1:0 72003
70793 56558 1:0 72003
70793 56584 1:0 72106
70793 82697 1:0 72106
70793 82677 1:0 72134
70793 56615 1:0 72134
70793 82664 1:0 72245
70793 56641 1:0 72245
70793 21 1:0 72245
70793 19 1:0 72328
70793 56672 1:0 72331
70793 82644 1:0 72332
70794 56006 1:0 70794
70796 82967 1:0 70955
70796 82966 1:0 71038
70797 84486 21:0 70798
70797 84485 21:0 70798
70797 84387 21:0 70801
70799 211 1:0 70799
70799 82811 1:0 71049
70799 82914 1:0 71049
70800 84795 21:0 70801
70800 84815 21:0 70801
70800 84800 21:0 70826
70802 82965 1:0 71045
70804 82964 1:0 71056
70805 56009 21:0 70805
70805 83028 1:0 70805
70807 82851 1:0 71058
70822 82870 1:0 71086
70823 82897 1:0 71086
70825 84804 21:0 70861
70827 209 1:0 70827
70834 83015 1:0 70834
70834 83013 1:0 70834
70835 82934 1:0 71086
70840 56209 1:0 71189
70840 82919 1:0 71217
70840 56264 1:0 71320
70840 82886 1:0 71348
70840 82853 1:0 71479
70840 82820 1:0 71610
70840 82787 1:0 71741
70840 82754 1:0 71872
70840 82721 1:0 72003
70860 83009 1:0 70860
70860 84802 21:0 70880
70862 207 1:0 70862
70871 205 1:0 70871
70876 56266 1:0 71320
70879 84809 21:0 70883
70881 203 1:0 70881
70882 84611 21:0 70909
70884 82933 1:0 71169
70889 82831 1:0 71180
70892 83002 1:0 70892
70904 82824 1:0 71180
70905 82797 1:0 71189
70908 84584 21:0 70909
70908 84597 21:0 70909
70908 84606 21:0 70912
70910 195 1:0 70910
70911 84532 21:0 70912
70911 84651 21:0 70912
70911 84750 21:0 70920
70917 82932 1:0 71176
70918 82931 1:0 71187
70918 56212 1:0 71189
70918 56198 1:0 71189
70918 56255 1:0 71320
70918 56269 1:0 71320
70919 84538 21:0 70920
70919 84518 21:0 70920
70919 382 21:0 70923
70921 197 1:0 70921
70921 82901 1:0 71217
70922 84737 21:0 70923
70922 55721 21:0 70923
70922 84710 21:0 70929
70924 82791 1:0 71217
70924 82815 1:0 71217
70924 82749 1:0 71311
70927 82899 1:0 71300
70927 82900 1:0 71308
70928 84525 21:0 70929
70928 84738 21:0 70929
70928 55835 21:0 70932
70930 193 1:0 70930
70930 82745 1:0 71311
70930 82738 1:0 71320
70931 84558 21:0 70932
70931 84605 21:0 70932
70931 84704 21:0 70957
70933 82898 1:0 71318
70935 82868 1:0 71348
70936 56066 21:0 70936
70938 82732 1:0 71348
70941 82989 1:0 70941
70953 82778 1:0 71348
70956 84697 21:0 70978
70958 191 1:0 70958
70965 82983 1:0 70965
70966 82867 1:0 71431
70977 56059 21:0 71011
70993 189 1:0 70993
71002 187 1:0 71002
71007 82771 1:0 71442
71010 84743 21:0 71014
71012 185 1:0 71012
71013 55667 21:0 71040
71015 82866 1:0 71438
71018 82975 1:0 71018
71020 82752 1:0 71442
71035 82705 1:0 71451
71036 56326 1:0 71451
71036 56312 1:0 71451
71036 56323 1:0 71451
71036 56321 1:0 71451
71036 56369 1:0 71582
71036 56380 1:0 71582
71036 56378 1:0 71582
71039 84551 21:0 71040
71039 84663 21:0 71040
71039 84756 21:0 71043
71041 177 1:0 71041
71042 84701 21:0 71043
71042 84670 21:0 71043
71042 55781 21:0 71051
71045 56116 1:0 71045
71048 82865 1:0 71449
71049 82765 1:0 71479
71049 82744 1:0 71479
71049 82835 1:0 71479
71049 82758 1:0 71573
71050 84789 21:0 71051
71050 84849 21:0 71051
71050 84631 21:0 71054
71052 179 1:0 71052
71052 82777 1:0 71573
71053 84683 21:0 71054
71053 84602 21:0 71054
71053 55831 21:0 71060
71055 82833 1:0 71562
71056 56120 1:0 71056
71057 56120 21:0 71057
71058 82834 1:0 71570
71058 82832 1:0 71580
71059 84573 21:0 71060
71059 84664 21:0 71060
71059 84782 21:0 71063
71061 175 1:0 71061
71061 82786 1:0 71582
71061 56383 1:0 71582
71061 82753 1:0 71610
71061 56437 1:0 71713
71062 84671 21:0 71063
71062 56041 21:0 71063
71062 84668 21:0 71063
71062 84574 21:0 71063
71062 84409 21:0 71063
71062 84508 21:0 71063
71062 84310 21:0 71063
71062 84673 21:0 71063
71062 84376 21:0 71065
71064 84442 21:0 71065
71064 84640 21:0 71067
71064 82751 1:0 71610
71064 82802 1:0 71610
71066 56123 1:0 71066
71066 84682 21:0 71067
71066 84385 21:0 71067
71066 84530 21:0 71067
71066 84352 21:0 71067
71066 84649 21:0 71067
71066 84418 21:0 71067
71066 84319 21:0 71067
71066 84550 21:0 71067
71066 84464 21:0 71067
71066 84583 21:0 71067
71066 84398 21:0 71067
71066 84629 21:0 71067
71066 84332 21:0 71067
71066 84616 21:0 71067
71066 84484 21:0 71067
71066 84365 21:0 71067
71066 84662 21:0 71067
71066 84497 21:0 71067
71066 84451 21:0 71067
71066 84299 21:0 71067
71066 84431 21:0 71067
71066 84715 21:0 71067
71066 56014 21:0 71067
71066 56071 21:0 71067
71066 56102 21:0 71067
71066 84517 21:0 71067
71066 84596 21:0 71067
71066 84563 21:0 71067
71066 84695 21:0 71067
71066 84541 21:0 71067
71067 56123 21:0 71091
71069 82800 1:0 71693
71072 82956 1:0 71072
71084 82785 1:0 71704
71085 56435 1:0 71713
71089 173 1:0 71089
71090 84635 21:0 71126
71096 82949 1:0 71096
71096 82950 1:0 71096
71097 82801 1:0 71701
71102 82764 1:0 71704
71124 171 1:0 71124
71125 56141 21:0 71132
71131 56098 21:0 71137
71133 169 1:0 71133
71136 84781 21:0 71137
71136 84728 21:0 71137
71136 84794 21:0 71137
71136 84748 21:0 71137
71136 84814 21:0 71137
71136 84761 21:0 71137
71136 84827 21:0 71138
71137 84847 21:0 71139
71138 55817 21:0 71139
71138 307 21:0 71139
71138 273 21:0 71139
71138 55874 21:0 71139
71138 55900 21:0 71139
71138 271 21:0 71139
71138 55786 21:0 71139
71138 289 21:0 71139
71138 55957 21:0 71139
71138 55672 21:0 71139
71138 55703 21:0 71139
71138 309 21:0 71139
71138 325 21:0 71139
71138 56128 21:0 71139
71138 291 21:0 71139
71138 55988 21:0 71139
71138 55729 21:0 71139
71138 55760 21:0 71139
71138 56045 21:0 71139
71138 55931 21:0 71139
71138 327 21:0 71139
71138 55843 21:0 71139
71138 255 21:0 71139
71139 56152 21:0 71142
71141 56084 21:0 71142
71141 56027 21:0 71142
71141 55984 21:0 71145
71143 167 1:0 71143
71144 55927 21:0 71145
71144 84343 21:0 71145
71144 56038 21:0 71145
71144 55970 21:0 71145
71144 56036 21:0 71145
71144 56095 21:0 71145
71144 84607 21:0 71147
71146 57 21:0 71147
71146 39 21:0 71147
71146 84475 21:0 71147
71146 37 21:0 71147
71146 147 21:0 71147
71146 253 21:0 71147
71146 82799 1:0 71711
71148 147 1:0 71320
71148 57 1:0 71975
71148 39 1:0 72106
71148 37 1:0 72134
71149 56155 21:0 71171
71151 56426 1:0 71713
71151 56440 1:0 71713
71151 56492 1:0 71844
71151 56497 1:0 71844
71151 56494 1:0 71844
71151 56551 1:0 71975
71151 56549 1:0 71975
71154 82936 1:0 71154
71166 82719 1:0 71713
71167 82731 1:0 71741
71170 269 21:0 71171
71170 303 21:0 71171
71170 55913 21:0 71171
71170 55870 21:0 71171
71170 55856 21:0 71171
71170 84717 21:0 71174
71172 159 1:0 71172
71173 84564 21:0 71174
71173 84822 21:0 71174
71173 55888 21:0 71182
71177 56173 21:0 71177
71179 82769 1:0 71741
71180 82784 1:0 71741
71180 82767 1:0 71824
71181 82930 1:0 71181
71181 55756 21:0 71182
71181 84578 21:0 71182
71181 55742 21:0 71182
71181 55813 21:0 71182
71181 55799 21:0 71182
71181 55685 21:0 71185
71183 161 1:0 71183
71183 82768 1:0 71832
71184 84706 21:0 71185
71184 84772 21:0 71185
71184 55979 21:0 71185
71184 55981 21:0 71185
71184 56150 21:0 71185
71184 84540 21:0 71185
71184 55922 21:0 71185
71184 55924 21:0 71185
71184 84739 21:0 71185
71184 56093 21:0 71185
71184 84837 21:0 71185
71184 55699 21:0 71185
71184 55865 21:0 71185
71184 55867 21:0 71185
71184 55808 21:0 71188
71186 82716 1:0 71835
71186 82718 1:0 71835
71186 82725 1:0 71844
71186 82688 1:0 72134
71186 82655 1:0 72265
71187 56177 1:0 71187
71187 56159 21:0 71188
71188 56177 21:0 71191
71189 82766 1:0 71842
71189 56483 1:0 71844
71189 82711 1:0 71872
71189 56540 1:0 71975
71189 56554 1:0 71975
71189 54468 1:0 72332
71190 84572 21:0 71191
71190 319 21:0 71194
71192 157 1:0 71192
71192 82736 1:0 71872
71193 315 21:0 71194
71193 55751 21:0 71194
71193 55753 21:0 71194
71193 313 21:0 71194
71193 297 21:0 71194
71193 55810 21:0 71194
71193 311 21:0 71194
71193 84838 21:0 71194
71193 84805 21:0 71194
71193 55694 21:0 71194
71193 55696 21:0 71194
71193 84848 21:0 71194
71193 84539 21:0 71194
71193 295 21:0 71194
71193 279 21:0 71198
71195 82712 1:0 71872
71195 82735 1:0 71955
71197 56180 1:0 71197
71198 56180 21:0 71222
71200 82734 1:0 71962
71215 82679 1:0 71966
71216 82699 1:0 71966
71220 155 1:0 71220
71221 56185 21:0 71222
71221 259 21:0 71222
71221 317 21:0 71222
71221 299 21:0 71222
71221 277 21:0 71222
71225 56198 21:0 71257
71228 82733 1:0 71973
71253 82910 1:0 71253
71255 153 1:0 71255
71256 84696 21:0 71273
71264 151 1:0 71264
71269 82687 1:0 71975
71269 56606 1:0 72106
71269 56608 1:0 72106
71272 84617 21:0 71276
71274 149 1:0 71274
71275 56209 21:0 71276
71280 56212 21:0 71302
71282 82703 1:0 72003
71297 82685 1:0 72003
71298 56597 1:0 72106
71301 84716 21:0 71302
71301 56002 21:0 71302
71301 84552 21:0 71305
71303 141 1:0 71303
71304 84836 21:0 71305
71304 84776 21:0 71305
71304 84531 21:0 71313
71307 56230 1:0 71307
71310 82672 1:0 72003
71310 82698 1:0 72097
71310 82683 1:0 72097
71311 82701 1:0 72086
71311 82702 1:0 72094
71312 55949 21:0 71313
71312 265 21:0 71313
71312 84771 21:0 71316
71314 143 1:0 71314
71314 82692 1:0 72106
71314 56611 1:0 72106
71314 56663 1:0 72240
71314 56654 1:0 72240
71315 275 21:0 71316
71315 84637 21:0 71316
71315 293 21:0 71316
71315 56230 21:0 71316
71315 56207 21:0 71316
71315 281 21:0 71316
71315 56216 21:0 71316
71317 82700 1:0 72104
71319 56234 21:0 71322
71320 82670 1:0 72134
71320 82686 1:0 72134
71320 82678 1:0 72134
71321 84585 21:0 71322
71321 55778 21:0 71325
71323 139 1:0 71323
71323 82668 1:0 72217
71324 287 21:0 71325
71324 56063 21:0 71325
71324 84650 21:0 71343
71326 82669 1:0 72225
71326 56636 1:0 72228
71326 82666 1:0 72228
71328 56237 1:0 71328
71329 56237 21:0 71329
71342 84690 21:0 71353
71346 82667 1:0 72235
71347 82659 1:0 72237
71347 82654 1:0 72240
71351 137 1:0 71351
71352 257 21:0 71353
71352 263 21:0 71353
71352 261 21:0 71353
71352 56242 21:0 71353
71356 56255 21:0 71388
71359 82653 1:0 72240
71359 82665 1:0 72245
71359 82650 1:0 72265
71386 135 1:0 71386
71387 84783 21:0 71404
71395 133 1:0 71395
71400 9 1:0 72253
71400 7 1:0 72262
71400 82652 1:0 72265
71400 56665 1:0 72316
71400 5 1:0 72319
71400 56668 1:0 72326
71400 56686 1:0 72332
71403 84762 21:0 71407
71405 131 1:0 71405
71405 82646 1:0 72300
71406 56266 21:0 71407
71408 82639 1:0 72319
71408 3 1:0 72348
71411 56269 21:0 71433
71413 82645 1:0 72327
71432 84677 21:0 71433
71432 84565 21:0 71433
71432 84796 21:0 71436
71434 123 1:0 71434
71435 56116 21:0 71436
71435 55892 21:0 71436
71435 84763 21:0 71444
71437 56116 1:0 73119
71438 56287 1:0 71438
71439 56287 21:0 71439
71441 55892 1:0 73119
71441 84796 1:0 73155
71441 84677 1:0 73171
71441 84762 1:0 73176
71442 84783 1:0 73176
71442 84565 1:0 73176
71442 84650 1:0 73181
71442 84690 1:0 73181
71442 287 1:0 73195
71442 55778 1:0 73195
71443 84770 21:0 71444
71443 56006 21:0 71444
71443 55717 21:0 71447
71445 125 1:0 71445
71445 56006 1:0 73105
71445 84770 1:0 73105
71445 84763 1:0 73119
71446 241 21:0 71447
71446 55945 21:0 71447
71446 305 21:0 71447
71446 56264 21:0 71447
71446 243 21:0 71447
71446 56273 21:0 71447
71446 249 21:0 71453
71448 305 1:0 73100
71448 55945 1:0 73100
71448 55717 1:0 73100
71448 243 1:0 73323
71449 56291 1:0 71449
71450 56291 21:0 71450
71451 56063 1:0 73195
71451 84585 1:0 73231
71451 84637 1:0 73247
71451 84771 1:0 73252
71451 56230 1:0 73252
71451 55949 1:0 73257
71451 265 1:0 73257
71451 84776 1:0 73271
71452 84829 21:0 71453
71452 55895 21:0 71453
71452 285 21:0 71456
71454 121 1:0 71454
71454 55895 1:0 73043
71454 84829 1:0 73079
71454 249 1:0 73095
71455 245 21:0 71456
71455 231 21:0 71456
71455 79 21:0 71456
71455 27 21:0 71456
71455 267 21:0 71456
71457 79 1:0 71713
71457 27 1:0 72104
71457 231 1:0 73029
71457 285 1:0 73043
71457 267 1:0 73043
71457 84836 1:0 73271
71457 84531 1:0 73271
71457 84552 1:0 73307
71457 245 1:0 73314
71459 56002 1:0 73323
71460 56294 21:0 71484
71462 84696 1:0 73328
71477 84617 1:0 73328
71478 84716 1:0 73328
71482 119 1:0 71482
71483 56299 21:0 71484
71483 65 21:0 71484
71485 65 1:0 71842
71487 56312 21:0 71519
71517 117 1:0 71517
71522 56321 21:0 71525
71526 115 1:0 71526
71532 56323 21:0 71535
71534 251 21:0 71538
71536 113 1:0 71536
71539 251 1:0 73029
71542 56326 21:0 71564
71563 56330 21:0 71564
71563 301 21:0 71564
71563 321 21:0 71564
71565 105 1:0 71565
71565 321 1:0 73024
71565 301 1:0 73029
71569 56344 1:0 71569
71570 56344 21:0 71575
71576 107 1:0 71576
71576 56344 1:0 73181
71580 56348 1:0 71580
71581 56348 21:0 71584
71585 103 1:0 71585
71591 82830 1:0 71591
71591 56351 21:0 71615
71613 101 1:0 71613
71614 56356 21:0 71615
71616 56351 1:0 73252
71618 56369 21:0 71650
71648 99 1:0 71648
71653 56378 21:0 71656
71657 97 1:0 71657
71663 56380 21:0 71666
71667 95 1:0 71667
71673 56383 21:0 71695
71694 56387 21:0 71695
71696 87 1:0 71696
71701 56401 21:0 71701
71707 89 1:0 71707
71712 56405 21:0 71715
71716 85 1:0 71716
71716 56405 1:0 73105
71722 56408 21:0 71722
71727 56413 21:0 71728
71744 83 1:0 71744
71749 56426 21:0 71781
71779 81 1:0 71779
71784 56435 21:0 71787
71794 56437 21:0 71797
71798 77 1:0 71798
71804 56440 21:0 71826
71825 56444 21:0 71826
71827 69 1:0 71827
71831 56458 1:0 71831
71832 56458 21:0 71837
71838 71 1:0 71838
71843 56462 21:0 71843
71847 67 1:0 71847
71853 56465 21:0 71877
71876 56470 21:0 71877
71880 56483 21:0 71912
71910 63 1:0 71910
71915 56492 21:0 71918
71919 61 1:0 71919
71925 56494 21:0 71928
71929 59 1:0 71929
71935 56497 21:0 71957
71956 56501 21:0 71957
71958 51 1:0 71958
71963 56515 21:0 71963
71969 53 1:0 71969
71974 56519 21:0 71974
71978 49 1:0 71978
71983 56522 1:0 71983
71984 56522 21:0 71984
71989 56527 21:0 71990
72006 47 1:0 72006
72011 56540 21:0 72043
72041 45 1:0 72041
72046 56549 21:0 72049
72050 43 1:0 72050
72056 56551 21:0 72059
72060 41 1:0 72060
72066 56554 21:0 72088
72087 56558 21:0 72088
72089 33 1:0 72089
72094 56572 21:0 72099
72100 35 1:0 72100
72105 56576 21:0 72105
72109 31 1:0 72109
72115 56579 21:0 72139
72137 29 1:0 72137
72138 56584 21:0 72139
72140 56579 1:0 73257
72142 56597 21:0 72174
72177 56606 21:0 72180
72181 25 1:0 72181
72187 56608 21:0 72190
72191 23 1:0 72191
72197 56611 21:0 72219
72218 56615 21:0 72219
72220 15 1:0 72220
72225 56629 21:0 72230
72231 17 1:0 72231
72236 56633 21:0 72239
72240 13 1:0 72240
72246 56636 21:0 72270
72268 11 1:0 72268
72269 56641 21:0 72270
72273 56654 21:0 72305
72308 56663 21:0 72311
72318 56665 21:0 72321
72328 56668 21:0 72357
72356 56672 21:0 72357
72357 85888 21:0 72358
72358 85889 21:0 72369
72368 3 21:0 72369
72368 54468 21:0 72369
72368 19 21:0 72369
72369 85890 21:0 72402
72401 7 21:0 72402
72401 9 21:0 72402
72401 56686 21:0 72402
72401 5 21:0 72402
72401 85899 21:0 72402
72404 85883 21:0 72413
72412 21 21:0 72413
72412 85908 21:0 72413
72412 85896 21:0 72413
72412 85909 21:0 72413
72413 13 21:0 72413
72415 85911 21:0 72423
72418 17 21:0 72418
72422 85913 21:0 72473
72423 15 21:0 72423
72472 85912 21:0 72489
72488 85914 21:0 72499
72489 31 21:0 72489
72494 35 21:0 72494
72498 85944 21:0 72549
72499 33 21:0 72499
72548 85946 21:0 72565
72564 85945 21:0 72575
72565 49 21:0 72565
72570 53 21:0 72570
72574 85947 21:0 72625
72575 51 21:0 72575
72624 85977 21:0 72641
72640 85979 21:0 72651
72641 67 21:0 72641
72646 71 21:0 72646
72650 85978 21:0 72701
72651 69 21:0 72651
72700 85980 21:0 72717
72716 86010 21:0 72727
72717 85 21:0 72717
72722 89 21:0 72722
72726 86012 21:0 72777
72727 87 21:0 72727
72776 86011 21:0 72793
72792 86013 21:0 72803
72793 103 21:0 72793
72798 107 21:0 72798
72802 86043 21:0 72848
72803 105 21:0 72803
72847 86045 21:0 72869
72868 86044 21:0 72879
72869 121 21:0 72869
72874 125 21:0 72874
72878 86046 21:0 72901
72879 123 21:0 72879
72900 86076 21:0 72945
72929 86127 21:0 72929
72934 86129 21:0 72934
72944 86077 21:0 72955
72945 139 21:0 72945
72950 143 21:0 72950
72954 86078 21:0 72973
72955 141 21:0 72955
72972 86079 21:0 73021
73020 86109 21:0 73028
73021 157 21:0 73021
73026 161 21:0 73026
73027 86110 21:0 73049
73031 159 21:0 73031
73048 86111 21:0 73097
73053 86187 21:0 73053
73081 86191 21:0 73081
73094 86206 21:0 73094
73096 86112 21:0 73102
73097 175 21:0 73097
73101 86142 21:0 73121
73102 179 21:0 73102
73107 177 21:0 73107
73120 86144 21:0 73173
73157 86226 21:0 73157
73162 86228 21:0 73162
73164 86213 21:0 73164
73172 86143 21:0 73178
73173 193 21:0 73173
73177 86145 21:0 73197
73178 197 21:0 73178
73183 195 21:0 73183
73185 86233 21:0 73185
73196 86175 21:0 73249
73205 86253 21:0 73205
73233 86260 21:0 73233
73233 86257 21:0 73233
73238 86261 21:0 73238
73240 86246 21:0 73240
73246 86272 21:0 73246
73248 86176 21:0 73254
73249 211 21:0 73249
73253 86177 21:0 73273
73254 215 21:0 73254
73254 86273 21:0 73254
73259 213 21:0 73259
73261 86266 21:0 73261
73270 86285 21:0 73270
73272 86178 21:0 73325
73281 86286 21:0 73281
73314 86294 21:0 73314
73324 86208 21:0 73330
73325 229 21:0 73325
73329 84848 1:0 73333
73329 84539 1:0 73333
73329 319 1:0 73333
73329 86210 21:0 73349
73330 233 21:0 73330
73334 84837 1:0 73347
73334 84540 1:0 73347
73334 84572 1:0 73347
73335 231 21:0 73335
73335 253 1:0 73335
73336 241 1:0 73347
73346 86318 21:0 73346
73348 84578 1:0 73383
73348 86209 21:0 73401
73384 55888 1:0 73399
73385 86326 21:0 73385
73385 86323 21:0 73385
73389 257 1:0 73399
73389 263 1:0 73399
73396 255 1:0 73396
73398 86338 21:0 73398
73400 84822 1:0 73404
73400 84564 1:0 73404
73400 56180 1:0 73404
73400 86211 21:0 73406
73401 247 21:0 73401
73405 261 1:0 73409
73405 269 1:0 73409
73405 303 1:0 73409
73405 84717 1:0 73409
73405 86241 21:0 73425
73406 251 21:0 73406
73410 56177 1:0 73423
73410 84668 1:0 73423
73410 84635 1:0 73423
73411 249 21:0 73411
73411 271 1:0 73411
73412 259 1:0 73423
73413 86332 21:0 73413
73424 84671 1:0 73459
73424 86243 21:0 73477
73460 84782 1:0 73475
73461 86359 21:0 73461
73465 275 1:0 73475
73465 281 1:0 73475
73472 273 1:0 73472
73476 55831 1:0 73480
73476 84573 1:0 73480
73476 84664 1:0 73480
73476 86242 21:0 73482
73477 265 21:0 73477
73481 277 1:0 73485
73481 56572 1:0 73485
73481 84683 1:0 73485
73481 56294 1:0 73485
73481 86244 21:0 73501
73482 269 21:0 73482
73486 84602 1:0 73499
73486 84631 1:0 73499
73486 56348 1:0 73499
73487 267 21:0 73487
73487 289 1:0 73487
73488 279 1:0 73499
73500 84849 1:0 73535
73500 86274 21:0 73553
73509 86385 21:0 73509
73536 84789 1:0 73551
73537 86389 21:0 73537
73541 293 1:0 73542
73541 299 1:0 73542
73542 291 1:0 73542
73543 295 1:0 73551
73544 86378 21:0 73544
73552 84670 1:0 73556
73552 55781 1:0 73556
73552 84701 1:0 73556
73552 86276 21:0 73558
73553 283 21:0 73553
73557 84663 1:0 73561
73557 84551 1:0 73561
73557 84756 1:0 73561
73557 86275 21:0 73570
73558 287 21:0 73558
73562 56123 1:0 73575
73562 56465 1:0 73575
73562 55667 1:0 73575
73563 285 21:0 73563
73563 307 1:0 73563
73564 297 1:0 73575
73569 86277 21:0 73629
73574 86417 21:0 73574
73576 84743 1:0 73611
73612 56059 1:0 73627
73617 317 1:0 73618
73617 311 1:0 73618
73618 309 1:0 73618
73619 313 1:0 73627
73626 86437 21:0 73626
73628 84605 1:0 73632
73628 84704 1:0 73632
73628 84697 1:0 73632
73628 86307 21:0 73634
73629 301 21:0 73629
73633 84558 1:0 73637
73633 55835 1:0 73637
73633 56458 1:0 73637
73633 86309 21:0 73639
73634 305 21:0 73634
73634 86438 21:0 73634
73638 84738 1:0 73651
73638 56629 1:0 73651
73638 84525 1:0 73651
73638 86308 21:0 73705
73639 303 21:0 73639
73639 325 1:0 73639
73640 315 1:0 73651
73641 86431 21:0 73641
73650 86450 21:0 73650
73652 56234 1:0 73687
73661 86451 21:0 73661
73687 327 1:0 73687
73688 84853 1:0 73708
73689 86457 21:0 73689
73689 86458 21:0 73689
73702 86470 21:0 73702
73704 86310 21:0 73710
73705 319 21:0 73705
73707 86473 21:0 73707
73709 86340 21:0 73715
73709 84852 1:0 73719
73710 323 21:0 73710
73710 86471 21:0 73710
73711 86473 1:0 73711
73714 84710 1:0 73719
73714 86342 21:0 73724
73714 383 1:0 73717
73717 86464 21:0 73717
73720 84851 1:0 73726
73723 84737 1:0 73730
73723 55721 1:0 73730
73723 86341 21:0 73732
73726 55660 1:0 73726
73729 86481 21:0 73729
73731 86343 21:0 73735
73731 84850 1:0 73737
73733 323 1:0 73733
73734 84518 1:0 73739
73734 55696 1:0 73739
73734 55685 1:0 73739
73734 55694 1:0 73739
73734 55699 1:0 73739
73734 86373 21:0 73744
73737 55664 1:0 73737
73738 86481 1:0 73738
73738 55672 1:0 73739
73739 84847 1:0 73739
73740 84820 1:0 73767
73742 319 1:0 73742
73743 84538 1:0 73767
73743 84809 1:0 73767
73743 86375 21:0 73807
73753 84842 1:0 73753
73765 84838 1:0 73767
73767 84827 1:0 73767
73767 55703 1:0 73767
73768 84818 1:0 73850
73777 84835 1:0 73777
73777 84833 1:0 73777
73806 86374 21:0 73852
73830 84828 1:0 73830
73851 86376 21:0 73855
73851 84819 1:0 73858
73853 303 1:0 73853
73854 84804 1:0 73861
73854 84802 1:0 73861
73854 86406 21:0 73866
73862 84816 1:0 73862
73862 84817 1:0 73868
73864 305 1:0 73864
73865 84815 1:0 73870
73865 55756 1:0 73870
73865 55751 1:0 73870
73865 55753 1:0 73870
73865 55742 1:0 73870
73865 86408 21:0 73872
73870 55729 1:0 73870
73870 84814 1:0 73870
73871 86407 21:0 73875
73871 84787 1:0 73898
73873 301 1:0 73873
73874 84800 1:0 73898
73874 84795 1:0 73898
73874 86409 21:0 73957
73878 55724 1:0 73878
73896 84805 1:0 73898
73898 55760 1:0 73898
73898 84794 1:0 73898
73899 84786 1:0 73981
73908 84803 1:0 73908
73956 86439 21:0 73986
73982 84785 1:0 73988
73984 285 1:0 73984
73985 84750 1:0 73992
73985 84651 1:0 73992
73985 86440 21:0 73994
73988 55774 1:0 73988
73993 86441 21:0 73997
73993 84784 1:0 73999
73995 287 1:0 73995
73996 55799 1:0 74001
73996 84532 1:0 74001
73996 55808 1:0 74001
73996 55810 1:0 74001
73996 55813 1:0 74001
73996 86442 21:0 74006
74001 84781 1:0 74001
74001 55786 1:0 74001
74002 84754 1:0 74029
74004 283 1:0 74004
74005 84606 1:0 74029
74005 84597 1:0 74029
74005 86472 21:0 74066
74027 84772 1:0 74029
74029 55817 1:0 74029
74029 84761 1:0 74029
74030 84752 1:0 74112
74039 84767 1:0 74039
74039 84769 1:0 74039
74065 86474 21:0 74114
74113 86473 21:0 74117
74113 84753 1:0 74120
74115 267 1:0 74115
74116 84611 1:0 74123
74116 84584 1:0 74123
74116 86475 21:0 74128
74120 55831 21:0 74120
74124 84751 1:0 74130
74126 269 1:0 74126
74127 85894 21:0 74128
74127 85897 21:0 74128
74127 55856 1:0 74132
74127 55870 1:0 74132
74127 56636 1:0 74132
74127 55867 1:0 74132
74127 55865 1:0 74132
74127 85898 21:0 74134
74131 55835 21:0 74131
74131 55843 1:0 74132
74132 84748 1:0 74132
74133 85903 21:0 74134
74133 85910 21:0 74134
74133 85923 21:0 74137
74133 84721 1:0 74160
74135 265 1:0 74135
74136 85931 21:0 74137
74136 85942 21:0 74137
74136 84387 1:0 74160
74136 84486 1:0 74160
74136 85936 21:0 74162
74140 55838 1:0 74140
74141 55838 21:0 74141
74141 84749 1:0 74141
74158 84739 1:0 74160
74160 84728 1:0 74160
74160 55874 1:0 74160
74161 85922 21:0 74197
74161 84720 1:0 74243
74170 84734 1:0 74170
74170 84736 1:0 74170
74196 84730 1:0 74196
74196 85930 21:0 74216
74215 85929 21:0 74219
74218 85927 21:0 74245
74223 84729 1:0 74223
74228 84723 1:0 74228
74244 85916 21:0 74245
74244 85963 21:0 74245
74244 85969 21:0 74248
74244 84719 1:0 74250
74246 249 1:0 74246
74247 85962 21:0 74248
74247 85949 21:0 74248
74247 84485 1:0 74254
74247 84459 1:0 74254
74247 85960 21:0 74256
74251 55888 21:0 74251
74255 85955 21:0 74256
74255 85964 21:0 74256
74255 85943 21:0 74259
74255 84718 1:0 74261
74257 251 1:0 74257
74258 85956 21:0 74259
74258 85975 21:0 74259
74258 55922 1:0 74263
74258 55927 1:0 74263
74258 55913 1:0 74263
74258 84440 1:0 74263
74258 55924 1:0 74263
74258 85976 21:0 74265
74263 55900 1:0 74263
74263 84715 1:0 74263
74264 86002 21:0 74265
74264 86015 21:0 74265
74264 85993 21:0 74268
74264 84688 1:0 74291
74266 247 1:0 74266
74267 86055 21:0 74268
74267 85997 21:0 74268
74267 84465 1:0 74291
74267 84446 1:0 74291
74267 85995 21:0 74293
74272 55895 21:0 74272
74289 84706 1:0 74291
74291 55931 1:0 74291
74291 84695 1:0 74291
74292 84705 1:0 74292
74292 85989 21:0 74328
74292 84687 1:0 74374
74301 84703 1:0 74301
74327 86061 21:0 74347
74346 86059 21:0 74350
74349 86028 21:0 74376
74375 86009 21:0 74376
74375 86087 21:0 74376
74375 86030 21:0 74379
74375 84686 1:0 74381
74377 231 1:0 74377
74378 86035 21:0 74379
74378 86108 21:0 74379
74378 84441 1:0 74385
74378 84498 1:0 74385
74378 86041 21:0 74387
74386 84684 1:0 74386
74386 85988 21:0 74387
74386 85982 21:0 74387
74386 86128 21:0 74390
74386 84685 1:0 74392
74388 233 1:0 74388
74389 86101 21:0 74390
74389 86008 21:0 74390
74389 55970 1:0 74394
74389 55981 1:0 74394
74389 55979 1:0 74394
74389 84420 1:0 74394
74389 55984 1:0 74394
74389 86081 21:0 74396
74391 55957 1:0 74394
74393 55949 21:0 74393
74394 84682 1:0 74394
74394 84655 1:0 74422
74394 84400 1:0 74422
74394 84367 1:0 74422
74394 84673 1:0 74422
74394 55988 1:0 74422
74394 84662 1:0 74422
74394 56038 1:0 74525
74394 56036 1:0 74525
74394 56014 1:0 74525
74394 84649 1:0 74525
74394 84640 1:0 74553
74394 56045 1:0 74553
74394 84629 1:0 74553
74394 84616 1:0 74656
74394 56071 1:0 74656
74394 56095 1:0 74656
74394 84596 1:0 74684
74394 56102 1:0 74684
74394 84607 1:0 74684
74394 56128 1:0 74787
74394 56159 1:0 74815
74395 86167 21:0 74396
74395 86114 21:0 74396
74395 86161 21:0 74399
74397 229 1:0 74397
74397 84474 1:0 74516
74398 86125 21:0 74399
74398 86092 21:0 74399
74398 86074 21:0 74424
74400 84654 1:0 74505
74400 84653 1:0 74512
74402 55952 1:0 74402
74402 84499 1:0 74516
74405 84583 1:0 74787
74421 84652 1:0 74523
74423 84672 1:0 74423
74423 86075 21:0 74459
74433 56041 1:0 74525
74433 84503 1:0 74525
74433 56027 1:0 74525
74433 56084 1:0 74656
74458 86096 21:0 74478
74477 86147 21:0 74481
74479 84622 1:0 74553
74480 86154 21:0 74507
74482 84479 1:0 74553
74482 56098 1:0 74656
74487 84506 1:0 74553
74490 84657 1:0 74490
74493 84574 1:0 74815
74494 84563 1:0 74815
74502 84426 1:0 74647
74503 84380 1:0 74647
74506 86088 21:0 74507
74506 86029 21:0 74507
74506 86140 21:0 74510
74508 213 1:0 74508
74509 86026 21:0 74510
74509 85996 21:0 74510
74509 86162 21:0 74518
74515 84620 1:0 74636
74516 84621 1:0 74644
74516 84407 1:0 74656
74517 86153 21:0 74518
74517 86068 21:0 74518
74517 86173 21:0 74521
74519 215 1:0 74519
74519 84619 1:0 74654
74520 86160 21:0 74521
74520 86141 21:0 74521
74520 86062 21:0 74527
74522 56093 1:0 74656
74522 84507 1:0 74684
74522 84360 1:0 74684
74522 56150 1:0 74787
74522 56155 1:0 74787
74522 56152 1:0 74787
74522 56141 1:0 74787
74522 56209 1:0 74918
74522 84550 1:0 74918
74522 56185 1:0 74918
74522 56216 1:0 74946
74522 84530 1:0 74946
74522 84517 1:0 75049
74522 56242 1:0 75049
74522 84497 1:0 75077
74522 56273 1:0 75077
74522 84484 1:0 75180
74522 56299 1:0 75180
74522 56330 1:0 75208
74522 84464 1:0 75208
74522 56356 1:0 75311
74522 84451 1:0 75311
74522 84431 1:0 75339
74522 56387 1:0 75339
74522 84418 1:0 75442
74522 56413 1:0 75442
74522 84398 1:0 75470
74522 56444 1:0 75470
74522 84385 1:0 75573
74522 56470 1:0 75573
74522 56501 1:0 75601
74522 84365 1:0 75601
74522 84352 1:0 75704
74522 56527 1:0 75704
74522 56558 1:0 75732
74525 84589 1:0 74684
74525 84588 1:0 74767
74526 86134 21:0 74527
74526 86095 21:0 74527
74526 86063 21:0 74530
74528 211 1:0 74528
74528 84437 1:0 74778
74528 84373 1:0 74778
74529 86121 21:0 74530
74529 86042 21:0 74530
74529 86048 21:0 74555
74531 84587 1:0 74774
74533 56009 1:0 74533
74533 84586 1:0 74785
74536 84466 1:0 74787
74539 84644 1:0 74539
74551 84492 1:0 74815
74552 84413 1:0 74815
74554 84639 1:0 74554
74554 86158 21:0 74590
74563 84638 1:0 74563
74564 84556 1:0 74815
74569 56207 1:0 74918
74569 84541 1:0 74946
74569 56264 1:0 75049
74569 84508 1:0 75077
74569 84475 1:0 75208
74569 84442 1:0 75339
74569 84409 1:0 75470
74569 84376 1:0 75601
74589 86021 21:0 74609
74605 56266 1:0 75049
74608 86022 21:0 74612
74611 86094 21:0 74638
74613 84554 1:0 74898
74616 84630 1:0 74616
74618 84473 1:0 74909
74621 84624 1:0 74621
74633 84386 1:0 74909
74634 56212 1:0 74918
74634 56198 1:0 74918
74634 56269 1:0 75049
74634 56255 1:0 75049
74637 86120 21:0 74638
74637 383 21:0 74638
74637 86220 21:0 74641
74639 195 1:0 74639
74640 86227 21:0 74641
74640 86365 21:0 74641
74640 86411 21:0 74649
74646 84555 1:0 74906
74647 84553 1:0 74916
74647 84453 1:0 74918
74648 84618 1:0 74648
74648 55892 21:0 74649
74648 86426 21:0 74649
74648 86293 21:0 74652
74650 197 1:0 74650
74650 84523 1:0 74946
74651 86393 21:0 74652
74651 86259 21:0 74652
74651 86299 21:0 74658
74653 84404 1:0 74946
74653 84470 1:0 74946
74653 84419 1:0 75040
74656 84521 1:0 75029
74656 84522 1:0 75037
74657 86384 21:0 74658
74657 86358 21:0 74658
74657 55781 21:0 74661
74659 193 1:0 74659
74659 84472 1:0 75040
74659 84439 1:0 75049
74660 86319 21:0 74661
74660 86292 21:0 74661
74660 55945 21:0 74686
74662 84520 1:0 75047
74664 56066 1:0 74664
74664 84490 1:0 75077
74665 56066 21:0 74665
74667 84505 1:0 75077
74682 84371 1:0 75077
74685 86306 21:0 74721
74694 84604 1:0 74694
74695 84488 1:0 75160
74720 84598 1:0 74720
74720 86054 21:0 74740
74736 84452 1:0 75171
74739 56063 21:0 74743
74742 86224 21:0 74769
74744 84489 1:0 75168
74749 84374 1:0 75171
74752 84591 1:0 74752
74764 56326 1:0 75180
74764 56321 1:0 75180
74764 56312 1:0 75180
74764 56323 1:0 75180
74764 56378 1:0 75311
74764 56380 1:0 75311
74764 56369 1:0 75311
74765 84399 1:0 75180
74768 86418 21:0 74769
74768 86240 21:0 74769
74768 86371 21:0 74772
74770 177 1:0 74770
74771 86405 21:0 74772
74771 86391 21:0 74772
74771 86207 21:0 74780
74775 56116 21:0 74775
74777 84487 1:0 75178
74778 84366 1:0 75208
74778 84457 1:0 75208
74778 84375 1:0 75208
74778 84406 1:0 75302
74779 86195 21:0 74780
74779 86422 21:0 74780
74779 86174 21:0 74783
74781 179 1:0 74781
74781 84433 1:0 75302
74782 86107 21:0 74783
74782 86345 21:0 74783
74782 86200 21:0 74789
74784 84455 1:0 75291
74785 56120 1:0 74785
74787 84456 1:0 75299
74787 84454 1:0 75309
74788 56084 21:0 74789
74788 86295 21:0 74789
74788 85965 21:0 74789
74788 56095 21:0 74789
74788 56038 21:0 74789
74788 86425 21:0 74789
74788 56098 21:0 74789
74788 56041 21:0 74789
74788 56027 21:0 74789
74788 86130 21:0 74789
74788 55970 21:0 74792
74790 175 1:0 74790
74790 84393 1:0 75311
74790 56383 1:0 75311
74790 84408 1:0 75339
74790 56437 1:0 75442
74791 86252 21:0 74792
74791 55724 21:0 74792
74791 55984 21:0 74792
74791 86455 21:0 74817
74793 84432 1:0 75339
74793 84424 1:0 75339
74813 84422 1:0 75422
74814 84341 1:0 75433
74814 84334 1:0 75433
74816 303 21:0 74820
74819 55927 21:0 74820
74819 86284 21:0 74820
74819 86262 21:0 74820
74819 86196 21:0 74820
74819 85932 21:0 74820
74819 86251 21:0 74820
74819 86097 21:0 74820
74819 86031 21:0 74820
74819 86064 21:0 74820
74819 86229 21:0 74820
74819 86053 21:0 74821
74820 85954 21:0 74821
74820 86304 21:0 74822
74821 86020 21:0 74823
74822 85974 21:0 74823
74822 86106 21:0 74823
74822 56045 21:0 74823
74822 86152 21:0 74823
74822 85921 21:0 74823
74822 86040 21:0 74823
74822 86271 21:0 74823
74822 86086 21:0 74823
74822 86073 21:0 74823
74822 85987 21:0 74823
74822 86172 21:0 74823
74822 86205 21:0 74823
74822 86185 21:0 74823
74822 86139 21:0 74823
74822 86218 21:0 74823
74822 56102 21:0 74823
74822 86007 21:0 74823
74822 55988 21:0 74823
74822 86119 21:0 74823
74822 86238 21:0 74823
74823 56141 21:0 74855
74825 84571 1:0 74825
74825 84569 1:0 74825
74826 84423 1:0 75430
74854 55913 21:0 74861
74860 55856 21:0 74864
74863 56036 21:0 74864
74863 86163 21:0 74866
74865 86317 21:0 74866
74865 86337 21:0 74866
74865 85998 21:0 74866
74865 85941 21:0 74866
74865 86350 21:0 74867
74866 86370 21:0 74868
74867 86436 21:0 74868
74867 86403 21:0 74868
74867 86449 21:0 74868
74867 86383 21:0 74868
74867 86416 21:0 74868
74868 56152 21:0 74871
74870 86312 21:0 74874
74873 55981 21:0 74874
74873 86328 21:0 74874
74873 55870 21:0 74874
74873 56093 21:0 74874
74873 56150 21:0 74874
74873 86361 21:0 74876
74875 55760 21:0 74876
74875 55957 21:0 74876
74875 56014 21:0 74876
74875 56128 21:0 74876
74875 291 21:0 74876
74875 55874 21:0 74876
74875 55843 21:0 74876
74875 55817 21:0 74876
74875 55703 21:0 74876
74875 55672 21:0 74876
74875 327 21:0 74876
74875 55786 21:0 74876
74875 325 21:0 74876
74875 309 21:0 74876
74875 307 21:0 74876
74875 55931 21:0 74876
74875 57 21:0 74876
74875 289 21:0 74876
74875 273 21:0 74876
74875 271 21:0 74876
74875 255 21:0 74876
74875 253 21:0 74876
74875 55729 21:0 74876
74875 56071 21:0 74876
74875 55900 21:0 74876
74875 93 21:0 74876
74875 86394 21:0 74876
74875 55 21:0 74876
74875 86469 21:0 74876
74875 84421 1:0 75440
74877 93 1:0 75442
74877 57 1:0 75704
74878 56155 21:0 74900
74880 56435 1:0 75442
74880 56426 1:0 75442
74880 56440 1:0 75442
74880 56494 1:0 75573
74880 56492 1:0 75573
74880 56497 1:0 75573
74880 56549 1:0 75704
74895 84338 1:0 75442
74896 56483 1:0 75573
74899 86290 21:0 74900
74899 86194 21:0 74900
74899 86404 21:0 74903
74901 159 1:0 74901
74902 55813 21:0 74903
74902 86186 21:0 74903
74902 55799 21:0 74903
74902 55742 21:0 74903
74902 55756 21:0 74903
74902 305 21:0 74911
74905 56173 1:0 74905
74906 56173 21:0 74906
74908 84391 1:0 75470
74909 84342 1:0 75470
74909 84333 1:0 75470
74909 84389 1:0 75553
74909 84321 1:0 75564
74910 56059 21:0 74911
74910 86219 21:0 74911
74910 86459 21:0 74914
74912 161 1:0 74912
74912 84340 1:0 75564
74913 86239 21:0 74914
74913 56006 21:0 74914
74913 86327 21:0 74920
74915 84390 1:0 75561
74918 84388 1:0 75571
74918 84353 1:0 75573
74918 84354 1:0 75601
74918 84347 1:0 75601
74919 86339 21:0 74920
74919 86356 21:0 74920
74919 55717 21:0 74923
74921 157 1:0 74921
74921 84358 1:0 75601
74922 55924 21:0 74923
74922 55685 21:0 74923
74922 55699 21:0 74923
74922 55979 21:0 74923
74922 86427 21:0 74923
74922 86351 21:0 74923
74922 56159 21:0 74923
74922 55922 21:0 74923
74922 86352 21:0 74923
74922 86460 21:0 74923
74924 84357 1:0 75684
74924 56551 1:0 75704
74927 56180 21:0 74951
74929 84356 1:0 75691
74932 84545 1:0 74932
74944 84305 1:0 75695
74945 84327 1:0 75695
74945 84307 1:0 75704
74950 55753 21:0 74951
74950 313 21:0 74951
74950 315 21:0 74951
74950 55696 21:0 74951
74950 55694 21:0 74951
74950 55810 21:0 74951
74950 55808 21:0 74951
74950 55751 21:0 74951
74950 55865 21:0 74951
74950 56185 21:0 74951
74950 55867 21:0 74951
74954 56198 21:0 74986
74956 84536 1:0 74956
74957 84355 1:0 75702
74985 297 21:0 74986
74985 295 21:0 74986
74989 56207 21:0 74992
74991 311 21:0 74995
74994 279 21:0 74995
74998 56540 1:0 75704
74998 56554 1:0 75704
74998 55 1:0 75732
74998 84332 1:0 75732
74998 84343 1:0 75732
74998 84319 1:0 75835
74998 56584 1:0 75835
74998 56615 1:0 75863
74998 84299 1:0 75863
74998 84310 1:0 75863
74998 56641 1:0 75974
74998 84286 1:0 75974
74998 21 1:0 75974
74998 84277 1:0 75994
74998 19 1:0 76057
74998 56672 1:0 76060
74998 54468 1:0 76061
74998 84266 1:0 76061
74999 56209 21:0 75002
75001 86444 21:0 75005
75004 277 21:0 75005
75004 259 21:0 75005
75004 261 21:0 75005
75004 317 21:0 75005
75009 56212 21:0 75031
75011 84325 1:0 75732
75026 84320 1:0 75732
75027 84314 1:0 75732
75027 56606 1:0 75835
75030 283 21:0 75031
75030 56123 21:0 75031
75030 86305 21:0 75034
75032 141 1:0 75032
75033 86325 21:0 75034
75033 55660 21:0 75034
75033 281 21:0 75034
75033 293 21:0 75034
75033 299 21:0 75034
75033 241 21:0 75034
75033 56216 21:0 75034
75037 56230 21:0 75042
75039 84323 1:0 75815
75040 84324 1:0 75823
75040 84309 1:0 75826
75040 84301 1:0 75826
75040 56608 1:0 75835
75040 56597 1:0 75835
75040 56611 1:0 75835
75040 7 1:0 75969
75040 9 1:0 75982
75040 56663 1:0 75991
75041 84519 1:0 75041
75041 56002 21:0 75042
75041 86398 21:0 75042
75041 285 21:0 75045
75043 143 1:0 75043
75044 269 21:0 75045
75044 86424 21:0 75048
75046 84322 1:0 75833
75047 86372 21:0 75051
75048 56234 21:0 75048
75049 84294 1:0 75835
75049 84300 1:0 75863
75049 84292 1:0 75863
75049 84308 1:0 75863
75050 56009 21:0 75051
75050 55667 21:0 75054
75052 139 1:0 75052
75052 84290 1:0 75946
75053 86392 21:0 75054
75053 86360 21:0 75054
75053 287 21:0 75071
75055 84291 1:0 75954
75055 84288 1:0 75957
75055 56633 1:0 75957
75057 56237 1:0 75057
75063 84512 1:0 75063
75070 86180 21:0 75082
75075 84289 1:0 75964
75076 84281 1:0 75966
75076 84287 1:0 75969
75081 275 21:0 75082
75081 56242 21:0 75082
75081 257 21:0 75082
75081 243 21:0 75082
75083 56654 1:0 75969
75083 56665 1:0 76045
75083 5 1:0 76048
75083 56686 1:0 76061
75085 56255 21:0 75117
75088 84275 1:0 75969
75088 84274 1:0 75994
75088 3 1:0 76077
75116 86193 21:0 75133
75129 84272 1:0 75994
75129 84276 1:0 75994
75132 86279 21:0 75136
75134 84268 1:0 76029
75135 56264 21:0 75136
75137 84261 1:0 76048
75137 56668 1:0 76055
75140 56269 21:0 75162
75142 84267 1:0 76056
75161 56266 21:0 75162
75161 249 21:0 75162
75161 267 21:0 75162
75161 56273 21:0 75162
75161 263 21:0 75162
75161 56120 21:0 75165
75163 123 1:0 75163
75164 56177 21:0 75165
75164 239 21:0 75165
75164 56237 21:0 75165
75166 56177 1:0 76834
75166 239 1:0 77052
75167 56287 1:0 75167
75168 56287 21:0 75173
75170 56237 1:0 76848
75170 56120 1:0 76848
75170 267 1:0 76884
75170 249 1:0 76900
75171 86193 1:0 76905
75171 86279 1:0 76905
75171 86180 1:0 76905
75171 287 1:0 76910
75171 86360 1:0 76910
75171 86392 1:0 76910
75171 86372 1:0 76924
75172 55952 21:0 75173
75172 323 21:0 75173
75172 319 21:0 75176
75174 125 1:0 75174
75174 55952 1:0 76834
75174 323 1:0 76834
75177 319 1:0 76829
75178 56291 1:0 75178
75179 56291 21:0 75179
75180 55667 1:0 76924
75180 56009 1:0 76924
75180 86424 1:0 76960
75180 269 1:0 76976
75180 285 1:0 76981
75180 56002 1:0 76981
75180 86398 1:0 76981
75180 86325 1:0 76986
75183 121 1:0 75183
75186 55660 1:0 76986
75186 283 1:0 77000
75186 86305 1:0 77000
75188 56287 1:0 77000
75189 56294 21:0 75213
75191 56123 1:0 77036
75206 86351 1:0 77057
75207 86444 1:0 77057
75212 56299 21:0 75213
75214 56294 1:0 76986
75216 56312 21:0 75248
75219 86352 1:0 77057
75251 56321 21:0 75254
75261 56323 21:0 75264
75271 56326 21:0 75293
75292 56330 21:0 75293
75294 105 1:0 75294
75299 56344 21:0 75299
75305 107 1:0 75305
75310 56348 21:0 75310
75314 103 1:0 75314
75320 56351 21:0 75344
75343 56356 21:0 75344
75345 56351 1:0 77052
75347 56369 21:0 75379
75382 56378 21:0 75385
75392 56380 21:0 75395
75402 56383 21:0 75424
75423 56387 21:0 75424
75425 87 1:0 75425
75429 56401 1:0 75429
75430 56401 21:0 75435
75436 89 1:0 75436
75441 56405 21:0 75441
75445 85 1:0 75445
75450 56408 1:0 75450
75451 56408 21:0 75475
75474 56413 21:0 75475
75478 56426 21:0 75510
75513 56435 21:0 75516
75523 56437 21:0 75526
75533 56440 21:0 75555
75554 56444 21:0 75555
75556 69 1:0 75556
75561 56458 21:0 75561
75567 71 1:0 75567
75571 56462 1:0 75571
75572 56462 21:0 75572
75576 67 1:0 75576
75582 56465 21:0 75582
75587 56470 21:0 75588
75609 56483 21:0 75641
75644 56492 21:0 75647
75654 56494 21:0 75657
75664 56497 21:0 75686
75685 56501 21:0 75686
75687 51 1:0 75687
75691 56515 1:0 75691
75692 56515 21:0 75697
75698 53 1:0 75698
75702 56519 1:0 75702
75703 56519 21:0 75706
75707 49 1:0 75707
75712 56522 1:0 75712
75713 56522 21:0 75737
75736 56527 21:0 75737
75740 56540 21:0 75772
75775 56549 21:0 75778
75785 56551 21:0 75788
75795 56554 21:0 75817
75816 56558 21:0 75817
75818 33 1:0 75818
75823 56572 21:0 75828
75829 35 1:0 75829
75833 56576 1:0 75833
75834 56576 21:0 75837
75838 31 1:0 75838
75849 56584 21:0 75850
75850 56579 21:0 75868
75869 56579 1:0 76848
75871 56597 21:0 75903
75906 56606 21:0 75909
75916 56608 21:0 75919
75926 56611 21:0 75948
75947 56615 21:0 75948
75949 15 1:0 75949
75954 56629 21:0 75954
75960 17 1:0 75960
75965 56633 21:0 75968
75969 13 1:0 75969
75975 56636 21:0 75999
75998 56641 21:0 75999
76002 56654 21:0 76034
76037 56663 21:0 76040
76047 56665 21:0 76050
76057 56668 21:0 76086
76085 56672 21:0 76086
76086 87510 21:0 76087
76087 87511 21:0 76098
76097 3 21:0 76098
76097 54468 21:0 76098
76097 19 21:0 76098
76098 87512 21:0 76131
76130 87521 21:0 76131
76130 56686 21:0 76131
76130 5 21:0 76131
76130 7 21:0 76131
76130 9 21:0 76131
76133 87505 21:0 76142
76141 21 21:0 76142
76141 87518 21:0 76142
76141 87519 21:0 76142
76141 87530 21:0 76142
76142 13 21:0 76142
76144 87533 21:0 76152
76147 17 21:0 76147
76151 87535 21:0 76202
76152 15 21:0 76152
76201 87534 21:0 76218
76217 87536 21:0 76228
76218 31 21:0 76218
76223 35 21:0 76223
76227 87566 21:0 76278
76228 33 21:0 76228
76277 87567 21:0 76294
76293 87568 21:0 76304
76294 49 21:0 76294
76299 53 21:0 76299
76303 87569 21:0 76354
76304 51 21:0 76304
76353 87599 21:0 76370
76369 87600 21:0 76380
76370 67 21:0 76370
76375 71 21:0 76375
76379 87601 21:0 76430
76380 69 21:0 76380
76429 87602 21:0 76446
76445 87632 21:0 76456
76446 85 21:0 76446
76451 89 21:0 76451
76455 87633 21:0 76506
76456 87 21:0 76456
76505 87634 21:0 76522
76506 87681 21:0 76506
76513 87670 21:0 76513
76521 87635 21:0 76532
76522 103 21:0 76522
76527 107 21:0 76527
76531 87665 21:0 76573
76532 105 21:0 76532
76572 87667 21:0 76598
76597 87666 21:0 76608
76598 121 21:0 76598
76603 125 21:0 76603
76603 87730 21:0 76603
76607 87668 21:0 76630
76608 123 21:0 76608
76629 87698 21:0 76674
76673 87700 21:0 76684
76674 139 21:0 76674
76679 143 21:0 76679
76683 87699 21:0 76702
76684 141 21:0 76684
76701 87701 21:0 76750
76749 87731 21:0 76755
76750 157 21:0 76750
76754 87733 21:0 76778
76755 161 21:0 76755
76760 159 21:0 76760
76777 87732 21:0 76826
76782 87809 21:0 76782
76825 87734 21:0 76831
76826 175 21:0 76826
76830 87764 21:0 76850
76831 179 21:0 76831
76831 87829 21:0 76831
76836 177 21:0 76836
76849 87766 21:0 76902
76858 87842 21:0 76858
76891 87850 21:0 76891
76893 87835 21:0 76893
76901 87765 21:0 76907
76902 193 21:0 76902
76906 87767 21:0 76926
76907 197 21:0 76907
76907 87862 21:0 76907
76912 195 21:0 76912
76914 87855 21:0 76914
76925 87797 21:0 76978
76934 87875 21:0 76934
76967 87883 21:0 76967
76969 87868 21:0 76969
76975 87894 21:0 76975
76977 87798 21:0 76983
76978 211 21:0 76978
76982 87799 21:0 77002
76983 215 21:0 76983
76988 213 21:0 76988
76999 87907 21:0 76999
77001 87800 21:0 77054
77010 87908 21:0 77010
77043 87916 21:0 77043
77053 87830 21:0 77059
77054 229 21:0 77054
77058 86356 1:0 77062
77058 86339 1:0 77062
77058 55717 1:0 77062
77058 243 1:0 77062
77058 87831 21:0 77078
77059 233 21:0 77059
77059 87928 21:0 77059
77063 86239 1:0 77076
77063 56230 1:0 77076
77063 86327 1:0 77076
77064 231 21:0 77064
77064 253 1:0 77064
77065 241 1:0 77076
77077 56515 1:0 77112
77077 87832 21:0 77130
77113 56006 1:0 77128
77114 87947 21:0 77114
77118 263 1:0 77128
77118 257 1:0 77128
77121 87934 21:0 77121
77125 255 1:0 77125
77129 86219 1:0 77133
77129 86459 1:0 77133
77129 56059 1:0 77133
77129 87833 21:0 77135
77130 247 21:0 77130
77134 86186 1:0 77138
77134 305 1:0 77138
77134 86404 1:0 77138
77134 259 1:0 77138
77134 87863 21:0 77154
77135 251 21:0 77135
77135 87961 21:0 77135
77139 86194 1:0 77152
77139 86312 1:0 77152
77139 86290 1:0 77152
77140 249 21:0 77140
77140 271 1:0 77140
77141 261 1:0 77152
77142 87954 21:0 77142
77151 87973 21:0 77151
77153 303 1:0 77188
77153 87864 21:0 77206
77189 86455 1:0 77204
77190 87980 21:0 77190
77190 87981 21:0 77190
77194 275 1:0 77204
77194 281 1:0 77204
77197 87967 21:0 77197
77201 273 1:0 77201
77203 87993 21:0 77203
77205 86425 1:0 77209
77205 55724 1:0 77209
77205 86252 1:0 77209
77205 87865 21:0 77211
77206 265 21:0 77206
77210 86200 1:0 77214
77210 277 1:0 77214
77210 86107 1:0 77214
77210 86345 1:0 77214
77210 87866 21:0 77230
77211 269 21:0 77211
77215 56180 1:0 77228
77215 86174 1:0 77228
77215 56519 1:0 77228
77216 267 21:0 77216
77216 289 1:0 77216
77217 279 1:0 77228
77227 88006 21:0 77227
77229 86422 1:0 77264
77229 87896 21:0 77282
77265 86195 1:0 77280
77266 88011 21:0 77266
77266 88014 21:0 77266
77266 88013 21:0 77266
77270 293 1:0 77280
77270 299 1:0 77280
77271 88015 21:0 77271
77277 291 1:0 77277
77281 86391 1:0 77285
77281 56401 1:0 77285
77281 86207 1:0 77285
77281 87897 21:0 77287
77286 295 1:0 77290
77286 86405 1:0 77290
77286 86240 1:0 77290
77286 86371 1:0 77290
77286 87898 21:0 77294
77287 88027 21:0 77287
77291 86418 1:0 77304
77291 86224 1:0 77304
77291 56063 1:0 77304
77292 307 1:0 77292
77293 297 1:0 77304
77293 87899 21:0 77358
77294 88020 21:0 77294
77305 86054 1:0 77340
77341 86306 1:0 77356
77342 88044 21:0 77342
77342 88047 21:0 77342
77346 311 1:0 77347
77346 317 1:0 77347
77347 88048 21:0 77347
77347 309 1:0 77347
77348 313 1:0 77356
77349 88033 21:0 77349
77355 88059 21:0 77355
77357 56576 1:0 77361
77357 86292 1:0 77361
77357 55945 1:0 77361
77357 87929 21:0 77363
77362 86319 1:0 77366
77362 86384 1:0 77366
77362 55781 1:0 77366
77362 87931 21:0 77368
77367 56572 1:0 77380
77367 86358 1:0 77380
77367 86299 1:0 77380
77367 87930 21:0 77434
77368 325 1:0 77368
77369 315 1:0 77380
77370 88053 21:0 77370
77381 86393 1:0 77416
77416 327 1:0 77416
77417 86475 1:0 77437
77418 88077 21:0 77418
77418 88080 21:0 77418
77418 88079 21:0 77418
77423 88081 21:0 77423
77425 88066 21:0 77425
77431 88092 21:0 77431
77433 87932 21:0 77439
77438 87962 21:0 77444
77438 86473 1:0 77448
77439 88093 21:0 77439
77443 86259 1:0 77448
77443 87963 21:0 77453
77443 384 1:0 77446
77449 86474 1:0 77456
77452 56522 1:0 77459
77452 86293 1:0 77459
77452 87964 21:0 77461
77460 86471 1:0 77460
77460 87965 21:0 77464
77460 86472 1:0 77466
77463 86426 1:0 77468
77463 55699 1:0 77468
77463 55696 1:0 77468
77463 55685 1:0 77468
77463 55694 1:0 77468
77463 87995 21:0 77473
77467 55672 1:0 77468
77468 86469 1:0 77468
77469 86442 1:0 77496
77472 55892 1:0 77496
77472 56408 1:0 77496
77472 87996 21:0 77533
77477 86470 1:0 77477
77482 86464 1:0 77482
77494 86460 1:0 77496
77496 86449 1:0 77496
77496 55703 1:0 77496
77497 86441 1:0 77579
77506 86457 1:0 77506
77506 86458 1:0 77506
77532 86451 1:0 77532
77532 87997 21:0 77581
77559 86450 1:0 77559
77580 87998 21:0 77584
77580 86440 1:0 77586
77583 86411 1:0 77590
77583 86227 1:0 77590
77583 88028 21:0 77595
77591 86438 1:0 77591
77591 86439 1:0 77597
77594 55753 1:0 77599
77594 55751 1:0 77599
77594 55742 1:0 77599
77594 55756 1:0 77599
77594 86365 1:0 77599
77594 88030 21:0 77601
77599 86436 1:0 77599
77599 55729 1:0 77599
77600 88029 21:0 77604
77600 86409 1:0 77627
77603 86220 1:0 77627
77603 56633 1:0 77627
77603 88031 21:0 77686
77608 86437 1:0 77608
77613 86431 1:0 77613
77625 86427 1:0 77627
77627 86416 1:0 77627
77627 55760 1:0 77627
77628 86407 1:0 77710
77685 88061 21:0 77715
77690 86417 1:0 77690
77711 86408 1:0 77718
77714 86094 1:0 77721
77714 86120 1:0 77721
77714 88063 21:0 77723
77722 88062 21:0 77726
77722 86406 1:0 77728
77725 55813 1:0 77730
77725 55799 1:0 77730
77725 55810 1:0 77730
77725 55808 1:0 77730
77725 86022 1:0 77730
77725 88064 21:0 77735
77730 55786 1:0 77730
77730 86403 1:0 77730
77731 86376 1:0 77758
77734 86021 1:0 77758
77734 86158 1:0 77758
77734 88094 21:0 77795
77756 86394 1:0 77758
77758 55817 1:0 77758
77758 86383 1:0 77758
77759 86374 1:0 77841
77768 86389 1:0 77768
77794 86385 1:0 77794
77794 88095 21:0 77843
77826 86378 1:0 77826
77842 88096 21:0 77846
77842 86375 1:0 77849
77844 267 1:0 77844
77845 86048 1:0 77852
77845 86121 1:0 77852
77845 88097 21:0 77857
77848 55831 1:0 77848
77849 55831 21:0 77849
77853 86373 1:0 77859
77855 269 1:0 77855
77856 87520 21:0 77857
77856 87531 21:0 77857
77856 55865 1:0 77861
77856 55867 1:0 77861
77856 86042 1:0 77861
77856 55870 1:0 77861
77856 55856 1:0 77861
77856 87516 21:0 77863
77859 55835 1:0 77859
77860 55835 21:0 77860
77860 55843 1:0 77861
77861 86370 1:0 77861
77862 87532 21:0 77863
77862 87525 21:0 77863
77862 87544 21:0 77866
77862 86343 1:0 77889
77864 265 1:0 77864
77865 87549 21:0 77866
77865 87538 21:0 77866
77865 86134 1:0 77889
77865 86063 1:0 77889
77865 87551 21:0 77891
77869 55838 1:0 77869
77887 86361 1:0 77889
77889 86350 1:0 77889
77889 55874 1:0 77889
77890 87552 21:0 77926
77890 86341 1:0 77972
77899 86359 1:0 77899
77925 87558 21:0 77945
77944 87545 21:0 77948
77947 87582 21:0 77974
77973 87577 21:0 77974
77973 87564 21:0 77974
77973 87585 21:0 77977
77973 86342 1:0 77980
77975 249 1:0 77975
77976 87571 21:0 77977
77976 87565 21:0 77977
77976 86062 1:0 77983
77976 86095 1:0 77983
77976 87584 21:0 77985
77979 55888 1:0 77979
77980 55888 21:0 77980
77984 87578 21:0 77985
77984 87553 21:0 77985
77984 87586 21:0 77988
77984 86340 1:0 77990
77986 251 1:0 77986
77987 87591 21:0 77988
77987 87597 21:0 77988
77987 55927 1:0 77992
77987 86141 1:0 77992
77987 55922 1:0 77992
77987 55913 1:0 77992
77987 55924 1:0 77992
77987 87598 21:0 77994
77991 55892 21:0 77991
77992 55900 1:0 77992
77992 86337 1:0 77992
77993 87624 21:0 77994
77993 87648 21:0 77994
77993 87631 21:0 77997
77993 86310 1:0 78020
77995 247 1:0 77995
77996 87604 21:0 77997
77996 87643 21:0 77997
77996 86173 1:0 78020
77996 86160 1:0 78020
77996 87610 21:0 78022
78000 55895 1:0 78000
78001 86338 1:0 78001
78006 86332 1:0 78006
78018 86328 1:0 78020
78020 86317 1:0 78020
78020 55931 1:0 78020
78021 87637 21:0 78057
78021 86308 1:0 78103
78030 86326 1:0 78030
78030 86323 1:0 78030
78056 87615 21:0 78076
78075 87611 21:0 78079
78078 87650 21:0 78105
78083 86318 1:0 78083
78104 87652 21:0 78105
78104 87657 21:0 78105
78104 87617 21:0 78108
78104 86309 1:0 78111
78106 231 1:0 78106
78107 87619 21:0 78108
78107 87663 21:0 78108
78107 86153 1:0 78114
78107 86068 1:0 78114
78107 87651 21:0 78116
78115 87618 21:0 78116
78115 87664 21:0 78116
78115 87644 21:0 78119
78115 86307 1:0 78121
78117 233 1:0 78117
78118 87742 21:0 78119
78118 87630 21:0 78119
78118 86162 1:0 78123
78118 55984 1:0 78123
78118 55970 1:0 78123
78118 55979 1:0 78123
78118 55981 1:0 78123
78118 87697 21:0 78125
78121 55949 1:0 78121
78123 86304 1:0 78123
78123 55957 1:0 78123
78123 55988 1:0 78151
78123 86284 1:0 78151
78123 86295 1:0 78151
78123 86026 1:0 78151
78123 85996 1:0 78151
78123 86277 1:0 78151
78123 56038 1:0 78254
78123 56036 1:0 78254
78123 56014 1:0 78254
78123 86271 1:0 78254
78123 86251 1:0 78282
78123 86262 1:0 78282
78123 56045 1:0 78282
78123 56095 1:0 78385
78123 86238 1:0 78385
78123 56071 1:0 78385
78123 86229 1:0 78413
78123 56102 1:0 78413
78123 86218 1:0 78413
78123 56128 1:0 78516
78123 56159 1:0 78544
78124 87789 21:0 78125
78124 87736 21:0 78125
78124 87776 21:0 78128
78126 229 1:0 78126
78126 86140 1:0 78245
78127 87751 21:0 78128
78127 87714 21:0 78128
78127 87684 21:0 78153
78129 86275 1:0 78234
78129 86276 1:0 78242
78131 86029 1:0 78245
78134 86205 1:0 78516
78150 86274 1:0 78252
78152 86294 1:0 78152
78152 87716 21:0 78188
78162 56041 1:0 78254
78162 86088 1:0 78254
78162 56027 1:0 78254
78162 56084 1:0 78385
78187 86286 1:0 78187
78187 87816 21:0 78207
78206 87828 21:0 78210
78208 86244 1:0 78282
78209 87685 21:0 78236
78211 86147 1:0 78282
78211 56098 1:0 78385
78214 86285 1:0 78214
78216 86154 1:0 78282
78222 86196 1:0 78544
78223 86185 1:0 78544
78231 86075 1:0 78376
78232 86096 1:0 78376
78235 87718 21:0 78236
78235 87703 21:0 78236
78235 87756 21:0 78239
78237 213 1:0 78237
78238 87677 21:0 78239
78238 87782 21:0 78239
78238 87784 21:0 78247
78242 56002 21:0 78242
78244 86242 1:0 78365
78245 86243 1:0 78373
78245 86074 1:0 78385
78246 86273 1:0 78246
78246 87717 21:0 78247
78246 87709 21:0 78247
78246 87676 21:0 78250
78248 215 1:0 78248
78248 86241 1:0 78383
78249 87808 21:0 78250
78249 87783 21:0 78250
78249 87729 21:0 78256
78251 56093 1:0 78385
78251 86125 1:0 78413
78251 86092 1:0 78413
78251 56150 1:0 78516
78251 56152 1:0 78516
78251 56141 1:0 78516
78251 56155 1:0 78516
78251 56185 1:0 78647
78251 86172 1:0 78647
78251 56216 1:0 78675
78251 56242 1:0 78778
78251 56273 1:0 78806
78254 86211 1:0 78413
78254 86209 1:0 78496
78255 87743 21:0 78256
78255 87696 21:0 78256
78255 87763 21:0 78259
78257 211 1:0 78257
78257 86167 1:0 78507
78257 86161 1:0 78507
78258 87796 21:0 78259
78258 87817 21:0 78259
78258 87822 21:0 78284
78260 86210 1:0 78504
78262 86208 1:0 78514
78263 56009 21:0 78263
78263 86272 1:0 78263
78265 86114 1:0 78516
78268 86266 1:0 78268
78280 86081 1:0 78544
78281 86101 1:0 78544
78283 86261 1:0 78283
78283 87749 21:0 78319
78292 86260 1:0 78292
78292 86257 1:0 78292
78293 86178 1:0 78544
78298 56212 1:0 78647
78318 86253 1:0 78318
78318 87747 21:0 78338
78334 56207 1:0 78647
78337 87723 21:0 78341
78340 87750 21:0 78367
78342 86177 1:0 78627
78347 86128 1:0 78638
78350 86246 1:0 78350
78354 86163 1:0 78675
78362 86008 1:0 78638
78363 85982 1:0 78647
78366 87762 21:0 78367
78366 87710 21:0 78367
78366 87802 21:0 78370
78368 195 1:0 78368
78369 87815 21:0 78370
78369 87775 21:0 78370
78369 87813 21:0 78378
78373 56059 21:0 78373
78375 86176 1:0 78634
78376 86175 1:0 78645
78376 56209 1:0 78647
78376 56198 1:0 78647
78376 86152 1:0 78675
78376 56264 1:0 78778
78376 56269 1:0 78778
78376 56255 1:0 78778
78376 56266 1:0 78778
78376 86139 1:0 78778
78376 86130 1:0 78806
78376 86119 1:0 78806
78376 86106 1:0 78909
78376 56299 1:0 78909
78376 56330 1:0 78937
78376 86086 1:0 78937
78376 86097 1:0 78937
78376 86073 1:0 79040
78376 56356 1:0 79040
78376 86064 1:0 79068
78376 56387 1:0 79068
78376 86053 1:0 79068
78376 56413 1:0 79171
78376 86040 1:0 79171
78376 86031 1:0 79199
78376 86020 1:0 79199
78376 56444 1:0 79199
78376 56470 1:0 79302
78376 86007 1:0 79302
78376 85987 1:0 79330
78376 56501 1:0 79330
78377 87888 21:0 78378
78377 384 21:0 78378
78377 56006 21:0 78381
78379 197 1:0 78379
78379 86145 1:0 78675
78380 87915 21:0 78381
78380 87974 21:0 78381
78380 87846 21:0 78387
78382 86041 1:0 78675
78382 85988 1:0 78675
78382 86108 1:0 78769
78384 56063 21:0 78384
78385 86143 1:0 78758
78385 86144 1:0 78766
78386 55724 21:0 78387
78386 87879 21:0 78387
78386 87683 21:0 78390
78388 193 1:0 78388
78388 86035 1:0 78769
78388 86030 1:0 78778
78389 87901 21:0 78390
78389 55838 21:0 78390
78389 87780 21:0 78415
78391 86142 1:0 78776
78393 56066 1:0 78393
78393 86112 1:0 78806
78396 86087 1:0 78806
78399 86233 1:0 78399
78411 86009 1:0 78806
78414 86228 1:0 78414
78414 88060 21:0 78431
78423 86226 1:0 78423
78424 86111 1:0 78889
78430 88046 21:0 78469
78465 86028 1:0 78900
78468 56066 21:0 78472
78471 87914 21:0 78498
78473 86110 1:0 78896
78478 86059 1:0 78900
78481 86213 1:0 78481
78493 56323 1:0 78909
78493 56321 1:0 78909
78493 56326 1:0 78909
78493 56312 1:0 78909
78493 56380 1:0 79040
78493 56378 1:0 79040
78493 56369 1:0 79040
78494 86061 1:0 78909
78494 56383 1:0 79040
78494 56435 1:0 79171
78494 56437 1:0 79171
78497 87987 21:0 78498
78497 87795 21:0 78498
78497 55721 21:0 78501
78499 177 1:0 78499
78500 56093 21:0 78501
78500 87921 21:0 78501
78500 87848 21:0 78501
78500 87785 21:0 78501
78500 87620 21:0 78501
78500 56041 21:0 78501
78500 87884 21:0 78501
78500 56038 21:0 78501
78500 87917 21:0 78501
78500 87752 21:0 78504
78503 56116 1:0 78503
78503 87686 21:0 78504
78503 87596 21:0 78504
78503 87554 21:0 78504
78504 56116 21:0 78509
78506 86109 1:0 78907
78507 85989 1:0 78937
78507 85995 1:0 78937
78507 86079 1:0 78937
78507 86055 1:0 79031
78508 88073 21:0 78509
78508 55774 21:0 78509
78508 55945 21:0 78512
78510 179 1:0 78510
78511 87945 21:0 78512
78511 87841 21:0 78515
78513 86078 1:0 79020
78514 87849 21:0 78518
78515 56120 21:0 78515
78516 86077 1:0 79027
78516 85997 1:0 79031
78516 86076 1:0 79038
78517 87912 21:0 78518
78517 87895 21:0 78521
78519 175 1:0 78519
78519 85993 1:0 79040
78519 86002 1:0 79068
78520 87940 21:0 78521
78520 87948 21:0 78521
78520 88072 21:0 78539
78522 86015 1:0 79068
78522 86046 1:0 79068
78525 86206 1:0 78525
78534 86044 1:0 79151
78538 87982 21:0 78549
78542 85956 1:0 79162
78543 85976 1:0 79162
78548 56036 21:0 78549
78548 56098 21:0 78549
78548 87587 21:0 78549
78548 56084 21:0 78549
78548 87719 21:0 78552
78551 87761 21:0 78552
78551 87906 21:0 78552
78551 87662 21:0 78552
78551 87543 21:0 78552
78551 87893 21:0 78552
78551 87708 21:0 78552
78551 87576 21:0 78552
78551 87741 21:0 78552
78551 87840 21:0 78552
78551 87827 21:0 78552
78551 87695 21:0 78552
78552 56141 21:0 78584
78554 86191 1:0 78554
78555 86045 1:0 79159
78580 86187 1:0 78580
78583 56027 21:0 78590
78589 55970 21:0 78593
78592 55984 21:0 78600
78599 55927 21:0 78600
78599 55913 21:0 78600
78599 55856 21:0 78603
78602 55870 21:0 78603
78602 55799 21:0 78603
78602 56152 21:0 78603
78602 87818 21:0 78603
78602 87653 21:0 78603
78602 87851 21:0 78603
78602 87950 21:0 78605
78604 87983 21:0 78605
78604 88016 21:0 78607
78604 86043 1:0 79169
78606 87675 21:0 78607
78606 87794 21:0 78607
78606 87926 21:0 78607
78606 87609 21:0 78607
78606 87860 21:0 78607
78606 56128 21:0 78607
78606 55988 21:0 78607
78607 56155 21:0 78629
78609 56426 1:0 79171
78609 56440 1:0 79171
78609 56492 1:0 79302
78609 56497 1:0 79302
78609 56494 1:0 79302
78624 85975 1:0 79171
78628 55717 21:0 78629
78628 283 21:0 78629
78628 87978 21:0 78632
78630 159 1:0 78630
78631 88086 21:0 78632
78631 87881 21:0 78632
78631 87994 21:0 78640
78634 56173 1:0 78634
78637 86013 1:0 79199
78638 85955 1:0 79199
78638 85943 1:0 79199
78638 86011 1:0 79282
78638 85960 1:0 79293
78639 267 21:0 78640
78639 56123 21:0 78640
78639 87941 21:0 78643
78641 161 1:0 78641
78641 85964 1:0 79293
78641 85962 1:0 79302
78642 55867 21:0 78643
78642 301 21:0 78643
78642 55865 21:0 78643
78642 55924 21:0 78643
78642 55922 21:0 78643
78642 55979 21:0 78643
78642 56150 21:0 78643
78642 55808 21:0 78643
78642 55753 21:0 78643
78642 55751 21:0 78643
78642 55810 21:0 78643
78642 88082 21:0 78643
78642 55685 21:0 78643
78642 56095 21:0 78643
78642 55756 21:0 78643
78642 55981 21:0 78643
78642 55742 21:0 78643
78642 88049 21:0 78643
78642 55813 21:0 78643
78642 55694 21:0 78646
78644 86012 1:0 79290
78645 88091 21:0 78646
78645 88025 21:0 78646
78645 56014 21:0 78646
78645 56045 21:0 78646
78645 87972 21:0 78646
78645 87992 21:0 78646
78645 88071 21:0 78646
78645 88038 21:0 78646
78645 55931 21:0 78646
78645 88058 21:0 78646
78645 88005 21:0 78646
78645 56159 21:0 78646
78645 55957 21:0 78646
78645 55843 21:0 78646
78645 56102 21:0 78646
78645 55900 21:0 78646
78645 56071 21:0 78646
78645 55874 21:0 78646
78645 87629 21:0 78646
78645 87939 21:0 78646
78645 55786 21:0 78646
78645 55703 21:0 78646
78645 271 21:0 78646
78645 255 21:0 78646
78645 273 21:0 78646
78645 253 21:0 78646
78645 289 21:0 78646
78645 87873 21:0 78646
78645 87959 21:0 78646
78645 87642 21:0 78646
78645 55817 21:0 78646
78645 291 21:0 78646
78645 307 21:0 78646
78645 55760 21:0 78646
78645 87728 21:0 78646
78645 87563 21:0 78646
78645 87807 21:0 78646
78645 87774 21:0 78646
78645 309 21:0 78646
78645 55672 21:0 78646
78645 325 21:0 78646
78645 327 21:0 78646
78645 55729 21:0 78646
78646 56177 21:0 78649
78647 86010 1:0 79300
78647 56483 1:0 79302
78647 85980 1:0 79330
78648 285 21:0 78649
78648 249 21:0 78652
78650 157 1:0 78650
78650 85969 1:0 79330
78650 85949 1:0 79330
78651 313 21:0 78652
78651 55699 21:0 78652
78651 55696 21:0 78652
78651 88039 21:0 78652
78651 315 21:0 78652
78651 231 21:0 78652
78651 317 21:0 78652
78651 311 21:0 78659
78653 85998 1:0 79330
78653 85978 1:0 79413
78653 56527 1:0 79433
78653 85974 1:0 79433
78653 56540 1:0 79433
78653 56551 1:0 79433
78653 56554 1:0 79433
78653 56549 1:0 79433
78653 85954 1:0 79461
78653 56558 1:0 79461
78653 85965 1:0 79461
78653 85941 1:0 79564
78653 56584 1:0 79564
78653 85932 1:0 79592
78653 85921 1:0 79592
78653 56615 1:0 79592
78653 21 1:0 79703
78653 85908 1:0 79703
78653 56641 1:0 79703
78653 85899 1:0 79723
78653 19 1:0 79786
78653 56672 1:0 79789
78653 54468 1:0 79790
78653 85888 1:0 79790
78656 56180 21:0 78656
78658 297 21:0 78670
78658 85979 1:0 79421
78659 56611 1:0 79564
78669 295 21:0 78676
78673 85916 1:0 79424
78674 85963 1:0 79424
78674 56597 1:0 79564
78675 299 21:0 78677
78676 293 21:0 78677
78676 279 21:0 78677
78676 277 21:0 78677
78676 275 21:0 78680
78679 56185 21:0 78680
78679 263 21:0 78680
78679 259 21:0 78680
78679 261 21:0 78680
78679 281 21:0 78680
78683 56198 21:0 78715
78686 85977 1:0 79431
78714 241 21:0 78715
78714 243 21:0 78715
78718 56207 21:0 78721
78720 257 21:0 78724
78723 79 21:0 78724
78725 79 1:0 79169
78727 85927 1:0 79433
78727 56608 1:0 79564
78727 56606 1:0 79564
78728 56209 21:0 78731
78730 88040 21:0 78734
78733 131 21:0 78734
78733 43 21:0 78734
78735 131 1:0 78776
78735 43 1:0 79433
78738 56212 21:0 78760
78755 85947 1:0 79461
78756 56654 1:0 79698
78759 56216 21:0 78760
78759 319 21:0 78760
78759 55667 21:0 78760
78759 88026 21:0 78763
78761 141 1:0 78761
78762 87927 21:0 78763
78762 56173 21:0 78763
78762 287 21:0 78771
78766 56230 21:0 78766
78768 85930 1:0 79461
78768 85929 1:0 79461
78768 85922 1:0 79555
78769 85945 1:0 79544
78769 85946 1:0 79552
78770 87960 21:0 78771
78770 55949 21:0 78771
78770 88000 21:0 78774
78772 143 1:0 78772
78772 85936 1:0 79555
78772 9 1:0 79698
78772 56663 1:0 79711
78772 7 1:0 79720
78772 56665 1:0 79774
78773 239 21:0 78774
78773 245 21:0 78774
78773 88007 21:0 78774
78773 87690 21:0 78774
78775 85944 1:0 79562
78776 56234 1:0 78776
78777 56234 21:0 78780
78778 85942 1:0 79564
78778 85931 1:0 79592
78778 85923 1:0 79592
78778 85914 1:0 79592
78778 85910 1:0 79686
78779 87874 21:0 78780
78779 87882 21:0 78783
78781 139 1:0 78781
78782 87769 21:0 78783
78782 87861 21:0 78783
78784 85912 1:0 79675
78784 85913 1:0 79683
78786 56636 1:0 79686
78787 56237 21:0 78787
78792 56242 21:0 78793
78793 55952 21:0 78811
78805 85911 1:0 79693
78807 86129 1:0 78807
78812 5 1:0 79777
78814 56255 21:0 78846
78816 86127 1:0 78816
78817 85903 1:0 79695
78817 85897 1:0 79698
78849 56264 21:0 78852
78858 85898 1:0 79698
78858 85894 1:0 79723
78859 56266 21:0 78862
78861 55660 21:0 78865
78863 56686 1:0 79790
78866 85896 1:0 79723
78866 56668 1:0 79784
78869 56269 21:0 78891
78871 85909 1:0 79703
78886 85890 1:0 79758
78887 3 1:0 79806
78887 241 1:0 80786
78890 56273 21:0 78891
78890 55895 21:0 78891
78890 87949 21:0 78891
78890 305 21:0 78894
78892 123 1:0 78892
78893 265 21:0 78894
78893 247 21:0 78894
78897 56287 21:0 78902
78899 85883 1:0 79777
78899 85889 1:0 79785
78899 265 1:0 80613
78899 247 1:0 80629
78900 55895 1:0 80634
78900 305 1:0 80634
78900 87949 1:0 80634
78900 55660 1:0 80639
78900 87861 1:0 80639
78900 55952 1:0 80639
78900 87769 1:0 80653
78901 251 21:0 78902
78903 125 1:0 78903
78903 251 1:0 80577
78907 56291 1:0 78907
78908 56291 21:0 78911
78909 87882 1:0 80653
78909 87874 1:0 80689
78909 88007 1:0 80705
78909 87690 1:0 80710
78909 88000 1:0 80710
78909 87960 1:0 80710
78909 55949 1:0 80715
78909 287 1:0 80715
78912 121 1:0 78912
78912 56291 1:0 80653
78915 87927 1:0 80729
78915 56173 1:0 80729
78915 88026 1:0 80729
78917 55667 1:0 80765
78918 56294 21:0 78918
78920 319 1:0 80781
78923 56299 21:0 78924
78935 239 1:0 80786
78935 245 1:0 80786
78936 88039 1:0 80786
78945 56312 21:0 78977
78948 88040 1:0 80786
78980 56321 21:0 78983
78990 56323 21:0 78993
79000 56326 21:0 79022
79021 56330 21:0 79022
79023 105 1:0 79023
79027 56344 1:0 79027
79028 56344 21:0 79033
79034 107 1:0 79034
79038 56348 1:0 79038
79039 56348 21:0 79042
79043 103 1:0 79043
79049 56351 21:0 79049
79054 56356 21:0 79055
79076 56369 21:0 79108
79111 56378 21:0 79114
79121 56380 21:0 79124
79131 56383 21:0 79153
79152 56387 21:0 79153
79154 87 1:0 79154
79159 56401 21:0 79164
79165 89 1:0 79165
79169 56405 1:0 79169
79170 56405 21:0 79173
79174 85 1:0 79174
79185 56413 21:0 79186
79186 56408 21:0 79204
79205 56408 1:0 80715
79207 56426 21:0 79239
79242 56435 21:0 79245
79252 56437 21:0 79255
79262 56440 21:0 79284
79283 56444 21:0 79284
79285 69 1:0 79285
79289 56458 1:0 79289
79290 56458 21:0 79295
79296 71 1:0 79296
79300 56462 1:0 79300
79301 56462 21:0 79304
79305 67 1:0 79305
79310 56465 1:0 79310
79311 56465 21:0 79335
79334 56470 21:0 79335
79338 56483 21:0 79370
79373 56492 21:0 79376
79383 56494 21:0 79386
79393 56497 21:0 79415
79414 56501 21:0 79415
79416 51 1:0 79416
79421 56515 21:0 79421
79427 53 1:0 79427
79432 56519 21:0 79432
79436 49 1:0 79436
79442 56522 21:0 79442
79447 56527 21:0 79448
79469 56540 21:0 79501
79504 56549 21:0 79507
79514 56551 21:0 79517
79524 56554 21:0 79546
79545 56558 21:0 79546
79547 33 1:0 79547
79552 56572 21:0 79552
79558 35 1:0 79558
79563 56576 21:0 79563
79567 31 1:0 79567
79573 56579 21:0 79573
79578 56584 21:0 79579
79600 56597 21:0 79632
79635 56606 21:0 79638
79645 56608 21:0 79648
79655 56611 21:0 79677
79676 56615 21:0 79677
79678 15 1:0 79678
79682 56629 1:0 79682
79683 56629 21:0 79683
79689 17 1:0 79689
79694 56633 21:0 79697
79698 13 1:0 79698
79704 56636 21:0 79728
79727 56641 21:0 79728
79731 56654 21:0 79763
79766 56663 21:0 79769
79776 56665 21:0 79779
79786 56668 21:0 79816
79815 56672 21:0 79816
79815 89132 21:0 79816
79816 89133 21:0 79827
79826 54468 21:0 79827
79826 56686 21:0 79827
79826 19 21:0 79827
79827 89134 21:0 79860
79859 89143 21:0 79860
79859 5 21:0 79860
79859 9 21:0 79860
79859 7 21:0 79860
79859 3 21:0 79860
79862 89127 21:0 79871
79870 89138 21:0 79871
79870 89153 21:0 79871
79870 89152 21:0 79871
79870 21 21:0 79871
79871 13 21:0 79871
79873 89155 21:0 79881
79876 17 21:0 79876
79880 89157 21:0 79931
79881 15 21:0 79881
79930 89156 21:0 79947
79946 89158 21:0 79957
79947 31 21:0 79947
79952 35 21:0 79952
79956 89188 21:0 80007
79957 33 21:0 79957
80006 89189 21:0 80023
80022 89190 21:0 80033
80023 49 21:0 80023
80028 53 21:0 80028
80032 89191 21:0 80083
80033 51 21:0 80033
80082 89221 21:0 80099
80098 89222 21:0 80109
80099 67 21:0 80099
80104 71 21:0 80104
80108 89223 21:0 80159
80109 69 21:0 80109
80158 89224 21:0 80175
80174 89254 21:0 80185
80175 85 21:0 80175
80180 89 21:0 80180
80184 89255 21:0 80235
80185 87 21:0 80185
80234 89256 21:0 80251
80250 89257 21:0 80261
80251 103 21:0 80251
80256 107 21:0 80256
80260 89287 21:0 80306
80261 105 21:0 80261
80305 89288 21:0 80327
80311 89339 21:0 80311
80326 89289 21:0 80337
80327 121 21:0 80327
80332 125 21:0 80332
80336 89290 21:0 80359
80337 123 21:0 80337
80358 89320 21:0 80403
80402 89321 21:0 80413
80403 139 21:0 80403
80408 143 21:0 80408
80412 89322 21:0 80431
80413 141 21:0 80413
80415 89378 21:0 80415
80430 89323 21:0 80479
80478 89353 21:0 80486
80479 157 21:0 80479
80484 161 21:0 80484
80485 89355 21:0 80507
80489 159 21:0 80489
80506 89354 21:0 80555
80539 89438 21:0 80539
80554 89356 21:0 80560
80555 175 21:0 80555
80559 89386 21:0 80579
80560 179 21:0 80560
80565 177 21:0 80565
80578 89388 21:0 80631
80630 89387 21:0 80636
80631 193 21:0 80631
80635 89389 21:0 80655
80636 197 21:0 80636
80641 195 21:0 80641
80654 89419 21:0 80707
80691 89503 21:0 80691
80691 89504 21:0 80691
80691 89501 21:0 80691
80698 89490 21:0 80698
80706 89421 21:0 80712
80707 211 21:0 80707
80711 89420 21:0 80731
80712 215 21:0 80712
80712 89517 21:0 80712
80717 213 21:0 80717
80728 89529 21:0 80728
80730 89422 21:0 80783
80739 89530 21:0 80739
80767 89534 21:0 80767
80772 89538 21:0 80772
80782 89452 21:0 80788
80783 229 21:0 80783
80787 231 1:0 80789
80787 249 1:0 80791
80787 285 1:0 80791
80787 89453 21:0 80807
80788 233 21:0 80788
80792 56234 1:0 80805
80792 301 1:0 80805
80792 87941 1:0 80805
80793 231 21:0 80793
80793 253 1:0 80793
80794 243 1:0 80805
80804 89562 21:0 80804
80806 267 1:0 80841
80806 89454 21:0 80859
80815 89563 21:0 80815
80842 56123 1:0 80857
80843 89567 21:0 80843
80847 257 1:0 80857
80847 263 1:0 80857
80854 255 1:0 80854
80858 88086 1:0 80862
80858 87994 1:0 80862
80858 87881 1:0 80862
80858 89455 21:0 80864
80859 247 21:0 80859
80863 259 1:0 80867
80863 87978 1:0 80867
80863 55717 1:0 80867
80863 283 1:0 80867
80863 89485 21:0 80883
80864 251 21:0 80864
80868 88072 1:0 80881
80868 56405 1:0 80881
80868 87982 1:0 80881
80869 249 21:0 80869
80869 271 1:0 80869
80870 261 1:0 80881
80880 89595 21:0 80880
80882 87948 1:0 80917
80882 89487 21:0 80935
80918 87940 1:0 80933
80919 89603 21:0 80919
80919 89602 21:0 80919
80919 89600 21:0 80919
80923 281 1:0 80924
80923 275 1:0 80924
80924 273 1:0 80924
80925 277 1:0 80933
80932 89615 21:0 80932
80934 87895 1:0 80938
80934 87912 1:0 80938
80934 87849 1:0 80938
80934 89486 21:0 80940
80935 265 21:0 80935
80939 87945 1:0 80943
80939 55945 1:0 80943
80939 87841 1:0 80943
80939 89488 21:0 80959
80940 269 21:0 80940
80944 87848 1:0 80957
80944 88073 1:0 80957
80944 55774 1:0 80957
80945 267 21:0 80945
80945 289 1:0 80945
80946 279 1:0 80957
80956 89628 21:0 80956
80958 87921 1:0 80993
80958 89518 21:0 81011
80994 56116 1:0 81009
80995 89633 21:0 80995
80999 293 1:0 81009
80999 299 1:0 81009
81006 291 1:0 81006
81010 56465 1:0 81014
81010 87795 1:0 81014
81010 55721 1:0 81014
81010 89520 21:0 81016
81015 56401 1:0 81019
81015 87987 1:0 81019
81015 87914 1:0 81019
81015 295 1:0 81019
81015 89519 21:0 81032
81016 89649 21:0 81016
81020 56348 1:0 81033
81020 56462 1:0 81033
81020 56066 1:0 81033
81021 307 1:0 81021
81022 297 1:0 81033
81031 89521 21:0 81087
81034 88046 1:0 81069
81043 89662 21:0 81043
81070 88060 1:0 81085
81071 89668 21:0 81071
81071 89666 21:0 81071
81071 89669 21:0 81071
81075 311 1:0 81085
81082 309 1:0 81082
81086 55838 1:0 81090
81086 87780 1:0 81090
81086 87901 1:0 81090
81086 89551 21:0 81092
81091 87879 1:0 81095
81091 55724 1:0 81095
81091 313 1:0 81095
81091 87683 1:0 81095
81091 89552 21:0 81097
81095 325 1:0 81095
81096 88097 1:0 81161
81096 89553 21:0 81163
81099 89675 21:0 81099
81108 89694 21:0 81108
81114 315 1:0 81115
81114 317 1:0 81145
81146 56344 1:0 81161
81147 89701 21:0 81147
81154 89688 21:0 81154
81158 327 1:0 81158
81162 89554 21:0 81168
81162 88096 1:0 81171
81167 56177 1:0 81171
81167 87846 1:0 81171
81167 89584 21:0 81173
81168 89715 21:0 81168
81172 56458 1:0 81177
81172 87974 1:0 81177
81172 89585 21:0 81182
81172 385 1:0 81175
81175 89708 21:0 81175
81178 88095 1:0 81184
81181 87915 1:0 81188
81181 56287 1:0 81188
81181 89586 21:0 81190
81185 55660 21:0 81185
81189 88093 1:0 81189
81189 89587 21:0 81193
81189 88094 1:0 81195
81192 55685 1:0 81197
81192 55699 1:0 81197
81192 55694 1:0 81197
81192 56006 1:0 81197
81192 55696 1:0 81197
81192 89617 21:0 81202
81197 55672 1:0 81197
81197 88091 1:0 81197
81198 88064 1:0 81225
81201 89142 21:0 81202
81201 89140 21:0 81202
81201 89341 21:0 81202
81201 89506 21:0 81202
81201 89473 21:0 81204
81201 56636 1:0 81225
81201 87888 1:0 81225
81203 89407 21:0 81204
81203 89176 21:0 81206
81205 89572 21:0 81206
81205 89275 21:0 81207
81206 88092 1:0 81206
81206 89638 21:0 81207
81206 89605 21:0 81208
81207 89671 21:0 81208
81207 89440 21:0 81209
81208 89308 21:0 81212
81211 89539 21:0 81212
81211 89242 21:0 81213
81212 89374 21:0 81213
81212 89209 21:0 81214
81213 89704 21:0 81215
81214 89594 21:0 81215
81214 89231 21:0 81215
81214 89284 21:0 81215
81214 89297 21:0 81215
81214 89264 21:0 81215
81214 89317 21:0 81215
81214 89462 21:0 81215
81214 89581 21:0 81215
81214 89198 21:0 81215
81214 89561 21:0 81215
81214 89449 21:0 81215
81214 89165 21:0 81215
81214 89528 21:0 81215
81214 89548 21:0 81215
81214 89330 21:0 81215
81214 89383 21:0 81215
81214 89218 21:0 81215
81214 89482 21:0 81215
81214 89416 21:0 81215
81214 89363 21:0 81215
81214 89396 21:0 81215
81214 89495 21:0 81215
81214 89251 21:0 81215
81214 89350 21:0 81215
81214 89515 21:0 81215
81214 89429 21:0 81215
81214 89185 21:0 81215
81214 89614 21:0 81216
81215 89713 21:0 81216
81215 89680 21:0 81216
81215 89693 21:0 81216
81215 89627 21:0 81216
81215 89660 21:0 81216
81215 327 21:0 81216
81215 55672 21:0 81216
81215 89647 21:0 81216
81216 385 21:0 81230
81223 88082 1:0 81225
81225 88071 1:0 81225
81225 55703 1:0 81225
81226 88081 1:0 81226
81226 88062 1:0 81308
81229 89619 21:0 81310
81235 88077 1:0 81235
81235 88080 1:0 81235
81235 88079 1:0 81235
81293 88066 1:0 81293
81309 89618 21:0 81313
81309 88063 1:0 81316
81312 87813 1:0 81319
81312 87815 1:0 81319
81312 89620 21:0 81321
81320 88061 1:0 81326
81320 89650 21:0 81330
81323 87775 1:0 81328
81323 55751 1:0 81328
81323 55756 1:0 81328
81323 55753 1:0 81328
81323 55742 1:0 81328
81327 55729 1:0 81328
81328 88058 1:0 81328
81329 89652 21:0 81333
81329 88031 1:0 81356
81332 87710 1:0 81356
81332 87802 1:0 81356
81332 89651 21:0 81412
81337 88059 1:0 81337
81342 88053 1:0 81342
81354 88049 1:0 81356
81356 88038 1:0 81356
81356 55760 1:0 81356
81357 88048 1:0 81357
81357 88029 1:0 81439
81366 88044 1:0 81366
81366 88047 1:0 81366
81411 89653 21:0 81441
81424 88033 1:0 81424
81440 88030 1:0 81447
81440 89683 21:0 81452
81443 87750 1:0 81450
81443 87762 1:0 81450
81447 55774 21:0 81447
81451 88027 1:0 81451
81451 89684 21:0 81455
81451 88028 1:0 81457
81454 55799 1:0 81459
81454 87723 1:0 81459
81454 55813 1:0 81459
81454 55808 1:0 81459
81454 55810 1:0 81459
81454 89685 21:0 81464
81459 88025 1:0 81459
81459 55786 1:0 81459
81460 87998 1:0 81487
81463 87749 1:0 81487
81463 87747 1:0 81487
81463 89686 21:0 81492
81473 88020 1:0 81473
81485 88016 1:0 81487
81487 55817 1:0 81487
81487 88005 1:0 81487
81488 88015 1:0 81488
81488 87997 1:0 81570
81491 89716 21:0 81572
81497 88011 1:0 81497
81497 88014 1:0 81497
81497 88013 1:0 81497
81550 88006 1:0 81550
81571 89717 21:0 81575
81571 87996 1:0 81577
81573 267 1:0 81573
81574 87822 1:0 81581
81574 87796 1:0 81581
81574 89718 21:0 81583
81577 55831 1:0 81577
81578 55831 21:0 81578
81582 87995 1:0 81588
81582 89719 21:0 81592
81584 269 1:0 81584
81585 55856 1:0 81590
81585 55870 1:0 81590
81585 55865 1:0 81590
81585 55867 1:0 81590
81585 87817 1:0 81590
81588 55835 1:0 81588
81590 55843 1:0 81590
81590 87992 1:0 81590
81591 89141 21:0 81592
81591 89147 21:0 81595
81591 87965 1:0 81618
81593 265 1:0 81593
81594 89154 21:0 81595
81594 89175 21:0 81595
81594 89171 21:0 81601
81594 87696 1:0 81618
81594 87763 1:0 81618
81599 55838 21:0 81599
81599 87993 1:0 81599
81600 89174 21:0 81623
81616 87983 1:0 81618
81618 87972 1:0 81618
81618 55874 1:0 81618
81619 87964 1:0 81701
81622 89180 21:0 81658
81628 87980 1:0 81628
81628 87981 1:0 81628
81657 89166 21:0 81674
81673 89167 21:0 81679
81678 89173 21:0 81703
81681 87973 1:0 81681
81686 87967 1:0 81686
81702 89186 21:0 81703
81702 89160 21:0 81703
81702 89204 21:0 81706
81702 87963 1:0 81708
81704 249 1:0 81704
81705 89199 21:0 81706
81705 89193 21:0 81706
81705 87729 1:0 81712
81705 87743 1:0 81712
81705 89208 21:0 81714
81708 55888 1:0 81708
81713 87961 1:0 81713
81713 89220 21:0 81714
81713 89207 21:0 81714
81713 89187 21:0 81717
81713 87962 1:0 81719
81715 251 1:0 81715
81716 89213 21:0 81717
81716 89200 21:0 81717
81716 87808 1:0 81721
81716 55922 1:0 81721
81716 55913 1:0 81721
81716 55927 1:0 81721
81716 55924 1:0 81721
81716 89219 21:0 81723
81719 55892 1:0 81719
81720 55900 1:0 81721
81721 87959 1:0 81721
81722 89206 21:0 81723
81722 89240 21:0 81724
81722 87932 1:0 81749
81723 89273 21:0 81726
81724 247 1:0 81724
81725 89270 21:0 81726
81725 89312 21:0 81730
81725 87676 1:0 81749
81725 87783 1:0 81749
81729 89272 21:0 81754
81735 87954 1:0 81735
81747 87950 1:0 81749
81749 87939 1:0 81749
81749 55931 1:0 81749
81750 87930 1:0 81832
81753 89252 21:0 81789
81759 87947 1:0 81759
81788 89265 21:0 81805
81804 89286 21:0 81808
81807 89299 21:0 81834
81817 87934 1:0 81817
81833 89292 21:0 81834
81833 89285 21:0 81834
81833 89232 21:0 81837
81833 87931 1:0 81840
81835 231 1:0 81835
81836 89305 21:0 81837
81836 89307 21:0 81837
81836 87717 1:0 81843
81836 87709 1:0 81843
81836 89241 21:0 81845
81844 87928 1:0 81844
81844 89253 21:0 81845
81844 89303 21:0 81845
81844 89239 21:0 81848
81844 87929 1:0 81850
81846 233 1:0 81846
81847 89274 21:0 81848
81847 89259 21:0 81848
81847 55979 1:0 81852
81847 55981 1:0 81852
81847 55984 1:0 81852
81847 55970 1:0 81852
81847 87784 1:0 81852
81847 89233 21:0 81854
81852 87926 1:0 81852
81852 55957 1:0 81852
81852 87899 1:0 81880
81852 87677 1:0 81880
81852 87782 1:0 81880
81852 87917 1:0 81880
81852 55988 1:0 81880
81852 87906 1:0 81880
81852 56036 1:0 81983
81852 87893 1:0 81983
81852 56014 1:0 81983
81852 87884 1:0 82011
81852 56045 1:0 82011
81852 87873 1:0 82011
81852 87860 1:0 82114
81852 56071 1:0 82114
81852 87851 1:0 82142
81852 87840 1:0 82142
81852 56102 1:0 82142
81852 87827 1:0 82245
81852 56128 1:0 82245
81852 87807 1:0 82273
81852 56159 1:0 82273
81852 87818 1:0 82273
81852 87794 1:0 82376
81852 56185 1:0 82376
81852 56216 1:0 82404
81852 87785 1:0 82404
81853 89298 21:0 81854
81853 89318 21:0 81854
81853 89306 21:0 81857
81855 229 1:0 81855
81855 87718 1:0 81974
81856 89246 21:0 81857
81856 89279 21:0 81857
81856 89237 21:0 81885
81858 87898 1:0 81963
81858 87897 1:0 81970
81860 87756 1:0 81974
81879 87896 1:0 81981
81881 87916 1:0 81881
81884 89266 21:0 81920
81886 56027 1:0 81983
81891 56038 1:0 81983
81891 56041 1:0 81983
81891 87703 1:0 81983
81891 56093 1:0 82114
81891 56095 1:0 82114
81891 56084 1:0 82114
81891 56152 1:0 82245
81891 87774 1:0 82404
81891 87761 1:0 82507
81891 56242 1:0 82507
81891 56273 1:0 82535
81891 87741 1:0 82535
81891 87728 1:0 82638
81891 56299 1:0 82638
81891 56330 1:0 82666
81891 87708 1:0 82666
81891 87695 1:0 82769
81891 56356 1:0 82769
81891 87675 1:0 82797
81891 56387 1:0 82797
81891 87662 1:0 82900
81891 56413 1:0 82900
81891 87642 1:0 82928
81891 56444 1:0 82928
81891 87629 1:0 83031
81891 56470 1:0 83031
81891 87609 1:0 83059
81891 56501 1:0 83059
81891 56527 1:0 83162
81891 56558 1:0 83190
81916 87908 1:0 81916
81919 89226 21:0 81936
81935 89398 21:0 81939
81937 87866 1:0 82011
81938 89405 21:0 81965
81940 87685 1:0 82011
81940 56098 1:0 82114
81943 87907 1:0 81943
81945 87828 1:0 82011
81960 87716 1:0 82105
81961 87816 1:0 82105
81964 89365 21:0 81965
81964 89484 21:0 81965
81964 89332 21:0 81968
81966 213 1:0 81966
81967 89435 21:0 81968
81967 89472 21:0 81968
81967 89411 21:0 81976
81970 56002 1:0 81970
81973 87865 1:0 82094
81974 87864 1:0 82101
81974 87684 1:0 82114
81975 89402 21:0 81976
81975 89385 21:0 81976
81975 89457 21:0 81979
81977 215 1:0 81977
81977 87863 1:0 82112
81978 89431 21:0 81979
81978 89418 21:0 81979
81978 89483 21:0 81985
81980 87751 1:0 82142
81980 87714 1:0 82142
81982 56006 21:0 81982
81983 87833 1:0 82142
81983 87832 1:0 82225
81984 89468 21:0 81985
81984 89430 21:0 81985
81984 89364 21:0 81988
81986 211 1:0 81986
81986 87831 1:0 82232
81987 89470 21:0 81988
81987 89404 21:0 81988
81987 89464 21:0 82016
81989 87776 1:0 82236
81989 87736 1:0 82236
81989 87830 1:0 82243
81991 56009 1:0 81991
81991 56150 1:0 82245
81991 56141 1:0 82245
81991 56155 1:0 82245
81991 56207 1:0 82376
81991 56209 1:0 82376
81991 87752 1:0 82535
81992 56009 21:0 81992
81992 87894 1:0 81992
81994 87789 1:0 82245
82009 87697 1:0 82273
82010 87742 1:0 82273
82012 87883 1:0 82012
82015 89340 21:0 82051
82022 87800 1:0 82273
82027 56212 1:0 82376
82047 87875 1:0 82047
82050 89373 21:0 82067
82063 56264 1:0 82507
82066 89351 21:0 82070
82069 89463 21:0 82096
82071 87799 1:0 82356
82076 87630 1:0 82367
82079 87868 1:0 82079
82091 87644 1:0 82367
82092 87664 1:0 82376
82095 89384 21:0 82096
82095 89406 21:0 82096
82095 89345 21:0 82099
82097 195 1:0 82097
82098 89352 21:0 82099
82098 89372 21:0 82099
82098 89477 21:0 82107
82101 56059 1:0 82101
82104 87798 1:0 82363
82105 87797 1:0 82374
82105 56198 1:0 82376
82105 56255 1:0 82507
82105 56266 1:0 82507
82105 56269 1:0 82507
82105 56321 1:0 82638
82105 56323 1:0 82638
82105 87719 1:0 82666
82106 87862 1:0 82106
82106 89358 21:0 82107
82106 89391 21:0 82107
82106 89424 21:0 82110
82108 197 1:0 82108
82108 87767 1:0 82404
82109 89437 21:0 82110
82109 89371 21:0 82110
82109 89471 21:0 82116
82111 87618 1:0 82404
82111 87651 1:0 82404
82111 87663 1:0 82498
82112 56063 1:0 82112
82113 56063 21:0 82113
82114 87765 1:0 82487
82114 87766 1:0 82495
82115 89325 21:0 82116
82115 89450 21:0 82116
82115 89319 21:0 82119
82117 193 1:0 82117
82117 87619 1:0 82498
82117 87617 1:0 82507
82118 89537 21:0 82119
82118 89338 21:0 82119
82118 89635 21:0 82147
82120 87764 1:0 82505
82122 87734 1:0 82535
82125 87652 1:0 82535
82128 87855 1:0 82128
82140 87657 1:0 82535
82143 87850 1:0 82143
82146 89417 21:0 82182
82153 87732 1:0 82618
82158 87611 1:0 82629
82178 87842 1:0 82178
82181 89714 21:0 82198
82194 56378 1:0 82769
82197 89331 21:0 82201
82200 89589 21:0 82227
82202 87733 1:0 82626
82207 87650 1:0 82629
82210 87835 1:0 82210
82222 56326 1:0 82638
82222 56312 1:0 82638
82222 56369 1:0 82769
82222 56383 1:0 82769
82223 87615 1:0 82638
82226 89699 21:0 82227
82226 89583 21:0 82227
82226 89596 21:0 82230
82228 177 1:0 82228
82229 55892 21:0 82230
82229 89682 21:0 82230
82229 89439 21:0 82238
82233 56116 21:0 82233
82235 87731 1:0 82636
82236 87637 1:0 82666
82236 87610 1:0 82666
82236 87701 1:0 82666
82236 87643 1:0 82760
82237 87829 1:0 82237
82237 89369 21:0 82238
82237 89648 21:0 82238
82237 89570 21:0 82241
82239 179 1:0 82239
82239 87604 1:0 82760
82240 55717 21:0 82241
82240 89510 21:0 82241
82240 55667 21:0 82247
82242 87699 1:0 82749
82243 56120 1:0 82243
82245 87700 1:0 82757
82245 87698 1:0 82767
82246 89629 21:0 82247
82246 55778 21:0 82247
82246 89336 21:0 82250
82248 175 1:0 82248
82248 87631 1:0 82769
82248 56380 1:0 82769
82248 87624 1:0 82797
82248 87686 1:0 82797
82248 56426 1:0 82900
82248 56440 1:0 82900
82248 56435 1:0 82900
82248 87653 1:0 82900
82248 56437 1:0 82928
82249 89569 21:0 82250
82249 55724 21:0 82250
82249 89604 21:0 82275
82251 87668 1:0 82797
82251 87648 1:0 82797
82254 56123 21:0 82254
82271 87666 1:0 82880
82272 87598 1:0 82891
82274 89637 21:0 82310
82284 87667 1:0 82888
82309 87809 1:0 82309
82309 323 21:0 82329
82325 87591 1:0 82891
82328 89556 21:0 82332
82331 89550 21:0 82358
82338 87665 1:0 82898
82353 87597 1:0 82900
82354 87553 1:0 82928
82357 89695 21:0 82358
82357 89609 21:0 82358
82357 89616 21:0 82361
82359 159 1:0 82359
82360 55 21:0 82361
82360 111 21:0 82361
82360 55703 21:0 82361
82360 253 21:0 82361
82360 255 21:0 82361
82360 37 21:0 82361
82360 39 21:0 82361
82360 271 21:0 82361
82360 56095 21:0 82361
82360 56155 21:0 82361
82360 109 21:0 82361
82360 273 21:0 82361
82360 289 21:0 82361
82360 129 21:0 82361
82360 56159 21:0 82361
82360 75 21:0 82361
82360 91 21:0 82361
82360 291 21:0 82361
82360 127 21:0 82361
82360 57 21:0 82361
82360 73 21:0 82361
82360 325 21:0 82361
82360 145 21:0 82361
82360 147 21:0 82361
82360 309 21:0 82361
82360 307 21:0 82361
82360 55760 21:0 82361
82360 55900 21:0 82361
82360 55970 21:0 82361
82360 56041 21:0 82361
82360 56084 21:0 82361
82360 55931 21:0 82361
82360 56141 21:0 82361
82360 55984 21:0 82361
82360 55957 21:0 82361
82360 56027 21:0 82361
82360 55786 21:0 82361
82360 55988 21:0 82361
82360 55729 21:0 82361
82360 56014 21:0 82361
82360 56128 21:0 82361
82360 55874 21:0 82361
82360 56102 21:0 82361
82360 56098 21:0 82361
82360 56071 21:0 82361
82360 55843 21:0 82361
82360 56045 21:0 82361
82360 55817 21:0 82361
82360 56150 21:0 82361
82360 56038 21:0 82361
82362 147 1:0 82507
82362 145 1:0 82535
82362 129 1:0 82638
82362 127 1:0 82666
82362 111 1:0 82769
82362 109 1:0 82797
82362 91 1:0 82928
82362 75 1:0 83031
82362 73 1:0 83059
82362 57 1:0 83162
82362 55 1:0 83190
82364 56173 21:0 82369
82366 87635 1:0 82928
82367 87586 1:0 82928
82367 87634 1:0 83011
82368 55856 21:0 82369
82368 55870 21:0 82369
82368 89661 21:0 82369
82368 55913 21:0 82369
82368 55927 21:0 82369
82368 55799 21:0 82372
82370 161 1:0 82370
82370 87633 1:0 83018
82371 55813 21:0 82372
82371 55756 21:0 82372
82371 55742 21:0 82372
82371 251 21:0 82372
82371 55685 21:0 82372
82371 55699 21:0 82372
82371 321 21:0 82378
82373 87578 1:0 83022
82373 87584 1:0 83022
82373 87565 1:0 83031
82375 56177 21:0 82375
82376 87632 1:0 83029
82376 56494 1:0 83031
82376 56492 1:0 83031
82376 56483 1:0 83031
82376 56497 1:0 83031
82376 87620 1:0 83059
82376 87585 1:0 83059
82376 87571 1:0 83059
82376 87596 1:0 83162
82376 56551 1:0 83162
82376 56549 1:0 83162
82376 87587 1:0 83190
82376 87576 1:0 83190
82376 56584 1:0 83293
82376 39 1:0 83293
82376 87563 1:0 83293
82376 37 1:0 83321
82376 87554 1:0 83321
82376 87543 1:0 83321
82376 56615 1:0 83321
82376 56641 1:0 83432
82376 87530 1:0 83432
82376 21 1:0 83432
82376 87521 1:0 83452
82376 19 1:0 83515
82376 56672 1:0 83518
82376 54468 1:0 83519
82376 87510 1:0 83519
82377 89543 21:0 82378
82377 89655 21:0 82378
82377 89582 21:0 82381
82379 157 1:0 82379
82379 87602 1:0 83059
82380 55981 21:0 82381
82380 55924 21:0 82381
82380 56093 21:0 82381
82380 89505 21:0 82381
82380 56002 21:0 82381
82380 56036 21:0 82381
82380 55979 21:0 82381
82380 56152 21:0 82381
82382 87601 1:0 83142
82382 56554 1:0 83162
82384 56180 1:0 82384
82385 56180 21:0 82409
82387 87600 1:0 83149
82402 87564 1:0 83153
82403 87577 1:0 83153
82408 55808 21:0 82409
82408 55922 21:0 82409
82408 56185 21:0 82409
82408 313 21:0 82409
82408 55751 21:0 82409
82408 55696 21:0 82409
82408 55810 21:0 82409
82408 55694 21:0 82409
82408 55867 21:0 82409
82408 55865 21:0 82409
82408 55753 21:0 82409
82412 56198 21:0 82444
82415 87599 1:0 83160
82443 55781 21:0 82460
82456 87582 1:0 83162
82456 56540 1:0 83162
82459 319 21:0 82463
82462 56209 21:0 82463
82467 56212 21:0 82489
82469 87569 1:0 83190
82484 87545 1:0 83190
82485 87558 1:0 83190
82485 56608 1:0 83293
82488 89536 21:0 82489
82488 55952 21:0 82489
82488 55664 21:0 82492
82490 141 1:0 82490
82491 56207 21:0 82492
82491 315 21:0 82492
82491 56059 21:0 82492
82491 89397 21:0 82492
82491 311 21:0 82492
82491 279 21:0 82492
82491 317 21:0 82492
82491 297 21:0 82492
82491 295 21:0 82492
82491 56216 21:0 82492
82494 56230 1:0 82494
82495 56230 21:0 82500
82497 87568 1:0 83273
82498 87567 1:0 83280
82498 87552 1:0 83284
82498 87551 1:0 83284
82498 87549 1:0 83293
82499 89444 21:0 82500
82499 55721 21:0 82500
82499 89576 21:0 82503
82501 143 1:0 82501
82502 249 21:0 82503
82502 55945 21:0 82506
82504 87566 1:0 83291
82505 89496 21:0 82509
82506 56234 21:0 82506
82507 56597 1:0 83293
82507 56611 1:0 83293
82507 56606 1:0 83293
82507 87538 1:0 83321
82507 87544 1:0 83321
82507 87536 1:0 83321
82507 7 1:0 83427
82507 56654 1:0 83427
82507 9 1:0 83440
82507 56663 1:0 83449
82508 89642 21:0 82509
82508 89523 21:0 82512
82510 139 1:0 82510
82510 87534 1:0 83404
82511 89703 21:0 82512
82511 89549 21:0 82512
82511 89451 21:0 82526
82513 87535 1:0 83412
82513 87532 1:0 83415
82513 56633 1:0 83415
82515 56237 1:0 82515
82516 56237 21:0 82516
82525 56066 21:0 82540
82533 87533 1:0 83422
82534 87525 1:0 83424
82534 56665 1:0 83503
82534 5 1:0 83506
82534 56668 1:0 83513
82539 293 21:0 82540
82539 299 21:0 82540
82539 56242 21:0 82540
82539 277 21:0 82540
82541 87516 1:0 83427
82543 56255 21:0 82575
82546 87531 1:0 83427
82546 87518 1:0 83452
82574 89571 21:0 82591
82587 87520 1:0 83452
82587 87519 1:0 83452
82590 55835 21:0 82594
82592 87512 1:0 83487
82593 56264 21:0 82594
82595 87505 1:0 83506
82595 3 1:0 83519
82595 56686 1:0 83534
82598 56269 21:0 82620
82600 87511 1:0 83514
82619 89702 21:0 82620
82619 305 21:0 82620
82619 89670 21:0 82623
82621 123 1:0 82621
82622 56120 21:0 82623
82622 89622 21:0 82623
82622 89516 21:0 82631
82624 89622 1:0 84292
82626 56287 21:0 82626
82628 56120 1:0 84292
82628 89670 1:0 84306
82628 305 1:0 84306
82628 89702 1:0 84342
82629 55835 1:0 84358
82629 89451 1:0 84363
82629 56066 1:0 84363
82629 89571 1:0 84363
82629 89703 1:0 84368
82629 89523 1:0 84382
82629 89549 1:0 84382
82630 87730 1:0 82630
82630 247 21:0 82631
82630 261 21:0 82631
82630 259 21:0 82631
82630 281 21:0 82631
82630 56273 21:0 82631
82630 257 21:0 82631
82630 56266 21:0 82631
82630 263 21:0 82631
82630 243 21:0 82631
82630 241 21:0 82631
82630 275 21:0 82631
82630 265 21:0 82634
82632 125 1:0 82632
82632 247 1:0 84287
82632 89516 1:0 84292
82632 243 1:0 84510
82633 55888 21:0 82634
82633 43 21:0 82634
82633 63 21:0 82634
82633 61 21:0 82634
82633 55949 21:0 82634
82633 89681 21:0 82640
82635 61 1:0 83029
82635 63 1:0 83029
82635 43 1:0 83160
82635 55949 1:0 84282
82635 265 1:0 84287
82635 55888 1:0 84287
82637 56291 21:0 82637
82638 89642 1:0 84382
82638 89496 1:0 84418
82638 55945 1:0 84434
82638 249 1:0 84439
82638 55721 1:0 84439
82638 89576 1:0 84439
82638 89397 1:0 84444
82638 56059 1:0 84444
82639 89636 21:0 82640
82639 89497 21:0 82640
82639 267 21:0 82643
82641 121 1:0 82641
82641 89636 1:0 84230
82641 89497 1:0 84230
82641 89681 1:0 84230
82642 301 21:0 82643
82642 55895 21:0 82643
82642 25 21:0 82643
82644 25 1:0 83291
82644 55895 1:0 84216
82644 267 1:0 84216
82644 301 1:0 84216
82644 89444 1:0 84444
82644 89536 1:0 84458
82644 55952 1:0 84458
82646 56294 1:0 82646
82646 55664 1:0 84458
82647 56294 21:0 82671
82649 319 1:0 84494
82664 55781 1:0 84510
82665 56002 1:0 84515
82665 89505 1:0 84515
82670 245 21:0 82671
82670 56299 21:0 82671
82670 239 21:0 82671
82672 245 1:0 84501
82672 239 1:0 84501
82674 56312 21:0 82706
82709 56321 21:0 82712
82719 56323 21:0 82722
82721 287 21:0 82725
82726 287 1:0 84211
82729 56326 21:0 82751
82750 56330 21:0 82751
82750 285 21:0 82751
82752 105 1:0 82752
82752 285 1:0 84211
82757 56344 21:0 82762
82763 107 1:0 82763
82768 56348 21:0 82771
82772 103 1:0 82772
82772 56348 1:0 84368
82777 56351 1:0 82777
82778 56351 21:0 82802
82801 56356 21:0 82802
82805 56369 21:0 82837
82807 87681 1:0 82807
82840 56378 21:0 82843
82850 56380 21:0 82853
82860 56383 21:0 82882
82865 87670 1:0 82865
82881 56387 21:0 82882
82883 87 1:0 82883
82888 56401 21:0 82888
82894 89 1:0 82894
82899 56405 21:0 82902
82903 85 1:0 82903
82909 56408 21:0 82909
82914 56413 21:0 82915
82936 56426 21:0 82968
82971 56435 21:0 82974
82981 56437 21:0 82984
82991 56440 21:0 83013
83012 56444 21:0 83013
83014 69 1:0 83014
83019 56458 21:0 83024
83025 71 1:0 83025
83030 56462 21:0 83033
83034 67 1:0 83034
83034 56462 1:0 84368
83040 56465 21:0 83040
83045 56470 21:0 83046
83067 56483 21:0 83099
83102 56492 21:0 83105
83112 56494 21:0 83115
83122 56497 21:0 83144
83143 56501 21:0 83144
83145 51 1:0 83145
83149 56515 1:0 83149
83150 56515 21:0 83155
83156 53 1:0 83156
83156 56515 1:0 84266
83160 56519 1:0 83160
83161 56519 21:0 83164
83165 49 1:0 83165
83170 56522 1:0 83170
83171 56522 21:0 83195
83194 56527 21:0 83195
83196 56522 1:0 84306
83198 56540 21:0 83230
83233 56549 21:0 83236
83243 56551 21:0 83246
83253 56554 21:0 83275
83274 56558 21:0 83275
83276 33 1:0 83276
83280 56572 1:0 83280
83281 56572 21:0 83281
83287 35 1:0 83287
83291 56576 1:0 83291
83292 56576 21:0 83295
83296 31 1:0 83296
83296 56576 1:0 84515
83301 56579 1:0 83301
83302 56579 21:0 83302
83307 56584 21:0 83308
83329 56597 21:0 83361
83364 56606 21:0 83367
83374 56608 21:0 83377
83384 56611 21:0 83406
83405 56615 21:0 83406
83407 15 1:0 83407
83411 56629 1:0 83411
83412 56629 21:0 83417
83418 17 1:0 83418
83423 56633 21:0 83426
83427 13 1:0 83427
83433 56636 21:0 83457
83456 56641 21:0 83457
83460 56654 21:0 83492
83495 56663 21:0 83498
83505 56665 21:0 83508
83515 56668 21:0 83545
83544 56672 21:0 83545
83544 90754 21:0 83545
83545 90755 21:0 83556
83555 54468 21:0 83556
83555 3 21:0 83556
83555 19 21:0 83556
83556 90756 21:0 83589
83588 90765 21:0 83589
83588 7 21:0 83589
83588 9 21:0 83589
83588 5 21:0 83589
83588 56686 21:0 83589
83591 90749 21:0 83600
83599 90762 21:0 83600
83599 90774 21:0 83600
83599 21 21:0 83600
83599 90775 21:0 83600
83600 13 21:0 83600
83602 90777 21:0 83610
83605 17 21:0 83605
83609 90778 21:0 83660
83610 15 21:0 83610
83659 90779 21:0 83676
83675 90780 21:0 83686
83676 31 21:0 83676
83681 35 21:0 83681
83685 90810 21:0 83736
83686 33 21:0 83686
83735 90812 21:0 83752
83751 90811 21:0 83762
83752 49 21:0 83752
83757 53 21:0 83757
83761 90813 21:0 83812
83762 51 21:0 83762
83811 90843 21:0 83828
83827 90844 21:0 83838
83828 67 21:0 83828
83833 71 21:0 83833
83837 90845 21:0 83888
83838 69 21:0 83838
83887 90846 21:0 83904
83903 90876 21:0 83914
83904 85 21:0 83904
83909 89 21:0 83909
83913 90877 21:0 83964
83914 87 21:0 83914
83963 90878 21:0 83980
83979 90879 21:0 83990
83980 103 21:0 83980
83985 107 21:0 83985
83989 90909 21:0 84035
83990 105 21:0 83990
84034 90910 21:0 84056
84055 90911 21:0 84066
84056 121 21:0 84056
84061 125 21:0 84061
84065 90912 21:0 84088
84066 123 21:0 84066
84087 90942 21:0 84132
84131 90944 21:0 84142
84132 139 21:0 84132
84137 143 21:0 84137
84141 90943 21:0 84160
84142 141 21:0 84142
84159 90945 21:0 84208
84205 91039 21:0 84205
84207 90975 21:0 84215
84208 157 21:0 84208
84213 161 21:0 84213
84214 90977 21:0 84236
84218 159 21:0 84218
84229 91052 21:0 84229
84235 90976 21:0 84284
84240 91053 21:0 84240
84268 91059 21:0 84268
84283 90978 21:0 84289
84284 175 21:0 84284
84288 91008 21:0 84308
84289 179 21:0 84289
84289 91073 21:0 84289
84294 177 21:0 84294
84305 91085 21:0 84305
84307 91009 21:0 84360
84344 91092 21:0 84344
84351 91079 21:0 84351
84357 91105 21:0 84357
84359 91010 21:0 84365
84360 193 21:0 84360
84364 91011 21:0 84384
84365 197 21:0 84365
84365 91106 21:0 84365
84370 195 21:0 84370
84372 91099 21:0 84372
84383 91041 21:0 84436
84392 91119 21:0 84392
84420 91123 21:0 84420
84435 91043 21:0 84441
84436 211 21:0 84436
84440 91042 21:0 84460
84441 215 21:0 84441
84446 213 21:0 84446
84457 91151 21:0 84457
84459 91044 21:0 84512
84496 91158 21:0 84496
84503 91145 21:0 84503
84511 91074 21:0 84517
84512 229 21:0 84512
84516 89582 1:0 84520
84516 56351 1:0 84520
84516 89543 1:0 84520
84516 91076 21:0 84536
84517 233 21:0 84517
84521 251 1:0 84534
84521 321 1:0 84534
84521 89655 1:0 84534
84522 231 21:0 84522
84522 253 1:0 84522
84523 241 1:0 84534
84524 91165 21:0 84524
84535 89661 1:0 84570
84535 91075 21:0 84588
84544 91185 21:0 84544
84571 89616 1:0 84586
84572 91189 21:0 84572
84576 263 1:0 84577
84576 257 1:0 84577
84577 255 1:0 84577
84578 261 1:0 84586
84579 91178 21:0 84579
84587 89695 1:0 84591
84587 89550 1:0 84591
84587 89609 1:0 84591
84587 91077 21:0 84593
84588 247 21:0 84588
84592 89637 1:0 84596
84592 89556 1:0 84596
84592 323 1:0 84596
84592 91107 21:0 84612
84593 251 21:0 84593
84597 89604 1:0 84610
84597 89569 1:0 84610
84597 55724 1:0 84610
84598 249 21:0 84598
84598 271 1:0 84598
84599 259 1:0 84610
84600 91198 21:0 84600
84609 91217 21:0 84609
84611 89336 1:0 84646
84611 91109 21:0 84664
84647 56405 1:0 84662
84648 91222 21:0 84648
84652 275 1:0 84653
84652 281 1:0 84653
84653 273 1:0 84653
84654 277 1:0 84662
84661 91237 21:0 84661
84663 89629 1:0 84667
84663 56458 1:0 84667
84663 55778 1:0 84667
84663 91108 21:0 84669
84664 265 21:0 84664
84668 89510 1:0 84672
84668 55717 1:0 84672
84668 55667 1:0 84672
84668 91110 21:0 84688
84669 269 21:0 84669
84669 91238 21:0 84669
84673 56230 1:0 84686
84673 89648 1:0 84686
84673 89570 1:0 84686
84674 267 21:0 84674
84674 289 1:0 84674
84675 279 1:0 84686
84687 89369 1:0 84722
84687 91140 21:0 84740
84723 89439 1:0 84738
84724 91255 21:0 84724
84724 91258 21:0 84724
84728 293 1:0 84729
84728 299 1:0 84729
84729 91259 21:0 84729
84729 291 1:0 84729
84730 295 1:0 84738
84737 91270 21:0 84737
84739 55892 1:0 84743
84739 56294 1:0 84743
84739 89682 1:0 84743
84739 91141 21:0 84745
84740 283 21:0 84740
84744 89596 1:0 84748
84744 56173 1:0 84748
84744 89699 1:0 84748
84744 91142 21:0 84756
84745 287 21:0 84745
84745 91271 21:0 84745
84749 89583 1:0 84762
84749 56519 1:0 84762
84749 56344 1:0 84762
84750 285 21:0 84750
84750 307 1:0 84750
84751 297 1:0 84762
84752 91264 21:0 84752
84755 91143 21:0 84816
84763 56629 1:0 84798
84772 91284 21:0 84772
84799 89589 1:0 84814
84800 91291 21:0 84800
84804 317 1:0 84814
84804 311 1:0 84814
84805 91292 21:0 84805
84807 91277 21:0 84807
84811 309 1:0 84811
84815 89331 1:0 84819
84815 89714 1:0 84819
84815 89417 1:0 84819
84815 91173 21:0 84821
84816 301 21:0 84816
84820 315 1:0 84824
84820 89635 1:0 84824
84820 89537 1:0 84824
84820 56180 1:0 84824
84820 91174 21:0 84826
84821 305 21:0 84821
84821 91304 21:0 84821
84825 89338 1:0 84838
84825 56636 1:0 84838
84825 91175 21:0 84892
84825 386 1:0 84838
84826 303 21:0 84826
84826 325 1:0 84826
84827 313 1:0 84838
84837 91316 21:0 84837
84839 89319 1:0 84874
84848 91317 21:0 84848
84874 327 1:0 84874
84875 89719 1:0 84895
84876 91324 21:0 84876
84876 91321 21:0 84876
84881 91325 21:0 84881
84889 91336 21:0 84889
84891 91176 21:0 84897
84892 319 21:0 84892
84894 91339 21:0 84894
84896 91206 21:0 84902
84896 89718 1:0 84906
84897 91337 21:0 84897
84898 91339 1:0 84898
84901 89325 1:0 84906
84901 89450 1:0 84906
84901 91208 21:0 84911
84904 91330 21:0 84904
84907 89717 1:0 84913
84910 89437 1:0 84917
84910 89471 1:0 84917
84910 91207 21:0 84919
84913 55660 1:0 84913
84916 91347 21:0 84916
84918 89715 1:0 84918
84918 91209 21:0 84922
84918 89716 1:0 84924
84921 55699 1:0 84926
84921 55685 1:0 84926
84921 55694 1:0 84926
84921 55696 1:0 84926
84921 89371 1:0 84926
84921 91239 21:0 84931
84925 91347 1:0 84925
84926 89713 1:0 84926
84926 55672 1:0 84926
84927 89686 1:0 84954
84929 319 1:0 84929
84930 89358 1:0 84954
84930 89424 1:0 84954
84930 91241 21:0 84994
84935 55667 21:0 84935
84940 89708 1:0 84940
84952 89704 1:0 84954
84954 89693 1:0 84954
84954 55703 1:0 84954
84955 89685 1:0 85037
84964 89701 1:0 84964
84993 91240 21:0 85039
85017 89694 1:0 85017
85022 89688 1:0 85022
85038 91242 21:0 85042
85038 89684 1:0 85044
85040 303 1:0 85040
85041 89477 1:0 85048
85041 89391 1:0 85048
85041 91272 21:0 85053
85045 55717 21:0 85045
85049 89683 1:0 85055
85051 305 1:0 85051
85052 55756 1:0 85057
85052 89372 1:0 85057
85052 55742 1:0 85057
85052 55751 1:0 85057
85052 55753 1:0 85057
85052 91274 21:0 85059
85057 89680 1:0 85057
85057 55729 1:0 85057
85058 91273 21:0 85062
85058 89653 1:0 85085
85060 301 1:0 85060
85061 89345 1:0 85085
85061 89352 1:0 85085
85061 91275 21:0 85144
85071 89675 1:0 85071
85083 89671 1:0 85085
85085 89660 1:0 85085
85085 55760 1:0 85085
85086 89651 1:0 85168
85095 89668 1:0 85095
85095 89666 1:0 85095
85095 89669 1:0 85095
85121 89662 1:0 85121
85143 91305 21:0 85173
85169 89652 1:0 85176
85171 285 1:0 85171
85172 89406 1:0 85179
85172 89384 1:0 85179
85172 91306 21:0 85181
85175 55774 1:0 85175
85180 89649 1:0 85180
85180 91307 21:0 85184
85180 89650 1:0 85186
85182 287 1:0 85182
85183 55813 1:0 85188
85183 89463 1:0 85188
85183 55808 1:0 85188
85183 55810 1:0 85188
85183 55799 1:0 85188
85183 91308 21:0 85193
85187 55778 21:0 85187
85187 55786 1:0 85188
85188 89647 1:0 85188
85189 89620 1:0 85216
85191 283 1:0 85191
85192 89351 1:0 85216
85192 89373 1:0 85216
85192 91338 21:0 85253
85214 89638 1:0 85216
85216 89627 1:0 85216
85216 55817 1:0 85216
85217 89618 1:0 85299
85226 89633 1:0 85226
85252 91339 21:0 85301
85279 89628 1:0 85279
85300 91340 21:0 85304
85300 89619 1:0 85307
85302 267 1:0 85302
85303 89464 1:0 85310
85303 89340 1:0 85310
85303 91341 21:0 85315
85306 55831 1:0 85306
85307 55831 21:0 85307
85311 89617 1:0 85317
85313 269 1:0 85313
85314 90764 21:0 85315
85314 90760 21:0 85315
85314 55865 1:0 85319
85314 89404 1:0 85319
85314 55870 1:0 85319
85314 55856 1:0 85319
85314 55867 1:0 85319
85314 90763 21:0 85321
85318 55843 1:0 85319
85319 89614 1:0 85319
85320 90776 21:0 85321
85320 90769 21:0 85321
85320 90789 21:0 85324
85320 89587 1:0 85347
85322 265 1:0 85322
85323 90808 21:0 85324
85323 90782 21:0 85324
85323 89470 1:0 85347
85323 89364 1:0 85347
85323 90796 21:0 85349
85327 55838 1:0 85327
85328 89615 1:0 85328
85345 89605 1:0 85347
85347 55874 1:0 85347
85347 89594 1:0 85347
85348 90809 21:0 85384
85348 89586 1:0 85430
85357 89603 1:0 85357
85357 89602 1:0 85357
85357 89600 1:0 85357
85383 90788 21:0 85403
85402 90793 21:0 85406
85405 90795 21:0 85432
85410 89595 1:0 85410
85431 90802 21:0 85432
85431 90797 21:0 85432
85431 90822 21:0 85435
85431 89585 1:0 85437
85433 249 1:0 85433
85434 90861 21:0 85435
85434 90855 21:0 85435
85434 89468 1:0 85441
85434 89430 1:0 85441
85434 90815 21:0 85443
85438 55888 21:0 85438
85442 90874 21:0 85443
85442 90835 21:0 85443
85442 90830 21:0 85446
85442 89584 1:0 85448
85444 251 1:0 85444
85445 90854 21:0 85446
85445 90859 21:0 85446
85445 55922 1:0 85450
85445 55924 1:0 85450
85445 89483 1:0 85450
85445 55913 1:0 85450
85445 55927 1:0 85450
85445 90842 21:0 85452
85450 55900 1:0 85450
85450 89581 1:0 85450
85451 90862 21:0 85452
85451 90829 21:0 85452
85451 90868 21:0 85455
85451 89554 1:0 85478
85453 247 1:0 85453
85454 90821 21:0 85455
85454 90828 21:0 85455
85454 89431 1:0 85478
85454 89418 1:0 85478
85454 90841 21:0 85480
85459 55895 21:0 85459
85476 89572 1:0 85478
85478 55931 1:0 85478
85478 89561 1:0 85478
85479 90826 21:0 85515
85479 89553 1:0 85561
85488 89567 1:0 85488
85514 89563 1:0 85514
85514 90863 21:0 85534
85533 90848 21:0 85537
85536 90875 21:0 85563
85541 89562 1:0 85541
85562 90892 21:0 85563
85562 90961 21:0 85563
85562 90895 21:0 85566
85562 89552 1:0 85568
85564 231 1:0 85564
85565 90967 21:0 85566
85565 90947 21:0 85566
85565 89402 1:0 85572
85565 89457 1:0 85572
85565 90960 21:0 85574
85569 55945 21:0 85569
85573 90896 21:0 85574
85573 90994 21:0 85574
85573 90881 21:0 85577
85573 89551 1:0 85579
85575 233 1:0 85575
85576 90887 21:0 85577
85576 90958 21:0 85577
85576 55970 1:0 85581
85576 55984 1:0 85581
85576 89385 1:0 85581
85576 55981 1:0 85581
85576 55979 1:0 85581
85576 90920 21:0 85583
85578 55957 1:0 85581
85581 89548 1:0 85581
85581 55988 1:0 85609
85581 89528 1:0 85609
85581 89539 1:0 85609
85581 89411 1:0 85609
85581 89472 1:0 85609
85581 89521 1:0 85609
85581 56036 1:0 85712
85581 89515 1:0 85712
85581 56038 1:0 85712
85581 56014 1:0 85712
85581 56045 1:0 85740
85581 89506 1:0 85740
85581 89495 1:0 85740
85581 89482 1:0 85843
85581 56071 1:0 85843
85581 56093 1:0 85843
85581 89473 1:0 85871
85581 89462 1:0 85871
85581 56102 1:0 85871
85581 56128 1:0 85974
85581 56159 1:0 86002
85582 90888 21:0 85583
85582 90908 21:0 85583
85582 90986 21:0 85586
85584 229 1:0 85584
85584 89435 1:0 85703
85585 90980 21:0 85586
85585 91000 21:0 85586
85585 90987 21:0 85611
85587 89519 1:0 85692
85587 89520 1:0 85700
85589 89332 1:0 85703
85592 89449 1:0 85974
85608 89518 1:0 85710
85610 89538 1:0 85610
85610 90974 21:0 85646
85619 89534 1:0 85619
85620 56027 1:0 85712
85620 56041 1:0 85712
85620 89365 1:0 85712
85620 56095 1:0 85843
85620 56150 1:0 85974
85620 56152 1:0 85974
85620 89429 1:0 86002
85620 89440 1:0 86002
85645 89530 1:0 85645
85645 90901 21:0 85665
85664 90927 21:0 85668
85666 89488 1:0 85740
85667 90928 21:0 85694
85669 89484 1:0 85740
85669 56084 1:0 85843
85672 89529 1:0 85672
85674 89405 1:0 85740
85681 56209 1:0 86105
85689 89398 1:0 85834
85690 89226 1:0 85834
85693 90962 21:0 85694
85693 90934 21:0 85694
85693 90925 21:0 85697
85695 213 1:0 85695
85696 91006 21:0 85697
85696 90953 21:0 85697
85696 90941 21:0 85705
85702 89486 1:0 85823
85703 89487 1:0 85831
85703 89266 1:0 85843
85704 89517 1:0 85704
85704 90940 21:0 85705
85704 90993 21:0 85705
85704 90907 21:0 85708
85706 215 1:0 85706
85706 89485 1:0 85841
85707 90954 21:0 85708
85707 90914 21:0 85708
85707 90995 21:0 85714
85709 56098 1:0 85843
85709 89237 1:0 85871
85709 89246 1:0 85871
85709 56141 1:0 85974
85709 56155 1:0 85974
85709 56185 1:0 86105
85709 89416 1:0 86105
85709 56216 1:0 86133
85709 56242 1:0 86236
85709 56273 1:0 86264
85710 56006 1:0 85710
85712 89455 1:0 85871
85712 89454 1:0 85954
85713 90973 21:0 85714
85713 91007 21:0 85714
85713 90929 21:0 85717
85715 211 1:0 85715
85715 89306 1:0 85965
85715 89279 1:0 85965
85716 90991 21:0 85717
85716 90894 21:0 85717
85716 90921 21:0 85742
85718 89453 1:0 85961
85720 56009 1:0 85720
85720 89452 1:0 85972
85723 89298 1:0 85974
85738 89318 1:0 86002
85739 89233 1:0 86002
85741 91013 21:0 85777
85750 89503 1:0 85750
85750 89504 1:0 85750
85750 89501 1:0 85750
85751 89422 1:0 86002
85776 91033 21:0 85796
85792 56212 1:0 86105
85795 91020 21:0 85799
85798 91027 21:0 85825
85800 89420 1:0 86085
85805 89274 1:0 86096
85808 89490 1:0 85808
85812 89407 1:0 86133
85820 89259 1:0 86096
85821 56207 1:0 86105
85821 56198 1:0 86105
85821 89396 1:0 86133
85821 56255 1:0 86236
85821 89383 1:0 86236
85821 56266 1:0 86236
85821 56264 1:0 86236
85821 56269 1:0 86236
85821 89374 1:0 86264
85821 89363 1:0 86264
85821 56299 1:0 86367
85821 89350 1:0 86367
85821 89330 1:0 86395
85821 89341 1:0 86395
85821 56330 1:0 86395
85821 89317 1:0 86498
85821 56356 1:0 86498
85821 89308 1:0 86526
85821 89297 1:0 86526
85821 56387 1:0 86526
85821 56413 1:0 86629
85821 89284 1:0 86629
85821 89264 1:0 86657
85821 56444 1:0 86657
85821 89275 1:0 86657
85821 56470 1:0 86760
85821 56501 1:0 86788
85824 386 21:0 85825
85824 91283 21:0 85825
85824 91303 21:0 85828
85826 195 1:0 85826
85827 91127 21:0 85828
85827 91019 21:0 85828
85827 91251 21:0 85836
85833 89421 1:0 86093
85834 89419 1:0 86103
85834 89239 1:0 86105
85835 55724 21:0 85836
85835 91250 21:0 85836
85835 91171 21:0 85839
85837 197 1:0 85837
85837 89389 1:0 86133
85838 91297 21:0 85839
85838 91290 21:0 85839
85838 91093 21:0 85845
85840 89303 1:0 86133
85840 89253 1:0 86133
85840 89241 1:0 86227
85841 56063 1:0 85841
85842 56063 21:0 85842
85843 89387 1:0 86216
85843 89388 1:0 86224
85844 91061 21:0 85845
85844 91118 21:0 85845
85844 91132 21:0 85848
85846 193 1:0 85846
85846 89305 1:0 86227
85846 89307 1:0 86236
85847 91184 21:0 85848
85847 91152 21:0 85848
85847 55835 21:0 85873
85849 89386 1:0 86234
85851 89356 1:0 86264
85852 56066 21:0 85852
85854 89232 1:0 86264
85869 89292 1:0 86264
85872 91086 21:0 85898
85882 89354 1:0 86347
85897 55949 21:0 85927
85923 89285 1:0 86358
85926 91024 21:0 85930
85929 91139 21:0 85956
85931 89355 1:0 86355
85936 89299 1:0 86358
85951 56323 1:0 86367
85951 56321 1:0 86367
85951 56326 1:0 86367
85951 56312 1:0 86367
85951 56378 1:0 86498
85951 56380 1:0 86498
85951 56369 1:0 86498
85952 89286 1:0 86367
85955 91211 21:0 85956
85955 91126 21:0 85956
85955 91026 21:0 85959
85957 177 1:0 85957
85958 55892 21:0 85959
85958 91225 21:0 85959
85958 91231 21:0 85967
85961 56116 1:0 85961
85962 56116 21:0 85962
85964 89353 1:0 86365
85965 89265 1:0 86395
85965 89252 1:0 86395
85965 89323 1:0 86395
85965 89272 1:0 86489
85966 91193 21:0 85967
85966 91060 21:0 85967
85966 91205 21:0 85970
85968 179 1:0 85968
85968 89312 1:0 86489
85968 56383 1:0 86498
85969 91090 21:0 85970
85969 55660 21:0 85970
85969 56084 21:0 85970
85969 56041 21:0 85976
85971 89322 1:0 86478
85973 56120 21:0 85973
85974 89321 1:0 86485
85974 89320 1:0 86496
85975 91112 21:0 85976
85975 91125 21:0 85976
85975 56098 21:0 85976
85975 56027 21:0 85976
85975 91257 21:0 85979
85977 175 1:0 85977
85977 89270 1:0 86498
85977 89273 1:0 86526
85977 56437 1:0 86629
85977 56435 1:0 86629
85978 91244 21:0 85979
85978 56009 21:0 85979
85978 91156 21:0 86004
85980 89290 1:0 86526
85980 89240 1:0 86526
85982 56123 1:0 85982
86000 89289 1:0 86609
86001 89219 1:0 86620
86003 55984 21:0 86007
86006 90897 21:0 86007
86006 56095 21:0 86007
86006 90963 21:0 86007
86006 91161 21:0 86007
86006 91029 21:0 86007
86006 90930 21:0 86007
86006 55927 21:0 86007
86006 55970 21:0 86007
86006 91227 21:0 86007
86006 91038 21:0 86007
86006 90853 21:0 86007
86006 90873 21:0 86007
86006 91117 21:0 86007
86006 90996 21:0 86007
86006 91194 21:0 86007
86006 90831 21:0 86007
86006 91062 21:0 86007
86006 91095 21:0 86007
86006 90798 21:0 86007
86006 91128 21:0 86007
86006 90864 21:0 86007
86006 56038 21:0 86007
86006 91104 21:0 86008
86007 91137 21:0 86009
86008 91084 21:0 86009
86008 90886 21:0 86010
86009 90985 21:0 86010
86009 91183 21:0 86010
86009 56014 21:0 86010
86009 55957 21:0 86010
86009 91051 21:0 86010
86009 91071 21:0 86010
86009 91150 21:0 86010
86009 90787 21:0 86010
86009 90919 21:0 86010
86009 90820 21:0 86010
86009 90952 21:0 86010
86009 90840 21:0 86010
86009 91005 21:0 86010
86009 90939 21:0 86010
86009 91018 21:0 86010
86009 91170 21:0 86010
86009 90906 21:0 86010
86009 90972 21:0 86010
86009 90807 21:0 86010
86010 56141 21:0 86042
86012 89438 1:0 86012
86013 89288 1:0 86616
86041 55838 21:0 86058
86054 89206 1:0 86620
86057 283 21:0 86061
86060 91260 21:0 86061
86060 91302 21:0 86061
86060 91315 21:0 86061
86060 91216 21:0 86061
86060 91203 21:0 86061
86060 55931 21:0 86061
86060 91335 21:0 86061
86060 93 21:0 86061
86060 91236 21:0 86061
86060 129 21:0 86061
86060 145 21:0 86061
86060 91249 21:0 86061
86060 91282 21:0 86061
86060 57 21:0 86061
86060 147 21:0 86061
86060 91326 21:0 86061
86060 91269 21:0 86061
86060 73 21:0 86061
86060 55672 21:0 86061
86060 291 21:0 86061
86060 55843 21:0 86061
86060 55817 21:0 86061
86060 55786 21:0 86061
86060 55760 21:0 86061
86060 307 21:0 86061
86060 309 21:0 86061
86060 325 21:0 86061
86060 327 21:0 86061
86060 91293 21:0 86061
86060 56150 21:0 86061
86060 55703 21:0 86061
86060 55729 21:0 86061
86060 55988 21:0 86061
86060 56128 21:0 86061
86060 56045 21:0 86061
86060 56071 21:0 86061
86060 56102 21:0 86061
86060 289 21:0 86061
86060 253 21:0 86061
86060 55874 21:0 86061
86060 255 21:0 86061
86060 55900 21:0 86061
86060 271 21:0 86061
86060 273 21:0 86061
86062 147 1:0 86236
86062 145 1:0 86264
86062 129 1:0 86367
86062 89287 1:0 86627
86062 93 1:0 86629
86062 73 1:0 86788
86065 56155 21:0 86087
86067 89200 1:0 86629
86073 89251 1:0 86760
86074 89231 1:0 86788
86082 56426 1:0 86629
86082 56440 1:0 86629
86082 56494 1:0 86760
86082 56483 1:0 86760
86082 56492 1:0 86760
86082 89242 1:0 86788
86082 56551 1:0 86891
86082 57 1:0 86891
86082 89218 1:0 86891
86082 56527 1:0 86891
86082 89209 1:0 86919
86082 56558 1:0 86919
86082 89198 1:0 86919
86082 56584 1:0 87022
86082 89185 1:0 87022
86082 89176 1:0 87050
86082 89165 1:0 87050
86082 56615 1:0 87050
86082 21 1:0 87161
86082 56641 1:0 87161
86082 89152 1:0 87161
86082 89143 1:0 87181
86082 19 1:0 87244
86082 56672 1:0 87247
86082 54468 1:0 87248
86082 89132 1:0 87248
86083 89187 1:0 86657
86086 55913 21:0 86087
86086 55774 21:0 86087
86086 55756 21:0 86087
86086 55799 21:0 86087
86086 55813 21:0 86087
86086 55742 21:0 86087
86086 55856 21:0 86087
86086 55870 21:0 86087
86086 91072 21:0 86090
86088 159 1:0 86088
86089 249 21:0 86090
86089 91226 21:0 86090
86089 55721 21:0 86098
86093 56173 21:0 86093
86095 89257 1:0 86657
86096 89213 1:0 86657
86096 89256 1:0 86740
86097 301 21:0 86098
86097 91159 21:0 86098
86097 91172 21:0 86101
86099 161 1:0 86099
86099 89255 1:0 86747
86100 91040 21:0 86101
86100 56123 21:0 86101
86100 91160 21:0 86107
86102 89207 1:0 86751
86102 89220 1:0 86751
86102 89208 1:0 86760
86103 56177 1:0 86103
86105 89254 1:0 86758
86105 56497 1:0 86760
86105 89193 1:0 86788
86105 56549 1:0 86891
86105 56540 1:0 86891
86105 56554 1:0 86891
86106 91057 21:0 86107
86106 91310 21:0 86110
86108 157 1:0 86108
86108 89224 1:0 86788
86109 91192 21:0 86110
86109 285 21:0 86110
86109 91066 21:0 86115
86111 89199 1:0 86788
86111 89223 1:0 86871
86114 91288 21:0 86138
86116 89222 1:0 86878
86131 89186 1:0 86882
86132 89204 1:0 86882
86137 55685 21:0 86138
86137 55699 21:0 86138
86137 56036 21:0 86138
86137 56185 21:0 86138
86137 56159 21:0 86138
86137 56152 21:0 86138
86141 56198 21:0 86173
86144 89221 1:0 86889
86172 91094 21:0 86189
86185 89160 1:0 86891
86185 56608 1:0 87022
86185 56606 1:0 87022
86188 91224 21:0 86192
86191 56207 21:0 86192
86196 56212 21:0 86218
86198 89191 1:0 86919
86213 89173 1:0 86919
86214 56597 1:0 87022
86214 56611 1:0 87022
86214 56654 1:0 87156
86217 55979 21:0 86218
86217 55922 21:0 86218
86217 56093 21:0 86218
86217 55753 21:0 86218
86217 55924 21:0 86218
86217 269 21:0 86218
86217 55865 21:0 86218
86217 55751 21:0 86218
86217 55867 21:0 86218
86217 56209 21:0 86218
86217 55952 21:0 86218
86217 55810 21:0 86218
86217 55981 21:0 86218
86217 55808 21:0 86218
86217 55696 21:0 86221
86219 141 1:0 86219
86220 299 21:0 86221
86220 281 21:0 86221
86220 241 21:0 86221
86220 313 21:0 86221
86220 243 21:0 86221
86220 317 21:0 86221
86220 311 21:0 86221
86220 275 21:0 86221
86220 279 21:0 86221
86220 261 21:0 86221
86220 315 21:0 86221
86220 277 21:0 86221
86220 293 21:0 86221
86220 295 21:0 86221
86220 297 21:0 86221
86220 259 21:0 86221
86220 55694 21:0 86221
86220 257 21:0 86221
86220 263 21:0 86221
86220 56216 21:0 86221
86220 91028 21:0 86229
86224 56230 21:0 86224
86226 89167 1:0 86919
86226 89166 1:0 87013
86226 89180 1:0 87013
86227 89190 1:0 87002
86227 89189 1:0 87009
86228 91204 21:0 86229
86228 91323 21:0 86229
86228 91218 21:0 86232
86230 143 1:0 86230
86230 89174 1:0 87022
86231 239 21:0 86232
86231 91191 21:0 86232
86231 56059 21:0 86232
86231 115 21:0 86232
86233 115 1:0 86367
86233 89188 1:0 87020
86234 56234 1:0 86234
86235 56234 21:0 86238
86236 89158 1:0 87050
86236 89175 1:0 87050
86236 89171 1:0 87050
86237 233 21:0 86238
86237 91138 21:0 86241
86239 139 1:0 86239
86239 89156 1:0 87133
86240 55781 21:0 86241
86240 91046 21:0 86241
86240 81 21:0 86241
86242 81 1:0 86627
86242 89157 1:0 87141
86242 56633 1:0 87144
86242 89154 1:0 87144
86244 56237 1:0 86244
86244 89147 1:0 87153
86250 89378 1:0 86250
86250 56242 21:0 86251
86251 56237 21:0 86269
86263 89155 1:0 87151
86270 9 1:0 87156
86270 56663 1:0 87169
86270 7 1:0 87178
86270 56665 1:0 87232
86272 56255 21:0 86304
86275 89140 1:0 87156
86275 89141 1:0 87156
86307 56264 21:0 86310
86316 89153 1:0 87161
86316 89138 1:0 87181
86317 56266 21:0 86320
86319 56177 21:0 86323
86321 56686 1:0 87248
86324 89142 1:0 87181
86324 5 1:0 87235
86327 56269 21:0 86349
86329 89134 1:0 87216
86344 89127 1:0 87235
86345 56668 1:0 87242
86348 56180 21:0 86349
86348 56002 21:0 86349
86348 56273 21:0 86349
86348 56006 21:0 86352
86350 123 1:0 86350
86351 287 21:0 86352
86351 55664 21:0 86352
86354 56287 1:0 86354
86355 56287 21:0 86360
86357 89133 1:0 87243
86357 3 1:0 87264
86357 287 1:0 88035
86357 55664 1:0 88035
86357 239 1:0 88230
86357 243 1:0 88239
86358 56006 1:0 88071
86358 56180 1:0 88087
86358 56177 1:0 88092
86358 56002 1:0 88092
86358 55781 1:0 88097
86358 91046 1:0 88097
86358 56237 1:0 88097
86359 265 21:0 86360
86359 247 21:0 86360
86361 125 1:0 86361
86361 265 1:0 88021
86361 247 1:0 88035
86365 56291 1:0 86365
86366 56291 21:0 86366
86367 91138 1:0 88111
86367 233 1:0 88111
86367 91191 1:0 88147
86367 56059 1:0 88163
86367 91323 1:0 88168
86367 91204 1:0 88168
86367 91218 1:0 88168
86367 55952 1:0 88173
86370 121 1:0 86370
86373 269 1:0 88173
86373 91028 1:0 88173
86373 91094 1:0 88187
86375 91224 1:0 88187
86378 91288 1:0 88187
86381 56299 21:0 86382
86382 56294 21:0 86400
86393 91066 1:0 88223
86394 285 1:0 88239
86401 56294 1:0 88092
86403 56312 21:0 86435
86405 89339 1:0 86405
86406 91310 1:0 88244
86406 56234 1:0 88244
86438 56321 21:0 86441
86448 56323 21:0 86451
86458 56326 21:0 86480
86479 56330 21:0 86480
86481 105 1:0 86481
86486 56344 21:0 86486
86488 91192 1:0 88244
86492 107 1:0 86492
86497 56348 21:0 86497
86501 103 1:0 86501
86507 56351 21:0 86507
86512 56356 21:0 86513
86534 56369 21:0 86566
86569 56378 21:0 86572
86579 56380 21:0 86582
86589 56383 21:0 86611
86610 56387 21:0 86611
86612 87 1:0 86612
86616 56401 1:0 86616
86617 56401 21:0 86622
86623 89 1:0 86623
86628 56405 21:0 86631
86632 85 1:0 86632
86637 56408 1:0 86637
86638 56408 21:0 86662
86661 56413 21:0 86662
86665 56426 21:0 86697
86700 56435 21:0 86703
86710 56437 21:0 86713
86720 56440 21:0 86742
86741 56444 21:0 86742
86743 69 1:0 86743
86748 56458 21:0 86748
86754 71 1:0 86754
86759 56462 21:0 86762
86763 67 1:0 86763
86768 56465 1:0 86768
86769 56465 21:0 86793
86792 56470 21:0 86793
86796 56483 21:0 86828
86831 56492 21:0 86834
86841 56494 21:0 86844
86851 56497 21:0 86873
86872 56501 21:0 86873
86874 51 1:0 86874
86879 56515 21:0 86879
86885 53 1:0 86885
86890 56519 21:0 86893
86894 49 1:0 86894
86900 56522 21:0 86924
86923 56527 21:0 86924
86927 56540 21:0 86959
86962 56549 21:0 86965
86972 56551 21:0 86975
86982 56554 21:0 87004
87003 56558 21:0 87004
87005 33 1:0 87005
87009 56572 1:0 87009
87010 56572 21:0 87010
87016 35 1:0 87016
87021 56576 21:0 87024
87025 31 1:0 87025
87030 56579 1:0 87030
87036 56584 21:0 87037
87037 56579 21:0 87055
87056 56579 1:0 88111
87058 56597 21:0 87090
87093 56606 21:0 87096
87103 56608 21:0 87106
87113 56611 21:0 87135
87134 56615 21:0 87135
87136 15 1:0 87136
87141 56629 21:0 87146
87147 17 1:0 87147
87152 56633 21:0 87155
87156 13 1:0 87156
87162 56636 21:0 87186
87185 56641 21:0 87186
87189 56654 21:0 87221
87224 56663 21:0 87227
87234 56665 21:0 87237
87244 56668 21:0 87273
87272 54468 21:0 87274
87273 56672 21:0 87274
87273 92376 21:0 87274
87274 92377 21:0 87285
87284 3 21:0 87285
87284 19 21:0 87285
87285 92378 21:0 87318
87317 5 21:0 87318
87317 56686 21:0 87318
87317 92387 21:0 87318
87317 7 21:0 87318
87317 9 21:0 87318
87320 92371 21:0 87329
87328 92386 21:0 87329
87328 92397 21:0 87329
87328 21 21:0 87329
87328 92396 21:0 87329
87329 13 21:0 87329
87331 92399 21:0 87339
87334 17 21:0 87334
87338 92400 21:0 87389
87339 15 21:0 87339
87388 92401 21:0 87405
87404 92402 21:0 87415
87405 31 21:0 87405
87410 35 21:0 87410
87414 92432 21:0 87465
87415 33 21:0 87415
87464 92433 21:0 87481
87480 92434 21:0 87491
87481 49 21:0 87481
87486 53 21:0 87486
87490 92435 21:0 87541
87491 51 21:0 87491
87540 92465 21:0 87557
87556 92467 21:0 87567
87557 67 21:0 87557
87562 71 21:0 87562
87566 92466 21:0 87617
87567 69 21:0 87567
87616 92468 21:0 87633
87632 92498 21:0 87643
87633 85 21:0 87633
87638 89 21:0 87638
87642 92500 21:0 87693
87643 87 21:0 87643
87692 92499 21:0 87709
87708 92501 21:0 87719
87709 103 21:0 87709
87714 107 21:0 87714
87718 92531 21:0 87760
87719 105 21:0 87719
87759 92532 21:0 87785
87784 92533 21:0 87795
87785 121 21:0 87785
87790 125 21:0 87790
87794 92534 21:0 87817
87795 123 21:0 87795
87816 92564 21:0 87861
87845 92616 21:0 87845
87852 92602 21:0 87852
87860 92566 21:0 87871
87861 139 21:0 87861
87866 143 21:0 87866
87870 92565 21:0 87889
87871 141 21:0 87871
87873 92622 21:0 87873
87882 92641 21:0 87882
87888 92567 21:0 87937
87934 92661 21:0 87934
87936 92597 21:0 87942
87937 157 21:0 87937
87941 92599 21:0 87965
87942 161 21:0 87942
87942 92662 21:0 87942
87947 159 21:0 87947
87964 92598 21:0 88013
87969 92675 21:0 87969
87997 92682 21:0 87997
88012 92600 21:0 88018
88013 175 21:0 88013
88017 92630 21:0 88037
88018 179 21:0 88018
88023 177 21:0 88023
88025 92688 21:0 88025
88036 92632 21:0 88089
88073 92714 21:0 88073
88073 92712 21:0 88073
88088 92631 21:0 88094
88089 193 21:0 88089
88093 92633 21:0 88113
88094 197 21:0 88094
88094 92728 21:0 88094
88099 195 21:0 88099
88112 92663 21:0 88165
88121 92741 21:0 88121
88149 92747 21:0 88149
88162 92760 21:0 88162
88164 92664 21:0 88170
88165 211 21:0 88165
88169 92665 21:0 88189
88170 215 21:0 88170
88175 213 21:0 88175
88186 92773 21:0 88186
88188 92666 21:0 88241
88240 92696 21:0 88246
88241 229 21:0 88241
88245 56123 1:0 88249
88245 91057 1:0 88249
88245 91160 1:0 88249
88245 92697 21:0 88265
88246 233 21:0 88246
88246 92794 21:0 88246
88250 301 1:0 88263
88250 91172 1:0 88263
88250 91040 1:0 88263
88251 231 21:0 88251
88251 253 1:0 88251
88252 241 1:0 88263
88264 91159 1:0 88299
88264 92698 21:0 88317
88300 56465 1:0 88315
88301 92813 21:0 88301
88305 257 1:0 88306
88305 263 1:0 88306
88306 92815 21:0 88306
88306 255 1:0 88306
88307 261 1:0 88315
88316 55721 1:0 88320
88316 91226 1:0 88320
88316 249 1:0 88320
88316 92699 21:0 88322
88317 247 21:0 88317
88321 283 1:0 88325
88321 55774 1:0 88325
88321 91072 1:0 88325
88321 92729 21:0 88341
88322 251 21:0 88322
88326 91244 1:0 88339
88326 55838 1:0 88339
88326 91156 1:0 88339
88327 249 21:0 88327
88327 271 1:0 88327
88328 259 1:0 88339
88338 92839 21:0 88338
88340 56009 1:0 88375
88340 92731 21:0 88393
88376 91257 1:0 88391
88377 92844 21:0 88377
88377 92846 21:0 88377
88377 92847 21:0 88377
88381 281 1:0 88382
88381 275 1:0 88382
88382 273 1:0 88382
88383 279 1:0 88391
88390 92859 21:0 88390
88392 91125 1:0 88396
88392 55660 1:0 88396
88392 91112 1:0 88396
88392 92730 21:0 88398
88393 265 21:0 88393
88397 91090 1:0 88401
88397 56462 1:0 88401
88397 91205 1:0 88401
88397 92732 21:0 88417
88398 269 21:0 88398
88402 91060 1:0 88415
88402 91193 1:0 88415
88402 91231 1:0 88415
88403 267 21:0 88403
88403 289 1:0 88403
88404 277 1:0 88415
88416 91225 1:0 88451
88416 92762 21:0 88469
88452 55892 1:0 88467
88457 293 1:0 88467
88457 299 1:0 88467
88464 291 1:0 88464
88466 92892 21:0 88466
88468 56519 1:0 88472
88468 56408 1:0 88472
88468 91026 1:0 88472
88468 92764 21:0 88474
88469 283 21:0 88469
88473 295 1:0 88477
88473 91211 1:0 88477
88473 91126 1:0 88477
88473 91139 1:0 88477
88473 92763 21:0 88485
88474 287 21:0 88474
88478 91024 1:0 88491
88478 91086 1:0 88491
88478 55949 1:0 88491
88479 285 21:0 88479
88479 307 1:0 88479
88480 297 1:0 88491
88484 92765 21:0 88545
88490 92905 21:0 88490
88492 56576 1:0 88527
88528 55835 1:0 88543
88529 92913 21:0 88529
88529 92910 21:0 88529
88533 317 1:0 88543
88533 311 1:0 88543
88534 92914 21:0 88534
88536 92899 21:0 88536
88540 309 1:0 88540
88544 91184 1:0 88548
88544 56629 1:0 88548
88544 91152 1:0 88548
88544 92795 21:0 88550
88545 301 21:0 88545
88549 91118 1:0 88553
88549 56405 1:0 88553
88549 91132 1:0 88553
88549 313 1:0 88553
88549 92796 21:0 88555
88550 305 21:0 88550
88550 92926 21:0 88550
88554 91297 1:0 88567
88554 91093 1:0 88567
88554 91061 1:0 88567
88554 92797 21:0 88621
88555 303 21:0 88555
88555 325 1:0 88555
88556 315 1:0 88567
88568 56401 1:0 88603
88577 92939 21:0 88577
88603 327 1:0 88603
88604 91341 1:0 88624
88605 92946 21:0 88605
88605 92943 21:0 88605
88612 92932 21:0 88612
88620 92798 21:0 88626
88621 319 21:0 88621
88623 92961 21:0 88623
88625 92828 21:0 88631
88625 91340 1:0 88635
88626 92959 21:0 88626
88627 92961 1:0 88627
88630 91290 1:0 88635
88630 92829 21:0 88640
88630 387 1:0 88633
88633 92952 21:0 88633
88636 91339 1:0 88642
88639 91171 1:0 88646
88639 55724 1:0 88646
88639 92830 21:0 88648
88640 321 21:0 88640
88645 92969 21:0 88645
88647 91337 1:0 88647
88647 92831 21:0 88651
88647 91338 1:0 88653
88650 55699 1:0 88655
88650 55694 1:0 88655
88650 55696 1:0 88655
88650 55685 1:0 88655
88650 91250 1:0 88655
88650 92861 21:0 88660
88654 92969 1:0 88654
88654 55672 1:0 88655
88655 91335 1:0 88655
88656 91308 1:0 88683
88658 319 1:0 88658
88659 56287 1:0 88683
88659 91251 1:0 88683
88659 92863 21:0 88723
88663 55667 1:0 88663
88664 55667 21:0 88664
88664 91336 1:0 88664
88669 91330 1:0 88669
88681 91326 1:0 88683
88683 91315 1:0 88683
88683 55703 1:0 88683
88684 91325 1:0 88684
88684 91307 1:0 88766
88693 91324 1:0 88693
88693 91321 1:0 88693
88719 91317 1:0 88719
88722 92862 21:0 88768
88746 91316 1:0 88746
88767 92864 21:0 88771
88767 91306 1:0 88773
88769 303 1:0 88769
88770 56522 1:0 88777
88770 91019 1:0 88777
88770 92894 21:0 88782
88773 55717 1:0 88773
88774 55717 21:0 88774
88778 91304 1:0 88778
88778 91305 1:0 88784
88780 305 1:0 88780
88781 91303 1:0 88786
88781 55751 1:0 88786
88781 55753 1:0 88786
88781 55756 1:0 88786
88781 55742 1:0 88786
88781 92895 21:0 88788
88785 55721 21:0 88785
88786 91302 1:0 88786
88786 55729 1:0 88786
88787 92896 21:0 88791
88787 91275 1:0 88814
88789 301 1:0 88789
88790 91283 1:0 88814
88790 91127 1:0 88814
88790 92897 21:0 88873
88812 91293 1:0 88814
88814 91282 1:0 88814
88814 55760 1:0 88814
88815 91292 1:0 88815
88815 91273 1:0 88897
88824 91291 1:0 88824
88850 91284 1:0 88850
88872 92927 21:0 88902
88882 91277 1:0 88882
88898 91274 1:0 88905
88900 285 1:0 88900
88901 56633 1:0 88908
88901 91027 1:0 88908
88901 92929 21:0 88910
88905 55774 21:0 88905
88909 91271 1:0 88909
88909 92928 21:0 88913
88909 91272 1:0 88915
88911 287 1:0 88911
88912 55808 1:0 88917
88912 55813 1:0 88917
88912 55799 1:0 88917
88912 55810 1:0 88917
88912 91020 1:0 88917
88912 92930 21:0 88922
88915 55778 1:0 88915
88916 55778 21:0 88916
88916 55786 1:0 88917
88917 91269 1:0 88917
88918 91242 1:0 88945
88920 283 1:0 88920
88921 91033 1:0 88945
88921 91013 1:0 88945
88921 92960 21:0 88982
88926 55781 21:0 88926
88926 91270 1:0 88926
88931 91264 1:0 88931
88943 91260 1:0 88945
88945 91249 1:0 88945
88945 55817 1:0 88945
88946 91259 1:0 88946
88946 91240 1:0 89028
88955 91255 1:0 88955
88955 91258 1:0 88955
88981 92962 21:0 89030
89029 92961 21:0 89033
89029 91241 1:0 89036
89031 267 1:0 89031
89032 90921 1:0 89039
89032 90894 1:0 89039
89032 92963 21:0 89044
89035 55831 1:0 89035
89040 91238 1:0 89040
89040 91239 1:0 89046
89042 269 1:0 89042
89043 92382 21:0 89044
89043 92384 21:0 89044
89043 55865 1:0 89048
89043 55870 1:0 89048
89043 55867 1:0 89048
89043 90991 1:0 89048
89043 55856 1:0 89048
89043 92385 21:0 89050
89047 55843 1:0 89048
89048 91236 1:0 89048
89049 92391 21:0 89050
89049 92398 21:0 89050
89049 92415 21:0 89053
89049 91209 1:0 89076
89051 265 1:0 89051
89052 92418 21:0 89053
89052 92404 21:0 89053
89052 90973 1:0 89076
89052 90929 1:0 89076
89052 92430 21:0 89078
89057 91237 1:0 89057
89074 91227 1:0 89076
89076 91216 1:0 89076
89076 55874 1:0 89076
89077 92410 21:0 89113
89077 91207 1:0 89159
89086 91222 1:0 89086
89112 92411 21:0 89132
89131 92424 21:0 89135
89134 92431 21:0 89161
89139 91217 1:0 89139
89160 92417 21:0 89161
89160 92419 21:0 89161
89160 92450 21:0 89164
89160 91208 1:0 89167
89162 249 1:0 89162
89163 92485 21:0 89164
89163 92496 21:0 89164
89163 90995 1:0 89170
89163 91007 1:0 89170
89163 92470 21:0 89172
89166 55888 1:0 89166
89167 55888 21:0 89167
89171 92448 21:0 89172
89171 92476 21:0 89172
89171 92464 21:0 89175
89171 91206 1:0 89177
89173 251 1:0 89173
89174 92484 21:0 89175
89174 92463 21:0 89175
89174 55927 1:0 89179
89174 55924 1:0 89179
89174 55922 1:0 89179
89174 55913 1:0 89179
89174 90954 1:0 89179
89174 92437 21:0 89181
89179 55900 1:0 89179
89179 91203 1:0 89179
89180 92481 21:0 89181
89180 92451 21:0 89181
89180 92452 21:0 89184
89180 91176 1:0 89207
89182 247 1:0 89182
89183 92477 21:0 89184
89183 92483 21:0 89184
89183 90914 1:0 89207
89183 90907 1:0 89207
89183 92443 21:0 89209
89187 55895 1:0 89187
89193 91198 1:0 89193
89205 91194 1:0 89207
89207 91183 1:0 89207
89207 55931 1:0 89207
89208 92457 21:0 89244
89208 91175 1:0 89290
89217 91189 1:0 89217
89243 91185 1:0 89243
89243 92444 21:0 89263
89262 92490 21:0 89266
89265 92576 21:0 89292
89275 91178 1:0 89275
89291 92583 21:0 89292
89291 92523 21:0 89292
89291 92580 21:0 89295
89291 91174 1:0 89297
89293 231 1:0 89293
89294 92550 21:0 89295
89294 92556 21:0 89295
89294 90993 1:0 89301
89294 90940 1:0 89301
89294 92517 21:0 89303
89297 55945 1:0 89297
89302 92562 21:0 89303
89302 92518 21:0 89303
89302 92542 21:0 89306
89302 91173 1:0 89308
89304 233 1:0 89304
89305 92530 21:0 89306
89305 92582 21:0 89306
89305 55979 1:0 89310
89305 55984 1:0 89310
89305 55981 1:0 89310
89305 55970 1:0 89310
89305 90941 1:0 89310
89305 92529 21:0 89312
89309 55949 21:0 89309
89310 55957 1:0 89310
89310 91170 1:0 89310
89310 91006 1:0 89338
89310 55988 1:0 89338
89310 91150 1:0 89338
89310 91161 1:0 89338
89310 90953 1:0 89338
89310 91143 1:0 89338
89310 56036 1:0 89441
89310 56038 1:0 89441
89310 56014 1:0 89441
89310 91137 1:0 89441
89310 91128 1:0 89469
89310 56045 1:0 89469
89310 91117 1:0 89469
89310 56095 1:0 89572
89310 56071 1:0 89572
89310 91104 1:0 89572
89310 91095 1:0 89600
89310 56102 1:0 89600
89310 91084 1:0 89600
89310 56128 1:0 89703
89310 56159 1:0 89731
89311 92551 21:0 89312
89311 92569 21:0 89312
89311 92547 21:0 89315
89313 229 1:0 89313
89313 90925 1:0 89432
89314 92510 21:0 89315
89314 92595 21:0 89315
89314 92584 21:0 89340
89316 91142 1:0 89421
89316 91141 1:0 89428
89318 90934 1:0 89432
89319 55952 21:0 89319
89321 91071 1:0 89703
89324 91165 1:0 89324
89337 91140 1:0 89439
89339 92503 21:0 89375
89348 91158 1:0 89348
89349 56027 1:0 89441
89349 90962 1:0 89441
89349 56041 1:0 89441
89349 56093 1:0 89572
89349 56150 1:0 89703
89349 56152 1:0 89703
89349 91062 1:0 89731
89349 91051 1:0 89731
89349 91038 1:0 89834
89349 56185 1:0 89834
89349 56216 1:0 89862
89349 56242 1:0 89965
89349 56273 1:0 89993
89374 92497 21:0 89394
89393 92589 21:0 89397
89395 91110 1:0 89469
89396 92509 21:0 89423
89398 90928 1:0 89469
89398 56098 1:0 89572
89401 91151 1:0 89401
89403 90927 1:0 89469
89406 91145 1:0 89406
89418 90974 1:0 89563
89419 90901 1:0 89563
89422 92575 21:0 89423
89422 92549 21:0 89423
89422 92563 21:0 89426
89424 213 1:0 89424
89425 92536 21:0 89426
89425 92596 21:0 89426
89425 92514 21:0 89434
89431 91108 1:0 89552
89432 91109 1:0 89560
89432 90987 1:0 89572
89433 92516 21:0 89434
89433 92543 21:0 89434
89433 92695 21:0 89437
89435 215 1:0 89435
89435 91107 1:0 89570
89436 92727 21:0 89437
89436 92629 21:0 89437
89436 92782 21:0 89443
89438 56084 1:0 89572
89438 90980 1:0 89600
89438 91000 1:0 89600
89438 56141 1:0 89703
89438 56155 1:0 89703
89441 91077 1:0 89600
89441 91075 1:0 89683
89442 92754 21:0 89443
89442 92787 21:0 89443
89442 92707 21:0 89446
89444 211 1:0 89444
89444 90986 1:0 89694
89444 90888 1:0 89694
89445 92608 21:0 89446
89445 92648 21:0 89446
89445 92774 21:0 89471
89447 91076 1:0 89691
89449 91074 1:0 89701
89452 90908 1:0 89703
89467 90920 1:0 89731
89468 90958 1:0 89731
89470 92807 21:0 89506
89479 91123 1:0 89479
89480 91044 1:0 89731
89485 56198 1:0 89834
89505 91119 1:0 89505
89505 387 21:0 89525
89521 56209 1:0 89834
89524 55664 21:0 89528
89527 92613 21:0 89554
89529 91042 1:0 89814
89534 90881 1:0 89825
89541 91029 1:0 89862
89549 90887 1:0 89825
89550 56212 1:0 89834
89550 56207 1:0 89834
89550 91018 1:0 89862
89550 56266 1:0 89965
89550 56255 1:0 89965
89550 56269 1:0 89965
89550 91005 1:0 89965
89550 56264 1:0 89965
89550 90985 1:0 89993
89550 90996 1:0 89993
89550 56299 1:0 90096
89550 90972 1:0 90096
89550 90963 1:0 90124
89550 90952 1:0 90124
89550 56330 1:0 90124
89550 90939 1:0 90227
89550 56356 1:0 90227
89550 90919 1:0 90255
89550 56387 1:0 90255
89550 90930 1:0 90255
89550 90906 1:0 90358
89550 56413 1:0 90358
89550 90897 1:0 90386
89550 90886 1:0 90386
89550 56444 1:0 90386
89550 90873 1:0 90489
89550 56470 1:0 90489
89550 56501 1:0 90517
89550 90853 1:0 90517
89550 90864 1:0 90517
89550 90840 1:0 90620
89550 56527 1:0 90620
89550 56558 1:0 90648
89550 90820 1:0 90648
89550 90831 1:0 90648
89550 56584 1:0 90751
89550 90807 1:0 90751
89550 90787 1:0 90779
89550 90798 1:0 90779
89550 56615 1:0 90779
89550 21 1:0 90890
89550 56641 1:0 90890
89550 90774 1:0 90890
89550 19 1:0 90973
89550 56672 1:0 90976
89550 90754 1:0 90977
89553 92734 21:0 89554
89553 92721 21:0 89554
89553 92806 21:0 89557
89555 195 1:0 89555
89556 92811 21:0 89557
89556 92715 21:0 89557
89556 92681 21:0 89565
89560 56059 21:0 89560
89562 91043 1:0 89822
89563 91041 1:0 89832
89563 90896 1:0 89834
89564 91106 1:0 89564
89564 92767 21:0 89565
89564 92827 21:0 89565
89564 92668 21:0 89568
89566 197 1:0 89566
89566 91011 1:0 89862
89567 55895 21:0 89568
89567 92826 21:0 89568
89567 92650 21:0 89574
89569 90994 1:0 89862
89569 90960 1:0 89862
89569 90947 1:0 89956
89570 56063 1:0 89570
89572 91010 1:0 89945
89572 91009 1:0 89952
89573 92781 21:0 89574
89573 55892 21:0 89574
89573 92609 21:0 89577
89575 193 1:0 89575
89575 90967 1:0 89956
89575 90895 1:0 89965
89576 92642 21:0 89577
89576 92780 21:0 89577
89576 92833 21:0 89602
89578 91008 1:0 89963
89580 56066 1:0 89580
89580 90978 1:0 89993
89581 91105 1:0 89581
89583 90961 1:0 89993
89586 91099 1:0 89586
89598 90892 1:0 89993
89601 92879 21:0 89627
89610 91092 1:0 89610
89611 90976 1:0 90076
89626 92649 21:0 89656
89652 90848 1:0 90087
89655 92716 21:0 89659
89658 92877 21:0 89685
89660 90977 1:0 90084
89663 91085 1:0 89663
89665 90875 1:0 90087
89668 91079 1:0 89668
89680 56321 1:0 90096
89680 56326 1:0 90096
89680 56323 1:0 90096
89680 56312 1:0 90096
89680 56380 1:0 90227
89680 56378 1:0 90227
89680 56383 1:0 90227
89681 90863 1:0 90096
89684 92635 21:0 89685
89684 92679 21:0 89685
89684 55945 21:0 89688
89686 177 1:0 89686
89687 92655 21:0 89688
89687 56009 21:0 89688
89687 92628 21:0 89696
89690 56116 1:0 89690
89691 56116 21:0 89691
89693 90975 1:0 90094
89694 90841 1:0 90124
89694 90826 1:0 90124
89694 90945 1:0 90124
89694 90828 1:0 90218
89695 91073 1:0 89695
89695 92615 21:0 89696
89695 92793 21:0 89696
89695 92617 21:0 89699
89697 179 1:0 89697
89697 90821 1:0 90218
89698 92748 21:0 89699
89698 55838 21:0 89699
89698 92701 21:0 89705
89700 90943 1:0 90207
89701 56120 1:0 89701
89703 90944 1:0 90215
89703 90942 1:0 90225
89704 92800 21:0 89705
89704 92814 21:0 89705
89704 92880 21:0 89708
89706 175 1:0 89706
89706 56369 1:0 90227
89706 90868 1:0 90227
89706 90862 1:0 90255
89706 56435 1:0 90358
89706 56437 1:0 90358
89706 56440 1:0 90358
89706 56492 1:0 90489
89707 92958 21:0 89708
89707 92947 21:0 89708
89707 92860 21:0 89733
89709 90829 1:0 90255
89709 90912 1:0 90255
89712 56123 21:0 89712
89729 90911 1:0 90338
89730 90842 1:0 90349
89732 92886 21:0 89746
89741 91059 1:0 89741
89742 90910 1:0 90345
89745 56006 21:0 89787
89747 56426 1:0 90358
89767 91053 1:0 89767
89783 90854 1:0 90349
89786 92919 21:0 89790
89789 92745 21:0 89816
89794 91052 1:0 89794
89796 90909 1:0 90356
89811 90859 1:0 90358
89812 90830 1:0 90386
89815 92866 21:0 89816
89815 92749 21:0 89816
89815 92872 21:0 89819
89817 159 1:0 89817
89818 92820 21:0 89819
89818 287 21:0 89819
89818 92925 21:0 89827
89821 56173 1:0 89821
89824 90879 1:0 90386
89825 90874 1:0 90386
89825 90878 1:0 90469
89826 55831 21:0 89827
89826 55660 21:0 89827
89826 92912 21:0 89830
89828 161 1:0 89828
89828 90877 1:0 90476
89829 55835 21:0 89830
89829 56150 21:0 89830
89829 92519 21:0 89830
89829 92486 21:0 89830
89829 92585 21:0 89830
89829 92651 21:0 89830
89829 56038 21:0 89830
89829 56155 21:0 89830
89829 92783 21:0 89830
89829 92906 21:0 89830
89829 92618 21:0 89831
89830 92552 21:0 89833
89831 90835 1:0 90480
89831 90815 1:0 90480
89831 56497 1:0 90489
89831 90855 1:0 90489
89831 56483 1:0 90489
89832 92594 21:0 89833
89832 56045 21:0 89833
89832 56159 21:0 89833
89832 92409 21:0 89833
89832 92541 21:0 89833
89832 92717 21:0 89833
89832 92627 21:0 89833
89832 92495 21:0 89833
89832 92607 21:0 89833
89832 92508 21:0 89833
89833 56177 21:0 89836
89834 90876 1:0 90487
89834 56494 1:0 90489
89834 90861 1:0 90517
89834 56554 1:0 90620
89834 56549 1:0 90620
89834 56551 1:0 90620
89834 56540 1:0 90620
89834 90765 1:0 90910
89834 54468 1:0 90977
89835 92761 21:0 89836
89835 92873 21:0 89839
89837 157 1:0 89837
89837 90846 1:0 90517
89838 92646 21:0 89839
89838 92778 21:0 89839
89838 92853 21:0 89857
89840 90822 1:0 90517
89840 90845 1:0 90600
89843 56180 21:0 89843
89843 91039 1:0 89843
89852 90844 1:0 90607
89856 55724 21:0 89867
89860 90797 1:0 90611
89861 90802 1:0 90611
89866 92893 21:0 89902
89873 90843 1:0 90618
89878 56611 1:0 90751
89901 56066 21:0 89918
89914 90795 1:0 90620
89914 56608 1:0 90751
89917 92674 21:0 89932
89931 56120 21:0 89947
89933 90813 1:0 90648
89942 90788 1:0 90648
89943 90793 1:0 90648
89946 323 21:0 89947
89946 56063 21:0 89950
89948 141 1:0 89948
89949 56198 21:0 89950
89949 56084 21:0 89950
89949 305 21:0 89950
89949 55984 21:0 89950
89949 92881 21:0 89950
89949 56098 21:0 89950
89949 56041 21:0 89958
89952 56230 1:0 89952
89953 56230 21:0 89953
89955 90811 1:0 90731
89956 90812 1:0 90739
89956 90809 1:0 90742
89956 90796 1:0 90742
89956 90808 1:0 90751
89957 55870 21:0 89958
89957 55799 21:0 89958
89957 55970 21:0 89958
89957 56141 21:0 89958
89957 56212 21:0 89958
89957 55856 21:0 89958
89957 55756 21:0 89958
89957 55813 21:0 89958
89957 55913 21:0 89958
89957 55927 21:0 89958
89957 56027 21:0 89958
89957 55685 21:0 89961
89959 143 1:0 89959
89959 56597 1:0 90751
89959 56606 1:0 90751
89960 55808 21:0 89961
89960 315 21:0 89961
89960 55694 21:0 89961
89960 56209 21:0 89961
89960 56095 21:0 89961
89960 92948 21:0 89961
89960 92816 21:0 89961
89960 92882 21:0 89961
89960 293 21:0 89961
89960 55810 21:0 89961
89960 55922 21:0 89961
89960 92915 21:0 89961
89960 92684 21:0 89961
89960 56093 21:0 89961
89960 56036 21:0 89961
89960 92453 21:0 89961
89960 55696 21:0 89961
89960 55699 21:0 89961
89960 313 21:0 89961
89960 92420 21:0 89961
89960 92750 21:0 89961
89960 311 21:0 89961
89960 56207 21:0 89961
89960 55865 21:0 89961
89960 295 21:0 89961
89960 55924 21:0 89961
89960 55979 21:0 89961
89960 317 21:0 89961
89960 55751 21:0 89961
89960 297 21:0 89961
89960 55753 21:0 89961
89960 56152 21:0 89961
89960 55742 21:0 89961
89960 92849 21:0 89961
89960 55981 21:0 89961
89960 55867 21:0 89961
89960 299 21:0 89967
89962 90810 1:0 90749
89965 90782 1:0 90779
89965 90789 1:0 90779
89965 90780 1:0 90779
89965 90776 1:0 90873
89966 277 21:0 89967
89966 325 21:0 89967
89966 263 21:0 89967
89966 257 21:0 89967
89966 55817 21:0 89967
89966 55843 21:0 89967
89966 56128 21:0 89967
89966 271 21:0 89967
89966 92937 21:0 89967
89966 92957 21:0 89967
89966 56071 21:0 89967
89966 307 21:0 89967
89966 92891 21:0 89967
89966 261 21:0 89967
89966 56216 21:0 89967
89966 259 21:0 89967
89966 55703 21:0 89967
89966 279 21:0 89967
89966 92805 21:0 89967
89966 309 21:0 89967
89966 275 21:0 89967
89966 92871 21:0 89967
89966 92858 21:0 89967
89966 92838 21:0 89967
89966 281 21:0 89967
89966 92825 21:0 89967
89966 92528 21:0 89967
89966 241 21:0 89967
89966 92429 21:0 89967
89966 55760 21:0 89967
89966 56014 21:0 89967
89966 56102 21:0 89967
89966 55988 21:0 89967
89966 92640 21:0 89967
89966 56185 21:0 89967
89966 92475 21:0 89967
89966 92561 21:0 89967
89966 243 21:0 89967
89966 55900 21:0 89967
89966 92772 21:0 89967
89966 301 21:0 89967
89966 92442 21:0 89967
89966 92693 21:0 89967
89966 55672 21:0 89967
89966 55957 21:0 89967
89966 92904 21:0 89967
89966 92924 21:0 89967
89966 92574 21:0 89967
89966 255 21:0 89967
89966 253 21:0 89967
89966 55874 21:0 89967
89966 273 21:0 89967
89966 92759 21:0 89967
89966 289 21:0 89967
89966 92706 21:0 89967
89966 92792 21:0 89967
89966 55931 21:0 89967
89966 92660 21:0 89967
89966 92462 21:0 89967
89966 55786 21:0 89967
89966 327 21:0 89967
89966 92673 21:0 89967
89966 55729 21:0 89967
89966 92739 21:0 89967
89966 291 21:0 89967
89966 92726 21:0 89967
89966 92740 21:0 89970
89968 139 1:0 89968
89968 90779 1:0 90862
89969 92945 21:0 89970
89969 37 21:0 89970
89969 61 21:0 89970
89969 83 21:0 89970
89969 39 21:0 89970
89969 109 21:0 89970
89969 92840 21:0 89970
89969 91 21:0 89970
89971 109 1:0 90255
89971 83 1:0 90356
89971 91 1:0 90386
89971 61 1:0 90489
89971 39 1:0 90751
89971 37 1:0 90779
89971 90778 1:0 90869
89971 56636 1:0 90873
89974 56237 21:0 89974
89979 56242 21:0 89980
89980 92694 21:0 89998
89991 90777 1:0 90880
89992 90769 1:0 90882
89992 90763 1:0 90885
89997 95 21:0 89998
89999 95 1:0 90225
89999 56654 1:0 90885
90001 56255 21:0 90033
90004 90764 1:0 90885
90004 56663 1:0 90885
90004 90775 1:0 90890
90036 56264 21:0 90039
90045 90760 1:0 90910
90045 90762 1:0 90910
90046 56266 21:0 90049
90048 56002 21:0 90052
90050 9 1:0 90898
90053 7 1:0 90907
90053 90756 1:0 90945
90053 56665 1:0 90961
90053 56686 1:0 90977
90056 56269 21:0 90078
90058 90749 1:0 90964
90073 5 1:0 90964
90074 90755 1:0 90972
90077 56273 21:0 90078
90077 92683 21:0 90078
90077 249 21:0 90078
90077 92848 21:0 90081
90079 123 1:0 90079
90080 56173 21:0 90081
90080 92708 21:0 90081
90084 56287 21:0 90089
90086 56668 1:0 90971
90086 3 1:0 90993
90086 56173 1:0 91821
90086 92848 1:0 91826
90086 92708 1:0 91826
90086 243 1:0 91968
90087 92683 1:0 91840
90087 249 1:0 91840
90087 56002 1:0 91840
90087 92694 1:0 91876
90087 92840 1:0 91892
90087 92945 1:0 91897
90087 92740 1:0 91897
90088 56234 21:0 90089
90088 92938 21:0 90089
90088 267 21:0 90092
90090 125 1:0 90090
90090 56234 1:0 91821
90090 92938 1:0 91821
90091 269 21:0 90092
90091 233 21:0 90095
90093 269 1:0 91800
90093 267 1:0 91816
90094 56291 1:0 90094
90095 56291 21:0 90095
90096 233 1:0 91764
90096 92881 1:0 91902
90096 305 1:0 91902
90096 301 1:0 91902
90096 56063 1:0 91916
90096 323 1:0 91916
90096 56120 1:0 91952
90096 92674 1:0 91968
90096 56066 1:0 91973
90099 121 1:0 90099
90102 55724 1:0 91973
90102 92893 1:0 91973
90105 56294 21:0 90129
90128 56299 21:0 90129
90132 56312 21:0 90164
90167 56321 21:0 90170
90177 56323 21:0 90180
90187 56326 21:0 90209
90208 56330 21:0 90209
90210 105 1:0 90210
90214 56344 1:0 90214
90215 56344 21:0 90215
90221 107 1:0 90221
90225 56348 1:0 90225
90226 56348 21:0 90229
90230 103 1:0 90230
90230 56348 1:0 91897
90235 56351 1:0 90235
90236 56351 21:0 90236
90241 56356 21:0 90242
90263 56369 21:0 90295
90298 56378 21:0 90301
90308 56380 21:0 90311
90318 56383 21:0 90340
90339 56387 21:0 90340
90341 87 1:0 90341
90346 56401 21:0 90346
90352 89 1:0 90352
90357 56405 21:0 90357
90361 85 1:0 90361
90367 56408 21:0 90367
90372 56413 21:0 90373
90394 56426 21:0 90426
90429 56435 21:0 90432
90439 56437 21:0 90442
90449 56440 21:0 90471
90470 56444 21:0 90471
90472 69 1:0 90472
90476 56458 1:0 90476
90477 56458 21:0 90482
90483 71 1:0 90483
90483 56458 1:0 91826
90488 56462 21:0 90488
90492 67 1:0 90492
90498 56465 21:0 90498
90503 56470 21:0 90504
90525 56483 21:0 90557
90560 56492 21:0 90563
90570 56494 21:0 90573
90580 56497 21:0 90602
90601 56501 21:0 90602
90603 51 1:0 90603
90607 56515 1:0 90607
90608 56515 21:0 90613
90614 53 1:0 90614
90614 56515 1:0 91916
90619 56519 21:0 90619
90623 49 1:0 90623
90629 56522 21:0 90629
90634 56527 21:0 90635
90656 56540 21:0 90688
90691 56549 21:0 90694
90701 56551 21:0 90704
90711 56554 21:0 90733
90732 56558 21:0 90733
90734 33 1:0 90734
90738 56572 1:0 90738
90739 56572 21:0 90739
90745 35 1:0 90745
90750 56576 21:0 90750
90754 31 1:0 90754
90760 56579 21:0 90760
90765 56584 21:0 90766
90787 56597 21:0 90819
90822 56606 21:0 90825
90832 56608 21:0 90835
90842 56611 21:0 90864
90863 56615 21:0 90864
90865 15 1:0 90865
90870 56629 21:0 90870
90876 17 1:0 90876
90881 56633 21:0 90884
90885 13 1:0 90885
90891 56636 21:0 90915
90914 56641 21:0 90915
90918 56654 21:0 90950
90953 56663 21:0 90956
90963 56665 21:0 90966
90973 56668 21:0 91003
91002 56672 21:0 91003
91002 93998 21:0 91003
91003 93999 21:0 91014
91013 19 21:0 91014
91013 3 21:0 91014
91013 54468 21:0 91014
91014 94000 21:0 91047
91046 56686 21:0 91047
91046 5 21:0 91047
91046 94009 21:0 91047
91046 7 21:0 91047
91046 9 21:0 91047
91049 93993 21:0 91058
91057 94018 21:0 91058
91057 94019 21:0 91058
91057 21 21:0 91058
91057 94006 21:0 91058
91058 13 21:0 91058
91060 94021 21:0 91068
91063 17 21:0 91063
91067 94022 21:0 91118
91068 15 21:0 91068
91117 94023 21:0 91134
91133 94024 21:0 91144
91134 31 21:0 91134
91139 35 21:0 91139
91143 94054 21:0 91194
91144 33 21:0 91144
91193 94056 21:0 91210
91209 94055 21:0 91220
91210 49 21:0 91210
91215 53 21:0 91215
91219 94057 21:0 91270
91220 51 21:0 91220
91269 94087 21:0 91286
91285 94089 21:0 91296
91286 67 21:0 91286
91291 71 21:0 91291
91295 94088 21:0 91346
91296 69 21:0 91296
91345 94090 21:0 91362
91361 94120 21:0 91372
91362 85 21:0 91362
91367 89 21:0 91367
91371 94121 21:0 91422
91372 87 21:0 91372
91421 94122 21:0 91438
91437 94123 21:0 91448
91438 103 21:0 91438
91443 107 21:0 91443
91447 94153 21:0 91493
91448 105 21:0 91448
91492 94155 21:0 91514
91513 94154 21:0 91524
91514 121 21:0 91514
91519 125 21:0 91519
91523 94156 21:0 91546
91524 123 21:0 91524
91545 94186 21:0 91590
91546 94231 21:0 91546
91589 94187 21:0 91600
91590 139 21:0 91590
91595 143 21:0 91595
91599 94188 21:0 91618
91600 141 21:0 91600
91617 94189 21:0 91666
91650 94268 21:0 91650
91665 94219 21:0 91672
91666 157 21:0 91666
91671 161 21:0 91671
91671 94221 21:0 91694
91676 159 21:0 91676
91687 94296 21:0 91687
91693 94220 21:0 91742
91698 94297 21:0 91698
91739 94316 21:0 91739
91741 94222 21:0 91747
91742 175 21:0 91742
91746 94252 21:0 91766
91747 179 21:0 91747
91752 177 21:0 91752
91763 94329 21:0 91763
91765 94254 21:0 91818
91802 94337 21:0 91802
91802 94334 21:0 91802
91802 94336 21:0 91802
91809 94323 21:0 91809
91817 94253 21:0 91823
91818 193 21:0 91818
91822 94255 21:0 91842
91823 197 21:0 91823
91823 94350 21:0 91823
91828 195 21:0 91828
91841 94285 21:0 91894
91850 94363 21:0 91850
91878 94370 21:0 91878
91878 94367 21:0 91878
91878 94369 21:0 91878
91891 94382 21:0 91891
91893 94287 21:0 91899
91894 211 21:0 91894
91898 94286 21:0 91918
91899 215 21:0 91899
91899 94383 21:0 91899
91904 213 21:0 91904
91915 94395 21:0 91915
91917 94288 21:0 91970
91926 94396 21:0 91926
91954 94403 21:0 91954
91954 94402 21:0 91954
91969 94318 21:0 91975
91970 229 21:0 91970
91974 92778 1:0 91978
91974 92646 1:0 91978
91974 92853 1:0 91978
91974 94320 21:0 91994
91975 233 21:0 91975
91979 92873 1:0 91992
91979 92906 1:0 91992
91979 92761 1:0 91992
91980 231 21:0 91980
91980 253 1:0 91980
91981 241 1:0 91992
91991 94428 21:0 91991
91993 55835 1:0 92028
91993 94319 21:0 92046
92029 92912 1:0 92044
92030 94433 21:0 92030
92034 257 1:0 92035
92034 263 1:0 92035
92035 94437 21:0 92035
92035 255 1:0 92035
92036 259 1:0 92044
92043 94448 21:0 92043
92045 55831 1:0 92049
92045 56636 1:0 92049
92045 56287 1:0 92049
92045 94321 21:0 92051
92046 247 21:0 92046
92050 92820 1:0 92054
92050 92925 1:0 92054
92050 55660 1:0 92054
92050 94351 21:0 92070
92051 251 21:0 92051
92055 287 1:0 92068
92055 92872 1:0 92068
92055 92866 1:0 92068
92056 249 21:0 92056
92056 271 1:0 92056
92057 261 1:0 92068
92069 92749 1:0 92104
92069 94353 21:0 92122
92105 92745 1:0 92120
92106 94469 21:0 92106
92106 94468 21:0 92106
92106 94466 21:0 92106
92110 275 1:0 92111
92110 281 1:0 92111
92111 94470 21:0 92111
92111 273 1:0 92111
92112 277 1:0 92120
92113 94455 21:0 92113
92121 92919 1:0 92125
92121 56006 1:0 92125
92121 92886 1:0 92125
92121 94352 21:0 92127
92122 265 21:0 92122
92126 92860 1:0 92130
92126 56294 1:0 92130
92126 56177 1:0 92130
92126 94354 21:0 92146
92127 269 21:0 92127
92131 92947 1:0 92144
92131 92880 1:0 92144
92131 92958 1:0 92144
92132 267 21:0 92132
92132 289 1:0 92132
92133 279 1:0 92144
92143 94494 21:0 92143
92145 92800 1:0 92180
92145 94384 21:0 92198
92181 92814 1:0 92196
92182 94501 21:0 92182
92182 94499 21:0 92182
92186 293 1:0 92187
92186 299 1:0 92187
92187 291 1:0 92187
92188 297 1:0 92196
92189 94488 21:0 92189
92195 94514 21:0 92195
92197 92701 1:0 92201
92197 92748 1:0 92201
92197 55838 1:0 92201
92197 94386 21:0 92203
92198 283 21:0 92198
92202 92793 1:0 92206
92202 92615 1:0 92206
92202 92617 1:0 92206
92202 94385 21:0 92214
92203 287 21:0 92203
92207 56009 1:0 92220
92207 92655 1:0 92220
92207 92628 1:0 92220
92208 285 21:0 92208
92208 307 1:0 92208
92209 295 1:0 92220
92210 94508 21:0 92210
92213 94387 21:0 92274
92219 94527 21:0 92219
92221 55945 1:0 92256
92257 92679 1:0 92272
92258 94534 21:0 92258
92262 311 1:0 92263
92262 317 1:0 92263
92263 309 1:0 92263
92264 313 1:0 92272
92265 94521 21:0 92265
92273 92716 1:0 92277
92273 92635 1:0 92277
92273 92877 1:0 92277
92273 94417 21:0 92279
92274 301 21:0 92274
92278 92649 1:0 92282
92278 92833 1:0 92282
92278 92879 1:0 92282
92278 94418 21:0 92284
92279 305 21:0 92279
92279 94548 21:0 92279
92283 92609 1:0 92296
92283 92780 1:0 92296
92283 92642 1:0 92296
92283 94419 21:0 92350
92284 303 21:0 92284
92284 325 1:0 92284
92285 315 1:0 92296
92286 94541 21:0 92286
92295 94560 21:0 92295
92297 55892 1:0 92332
92306 94561 21:0 92306
92332 327 1:0 92332
92333 92963 1:0 92353
92334 94565 21:0 92334
92334 94568 21:0 92334
92339 94569 21:0 92339
92341 94554 21:0 92341
92347 94580 21:0 92347
92349 94420 21:0 92355
92350 319 21:0 92350
92354 94450 21:0 92360
92354 92961 1:0 92364
92357 321 1:0 92357
92359 92781 1:0 92364
92359 94451 21:0 92369
92359 388 1:0 92362
92362 94574 21:0 92362
92365 92962 1:0 92372
92368 92650 1:0 92375
92368 92826 1:0 92375
92368 94452 21:0 92377
92374 94591 21:0 92374
92376 92959 1:0 92376
92376 94453 21:0 92380
92376 92960 1:0 92382
92379 55664 1:0 92381
92379 55696 1:0 92384
92379 55699 1:0 92384
92379 55685 1:0 92384
92379 55694 1:0 92384
92379 94483 21:0 92389
92380 323 21:0 92380
92383 94591 1:0 92383
92383 55672 1:0 92384
92384 92957 1:0 92384
92385 92930 1:0 92412
92387 319 1:0 92387
92388 92668 1:0 92412
92388 55895 1:0 92412
92388 94484 21:0 92449
92392 55667 1:0 92392
92393 55667 21:0 92393
92398 92952 1:0 92398
92410 92948 1:0 92412
92412 55703 1:0 92412
92412 92937 1:0 92412
92413 92928 1:0 92495
92422 92946 1:0 92422
92422 92943 1:0 92422
92448 92939 1:0 92448
92448 94485 21:0 92497
92480 92932 1:0 92480
92496 94486 21:0 92500
92496 92929 1:0 92503
92498 303 1:0 92498
92499 92767 1:0 92506
92499 92827 1:0 92506
92499 94516 21:0 92511
92502 55717 1:0 92502
92505 94648 21:0 92505
92507 92926 1:0 92507
92507 92927 1:0 92513
92509 305 1:0 92509
92510 92681 1:0 92515
92510 55742 1:0 92515
92510 55751 1:0 92515
92510 55753 1:0 92515
92510 55756 1:0 92515
92510 94518 21:0 92517
92513 55721 1:0 92513
92514 94648 1:0 92514
92515 55729 1:0 92515
92515 92924 1:0 92515
92516 94517 21:0 92520
92516 92897 1:0 92543
92518 301 1:0 92518
92519 92715 1:0 92543
92519 92811 1:0 92543
92519 94519 21:0 92602
92524 55724 21:0 92524
92541 92915 1:0 92543
92543 55760 1:0 92543
92543 92904 1:0 92543
92544 92914 1:0 92544
92544 92896 1:0 92626
92553 92913 1:0 92553
92553 92910 1:0 92553
92601 94549 21:0 92631
92606 92905 1:0 92606
92611 92899 1:0 92611
92627 92895 1:0 92633
92629 285 1:0 92629
92630 92721 1:0 92637
92630 92806 1:0 92637
92630 94551 21:0 92639
92633 55774 1:0 92633
92638 94550 21:0 92642
92638 92894 1:0 92644
92640 287 1:0 92640
92641 55808 1:0 92646
92641 92734 1:0 92646
92641 55810 1:0 92646
92641 55813 1:0 92646
92641 55799 1:0 92646
92641 94552 21:0 92651
92644 55778 1:0 92644
92646 92891 1:0 92646
92646 55786 1:0 92646
92647 92864 1:0 92674
92649 283 1:0 92649
92650 92807 1:0 92674
92650 92613 1:0 92674
92650 94582 21:0 92711
92654 55781 1:0 92654
92655 92892 1:0 92655
92672 92882 1:0 92674
92674 92871 1:0 92674
92674 55817 1:0 92674
92675 92862 1:0 92757
92710 94583 21:0 92759
92758 94584 21:0 92762
92758 92863 1:0 92765
92760 267 1:0 92760
92761 92774 1:0 92768
92761 92648 1:0 92768
92761 94585 21:0 92773
92769 92861 1:0 92775
92771 269 1:0 92771
92772 94004 21:0 92773
92772 94008 21:0 92773
92772 55856 1:0 92777
92772 55870 1:0 92777
92772 92608 1:0 92777
92772 55865 1:0 92777
92772 55867 1:0 92777
92772 94007 21:0 92779
92776 55835 21:0 92776
92776 55843 1:0 92777
92777 92858 1:0 92777
92778 94020 21:0 92779
92778 94013 21:0 92779
92778 94041 21:0 92782
92778 92831 1:0 92805
92780 265 1:0 92780
92781 94033 21:0 92782
92781 94046 21:0 92782
92781 92707 1:0 92805
92781 92754 1:0 92805
92781 94026 21:0 92807
92786 92859 1:0 92786
92803 92849 1:0 92805
92805 92838 1:0 92805
92805 55874 1:0 92805
92806 94040 21:0 92842
92806 92830 1:0 92888
92815 92844 1:0 92815
92815 92846 1:0 92815
92815 92847 1:0 92815
92841 94039 21:0 92861
92860 94052 21:0 92864
92863 94032 21:0 92890
92868 92839 1:0 92868
92889 94037 21:0 92890
92889 94085 21:0 92890
92889 94059 21:0 92893
92889 92829 1:0 92895
92891 249 1:0 92891
92892 94086 21:0 92893
92892 94079 21:0 92893
92892 92787 1:0 92899
92892 92782 1:0 92899
92892 94073 21:0 92901
92895 55888 1:0 92895
92900 94053 21:0 92901
92900 94072 21:0 92901
92900 94118 21:0 92904
92900 92828 1:0 92906
92902 251 1:0 92902
92903 94107 21:0 92904
92903 94099 21:0 92904
92903 92727 1:0 92908
92903 55922 1:0 92908
92903 55913 1:0 92908
92903 55927 1:0 92908
92903 55924 1:0 92908
92903 94105 21:0 92910
92907 55900 1:0 92908
92908 92825 1:0 92908
92909 94065 21:0 92910
92909 94119 21:0 92910
92909 94140 21:0 92913
92909 92798 1:0 92936
92911 247 1:0 92911
92912 94125 21:0 92913
92912 94098 21:0 92913
92912 92695 1:0 92936
92912 92629 1:0 92936
92912 94070 21:0 92938
92934 92816 1:0 92936
92936 92805 1:0 92936
92936 55931 1:0 92936
92937 92815 1:0 92937
92937 94132 21:0 92973
92937 92797 1:0 93019
92946 92813 1:0 92946
92972 94131 21:0 92992
92991 94106 21:0 92995
92994 94066 21:0 93021
93020 94112 21:0 93021
93020 94139 21:0 93021
93020 94092 21:0 93024
93020 92796 1:0 93026
93022 231 1:0 93022
93023 94138 21:0 93024
93023 94074 21:0 93024
93023 92516 1:0 93030
93023 92543 1:0 93030
93023 94136 21:0 93032
93027 55945 21:0 93027
93031 92794 1:0 93031
93031 94230 21:0 93032
93031 94103 21:0 93032
93031 94197 21:0 93035
93031 92795 1:0 93037
93033 233 1:0 93033
93034 94151 21:0 93035
93034 94198 21:0 93035
93034 55981 1:0 93039
93034 55979 1:0 93039
93034 55970 1:0 93039
93034 92514 1:0 93039
93034 55984 1:0 93039
93034 94152 21:0 93041
93037 55949 1:0 93037
93038 55949 21:0 93038
93039 55957 1:0 93039
93039 92792 1:0 93039
93039 92765 1:0 93067
93039 92596 1:0 93067
93039 92536 1:0 93067
93039 92783 1:0 93067
93039 55988 1:0 93067
93039 92772 1:0 93067
93039 92759 1:0 93170
93039 56014 1:0 93170
93039 56038 1:0 93170
93039 56036 1:0 93170
93039 56045 1:0 93198
93039 92739 1:0 93198
93039 92750 1:0 93198
93039 56093 1:0 93301
93039 92726 1:0 93301
93039 56071 1:0 93301
93039 92717 1:0 93329
93039 56102 1:0 93329
93039 92706 1:0 93329
93039 56128 1:0 93432
93039 56159 1:0 93460
93040 94250 21:0 93041
93040 94239 21:0 93041
93040 94217 21:0 93044
93042 229 1:0 93042
93042 92575 1:0 93161
93043 94178 21:0 93044
93043 94184 21:0 93044
93043 94263 21:0 93069
93045 92763 1:0 93150
93045 92764 1:0 93158
93047 55952 1:0 93047
93047 92563 1:0 93161
93048 55952 21:0 93048
93050 92693 1:0 93432
93066 92762 1:0 93168
93068 94251 21:0 93104
93078 56041 1:0 93170
93078 56027 1:0 93170
93078 92549 1:0 93170
93078 56098 1:0 93301
93103 94224 21:0 93123
93122 94205 21:0 93126
93124 92732 1:0 93198
93125 94271 21:0 93152
93127 92589 1:0 93198
93127 56084 1:0 93301
93130 92773 1:0 93130
93132 92509 1:0 93198
93138 92684 1:0 93460
93139 92673 1:0 93460
93147 92497 1:0 93292
93148 92503 1:0 93292
93151 94206 21:0 93152
93151 94172 21:0 93152
93151 94244 21:0 93155
93153 213 1:0 93153
93154 94235 21:0 93155
93154 94165 21:0 93155
93154 94237 21:0 93163
93158 56002 21:0 93158
93160 92730 1:0 93281
93161 92731 1:0 93289
93161 92584 1:0 93301
93162 94277 21:0 93163
93162 94270 21:0 93163
93162 94257 21:0 93166
93164 215 1:0 93164
93164 92729 1:0 93299
93165 94264 21:0 93166
93165 94218 21:0 93166
93165 94238 21:0 93172
93167 92510 1:0 93329
93167 56095 1:0 93329
93167 92595 1:0 93329
93167 56141 1:0 93432
93167 56155 1:0 93432
93167 56152 1:0 93432
93167 56150 1:0 93432
93167 56185 1:0 93563
93167 92660 1:0 93563
93167 56216 1:0 93591
93167 56242 1:0 93694
93167 56273 1:0 93722
93170 92699 1:0 93329
93170 92698 1:0 93412
93171 94185 21:0 93172
93171 94173 21:0 93172
93171 94202 21:0 93175
93173 211 1:0 93173
93173 92547 1:0 93423
93173 92569 1:0 93423
93174 94211 21:0 93175
93174 94272 21:0 93175
93174 94171 21:0 93200
93176 92697 1:0 93419
93178 92696 1:0 93430
93179 92760 1:0 93179
93181 92551 1:0 93432
93196 92529 1:0 93460
93197 92530 1:0 93460
93199 94169 21:0 93235
93208 92747 1:0 93208
93209 92666 1:0 93460
93214 56212 1:0 93563
93234 92741 1:0 93234
93234 94191 21:0 93254
93250 56207 1:0 93563
93253 94145 21:0 93257
93256 94158 21:0 93283
93258 92665 1:0 93543
93263 92542 1:0 93554
93270 92651 1:0 93591
93278 92582 1:0 93554
93279 92562 1:0 93563
93282 94283 21:0 93283
93282 94204 21:0 93283
93282 94164 21:0 93286
93284 195 1:0 93284
93285 388 21:0 93286
93285 94435 21:0 93286
93285 94449 21:0 93294
93288 56059 1:0 93288
93291 92664 1:0 93550
93292 92663 1:0 93561
93292 56198 1:0 93563
93292 56209 1:0 93563
93292 92640 1:0 93591
93292 56264 1:0 93694
93292 56266 1:0 93694
93292 56255 1:0 93694
93292 56269 1:0 93694
93292 92627 1:0 93694
93292 92607 1:0 93722
93292 92618 1:0 93722
93292 56299 1:0 93825
93292 92594 1:0 93825
93292 92574 1:0 93853
93292 92585 1:0 93853
93292 56330 1:0 93853
93292 92561 1:0 93956
93292 56356 1:0 93956
93292 56387 1:0 93984
93292 92552 1:0 93984
93292 92541 1:0 93984
93292 56413 1:0 94087
93292 92528 1:0 94087
93292 56444 1:0 94115
93292 92508 1:0 94115
93292 92519 1:0 94115
93292 92495 1:0 94218
93292 56470 1:0 94218
93292 92475 1:0 94246
93292 56501 1:0 94246
93292 92486 1:0 94246
93292 56527 1:0 94349
93292 92462 1:0 94349
93292 92442 1:0 94377
93292 56558 1:0 94377
93292 92453 1:0 94377
93292 92429 1:0 94480
93292 56584 1:0 94480
93292 92420 1:0 94508
93292 56615 1:0 94508
93292 92409 1:0 94508
93292 92396 1:0 94619
93292 56641 1:0 94619
93292 21 1:0 94619
93292 19 1:0 94702
93292 56672 1:0 94705
93292 92376 1:0 94706
93293 92728 1:0 93293
93293 55774 21:0 93294
93293 94330 21:0 93294
93293 55721 21:0 93297
93295 197 1:0 93295
93295 92633 1:0 93591
93296 55717 21:0 93297
93296 94290 21:0 93297
93296 94317 21:0 93303
93298 92518 1:0 93591
93298 92517 1:0 93591
93298 92556 1:0 93685
93301 92631 1:0 93674
93301 92632 1:0 93682
93302 56009 21:0 93303
93302 94362 21:0 93303
93302 94305 21:0 93306
93304 193 1:0 93304
93304 92550 1:0 93685
93304 92580 1:0 93694
93305 94495 21:0 93306
93305 94304 21:0 93306
93305 94429 21:0 93331
93307 92630 1:0 93692
93309 92600 1:0 93722
93312 92523 1:0 93722
93327 92583 1:0 93722
93330 94442 21:0 93334
93333 94415 21:0 93385
93339 92714 1:0 93339
93339 92712 1:0 93339
93340 92598 1:0 93805
93381 92490 1:0 93816
93384 94349 21:0 93388
93387 55831 21:0 93414
93389 92599 1:0 93813
93394 92576 1:0 93816
93409 92444 1:0 93825
93410 56321 1:0 93825
93410 56312 1:0 93825
93410 56326 1:0 93825
93410 56323 1:0 93825
93410 56378 1:0 93956
93410 56369 1:0 93956
93410 56380 1:0 93956
93413 94462 21:0 93414
93413 94303 21:0 93414
93413 94356 21:0 93417
93415 177 1:0 93415
93416 56059 21:0 93417
93416 94371 21:0 93417
93416 94422 21:0 93425
93419 56116 1:0 93419
93420 56116 21:0 93420
93422 92597 1:0 93823
93423 92457 1:0 93853
93423 92443 1:0 93853
93423 92567 1:0 93853
93423 92483 1:0 93947
93424 94389 21:0 93425
93424 94400 21:0 93425
93424 56006 21:0 93428
93426 179 1:0 93426
93426 92477 1:0 93947
93427 55888 21:0 93428
93427 55895 21:0 93428
93427 55778 21:0 93434
93429 92565 1:0 93936
93431 56120 21:0 93431
93432 92566 1:0 93944
93432 92564 1:0 93954
93433 94547 21:0 93434
93433 94404 21:0 93434
93433 94475 21:0 93437
93435 175 1:0 93435
93435 92452 1:0 93956
93435 56383 1:0 93956
93435 92451 1:0 93984
93436 94528 21:0 93437
93436 56066 21:0 93437
93436 56027 21:0 93437
93436 56098 21:0 93456
93438 92534 1:0 93984
93438 92481 1:0 93984
93440 56123 1:0 93440
93441 56123 21:0 93441
93443 92533 1:0 94067
93446 92688 1:0 93446
93455 56084 21:0 93462
93457 56435 1:0 94087
93457 56437 1:0 94087
93457 56494 1:0 94218
93458 92437 1:0 94078
93459 92463 1:0 94078
93461 94405 21:0 93462
93461 94273 21:0 93462
93461 94372 21:0 93462
93461 94108 21:0 93462
93461 94306 21:0 93462
93461 56041 21:0 93462
93461 55984 21:0 93465
93464 55927 21:0 93465
93464 55913 21:0 93465
93464 55970 21:0 93465
93464 94339 21:0 93465
93464 94141 21:0 93468
93467 94282 21:0 93468
93467 94163 21:0 93468
93467 94051 21:0 93468
93467 94150 21:0 93468
93467 94229 21:0 93468
93467 94097 21:0 93468
93467 94183 21:0 93468
93467 94328 21:0 93468
93467 94117 21:0 93468
93467 94295 21:0 93468
93467 55957 21:0 93468
93467 56045 21:0 93468
93467 94381 21:0 93468
93467 94348 21:0 93468
93468 56141 21:0 93500
93470 92682 1:0 93470
93471 92532 1:0 94074
93496 92675 1:0 93496
93499 55856 21:0 93506
93505 55870 21:0 93509
93508 56036 21:0 93509
93508 94075 21:0 93511
93510 94031 21:0 93511
93510 94207 21:0 93511
93510 94216 21:0 93512
93511 94262 21:0 93512
93511 94064 21:0 93513
93512 94084 21:0 93513
93512 94196 21:0 93513
93512 94315 21:0 93513
93512 94414 21:0 93513
93512 94361 21:0 93513
93513 56152 21:0 93516
93515 94436 21:0 93519
93518 94174 21:0 93519
93518 55799 21:0 93519
93518 56150 21:0 93519
93518 56038 21:0 93519
93518 56093 21:0 93519
93518 94240 21:0 93521
93520 94042 21:0 93521
93520 94438 21:0 93523
93520 92531 1:0 94085
93522 56071 21:0 93523
93522 94130 21:0 93523
93523 56155 21:0 93545
93525 56440 1:0 94087
93525 56426 1:0 94087
93525 56483 1:0 94218
93525 56497 1:0 94218
93540 92484 1:0 94087
93541 92464 1:0 94115
93541 56492 1:0 94218
93541 92387 1:0 94639
93544 94536 21:0 93545
93544 303 21:0 93545
93544 94482 21:0 93548
93546 159 1:0 93546
93547 55813 21:0 93548
93547 94376 21:0 93548
93547 94503 21:0 93548
93547 55756 21:0 93548
93547 55685 21:0 93548
93547 56095 21:0 93548
93547 94471 21:0 93551
93550 94526 21:0 93551
93550 94427 21:0 93551
93550 94504 21:0 93551
93550 94447 21:0 93551
93550 94460 21:0 93551
93550 94480 21:0 93551
93550 94493 21:0 93551
93550 94513 21:0 93551
93550 327 21:0 93551
93550 94546 21:0 93551
93550 94559 21:0 93551
93550 55703 21:0 93551
93550 94579 21:0 93551
93550 55729 21:0 93551
93550 56159 21:0 93551
93550 109 21:0 93551
93550 55672 21:0 93551
93550 94394 21:0 93551
93550 39 21:0 93551
93550 325 21:0 93551
93550 309 21:0 93551
93550 307 21:0 93551
93550 291 21:0 93551
93550 55 21:0 93551
93550 253 21:0 93551
93550 255 21:0 93551
93550 271 21:0 93551
93550 147 21:0 93551
93550 273 21:0 93551
93550 289 21:0 93551
93550 94249 21:0 93551
93550 56014 21:0 93551
93550 55817 21:0 93551
93550 56128 21:0 93551
93550 55988 21:0 93551
93550 55931 21:0 93551
93550 55786 21:0 93551
93550 56102 21:0 93551
93550 55874 21:0 93551
93550 55760 21:0 93551
93550 55900 21:0 93551
93550 55843 21:0 93551
93551 56173 21:0 93556
93552 147 1:0 93694
93552 109 1:0 93984
93552 55 1:0 94377
93552 39 1:0 94480
93553 92501 1:0 94115
93554 92476 1:0 94115
93554 92499 1:0 94198
93555 92662 1:0 93555
93555 94301 21:0 93556
93555 269 21:0 93556
93555 94567 21:0 93559
93557 161 1:0 93557
93557 92500 1:0 94206
93558 55664 21:0 93559
93558 94338 21:0 93562
93560 92448 1:0 94209
93560 92470 1:0 94209
93561 319 21:0 93565
93563 92498 1:0 94216
93563 92496 1:0 94218
93563 92468 1:0 94246
93564 56063 21:0 93565
93564 94502 21:0 93568
93566 157 1:0 93566
93566 92485 1:0 94246
93566 92450 1:0 94246
93567 55981 21:0 93568
93567 94515 21:0 93568
93567 55979 21:0 93568
93567 55924 21:0 93568
93567 55922 21:0 93568
93567 55867 21:0 93568
93567 55865 21:0 93568
93567 55742 21:0 93568
93567 55699 21:0 93568
93567 94461 21:0 93568
93567 94537 21:0 93570
93569 94570 21:0 93570
93569 92466 1:0 94329
93569 56540 1:0 94349
93569 56549 1:0 94349
93569 56551 1:0 94349
93569 56554 1:0 94349
93569 56608 1:0 94480
93569 56606 1:0 94480
93569 54468 1:0 94706
93571 56180 1:0 93571
93572 92661 1:0 93572
93572 56180 21:0 93596
93574 92467 1:0 94337
93589 92417 1:0 94340
93590 92419 1:0 94340
93595 55808 21:0 93596
93595 297 21:0 93596
93595 56185 21:0 93596
93595 315 21:0 93596
93595 313 21:0 93596
93595 55751 21:0 93596
93595 55696 21:0 93596
93595 55753 21:0 93596
93595 55694 21:0 93596
93595 55810 21:0 93596
93595 295 21:0 93596
93599 56198 21:0 93631
93602 92465 1:0 94347
93630 279 21:0 93631
93630 277 21:0 93631
93634 56207 21:0 93637
93636 311 21:0 93640
93639 259 21:0 93640
93643 92431 1:0 94349
93644 56209 21:0 93647
93646 305 21:0 93650
93649 243 21:0 93650
93649 241 21:0 93650
93649 317 21:0 93650
93649 261 21:0 93650
93654 92641 1:0 93654
93654 56212 21:0 93676
93656 92435 1:0 94377
93671 92411 1:0 94377
93672 56611 1:0 94480
93672 56597 1:0 94480
93675 293 21:0 93676
93675 299 21:0 93676
93675 275 21:0 93676
93675 55838 21:0 93676
93675 94416 21:0 93676
93675 281 21:0 93679
93677 141 1:0 93677
93678 257 21:0 93679
93678 263 21:0 93679
93678 56216 21:0 93679
93678 94310 21:0 93679
93678 55892 21:0 93679
93678 94532 21:0 93687
93681 56230 1:0 93681
93682 56230 21:0 93682
93684 92424 1:0 94377
93684 92430 1:0 94471
93684 92410 1:0 94471
93685 92434 1:0 94460
93685 92433 1:0 94467
93686 59 21:0 93687
93686 251 21:0 93687
93686 249 21:0 93687
93686 94535 21:0 93690
93688 143 1:0 93688
93688 59 1:0 94216
93688 92404 1:0 94480
93689 283 21:0 93690
93689 94581 21:0 93690
93689 94481 21:0 93696
93691 92432 1:0 94478
93693 56234 21:0 93693
93694 92402 1:0 94508
93694 92418 1:0 94508
93694 92415 1:0 94508
93695 94343 21:0 93696
93695 321 21:0 93699
93697 139 1:0 93697
93697 92401 1:0 94591
93698 94284 21:0 93699
93698 56177 21:0 93699
93698 55781 21:0 93704
93700 92400 1:0 94598
93700 92398 1:0 94602
93700 56633 1:0 94602
93702 56237 1:0 93702
93703 56237 21:0 93703
93708 92622 1:0 93708
93708 56242 21:0 93709
93709 94409 21:0 93727
93720 92399 1:0 94609
93721 92391 1:0 94611
93721 92384 1:0 94614
93726 245 21:0 93727
93726 61 21:0 93727
93726 115 21:0 93727
93728 115 1:0 93825
93728 61 1:0 94087
93728 56654 1:0 94614
93728 7 1:0 94614
93728 56663 1:0 94627
93728 9 1:0 94636
93728 56665 1:0 94690
93730 56255 21:0 93762
93732 92616 1:0 93732
93733 92385 1:0 94614
93733 92397 1:0 94619
93765 56264 21:0 93768
93774 92382 1:0 94639
93774 92386 1:0 94639
93775 56266 21:0 93778
93777 285 21:0 93781
93779 56686 1:0 94706
93782 92378 1:0 94674
93782 5 1:0 94693
93785 56269 21:0 93807
93787 56668 1:0 94700
93790 92602 1:0 93790
93806 56273 21:0 93807
93806 301 21:0 93807
93806 55660 21:0 93807
93806 247 21:0 93810
93808 123 1:0 93808
93813 56287 21:0 93818
93815 92371 1:0 94693
93815 92377 1:0 94701
93815 3 1:0 94722
93815 247 1:0 95493
93815 245 1:0 95697
93816 301 1:0 95529
93816 285 1:0 95550
93816 55660 1:0 95550
93816 94284 1:0 95555
93816 55781 1:0 95555
93816 94409 1:0 95555
93816 94343 1:0 95569
93819 125 1:0 93819
93823 56291 1:0 93823
93824 56291 21:0 93827
93825 56177 1:0 95569
93825 321 1:0 95569
93825 94481 1:0 95605
93825 283 1:0 95621
93825 94581 1:0 95626
93825 94535 1:0 95626
93825 249 1:0 95631
93825 251 1:0 95645
93828 121 1:0 93828
93828 56291 1:0 95545
93831 94532 1:0 95645
93831 94310 1:0 95645
93831 55892 1:0 95681
93833 55838 1:0 95697
93836 305 1:0 95702
93839 56299 21:0 93840
93840 56294 21:0 93858
93851 94461 1:0 95702
93852 94416 1:0 95702
93859 56294 1:0 95550
93861 56312 21:0 93893
93896 56321 21:0 93899
93906 56323 21:0 93909
93916 56326 21:0 93938
93937 56330 21:0 93938
93939 105 1:0 93939
93943 56344 1:0 93943
93944 56344 21:0 93949
93950 107 1:0 93950
93950 56344 1:0 95631
93955 56348 21:0 93955
93959 103 1:0 93959
93964 56351 1:0 93964
93965 56351 21:0 93989
93988 56356 21:0 93989
93992 56369 21:0 94024
94027 56378 21:0 94030
94037 56380 21:0 94040
94047 56383 21:0 94069
94068 56387 21:0 94069
94070 87 1:0 94070
94074 56401 1:0 94074
94075 56401 21:0 94075
94081 89 1:0 94081
94085 56405 1:0 94085
94086 56405 21:0 94086
94090 85 1:0 94090
94095 56408 1:0 94095
94096 56408 21:0 94120
94119 56413 21:0 94120
94123 56426 21:0 94155
94158 56435 21:0 94161
94168 56437 21:0 94171
94178 56440 21:0 94200
94199 56444 21:0 94200
94201 69 1:0 94201
94206 56458 21:0 94206
94212 71 1:0 94212
94216 56462 1:0 94216
94217 56462 21:0 94217
94221 67 1:0 94221
94226 56465 1:0 94226
94227 56465 21:0 94251
94250 56470 21:0 94251
94254 56483 21:0 94286
94289 56492 21:0 94292
94299 56494 21:0 94302
94309 56497 21:0 94331
94330 56501 21:0 94331
94332 51 1:0 94332
94337 56515 21:0 94342
94343 53 1:0 94343
94347 56519 1:0 94347
94348 56519 21:0 94351
94352 49 1:0 94352
94357 56522 1:0 94357
94358 56522 21:0 94358
94363 56527 21:0 94364
94385 56540 21:0 94417
94420 56549 21:0 94423
94430 56551 21:0 94433
94440 56554 21:0 94462
94461 56558 21:0 94462
94463 33 1:0 94463
94467 56572 1:0 94467
94468 56572 21:0 94473
94474 35 1:0 94474
94478 56576 1:0 94478
94479 56576 21:0 94479
94483 31 1:0 94483
94488 56579 1:0 94488
94494 56584 21:0 94495
94495 56579 21:0 94513
94514 56579 1:0 95626
94516 56597 21:0 94548
94551 56606 21:0 94554
94561 56608 21:0 94564
94571 56611 21:0 94593
94592 56615 21:0 94593
94594 15 1:0 94594
94598 56629 1:0 94598
94599 56629 21:0 94604
94605 17 1:0 94605
94605 56629 1:0 95631
94610 56633 21:0 94613
94614 13 1:0 94614
94620 56636 21:0 94644
94643 56641 21:0 94644
94647 56654 21:0 94679
94682 56663 21:0 94685
94692 56665 21:0 94695
94707 56672 21:0 94708
94724 54468 21:0 94728
94731 95620 21:0 94732
94732 95621 21:0 94743
94742 19 21:0 94743
94742 3 21:0 94743
94743 95622 21:0 94776
94775 5 21:0 94776
94775 56668 21:0 94776
94775 95631 21:0 94776
94775 56686 21:0 94776
94778 95615 21:0 94787
94786 95629 21:0 94787
94786 95626 21:0 94787
94786 7 21:0 94789
94787 13 21:0 94787
94788 95640 21:0 94789
94788 21 21:0 94789
94789 95643 21:0 94797
94792 17 21:0 94792
94796 95645 21:0 94847
94797 15 21:0 94797
94846 95644 21:0 94863
94862 95646 21:0 94873
94863 31 21:0 94863
94868 35 21:0 94868
94872 95676 21:0 94923
94873 33 21:0 94873
94922 95678 21:0 94939
94938 95677 21:0 94949
94939 49 21:0 94939
94944 53 21:0 94944
94948 95679 21:0 94999
94949 51 21:0 94949
94998 95709 21:0 95015
95014 95711 21:0 95025
95015 67 21:0 95015
95020 71 21:0 95020
95024 95710 21:0 95075
95025 69 21:0 95025
95074 95712 21:0 95091
95090 95742 21:0 95101
95091 85 21:0 95091
95096 89 21:0 95096
95100 95743 21:0 95151
95101 87 21:0 95101
95150 95744 21:0 95167
95166 95745 21:0 95177
95167 103 21:0 95167
95172 107 21:0 95172
95176 95775 21:0 95222
95177 105 21:0 95177
95188 95819 21:0 95188
95221 95777 21:0 95243
95242 95776 21:0 95253
95243 121 21:0 95243
95248 125 21:0 95248
95252 95778 21:0 95275
95253 123 21:0 95253
95274 95808 21:0 95319
95318 95809 21:0 95329
95319 139 21:0 95319
95324 143 21:0 95324
95328 95810 21:0 95347
95329 141 21:0 95329
95346 95811 21:0 95395
95394 95841 21:0 95402
95395 157 21:0 95395
95400 161 21:0 95400
95401 95842 21:0 95423
95405 159 21:0 95405
95422 95843 21:0 95471
95427 95919 21:0 95427
95455 95925 21:0 95455
95460 95927 21:0 95460
95470 95844 21:0 95476
95471 175 21:0 95471
95475 95874 21:0 95495
95476 179 21:0 95476
95476 95939 21:0 95476
95481 177 21:0 95481
95492 95951 21:0 95492
95494 95876 21:0 95547
95531 95959 21:0 95531
95531 95956 21:0 95531
95544 95971 21:0 95544
95546 95875 21:0 95552
95547 193 21:0 95547
95551 95877 21:0 95571
95552 197 21:0 95552
95552 95972 21:0 95552
95557 195 21:0 95557
95570 95907 21:0 95623
95607 95991 21:0 95607
95607 95989 21:0 95607
95612 95993 21:0 95612
95622 95909 21:0 95628
95623 211 21:0 95623
95627 95908 21:0 95647
95628 215 21:0 95628
95633 213 21:0 95633
95646 95910 21:0 95699
95690 96011 21:0 95690
95698 95940 21:0 95704
95699 229 21:0 95699
95703 94502 1:0 95707
95703 94515 1:0 95707
95703 56063 1:0 95707
95703 243 1:0 95707
95703 95942 21:0 95723
95704 233 21:0 95704
95704 96038 21:0 95704
95708 94338 1:0 95721
95708 55664 1:0 95721
95708 319 1:0 95721
95709 231 21:0 95709
95709 253 1:0 95709
95710 241 1:0 95721
95720 96050 21:0 95720
95722 94567 1:0 95757
95722 95941 21:0 95775
95731 96051 21:0 95731
95758 94301 1:0 95773
95759 96057 21:0 95759
95759 96058 21:0 95759
95763 257 1:0 95764
95763 263 1:0 95764
95764 96059 21:0 95764
95764 255 1:0 95764
95765 261 1:0 95773
95774 56519 1:0 95778
95774 56572 1:0 95778
95774 269 1:0 95778
95774 95943 21:0 95780
95775 247 21:0 95775
95779 94503 1:0 95783
95779 94376 1:0 95783
95779 56515 1:0 95783
95779 95973 21:0 95799
95780 251 21:0 95780
95784 56351 1:0 95797
95784 303 1:0 95797
95784 94482 1:0 95797
95785 249 21:0 95785
95785 271 1:0 95785
95786 259 1:0 95797
95787 96064 21:0 95787
95798 94536 1:0 95833
95798 95974 21:0 95851
95834 94436 1:0 95849
95835 96088 21:0 95835
95835 96090 21:0 95835
95839 275 1:0 95849
95839 281 1:0 95849
95842 96077 21:0 95842
95846 273 1:0 95846
95850 56066 1:0 95854
95850 94475 1:0 95854
95850 94528 1:0 95854
95850 95975 21:0 95856
95851 265 21:0 95851
95855 94547 1:0 95859
95855 279 1:0 95859
95855 94404 1:0 95859
95855 55778 1:0 95859
95855 95976 21:0 95875
95856 269 21:0 95856
95856 96104 21:0 95856
95860 56006 1:0 95873
95860 55888 1:0 95873
95860 55895 1:0 95873
95861 267 21:0 95861
95861 289 1:0 95861
95862 277 1:0 95873
95872 96116 21:0 95872
95874 94400 1:0 95909
95874 96006 21:0 95927
95910 94389 1:0 95925
95911 96124 21:0 95911
95911 96121 21:0 95911
95915 293 1:0 95925
95915 299 1:0 95925
95916 96125 21:0 95916
95918 96110 21:0 95918
95922 291 1:0 95922
95924 96136 21:0 95924
95926 56180 1:0 95930
95926 94422 1:0 95930
95926 94371 1:0 95930
95926 96008 21:0 95932
95927 283 21:0 95927
95931 56059 1:0 95935
95931 94356 1:0 95935
95931 295 1:0 95935
95931 56408 1:0 95935
95931 96007 21:0 95943
95932 287 21:0 95932
95936 94303 1:0 95949
95936 56287 1:0 95949
95936 94462 1:0 95949
95937 285 21:0 95937
95937 307 1:0 95937
95938 297 1:0 95949
95942 96009 21:0 96003
95950 55831 1:0 95985
95986 94349 1:0 96001
95987 96154 21:0 95987
95991 311 1:0 95992
95991 317 1:0 95992
95992 96158 21:0 95992
95992 309 1:0 95992
95993 315 1:0 96001
95994 96143 21:0 95994
96002 94442 1:0 96006
96002 94415 1:0 96006
96002 94429 1:0 96006
96002 96039 21:0 96008
96003 301 21:0 96003
96007 94495 1:0 96011
96007 94305 1:0 96011
96007 94304 1:0 96011
96007 96041 21:0 96013
96008 305 21:0 96008
96012 94362 1:0 96025
96012 56009 1:0 96025
96012 56465 1:0 96025
96012 96040 21:0 96079
96013 303 21:0 96013
96013 325 1:0 96013
96014 313 1:0 96025
96024 96182 21:0 96024
96026 94317 1:0 96061
96035 96183 21:0 96035
96061 327 1:0 96061
96062 94585 1:0 96082
96076 96202 21:0 96076
96078 96042 21:0 96084
96079 319 21:0 96079
96081 323 1:0 96081
96083 96072 21:0 96089
96083 94584 1:0 96093
96088 94290 1:0 96093
96088 96073 21:0 96098
96088 389 1:0 96091
96094 94583 1:0 96100
96097 55717 1:0 96104
96097 55721 1:0 96104
96097 96074 21:0 96106
96101 55660 21:0 96101
96103 96213 21:0 96103
96105 96075 21:0 96109
96105 94582 1:0 96111
96108 55774 1:0 96113
96108 55685 1:0 96113
96108 55694 1:0 96113
96108 55696 1:0 96113
96108 55699 1:0 96113
96108 96105 21:0 96118
96109 323 21:0 96109
96112 96213 1:0 96112
96112 55664 21:0 96112
96112 55672 1:0 96113
96113 94579 1:0 96113
96114 94552 1:0 96141
96116 319 1:0 96116
96117 94330 1:0 96141
96117 94449 1:0 96141
96117 96107 21:0 96181
96118 319 21:0 96118
96121 55667 1:0 96121
96122 94580 1:0 96122
96127 94574 1:0 96127
96139 94570 1:0 96141
96141 55703 1:0 96141
96141 94559 1:0 96141
96142 94569 1:0 96142
96142 94550 1:0 96224
96151 94565 1:0 96151
96151 94568 1:0 96151
96177 94561 1:0 96177
96180 96106 21:0 96226
96204 94560 1:0 96204
96209 94554 1:0 96209
96225 96108 21:0 96229
96225 94551 1:0 96232
96227 303 1:0 96227
96228 56173 1:0 96235
96228 94435 1:0 96235
96228 96138 21:0 96240
96232 55717 21:0 96232
96234 96270 21:0 96234
96236 94548 1:0 96236
96236 94549 1:0 96242
96238 305 1:0 96238
96239 55756 1:0 96244
96239 56636 1:0 96244
96239 55751 1:0 96244
96239 55742 1:0 96244
96239 55753 1:0 96244
96239 96139 21:0 96246
96240 305 21:0 96240
96243 96270 1:0 96243
96244 55729 1:0 96244
96244 94546 1:0 96244
96245 96140 21:0 96249
96245 94519 1:0 96272
96247 301 1:0 96247
96248 94204 1:0 96272
96248 94164 1:0 96272
96248 96141 21:0 96331
96252 55724 1:0 96252
96258 94541 1:0 96258
96270 94537 1:0 96272
96272 94526 1:0 96272
96272 55760 1:0 96272
96273 94517 1:0 96355
96282 94534 1:0 96282
96330 96171 21:0 96360
96335 94527 1:0 96335
96340 94521 1:0 96340
96356 94518 1:0 96363
96358 285 1:0 96358
96359 94158 1:0 96366
96359 94283 1:0 96366
96359 96172 21:0 96368
96367 96173 21:0 96371
96367 94516 1:0 96373
96369 287 1:0 96369
96370 55799 1:0 96375
96370 94145 1:0 96375
96370 55813 1:0 96375
96370 55810 1:0 96375
96370 55808 1:0 96375
96370 96174 21:0 96380
96374 55778 21:0 96374
96374 55786 1:0 96375
96375 94513 1:0 96375
96376 94486 1:0 96403
96378 283 1:0 96378
96379 94169 1:0 96403
96379 94191 1:0 96403
96379 96204 21:0 96440
96384 94514 1:0 96384
96389 94508 1:0 96389
96401 94504 1:0 96403
96403 55817 1:0 96403
96403 94493 1:0 96403
96404 94485 1:0 96486
96413 94501 1:0 96413
96413 94499 1:0 96413
96439 96206 21:0 96488
96466 94494 1:0 96466
96471 94488 1:0 96471
96487 96205 21:0 96491
96487 94484 1:0 96493
96489 267 1:0 96489
96490 94272 1:0 96497
96490 94171 1:0 96497
96490 96207 21:0 96502
96494 55831 21:0 96494
96498 94483 1:0 96504
96500 269 1:0 96500
96501 95630 21:0 96502
96501 95628 21:0 96502
96501 94211 1:0 96506
96501 55867 1:0 96506
96501 55865 1:0 96506
96501 55856 1:0 96506
96501 55870 1:0 96506
96501 95641 21:0 96508
96504 55835 1:0 96504
96505 55843 1:0 96506
96506 94480 1:0 96506
96507 95642 21:0 96508
96507 95635 21:0 96508
96507 95662 21:0 96511
96507 94453 1:0 96534
96509 265 1:0 96509
96510 95668 21:0 96511
96510 95663 21:0 96511
96510 94202 1:0 96534
96510 94173 1:0 96534
96510 95648 21:0 96536
96532 94471 1:0 96534
96534 55874 1:0 96534
96534 94460 1:0 96534
96535 94470 1:0 96535
96535 95675 21:0 96571
96535 94452 1:0 96617
96544 94469 1:0 96544
96544 94468 1:0 96544
96544 94466 1:0 96544
96570 95654 21:0 96590
96589 95661 21:0 96593
96592 95674 21:0 96619
96602 94455 1:0 96602
96618 95655 21:0 96619
96618 95659 21:0 96619
96618 95696 21:0 96622
96618 94451 1:0 96624
96620 249 1:0 96620
96621 95727 21:0 96622
96621 95695 21:0 96622
96621 94185 1:0 96628
96621 94238 1:0 96628
96621 95688 21:0 96630
96629 95729 21:0 96630
96629 95708 21:0 96630
96629 95734 21:0 96633
96629 94450 1:0 96635
96631 251 1:0 96631
96632 95720 21:0 96633
96632 95725 21:0 96633
96632 55927 1:0 96637
96632 55924 1:0 96637
96632 55922 1:0 96637
96632 94218 1:0 96637
96632 55913 1:0 96637
96632 95714 21:0 96639
96636 55892 21:0 96636
96636 55900 1:0 96637
96637 94447 1:0 96637
96638 95692 21:0 96639
96638 95728 21:0 96639
96638 95681 21:0 96642
96638 94420 1:0 96665
96640 247 1:0 96640
96641 95740 21:0 96642
96641 95707 21:0 96642
96641 94257 1:0 96665
96641 94264 1:0 96665
96641 95694 21:0 96667
96646 55895 21:0 96646
96646 94448 1:0 96646
96663 94438 1:0 96665
96665 94427 1:0 96665
96665 55931 1:0 96665
96666 94437 1:0 96666
96666 95687 21:0 96702
96666 94419 1:0 96748
96675 94433 1:0 96675
96701 95701 21:0 96721
96720 95721 21:0 96724
96723 95840 21:0 96750
96728 94428 1:0 96728
96749 95800 21:0 96750
96749 95807 21:0 96750
96749 95753 21:0 96753
96749 94418 1:0 96755
96751 231 1:0 96751
96752 95760 21:0 96753
96752 95839 21:0 96753
96752 94277 1:0 96759
96752 94270 1:0 96759
96752 95773 21:0 96761
96755 55945 1:0 96755
96756 55945 21:0 96756
96760 95754 21:0 96761
96760 95747 21:0 96761
96760 95886 21:0 96764
96760 94417 1:0 96766
96762 233 1:0 96762
96763 95905 21:0 96764
96763 95872 21:0 96764
96763 55970 1:0 96768
96763 94237 1:0 96768
96763 55984 1:0 96768
96763 55981 1:0 96768
96763 55979 1:0 96768
96763 95857 21:0 96770
96766 55949 1:0 96766
96767 55949 21:0 96767
96768 55957 1:0 96768
96768 94414 1:0 96768
96768 94165 1:0 96796
96768 94394 1:0 96796
96768 94405 1:0 96796
96768 94387 1:0 96796
96768 55988 1:0 96796
96768 94235 1:0 96796
96768 56038 1:0 96899
96768 94381 1:0 96899
96768 56036 1:0 96899
96768 56014 1:0 96899
96768 94372 1:0 96927
96768 94361 1:0 96927
96768 56045 1:0 96927
96768 56071 1:0 97030
96768 94348 1:0 97030
96768 94328 1:0 97058
96768 56102 1:0 97058
96768 94339 1:0 97058
96768 56128 1:0 97161
96768 56159 1:0 97189
96769 95860 21:0 96770
96769 95833 21:0 96770
96769 95767 21:0 96773
96771 229 1:0 96771
96771 94244 1:0 96890
96772 95859 21:0 96773
96772 95741 21:0 96773
96772 95787 21:0 96798
96774 94385 1:0 96879
96774 94386 1:0 96887
96776 55952 1:0 96776
96776 94172 1:0 96890
96779 94315 1:0 97161
96795 94384 1:0 96897
96797 95780 21:0 96833
96806 94403 1:0 96806
96806 94402 1:0 96806
96807 94206 1:0 96899
96807 56041 1:0 96899
96807 56027 1:0 96899
96807 56084 1:0 97030
96832 94396 1:0 96832
96832 95762 21:0 96852
96851 95866 21:0 96855
96853 94354 1:0 96927
96854 95813 21:0 96881
96856 94205 1:0 96927
96856 56098 1:0 97030
96859 94395 1:0 96859
96861 94271 1:0 96927
96867 94306 1:0 97189
96868 94295 1:0 97189
96876 94224 1:0 97021
96877 94251 1:0 97021
96880 95758 21:0 96881
96880 95761 21:0 96881
96880 95774 21:0 96884
96882 213 1:0 96882
96883 95824 21:0 96884
96883 95853 21:0 96884
96883 95791 21:0 96892
96886 56002 1:0 96886
96887 56002 21:0 96887
96889 94352 1:0 97010
96890 94353 1:0 97018
96890 56093 1:0 97030
96890 56095 1:0 97030
96890 56150 1:0 97161
96890 56155 1:0 97161
96890 56152 1:0 97161
96890 56141 1:0 97161
96890 56185 1:0 97292
96890 94282 1:0 97292
96890 56216 1:0 97320
96890 56242 1:0 97423
96890 56273 1:0 97451
96891 94383 1:0 96891
96891 95852 21:0 96892
96891 95793 21:0 96892
96891 95906 21:0 96895
96893 215 1:0 96893
96893 94351 1:0 97028
96894 95827 21:0 96895
96894 95893 21:0 96895
96894 95861 21:0 96901
96896 94263 1:0 97030
96896 94178 1:0 97058
96896 94184 1:0 97058
96898 56006 21:0 96898
96899 94321 1:0 97058
96899 94319 1:0 97141
96900 95873 21:0 96901
96900 95828 21:0 96901
96900 95890 21:0 96904
96902 211 1:0 96902
96902 94250 1:0 97152
96902 94217 1:0 97152
96903 95806 21:0 96904
96903 95794 21:0 96904
96903 95879 21:0 96929
96905 94320 1:0 97149
96907 94318 1:0 97159
96908 94382 1:0 96908
96910 94239 1:0 97161
96925 94198 1:0 97189
96926 94152 1:0 97189
96928 95826 21:0 96964
96937 94370 1:0 96937
96937 94367 1:0 96937
96937 94369 1:0 96937
96938 94288 1:0 97189
96963 94363 1:0 96963
96963 95899 21:0 96983
96979 56198 1:0 97292
96982 95786 21:0 96986
96985 95820 21:0 97012
96987 94286 1:0 97272
96992 94151 1:0 97283
96999 94273 1:0 97320
97007 94197 1:0 97283
97008 56207 1:0 97292
97008 56212 1:0 97292
97008 56209 1:0 97292
97008 94262 1:0 97320
97008 56255 1:0 97423
97008 56266 1:0 97423
97008 56264 1:0 97423
97008 94249 1:0 97423
97008 94229 1:0 97451
97008 94240 1:0 97451
97008 56323 1:0 97554
97008 56321 1:0 97554
97008 56299 1:0 97554
97008 94216 1:0 97554
97008 94207 1:0 97582
97008 94196 1:0 97582
97008 56330 1:0 97582
97008 56356 1:0 97685
97008 94183 1:0 97685
97008 56378 1:0 97685
97008 94163 1:0 97713
97008 56387 1:0 97713
97008 94174 1:0 97713
97008 94150 1:0 97816
97008 56413 1:0 97816
97008 94141 1:0 97844
97008 56444 1:0 97844
97008 94130 1:0 97844
97008 56470 1:0 97947
97011 95894 21:0 97012
97011 95795 21:0 97012
97011 95846 21:0 97015
97013 195 1:0 97013
97014 95885 21:0 97015
97014 389 21:0 97015
97014 96097 21:0 97023
97018 56059 21:0 97018
97020 94287 1:0 97280
97021 94285 1:0 97290
97021 94230 1:0 97292
97022 94350 1:0 97022
97022 96055 21:0 97023
97022 96163 21:0 97023
97022 96025 21:0 97026
97024 197 1:0 97024
97024 94255 1:0 97320
97025 96017 21:0 97026
97025 95932 21:0 97026
97025 96157 21:0 97032
97027 94136 1:0 97320
97027 94103 1:0 97320
97027 94138 1:0 97414
97029 56063 21:0 97029
97030 94253 1:0 97403
97030 94254 1:0 97411
97031 96026 21:0 97032
97031 56009 21:0 97032
97031 55721 21:0 97035
97033 193 1:0 97033
97033 94074 1:0 97414
97033 94092 1:0 97423
97033 56269 1:0 97423
97033 56312 1:0 97554
97033 56326 1:0 97554
97034 96130 21:0 97035
97034 96005 21:0 97035
97034 96037 21:0 97060
97036 94252 1:0 97421
97041 94222 1:0 97451
97056 94139 1:0 97451
97057 94112 1:0 97451
97059 55781 21:0 97095
97068 94337 1:0 97068
97068 94334 1:0 97068
97068 94336 1:0 97068
97069 94220 1:0 97534
97094 96022 21:0 97114
97110 56369 1:0 97685
97113 96092 21:0 97117
97116 96156 21:0 97143
97118 94221 1:0 97542
97121 94329 1:0 97121
97123 94106 1:0 97545
97126 94323 1:0 97126
97138 94066 1:0 97545
97139 94131 1:0 97554
97142 55952 21:0 97143
97142 96084 21:0 97143
97142 95926 21:0 97146
97144 177 1:0 97144
97145 96137 21:0 97146
97145 96149 21:0 97146
97145 95952 21:0 97154
97148 56116 1:0 97148
97149 56116 21:0 97149
97151 94219 1:0 97552
97152 94132 1:0 97582
97152 94070 1:0 97582
97152 94189 1:0 97582
97152 94098 1:0 97676
97153 95892 21:0 97154
97153 95945 21:0 97154
97153 96091 21:0 97157
97155 179 1:0 97155
97155 94125 1:0 97676
97156 55774 21:0 97157
97156 55838 21:0 97157
97156 95998 21:0 97163
97158 94188 1:0 97665
97159 56120 1:0 97159
97161 94187 1:0 97672
97161 94186 1:0 97683
97162 96169 21:0 97163
97162 96083 21:0 97163
97162 96004 21:0 97166
97164 175 1:0 97164
97164 94140 1:0 97685
97164 56383 1:0 97685
97164 56380 1:0 97685
97164 94119 1:0 97713
97165 95796 21:0 97166
97165 56036 21:0 97166
97165 56098 21:0 97166
97165 95994 21:0 97166
97165 95958 21:0 97166
97165 56027 21:0 97166
97165 95928 21:0 97166
97165 56084 21:0 97166
97165 95895 21:0 97166
97165 95664 21:0 97166
97165 56038 21:0 97166
97165 95961 21:0 97166
97165 95730 21:0 97166
97165 56041 21:0 97166
97165 96027 21:0 97166
97165 95829 21:0 97166
97165 95763 21:0 97166
97165 56093 21:0 97166
97165 95862 21:0 97168
97167 95697 21:0 97168
97167 96060 21:0 97170
97167 94065 1:0 97713
97167 94156 1:0 97713
97169 56123 1:0 97169
97169 95719 21:0 97170
97169 95950 21:0 97170
97169 95884 21:0 97170
97169 95805 21:0 97170
97169 95904 21:0 97170
97169 95871 21:0 97170
97169 96093 21:0 97170
97169 56014 21:0 97170
97170 94316 1:0 97170
97170 56123 21:0 97194
97172 94154 1:0 97796
97187 94099 1:0 97807
97193 55984 21:0 97194
97193 96049 21:0 97194
97193 55970 21:0 97194
97193 96126 21:0 97194
97193 96069 21:0 97194
97193 96082 21:0 97194
97193 95937 21:0 97194
97193 55874 21:0 97194
97193 95983 21:0 97194
97193 95917 21:0 97194
97193 95706 21:0 97194
97193 95752 21:0 97194
97193 95838 21:0 97194
97193 96036 21:0 97194
97193 95673 21:0 97194
97193 95851 21:0 97194
97193 95785 21:0 97194
97193 56095 21:0 97194
97193 95772 21:0 97194
97193 95653 21:0 97194
97193 96016 21:0 97194
97193 96003 21:0 97194
97193 95686 21:0 97194
97193 95970 21:0 97194
97193 95818 21:0 97194
97193 95739 21:0 97194
97193 55900 21:0 97194
97193 55931 21:0 97194
97193 55672 21:0 97194
97193 289 21:0 97194
97193 273 21:0 97194
97193 291 21:0 97194
97193 307 21:0 97194
97193 271 21:0 97194
97193 309 21:0 97194
97193 255 21:0 97194
97193 325 21:0 97194
97193 253 21:0 97194
97193 327 21:0 97194
97193 96115 21:0 97194
97193 55843 21:0 97194
97193 55703 21:0 97194
97193 55729 21:0 97194
97193 75 21:0 97194
97193 55988 21:0 97194
97193 55957 21:0 97194
97193 56071 21:0 97194
97193 56128 21:0 97194
97193 56102 21:0 97194
97193 96168 21:0 97194
97193 96102 21:0 97194
97193 56045 21:0 97194
97193 96159 21:0 97194
97193 96135 21:0 97194
97193 96181 21:0 97194
97193 93 21:0 97194
97193 96148 21:0 97194
97193 55760 21:0 97194
97193 96201 21:0 97194
97193 96192 21:0 97194
97193 55817 21:0 97194
97193 55786 21:0 97194
97193 9 21:0 97194
97195 93 1:0 97816
97195 75 1:0 97947
97197 56141 21:0 97229
97200 94155 1:0 97804
97225 94297 1:0 97225
97228 96203 21:0 97245
97241 94105 1:0 97807
97244 265 21:0 97248
97247 56152 21:0 97248
97249 94153 1:0 97814
97252 94296 1:0 97252
97252 56155 21:0 97274
97254 94107 1:0 97816
97260 94117 1:0 97947
97261 56501 1:0 97975
97261 56527 1:0 98078
97269 56426 1:0 97816
97269 56437 1:0 97816
97269 56440 1:0 97816
97269 56435 1:0 97816
97269 56492 1:0 97947
97269 56497 1:0 97947
97269 56494 1:0 97947
97270 94072 1:0 97844
97270 94108 1:0 97975
97270 94097 1:0 97975
97270 94084 1:0 98078
97273 96196 21:0 97274
97273 55799 21:0 97274
97273 55813 21:0 97274
97273 55927 21:0 97274
97273 55913 21:0 97274
97273 55870 21:0 97274
97273 55856 21:0 97274
97273 96024 21:0 97277
97275 159 1:0 97275
97276 95985 21:0 97277
97276 95912 21:0 97277
97276 56150 21:0 97277
97276 55742 21:0 97277
97276 56159 21:0 97277
97280 56173 21:0 97285
97282 94123 1:0 97844
97283 94118 1:0 97844
97283 94122 1:0 97927
97284 55835 21:0 97285
97284 95960 21:0 97285
97284 96044 21:0 97288
97286 161 1:0 97286
97286 94121 1:0 97934
97287 95978 21:0 97288
97287 56066 21:0 97291
97289 94053 1:0 97938
97289 94073 1:0 97938
97290 95923 21:0 97294
97291 56177 21:0 97291
97292 94120 1:0 97945
97292 94079 1:0 97947
97292 56483 1:0 97947
97292 94086 1:0 97975
97292 56551 1:0 98078
97292 56549 1:0 98078
97292 56554 1:0 98078
97293 95938 21:0 97294
97293 96189 21:0 97297
97295 157 1:0 97295
97295 94090 1:0 97975
97296 55979 21:0 97297
97296 55685 21:0 97297
97296 55756 21:0 97297
97296 55699 21:0 97297
97296 301 21:0 97297
97296 96190 21:0 97297
97296 55981 21:0 97297
97298 94059 1:0 97975
97298 94088 1:0 98058
97301 56180 21:0 97325
97303 94089 1:0 98066
97318 94085 1:0 98069
97319 94037 1:0 98069
97324 55753 21:0 97325
97324 55694 21:0 97325
97324 55696 21:0 97325
97324 56185 21:0 97325
97324 55751 21:0 97325
97324 55924 21:0 97325
97324 55810 21:0 97325
97324 55808 21:0 97325
97324 55865 21:0 97325
97324 55867 21:0 97325
97324 55922 21:0 97325
97328 56198 21:0 97360
97330 94268 1:0 97330
97331 94087 1:0 98076
97359 96170 21:0 97376
97372 56540 1:0 98078
97372 94032 1:0 98078
97375 96070 21:0 97379
97378 56207 21:0 97379
97383 56212 21:0 97405
97391 94057 1:0 98106
97392 56558 1:0 98106
97392 56584 1:0 98209
97392 56615 1:0 98237
97392 56641 1:0 98348
97400 94039 1:0 98106
97401 94052 1:0 98106
97401 94075 1:0 98106
97401 94064 1:0 98106
97401 94051 1:0 98209
97401 94031 1:0 98237
97401 94042 1:0 98237
97401 94018 1:0 98348
97401 21 1:0 98348
97401 94009 1:0 98368
97401 19 1:0 98430
97401 56672 1:0 98430
97401 93998 1:0 98430
97401 54468 1:0 98449
97404 96018 21:0 97405
97404 55724 21:0 97405
97404 96117 21:0 97408
97406 141 1:0 97406
97407 317 21:0 97408
97407 96071 21:0 97408
97407 295 21:0 97408
97407 297 21:0 97408
97407 287 21:0 97408
97407 311 21:0 97408
97407 56209 21:0 97408
97407 313 21:0 97408
97407 56216 21:0 97408
97407 315 21:0 97408
97410 56230 1:0 97410
97411 56230 21:0 97416
97413 94055 1:0 98189
97414 94056 1:0 98197
97414 94026 1:0 98200
97414 94040 1:0 98200
97414 56597 1:0 98209
97414 56611 1:0 98209
97414 56608 1:0 98209
97414 56606 1:0 98209
97415 55667 21:0 97416
97415 96031 21:0 97416
97415 95992 21:0 97419
97417 143 1:0 97417
97417 94046 1:0 98209
97418 279 21:0 97419
97418 275 21:0 97419
97418 299 21:0 97419
97418 281 21:0 97419
97418 241 21:0 97419
97418 243 21:0 97419
97418 277 21:0 97419
97418 263 21:0 97419
97418 293 21:0 97419
97418 261 21:0 97419
97418 259 21:0 97419
97418 257 21:0 97419
97420 94054 1:0 98207
97421 56234 1:0 97421
97422 56234 21:0 97425
97423 94033 1:0 98237
97423 94024 1:0 98237
97423 94041 1:0 98237
97424 29 21:0 97425
97424 96191 21:0 97425
97424 96176 21:0 97428
97426 139 1:0 97426
97426 29 1:0 98207
97426 94023 1:0 98320
97427 101 21:0 97428
97427 55888 21:0 97428
97427 251 21:0 97428
97429 101 1:0 97685
97429 94022 1:0 98327
97429 94020 1:0 98331
97429 56633 1:0 98331
97431 56237 1:0 97431
97431 94013 1:0 98340
97437 56242 21:0 97438
97438 96187 21:0 97456
97450 94021 1:0 98338
97457 9 1:0 98343
97459 56255 21:0 97491
97462 94007 1:0 98343
97462 56654 1:0 98343
97462 94008 1:0 98343
97487 94231 1:0 97487
97494 56264 21:0 97497
97503 94019 1:0 98348
97503 94006 1:0 98368
97504 56266 21:0 97507
97506 95918 21:0 97510
97508 7 1:0 98356
97511 56663 1:0 98365
97511 94004 1:0 98368
97511 56665 1:0 98419
97511 56686 1:0 98430
97514 56269 21:0 97536
97516 94000 1:0 98403
97531 93993 1:0 98422
97532 5 1:0 98422
97535 56273 21:0 97536
97535 56237 21:0 97536
97535 56120 21:0 97536
97535 95965 21:0 97539
97537 123 1:0 97537
97538 96123 21:0 97539
97538 96150 21:0 97539
97538 233 21:0 97547
97542 56287 21:0 97542
97544 56668 1:0 98429
97544 93999 1:0 98430
97544 3 1:0 98447
97544 96150 1:0 99222
97544 96123 1:0 99258
97544 243 1:0 99426
97545 95965 1:0 99274
97545 56120 1:0 99279
97545 56237 1:0 99279
97545 95918 1:0 99279
97545 251 1:0 99284
97545 96187 1:0 99284
97546 96103 21:0 97547
97546 95984 21:0 97547
97546 303 21:0 97550
97548 125 1:0 97548
97548 96103 1:0 99208
97548 95984 1:0 99208
97548 233 1:0 99222
97549 321 21:0 97550
97549 231 21:0 97550
97549 267 21:0 97556
97551 231 1:0 99203
97551 321 1:0 99203
97551 303 1:0 99208
97553 56291 21:0 97553
97554 55888 1:0 99298
97554 96176 1:0 99298
97554 96191 1:0 99334
97554 95992 1:0 99350
97554 96031 1:0 99355
97554 55667 1:0 99355
97554 96117 1:0 99360
97554 96071 1:0 99360
97555 249 21:0 97556
97555 269 21:0 97556
97555 283 21:0 97559
97557 121 1:0 97557
97557 269 1:0 99182
97557 249 1:0 99198
97557 267 1:0 99203
97560 283 1:0 99146
97560 287 1:0 99360
97560 96070 1:0 99374
97560 96018 1:0 99374
97562 55724 1:0 99374
97563 56294 21:0 97563
97565 96170 1:0 99410
97568 56299 21:0 97569
97580 96190 1:0 99431
97581 301 1:0 99431
97590 56312 21:0 97622
97625 56321 21:0 97628
97635 56323 21:0 97638
97645 56326 21:0 97667
97666 56330 21:0 97667
97668 105 1:0 97668
97673 56344 21:0 97678
97679 107 1:0 97679
97679 56344 1:0 99222
97683 56348 1:0 97683
97684 56348 21:0 97687
97688 103 1:0 97688
97688 56348 1:0 99298
97694 56351 21:0 97718
97717 56356 21:0 97718
97719 56351 1:0 99355
97721 56369 21:0 97753
97756 56378 21:0 97759
97766 56380 21:0 97769
97776 56383 21:0 97798
97797 56387 21:0 97798
97799 87 1:0 97799
97803 56401 1:0 97803
97804 56401 21:0 97809
97810 89 1:0 97810
97814 56405 1:0 97814
97815 56405 21:0 97818
97819 85 1:0 97819
97825 56408 21:0 97849
97848 56413 21:0 97849
97850 56408 1:0 99426
97852 56426 21:0 97884
97887 56435 21:0 97890
97897 56437 21:0 97900
97907 56440 21:0 97929
97928 56444 21:0 97929
97930 69 1:0 97930
97934 56458 1:0 97934
97935 56458 21:0 97935
97941 71 1:0 97941
97945 56462 1:0 97945
97946 56462 21:0 97946
97950 67 1:0 97950
97956 56465 21:0 97980
97979 56470 21:0 97980
97983 56483 21:0 98015
98018 56492 21:0 98021
98028 56494 21:0 98031
98038 56497 21:0 98060
98059 56501 21:0 98060
98061 51 1:0 98061
98066 56515 21:0 98071
98072 53 1:0 98072
98072 56515 1:0 99431
98077 56519 21:0 98080
98081 49 1:0 98081
98081 56519 1:0 99284
98086 56522 1:0 98086
98087 56522 21:0 98087
98092 56527 21:0 98093
98114 56540 21:0 98146
98149 56549 21:0 98152
98159 56551 21:0 98162
98169 56554 21:0 98191
98190 56558 21:0 98191
98192 33 1:0 98192
98197 56572 21:0 98202
98203 35 1:0 98203
98207 56576 1:0 98207
98208 56576 21:0 98211
98212 31 1:0 98212
98218 56579 21:0 98242
98241 56584 21:0 98242
98245 56597 21:0 98277
98280 56606 21:0 98283
98290 56608 21:0 98293
98300 56611 21:0 98322
98321 56615 21:0 98322
98323 15 1:0 98323
98328 56629 21:0 98328
98334 17 1:0 98334
98339 56633 21:0 98342
98343 13 1:0 98343
98349 56636 21:0 98373
98372 56641 21:0 98373
98376 56654 21:0 98408
98411 56663 21:0 98414
98421 56665 21:0 98424
98431 56668 21:0 98461
98460 97242 21:0 98461
98460 56672 21:0 98461
98461 97243 21:0 98472
98471 54468 21:0 98472
98471 19 21:0 98472
98471 56686 21:0 98472
98472 97244 21:0 98505
98504 5 21:0 98505
98504 9 21:0 98505
98504 7 21:0 98505
98504 97253 21:0 98505
98504 3 21:0 98505
98505 11 21:0 98505
98507 97237 21:0 98516
98515 97252 21:0 98516
98515 97262 21:0 98516
98515 21 21:0 98516
98515 97250 21:0 98516
98516 13 21:0 98516
98518 97265 21:0 98526
98521 17 21:0 98521
98525 97267 21:0 98576
98526 15 21:0 98526
98540 23 21:0 98540
98548 27 21:0 98548
98575 97266 21:0 98592
98581 29 21:0 98581
98591 97268 21:0 98602
98592 31 21:0 98592
98597 35 21:0 98597
98601 97298 21:0 98652
98602 33 21:0 98602
98616 41 21:0 98616
98620 43 21:0 98620
98624 45 21:0 98624
98651 97300 21:0 98668
98657 47 21:0 98657
98667 97299 21:0 98678
98668 49 21:0 98668
98673 53 21:0 98673
98677 97301 21:0 98728
98678 51 21:0 98678
98692 59 21:0 98692
98696 61 21:0 98696
98700 63 21:0 98700
98727 97331 21:0 98744
98733 65 21:0 98733
98743 97333 21:0 98754
98744 67 21:0 98744
98749 71 21:0 98749
98753 97332 21:0 98804
98754 69 21:0 98754
98768 77 21:0 98768
98772 79 21:0 98772
98776 81 21:0 98776
98803 97334 21:0 98820
98809 83 21:0 98809
98819 97364 21:0 98830
98820 85 21:0 98820
98825 89 21:0 98825
98829 97365 21:0 98880
98830 87 21:0 98830
98848 97 21:0 98848
98879 97366 21:0 98896
98885 101 21:0 98885
98895 97367 21:0 98906
98896 103 21:0 98896
98901 107 21:0 98901
98905 97397 21:0 98947
98906 105 21:0 98906
98920 113 21:0 98920
98924 115 21:0 98924
98928 117 21:0 98928
98946 97399 21:0 98972
98961 119 21:0 98961
98971 97398 21:0 98982
98972 121 21:0 98972
98977 125 21:0 98977
98981 97400 21:0 99004
98982 123 21:0 98982
98996 131 21:0 98996
99000 133 21:0 99000
99003 97430 21:0 99048
99004 135 21:0 99004
99032 97479 21:0 99032
99037 137 21:0 99037
99047 97431 21:0 99058
99048 139 21:0 99048
99053 143 21:0 99053
99057 97432 21:0 99076
99058 141 21:0 99058
99072 149 21:0 99072
99075 97433 21:0 99124
99076 151 21:0 99076
99080 153 21:0 99080
99113 155 21:0 99113
99123 97463 21:0 99129
99124 157 21:0 99124
99128 97464 21:0 99152
99129 161 21:0 99129
99129 97528 21:0 99129
99134 159 21:0 99134
99148 167 21:0 99148
99151 97465 21:0 99200
99152 169 21:0 99152
99156 171 21:0 99156
99184 97545 21:0 99184
99184 97548 21:0 99184
99189 173 21:0 99189
99191 97534 21:0 99191
99197 97560 21:0 99197
99199 97466 21:0 99205
99200 175 21:0 99200
99204 97496 21:0 99224
99205 179 21:0 99205
99205 97561 21:0 99205
99210 177 21:0 99210
99212 97554 21:0 99212
99223 97498 21:0 99276
99224 185 21:0 99224
99228 187 21:0 99228
99232 189 21:0 99232
99260 97580 21:0 99260
99265 191 21:0 99265
99275 97497 21:0 99281
99276 193 21:0 99276
99280 97499 21:0 99300
99281 197 21:0 99281
99286 195 21:0 99286
99288 97587 21:0 99288
99299 97529 21:0 99352
99300 203 21:0 99300
99304 205 21:0 99304
99308 207 21:0 99308
99308 97607 21:0 99308
99341 209 21:0 99341
99349 97626 21:0 99349
99351 97530 21:0 99357
99352 211 21:0 99352
99356 97531 21:0 99376
99357 215 21:0 99357
99362 213 21:0 99362
99364 97620 21:0 99364
99373 97639 21:0 99373
99375 97532 21:0 99428
99376 221 21:0 99376
99380 223 21:0 99380
99384 225 21:0 99384
99384 97640 21:0 99384
99412 97647 21:0 99412
99417 227 21:0 99417
99417 97648 21:0 99417
99427 97562 21:0 99433
99428 229 21:0 99428
99432 96189 1:0 99436
99432 95938 1:0 99436
99432 95923 1:0 99436
99432 97563 21:0 99452
99433 233 21:0 99433
99437 96044 1:0 99450
99437 95978 1:0 99450
99437 56066 1:0 99450
99438 231 21:0 99438
99438 253 1:0 99438
99439 241 1:0 99450
99451 55835 1:0 99486
99451 97564 21:0 99504
99452 239 21:0 99452
99456 241 21:0 99456
99460 243 21:0 99460
99487 56572 1:0 99502
99488 97680 21:0 99488
99488 97679 21:0 99488
99492 263 1:0 99493
99492 257 1:0 99493
99493 245 21:0 99493
99493 255 1:0 99493
99494 261 1:0 99502
99495 97666 21:0 99495
99503 95985 1:0 99507
99503 95960 1:0 99507
99503 56180 1:0 99507
99503 97565 21:0 99509
99504 247 21:0 99504
99508 96024 1:0 99512
99508 95912 1:0 99512
99508 96196 1:0 99512
99508 97595 21:0 99528
99509 251 21:0 99509
99513 265 1:0 99526
99513 96203 1:0 99526
99513 56579 1:0 99526
99514 249 21:0 99514
99514 271 1:0 99514
99515 259 1:0 99526
99525 97705 21:0 99525
99527 95958 1:0 99562
99527 97597 21:0 99580
99528 257 21:0 99528
99532 259 21:0 99532
99536 261 21:0 99536
99563 96004 1:0 99578
99568 275 1:0 99578
99568 281 1:0 99578
99569 263 21:0 99569
99569 97714 21:0 99569
99571 97699 21:0 99571
99575 273 1:0 99575
99579 96083 1:0 99583
99579 95998 1:0 99583
99579 96169 1:0 99583
99579 97596 21:0 99585
99580 265 21:0 99580
99584 55774 1:0 99588
99584 55838 1:0 99588
99584 279 1:0 99588
99584 96091 1:0 99588
99584 97598 21:0 99604
99585 269 21:0 99585
99585 97726 21:0 99585
99589 95952 1:0 99602
99589 95892 1:0 99602
99589 95945 1:0 99602
99590 267 21:0 99590
99590 289 1:0 99590
99591 277 1:0 99602
99603 56405 1:0 99638
99603 97628 21:0 99656
99604 275 21:0 99604
99608 277 21:0 99608
99612 279 21:0 99612
99639 96149 1:0 99654
99644 299 1:0 99645
99644 293 1:0 99645
99645 281 21:0 99645
99645 97747 21:0 99645
99645 291 1:0 99645
99646 297 1:0 99654
99653 97758 21:0 99653
99655 96137 1:0 99659
99655 56234 1:0 99659
99655 95926 1:0 99659
99655 97630 21:0 99661
99656 283 21:0 99656
99660 96156 1:0 99664
99660 96084 1:0 99664
99660 55952 1:0 99664
99660 97629 21:0 99672
99661 287 21:0 99661
99665 96092 1:0 99678
99665 55781 1:0 99678
99665 96022 1:0 99678
99666 285 21:0 99666
99666 307 1:0 99666
99667 295 1:0 99678
99668 97752 21:0 99668
99671 97631 21:0 99732
99679 96037 1:0 99714
99680 293 21:0 99680
99684 295 21:0 99684
99688 297 21:0 99688
99715 96005 1:0 99730
99716 97778 21:0 99716
99716 97779 21:0 99716
99720 317 1:0 99730
99720 311 1:0 99730
99721 299 21:0 99721
99723 97765 21:0 99723
99727 309 1:0 99727
99731 55721 1:0 99735
99731 56465 1:0 99735
99731 96130 1:0 99735
99731 97661 21:0 99737
99732 301 21:0 99732
99734 305 1:0 99734
99736 56401 1:0 99740
99736 96026 1:0 99740
99736 56576 1:0 99740
99736 315 1:0 99740
99736 97663 21:0 99742
99737 305 21:0 99737
99737 97792 21:0 99737
99741 56009 1:0 99754
99741 56230 1:0 99754
99741 96157 1:0 99754
99741 97664 21:0 99808
99742 303 21:0 99742
99742 325 1:0 99742
99743 313 1:0 99754
99753 97804 21:0 99753
99755 96017 1:0 99790
99756 311 21:0 99756
99760 313 21:0 99760
99764 315 21:0 99764
99778 407 21:0 99778
99790 327 1:0 99790
99791 96207 1:0 99811
99792 97811 21:0 99792
99792 97809 21:0 99792
99797 317 21:0 99797
99797 97813 21:0 99797
99799 97798 21:0 99799
99805 97818 21:0 99805
99805 319 1:0 99805
99805 97824 21:0 99805
99807 97662 21:0 99813
99808 319 21:0 99808
99810 323 1:0 99810
99812 97694 21:0 99818
99812 96205 1:0 99822
99813 323 21:0 99813
99817 95932 1:0 99822
99817 97695 21:0 99827
99817 390 1:0 99820
99818 321 21:0 99818
99819 97818 1:0 99819
99823 96206 1:0 99830
99825 321 1:0 99825
99825 97832 21:0 99825
99826 56123 1:0 99833
99826 96025 1:0 99833
99826 97696 21:0 99835
99828 97832 1:0 99828
99829 55660 1:0 99829
99830 55660 21:0 99830
99834 97697 21:0 99838
99834 96204 1:0 99840
99836 323 1:0 99836
99837 55699 1:0 99842
99837 55696 1:0 99842
99837 96163 1:0 99842
99837 55694 1:0 99842
99837 55685 1:0 99842
99837 97727 21:0 99847
99840 55664 1:0 99840
99841 55664 21:0 99841
99841 55672 1:0 99842
99842 96201 1:0 99842
99843 96174 1:0 99870
99845 319 1:0 99845
99846 96055 1:0 99870
99846 96097 1:0 99870
99846 97728 21:0 99910
99851 55667 21:0 99851
99851 96202 1:0 99851
99868 96192 1:0 99870
99870 55703 1:0 99870
99870 96181 1:0 99870
99871 96173 1:0 99953
99873 317 1:0 99873
99891 407 1:0 99891
99906 96183 1:0 99906
99908 315 1:0 99908
99909 97729 21:0 99955
99917 313 1:0 99917
99927 311 1:0 99927
99933 96182 1:0 99933
99954 97730 21:0 99958
99954 96172 1:0 99960
99956 303 1:0 99956
99957 56633 1:0 99964
99957 56173 1:0 99964
99957 97760 21:0 99969
99960 55717 1:0 99960
99961 55717 21:0 99961
99965 96171 1:0 99971
99967 305 1:0 99967
99968 55751 1:0 99973
99968 55753 1:0 99973
99968 55756 1:0 99973
99968 95885 1:0 99973
99968 55742 1:0 99973
99968 97761 21:0 99975
99972 55729 1:0 99973
99973 96168 1:0 99973
99974 97762 21:0 99978
99974 96141 1:0 100001
99976 301 1:0 99976
99977 95894 1:0 100001
99977 95846 1:0 100001
99977 97763 21:0 100060
99999 96159 1:0 100001
100001 96148 1:0 100001
100001 55760 1:0 100001
100002 96158 1:0 100002
100002 96140 1:0 100084
100004 299 1:0 100004
100011 96154 1:0 100011
100039 297 1:0 100039
100048 295 1:0 100048
100058 293 1:0 100058
100059 97793 21:0 100089
100069 96143 1:0 100069
100085 96139 1:0 100091
100087 285 1:0 100087
100088 95820 1:0 100095
100088 95795 1:0 100095
100088 97794 21:0 100097
100092 55774 21:0 100092
100096 97795 21:0 100100
100096 96138 1:0 100102
100098 287 1:0 100098
100099 55808 1:0 100104
100099 55799 1:0 100104
100099 55813 1:0 100104
100099 95786 1:0 100104
100099 55810 1:0 100104
100099 97796 21:0 100109
100102 55778 1:0 100102
100104 55786 1:0 100104
100104 96135 1:0 100104
100105 96108 1:0 100132
100107 283 1:0 100107
100108 95899 1:0 100132
100108 95826 1:0 100132
100108 97826 21:0 100169
100113 96136 1:0 100113
100130 96126 1:0 100132
100132 96115 1:0 100132
100132 55817 1:0 100132
100133 96125 1:0 100133
100133 96106 1:0 100215
100135 281 1:0 100135
100142 96124 1:0 100142
100142 96121 1:0 100142
100168 97828 21:0 100217
100170 279 1:0 100170
100179 277 1:0 100179
100189 275 1:0 100189
100195 96116 1:0 100195
100200 96110 1:0 100200
100216 97827 21:0 100220
100216 96107 1:0 100223
100218 267 1:0 100218
100219 95794 1:0 100226
100219 95879 1:0 100226
100219 97829 21:0 100231
100222 55831 1:0 100222
100223 55831 21:0 100223
100227 96104 1:0 100227
100227 96105 1:0 100233
100229 269 1:0 100229
100230 97248 21:0 100231
100230 97251 21:0 100231
100230 55865 1:0 100235
100230 55856 1:0 100235
100230 55867 1:0 100235
100230 55870 1:0 100235
100230 95806 1:0 100235
100230 97263 21:0 100237
100234 55835 21:0 100234
100235 55843 1:0 100235
100235 96102 1:0 100235
100236 97264 21:0 100237
100236 97257 21:0 100237
100236 97296 21:0 100240
100236 96075 1:0 100263
100238 265 1:0 100238
100239 97277 21:0 100240
100239 97285 21:0 100240
100239 95890 1:0 100263
100239 95873 1:0 100263
100239 97281 21:0 100265
100244 55838 21:0 100244
100261 96093 1:0 100263
100263 96082 1:0 100263
100263 55874 1:0 100263
100264 97284 21:0 100300
100264 96074 1:0 100346
100266 263 1:0 100266
100273 96088 1:0 100273
100273 96090 1:0 100273
100299 97270 21:0 100319
100301 261 1:0 100301
100310 259 1:0 100310
100318 97283 21:0 100322
100320 257 1:0 100320
100321 97290 21:0 100348
100331 96077 1:0 100331
100347 97317 21:0 100348
100347 97276 21:0 100348
100347 97303 21:0 100351
100347 96073 1:0 100353
100349 249 1:0 100349
100350 97314 21:0 100351
100350 97318 21:0 100351
100350 95828 1:0 100357
100350 95861 1:0 100357
100350 97309 21:0 100359
100354 55888 21:0 100354
100358 97310 21:0 100359
100358 97323 21:0 100359
100358 97316 21:0 100362
100358 96072 1:0 100364
100360 251 1:0 100360
100361 97330 21:0 100362
100361 97297 21:0 100362
100361 95827 1:0 100366
100361 55927 1:0 100366
100361 55922 1:0 100366
100361 55913 1:0 100366
100361 55924 1:0 100366
100361 97329 21:0 100368
100364 55892 1:0 100364
100365 55900 1:0 100366
100366 96069 1:0 100366
100367 97363 21:0 100368
100367 97408 21:0 100368
100367 97347 21:0 100371
100367 96042 1:0 100394
100369 247 1:0 100369
100370 97413 21:0 100371
100370 97422 21:0 100371
100370 95906 1:0 100394
100370 95893 1:0 100394
100370 97396 21:0 100396
100374 55895 1:0 100374
100380 96064 1:0 100380
100392 96060 1:0 100394
100394 96049 1:0 100394
100394 55931 1:0 100394
100395 96059 1:0 100395
100395 97380 21:0 100431
100395 96040 1:0 100477
100397 245 1:0 100397
100404 96057 1:0 100404
100404 96058 1:0 100404
100430 96051 1:0 100430
100430 97349 21:0 100450
100432 243 1:0 100432
100441 241 1:0 100441
100449 97336 21:0 100453
100451 239 1:0 100451
100452 97417 21:0 100479
100457 96050 1:0 100457
100478 97450 21:0 100479
100478 97343 21:0 100479
100478 97483 21:0 100482
100478 96041 1:0 100485
100480 231 1:0 100480
100481 97481 21:0 100482
100481 97350 21:0 100482
100481 95852 1:0 100488
100481 95793 1:0 100488
100481 97448 21:0 100490
100484 55945 1:0 100484
100485 55945 21:0 100485
100489 96038 1:0 100489
100489 97402 21:0 100490
100489 97382 21:0 100490
100489 97375 21:0 100493
100489 96039 1:0 100495
100491 233 1:0 100491
100492 97389 21:0 100493
100492 97527 21:0 100493
100492 55979 1:0 100497
100492 55970 1:0 100497
100492 55984 1:0 100497
100492 55981 1:0 100497
100492 95791 1:0 100497
100492 97383 21:0 100499
100495 55949 1:0 100495
100497 96036 1:0 100497
100497 55957 1:0 100497
100497 96016 1:0 100525
100497 55988 1:0 100525
100497 96027 1:0 100525
100497 95824 1:0 100525
100497 95853 1:0 100525
100497 96009 1:0 100525
100497 56038 1:0 100628
100497 56036 1:0 100628
100497 56014 1:0 100628
100497 96003 1:0 100628
100497 95983 1:0 100656
100497 56045 1:0 100656
100497 95994 1:0 100656
100497 56095 1:0 100759
100497 95970 1:0 100759
100497 56071 1:0 100759
100497 95950 1:0 100787
100497 95961 1:0 100787
100497 56102 1:0 100787
100497 56128 1:0 100890
100497 56159 1:0 100918
100498 97475 21:0 100499
100498 97369 21:0 100499
100498 97495 21:0 100502
100500 229 1:0 100500
100500 95758 1:0 100619
100501 97514 21:0 100502
100501 97409 21:0 100502
100501 97362 21:0 100527
100503 96007 1:0 100608
100503 96008 1:0 100616
100505 95774 1:0 100619
100506 55952 21:0 100506
100524 96006 1:0 100626
100526 97468 21:0 100562
100528 227 1:0 100528
100536 95761 1:0 100628
100536 56041 1:0 100628
100536 56027 1:0 100628
100536 56098 1:0 100759
100536 95928 1:0 100890
100561 97428 21:0 100581
100563 225 1:0 100563
100572 223 1:0 100572
100580 97512 21:0 100584
100582 221 1:0 100582
100582 95976 1:0 100656
100583 97474 21:0 100610
100585 95866 1:0 100656
100585 56084 1:0 100759
100590 95813 1:0 100656
100593 96011 1:0 100593
100596 95937 1:0 100890
100597 95917 1:0 100918
100605 95780 1:0 100750
100606 95762 1:0 100750
100609 97415 21:0 100610
100609 97429 21:0 100610
100609 97351 21:0 100613
100611 213 1:0 100611
100612 97416 21:0 100613
100612 97446 21:0 100613
100612 97501 21:0 100621
100615 56002 1:0 100615
100616 56002 21:0 100616
100618 95975 1:0 100739
100619 95974 1:0 100746
100619 56093 1:0 100759
100619 56150 1:0 100887
100619 56141 1:0 100890
100619 56155 1:0 100890
100619 56152 1:0 100918
100619 56207 1:0 101021
100619 56185 1:0 101021
100619 95904 1:0 101021
100619 56216 1:0 101049
100619 56242 1:0 101152
100619 56273 1:0 101180
100620 97442 21:0 100621
100620 97515 21:0 100621
100620 97395 21:0 100624
100622 215 1:0 100622
100622 95973 1:0 100757
100623 97494 21:0 100624
100623 97342 21:0 100624
100623 97441 21:0 100630
100625 95787 1:0 100759
100625 95859 1:0 100787
100625 95741 1:0 100787
100626 56006 1:0 100626
100628 95943 1:0 100787
100628 95941 1:0 100870
100629 97449 21:0 100630
100629 97461 21:0 100630
100629 97435 21:0 100633
100631 211 1:0 100631
100631 95860 1:0 100881
100631 95767 1:0 100881
100632 97508 21:0 100633
100632 97521 21:0 100633
100632 97516 21:0 100658
100634 95942 1:0 100878
100636 95940 1:0 100888
100639 95833 1:0 100890
100654 95857 1:0 100918
100655 95905 1:0 100918
100657 95993 1:0 100657
100657 97455 21:0 100693
100659 209 1:0 100659
100666 95991 1:0 100666
100666 95989 1:0 100666
100667 95910 1:0 100918
100692 97482 21:0 100712
100694 207 1:0 100694
100703 205 1:0 100703
100708 56212 1:0 101021
100711 97356 21:0 100715
100713 203 1:0 100713
100714 97462 21:0 100741
100716 95908 1:0 101001
100721 95872 1:0 101012
100728 95895 1:0 101049
100736 95886 1:0 101012
100737 56198 1:0 101021
100737 95747 1:0 101021
100737 56209 1:0 101021
100737 95884 1:0 101049
100737 95871 1:0 101152
100737 95862 1:0 101152
100737 56266 1:0 101152
100737 95851 1:0 101180
100737 56299 1:0 101283
100737 95838 1:0 101283
100737 95818 1:0 101311
100737 56330 1:0 101311
100737 56356 1:0 101414
100737 95805 1:0 101414
100737 56387 1:0 101442
100737 95785 1:0 101442
100737 56413 1:0 101545
100737 56444 1:0 101545
100737 95772 1:0 101545
100737 56470 1:0 101676
100737 56501 1:0 101704
100740 97376 21:0 100741
100740 390 21:0 100741
100740 97541 21:0 100744
100742 195 1:0 100742
100743 97583 21:0 100744
100743 56041 21:0 100744
100743 56038 21:0 100744
100743 97418 21:0 100744
100743 97319 21:0 100744
100743 97581 21:0 100744
100743 97385 21:0 100744
100743 97644 21:0 100744
100743 97352 21:0 100744
100743 97616 21:0 100744
100743 97550 21:0 100744
100743 97286 21:0 100747
100746 56059 1:0 100746
100746 97328 21:0 100747
100746 97526 21:0 100747
100746 97493 21:0 100747
100746 97559 21:0 100747
100746 97308 21:0 100747
100746 97638 21:0 100747
100746 97275 21:0 100747
100746 97440 21:0 100747
100746 97605 21:0 100747
100746 97484 21:0 100747
100746 97394 21:0 100747
100747 56059 21:0 100752
100749 95909 1:0 101009
100750 95907 1:0 101019
100750 95754 1:0 101049
100751 95972 1:0 100751
100751 97507 21:0 100752
100751 97746 21:0 100752
100751 97677 21:0 100755
100753 197 1:0 100753
100753 95877 1:0 101049
100754 97681 21:0 100755
100754 97593 21:0 100758
100756 95773 1:0 101049
100756 95760 1:0 101143
100757 56063 1:0 100757
100757 97713 21:0 100761
100759 95875 1:0 101132
100759 95876 1:0 101140
100759 95839 1:0 101143
100760 97692 21:0 100761
100760 97653 21:0 100764
100762 193 1:0 100762
100762 56255 1:0 101152
100762 95753 1:0 101152
100762 56269 1:0 101152
100762 56264 1:0 101180
100762 56323 1:0 101283
100762 56321 1:0 101283
100762 95829 1:0 101311
100762 56380 1:0 101414
100763 97615 21:0 100764
100763 97573 21:0 100764
100763 97578 21:0 100778
100765 95874 1:0 101150
100768 56066 21:0 100768
100768 95971 1:0 100768
100770 95844 1:0 101180
100777 55895 21:0 100792
100777 95807 1:0 101180
100785 95800 1:0 101180
100790 191 1:0 100790
100791 97743 21:0 100827
100797 95959 1:0 100797
100797 95956 1:0 100797
100798 95843 1:0 101263
100825 189 1:0 100825
100826 97732 21:0 100843
100834 187 1:0 100834
100842 97672 21:0 100857
100844 185 1:0 100844
100844 95842 1:0 101270
100847 56312 1:0 101283
100850 95951 1:0 100850
100852 95721 1:0 101274
100856 97600 21:0 100872
100858 95840 1:0 101274
100858 95752 1:0 101545
100859 95739 1:0 101676
100867 56326 1:0 101283
100867 56378 1:0 101414
100867 56369 1:0 101414
100867 56383 1:0 101414
100867 95796 1:0 101442
100867 56437 1:0 101542
100867 95763 1:0 101545
100867 95730 1:0 101704
100867 95719 1:0 101704
100867 56527 1:0 101805
100867 56558 1:0 101805
100867 95686 1:0 101807
100867 95706 1:0 101807
100867 95697 1:0 101807
100867 95673 1:0 101938
100867 56584 1:0 101938
100867 95664 1:0 101966
100867 95653 1:0 101966
100867 56615 1:0 101966
100867 95640 1:0 102077
100867 56641 1:0 102077
100867 21 1:0 102077
100867 19 1:0 102160
100867 56672 1:0 102163
100867 95620 1:0 102164
100868 95701 1:0 101283
100871 97738 21:0 100872
100871 55781 21:0 100873
100872 97693 21:0 100875
100873 177 1:0 100873
100874 97627 21:0 100875
100874 97776 21:0 100875
100874 97547 21:0 100883
100877 56116 1:0 100877
100878 56116 21:0 100878
100880 95841 1:0 101281
100881 95687 1:0 101311
100881 95811 1:0 101311
100881 95694 1:0 101311
100881 95707 1:0 101405
100882 95939 1:0 100882
100882 97614 21:0 100883
100882 97739 21:0 100883
100882 97759 21:0 100886
100884 179 1:0 100884
100884 95740 1:0 101405
100885 97594 21:0 100886
100885 97712 21:0 100886
100885 97772 21:0 100892
100887 95810 1:0 101394
100889 56120 21:0 100889
100890 95809 1:0 101401
100890 95808 1:0 101412
100891 97805 21:0 100892
100891 97825 21:0 100895
100893 175 1:0 100893
100893 95681 1:0 101414
100893 95692 1:0 101442
100894 97785 21:0 100895
100894 97659 21:0 100895
100894 56009 21:0 100906
100896 95778 1:0 101442
100896 95728 1:0 101442
100905 55949 21:0 100923
100907 95776 1:0 101525
100916 95714 1:0 101536
100919 95927 1:0 100919
100921 173 1:0 100921
100922 97660 21:0 100958
100928 95925 1:0 100928
100929 95777 1:0 101533
100934 95725 1:0 101536
100954 95919 1:0 100954
100956 171 1:0 100956
100957 55724 21:0 100974
100965 169 1:0 100965
100970 56435 1:0 101573
100973 97540 21:0 100983
100975 167 1:0 100975
100982 97710 21:0 101003
100983 95775 1:0 101543
100984 56440 1:0 101545
100984 56426 1:0 101545
100984 56497 1:0 101676
100984 56492 1:0 101676
100984 56494 1:0 101676
100984 56549 1:0 101804
100984 56551 1:0 101835
100998 95720 1:0 101545
100999 95729 1:0 101573
101002 97818 21:0 101003
101002 97812 21:0 101003
101002 97719 21:0 101006
101004 159 1:0 101004
101005 97488 21:0 101006
101005 97646 21:0 101006
101005 97384 21:0 101014
101009 56173 21:0 101009
101011 95745 1:0 101573
101012 95734 1:0 101573
101012 95744 1:0 101656
101013 97791 21:0 101014
101013 97686 21:0 101014
101013 97780 21:0 101017
101015 161 1:0 101015
101015 95743 1:0 101663
101016 55778 21:0 101017
101016 56063 21:0 101017
101016 97549 21:0 101023
101018 95708 1:0 101667
101018 95688 1:0 101667
101018 95727 1:0 101676
101019 56177 1:0 101019
101020 56177 21:0 101020
101021 95742 1:0 101674
101021 56483 1:0 101676
101021 95696 1:0 101704
101021 56554 1:0 101807
101021 56540 1:0 101807
101022 97582 21:0 101023
101022 56006 21:0 101026
101024 157 1:0 101024
101024 95712 1:0 101704
101025 97567 21:0 101026
101025 97745 21:0 101026
101025 97633 21:0 101032
101027 95695 1:0 101704
101027 95710 1:0 101787
101030 56180 21:0 101030
101031 55892 21:0 101054
101033 95711 1:0 101795
101047 95659 1:0 101798
101048 95655 1:0 101798
101052 155 1:0 101052
101053 97606 21:0 101089
101060 95709 1:0 101805
101065 56606 1:0 101938
101065 56608 1:0 101938
101087 153 1:0 101087
101088 56123 21:0 101105
101096 151 1:0 101096
101101 95674 1:0 101807
101104 323 21:0 101110
101106 149 1:0 101106
101109 97725 21:0 101134
101114 95679 1:0 101835
101129 95661 1:0 101835
101130 95654 1:0 101835
101130 56611 1:0 101938
101133 56098 21:0 101134
101133 56027 21:0 101134
101133 56155 21:0 101134
101133 56084 21:0 101134
101133 56212 21:0 101134
101133 56198 21:0 101134
101133 55984 21:0 101134
101133 55970 21:0 101134
101133 56141 21:0 101137
101135 141 1:0 101135
101136 97649 21:0 101137
101136 56036 21:0 101137
101136 97451 21:0 101137
101136 56207 21:0 101137
101136 55981 21:0 101137
101136 56093 21:0 101137
101136 56150 21:0 101137
101136 56209 21:0 101137
101136 55913 21:0 101137
101136 55927 21:0 101137
101136 56152 21:0 101137
101136 55685 21:0 101137
101136 55742 21:0 101137
101136 55870 21:0 101137
101136 55799 21:0 101137
101136 55813 21:0 101137
101136 97517 21:0 101137
101136 56095 21:0 101137
101136 55856 21:0 101137
101136 55756 21:0 101137
101136 55979 21:0 101140
101139 97682 21:0 101140
101139 55924 21:0 101142
101140 56230 21:0 101140
101141 55922 21:0 101145
101142 95677 1:0 101918
101143 95678 1:0 101926
101143 95675 1:0 101929
101143 95648 1:0 101929
101143 95668 1:0 101938
101143 7 1:0 102072
101144 55751 21:0 101145
101144 55696 21:0 101145
101144 299 21:0 101145
101144 55753 21:0 101145
101144 279 21:0 101145
101144 277 21:0 101145
101144 293 21:0 101145
101144 97715 21:0 101145
101144 275 21:0 101145
101144 297 21:0 101145
101144 295 21:0 101145
101144 281 21:0 101145
101144 55867 21:0 101145
101144 55865 21:0 101145
101144 97748 21:0 101145
101144 55810 21:0 101145
101144 55808 21:0 101145
101144 97781 21:0 101145
101144 313 21:0 101145
101144 315 21:0 101145
101144 261 21:0 101145
101144 259 21:0 101145
101144 55699 21:0 101145
101144 97814 21:0 101145
101144 55694 21:0 101145
101144 311 21:0 101145
101144 317 21:0 101145
101144 257 21:0 101148
101146 143 1:0 101146
101146 56597 1:0 101938
101146 56663 1:0 102085
101146 9 1:0 102094
101146 95631 1:0 102097
101146 56665 1:0 102148
101146 54468 1:0 102164
101147 97757 21:0 101148
101147 97737 21:0 101148
101147 97724 21:0 101148
101147 309 21:0 101148
101147 55988 21:0 101148
101147 56045 21:0 101148
101147 97671 21:0 101148
101147 56216 21:0 101148
101147 325 21:0 101148
101147 56102 21:0 101148
101147 56185 21:0 101148
101147 97770 21:0 101148
101147 55957 21:0 101148
101147 255 21:0 101148
101147 253 21:0 101148
101147 97673 21:0 101148
101147 271 21:0 101148
101147 273 21:0 101148
101147 289 21:0 101148
101147 291 21:0 101148
101147 97706 21:0 101148
101147 97704 21:0 101148
101147 56071 21:0 101148
101147 56159 21:0 101148
101147 56014 21:0 101148
101147 56128 21:0 101148
101147 55760 21:0 101148
101147 97658 21:0 101148
101147 97691 21:0 101148
101147 307 21:0 101148
101147 97473 21:0 101148
101147 55931 21:0 101148
101147 55900 21:0 101148
101147 97427 21:0 101148
101147 97592 21:0 101148
101147 97572 21:0 101148
101147 55874 21:0 101148
101147 97506 21:0 101148
101147 97460 21:0 101148
101147 263 21:0 101148
101147 97341 21:0 101148
101147 55817 21:0 101148
101147 97361 21:0 101148
101147 97539 21:0 101148
101147 97625 21:0 101148
101147 97407 21:0 101148
101147 97295 21:0 101148
101147 97374 21:0 101148
101147 97803 21:0 101148
101147 327 21:0 101148
101147 55672 21:0 101148
101147 243 21:0 101148
101147 241 21:0 101148
101147 55703 21:0 101148
101147 55843 21:0 101148
101147 55729 21:0 101148
101147 55786 21:0 101148
101147 97823 21:0 101148
101147 97790 21:0 101148
101147 97574 21:0 101154
101149 95676 1:0 101936
101151 56234 21:0 101151
101152 95663 1:0 101966
101152 95662 1:0 101966
101152 95646 1:0 101966
101152 95642 1:0 102060
101153 97771 21:0 101154
101153 97613 21:0 101154
101153 97611 21:0 101157
101155 139 1:0 101155
101155 95644 1:0 102049
101156 99 21:0 101157
101156 95 21:0 101157
101156 75 21:0 101157
101156 283 21:0 101157
101156 55721 21:0 101157
101156 25 21:0 101161
101158 95 1:0 101283
101158 99 1:0 101414
101158 75 1:0 101676
101158 95645 1:0 102057
101158 56636 1:0 102060
101160 145 21:0 101161
101160 111 21:0 101161
101160 57 21:0 101161
101161 56237 21:0 101185
101162 145 1:0 101180
101162 111 1:0 101414
101162 57 1:0 101805
101162 25 1:0 101936
101178 95643 1:0 102067
101179 95635 1:0 102069
101179 56654 1:0 102072
101183 137 1:0 101183
101184 56242 21:0 101185
101184 239 21:0 101185
101186 95641 1:0 102072
101188 56255 21:0 101220
101191 95628 1:0 102072
101191 95630 1:0 102097
101218 135 1:0 101218
101223 56264 21:0 101226
101227 133 1:0 101227
101232 95626 1:0 102097
101232 95629 1:0 102097
101233 56266 21:0 101236
101235 231 21:0 101239
101237 131 1:0 101237
101237 3 1:0 102164
101240 5 1:0 102151
101240 56668 1:0 102158
101243 56269 21:0 101265
101264 287 21:0 101265
101264 56273 21:0 101265
101264 233 21:0 101265
101266 123 1:0 101266
101270 56287 1:0 101270
101271 56287 21:0 101276
101273 95622 1:0 102132
101273 95615 1:0 102151
101273 95621 1:0 102159
101273 56686 1:0 102179
101273 239 1:0 103155
101274 287 1:0 103008
101274 231 1:0 103008
101274 233 1:0 103008
101274 283 1:0 103013
101274 55721 1:0 103013
101274 97611 1:0 103027
101277 125 1:0 101277
101277 56287 1:0 103027
101281 56291 1:0 101281
101282 56291 21:0 101282
101283 97771 1:0 103027
101283 97613 1:0 103063
101283 97574 1:0 103079
101283 97706 1:0 103084
101283 97725 1:0 103084
101283 97673 1:0 103084
101283 56123 1:0 103089
101283 97606 1:0 103089
101286 121 1:0 101286
101289 323 1:0 103089
101289 97633 1:0 103103
101289 97567 1:0 103103
101291 56294 1:0 101291
101291 55892 1:0 103103
101292 56294 21:0 101292
101294 97745 1:0 103155
101297 56299 21:0 101298
101309 97582 1:0 103160
101310 56237 1:0 103160
101314 119 1:0 101314
101319 56312 21:0 101351
101322 56006 1:0 103160
101349 117 1:0 101349
101354 56321 21:0 101357
101358 115 1:0 101358
101364 56323 21:0 101367
101368 113 1:0 101368
101374 95819 1:0 101374
101374 56326 21:0 101396
101395 56330 21:0 101396
101397 105 1:0 101397
101402 56344 21:0 101402
101408 107 1:0 101408
101413 56348 21:0 101413
101417 103 1:0 101417
101423 56351 21:0 101423
101428 56356 21:0 101429
101445 101 1:0 101445
101450 56369 21:0 101482
101485 56378 21:0 101488
101489 97 1:0 101489
101495 56380 21:0 101498
101505 56383 21:0 101527
101526 56387 21:0 101527
101528 87 1:0 101528
101533 56401 21:0 101538
101539 89 1:0 101539
101544 56405 21:0 101547
101548 85 1:0 101548
101559 56413 21:0 101560
101560 56408 21:0 101578
101576 83 1:0 101576
101579 56408 1:0 103013
101581 56426 21:0 101613
101611 81 1:0 101611
101616 56435 21:0 101619
101620 79 1:0 101620
101626 56437 21:0 101629
101630 77 1:0 101630
101636 56440 21:0 101658
101657 56444 21:0 101658
101659 69 1:0 101659
101663 56458 1:0 101663
101664 56458 21:0 101669
101670 71 1:0 101670
101674 56462 1:0 101674
101675 56462 21:0 101675
101679 67 1:0 101679
101685 56465 21:0 101709
101707 65 1:0 101707
101708 56470 21:0 101709
101712 56483 21:0 101744
101742 63 1:0 101742
101747 56492 21:0 101750
101751 61 1:0 101751
101757 56494 21:0 101760
101761 59 1:0 101761
101767 56497 21:0 101789
101788 56501 21:0 101789
101790 51 1:0 101790
101795 56515 21:0 101795
101801 53 1:0 101801
101806 56519 21:0 101809
101810 49 1:0 101810
101815 56522 1:0 101815
101816 56522 21:0 101816
101821 56527 21:0 101822
101838 47 1:0 101838
101843 56540 21:0 101875
101873 45 1:0 101873
101878 56549 21:0 101881
101882 43 1:0 101882
101888 56551 21:0 101891
101892 41 1:0 101892
101898 56554 21:0 101920
101919 56558 21:0 101920
101921 33 1:0 101921
101926 56572 21:0 101931
101932 35 1:0 101932
101932 56572 1:0 103139
101937 56576 21:0 101937
101941 31 1:0 101941
101947 56579 21:0 101971
101969 29 1:0 101969
101970 56584 21:0 101971
101974 56597 21:0 102006
102004 27 1:0 102004
102009 56606 21:0 102012
102019 56608 21:0 102022
102023 23 1:0 102023
102029 56611 21:0 102051
102050 56615 21:0 102051
102052 15 1:0 102052
102056 56629 1:0 102056
102057 56629 21:0 102062
102063 17 1:0 102063
102068 56633 21:0 102071
102072 13 1:0 102072
102078 56636 21:0 102102
102100 11 1:0 102100
102101 56641 21:0 102102
102105 56654 21:0 102137
102140 56663 21:0 102143
102150 56665 21:0 102153
102160 56668 21:0 102189
102188 56672 21:0 102189
102189 98864 21:0 102190
102190 98865 21:0 102201
102200 19 21:0 102201
102200 54468 21:0 102201
102200 3 21:0 102201
102201 98866 21:0 102234
102233 98875 21:0 102234
102233 9 21:0 102234
102233 56686 21:0 102234
102233 7 21:0 102234
102233 5 21:0 102234
102236 98859 21:0 102245
102244 98884 21:0 102245
102244 98873 21:0 102245
102244 21 21:0 102245
102244 98872 21:0 102245
102245 13 21:0 102245
102247 98887 21:0 102255
102250 17 21:0 102250
102254 98888 21:0 102305
102255 15 21:0 102255
102304 98889 21:0 102321
102320 98890 21:0 102331
102321 31 21:0 102321
102326 35 21:0 102326
102330 98920 21:0 102381
102331 33 21:0 102331
102380 98922 21:0 102397
102396 98921 21:0 102407
102397 49 21:0 102397
102402 53 21:0 102402
102406 98923 21:0 102457
102407 51 21:0 102407
102456 98953 21:0 102473
102472 98954 21:0 102483
102473 67 21:0 102473
102478 71 21:0 102478
102482 98955 21:0 102533
102483 69 21:0 102483
102532 98956 21:0 102549
102548 98986 21:0 102559
102549 85 21:0 102549
102554 89 21:0 102554
102558 98988 21:0 102609
102559 87 21:0 102559
102608 98987 21:0 102625
102624 98989 21:0 102635
102625 103 21:0 102625
102630 107 21:0 102630
102634 99019 21:0 102676
102635 105 21:0 102635
102675 99021 21:0 102701
102700 99020 21:0 102711
102701 121 21:0 102701
102706 125 21:0 102706
102710 99022 21:0 102733
102711 123 21:0 102711
102732 99052 21:0 102777
102776 99054 21:0 102787
102777 139 21:0 102777
102782 143 21:0 102782
102782 99117 21:0 102782
102786 99053 21:0 102805
102787 141 21:0 102787
102804 99055 21:0 102853
102837 99134 21:0 102837
102842 99138 21:0 102842
102852 99085 21:0 102858
102853 157 21:0 102853
102857 99086 21:0 102881
102858 161 21:0 102858
102863 159 21:0 102863
102880 99087 21:0 102929
102913 99167 21:0 102913
102918 99171 21:0 102918
102920 99156 21:0 102920
102926 99182 21:0 102926
102928 99088 21:0 102934
102929 175 21:0 102929
102933 99118 21:0 102953
102934 179 21:0 102934
102939 177 21:0 102939
102941 99176 21:0 102941
102952 99120 21:0 103005
102989 99202 21:0 102989
103004 99119 21:0 103010
103005 193 21:0 103005
103009 99121 21:0 103029
103010 197 21:0 103010
103015 195 21:0 103015
103026 99228 21:0 103026
103028 99151 21:0 103081
103065 99233 21:0 103065
103078 99248 21:0 103078
103080 99153 21:0 103086
103081 211 21:0 103081
103085 99152 21:0 103105
103086 215 21:0 103086
103086 99249 21:0 103086
103091 213 21:0 103091
103104 99154 21:0 103157
103148 99255 21:0 103148
103156 99184 21:0 103162
103157 229 21:0 103157
103161 97549 1:0 103165
103161 241 1:0 103165
103161 55778 1:0 103165
103161 56063 1:0 103165
103161 99186 21:0 103181
103162 233 21:0 103162
103166 56519 1:0 103179
103166 97791 1:0 103179
103166 97780 1:0 103179
103167 231 21:0 103167
103167 253 1:0 103167
103168 243 1:0 103179
103169 99275 21:0 103169
103178 99294 21:0 103178
103180 97686 1:0 103215
103180 99185 21:0 103233
103216 97384 1:0 103231
103217 99301 21:0 103217
103221 257 1:0 103231
103221 263 1:0 103231
103228 255 1:0 103228
103232 56401 1:0 103236
103232 97488 1:0 103236
103232 97646 1:0 103236
103232 99187 21:0 103238
103233 247 21:0 103233
103237 97818 1:0 103241
103237 56629 1:0 103241
103237 97719 1:0 103241
103237 259 1:0 103241
103237 99217 21:0 103257
103238 251 21:0 103238
103242 97710 1:0 103255
103242 97812 1:0 103255
103242 97540 1:0 103255
103243 249 21:0 103243
103243 271 1:0 103243
103244 261 1:0 103255
103256 55724 1:0 103291
103256 99218 21:0 103309
103292 97660 1:0 103307
103297 281 1:0 103307
103297 275 1:0 103307
103300 99321 21:0 103300
103304 273 1:0 103304
103306 99347 21:0 103306
103308 97659 1:0 103312
103308 55949 1:0 103312
103308 56009 1:0 103312
103308 99219 21:0 103314
103309 265 21:0 103309
103313 97805 1:0 103317
103313 277 1:0 103317
103313 97785 1:0 103317
103313 97825 1:0 103317
103313 99220 21:0 103333
103314 269 21:0 103314
103314 99348 21:0 103314
103318 97772 1:0 103331
103318 97712 1:0 103331
103318 97594 1:0 103331
103319 267 21:0 103319
103319 289 1:0 103319
103320 279 1:0 103331
103321 99341 21:0 103321
103330 99360 21:0 103330
103332 97759 1:0 103367
103332 99250 21:0 103385
103341 99361 21:0 103341
103368 97614 1:0 103383
103373 299 1:0 103383
103373 293 1:0 103383
103374 99369 21:0 103374
103376 99354 21:0 103376
103380 291 1:0 103380
103382 99380 21:0 103382
103384 97547 1:0 103388
103384 56458 1:0 103388
103384 97739 1:0 103388
103384 99252 21:0 103390
103385 283 21:0 103385
103389 295 1:0 103393
103389 97693 1:0 103393
103389 97776 1:0 103393
103389 97627 1:0 103393
103389 99251 21:0 103395
103390 287 21:0 103390
103394 97600 1:0 103407
103394 55781 1:0 103407
103394 97738 1:0 103407
103394 99253 21:0 103461
103395 285 21:0 103395
103395 307 1:0 103395
103396 297 1:0 103407
103397 99374 21:0 103397
103408 97672 1:0 103443
103417 99394 21:0 103417
103444 97732 1:0 103459
103445 99398 21:0 103445
103445 99400 21:0 103445
103449 311 1:0 103450
103449 317 1:0 103450
103450 309 1:0 103450
103451 315 1:0 103459
103452 99387 21:0 103452
103458 99413 21:0 103458
103460 55895 1:0 103464
103460 56405 1:0 103464
103460 97743 1:0 103464
103460 99283 21:0 103466
103461 301 21:0 103461
103465 97573 1:0 103469
103465 97615 1:0 103469
103465 97578 1:0 103469
103465 99284 21:0 103471
103466 305 21:0 103466
103470 97653 1:0 103483
103470 56579 1:0 103483
103470 56465 1:0 103483
103470 99285 21:0 103537
103471 303 21:0 103471
103471 325 1:0 103471
103472 313 1:0 103483
103482 99426 21:0 103482
103484 97692 1:0 103519
103493 99427 21:0 103493
103519 327 1:0 103519
103520 97829 1:0 103540
103526 99435 21:0 103526
103536 99286 21:0 103542
103537 319 21:0 103537
103539 99449 21:0 103539
103541 99316 21:0 103547
103541 97827 1:0 103551
103542 99447 21:0 103542
103543 99449 1:0 103543
103546 97713 1:0 103551
103546 99318 21:0 103556
103546 391 1:0 103549
103549 99440 21:0 103549
103552 97828 1:0 103559
103555 97593 1:0 103562
103555 97681 1:0 103562
103555 99317 21:0 103564
103558 55660 1:0 103558
103561 99457 21:0 103561
103563 99319 21:0 103567
103563 97826 1:0 103569
103566 55685 1:0 103571
103566 55696 1:0 103571
103566 97677 1:0 103571
103566 55699 1:0 103571
103566 55694 1:0 103571
103566 99349 21:0 103576
103569 55664 1:0 103569
103570 55664 21:0 103570
103570 99457 1:0 103570
103570 55672 1:0 103571
103571 97823 1:0 103571
103572 97796 1:0 103599
103574 319 1:0 103574
103575 97507 1:0 103599
103575 97746 1:0 103599
103575 99351 21:0 103636
103579 55667 1:0 103579
103580 55667 21:0 103580
103580 97824 1:0 103580
103597 97814 1:0 103599
103599 55703 1:0 103599
103599 97803 1:0 103599
103600 97813 1:0 103600
103600 97795 1:0 103682
103609 97811 1:0 103609
103609 97809 1:0 103609
103635 99350 21:0 103684
103662 97804 1:0 103662
103667 97798 1:0 103667
103683 99352 21:0 103687
103683 97794 1:0 103689
103685 303 1:0 103685
103686 56059 1:0 103693
103686 97644 1:0 103693
103686 99382 21:0 103698
103689 55717 1:0 103689
103690 55717 21:0 103690
103694 97792 1:0 103694
103694 97793 1:0 103700
103696 305 1:0 103696
103697 55756 1:0 103702
103697 55751 1:0 103702
103697 55753 1:0 103702
103697 97581 1:0 103702
103697 55742 1:0 103702
103697 99383 21:0 103704
103701 55721 21:0 103701
103702 97790 1:0 103702
103702 55729 1:0 103702
103703 99384 21:0 103707
103703 97763 1:0 103730
103705 301 1:0 103705
103706 97541 1:0 103730
103706 56633 1:0 103730
103706 99385 21:0 103789
103711 55724 21:0 103711
103728 97781 1:0 103730
103730 55760 1:0 103730
103730 97770 1:0 103730
103731 97762 1:0 103813
103740 97778 1:0 103740
103740 97779 1:0 103740
103788 99415 21:0 103818
103798 97765 1:0 103798
103814 97761 1:0 103820
103816 285 1:0 103816
103817 97462 1:0 103824
103817 97376 1:0 103824
103817 99416 21:0 103826
103820 55774 1:0 103820
103821 55774 21:0 103821
103825 99417 21:0 103829
103825 97760 1:0 103831
103827 287 1:0 103827
103828 55808 1:0 103833
103828 55799 1:0 103833
103828 97356 1:0 103833
103828 55810 1:0 103833
103828 55813 1:0 103833
103828 99418 21:0 103838
103832 55778 21:0 103832
103833 97757 1:0 103833
103833 55786 1:0 103833
103834 97730 1:0 103861
103836 283 1:0 103836
103837 97482 1:0 103861
103837 97455 1:0 103861
103837 99448 21:0 103898
103842 55781 21:0 103842
103842 97758 1:0 103842
103847 97752 1:0 103847
103859 97748 1:0 103861
103861 55817 1:0 103861
103861 97737 1:0 103861
103862 97747 1:0 103862
103862 97729 1:0 103944
103897 99449 21:0 103946
103945 99450 21:0 103949
103945 97728 1:0 103951
103947 267 1:0 103947
103948 97516 1:0 103955
103948 97508 1:0 103955
103948 99451 21:0 103960
103951 55831 1:0 103951
103952 55831 21:0 103952
103956 97726 1:0 103956
103956 97727 1:0 103962
103958 269 1:0 103958
103959 98874 21:0 103960
103959 98870 21:0 103960
103959 55870 1:0 103964
103959 97521 1:0 103964
103959 55856 1:0 103964
103959 55865 1:0 103964
103959 55867 1:0 103964
103959 98885 21:0 103966
103962 55835 1:0 103962
103963 55835 21:0 103963
103963 55843 1:0 103964
103964 97724 1:0 103964
103965 98879 21:0 103966
103965 98886 21:0 103966
103965 98907 21:0 103969
103965 97697 1:0 103992
103967 265 1:0 103967
103968 98899 21:0 103969
103968 98892 21:0 103969
103968 97435 1:0 103992
103968 97449 1:0 103992
103968 98905 21:0 103994
103972 55838 1:0 103972
103990 97715 1:0 103992
103992 97704 1:0 103992
103992 55874 1:0 103992
103993 97714 1:0 103993
103993 98898 21:0 104029
103993 97696 1:0 104075
104028 98912 21:0 104048
104047 98906 21:0 104051
104050 98918 21:0 104077
104055 97705 1:0 104055
104060 97699 1:0 104060
104076 98903 21:0 104077
104076 98939 21:0 104077
104076 98951 21:0 104080
104076 97695 1:0 104082
104078 249 1:0 104078
104079 98940 21:0 104080
104079 98931 21:0 104080
104079 97441 1:0 104086
104079 97461 1:0 104086
104079 98952 21:0 104088
104082 55888 1:0 104082
104083 55888 21:0 104083
104087 98919 21:0 104088
104087 98925 21:0 104088
104087 98936 21:0 104091
104087 97694 1:0 104093
104089 251 1:0 104089
104090 98932 21:0 104091
104090 98938 21:0 104091
104090 55924 1:0 104095
104090 55922 1:0 104095
104090 55913 1:0 104095
104090 97342 1:0 104095
104090 55927 1:0 104095
104090 98945 21:0 104097
104094 55900 1:0 104095
104095 97691 1:0 104095
104096 99039 21:0 104097
104096 99038 21:0 104097
104096 99018 21:0 104100
104096 97662 1:0 104123
104098 247 1:0 104098
104099 99004 21:0 104100
104099 98969 21:0 104100
104099 97494 1:0 104123
104099 97395 1:0 104123
104099 98991 21:0 104125
104121 97682 1:0 104123
104123 97671 1:0 104123
104123 55931 1:0 104123
104124 98971 21:0 104160
104124 97664 1:0 104206
104133 97680 1:0 104133
104133 97679 1:0 104133
104159 98958 21:0 104179
104178 98997 21:0 104182
104181 99005 21:0 104208
104191 97666 1:0 104191
104207 99096 21:0 104208
104207 99031 21:0 104208
104207 99071 21:0 104211
104207 97663 1:0 104214
104209 231 1:0 104209
104210 98978 21:0 104211
104210 99063 21:0 104211
104210 97442 1:0 104217
104210 97515 1:0 104217
104210 99077 21:0 104219
104213 55945 1:0 104213
104214 55945 21:0 104214
104218 99070 21:0 104219
104218 98973 21:0 104219
104218 99072 21:0 104222
104218 97661 1:0 104224
104220 233 1:0 104220
104221 98965 21:0 104222
104221 99064 21:0 104222
104221 55970 1:0 104226
104221 55984 1:0 104226
104221 55981 1:0 104226
104221 97501 1:0 104226
104221 55979 1:0 104226
104221 99024 21:0 104228
104226 55957 1:0 104226
104226 97658 1:0 104226
104226 97638 1:0 104254
104226 55988 1:0 104254
104226 97649 1:0 104254
104226 97416 1:0 104254
104226 97446 1:0 104254
104226 97631 1:0 104254
104226 56038 1:0 104357
104226 97625 1:0 104357
104226 56014 1:0 104357
104226 56036 1:0 104357
104226 56045 1:0 104385
104226 97605 1:0 104385
104226 97616 1:0 104385
104226 56095 1:0 104488
104226 97592 1:0 104488
104226 56071 1:0 104488
104226 97572 1:0 104516
104226 56102 1:0 104516
104226 97583 1:0 104516
104226 56128 1:0 104619
104226 56159 1:0 104647
104227 99105 21:0 104228
104227 99090 21:0 104228
104227 99006 21:0 104231
104229 229 1:0 104229
104229 97351 1:0 104348
104230 98998 21:0 104231
104230 98985 21:0 104231
104230 99097 21:0 104256
104232 97629 1:0 104337
104232 97630 1:0 104345
104234 55952 1:0 104234
104234 97415 1:0 104348
104237 97559 1:0 104619
104253 97628 1:0 104355
104255 97648 1:0 104255
104255 99037 21:0 104291
104264 97647 1:0 104264
104265 56027 1:0 104357
104265 97429 1:0 104357
104265 56041 1:0 104357
104265 56098 1:0 104488
104265 97550 1:0 104647
104290 97640 1:0 104290
104290 99050 21:0 104310
104309 99068 21:0 104313
104311 97598 1:0 104385
104312 99083 21:0 104339
104314 97474 1:0 104385
104314 56093 1:0 104488
104314 56150 1:0 104619
104314 56152 1:0 104619
104314 97539 1:0 104647
104317 97639 1:0 104317
104319 97512 1:0 104385
104326 56207 1:0 104750
104334 97428 1:0 104479
104335 97468 1:0 104479
104338 99011 21:0 104339
104338 99002 21:0 104339
104338 98972 21:0 104342
104340 213 1:0 104340
104341 98964 21:0 104342
104341 99044 21:0 104342
104341 99103 21:0 104350
104344 56002 1:0 104344
104345 56002 21:0 104345
104347 97596 1:0 104468
104348 97597 1:0 104476
104348 97362 1:0 104488
104349 98984 21:0 104350
104349 99104 21:0 104350
104349 99030 21:0 104353
104351 215 1:0 104351
104351 97595 1:0 104486
104352 99017 21:0 104353
104352 99057 21:0 104353
104352 99051 21:0 104359
104354 56084 1:0 104488
104354 97514 1:0 104516
104354 97409 1:0 104516
104354 56155 1:0 104619
104354 56141 1:0 104619
104354 97526 1:0 104750
104354 56185 1:0 104750
104354 56216 1:0 104778
104354 56242 1:0 104881
104354 56273 1:0 104909
104356 56006 21:0 104356
104357 97565 1:0 104516
104357 97564 1:0 104599
104358 99101 21:0 104359
104358 99084 21:0 104359
104358 99035 21:0 104362
104360 211 1:0 104360
104360 97369 1:0 104610
104360 97495 1:0 104610
104361 99266 21:0 104362
104361 99149 21:0 104362
104361 99262 21:0 104387
104363 97563 1:0 104606
104365 97562 1:0 104617
104366 97626 1:0 104366
104368 97475 1:0 104619
104371 97620 1:0 104371
104383 97389 1:0 104647
104384 97383 1:0 104647
104386 99288 21:0 104412
104396 97532 1:0 104647
104411 99110 21:0 104441
104421 97607 1:0 104421
104437 56198 1:0 104750
104440 99268 21:0 104444
104443 99195 21:0 104470
104445 97531 1:0 104730
104450 97527 1:0 104741
104457 97517 1:0 104778
104465 97375 1:0 104741
104466 56209 1:0 104750
104466 56212 1:0 104750
104466 97506 1:0 104778
104466 97493 1:0 104881
104466 56255 1:0 104881
104466 56266 1:0 104881
104466 56264 1:0 104881
104466 56269 1:0 104881
104466 97484 1:0 104909
104466 97473 1:0 104909
104466 56299 1:0 105012
104466 97460 1:0 105012
104466 56330 1:0 105040
104466 97451 1:0 105040
104466 97440 1:0 105040
104466 56356 1:0 105143
104466 97427 1:0 105143
104466 56387 1:0 105171
104466 97407 1:0 105171
104466 97418 1:0 105171
104466 97394 1:0 105274
104466 56413 1:0 105274
104466 97385 1:0 105302
104466 56444 1:0 105302
104466 97374 1:0 105302
104466 56470 1:0 105405
104466 97361 1:0 105405
104466 56501 1:0 105433
104466 97341 1:0 105433
104469 99163 21:0 104470
104469 99215 21:0 104470
104469 99162 21:0 104473
104471 195 1:0 104471
104472 99235 21:0 104473
104472 99303 21:0 104473
104472 99196 21:0 104481
104476 56059 21:0 104476
104478 97530 1:0 104737
104479 97529 1:0 104748
104479 97382 1:0 104750
104480 99222 21:0 104481
104480 99123 21:0 104481
104480 99328 21:0 104484
104482 197 1:0 104482
104482 97499 1:0 104778
104483 99299 21:0 104484
104483 99336 21:0 104484
104483 99189 21:0 104490
104485 97402 1:0 104778
104485 97448 1:0 104778
104485 97350 1:0 104872
104487 56063 21:0 104487
104488 97497 1:0 104861
104488 97498 1:0 104869
104489 99130 21:0 104490
104489 99204 21:0 104490
104489 55949 21:0 104493
104491 193 1:0 104491
104491 97481 1:0 104872
104491 97483 1:0 104881
104492 99137 21:0 104493
104492 99308 21:0 104493
104492 55895 21:0 104518
104494 97496 1:0 104879
104496 56066 1:0 104496
104496 97466 1:0 104909
104499 97450 1:0 104909
104502 97587 1:0 104502
104514 97343 1:0 104909
104517 99332 21:0 104527
104526 97580 1:0 104526
104526 99295 21:0 104572
104527 97465 1:0 104992
104568 97417 1:0 105003
104571 99129 21:0 104575
104574 99229 21:0 104601
104576 97464 1:0 104999
104581 97336 1:0 105003
104596 56326 1:0 105012
104596 56312 1:0 105012
104596 56321 1:0 105012
104596 56323 1:0 105012
104596 56378 1:0 105143
104596 56383 1:0 105143
104596 56380 1:0 105143
104597 97349 1:0 105012
104600 99150 21:0 104601
104600 391 21:0 104601
104600 99136 21:0 104604
104602 177 1:0 104602
104603 99281 21:0 104604
104603 99170 21:0 104604
104603 99381 21:0 104612
104606 56116 1:0 104606
104607 56116 21:0 104607
104609 97463 1:0 105010
104610 97433 1:0 105040
104610 97380 1:0 105040
104610 97396 1:0 105040
104610 97413 1:0 105134
104611 97561 1:0 104611
104611 99446 21:0 104612
104611 99414 21:0 104612
104611 99237 21:0 104615
104613 179 1:0 104613
104613 97422 1:0 105134
104614 99209 21:0 104615
104614 99116 21:0 104615
104614 99335 21:0 104621
104616 97432 1:0 105123
104617 56120 1:0 104617
104619 97431 1:0 105130
104619 97430 1:0 105141
104620 99143 21:0 104621
104620 99407 21:0 104621
104620 99327 21:0 104624
104622 175 1:0 104622
104622 97347 1:0 105143
104622 56369 1:0 105143
104622 97408 1:0 105171
104622 56437 1:0 105274
104622 56440 1:0 105274
104622 56426 1:0 105274
104622 56435 1:0 105274
104622 56492 1:0 105405
104623 99434 21:0 104624
104623 99420 21:0 104624
104623 55892 21:0 104649
104625 97400 1:0 105171
104625 97363 1:0 105171
104628 56123 21:0 104628
104628 97560 1:0 104628
104633 97554 1:0 104633
104645 97398 1:0 105254
104646 97330 1:0 105265
104648 99393 21:0 104652
104651 55838 21:0 104703
104657 97545 1:0 104657
104657 97548 1:0 104657
104658 97399 1:0 105262
104699 97329 1:0 105265
104699 56494 1:0 105405
104702 99203 21:0 104706
104705 99367 21:0 104732
104712 97397 1:0 105272
104715 97534 1:0 104715
104727 97297 1:0 105274
104728 97323 1:0 105302
104728 56497 1:0 105405
104728 56483 1:0 105405
104731 99261 21:0 104732
104731 55660 21:0 104732
104731 99431 21:0 104735
104733 159 1:0 104733
104734 99365 21:0 104735
104734 99269 21:0 104735
104734 55979 21:0 104735
104734 98974 21:0 104735
104734 56036 21:0 104735
104734 98941 21:0 104735
104734 56141 21:0 104735
104734 56152 21:0 104737
104736 99007 21:0 104738
104737 56173 1:0 104737
104737 99073 21:0 104738
104737 98963 21:0 104738
104737 55957 21:0 104738
104737 56014 21:0 104738
104737 56045 21:0 104738
104738 56173 21:0 104743
104740 97367 1:0 105302
104741 97316 1:0 105302
104741 97366 1:0 105385
104742 97528 1:0 104742
104742 56155 21:0 104743
104742 56084 21:0 104743
104742 55970 21:0 104743
104742 55984 21:0 104743
104742 56098 21:0 104743
104742 55927 21:0 104743
104742 56027 21:0 104743
104742 56041 21:0 104743
104742 55913 21:0 104746
104744 161 1:0 104744
104744 97365 1:0 105392
104745 99095 21:0 104746
104745 98983 21:0 104746
104745 98930 21:0 104746
104745 99115 21:0 104746
104745 98950 21:0 104746
104745 55865 21:0 104746
104745 55900 21:0 104746
104745 99425 21:0 104746
104745 55760 21:0 104746
104745 99445 21:0 104746
104745 99412 21:0 104746
104745 99082 21:0 104746
104745 99337 21:0 104746
104745 99214 21:0 104746
104745 99181 21:0 104746
104745 99247 21:0 104746
104745 98996 21:0 104746
104745 99280 21:0 104746
104745 98917 21:0 104746
104745 56159 21:0 104746
104745 56128 21:0 104746
104745 55729 21:0 104746
104745 55786 21:0 104746
104745 55870 21:0 104746
104745 99049 21:0 104746
104745 56071 21:0 104746
104745 99016 21:0 104746
104745 55813 21:0 104746
104745 55856 21:0 104746
104745 55988 21:0 104746
104745 99148 21:0 104746
104745 99260 21:0 104746
104745 55799 21:0 104746
104745 99062 21:0 104746
104745 99128 21:0 104746
104745 99194 21:0 104746
104745 98897 21:0 104746
104745 56102 21:0 104746
104745 55922 21:0 104746
104745 55924 21:0 104746
104745 99029 21:0 104746
104745 99304 21:0 104746
104745 55981 21:0 104746
104745 273 21:0 104746
104745 56095 21:0 104746
104745 57 21:0 104746
104745 99172 21:0 104746
104745 98908 21:0 104746
104745 99139 21:0 104746
104745 99106 21:0 104746
104745 99238 21:0 104746
104745 99040 21:0 104746
104745 99205 21:0 104746
104745 99271 21:0 104746
104745 163 21:0 104746
104745 253 21:0 104746
104745 255 21:0 104746
104745 271 21:0 104746
104745 99227 21:0 104746
104745 289 21:0 104746
104745 291 21:0 104746
104745 307 21:0 104746
104745 309 21:0 104746
104745 55817 21:0 104746
104745 325 21:0 104746
104745 99436 21:0 104746
104745 327 21:0 104746
104745 55672 21:0 104746
104745 55703 21:0 104746
104745 55843 21:0 104746
104745 55874 21:0 104746
104745 55931 21:0 104746
104745 56150 21:0 104746
104745 55699 21:0 104746
104745 55867 21:0 104746
104745 99392 21:0 104746
104745 55685 21:0 104746
104745 99379 21:0 104746
104745 99359 21:0 104746
104745 99346 21:0 104746
104745 99370 21:0 104746
104745 99326 21:0 104746
104745 55742 21:0 104746
104745 99161 21:0 104746
104745 99313 21:0 104746
104745 99293 21:0 104746
104745 55810 21:0 104746
104745 55756 21:0 104746
104745 99403 21:0 104746
104745 56038 21:0 104746
104745 56093 21:0 104746
104747 163 1:0 104778
104747 97309 1:0 105396
104747 97310 1:0 105396
104747 97314 1:0 105405
104747 57 1:0 105536
104748 56177 1:0 104748
104749 56177 21:0 104752
104750 97364 1:0 105403
104750 97334 1:0 105433
104751 99368 21:0 104752
104751 267 21:0 104755
104753 157 1:0 104753
104753 97303 1:0 105433
104753 97318 1:0 105433
104754 293 21:0 104755
104754 277 21:0 104755
104754 259 21:0 104755
104754 257 21:0 104755
104754 263 21:0 104755
104754 311 21:0 104755
104754 317 21:0 104755
104754 315 21:0 104755
104754 313 21:0 104755
104754 261 21:0 104755
104754 297 21:0 104755
104754 295 21:0 104755
104754 275 21:0 104755
104754 281 21:0 104755
104754 279 21:0 104755
104754 55694 21:0 104755
104754 299 21:0 104755
104754 55808 21:0 104755
104754 55696 21:0 104755
104754 55751 21:0 104755
104754 55753 21:0 104755
104754 243 21:0 104757
104756 241 21:0 104762
104756 97352 1:0 105433
104756 97332 1:0 105516
104756 56551 1:0 105536
104756 56527 1:0 105536
104756 56554 1:0 105536
104756 56540 1:0 105536
104756 56549 1:0 105536
104756 97328 1:0 105536
104756 97319 1:0 105564
104756 97308 1:0 105564
104756 56558 1:0 105564
104756 97295 1:0 105667
104756 56584 1:0 105667
104756 97275 1:0 105695
104756 56615 1:0 105695
104756 97286 1:0 105695
104756 97262 1:0 105806
104756 21 1:0 105806
104756 56641 1:0 105806
104756 97253 1:0 105826
104756 19 1:0 105889
104756 56672 1:0 105892
104756 97242 1:0 105893
104756 54468 1:0 105893
104758 56180 1:0 104758
104759 56180 21:0 104759
104761 97333 1:0 105524
104764 56185 21:0 104765
104765 269 21:0 104783
104776 97276 1:0 105527
104777 97317 1:0 105527
104782 245 21:0 104783
104782 135 21:0 104783
104782 239 21:0 104783
104784 135 1:0 104879
104786 56198 21:0 104818
104789 97331 1:0 105534
104817 81 21:0 104818
104817 133 21:0 104818
104819 133 1:0 104879
104819 81 1:0 105272
104821 56207 21:0 104824
104830 97290 1:0 105536
104830 56606 1:0 105667
104830 56608 1:0 105667
104831 56209 21:0 104834
104833 99183 21:0 104837
104841 56212 21:0 104863
104858 97301 1:0 105564
104859 56597 1:0 105667
104862 56216 21:0 104863
104862 56066 21:0 104863
104862 99334 21:0 104863
104862 99216 21:0 104866
104864 141 1:0 104864
104865 99314 21:0 104866
104865 55952 21:0 104866
104868 56230 1:0 104868
104869 56230 21:0 104874
104871 97283 1:0 105564
104871 97270 1:0 105564
104871 97284 1:0 105658
104872 97299 1:0 105647
104872 97300 1:0 105655
104873 99242 21:0 104874
104873 99315 21:0 104874
104873 99401 21:0 104877
104875 143 1:0 104875
104875 97281 1:0 105658
104875 97285 1:0 105667
104876 283 21:0 104877
104876 99236 21:0 104880
104878 56611 1:0 105667
104878 97296 1:0 105675
104879 56234 1:0 104879
104880 56234 21:0 104883
104881 97298 1:0 105665
104881 97277 1:0 105695
104881 97268 1:0 105695
104882 99200 21:0 104883
104882 99282 21:0 104886
104884 139 1:0 104884
104885 99433 21:0 104886
104885 56009 21:0 104886
104887 97266 1:0 105778
104887 97267 1:0 105786
104889 97264 1:0 105789
104890 56237 21:0 104890
104892 56636 1:0 105789
104895 56242 21:0 104896
104896 99302 21:0 104914
104907 97257 1:0 105798
104908 97263 1:0 105801
104917 56255 21:0 104949
104919 97479 1:0 104919
104920 97265 1:0 105796
104952 56264 21:0 104955
104961 97248 1:0 105801
104961 56663 1:0 105801
104961 56654 1:0 105801
104961 9 1:0 105814
104961 7 1:0 105823
104961 56665 1:0 105877
104961 5 1:0 105880
104962 56266 21:0 104965
104964 99402 21:0 104968
104966 56686 1:0 105893
104969 97250 1:0 105826
104969 56668 1:0 105887
104972 56269 21:0 104994
104974 97252 1:0 105826
104989 97251 1:0 105826
104990 3 1:0 105909
104993 99270 21:0 104994
104993 287 21:0 104994
104993 56273 21:0 104994
104993 56120 21:0 104997
104995 123 1:0 104995
104996 99169 21:0 104997
104996 233 21:0 104997
105000 56287 21:0 105005
105002 97244 1:0 105861
105002 97237 1:0 105880
105002 97243 1:0 105888
105002 99169 1:0 106737
105003 233 1:0 106737
105003 99270 1:0 106742
105003 287 1:0 106742
105003 56120 1:0 106742
105003 56009 1:0 106756
105003 99402 1:0 106756
105003 99302 1:0 106756
105004 323 21:0 105005
105004 305 21:0 105005
105004 231 21:0 105008
105006 125 1:0 105006
105006 323 1:0 106732
105006 305 1:0 106737
105007 249 21:0 105008
105007 247 21:0 105011
105009 249 1:0 106680
105009 231 1:0 106716
105010 56291 1:0 105010
105011 56291 21:0 105014
105012 247 1:0 106680
105012 99433 1:0 106792
105012 99282 1:0 106808
105012 99236 1:0 106813
105012 99200 1:0 106813
105012 283 1:0 106813
105012 99242 1:0 106818
105012 99401 1:0 106818
105012 99315 1:0 106818
105015 121 1:0 105015
105015 99216 1:0 106832
105018 99314 1:0 106832
105018 55952 1:0 106832
105018 99334 1:0 106868
105020 56294 1:0 105020
105020 56066 1:0 106884
105021 56294 21:0 105045
105023 245 1:0 106884
105023 239 1:0 106884
105038 99183 1:0 106889
105039 269 1:0 106889
105044 56299 21:0 105045
105048 56312 21:0 105080
105083 56321 21:0 105086
105093 56323 21:0 105096
105103 56326 21:0 105125
105124 56330 21:0 105125
105126 105 1:0 105126
105130 56344 1:0 105130
105131 56344 21:0 105136
105137 107 1:0 105137
105141 56348 1:0 105141
105142 56348 21:0 105142
105146 103 1:0 105146
105151 56351 1:0 105151
105152 56351 21:0 105152
105157 56356 21:0 105158
105179 56369 21:0 105211
105214 56378 21:0 105217
105224 56380 21:0 105227
105234 56383 21:0 105256
105255 56387 21:0 105256
105257 87 1:0 105257
105262 56401 21:0 105262
105268 89 1:0 105268
105273 56405 21:0 105276
105277 85 1:0 105277
105283 56408 21:0 105283
105288 56413 21:0 105289
105310 56426 21:0 105342
105345 56435 21:0 105348
105355 56437 21:0 105358
105365 56440 21:0 105387
105386 56444 21:0 105387
105388 69 1:0 105388
105393 56458 21:0 105393
105399 71 1:0 105399
105403 56462 1:0 105403
105404 56462 21:0 105404
105408 67 1:0 105408
105414 56465 21:0 105414
105419 56470 21:0 105420
105441 56483 21:0 105473
105476 56492 21:0 105479
105486 56494 21:0 105489
105496 56497 21:0 105518
105517 56501 21:0 105518
105519 51 1:0 105519
105523 56515 1:0 105523
105524 56515 21:0 105529
105530 53 1:0 105530
105535 56519 21:0 105538
105539 49 1:0 105539
105544 56522 1:0 105544
105545 56522 21:0 105545
105550 56527 21:0 105551
105572 56540 21:0 105604
105607 56549 21:0 105610
105617 56551 21:0 105620
105627 56554 21:0 105649
105648 56558 21:0 105649
105650 33 1:0 105650
105655 56572 21:0 105660
105661 35 1:0 105661
105665 56576 1:0 105665
105666 56576 21:0 105666
105670 31 1:0 105670
105676 56579 21:0 105676
105681 56584 21:0 105682
105703 56597 21:0 105735
105738 56606 21:0 105741
105748 56608 21:0 105751
105758 56611 21:0 105780
105779 56615 21:0 105780
105781 15 1:0 105781
105786 56629 21:0 105791
105792 17 1:0 105792
105792 56629 1:0 106889
105797 56633 21:0 105800
105801 13 1:0 105801
105807 56636 21:0 105831
105830 56641 21:0 105831
105834 56654 21:0 105866
105869 56663 21:0 105872
105879 56665 21:0 105882
105889 56668 21:0 105919
105918 56672 21:0 105919
105918 100486 21:0 105919
105919 100487 21:0 105930
105929 54468 21:0 105930
105929 56686 21:0 105930
105929 19 21:0 105930
105930 100488 21:0 105963
105962 100497 21:0 105963
105962 5 21:0 105963
105962 9 21:0 105963
105962 3 21:0 105963
105962 7 21:0 105963
105963 11 21:0 105963
105965 100481 21:0 105974
105973 100495 21:0 105974
105973 100507 21:0 105974
105973 21 21:0 105974
105973 100506 21:0 105974
105974 13 21:0 105974
105976 100509 21:0 105984
105979 17 21:0 105979
105983 100511 21:0 106034
105984 15 21:0 105984
105998 23 21:0 105998
106006 27 21:0 106006
106033 100510 21:0 106050
106039 29 21:0 106039
106049 100512 21:0 106060
106050 31 21:0 106050
106055 35 21:0 106055
106059 100542 21:0 106110
106060 33 21:0 106060
106074 41 21:0 106074
106078 43 21:0 106078
106082 45 21:0 106082
106109 100543 21:0 106126
106115 47 21:0 106115
106125 100544 21:0 106136
106126 49 21:0 106126
106131 53 21:0 106131
106135 100545 21:0 106186
106136 51 21:0 106136
106150 59 21:0 106150
106154 61 21:0 106154
106158 63 21:0 106158
106185 100575 21:0 106202
106191 65 21:0 106191
106201 100576 21:0 106212
106202 67 21:0 106202
106207 71 21:0 106207
106211 100577 21:0 106262
106212 69 21:0 106212
106226 77 21:0 106226
106230 79 21:0 106230
106234 81 21:0 106234
106261 100578 21:0 106278
106267 83 21:0 106267
106277 100608 21:0 106288
106278 85 21:0 106278
106283 89 21:0 106283
106287 100609 21:0 106338
106288 87 21:0 106288
106302 95 21:0 106302
106306 97 21:0 106306
106310 99 21:0 106310
106337 100610 21:0 106354
106343 101 21:0 106343
106353 100611 21:0 106364
106354 103 21:0 106354
106359 107 21:0 106359
106363 100641 21:0 106405
106364 105 21:0 106364
106378 113 21:0 106378
106382 115 21:0 106382
106386 117 21:0 106386
106404 100643 21:0 106430
106419 119 21:0 106419
106429 100642 21:0 106440
106430 121 21:0 106430
106435 125 21:0 106435
106439 100644 21:0 106462
106440 123 21:0 106440
106454 131 21:0 106454
106458 133 21:0 106458
106461 100674 21:0 106506
106462 135 21:0 106462
106495 137 21:0 106495
106495 100727 21:0 106495
106505 100676 21:0 106516
106506 139 21:0 106506
106511 143 21:0 106511
106511 100739 21:0 106511
106515 100675 21:0 106534
106516 141 21:0 106516
106530 149 21:0 106530
106533 100677 21:0 106582
106534 151 21:0 106534
106538 153 21:0 106538
106571 155 21:0 106571
106581 100707 21:0 106587
106582 157 21:0 106582
106586 100709 21:0 106610
106587 161 21:0 106587
106592 159 21:0 106592
106606 167 21:0 106606
106609 100708 21:0 106658
106610 169 21:0 106610
106614 171 21:0 106614
106614 100785 21:0 106614
106647 173 21:0 106647
106649 100778 21:0 106649
106657 100710 21:0 106663
106658 175 21:0 106658
106662 100740 21:0 106682
106663 179 21:0 106663
106668 177 21:0 106668
106681 100742 21:0 106734
106682 185 21:0 106682
106686 187 21:0 106686
106690 189 21:0 106690
106723 191 21:0 106723
106733 100741 21:0 106739
106734 193 21:0 106734
106738 100743 21:0 106758
106739 197 21:0 106739
106744 195 21:0 106744
106755 100850 21:0 106755
106757 100773 21:0 106810
106758 203 21:0 106758
106762 205 21:0 106762
106766 207 21:0 106766
106766 100851 21:0 106766
106799 209 21:0 106799
106809 100774 21:0 106815
106810 211 21:0 106810
106814 100775 21:0 106834
106815 215 21:0 106815
106815 100871 21:0 106815
106820 213 21:0 106820
106822 100864 21:0 106822
106831 100883 21:0 106831
106833 100776 21:0 106886
106834 221 21:0 106834
106838 223 21:0 106838
106842 225 21:0 106842
106842 100884 21:0 106842
106870 100891 21:0 106870
106870 100890 21:0 106870
106875 227 21:0 106875
106875 100892 21:0 106875
106883 100903 21:0 106883
106885 100806 21:0 106891
106886 229 21:0 106886
106890 56519 1:0 106894
106890 99368 1:0 106894
106890 241 1:0 106894
106890 267 1:0 106894
106890 100808 21:0 106910
106891 233 21:0 106891
106895 99269 1:0 106908
106895 99431 1:0 106908
106895 99365 1:0 106908
106896 231 21:0 106896
106896 253 1:0 106896
106897 243 1:0 106908
106907 100916 21:0 106907
106909 55660 1:0 106944
106909 100807 21:0 106962
106910 239 21:0 106910
106914 241 21:0 106914
106918 243 21:0 106918
106945 56344 1:0 106960
106950 263 1:0 106951
106950 257 1:0 106951
106951 245 21:0 106951
106951 255 1:0 106951
106952 259 1:0 106960
106953 100910 21:0 106953
106959 100936 21:0 106959
106961 56234 1:0 106965
106961 99261 1:0 106965
106961 56287 1:0 106965
106961 100809 21:0 106967
106962 247 21:0 106962
106966 56294 1:0 106970
106966 56572 1:0 106970
106966 99367 1:0 106970
106966 100839 21:0 106986
106967 251 21:0 106967
106967 100937 21:0 106967
106971 99393 1:0 106984
106971 99203 1:0 106984
106971 55838 1:0 106984
106972 249 21:0 106972
106972 271 1:0 106972
106973 261 1:0 106984
106983 100949 21:0 106983
106985 55892 1:0 107020
106985 100841 21:0 107038
106986 257 21:0 106986
106990 259 21:0 106990
106994 261 21:0 106994
107021 99434 1:0 107036
107022 100957 21:0 107022
107022 100954 21:0 107022
107026 275 1:0 107036
107026 281 1:0 107036
107027 263 21:0 107027
107033 273 1:0 107033
107035 100969 21:0 107035
107037 99143 1:0 107041
107037 99327 1:0 107041
107037 99420 1:0 107041
107037 100840 21:0 107043
107038 265 21:0 107038
107042 99407 1:0 107046
107042 99335 1:0 107046
107042 56230 1:0 107046
107042 279 1:0 107046
107042 100842 21:0 107062
107043 269 21:0 107043
107047 56291 1:0 107060
107047 56515 1:0 107060
107047 99116 1:0 107060
107048 267 21:0 107048
107048 289 1:0 107048
107049 277 1:0 107060
107050 100963 21:0 107050
107061 99209 1:0 107096
107061 100872 21:0 107114
107062 275 21:0 107062
107066 277 21:0 107066
107070 279 21:0 107070
107097 99237 1:0 107112
107102 293 1:0 107103
107102 299 1:0 107103
107103 281 21:0 107103
107103 100991 21:0 107103
107103 291 1:0 107103
107104 295 1:0 107112
107105 100976 21:0 107105
107111 101002 21:0 107111
107113 99446 1:0 107117
107113 99381 1:0 107117
107113 99414 1:0 107117
107113 100874 21:0 107119
107114 283 21:0 107114
107118 99281 1:0 107122
107118 56177 1:0 107122
107118 99170 1:0 107122
107118 100873 21:0 107130
107119 287 21:0 107119
107119 101003 21:0 107119
107123 56173 1:0 107136
107123 56405 1:0 107136
107123 99136 1:0 107136
107124 285 21:0 107124
107124 307 1:0 107124
107125 297 1:0 107136
107129 100875 21:0 107190
107135 101015 21:0 107135
107137 56633 1:0 107172
107138 293 21:0 107138
107142 295 21:0 107142
107146 297 21:0 107146
107173 99150 1:0 107188
107174 101023 21:0 107174
107174 101022 21:0 107174
107178 311 1:0 107179
107178 317 1:0 107179
107179 299 21:0 107179
107179 309 1:0 107179
107180 315 1:0 107188
107181 101009 21:0 107181
107189 99229 1:0 107193
107189 99295 1:0 107193
107189 99129 1:0 107193
107189 100905 21:0 107195
107190 301 21:0 107190
107194 99332 1:0 107198
107194 55895 1:0 107198
107194 99137 1:0 107198
107194 100906 21:0 107200
107195 305 21:0 107195
107199 55949 1:0 107212
107199 99308 1:0 107212
107199 99130 1:0 107212
107199 100907 21:0 107266
107200 303 21:0 107200
107200 325 1:0 107200
107201 313 1:0 107212
107213 99204 1:0 107248
107214 311 21:0 107214
107218 313 21:0 107218
107222 315 21:0 107222
107236 407 21:0 107236
107248 327 1:0 107248
107249 99451 1:0 107269
107250 101053 21:0 107250
107255 317 21:0 107255
107257 101042 21:0 107257
107265 100908 21:0 107271
107266 319 21:0 107266
107270 100938 21:0 107276
107270 99450 1:0 107280
107271 323 21:0 107271
107275 99189 1:0 107280
107275 100939 21:0 107285
107275 392 1:0 107278
107281 99449 1:0 107287
107284 99299 1:0 107291
107284 99336 1:0 107291
107284 100940 21:0 107293
107285 392 21:0 107285
107289 101078 21:0 107289
107290 101078 1:0 107290
107292 99447 1:0 107292
107292 100941 21:0 107296
107292 99448 1:0 107298
107294 323 1:0 107294
107295 55699 1:0 107300
107295 55696 1:0 107300
107295 99328 1:0 107300
107295 55685 1:0 107300
107295 55694 1:0 107300
107295 100971 21:0 107305
107298 55664 1:0 107298
107299 55664 21:0 107299
107299 55672 1:0 107300
107300 99445 1:0 107300
107301 99418 1:0 107328
107303 319 1:0 107303
107304 99123 1:0 107328
107304 99222 1:0 107328
107304 100973 21:0 107333
107308 55667 1:0 107308
107314 99440 1:0 107314
107317 392 1:0 107317
107326 99436 1:0 107328
107328 99425 1:0 107328
107328 55703 1:0 107328
107329 99435 1:0 107329
107329 99417 1:0 107411
107331 317 1:0 107331
107332 100972 21:0 107413
107349 407 1:0 107349
107364 99427 1:0 107364
107366 315 1:0 107366
107375 313 1:0 107375
107385 311 1:0 107385
107391 99426 1:0 107391
107412 100974 21:0 107416
107412 99416 1:0 107418
107414 303 1:0 107414
107415 99196 1:0 107422
107415 99303 1:0 107422
107415 101004 21:0 107427
107418 55717 1:0 107418
107423 99415 1:0 107429
107425 305 1:0 107425
107426 99235 1:0 107431
107426 55751 1:0 107431
107426 55753 1:0 107431
107426 55756 1:0 107431
107426 55742 1:0 107431
107426 101005 21:0 107433
107429 55721 1:0 107429
107430 55729 1:0 107431
107431 99412 1:0 107431
107432 101006 21:0 107436
107432 99385 1:0 107459
107434 301 1:0 107434
107435 99215 1:0 107459
107435 99162 1:0 107459
107435 101007 21:0 107518
107439 55724 1:0 107439
107440 55724 21:0 107440
107440 99413 1:0 107440
107457 99403 1:0 107459
107459 99392 1:0 107459
107459 55760 1:0 107459
107460 99384 1:0 107542
107462 299 1:0 107462
107469 99398 1:0 107469
107469 99400 1:0 107469
107495 99394 1:0 107495
107497 297 1:0 107497
107506 295 1:0 107506
107516 293 1:0 107516
107517 101037 21:0 107547
107527 99387 1:0 107527
107543 99383 1:0 107549
107545 285 1:0 107545
107546 99163 1:0 107553
107546 99195 1:0 107553
107546 101039 21:0 107555
107549 55774 1:0 107549
107554 101038 21:0 107558
107554 99382 1:0 107560
107556 287 1:0 107556
107557 99268 1:0 107562
107557 55813 1:0 107562
107557 55810 1:0 107562
107557 55808 1:0 107562
107557 55799 1:0 107562
107557 101040 21:0 107567
107560 55778 1:0 107560
107562 99379 1:0 107562
107562 55786 1:0 107562
107563 99352 1:0 107590
107565 283 1:0 107565
107566 99110 1:0 107590
107566 99288 1:0 107590
107566 101070 21:0 107595
107570 55781 1:0 107570
107571 99380 1:0 107571
107576 99374 1:0 107576
107588 99370 1:0 107590
107590 55817 1:0 107590
107590 99359 1:0 107590
107591 99369 1:0 107591
107591 99350 1:0 107673
107593 281 1:0 107593
107594 101072 21:0 107675
107626 99361 1:0 107626
107628 279 1:0 107628
107637 277 1:0 107637
107647 275 1:0 107647
107653 99360 1:0 107653
107658 99354 1:0 107658
107674 101071 21:0 107678
107674 99351 1:0 107681
107676 267 1:0 107676
107677 99266 1:0 107684
107677 99262 1:0 107684
107677 101073 21:0 107689
107680 55831 1:0 107680
107681 55831 21:0 107681
107685 99348 1:0 107685
107685 99349 1:0 107691
107687 269 1:0 107687
107688 100496 21:0 107689
107688 100494 21:0 107689
107688 55865 1:0 107693
107688 99149 1:0 107693
107688 55867 1:0 107693
107688 55856 1:0 107693
107688 55870 1:0 107693
107688 100501 21:0 107695
107691 55835 1:0 107691
107693 99346 1:0 107693
107693 55843 1:0 107693
107694 100492 21:0 107695
107694 100508 21:0 107695
107694 100525 21:0 107698
107694 99319 1:0 107721
107696 265 1:0 107696
107697 100521 21:0 107698
107697 100529 21:0 107698
107697 99035 1:0 107721
107697 99084 1:0 107721
107697 100534 21:0 107723
107702 55838 21:0 107702
107702 99347 1:0 107702
107707 99341 1:0 107707
107719 99337 1:0 107721
107721 99326 1:0 107721
107721 55874 1:0 107721
107722 100527 21:0 107726
107722 99317 1:0 107804
107724 263 1:0 107724
107725 100520 21:0 107777
107759 261 1:0 107759
107768 259 1:0 107768
107776 100528 21:0 107780
107778 257 1:0 107778
107779 100540 21:0 107806
107789 99321 1:0 107789
107805 100554 21:0 107806
107805 100514 21:0 107806
107805 100547 21:0 107809
107805 99318 1:0 107812
107807 249 1:0 107807
107808 100553 21:0 107809
107808 100561 21:0 107809
107808 99051 1:0 107815
107808 99101 1:0 107815
107808 100574 21:0 107817
107811 55888 1:0 107811
107816 100562 21:0 107817
107816 100567 21:0 107817
107816 100573 21:0 107820
107816 99316 1:0 107822
107818 251 1:0 107818
107819 100558 21:0 107820
107819 100541 21:0 107820
107819 55922 1:0 107824
107819 55924 1:0 107824
107819 55927 1:0 107824
107819 99017 1:0 107824
107819 55913 1:0 107824
107819 100560 21:0 107826
107824 55900 1:0 107824
107824 99313 1:0 107824
107825 100646 21:0 107826
107825 100594 21:0 107826
107825 100628 21:0 107829
107825 99286 1:0 107852
107827 247 1:0 107827
107828 100652 21:0 107829
107828 100624 21:0 107829
107828 99030 1:0 107852
107828 99057 1:0 107852
107828 100587 21:0 107854
107833 55895 21:0 107833
107850 99304 1:0 107852
107852 55931 1:0 107852
107852 99293 1:0 107852
107853 100586 21:0 107857
107853 99285 1:0 107935
107855 245 1:0 107855
107856 100595 21:0 107908
107862 99301 1:0 107862
107890 243 1:0 107890
107899 241 1:0 107899
107907 100660 21:0 107911
107909 239 1:0 107909
107910 100653 21:0 107937
107915 99294 1:0 107915
107936 100606 21:0 107937
107936 100591 21:0 107937
107936 100659 21:0 107940
107936 99284 1:0 107942
107938 231 1:0 107938
107939 100672 21:0 107940
107939 100633 21:0 107940
107939 98984 1:0 107946
107939 99104 1:0 107946
107939 100580 21:0 107948
107942 55945 1:0 107942
107947 100600 21:0 107948
107947 100666 21:0 107948
107947 100613 21:0 107951
107947 99283 1:0 107953
107949 233 1:0 107949
107950 100607 21:0 107951
107950 100657 21:0 107951
107950 55981 1:0 107952
107950 99103 1:0 107955
107950 55970 1:0 107955
107950 55984 1:0 107955
107950 100593 21:0 107957
107952 55988 1:0 107955
107952 99271 1:0 107955
107954 55949 21:0 107954
107955 99280 1:0 107955
107955 55957 1:0 107955
107955 99253 1:0 107983
107955 99044 1:0 107983
107955 98964 1:0 107983
107955 99260 1:0 107983
107955 55979 1:0 107983
107955 99247 1:0 108086
107955 56014 1:0 108086
107955 56036 1:0 108086
107955 56038 1:0 108086
107955 56045 1:0 108114
107955 99238 1:0 108114
107955 99227 1:0 108114
107955 56095 1:0 108217
107955 99214 1:0 108217
107955 56071 1:0 108217
107955 56102 1:0 108245
107955 99194 1:0 108245
107955 99205 1:0 108245
107955 56128 1:0 108348
107955 56159 1:0 108376
107956 100626 21:0 107957
107956 100619 21:0 107957
107956 100640 21:0 107960
107958 229 1:0 107958
107958 98972 1:0 108077
107959 100661 21:0 107960
107959 100620 21:0 107960
107959 100627 21:0 107985
107961 99251 1:0 108066
107961 99252 1:0 108074
107963 99002 1:0 108077
107966 99181 1:0 108348
107969 99275 1:0 107969
107982 99250 1:0 108084
107983 56041 1:0 108086
107983 56027 1:0 108086
107983 56093 1:0 108217
107983 56150 1:0 108348
107983 56152 1:0 108348
107983 99161 1:0 108376
107983 99172 1:0 108376
107983 99148 1:0 108479
107983 56185 1:0 108479
107983 56216 1:0 108507
107983 56242 1:0 108610
107983 56273 1:0 108638
107984 100639 21:0 107988
107986 227 1:0 107986
107987 100673 21:0 108039
107994 99011 1:0 108086
108021 225 1:0 108021
108030 223 1:0 108030
108038 100726 21:0 108042
108040 221 1:0 108040
108040 99220 1:0 108114
108041 100719 21:0 108068
108043 99068 1:0 108114
108043 56098 1:0 108217
108048 99083 1:0 108114
108051 99255 1:0 108051
108063 99037 1:0 108208
108064 99050 1:0 108208
108067 100765 21:0 108068
108067 100706 21:0 108068
108067 100822 21:0 108071
108069 213 1:0 108069
108070 100752 21:0 108071
108070 100692 21:0 108071
108070 100760 21:0 108079
108073 56002 1:0 108073
108076 99219 1:0 108197
108077 99218 1:0 108204
108077 99097 1:0 108217
108078 99249 1:0 108078
108078 100712 21:0 108079
108078 100718 21:0 108079
108078 100838 21:0 108082
108080 215 1:0 108080
108080 99217 1:0 108215
108081 100723 21:0 108082
108081 100837 21:0 108082
108081 100745 21:0 108088
108083 56084 1:0 108217
108083 98998 1:0 108245
108083 98985 1:0 108245
108083 56141 1:0 108348
108083 56155 1:0 108348
108084 56006 1:0 108084
108086 99187 1:0 108245
108086 99185 1:0 108328
108087 100759 21:0 108088
108087 100798 21:0 108088
108087 100824 21:0 108091
108089 211 1:0 108089
108089 99090 1:0 108339
108089 99006 1:0 108339
108090 100685 21:0 108091
108090 100825 21:0 108091
108090 100771 21:0 108116
108092 99186 1:0 108336
108094 99184 1:0 108346
108095 99248 1:0 108095
108097 99105 1:0 108348
108114 99154 1:0 108376
108115 100694 21:0 108119
108117 209 1:0 108117
108118 100686 21:0 108165
108120 56212 1:0 108479
108124 99233 1:0 108124
108125 99024 1:0 108376
108125 98965 1:0 108376
108152 207 1:0 108152
108161 205 1:0 108161
108164 100793 21:0 108173
108166 56209 1:0 108479
108171 203 1:0 108171
108172 100699 21:0 108199
108174 99152 1:0 108459
108177 99228 1:0 108177
108179 99064 1:0 108470
108186 99139 1:0 108507
108194 99072 1:0 108470
108195 99070 1:0 108479
108198 100751 21:0 108199
108198 100818 21:0 108199
108198 100693 21:0 108202
108200 195 1:0 108200
108201 100831 21:0 108202
108201 100792 21:0 108202
108201 100804 21:0 108210
108204 56059 1:0 108204
108207 99153 1:0 108467
108208 99151 1:0 108477
108208 56198 1:0 108479
108208 56207 1:0 108479
108208 99128 1:0 108507
108208 99115 1:0 108610
108208 56264 1:0 108610
108208 56255 1:0 108610
108208 56266 1:0 108610
108208 56269 1:0 108610
108208 99095 1:0 108638
108208 99106 1:0 108638
108208 99082 1:0 108741
108208 56299 1:0 108741
108208 99062 1:0 108769
108208 56330 1:0 108769
108208 99073 1:0 108769
108208 99049 1:0 108872
108208 56356 1:0 108872
108208 99029 1:0 108900
108208 56387 1:0 108900
108208 99040 1:0 108900
108208 99016 1:0 109003
108208 56413 1:0 109003
108208 99007 1:0 109031
108208 56444 1:0 109031
108208 98996 1:0 109031
108208 56470 1:0 109134
108208 98983 1:0 109134
108208 56501 1:0 109162
108208 98963 1:0 109162
108208 98974 1:0 109162
108208 56527 1:0 109265
108208 98950 1:0 109265
108208 98941 1:0 109293
108208 98930 1:0 109293
108208 56558 1:0 109293
108208 98917 1:0 109396
108208 56584 1:0 109396
108208 98897 1:0 109424
108208 56615 1:0 109424
108208 98908 1:0 109424
108208 98884 1:0 109535
108208 56641 1:0 109535
108208 21 1:0 109535
108208 19 1:0 109618
108209 100826 21:0 108210
108209 100732 21:0 108210
108209 100784 21:0 108213
108211 197 1:0 108211
108211 99121 1:0 108507
108212 100756 21:0 108213
108212 100789 21:0 108213
108212 100679 21:0 108219
108214 99077 1:0 108507
108214 98973 1:0 108507
108214 98978 1:0 108601
108215 56063 1:0 108215
108217 99119 1:0 108590
108217 99120 1:0 108598
108218 100725 21:0 108219
108218 100705 21:0 108219
108218 100772 21:0 108222
108220 193 1:0 108220
108220 99063 1:0 108601
108220 99071 1:0 108610
108221 56009 21:0 108222
108221 392 21:0 108222
108221 100859 21:0 108247
108223 99118 1:0 108608
108225 99088 1:0 108638
108228 99096 1:0 108638
108243 99031 1:0 108638
108244 98997 1:0 108732
108246 101048 21:0 108250
108248 191 1:0 108248
108249 100925 21:0 108294
108255 99202 1:0 108255
108256 99087 1:0 108721
108283 189 1:0 108283
108292 187 1:0 108292
108293 100811 21:0 108304
108302 185 1:0 108302
108303 100858 21:0 108330
108305 99086 1:0 108728
108310 99005 1:0 108732
108325 56312 1:0 108741
108325 56326 1:0 108741
108325 56323 1:0 108741
108325 56321 1:0 108741
108325 56380 1:0 108872
108325 56383 1:0 108872
108325 56378 1:0 108872
108326 98958 1:0 108741
108329 100982 21:0 108330
108329 100921 21:0 108330
108329 55945 21:0 108333
108331 177 1:0 108331
108332 100943 21:0 108333
108332 55721 21:0 108333
108332 101068 21:0 108341
108335 56116 1:0 108335
108336 56116 21:0 108336
108338 99085 1:0 108739
108339 99055 1:0 108769
108339 98971 1:0 108769
108339 98991 1:0 108769
108339 98969 1:0 108863
108340 100805 21:0 108341
108340 100996 21:0 108341
108340 101036 21:0 108344
108342 179 1:0 108342
108342 99004 1:0 108863
108343 55888 21:0 108344
108343 100857 21:0 108344
108343 100690 21:0 108350
108345 99053 1:0 108852
108348 99054 1:0 108860
108348 99052 1:0 108870
108349 101035 21:0 108350
108349 100990 21:0 108350
108349 100877 21:0 108353
108351 175 1:0 108351
108351 56369 1:0 108872
108351 99018 1:0 108872
108351 99039 1:0 108900
108351 56426 1:0 109003
108351 56435 1:0 109003
108351 56437 1:0 109003
108351 56494 1:0 109134
108352 323 21:0 108353
108352 55667 21:0 108353
108352 100924 21:0 108378
108354 99022 1:0 108900
108354 99038 1:0 108900
108356 56123 1:0 108356
108357 99182 1:0 108357
108362 99176 1:0 108362
108374 99020 1:0 108983
108375 98945 1:0 108994
108375 98938 1:0 108994
108377 99171 1:0 108377
108377 100958 21:0 108381
108379 173 1:0 108379
108380 56063 21:0 108425
108386 99167 1:0 108386
108387 99021 1:0 108991
108414 171 1:0 108414
108423 169 1:0 108423
108424 100987 21:0 108435
108426 56440 1:0 109003
108428 56492 1:0 109134
108433 167 1:0 108433
108434 100870 21:0 108461
108441 99019 1:0 109001
108444 99156 1:0 108444
108456 98932 1:0 109003
108457 98936 1:0 109031
108457 56497 1:0 109134
108460 101055 21:0 108461
108460 100930 21:0 108461
108460 100970 21:0 108464
108462 159 1:0 108462
108463 55913 21:0 108464
108463 55927 21:0 108464
108463 55970 21:0 108464
108463 55984 21:0 108464
108463 56098 21:0 108464
108463 100563 21:0 108464
108463 56084 21:0 108464
108463 56041 21:0 108464
108463 56027 21:0 108464
108463 56155 21:0 108464
108463 56141 21:0 108464
108463 55856 21:0 108469
108468 55870 21:0 108472
108469 98989 1:0 109031
108470 98919 1:0 109031
108470 98987 1:0 109114
108471 55742 21:0 108472
108471 55799 21:0 108472
108471 55813 21:0 108472
108471 55756 21:0 108472
108471 55699 21:0 108472
108471 101049 21:0 108472
108471 100758 21:0 108475
108473 161 1:0 108473
108473 98988 1:0 109122
108474 100728 21:0 108475
108474 100530 21:0 108475
108474 56095 21:0 108475
108474 100893 21:0 108475
108474 100596 21:0 108475
108474 55685 21:0 108475
108474 100827 21:0 108475
108474 100917 21:0 108475
108474 100844 21:0 108475
108474 56152 21:0 108478
108476 98952 1:0 109125
108476 98925 1:0 109125
108476 56483 1:0 109134
108476 98931 1:0 109134
108476 56551 1:0 109265
108476 56549 1:0 109265
108477 100750 21:0 108478
108477 100539 21:0 108478
108477 100803 21:0 108478
108477 100618 21:0 108478
108477 100684 21:0 108478
108477 100737 21:0 108478
108477 100902 21:0 108478
108477 100836 21:0 108478
108477 100552 21:0 108478
108477 100585 21:0 108478
108477 100783 21:0 108478
108477 100605 21:0 108478
108477 100519 21:0 108478
108477 56159 21:0 108478
108477 100849 21:0 108478
108477 55988 21:0 108478
108477 56014 21:0 108478
108478 56177 21:0 108481
108479 98986 1:0 109132
108479 98956 1:0 109162
108479 56606 1:0 109396
108480 56006 21:0 108481
108480 100956 21:0 108484
108482 157 1:0 108482
108482 98951 1:0 109162
108482 98940 1:0 109162
108483 101069 21:0 108484
108483 100904 21:0 108484
108483 101057 21:0 108502
108485 98955 1:0 109245
108487 56180 1:0 108487
108490 98954 1:0 109252
108497 98939 1:0 109256
108501 100855 21:0 108512
108503 98875 1:0 109555
108505 98903 1:0 109256
108506 56554 1:0 109265
108506 56540 1:0 109265
108506 56597 1:0 109396
108506 56672 1:0 109621
108506 98864 1:0 109622
108506 54468 1:0 109622
108508 99138 1:0 108508
108510 155 1:0 108510
108511 100695 21:0 108512
108511 56036 21:0 108512
108511 100860 21:0 108512
108511 55979 21:0 108512
108511 100662 21:0 108512
108511 56093 21:0 108512
108511 56150 21:0 108512
108511 100629 21:0 108512
108511 56038 21:0 108512
108511 100992 21:0 108512
108511 55981 21:0 108512
108511 100926 21:0 108512
108511 55922 21:0 108512
108511 55924 21:0 108512
108511 100761 21:0 108512
108511 100959 21:0 108512
108511 100794 21:0 108512
108511 101025 21:0 108515
108514 100717 21:0 108515
108514 100638 21:0 108515
108514 56185 21:0 108515
108514 56071 21:0 108515
108515 56198 21:0 108547
108517 99134 1:0 108517
108518 98953 1:0 109263
108545 153 1:0 108545
108546 100817 21:0 108563
108554 151 1:0 108554
108559 98918 1:0 109265
108559 56608 1:0 109396
108559 56663 1:0 109530
108562 56002 21:0 108566
108564 149 1:0 108564
108565 271 21:0 108566
108565 309 21:0 108566
108565 307 21:0 108566
108565 291 21:0 108566
108565 289 21:0 108566
108565 273 21:0 108566
108565 93 21:0 108566
108565 325 21:0 108566
108565 255 21:0 108566
108565 101067 21:0 108566
108565 73 21:0 108566
108565 101047 21:0 108566
108565 109 21:0 108566
108565 253 21:0 108566
108565 56209 21:0 108566
108565 55672 21:0 108566
108565 56045 21:0 108566
108565 55957 21:0 108566
108565 56128 21:0 108566
108565 327 21:0 108566
108565 55931 21:0 108566
108565 55900 21:0 108566
108565 55874 21:0 108566
108565 55843 21:0 108566
108565 55817 21:0 108566
108565 56102 21:0 108566
108565 55786 21:0 108566
108565 55760 21:0 108566
108565 55729 21:0 108566
108565 55703 21:0 108566
108565 101034 21:0 108566
108565 100671 21:0 108566
108565 100869 21:0 108566
108565 100770 21:0 108566
108565 100704 21:0 108566
108565 100915 21:0 108566
108565 100572 21:0 108566
108565 100935 21:0 108566
108565 100948 21:0 108566
108565 100816 21:0 108566
108565 100968 21:0 108566
108565 100651 21:0 108566
108565 100882 21:0 108566
108565 101058 21:0 108566
108565 100981 21:0 108566
108565 101001 21:0 108566
108565 101014 21:0 108566
108567 109 1:0 108900
108567 93 1:0 109003
108567 73 1:0 109162
108570 56212 21:0 108592
108572 98923 1:0 109293
108587 98906 1:0 109293
108588 56611 1:0 109396
108591 100989 21:0 108592
108591 101020 21:0 108592
108591 56173 21:0 108595
108593 141 1:0 108593
108594 303 21:0 108595
108594 100738 21:0 108595
108594 56059 21:0 108603
108598 56230 21:0 108598
108600 98912 1:0 109293
108600 98898 1:0 109387
108600 98905 1:0 109387
108601 98921 1:0 109376
108601 98922 1:0 109384
108602 99117 1:0 108602
108602 100923 21:0 108603
108602 101029 21:0 108603
108602 101024 21:0 108606
108604 143 1:0 108604
108604 98899 1:0 109396
108604 56654 1:0 109530
108604 9 1:0 109543
108605 55808 21:0 108606
108605 55865 21:0 108606
108605 55696 21:0 108606
108605 55694 21:0 108606
108605 315 21:0 108606
108605 55867 21:0 108606
108605 313 21:0 108606
108605 55774 21:0 108606
108605 265 21:0 108606
108605 56207 21:0 108606
108605 55753 21:0 108606
108605 55751 21:0 108606
108605 56216 21:0 108606
108605 55810 21:0 108606
108605 295 21:0 108606
108605 297 21:0 108606
108607 98920 1:0 109394
108609 56234 21:0 108612
108610 98890 1:0 109424
108610 98907 1:0 109424
108610 98892 1:0 109424
108611 55892 21:0 108612
108611 247 21:0 108615
108613 139 1:0 108613
108613 98889 1:0 109507
108614 285 21:0 108615
108614 101056 21:0 108615
108614 55717 21:0 108633
108616 98888 1:0 109514
108616 56636 1:0 109518
108616 98886 1:0 109518
108618 56237 1:0 108618
108632 311 21:0 108640
108636 98887 1:0 109525
108637 98879 1:0 109527
108637 98885 1:0 109530
108638 98874 1:0 109530
108639 317 21:0 108640
108639 299 21:0 108640
108639 293 21:0 108643
108641 137 1:0 108641
108642 56242 21:0 108643
108642 243 21:0 108643
108642 277 21:0 108643
108642 279 21:0 108643
108642 275 21:0 108643
108642 261 21:0 108643
108642 259 21:0 108643
108644 7 1:0 109552
108646 56255 21:0 108678
108649 98870 1:0 109555
108649 98872 1:0 109555
108649 56665 1:0 109606
108649 5 1:0 109609
108676 135 1:0 108676
108677 25 21:0 108678
108677 241 21:0 108678
108679 25 1:0 109396
108681 56264 21:0 108684
108683 281 21:0 108687
108685 133 1:0 108685
108690 98873 1:0 109555
108690 98866 1:0 109590
108691 56266 21:0 108694
108693 263 21:0 108694
108693 257 21:0 108694
108693 245 21:0 108697
108695 131 1:0 108695
108695 3 1:0 109622
108698 98859 1:0 109609
108701 56269 21:0 108723
108703 98865 1:0 109617
108718 56668 1:0 109616
108718 56686 1:0 109637
108718 245 1:0 110604
108718 241 1:0 110613
108722 56273 21:0 108723
108722 56180 21:0 108723
108722 100950 21:0 108723
108722 101062 21:0 108726
108724 123 1:0 108724
108725 301 21:0 108726
108725 100897 21:0 108726
108729 56287 21:0 108734
108731 301 1:0 110409
108731 100897 1:0 110409
108731 101062 1:0 110445
108731 56180 1:0 110461
108732 101056 1:0 110466
108732 55717 1:0 110466
108732 100950 1:0 110466
108732 247 1:0 110471
108732 285 1:0 110471
108732 55892 1:0 110485
108732 265 1:0 110485
108733 56120 21:0 108734
108733 100983 21:0 108734
108733 251 21:0 108737
108735 125 1:0 108735
108735 56120 1:0 110395
108735 100983 1:0 110395
108736 100888 21:0 108737
108736 101016 21:0 108740
108738 100888 1:0 110390
108738 251 1:0 110390
108739 100791 21:0 108743
108740 56291 21:0 108740
108741 101016 1:0 110390
108741 55774 1:0 110521
108741 101024 1:0 110537
108741 100923 1:0 110542
108741 101029 1:0 110542
108741 56059 1:0 110547
108741 100738 1:0 110547
108741 303 1:0 110547
108741 101020 1:0 110561
108742 319 21:0 108743
108742 56237 21:0 108746
108744 121 1:0 108744
108744 319 1:0 110369
108744 100791 1:0 110385
108745 231 21:0 108746
108745 55778 21:0 108746
108747 55778 1:0 110319
108747 56237 1:0 110333
108747 231 1:0 110333
108747 56173 1:0 110561
108747 100989 1:0 110561
108747 56002 1:0 110597
108749 100817 1:0 110613
108750 56294 21:0 108774
108752 100904 1:0 110618
108767 101057 1:0 110618
108768 100855 1:0 110618
108772 119 1:0 108772
108773 56299 21:0 108774
108777 56312 21:0 108809
108807 117 1:0 108807
108812 56321 21:0 108815
108816 115 1:0 108816
108822 56323 21:0 108825
108824 55952 21:0 108828
108826 113 1:0 108826
108829 55952 1:0 110319
108832 56326 21:0 108854
108853 55660 21:0 108854
108853 55835 21:0 108854
108853 56330 21:0 108854
108853 321 21:0 108857
108855 105 1:0 108855
108855 55660 1:0 110314
108855 55835 1:0 110319
108856 249 21:0 108857
108856 55781 21:0 108857
108858 249 1:0 110257
108858 55781 1:0 110293
108858 321 1:0 110309
108860 56344 21:0 108865
108864 56066 21:0 108865
108864 56123 21:0 108865
108866 107 1:0 108866
108866 56066 1:0 110257
108866 56123 1:0 110257
108870 56348 1:0 108870
108871 56348 21:0 108874
108875 103 1:0 108875
108875 56348 1:0 110314
108880 56351 1:0 108880
108881 56351 21:0 108905
108903 101 1:0 108903
108904 56356 21:0 108905
108908 56369 21:0 108940
108938 99 1:0 108938
108943 56378 21:0 108946
108947 97 1:0 108947
108953 56380 21:0 108956
108957 95 1:0 108957
108963 56383 21:0 108985
108984 56387 21:0 108985
108986 87 1:0 108986
108990 56401 1:0 108990
108991 56401 21:0 108996
108997 89 1:0 108997
108997 56401 1:0 110314
109002 56405 21:0 109005
109006 85 1:0 109006
109006 56405 1:0 110395
109011 56408 1:0 109011
109012 56408 21:0 109036
109034 83 1:0 109034
109035 56413 21:0 109036
109039 56426 21:0 109071
109069 81 1:0 109069
109074 56435 21:0 109077
109078 79 1:0 109078
109084 56437 21:0 109087
109088 77 1:0 109088
109094 56440 21:0 109116
109115 56444 21:0 109116
109117 69 1:0 109117
109121 56458 1:0 109121
109122 56458 21:0 109127
109128 71 1:0 109128
109128 56458 1:0 110485
109132 56462 1:0 109132
109133 56462 21:0 109136
109137 67 1:0 109137
109142 56465 1:0 109142
109143 56465 21:0 109167
109165 65 1:0 109165
109166 56470 21:0 109167
109168 56465 1:0 110471
109170 56483 21:0 109202
109200 63 1:0 109200
109205 56492 21:0 109208
109209 61 1:0 109209
109215 56494 21:0 109218
109219 59 1:0 109219
109225 56497 21:0 109247
109246 56501 21:0 109247
109248 51 1:0 109248
109253 56515 21:0 109253
109259 53 1:0 109259
109264 56519 21:0 109264
109268 49 1:0 109268
109273 56522 1:0 109273
109279 56527 21:0 109280
109280 56522 21:0 109298
109296 47 1:0 109296
109299 56522 1:0 110409
109301 56540 21:0 109333
109331 45 1:0 109331
109336 56549 21:0 109339
109340 43 1:0 109340
109346 56551 21:0 109349
109350 41 1:0 109350
109356 56554 21:0 109378
109377 56558 21:0 109378
109379 33 1:0 109379
109384 56572 21:0 109389
109390 35 1:0 109390
109390 56572 1:0 110333
109394 56576 1:0 109394
109395 56576 21:0 109398
109399 31 1:0 109399
109404 56579 1:0 109404
109405 56579 21:0 109429
109427 29 1:0 109427
109428 56584 21:0 109429
109430 56579 1:0 110542
109432 56597 21:0 109464
109462 27 1:0 109462
109467 56606 21:0 109470
109477 56608 21:0 109480
109481 23 1:0 109481
109487 56611 21:0 109509
109508 56615 21:0 109509
109510 15 1:0 109510
109515 56629 21:0 109515
109521 17 1:0 109521
109526 56633 21:0 109529
109530 13 1:0 109530
109536 56636 21:0 109560
109558 11 1:0 109558
109559 56641 21:0 109560
109563 56654 21:0 109595
109598 56663 21:0 109601
109608 56665 21:0 109611
109618 56668 21:0 109648
109647 56672 21:0 109648
109647 102108 21:0 109648
109648 102109 21:0 109659
109658 54468 21:0 109659
109658 19 21:0 109659
109658 3 21:0 109659
109659 102110 21:0 109692
109691 56686 21:0 109692
109691 5 21:0 109692
109691 9 21:0 109692
109691 7 21:0 109692
109691 102119 21:0 109692
109699 102128 21:0 109700
109700 102129 21:0 109703
109702 21 21:0 109703
109702 102114 21:0 109703
109702 102116 21:0 109703
109703 13 21:0 109703
109705 102131 21:0 109713
109708 17 21:0 109708
109712 102133 21:0 109763
109713 15 21:0 109713
109762 102132 21:0 109779
109778 102134 21:0 109789
109779 31 21:0 109779
109784 35 21:0 109784
109788 102164 21:0 109839
109789 33 21:0 109789
109838 102166 21:0 109855
109854 102165 21:0 109865
109855 49 21:0 109855
109860 53 21:0 109860
109864 102167 21:0 109915
109865 51 21:0 109865
109914 102197 21:0 109931
109930 102198 21:0 109941
109931 67 21:0 109931
109936 71 21:0 109936
109940 102199 21:0 109991
109941 69 21:0 109941
109990 102200 21:0 110007
110006 102230 21:0 110017
110007 85 21:0 110007
110012 89 21:0 110012
110016 102231 21:0 110067
110017 87 21:0 110017
110066 102232 21:0 110083
110082 102233 21:0 110093
110083 103 21:0 110083
110088 107 21:0 110088
110092 102263 21:0 110138
110093 105 21:0 110093
110137 102265 21:0 110159
110158 102264 21:0 110169
110159 121 21:0 110159
110164 125 21:0 110164
110168 102266 21:0 110191
110169 123 21:0 110169
110190 102296 21:0 110235
110226 102334 21:0 110226
110234 102297 21:0 110245
110235 139 21:0 110235
110240 143 21:0 110240
110244 102298 21:0 110263
110245 141 21:0 110245
110262 102299 21:0 110311
110302 102367 21:0 110302
110310 102329 21:0 110318
110311 157 21:0 110311
110316 161 21:0 110316
110317 102331 21:0 110339
110321 159 21:0 110321
110323 102387 21:0 110323
110332 102406 21:0 110332
110338 102330 21:0 110387
110343 102407 21:0 110343
110371 102413 21:0 110371
110371 102411 21:0 110371
110376 102415 21:0 110376
110378 102400 21:0 110378
110384 102426 21:0 110384
110386 102332 21:0 110392
110387 175 21:0 110387
110391 102362 21:0 110411
110392 179 21:0 110392
110397 177 21:0 110397
110399 102420 21:0 110399
110410 102363 21:0 110463
110419 102440 21:0 110419
110447 102444 21:0 110447
110452 102448 21:0 110452
110454 102433 21:0 110454
110462 102364 21:0 110468
110463 193 21:0 110463
110467 102365 21:0 110487
110468 197 21:0 110468
110468 102460 21:0 110468
110473 195 21:0 110473
110484 102472 21:0 110484
110486 102395 21:0 110539
110495 102473 21:0 110495
110523 102479 21:0 110523
110523 102480 21:0 110523
110523 102477 21:0 110523
110528 102481 21:0 110528
110536 102492 21:0 110536
110538 102396 21:0 110544
110539 211 21:0 110539
110543 102397 21:0 110563
110544 215 21:0 110544
110544 102493 21:0 110544
110549 213 21:0 110549
110560 102505 21:0 110560
110562 102398 21:0 110615
110599 102510 21:0 110599
110599 102513 21:0 110599
110604 102514 21:0 110604
110612 102525 21:0 110612
110614 102428 21:0 110620
110615 229 21:0 110615
110619 56006 1:0 110623
110619 100956 1:0 110623
110619 101069 1:0 110623
110619 102430 21:0 110639
110620 102526 21:0 110620
110620 233 21:0 110620
110624 100844 1:0 110637
110624 100917 1:0 110637
110624 100758 1:0 110637
110625 231 21:0 110625
110625 253 1:0 110625
110626 243 1:0 110637
110627 102519 21:0 110627
110636 102538 21:0 110636
110638 101049 1:0 110673
110638 102429 21:0 110691
110674 100970 1:0 110689
110675 102543 21:0 110675
110675 102546 21:0 110675
110675 102545 21:0 110675
110679 257 1:0 110689
110679 263 1:0 110689
110680 102547 21:0 110680
110686 255 1:0 110686
110688 102558 21:0 110688
110690 101055 1:0 110694
110690 100930 1:0 110694
110690 100870 1:0 110694
110690 102431 21:0 110696
110691 247 21:0 110691
110695 56063 1:0 110699
110695 259 1:0 110699
110695 56576 1:0 110699
110695 100987 1:0 110699
110695 102461 21:0 110715
110696 251 21:0 110696
110700 100958 1:0 110713
110700 100924 1:0 110713
110700 323 1:0 110713
110701 249 21:0 110701
110701 271 1:0 110701
110702 261 1:0 110713
110714 56234 1:0 110749
110714 102462 21:0 110767
110750 55667 1:0 110765
110751 102579 21:0 110751
110751 102578 21:0 110751
110755 281 1:0 110756
110755 275 1:0 110756
110756 102580 21:0 110756
110756 273 1:0 110756
110757 279 1:0 110765
110758 102565 21:0 110758
110764 102591 21:0 110764
110766 56294 1:0 110770
110766 56351 1:0 110770
110766 100877 1:0 110770
110766 102463 21:0 110772
110767 265 21:0 110767
110771 101035 1:0 110775
110771 56287 1:0 110775
110771 100990 1:0 110775
110771 102464 21:0 110791
110772 269 21:0 110772
110772 102592 21:0 110772
110776 100690 1:0 110789
110776 100857 1:0 110789
110776 55888 1:0 110789
110777 267 21:0 110777
110777 289 1:0 110777
110778 277 1:0 110789
110788 102604 21:0 110788
110790 101036 1:0 110825
110790 102494 21:0 110843
110799 102605 21:0 110799
110826 100996 1:0 110841
110827 102612 21:0 110827
110827 102611 21:0 110827
110831 293 1:0 110832
110831 299 1:0 110832
110832 291 1:0 110832
110833 295 1:0 110841
110834 102598 21:0 110834
110840 102624 21:0 110840
110842 55721 1:0 110846
110842 101068 1:0 110846
110842 100805 1:0 110846
110842 102496 21:0 110848
110843 283 21:0 110843
110847 56344 1:0 110851
110847 55945 1:0 110851
110847 100943 1:0 110851
110847 102495 21:0 110859
110848 287 21:0 110848
110848 102625 21:0 110848
110852 56408 1:0 110865
110852 56177 1:0 110865
110852 100982 1:0 110865
110853 285 21:0 110853
110853 307 1:0 110853
110854 297 1:0 110865
110855 102618 21:0 110855
110858 102497 21:0 110919
110864 102637 21:0 110864
110866 100921 1:0 110901
110902 56462 1:0 110917
110903 102644 21:0 110903
110903 102645 21:0 110903
110907 317 1:0 110917
110907 311 1:0 110917
110908 102646 21:0 110908
110914 309 1:0 110914
110916 102657 21:0 110916
110918 100858 1:0 110922
110918 100925 1:0 110922
110918 100811 1:0 110922
110918 102527 21:0 110924
110919 301 21:0 110919
110923 56009 1:0 110927
110923 313 1:0 110927
110923 100859 1:0 110927
110923 101048 1:0 110927
110923 102528 21:0 110929
110924 305 21:0 110924
110924 102658 21:0 110924
110928 100772 1:0 110941
110928 56636 1:0 110941
110928 102529 21:0 110995
110928 393 1:0 110941
110929 303 21:0 110929
110929 325 1:0 110929
110930 315 1:0 110941
110931 102651 21:0 110931
110942 100705 1:0 110977
110977 327 1:0 110977
110978 101073 1:0 110998
110979 102677 21:0 110979
110986 102664 21:0 110986
110992 102690 21:0 110992
110994 102530 21:0 111000
110995 319 21:0 110995
110999 102560 21:0 111005
110999 101071 1:0 111009
111004 100725 1:0 111009
111004 100679 1:0 111009
111004 102562 21:0 111014
111010 101072 1:0 111017
111013 100756 1:0 111020
111013 100789 1:0 111020
111013 102561 21:0 111022
111019 102701 21:0 111019
111021 102563 21:0 111025
111021 101070 1:0 111027
111024 55685 1:0 111029
111024 55696 1:0 111029
111024 100784 1:0 111029
111024 55699 1:0 111029
111024 55694 1:0 111029
111024 102593 21:0 111034
111027 55664 1:0 111027
111028 102701 1:0 111028
111028 55672 1:0 111029
111029 101067 1:0 111029
111030 101040 1:0 111057
111032 319 1:0 111032
111033 100732 1:0 111057
111033 100826 1:0 111057
111033 102595 21:0 111097
111055 101058 1:0 111057
111057 101047 1:0 111057
111057 55703 1:0 111057
111058 101038 1:0 111140
111067 101053 1:0 111067
111096 102594 21:0 111142
111125 101042 1:0 111125
111141 102596 21:0 111145
111141 101039 1:0 111148
111143 303 1:0 111143
111144 100804 1:0 111151
111144 100792 1:0 111151
111144 102626 21:0 111156
111152 101037 1:0 111158
111154 305 1:0 111154
111155 100831 1:0 111160
111155 55753 1:0 111160
111155 55751 1:0 111160
111155 55756 1:0 111160
111155 55742 1:0 111160
111155 102628 21:0 111162
111160 55729 1:0 111160
111160 101034 1:0 111160
111161 102627 21:0 111165
111161 101007 1:0 111188
111163 301 1:0 111163
111164 100693 1:0 111188
111164 100751 1:0 111188
111164 102629 21:0 111247
111168 55724 1:0 111168
111186 101025 1:0 111188
111188 101014 1:0 111188
111188 55760 1:0 111188
111189 101006 1:0 111271
111198 101023 1:0 111198
111198 101022 1:0 111198
111246 102659 21:0 111276
111251 101015 1:0 111251
111256 101009 1:0 111256
111272 101005 1:0 111278
111274 285 1:0 111274
111275 100818 1:0 111282
111275 100699 1:0 111282
111275 102661 21:0 111284
111283 101003 1:0 111283
111283 102660 21:0 111287
111283 101004 1:0 111289
111285 287 1:0 111285
111286 55808 1:0 111291
111286 100793 1:0 111291
111286 55799 1:0 111291
111286 55810 1:0 111291
111286 55813 1:0 111291
111286 102662 21:0 111296
111291 55786 1:0 111291
111291 101001 1:0 111291
111292 100974 1:0 111319
111294 283 1:0 111294
111295 100694 1:0 111319
111295 100686 1:0 111319
111295 102692 21:0 111356
111300 101002 1:0 111300
111317 100992 1:0 111319
111319 55817 1:0 111319
111319 100981 1:0 111319
111320 100991 1:0 111320
111320 100972 1:0 111402
111355 102693 21:0 111404
111387 100976 1:0 111387
111403 102694 21:0 111407
111403 100973 1:0 111410
111405 267 1:0 111405
111406 100771 1:0 111413
111406 100825 1:0 111413
111406 102695 21:0 111418
111409 55831 1:0 111409
111414 100971 1:0 111420
111416 269 1:0 111416
111417 102117 21:0 111418
111417 102103 21:0 111418
111417 55865 1:0 111422
111417 55856 1:0 111422
111417 100685 1:0 111422
111417 55867 1:0 111422
111417 55870 1:0 111422
111417 102118 21:0 111424
111422 100968 1:0 111422
111422 55843 1:0 111422
111423 102123 21:0 111424
111423 102151 21:0 111424
111423 102143 21:0 111427
111423 100941 1:0 111450
111425 265 1:0 111425
111426 102136 21:0 111427
111426 102150 21:0 111427
111426 100759 1:0 111450
111426 100824 1:0 111450
111426 102149 21:0 111452
111430 55838 1:0 111430
111431 100969 1:0 111431
111436 100963 1:0 111436
111448 100959 1:0 111450
111450 55874 1:0 111450
111450 100948 1:0 111450
111451 102147 21:0 111487
111451 100940 1:0 111533
111460 100957 1:0 111460
111460 100954 1:0 111460
111486 102130 21:0 111506
111505 102156 21:0 111509
111508 102162 21:0 111535
111513 100949 1:0 111513
111534 102142 21:0 111535
111534 102163 21:0 111535
111534 102195 21:0 111538
111534 100939 1:0 111540
111536 249 1:0 111536
111537 102169 21:0 111538
111537 102250 21:0 111538
111537 100745 1:0 111544
111537 100798 1:0 111544
111537 102241 21:0 111546
111545 100937 1:0 111545
111545 102222 21:0 111546
111545 102184 21:0 111546
111545 102288 21:0 111549
111545 100938 1:0 111551
111547 251 1:0 111547
111548 102249 21:0 111549
111548 102209 21:0 111549
111548 55924 1:0 111553
111548 100837 1:0 111553
111548 55913 1:0 111553
111548 55927 1:0 111553
111548 102228 21:0 111555
111552 55900 1:0 111553
111553 100935 1:0 111553
111554 102215 21:0 111555
111554 102202 21:0 111555
111554 102268 21:0 111558
111554 100908 1:0 111581
111556 247 1:0 111556
111557 102255 21:0 111558
111557 102274 21:0 111558
111557 100723 1:0 111581
111557 100838 1:0 111581
111557 102282 21:0 111583
111561 55895 1:0 111561
111562 100936 1:0 111562
111570 55922 1:0 111578
111579 100926 1:0 111581
111581 55931 1:0 111581
111581 100915 1:0 111581
111582 102262 21:0 111618
111582 100907 1:0 111664
111617 102217 21:0 111637
111636 102183 21:0 111640
111639 102216 21:0 111666
111644 100916 1:0 111644
111649 100910 1:0 111649
111665 102235 21:0 111666
111665 102275 21:0 111666
111665 102229 21:0 111669
111665 100906 1:0 111671
111667 231 1:0 111667
111668 102248 21:0 111669
111668 102261 21:0 111669
111668 100718 1:0 111675
111668 100712 1:0 111675
111668 102279 21:0 111677
111676 102361 21:0 111677
111676 102347 21:0 111677
111676 102340 21:0 111680
111676 100905 1:0 111682
111678 233 1:0 111678
111679 102246 21:0 111680
111679 102378 21:0 111680
111679 55981 1:0 111684
111679 55979 1:0 111684
111679 100760 1:0 111684
111679 55970 1:0 111684
111679 55984 1:0 111684
111679 102301 21:0 111686
111682 55949 1:0 111682
111684 100902 1:0 111684
111684 55957 1:0 111684
111684 100875 1:0 111712
111684 100692 1:0 111712
111684 100752 1:0 111712
111684 100893 1:0 111712
111684 55988 1:0 111712
111684 100882 1:0 111712
111684 56036 1:0 111815
111684 56038 1:0 111815
111684 100869 1:0 111815
111684 56014 1:0 111815
111684 100860 1:0 111843
111684 100849 1:0 111843
111684 56045 1:0 111843
111684 56093 1:0 111946
111684 56071 1:0 111946
111684 100836 1:0 111946
111684 100827 1:0 111974
111684 56102 1:0 111974
111684 100816 1:0 111974
111684 56128 1:0 112077
111684 56159 1:0 112105
111685 102373 21:0 111686
111685 102283 21:0 111686
111685 102175 21:0 111689
111687 229 1:0 111687
111687 100822 1:0 111806
111688 102189 21:0 111689
111688 102354 21:0 111689
111688 102328 21:0 111714
111690 100873 1:0 111795
111690 100874 1:0 111803
111692 100765 1:0 111806
111693 100903 1:0 111693
111695 100803 1:0 112077
111711 100872 1:0 111813
111713 100892 1:0 111713
111713 102312 21:0 111749
111722 100891 1:0 111722
111722 100890 1:0 111722
111723 56041 1:0 111815
111723 56027 1:0 111815
111723 100706 1:0 111815
111723 56098 1:0 111946
111748 100884 1:0 111748
111748 102394 21:0 111768
111767 102345 21:0 111771
111769 100842 1:0 111843
111770 102196 21:0 111797
111772 100719 1:0 111843
111772 56084 1:0 111946
111775 100883 1:0 111775
111777 100726 1:0 111843
111783 100794 1:0 112105
111784 100783 1:0 112105
111792 100639 1:0 111937
111793 100673 1:0 111937
111796 102316 21:0 111797
111796 102294 21:0 111797
111796 102360 21:0 111800
111798 213 1:0 111798
111799 102308 21:0 111800
111799 102314 21:0 111800
111799 102242 21:0 111808
111805 100840 1:0 111926
111806 100841 1:0 111934
111806 100627 1:0 111946
111807 100871 1:0 111807
111807 102341 21:0 111808
111807 102315 21:0 111808
111807 102393 21:0 111811
111809 215 1:0 111809
111809 100839 1:0 111944
111810 102349 21:0 111811
111810 102213 21:0 111811
111810 102180 21:0 111817
111812 56095 1:0 111946
111812 100620 1:0 111974
111812 100661 1:0 111974
111812 56150 1:0 112077
111812 56152 1:0 112077
111812 56155 1:0 112077
111812 56141 1:0 112077
111812 56185 1:0 112208
111812 100770 1:0 112208
111812 56216 1:0 112236
111812 56242 1:0 112339
111812 56273 1:0 112367
111815 100809 1:0 111974
111815 100807 1:0 112057
111816 102307 21:0 111817
111816 102382 21:0 111817
111816 102380 21:0 111820
111818 211 1:0 111818
111818 100619 1:0 112068
111818 100640 1:0 112068
111819 102176 21:0 111820
111819 102374 21:0 111820
111819 102321 21:0 111845
111821 100808 1:0 112065
111823 100806 1:0 112075
111826 100626 1:0 112077
111829 100864 1:0 111829
111841 100593 1:0 112105
111842 100607 1:0 112105
111844 102208 21:0 111880
111854 100776 1:0 112105
111859 56198 1:0 112208
111879 100851 1:0 111879
111879 102348 21:0 111899
111895 56209 1:0 112208
111898 102381 21:0 111902
111901 102327 21:0 111928
111903 100775 1:0 112188
111906 100850 1:0 111906
111908 100613 1:0 112199
111915 100761 1:0 112236
111923 100657 1:0 112199
111924 100666 1:0 112208
111927 102552 21:0 111928
111927 393 21:0 111928
111927 102453 21:0 111931
111929 195 1:0 111929
111930 102679 21:0 111931
111930 55895 21:0 111931
111930 102638 21:0 111939
111936 100774 1:0 112195
111937 100773 1:0 112206
111937 56207 1:0 112208
111937 56212 1:0 112208
111937 100750 1:0 112236
111937 100737 1:0 112339
111937 56255 1:0 112339
111937 56269 1:0 112339
111937 56266 1:0 112339
111937 56264 1:0 112339
111937 100717 1:0 112367
111937 100728 1:0 112367
111937 100704 1:0 112470
111937 56299 1:0 112470
111937 100695 1:0 112498
111937 56330 1:0 112498
111937 100684 1:0 112498
111937 100671 1:0 112601
111937 56356 1:0 112601
111937 100651 1:0 112629
111937 100662 1:0 112629
111937 56387 1:0 112629
111937 56413 1:0 112732
111937 100638 1:0 112732
111937 100629 1:0 112760
111937 56444 1:0 112760
111937 100618 1:0 112760
111937 100605 1:0 112863
111937 56470 1:0 112863
111938 102539 21:0 111939
111938 285 21:0 111939
111938 102678 21:0 111942
111940 197 1:0 111940
111940 100743 1:0 112236
111941 102670 21:0 111942
111941 102414 21:0 111942
111941 102512 21:0 111948
111943 100580 1:0 112236
111943 100600 1:0 112236
111943 100672 1:0 112330
111946 100741 1:0 112319
111946 100742 1:0 112327
111947 102613 21:0 111948
111947 102675 21:0 111948
111947 55892 21:0 111951
111949 193 1:0 111949
111949 100633 1:0 112330
111949 100659 1:0 112339
111950 102182 21:0 111951
111950 56002 21:0 111951
111950 102499 21:0 111976
111952 100740 1:0 112337
111954 100710 1:0 112367
111957 100591 1:0 112367
111972 100606 1:0 112367
111975 55888 21:0 112001
111985 100708 1:0 112450
112000 56006 21:0 112030
112026 100653 1:0 112461
112029 56066 21:0 112033
112032 55724 21:0 112059
112034 100709 1:0 112458
112039 100660 1:0 112461
112054 56312 1:0 112470
112054 56321 1:0 112470
112054 56323 1:0 112470
112054 56326 1:0 112470
112054 56383 1:0 112601
112054 56380 1:0 112601
112054 56378 1:0 112601
112055 100595 1:0 112470
112058 102576 21:0 112059
112058 102459 21:0 112059
112058 55781 21:0 112062
112060 177 1:0 112060
112061 102585 21:0 112062
112061 102609 21:0 112062
112061 55721 21:0 112070
112064 56116 1:0 112064
112067 100707 1:0 112468
112068 100587 1:0 112498
112068 100586 1:0 112498
112068 100677 1:0 112498
112068 100624 1:0 112592
112069 102532 21:0 112070
112069 102506 21:0 112070
112069 102671 21:0 112073
112071 179 1:0 112071
112071 100652 1:0 112592
112071 56369 1:0 112601
112072 321 21:0 112073
112072 102427 21:0 112073
112072 56084 21:0 112073
112072 56098 21:0 112079
112074 100675 1:0 112581
112077 100676 1:0 112589
112077 100674 1:0 112599
112078 56093 21:0 112079
112078 55984 21:0 112079
112078 55970 21:0 112079
112078 102482 21:0 112079
112078 55913 21:0 112079
112078 102152 21:0 112079
112078 55927 21:0 112079
112078 56038 21:0 112079
112078 56095 21:0 112079
112078 102449 21:0 112079
112078 102350 21:0 112079
112078 102416 21:0 112079
112078 102317 21:0 112079
112078 102284 21:0 112079
112078 102383 21:0 112079
112078 55856 21:0 112079
112078 55870 21:0 112079
112078 55799 21:0 112079
112078 55742 21:0 112079
112078 102218 21:0 112079
112078 56041 21:0 112079
112078 56027 21:0 112079
112078 102251 21:0 112079
112078 55756 21:0 112082
112080 175 1:0 112080
112080 100628 1:0 112601
112080 100594 1:0 112629
112080 100646 1:0 112629
112081 297 21:0 112082
112081 102295 21:0 112082
112081 55979 21:0 112082
112081 56036 21:0 112082
112081 102185 21:0 112082
112081 295 21:0 112082
112081 102614 21:0 112082
112081 55808 21:0 112082
112081 55810 21:0 112082
112081 55685 21:0 112082
112081 313 21:0 112082
112081 55699 21:0 112082
112081 102647 21:0 112082
112081 55981 21:0 112082
112081 55751 21:0 112082
112081 55753 21:0 112082
112081 55813 21:0 112082
112081 102680 21:0 112082
112081 55865 21:0 112082
112081 102581 21:0 112082
112081 55924 21:0 112082
112081 55922 21:0 112082
112081 102515 21:0 112082
112081 55867 21:0 112082
112081 102548 21:0 112082
112081 315 21:0 112082
112081 279 21:0 112086
112083 100644 1:0 112629
112085 56102 21:0 112086
112085 102141 21:0 112086
112085 102161 21:0 112086
112085 102194 21:0 112086
112085 102174 21:0 112086
112085 56071 21:0 112086
112085 56045 21:0 112086
112085 102207 21:0 112086
112086 56123 21:0 112110
112088 100642 1:0 112712
112103 100560 1:0 112723
112104 100558 1:0 112723
112109 56014 21:0 112110
112109 102425 21:0 112110
112109 102405 21:0 112110
112109 102392 21:0 112110
112109 102372 21:0 112110
112109 102359 21:0 112110
112109 102339 21:0 112110
112109 102656 21:0 112110
112109 55874 21:0 112110
112109 102306 21:0 112110
112109 55988 21:0 112110
112109 55900 21:0 112110
112109 55931 21:0 112110
112109 55843 21:0 112110
112109 55957 21:0 112110
112109 102326 21:0 112110
112109 102689 21:0 112110
112109 102636 21:0 112110
112109 102623 21:0 112110
112109 102603 21:0 112110
112109 102590 21:0 112110
112109 102570 21:0 112110
112109 102557 21:0 112110
112109 102537 21:0 112110
112109 102669 21:0 112110
112109 102438 21:0 112110
112109 317 21:0 112110
112109 311 21:0 112110
112109 56128 21:0 112110
112109 102524 21:0 112110
112109 102504 21:0 112110
112109 102491 21:0 112110
112109 102471 21:0 112110
112109 102458 21:0 112110
112109 37 21:0 112110
112109 255 21:0 112110
112109 253 21:0 112110
112109 237 21:0 112110
112109 235 21:0 112110
112109 219 21:0 112110
112109 147 21:0 112110
112109 145 21:0 112110
112109 55817 21:0 112110
112109 102293 21:0 112110
112109 277 21:0 112110
112109 102273 21:0 112110
112109 102260 21:0 112110
112109 102240 21:0 112110
112109 102227 21:0 112110
112109 261 21:0 112110
112109 73 21:0 112110
112109 55672 21:0 112110
112109 55786 21:0 112110
112109 55760 21:0 112110
112109 55729 21:0 112110
112109 55703 21:0 112110
112109 327 21:0 112110
112109 325 21:0 112110
112109 309 21:0 112110
112109 307 21:0 112110
112109 271 21:0 112110
112109 291 21:0 112110
112109 273 21:0 112110
112109 289 21:0 112110
112111 147 1:0 112339
112111 145 1:0 112367
112111 73 1:0 112891
112113 56141 21:0 112145
112116 100643 1:0 112720
112141 100785 1:0 112141
112144 259 21:0 112145
112144 241 21:0 112145
112148 56150 21:0 112151
112150 299 21:0 112154
112153 243 21:0 112154
112158 56152 21:0 112161
112160 102281 21:0 112164
112163 205 21:0 112164
112163 293 21:0 112164
112163 223 21:0 112164
112163 225 21:0 112164
112165 100641 1:0 112730
112168 56155 21:0 112190
112170 56437 1:0 112732
112170 56426 1:0 112732
112170 56440 1:0 112732
112170 56435 1:0 112732
112170 56494 1:0 112863
112170 56497 1:0 112863
112170 56492 1:0 112863
112173 100778 1:0 112173
112176 56501 1:0 112891
112176 56527 1:0 112994
112176 56558 1:0 113022
112176 56584 1:0 113125
112177 100585 1:0 112891
112185 100541 1:0 112732
112186 56483 1:0 112863
112189 102559 21:0 112190
112189 102631 21:0 112190
112189 102486 21:0 112193
112191 159 1:0 112191
112192 56063 21:0 112193
112192 102571 21:0 112193
112192 102466 21:0 112201
112198 100611 1:0 112760
112199 100573 1:0 112760
112199 100567 1:0 112760
112199 100610 1:0 112843
112199 100562 1:0 112854
112200 102642 21:0 112201
112200 102446 21:0 112201
112200 56116 21:0 112204
112202 161 1:0 112202
112202 100574 1:0 112854
112203 56173 21:0 112204
112203 102572 21:0 112204
112203 102447 21:0 112210
112205 100609 1:0 112850
112208 100608 1:0 112861
112208 100561 1:0 112863
112208 100547 1:0 112891
112208 100553 1:0 112891
112209 55949 21:0 112210
112209 102439 21:0 112210
112209 102691 21:0 112213
112211 157 1:0 112211
112211 100578 1:0 112891
112212 323 21:0 112213
112212 239 21:0 112213
112212 257 21:0 112213
112212 263 21:0 112213
112212 245 21:0 112213
112212 281 21:0 112213
112212 275 21:0 112213
112212 221 21:0 112218
112214 100596 1:0 112891
112214 100577 1:0 112974
112214 100572 1:0 112994
112214 56549 1:0 112994
112214 56551 1:0 112994
112214 100563 1:0 113022
112214 100552 1:0 113022
112214 56606 1:0 113125
112214 100539 1:0 113125
112214 37 1:0 113153
112214 56615 1:0 113153
112214 100519 1:0 113153
112214 100530 1:0 113153
112214 21 1:0 113264
112214 100506 1:0 113264
112214 56641 1:0 113264
112214 100497 1:0 113284
112214 19 1:0 113347
112214 56672 1:0 113350
112214 100486 1:0 113351
112214 54468 1:0 113351
112217 227 21:0 112238
112219 100576 1:0 112981
112234 100514 1:0 112985
112235 100554 1:0 112985
112237 56159 21:0 112238
112237 56185 21:0 112238
112237 213 21:0 112241
112240 119 21:0 112241
112242 119 1:0 112470
112244 56198 21:0 112276
112247 100575 1:0 112992
112279 56207 21:0 112282
112281 95 21:0 112285
112286 95 1:0 112601
112288 56554 1:0 112994
112288 56540 1:0 112994
112288 100540 1:0 112994
112288 56608 1:0 113125
112288 7 1:0 113259
112289 56209 21:0 112292
112291 303 21:0 112295
112294 47 21:0 112295
112296 47 1:0 112994
112299 56212 21:0 112321
112317 100545 1:0 113022
112320 131 21:0 112321
112320 249 21:0 112321
112320 265 21:0 112321
112320 56216 21:0 112321
112320 251 21:0 112324
112322 141 1:0 112322
112322 131 1:0 112337
112323 83 21:0 112324
112323 231 21:0 112324
112323 301 21:0 112324
112323 29 21:0 112324
112323 287 21:0 112332
112325 83 1:0 112732
112326 56230 1:0 112326
112329 100528 1:0 113022
112329 100520 1:0 113022
112329 100527 1:0 113116
112330 100544 1:0 113105
112330 100543 1:0 113112
112331 100739 1:0 112331
112333 143 1:0 112333
112339 100534 1:0 113116
112339 29 1:0 113123
112339 100542 1:0 113123
112339 56597 1:0 113125
112339 56611 1:0 113125
112339 100529 1:0 113125
112339 56654 1:0 113259
112342 139 1:0 112342
112345 100512 1:0 113153
112347 100525 1:0 113153
112348 56237 21:0 112372
112350 100521 1:0 113153
112365 9 1:0 113272
112365 56663 1:0 113281
112365 56665 1:0 113335
112365 5 1:0 113338
112365 56686 1:0 113351
112365 205 1:0 114214
112368 100727 1:0 112368
112371 56242 21:0 112372
112375 56255 21:0 112407
112378 100510 1:0 113236
112410 56264 21:0 112413
112420 56266 21:0 112423
112430 56269 21:0 112452
112451 56273 21:0 112452
112453 123 1:0 112453
112458 56287 21:0 112463
112460 100511 1:0 113244
112461 56633 1:0 113247
112461 100508 1:0 113247
112461 100509 1:0 113254
112461 100492 1:0 113256
112464 125 1:0 112464
112468 56291 1:0 112468
112470 100501 1:0 113259
112470 100494 1:0 113259
112470 100507 1:0 113264
112470 100495 1:0 113284
112470 100496 1:0 113284
112470 100488 1:0 113319
112470 100481 1:0 113338
112470 100487 1:0 113346
112473 121 1:0 112473
112476 56668 1:0 113345
112476 3 1:0 113367
112476 287 1:0 114062
112476 301 1:0 114062
112478 231 1:0 114062
112481 251 1:0 114098
112484 56299 21:0 112485
112496 249 1:0 114114
112497 265 1:0 114119
112506 56312 21:0 112538
112509 303 1:0 114119
112509 213 1:0 114119
112541 56321 21:0 112544
112551 56323 21:0 112554
112561 56326 21:0 112583
112582 56330 21:0 112583
112584 105 1:0 112584
112591 55949 1:0 114124
112591 323 1:0 114124
112591 102691 1:0 114124
112591 56173 1:0 114138
112592 102439 1:0 114138
112592 102447 1:0 114138
112592 102572 1:0 114174
112592 56116 1:0 114190
112592 102466 1:0 114195
112592 102446 1:0 114195
112595 107 1:0 112595
112600 56348 21:0 112603
112601 102642 1:0 114195
112601 56063 1:0 114200
112601 102486 1:0 114214
112601 102571 1:0 114214
112604 103 1:0 112604
112604 56348 1:0 114200
112615 56356 21:0 112616
112637 56369 21:0 112669
112672 56378 21:0 112675
112682 56380 21:0 112685
112692 56383 21:0 112714
112713 56387 21:0 112714
112715 87 1:0 112715
112726 89 1:0 112726
112731 56405 21:0 112734
112735 85 1:0 112735
112746 56413 21:0 112747
112768 56426 21:0 112800
112803 56435 21:0 112806
112813 56437 21:0 112816
112823 56440 21:0 112845
112844 56444 21:0 112845
112846 69 1:0 112846
112857 71 1:0 112857
112862 56462 21:0 112865
112866 67 1:0 112866
112866 56462 1:0 114214
112877 56470 21:0 112878
112899 56483 21:0 112931
112934 56492 21:0 112937
112944 56494 21:0 112947
112954 56497 21:0 112976
112975 56501 21:0 112976
112977 51 1:0 112977
112981 56515 1:0 112981
112982 56515 21:0 112987
112988 53 1:0 112988
112992 56519 1:0 112992
112993 56519 21:0 112993
112997 49 1:0 112997
113003 56522 21:0 113003
113008 56527 21:0 113009
113030 56540 21:0 113062
113065 56549 21:0 113068
113075 56551 21:0 113078
113085 56554 21:0 113107
113106 56558 21:0 113107
113108 33 1:0 113108
113113 56572 21:0 113118
113119 35 1:0 113119
113124 56576 21:0 113124
113128 31 1:0 113128
113134 56579 21:0 113134
113139 56584 21:0 113140
113161 56597 21:0 113193
113196 56606 21:0 113199
113206 56608 21:0 113209
113216 56611 21:0 113238
113237 56615 21:0 113238
113239 15 1:0 113239
113243 56629 1:0 113243
113244 56629 21:0 113249
113250 17 1:0 113250
113255 56633 21:0 113255
113259 13 1:0 113259
113265 56636 21:0 113289
113288 56641 21:0 113289
113290 56636 1:0 114200
113292 56654 21:0 113324
113327 56663 21:0 113330
113337 56665 21:0 113340
113347 56668 21:0 113377
113376 56672 21:0 113377
113376 103730 21:0 113377
113377 103731 21:0 113388
113387 19 21:0 113388
113387 54468 21:0 113388
113387 3 21:0 113388
113388 103732 21:0 113421
113420 56686 21:0 113421
113420 103741 21:0 113421
113420 9 21:0 113421
113420 5 21:0 113421
113420 7 21:0 113421
113428 103750 21:0 113429
113429 103751 21:0 113432
113431 103738 21:0 113432
113431 103736 21:0 113432
113431 21 21:0 113432
113432 13 21:0 113432
113434 103753 21:0 113442
113437 17 21:0 113437
113437 103752 21:0 113437
113441 103754 21:0 113492
113442 15 21:0 113442
113444 103745 21:0 113444
113464 103765 21:0 113464
113491 103755 21:0 113508
113492 103769 21:0 113492
113492 103771 21:0 113492
113497 103773 21:0 113497
113507 103756 21:0 113518
113508 31 21:0 113508
113513 35 21:0 113513
113517 103786 21:0 113568
113518 33 21:0 113518
113540 103798 21:0 113540
113567 103787 21:0 113584
113575 103791 21:0 113575
113583 103788 21:0 113594
113584 49 21:0 113584
113593 103819 21:0 113644
113596 103811 21:0 113596
113616 103831 21:0 113616
113643 103820 21:0 113660
113659 103789 21:0 113670
113665 103851 21:0 113665
113669 103821 21:0 113720
113672 103844 21:0 113672
113681 103863 21:0 113681
113719 103822 21:0 113736
113720 103868 21:0 113720
113735 103853 21:0 113746
113741 103884 21:0 113741
113745 103855 21:0 113796
113748 103877 21:0 113748
113768 103897 21:0 113768
113795 103885 21:0 113812
113796 103901 21:0 113796
113811 103852 21:0 113822
113821 103854 21:0 113863
113844 103930 21:0 113844
113862 103886 21:0 113888
113872 103937 21:0 113872
113887 103887 21:0 113898
113893 103950 21:0 113893
113897 103888 21:0 113920
113909 103962 21:0 113909
113919 103919 21:0 113964
113920 103963 21:0 113920
113948 103969 21:0 113948
113948 103970 21:0 113948
113948 103967 21:0 113948
113953 103971 21:0 113953
113955 103956 21:0 113955
113961 103982 21:0 113961
113963 103953 21:0 113974
113969 103983 21:0 113969
113973 103954 21:0 113992
113976 103976 21:0 113976
113985 103995 21:0 113985
113991 103952 21:0 114040
113996 103996 21:0 113996
114024 104002 21:0 114024
114024 104003 21:0 114024
114024 104000 21:0 114024
114029 104004 21:0 114029
114031 103989 21:0 114031
114037 104015 21:0 114037
114039 103918 21:0 114047
114045 104016 21:0 114045
114046 104017 21:0 114068
114052 104009 21:0 114052
114061 104028 21:0 114061
114067 103921 21:0 114116
114072 104029 21:0 114072
114100 104036 21:0 114100
114100 104033 21:0 114100
114100 104035 21:0 114100
114105 104037 21:0 114105
114107 104022 21:0 114107
114113 104048 21:0 114113
114115 103987 21:0 114121
114120 103986 21:0 114140
114121 104049 21:0 114121
114128 104042 21:0 114128
114137 104061 21:0 114137
114139 103984 21:0 114192
114148 104062 21:0 114148
114176 104069 21:0 114176
114176 104066 21:0 114176
114176 104068 21:0 114176
114181 104070 21:0 114181
114183 104055 21:0 114183
114189 104081 21:0 114189
114191 104018 21:0 114197
114196 103985 21:0 114216
114197 104082 21:0 114197
114204 104075 21:0 114204
114213 104094 21:0 114213
114215 102559 1:0 114250
114215 103920 21:0 114268
114224 104095 21:0 114224
114251 102631 1:0 114266
114252 104099 21:0 114252
114252 104102 21:0 114252
114252 104101 21:0 114252
114256 221 1:0 114266
114256 227 1:0 114266
114257 104103 21:0 114257
114259 104088 21:0 114259
114263 219 1:0 114263
114265 104114 21:0 114265
114267 56629 1:0 114271
114267 102295 1:0 114271
114267 102281 1:0 114271
114267 103951 21:0 114273
114272 225 1:0 114276
114272 102427 1:0 114276
114272 321 1:0 114276
114272 56515 1:0 114276
114272 104019 21:0 114292
114277 102671 1:0 114290
114277 102506 1:0 114290
114277 56237 1:0 114290
114278 235 1:0 114278
114279 223 1:0 114290
114280 104108 21:0 114280
114289 104127 21:0 114289
114291 102532 1:0 114326
114291 104020 21:0 114344
114300 104128 21:0 114300
114327 55721 1:0 114342
114328 104135 21:0 114328
114328 104134 21:0 114328
114328 104132 21:0 114328
114332 239 1:0 114342
114332 245 1:0 114342
114333 104136 21:0 114333
114335 104121 21:0 114335
114339 237 1:0 114339
114341 104147 21:0 114341
114343 102609 1:0 114347
114343 55781 1:0 114347
114343 102585 1:0 114347
114343 104086 21:0 114349
114348 56405 1:0 114352
114348 243 1:0 114352
114348 102576 1:0 114352
114348 102459 1:0 114352
114348 104050 21:0 114368
114349 104148 21:0 114349
114351 104151 21:0 114351
114353 55724 1:0 114366
114353 56066 1:0 114366
114353 56006 1:0 114366
114354 253 1:0 114354
114355 241 1:0 114366
114356 104141 21:0 114356
114365 104160 21:0 114365
114367 55888 1:0 114402
114367 104116 21:0 114420
114376 104161 21:0 114376
114403 102499 1:0 114418
114404 104165 21:0 114404
114404 104167 21:0 114404
114404 104168 21:0 114404
114408 257 1:0 114409
114408 263 1:0 114409
114409 104169 21:0 114409
114409 255 1:0 114409
114410 259 1:0 114418
114411 104154 21:0 114411
114417 104180 21:0 114417
114419 56002 1:0 114423
114419 102182 1:0 114423
114419 56572 1:0 114423
114419 104051 21:0 114425
114424 102675 1:0 114428
114424 102613 1:0 114428
114424 55892 1:0 114428
114424 104085 21:0 114444
114425 104181 21:0 114425
114429 102512 1:0 114442
114429 56123 1:0 114442
114429 102414 1:0 114442
114430 104185 21:0 114430
114430 271 1:0 114430
114431 261 1:0 114442
114432 104174 21:0 114432
114441 104193 21:0 114441
114443 102670 1:0 114478
114443 104119 21:0 114496
114452 104194 21:0 114452
114479 102678 1:0 114494
114480 104198 21:0 114480
114480 104200 21:0 114480
114480 104201 21:0 114480
114484 275 1:0 114494
114484 281 1:0 114494
114485 104202 21:0 114485
114487 104187 21:0 114487
114491 273 1:0 114491
114493 104213 21:0 114493
114495 102539 1:0 114499
114495 102638 1:0 114499
114495 285 1:0 114499
114495 104118 21:0 114501
114500 102453 1:0 114504
114500 55895 1:0 114504
114500 102679 1:0 114504
114500 277 1:0 114504
114500 104084 21:0 114520
114501 104214 21:0 114501
114503 104216 21:0 114503
114505 56287 1:0 114518
114505 102552 1:0 114518
114505 52326 1:0 114518
114506 289 1:0 114506
114507 279 1:0 114518
114508 104207 21:0 114508
114517 104226 21:0 114517
114519 104053 21:0 114572
114519 52325 1:0 114554
114528 104227 21:0 114528
114555 52328 1:0 114570
114556 104231 21:0 114556
114556 104234 21:0 114556
114560 299 1:0 114570
114560 293 1:0 114570
114561 104235 21:0 114561
114563 104220 21:0 114563
114567 291 1:0 114567
114569 104246 21:0 114569
114571 104149 21:0 114577
114571 52327 1:0 114575
114571 52324 1:0 114575
114571 52329 1:0 114575
114576 297 1:0 114580
114576 104182 21:0 114584
114576 52179 1:0 114580
114576 52182 1:0 114580
114576 52180 1:0 114580
114577 104247 21:0 114577
114581 52181 1:0 114594
114581 52177 1:0 114594
114581 52178 1:0 114594
114582 104251 21:0 114582
114582 307 1:0 114582
114583 295 1:0 114594
114583 104183 21:0 114648
114584 104240 21:0 114584
114593 104259 21:0 114593
114595 52031 1:0 114630
114604 104260 21:0 114604
114631 52035 1:0 114646
114632 104267 21:0 114632
114632 104266 21:0 114632
114632 104264 21:0 114632
114636 317 1:0 114646
114636 311 1:0 114646
114637 104268 21:0 114637
114639 104253 21:0 114639
114643 309 1:0 114643
114645 104279 21:0 114645
114647 104117 21:0 114653
114647 52033 1:0 114651
114647 52034 1:0 114651
114647 52032 1:0 114651
114650 104281 21:0 114650
114652 313 1:0 114656
114652 104083 21:0 114658
114652 51888 1:0 114656
114652 51886 1:0 114656
114652 52030 1:0 114656
114653 104280 21:0 114653
114655 104282 21:0 114655
114655 104283 21:0 114655
114657 104215 21:0 114724
114657 51885 1:0 114670
114657 51884 1:0 114670
114657 51883 1:0 114670
114658 104284 21:0 114658
114658 325 1:0 114658
114659 315 1:0 114670
114660 104273 21:0 114660
114669 104292 21:0 114669
114671 51887 1:0 114706
114680 104293 21:0 114680
114706 327 1:0 114706
114707 102695 1:0 114727
114715 104286 21:0 114715
114723 104250 21:0 114729
114726 104314 21:0 114726
114728 104249 21:0 114734
114728 102694 1:0 114738
114731 104315 21:0 114731
114731 104316 21:0 114731
114733 104152 21:0 114743
114733 394 1:0 114736
114733 51738 1:0 114738
114734 104317 21:0 114734
114739 102693 1:0 114745
114742 104184 21:0 114751
114742 51737 1:0 114749
114742 51739 1:0 114749
114750 104218 21:0 114754
114750 102692 1:0 114756
114753 55699 1:0 114758
114753 55685 1:0 114758
114753 104150 21:0 114763
114753 51741 1:0 114758
114758 55672 1:0 114758
114758 102689 1:0 114758
114759 102662 1:0 114786
114762 104248 21:0 114823
114762 51740 1:0 114786
114762 51736 1:0 114786
114767 102690 1:0 114767
114784 102680 1:0 114786
114786 102669 1:0 114786
114786 55703 1:0 114786
114787 102660 1:0 114869
114796 102677 1:0 114796
114822 104052 21:0 114871
114854 102664 1:0 114854
114870 104217 21:0 114874
114870 102661 1:0 114877
114873 102327 1:0 114880
114873 103740 21:0 114882
114873 395 1:0 114880
114881 102658 1:0 114881
114881 103739 21:0 114882
114881 103725 21:0 114882
114881 103817 21:0 114885
114881 102659 1:0 114887
114884 103778 21:0 114885
114884 103943 21:0 114885
114884 55756 1:0 114889
114884 55751 1:0 114889
114884 55753 1:0 114889
114884 55742 1:0 114889
114884 102381 1:0 114889
114884 103839 21:0 114891
114888 55729 1:0 114889
114889 102656 1:0 114889
114890 103871 21:0 114891
114890 103824 21:0 114891
114890 103923 21:0 114894
114890 102629 1:0 114917
114893 103804 21:0 114894
114893 103772 21:0 114894
114893 102348 1:0 114917
114893 102208 1:0 114917
114893 103797 21:0 114919
114898 102657 1:0 114898
114903 102651 1:0 114903
114915 102647 1:0 114917
114917 55760 1:0 114917
114917 102636 1:0 114917
114918 102646 1:0 114918
114918 103936 21:0 114954
114918 102627 1:0 115000
114927 102644 1:0 114927
114927 102645 1:0 114927
114953 103818 21:0 114973
114972 103890 21:0 114976
114975 103917 21:0 115002
114980 102637 1:0 114980
115001 103929 21:0 115002
115001 103835 21:0 115002
115001 103949 21:0 115005
115001 102628 1:0 115008
115004 103850 21:0 115005
115004 103802 21:0 115005
115004 102374 1:0 115011
115004 102321 1:0 115011
115004 103830 21:0 115013
115012 102625 1:0 115012
115012 103905 21:0 115013
115012 103805 21:0 115013
115012 103896 21:0 115016
115012 102626 1:0 115018
115015 103916 21:0 115016
115015 103904 21:0 115016
115015 55799 1:0 115020
115015 102176 1:0 115020
115015 55808 1:0 115020
115015 55810 1:0 115020
115015 55813 1:0 115020
115015 103938 21:0 115022
115020 102623 1:0 115020
115020 55786 1:0 115020
115021 103764 21:0 115022
115021 103883 21:0 115022
115021 103785 21:0 115025
115021 102596 1:0 115048
115024 103870 21:0 115025
115024 103934 21:0 115025
115024 102382 1:0 115048
115024 102380 1:0 115048
115024 103857 21:0 115050
115029 102624 1:0 115029
115034 102618 1:0 115034
115046 102614 1:0 115048
115048 102603 1:0 115048
115048 55817 1:0 115048
115049 103864 21:0 115085
115049 102594 1:0 115131
115058 102612 1:0 115058
115058 102611 1:0 115058
115084 102605 1:0 115084
115084 103838 21:0 115104
115103 103758 21:0 115107
115106 103784 21:0 115133
115111 102604 1:0 115111
115116 102598 1:0 115116
115132 103910 21:0 115133
115132 103837 21:0 115133
115132 103806 21:0 115136
115132 102595 1:0 115139
115135 394 21:0 115136
115135 103872 21:0 115136
115135 102307 1:0 115142
115135 102180 1:0 115142
115135 305 21:0 115144
115143 102592 1:0 115143
115143 104115 21:0 115144
115143 103903 21:0 115144
115143 104300 21:0 115147
115143 102593 1:0 115149
115146 104233 21:0 115147
115146 113 21:0 115147
115146 104071 21:0 115147
115146 104302 21:0 115147
115146 137 21:0 115147
115146 103807 21:0 115147
115146 103906 21:0 115147
115146 103972 21:0 115147
115146 104104 21:0 115147
115146 104005 21:0 115147
115146 55808 21:0 115147
115146 103774 21:0 115147
115146 104203 21:0 115147
115146 103840 21:0 115147
115146 104038 21:0 115147
115146 313 21:0 115147
115146 297 21:0 115147
115146 315 21:0 115147
115146 295 21:0 115147
115146 55696 21:0 115147
115146 43 21:0 115147
115146 104137 21:0 115147
115146 59 21:0 115150
115146 55867 1:0 115151
115146 55865 1:0 115151
115146 55870 1:0 115151
115146 102213 1:0 115151
115146 55856 1:0 115151
115149 101 21:0 115153
115151 102590 1:0 115151
115151 55843 1:0 115151
115152 103895 21:0 115153
115152 104311 21:0 115153
115152 104291 21:0 115153
115152 73 21:0 115153
115152 75 21:0 115153
115152 91 21:0 115153
115152 93 21:0 115153
115152 104258 21:0 115153
115152 103961 21:0 115153
115152 109 21:0 115153
115152 111 21:0 115153
115152 103829 21:0 115153
115152 103948 21:0 115153
115152 104113 21:0 115153
115152 103994 21:0 115153
115152 103816 21:0 115153
115152 104027 21:0 115153
115152 104179 21:0 115153
115152 127 21:0 115153
115152 55786 21:0 115153
115152 279 21:0 115153
115152 135 21:0 115153
115152 55729 21:0 115153
115152 309 21:0 115153
115152 55817 21:0 115153
115152 55760 21:0 115153
115152 291 21:0 115153
115152 307 21:0 115153
115152 289 21:0 115153
115152 57 21:0 115153
115152 55703 21:0 115153
115152 325 21:0 115153
115152 327 21:0 115153
115152 55672 21:0 115153
115152 37 21:0 115153
115152 39 21:0 115153
115152 407 21:0 115153
115152 55 21:0 115153
115152 104192 21:0 115153
115152 104047 21:0 115153
115152 235 21:0 115153
115152 237 21:0 115153
115152 103882 21:0 115153
115152 104126 21:0 115153
115152 103796 21:0 115153
115152 253 21:0 115153
115152 255 21:0 115153
115152 271 21:0 115153
115152 104014 21:0 115153
115152 103928 21:0 115153
115152 103849 21:0 115153
115152 104269 21:0 115153
115152 103873 21:0 115153
115152 104236 21:0 115153
115152 104225 21:0 115153
115152 104212 21:0 115153
115152 104278 21:0 115153
115152 104170 21:0 115153
115152 103939 21:0 115153
115152 55742 21:0 115153
115152 55685 21:0 115153
115152 103763 21:0 115153
115152 129 21:0 115153
115152 103862 21:0 115153
115152 145 21:0 115153
115152 147 21:0 115153
115152 104093 21:0 115153
115152 104245 21:0 115153
115152 163 21:0 115153
115152 165 21:0 115153
115152 103783 21:0 115153
115152 181 21:0 115153
115152 183 21:0 115153
115152 104080 21:0 115153
115152 104159 21:0 115153
115152 199 21:0 115153
115152 201 21:0 115153
115152 103915 21:0 115153
115152 103981 21:0 115153
115152 217 21:0 115153
115152 219 21:0 115153
115152 104060 21:0 115153
115152 104146 21:0 115153
115152 102563 1:0 115179
115155 102393 1:0 115179
115155 102349 1:0 115179
115160 102591 1:0 115160
115162 273 21:0 115163
115165 55843 21:0 115166
115175 407 1:0 115176
115177 102581 1:0 115179
115178 271 1:0 115179
115179 55874 1:0 115179
115179 102570 1:0 115179
115180 102580 1:0 115180
115180 102561 1:0 115262
115189 102579 1:0 115189
115189 102578 1:0 115189
115206 407 21:0 115216
115219 261 21:0 115225
115224 55865 21:0 115225
115244 271 21:0 115245
115247 102565 1:0 115247
115247 55874 21:0 115248
115263 102562 1:0 115270
115266 102315 1:0 115273
115266 102341 1:0 115273
115274 102560 1:0 115280
115277 55924 1:0 115282
115277 55913 1:0 115282
115277 55742 1:0 115282
115277 55927 1:0 115282
115277 55922 1:0 115282
115277 102242 1:0 115282
115281 55900 1:0 115282
115281 255 1:0 115282
115282 102557 1:0 115282
115283 102530 1:0 115310
115286 102308 1:0 115310
115286 102314 1:0 115310
115291 102558 1:0 115291
115293 255 21:0 115294
115296 55900 21:0 115297
115306 407 1:0 115307
115308 102548 1:0 115310
115310 253 1:0 115310
115310 102537 1:0 115310
115310 55931 1:0 115310
115311 102547 1:0 115311
115311 102529 1:0 115393
115320 102543 1:0 115320
115320 102546 1:0 115320
115320 102545 1:0 115320
115337 407 21:0 115347
115350 243 21:0 115356
115373 102538 1:0 115373
115375 253 21:0 115376
115378 55931 21:0 115379
115394 102528 1:0 115400
115397 102360 1:0 115404
115397 102294 1:0 115404
115405 102526 1:0 115405
115405 102527 1:0 115411
115408 102316 1:0 115413
115408 55984 1:0 115413
115408 55979 1:0 115413
115408 55685 1:0 115413
115408 55981 1:0 115413
115408 55970 1:0 115413
115412 237 1:0 115413
115413 55957 1:0 115413
115413 102524 1:0 115413
115414 102497 1:0 115441
115417 102345 1:0 115441
115417 102196 1:0 115441
115422 102525 1:0 115422
115424 237 21:0 115425
115427 102519 1:0 115427
115427 55957 21:0 115428
115437 407 1:0 115438
115439 102515 1:0 115441
115441 235 1:0 115441
115441 55988 1:0 115441
115441 102504 1:0 115441
115442 102514 1:0 115442
115442 102495 1:0 115524
115451 102510 1:0 115451
115451 102513 1:0 115451
115468 407 21:0 115478
115484 55979 21:0 115487
115486 225 21:0 115487
115494 55981 21:0 115497
115496 223 21:0 115497
115504 102505 1:0 115504
115506 235 21:0 115507
115509 55988 21:0 115510
115525 102496 1:0 115532
115528 102312 1:0 115535
115528 102394 1:0 115535
115536 102493 1:0 115536
115536 102494 1:0 115542
115539 56036 1:0 115544
115539 56041 1:0 115544
115539 56038 1:0 115544
115539 101 1:0 115544
115539 102328 1:0 115544
115539 56027 1:0 115544
115543 219 1:0 115544
115544 102491 1:0 115544
115544 56014 1:0 115544
115545 102464 1:0 115572
115548 102354 1:0 115572
115548 102189 1:0 115572
115553 102492 1:0 115553
115555 219 21:0 115556
115558 56014 21:0 115559
115568 407 1:0 115569
115570 102482 1:0 115572
115571 217 1:0 115572
115572 102471 1:0 115572
115572 56045 1:0 115572
115573 102481 1:0 115573
115573 102463 1:0 115655
115582 102479 1:0 115582
115582 102480 1:0 115582
115582 102477 1:0 115582
115599 407 21:0 115609
115608 102473 1:0 115608
115615 56036 21:0 115618
115635 102472 1:0 115635
115637 217 21:0 115638
115640 56045 21:0 115641
115656 102462 1:0 115662
115659 102373 1:0 115666
115659 102175 1:0 115666
115667 102460 1:0 115667
115667 102461 1:0 115673
115670 407 1:0 115672
115670 59 1:0 115672
115670 56093 1:0 115672
115670 102283 1:0 115675
115670 56098 1:0 115675
115670 56084 1:0 115675
115673 102449 1:0 115675
115674 201 1:0 115675
115675 102458 1:0 115675
115675 56071 1:0 115675
115676 102431 1:0 115703
115679 102378 1:0 115703
115679 102301 1:0 115703
115686 201 21:0 115687
115689 56071 21:0 115690
115697 56095 1:0 115703
115703 56102 1:0 115703
115703 102438 1:0 115703
115703 199 1:0 115703
115704 102448 1:0 115704
115704 102429 1:0 115786
115713 102444 1:0 115713
115730 407 21:0 115740
115739 102440 1:0 115739
115746 56093 21:0 115749
115748 189 21:0 115749
115756 56095 21:0 115759
115758 187 21:0 115759
115768 199 21:0 115769
115771 102433 1:0 115771
115771 56102 21:0 115772
115787 102430 1:0 115794
115790 102340 1:0 115797
115790 102246 1:0 115797
115798 102428 1:0 115804
115801 137 1:0 115806
115801 56155 1:0 115806
115801 56150 1:0 115806
115801 102361 1:0 115806
115801 56152 1:0 115806
115801 56141 1:0 115806
115805 183 1:0 115806
115806 102425 1:0 115806
115806 56128 1:0 115806
115807 102398 1:0 115834
115810 102347 1:0 115834
115810 102279 1:0 115834
115815 102426 1:0 115815
115817 183 21:0 115818
115820 102420 1:0 115820
115820 56128 21:0 115821
115830 407 1:0 115831
115832 102416 1:0 115834
115833 181 1:0 115834
115834 56159 1:0 115834
115834 102405 1:0 115834
115835 102415 1:0 115835
115835 102397 1:0 115917
115844 102413 1:0 115844
115844 102411 1:0 115844
115861 407 21:0 115871
115870 102407 1:0 115870
115874 171 21:0 115880
115887 56152 21:0 115890
115897 102406 1:0 115897
115899 181 21:0 115900
115902 102400 1:0 115902
115902 56159 21:0 115903
115918 102396 1:0 115924
115921 102261 1:0 115928
115921 102248 1:0 115928
115929 102395 1:0 115935
115932 113 1:0 115937
115932 56209 1:0 115937
115932 56207 1:0 115937
115932 56212 1:0 115937
115932 56198 1:0 115937
115932 102229 1:0 115937
115936 56185 1:0 115937
115936 165 1:0 115937
115937 102392 1:0 115937
115938 102365 1:0 115965
115941 102235 1:0 115965
115941 102275 1:0 115965
115948 165 21:0 115949
115951 102387 1:0 115951
115951 56185 21:0 115952
115961 407 1:0 115962
115963 102383 1:0 115965
115964 163 1:0 115965
115965 102372 1:0 115965
115965 56216 1:0 115965
115966 102364 1:0 116048
115970 155 21:0 116005
116004 56198 21:0 116011
116010 153 21:0 116011
116010 56207 21:0 116014
116013 407 21:0 116014
116014 151 21:0 116021
116020 56209 21:0 116021
116030 163 21:0 116031
116033 102367 1:0 116033
116033 56216 21:0 116034
116049 102363 1:0 116055
116052 102183 1:0 116059
116052 102216 1:0 116059
116060 102362 1:0 116066
116063 56264 1:0 116068
116063 56323 1:0 116068
116063 56255 1:0 116068
116063 279 1:0 116068
116063 56266 1:0 116068
116063 135 1:0 116068
116063 7 1:0 116068
116063 56269 1:0 116068
116063 102217 1:0 116068
116067 147 1:0 116068
116068 102359 1:0 116068
116068 56242 1:0 116068
116069 102332 1:0 116096
116072 102282 1:0 116096
116072 102262 1:0 116096
116079 147 21:0 116080
116082 56242 21:0 116083
116092 407 1:0 116093
116094 102350 1:0 116096
116096 56273 1:0 116096
116096 102339 1:0 116096
116096 145 1:0 116096
116097 102330 1:0 116179
116123 407 21:0 116133
116136 135 21:0 116142
116141 56264 21:0 116142
116149 56266 21:0 116152
116151 133 21:0 116152
116161 145 21:0 116162
116164 102334 1:0 116164
116164 56273 21:0 116165
116180 102331 1:0 116187
116183 102255 1:0 116190
116183 102274 1:0 116190
116191 102329 1:0 116197
116194 56437 1:0 116199
116194 9 1:0 116199
116194 102268 1:0 116199
116194 56380 1:0 116199
116194 56321 1:0 116199
116194 187 1:0 116199
116194 56663 1:0 116199
116194 56326 1:0 116199
116194 56312 1:0 116199
116199 129 1:0 116199
116199 102326 1:0 116199
116199 56299 1:0 116199
116200 102299 1:0 116227
116203 102202 1:0 116227
116203 102215 1:0 116227
116210 129 21:0 116211
116213 56299 21:0 116214
116223 407 1:0 116224
116225 102317 1:0 116227
116226 127 1:0 116227
116227 102306 1:0 116227
116227 56330 1:0 116227
116228 102298 1:0 116310
116235 56312 21:0 116267
116266 119 21:0 116273
116272 117 21:0 116273
116272 56321 21:0 116276
116275 407 21:0 116276
116280 56323 21:0 116283
116282 115 21:0 116283
116286 113 21:0 116312
116311 56326 21:0 116312
116311 127 21:0 116312
116311 56330 21:0 116312
116311 102297 1:0 116317
116314 102249 1:0 116321
116314 102228 1:0 116321
116322 102296 1:0 116328
116325 56378 1:0 116330
116325 56494 1:0 116330
116325 56369 1:0 116330
116325 56383 1:0 116330
116325 56549 1:0 116330
116325 56435 1:0 116330
116325 56606 1:0 116330
116325 102288 1:0 116330
116325 56608 1:0 116330
116330 56356 1:0 116330
116330 111 1:0 116330
116330 102293 1:0 116330
116331 102266 1:0 116358
116334 102222 1:0 116358
116334 102209 1:0 116358
116341 111 21:0 116342
116344 56356 21:0 116345
116354 407 1:0 116355
116356 102284 1:0 116358
116357 109 1:0 116358
116358 56387 1:0 116358
116358 102273 1:0 116358
116359 102264 1:0 116441
116366 56369 21:0 116398
116397 101 21:0 116404
116403 56378 21:0 116404
116403 99 21:0 116407
116406 407 21:0 116407
116411 56380 21:0 116414
116413 97 21:0 116414
116421 56383 21:0 116443
116442 56387 21:0 116443
116442 109 21:0 116443
116442 95 21:0 116443
116442 102265 1:0 116449
116445 102184 1:0 116452
116445 102241 1:0 116452
116453 102263 1:0 116459
116456 56497 1:0 116461
116456 43 1:0 116461
116456 55696 1:0 116461
116456 102169 1:0 116461
116456 56440 1:0 116461
116456 56426 1:0 116461
116460 93 1:0 116461
116461 56413 1:0 116461
116461 102260 1:0 116461
116462 102233 1:0 116489
116465 102195 1:0 116489
116465 102250 1:0 116489
116472 93 21:0 116473
116475 56413 21:0 116476
116485 407 1:0 116486
116487 102251 1:0 116489
116488 91 1:0 116489
116489 56444 1:0 116489
116489 102240 1:0 116489
116490 102232 1:0 116572
116497 56426 21:0 116529
116528 83 21:0 116535
116534 81 21:0 116535
116534 56435 21:0 116538
116537 407 21:0 116538
116538 79 21:0 116545
116544 56437 21:0 116545
116552 56440 21:0 116574
116573 56444 21:0 116574
116573 91 21:0 116574
116573 77 21:0 116574
116573 102231 1:0 116579
116576 102142 1:0 116583
116576 102163 1:0 116583
116584 102230 1:0 116590
116587 56554 1:0 116592
116587 102162 1:0 116592
116587 295 1:0 116592
116587 56492 1:0 116592
116587 56483 1:0 116592
116587 56540 1:0 116592
116591 75 1:0 116592
116592 56470 1:0 116592
116592 102227 1:0 116592
116593 102200 1:0 116620
116596 102156 1:0 116620
116596 102130 1:0 116620
116603 75 21:0 116604
116606 56470 21:0 116607
116616 407 1:0 116617
116618 102218 1:0 116620
116619 73 1:0 116620
116620 102207 1:0 116620
116620 56501 1:0 116620
116621 102199 1:0 116703
116625 65 21:0 116660
116659 56483 21:0 116666
116665 63 21:0 116666
116665 56492 21:0 116669
116668 407 21:0 116669
116669 61 21:0 116676
116675 56494 21:0 116676
116683 56497 21:0 116705
116704 56501 21:0 116705
116704 73 21:0 116705
116704 59 21:0 116705
116704 102198 1:0 116710
116707 102147 1:0 116714
116707 102149 1:0 116714
116712 407 1:0 116714
116715 102197 1:0 116721
116718 56597 1:0 116723
116718 56654 1:0 116723
116718 56611 1:0 116723
116718 102136 1:0 116723
116718 51730 1:0 116723
116718 51733 1:0 116723
116721 56519 1:0 116721
116721 102185 1:0 116723
116722 57 1:0 116723
116723 102194 1:0 116723
116723 56527 1:0 116723
116724 102167 1:0 116751
116726 49 1:0 116726
116727 102150 1:0 116751
116727 102143 1:0 116751
116731 56522 1:0 116731
116734 57 21:0 116735
116737 56527 21:0 116738
116745 56551 1:0 116751
116750 55 1:0 116751
116751 56558 1:0 116751
116751 102174 1:0 116751
116752 102165 1:0 116834
116759 56540 21:0 116791
116790 47 21:0 116797
116796 56549 21:0 116797
116796 45 21:0 116800
116799 407 21:0 116800
116800 43 21:0 116807
116806 56551 21:0 116807
116810 41 21:0 116836
116835 56558 21:0 116836
116835 56554 21:0 116836
116835 55 21:0 116836
116835 102166 1:0 116842
116837 33 1:0 116837
116838 102123 1:0 116845
116838 102151 1:0 116845
116846 102164 1:0 116852
116848 35 1:0 116848
116849 5 1:0 116854
116849 102118 1:0 116854
116849 56668 1:0 116854
116849 56665 1:0 116854
116849 51735 1:0 116854
116849 51732 1:0 116854
116852 56576 1:0 116852
116853 39 1:0 116854
116854 102161 1:0 116854
116854 56584 1:0 116854
116855 102134 1:0 116882
116857 31 1:0 116857
116858 102103 1:0 116882
116858 102117 1:0 116882
116862 56579 1:0 116862
116865 39 21:0 116866
116868 56584 21:0 116869
116878 407 1:0 116879
116880 102152 1:0 116882
116881 37 1:0 116882
116882 56615 1:0 116882
116882 102141 1:0 116882
116883 102132 1:0 116965
116890 56597 21:0 116922
116921 29 21:0 116928
116927 27 21:0 116928
116927 56606 21:0 116931
116930 407 21:0 116931
116931 25 21:0 116938
116937 56608 21:0 116938
116945 56611 21:0 116967
116966 23 21:0 116967
116966 56615 21:0 116967
116966 37 21:0 116967
116966 102133 1:0 116973
116968 15 1:0 116968
116969 102114 1:0 116976
116969 102116 1:0 116976
116977 102131 1:0 116983
116979 17 1:0 116979
116980 56686 1:0 116985
116980 102129 1:0 116985
116980 51734 1:0 116985
116980 51728 1:0 116985
116980 51729 1:0 116985
116983 56633 1:0 116983
116984 21 1:0 116985
116984 56641 1:0 116985
116985 102128 1:0 116985
116986 104217 1:0 117013
116988 13 1:0 116988
116989 102110 1:0 117013
116989 102109 1:0 117013
116996 21 21:0 116997
116999 56641 21:0 117000
117007 407 1:0 117008
117009 54468 1:0 117010
117011 102119 1:0 117013
117013 56672 1:0 117013
117013 102108 1:0 117013
117013 19 1:0 117013
117014 104052 1:0 117098
117021 56654 21:0 117053
117052 11 21:0 117059
117058 9 21:0 117059
117058 56663 21:0 117062
117061 407 21:0 117062
117062 7 21:0 117069
117068 56665 21:0 117069
117078 19 21:0 117079
117081 56672 21:0 117082
117092 51731 1:0 117098
117096 54468 21:0 117100
117099 104317 1:0 117099
117099 56668 21:0 117100
117099 5 21:0 117100
117099 56686 21:0 117100
117099 104248 1:0 117109
117102 104300 1:0 117109
117102 104233 1:0 117109
117106 104315 1:0 117106
117107 104316 1:0 117107
117110 104150 1:0 117118
117113 104115 1:0 117118
117113 315 1:0 117118
117113 313 1:0 117118
117113 51875 1:0 117118
117113 51881 1:0 117118
117113 51882 1:0 117118
117117 104314 1:0 117117
117117 55672 1:0 117118
117117 327 1:0 117118
117118 104311 1:0 117118
117119 104218 1:0 117146
117122 305 1:0 117146
117122 103903 1:0 117146
117129 327 21:0 117130
117132 55672 21:0 117133
117137 395 21:0 117151
117142 407 1:0 117143
117144 104302 1:0 117146
117146 325 1:0 117146
117146 55703 1:0 117146
117146 104291 1:0 117146
117147 104184 1:0 117319
117173 407 21:0 117183
117182 104293 1:0 117182
117209 104292 1:0 117209
117211 325 21:0 117212
117214 104286 1:0 117214
117214 55703 21:0 117215
117227 327 1:0 117227
117227 325 1:0 117227
117229 325 21:0 117230
117229 327 21:0 117230
117229 297 1:0 117263
117246 51731 21:0 117271
117264 51880 1:0 117273
117270 51732 21:0 117278
117273 325 1:0 117273
117274 51876 1:0 117319
117279 51736 21:0 117321
117299 55703 1:0 117299
117299 327 1:0 117307
117299 55672 1:0 117309
117299 51742 1:0 117299
117299 51743 1:0 117300
117299 51744 1:0 117309
117299 51745 1:0 117310
117320 104284 1:0 117320
117320 51741 21:0 117321
117320 51740 21:0 117321
117320 51739 21:0 117324
117320 104152 1:0 117330
117322 52473 1:0 117330
117322 52476 1:0 117330
117323 51737 21:0 117324
117323 51738 21:0 117324
117323 51734 21:0 117329
117327 104282 1:0 117327
117328 104283 1:0 117328
117328 51729 21:0 117332
117330 104249 1:0 117339
117331 104280 1:0 117331
117331 51745 21:0 117332
117331 321 21:0 117332
117331 51735 21:0 117332
117331 51728 21:0 117332
117331 51742 21:0 117332
117331 51743 21:0 117332
117331 323 21:0 117332
117331 51744 21:0 117332
117331 51733 21:0 117332
117331 51730 21:0 117332
117331 319 21:0 117335
117333 52474 1:0 117339
117333 52023 1:0 117339
117333 51877 1:0 117339
117333 52028 1:0 117339
117333 51878 1:0 117339
117333 52022 1:0 117339
117334 317 21:0 117335
117334 325 21:0 117335
117334 327 21:0 117335
117334 313 21:0 117335
117334 311 21:0 117335
117334 315 21:0 117335
117336 309 1:0 117339
117336 55729 1:0 117339
117336 104278 1:0 117339
117336 407 1:0 117364
117336 104269 1:0 117367
117336 307 1:0 117367
117336 104258 1:0 117367
117336 55760 1:0 117367
117336 55808 1:0 117494
117336 55865 1:0 117560
117336 261 1:0 117560
117336 55786 1:0 117560
117336 104245 1:0 117560
117336 291 1:0 117560
117336 104225 1:0 117588
117336 55817 1:0 117588
117336 289 1:0 117588
117336 104236 1:0 117588
117336 55843 1:0 117781
117336 104212 1:0 117781
117336 273 1:0 117781
117336 104203 1:0 117809
117336 55874 1:0 117809
117336 104192 1:0 117809
117336 271 1:0 117809
117336 104179 1:0 118002
117336 55900 1:0 118002
117336 255 1:0 118002
117336 104159 1:0 118030
117336 104170 1:0 118030
117336 55931 1:0 118030
117336 253 1:0 118030
117336 104146 1:0 118223
117336 55957 1:0 118223
117336 237 1:0 118223
117336 104126 1:0 118251
117336 235 1:0 118251
117336 55988 1:0 118251
117336 219 1:0 118444
117336 104113 1:0 118444
117336 56014 1:0 118444
117336 217 1:0 118472
117336 56045 1:0 118472
117336 325 1:0 1591
117336 311 1:0 1592
117336 313 1:0 1596
117336 315 1:0 1600
117336 317 1:0 1630
117336 327 1:0 1643
117336 51879 1:0 117470
117336 51889 1:0 117494
117336 51890 1:0 117521
117336 51891 1:0 117530
117336 51892 1:0 117531
117336 52029 1:0 117540
117336 52036 1:0 117741
117336 52037 1:0 117742
117336 52038 1:0 117751
117336 52039 1:0 117752
117336 52183 1:0 117962
117336 52184 1:0 117963
117336 52185 1:0 117972
117336 52186 1:0 117973
117336 52330 1:0 118157
117336 52331 1:0 118184
117336 52332 1:0 118193
117336 52333 1:0 118194
117336 52477 1:0 118378
117336 52478 1:0 118405
117336 52479 1:0 118414
117336 52480 1:0 118415
117336 52624 1:0 118599
117336 52625 1:0 118626
117338 104281 1:0 117338
117339 104250 1:0 117367
117339 319 1:0 1644
117339 323 1:0 1649
117339 52475 1:0 117367
117339 52471 1:0 117367
117345 321 1:0 1654
117348 104279 1:0 117348
117350 104215 1:0 117540
117353 104273 1:0 117353
117368 104268 1:0 117368
117377 104267 1:0 117377
117377 104266 1:0 117377
117377 104264 1:0 117377
117378 104083 1:0 117551
117403 104260 1:0 117403
117419 52623 1:0 117551
117419 52472 1:0 117551
117427 52169 1:0 117560
117430 104259 1:0 117430
117435 104253 1:0 117435
117448 104117 1:0 117560
117449 171 1:0 117560
117449 56036 1:0 117715
117449 104137 1:0 118251
117449 104104 1:0 118444
117449 52024 1:0 117560
117449 52027 1:0 117560
117449 52026 1:0 117560
117449 52175 1:0 117560
117449 52025 1:0 117682
117457 51876 21:0 117509
117498 52618 1:0 117560
117508 51879 21:0 117517
117508 104093 1:0 118472
117508 52170 1:0 117761
117508 52626 1:0 118635
117508 52627 1:0 118636
117520 51887 21:0 117542
117541 104251 1:0 117541
117541 51883 21:0 117542
117541 51884 21:0 117545
117544 51885 21:0 117545
117544 51888 21:0 117545
117544 51886 21:0 117550
117549 51875 21:0 117553
117550 104183 1:0 117588
117551 104182 1:0 117761
117551 52619 1:0 117588
117551 52622 1:0 117588
117551 52620 1:0 117772
117551 52621 1:0 117772
117552 104247 1:0 117552
117552 51882 21:0 117553
117552 51892 21:0 117553
117552 51889 21:0 117553
117552 51891 21:0 117553
117552 51877 21:0 117553
117552 51881 21:0 117553
117552 51880 21:0 117553
117552 51890 21:0 117553
117552 51878 21:0 117553
117560 104149 1:0 117772
117560 104053 1:0 117781
117566 56152 1:0 117781
117566 243 1:0 117781
117566 225 1:0 117781
117566 52176 1:0 117781
117566 52171 1:0 117781
117566 52174 1:0 117781
117566 52322 1:0 117781
117566 52172 1:0 117781
117566 53064 1:0 117781
117566 52173 1:0 117912
117566 52320 1:0 117982
117569 104246 1:0 117569
117574 104240 1:0 117574
117586 104084 1:0 117809
117587 52915 1:0 117809
117589 104235 1:0 117589
117598 104231 1:0 117598
117598 104234 1:0 117598
117599 104071 1:0 118665
117599 52917 1:0 117809
117624 104227 1:0 117624
117651 104226 1:0 117651
117653 104118 1:0 117982
117656 104220 1:0 117656
117659 201 1:0 118665
117659 56071 1:0 118665
117659 56102 1:0 118693
117659 199 1:0 118693
117660 104080 1:0 118665
117668 52317 1:0 117954
117668 52321 1:0 118002
117668 52316 1:0 118002
117668 52319 1:0 118002
117668 52771 1:0 118846
117668 52772 1:0 118847
117688 52025 21:0 117713
117712 52027 21:0 117720
117719 104119 1:0 117993
117721 52030 21:0 117763
117729 52912 1:0 117993
117739 52323 1:0 118002
117762 52033 21:0 117763
117762 52034 21:0 117763
117762 52032 21:0 117766
117765 52031 21:0 117766
117765 52024 21:0 117766
117765 52035 21:0 117766
117765 52026 21:0 117769
117768 52029 21:0 117774
117769 104216 1:0 117769
117771 55979 1:0 118157
117771 55981 1:0 118223
117771 56095 1:0 118223
117771 223 1:0 118223
117771 52916 1:0 117993
117771 52469 1:0 118002
117771 52913 1:0 118002
117771 52318 1:0 118123
117771 52464 1:0 118203
117771 52468 1:0 118223
117771 52466 1:0 118223
117771 52465 1:0 118223
117772 104085 1:0 118002
117772 104051 1:0 118030
117773 104214 1:0 117773
117773 52039 21:0 117774
117773 52038 21:0 117774
117773 52023 21:0 117774
117773 52036 21:0 117774
117773 52037 21:0 117774
117773 52028 21:0 117774
117773 52022 21:0 117774
117775 104060 1:0 118693
117781 104116 1:0 118203
117781 52914 1:0 118030
117781 53063 1:0 118030
117781 53059 1:0 118214
117787 104050 1:0 118214
117789 53062 1:0 118214
117790 104213 1:0 117790
117792 189 1:0 118378
117792 183 1:0 118886
117792 56128 1:0 118886
117792 104047 1:0 118886
117792 181 1:0 118914
117792 56159 1:0 118914
117792 104038 1:0 118914
117792 52470 1:0 118223
117792 52463 1:0 118223
117792 52467 1:0 118354
117792 52773 1:0 118856
117792 52774 1:0 118857
117795 104207 1:0 117795
117810 104202 1:0 117810
117819 104198 1:0 117819
117819 104200 1:0 117819
117819 104201 1:0 117819
117820 104086 1:0 118223
117845 104194 1:0 117845
117861 53061 1:0 118223
117861 52768 1:0 118251
117872 104193 1:0 117872
117877 104187 1:0 117877
117890 104020 1:0 118251
117891 53060 1:0 118251
117922 52173 21:0 117935
117934 52172 21:0 117941
117940 52174 21:0 117948
117940 52611 1:0 118424
117947 52171 21:0 117954
117950 52765 1:0 118435
117962 52181 21:0 117984
117983 104185 1:0 117983
117983 52178 21:0 117984
117983 52177 21:0 117987
117986 52179 21:0 117987
117986 52182 21:0 117987
117986 52180 21:0 117992
117991 52176 21:0 117995
117992 104019 1:0 118424
117993 103951 1:0 118435
117993 52767 1:0 118435
117993 52616 1:0 118444
117993 52610 1:0 118444
117993 52617 1:0 118444
117993 52612 1:0 118444
117993 52614 1:0 118444
117993 52769 1:0 118444
117993 52766 1:0 118472
117993 52613 1:0 118472
117993 52615 1:0 118576
117994 104181 1:0 117994
117994 52186 21:0 117995
117994 52185 21:0 117995
117994 52170 21:0 117995
117994 52169 21:0 117995
117994 52183 21:0 117995
117994 52184 21:0 117995
117994 52175 21:0 117995
118002 103920 1:0 118444
118002 103985 1:0 118472
118008 52770 1:0 118472
118011 104180 1:0 118011
118013 104018 1:0 118645
118016 104174 1:0 118016
118019 104027 1:0 118914
118020 52918 1:0 119041
118020 52919 1:0 119068
118020 52920 1:0 119077
118020 52921 1:0 119078
118028 56093 1:0 118599
118028 56185 1:0 119116
118028 104014 1:0 119116
118028 165 1:0 119116
118028 52764 1:0 118645
118028 52757 1:0 118665
118028 52760 1:0 118665
118029 103806 1:0 118656
118031 104169 1:0 118031
118040 104165 1:0 118040
118040 104167 1:0 118040
118040 104168 1:0 118040
118066 104161 1:0 118066
118082 103984 1:0 118656
118093 104160 1:0 118093
118095 103872 1:0 118656
118098 104154 1:0 118098
118112 103986 1:0 118665
118150 52323 21:0 118177
118161 103910 1:0 118665
118171 104005 1:0 119128
118171 52763 1:0 118665
118171 52758 1:0 118665
118176 52316 21:0 118205
118204 52324 21:0 118205
118204 52327 21:0 118205
118204 52329 21:0 118208
118207 52325 21:0 118208
118207 52328 21:0 118208
118207 52326 21:0 118216
118212 104151 1:0 118212
118213 103784 1:0 118693
118213 103837 1:0 118693
118213 56216 1:0 119135
118213 163 1:0 119135
118213 52759 1:0 118665
118213 52762 1:0 118693
118213 52761 1:0 118796
118213 52908 1:0 118820
118213 52905 1:0 118866
118213 52904 1:0 118886
118213 53065 1:0 119288
118213 53066 1:0 119289
118214 103987 1:0 118693
118214 103921 1:0 118866
118215 104148 1:0 118215
118215 52331 21:0 118216
118215 52330 21:0 118216
118215 52332 21:0 118216
118215 52333 21:0 118216
118215 52318 21:0 118216
118215 52319 21:0 118216
118215 52322 21:0 118216
118215 52317 21:0 118216
118215 52320 21:0 118216
118215 52321 21:0 118216
118217 103758 1:0 118877
118223 104017 1:0 118877
118223 103838 1:0 118877
118223 103864 1:0 118886
118223 56209 1:0 119041
118223 103994 1:0 119135
118223 56242 1:0 119328
118223 147 1:0 119328
118223 103981 1:0 119328
118223 145 1:0 119356
118223 56273 1:0 119356
118223 52910 1:0 118886
118223 52911 1:0 118886
118223 52906 1:0 118886
118223 52909 1:0 118886
118223 52907 1:0 119008
118223 53067 1:0 119298
118223 53068 1:0 119299
118229 103918 1:0 118886
118232 104147 1:0 118232
118237 104141 1:0 118237
118250 103952 1:0 118914
118252 104136 1:0 118252
118261 104135 1:0 118261
118261 104134 1:0 118261
118261 104132 1:0 118261
118262 103857 1:0 118914
118262 103934 1:0 118914
118287 104128 1:0 118287
118303 56198 1:0 119087
118314 104127 1:0 118314
118319 104121 1:0 118319
118331 103954 1:0 119087
118332 56207 1:0 119107
118332 151 1:0 119107
118371 52470 21:0 118398
118392 103953 1:0 119098
118397 52463 21:0 118426
118425 52472 21:0 118426
118425 52471 21:0 118426
118425 52475 21:0 118429
118428 52474 21:0 118429
118428 52473 21:0 118429
118428 52476 21:0 118437
118434 103870 1:0 119098
118434 103938 1:0 119098
118434 103904 1:0 119107
118434 155 1:0 119107
118434 103972 1:0 119356
118434 53052 1:0 119107
118434 53057 1:0 119107
118435 103919 1:0 119107
118436 52480 21:0 118437
118436 52477 21:0 118437
118436 52469 21:0 118437
118436 52464 21:0 118437
118436 52478 21:0 118437
118436 52465 21:0 118437
118436 52466 21:0 118437
118436 52468 21:0 118437
118436 52467 21:0 118437
118436 52479 21:0 118437
118438 103888 1:0 119135
118444 153 1:0 119116
118444 133 1:0 119262
118444 103887 1:0 119308
118444 135 1:0 119328
118444 56266 1:0 119328
118444 56264 1:0 119328
118444 103961 1:0 119356
118444 129 1:0 119558
118444 56299 1:0 119561
118444 103948 1:0 119563
118444 53055 1:0 119116
118444 53051 1:0 119116
118444 53054 1:0 119128
118444 53204 1:0 119135
118444 53058 1:0 119135
118444 53053 1:0 119135
118444 53206 1:0 119135
118444 53056 1:0 119239
118444 53198 1:0 119308
118444 53200 1:0 119328
118444 53201 1:0 119328
118444 53202 1:0 119328
118444 53203 1:0 119460
118444 53212 1:0 119509
118444 53213 1:0 119510
118444 53214 1:0 119519
118444 53215 1:0 119520
118450 103886 1:0 119319
118452 53210 1:0 119319
118453 104114 1:0 118453
118455 53207 1:0 119319
118458 104108 1:0 118458
118473 104103 1:0 118473
118482 104099 1:0 118482
118482 104102 1:0 118482
118482 104101 1:0 118482
118483 103854 1:0 119328
118508 104095 1:0 118508
118524 119 1:0 119549
118524 53211 1:0 119328
118524 53205 1:0 119328
118524 53199 1:0 119328
118535 104094 1:0 118535
118540 104088 1:0 118540
118553 103852 1:0 119356
118554 53208 1:0 119356
118582 52615 21:0 118598
118597 52613 21:0 118604
118603 52614 21:0 118611
118603 53209 1:0 119356
118610 52612 21:0 118617
118612 56326 1:0 119549
118613 103929 1:0 119540
118615 115 1:0 119580
118616 52617 21:0 118647
118646 52621 21:0 118647
118646 52616 21:0 118647
118646 52610 21:0 118647
118646 52611 21:0 118647
118646 52620 21:0 118650
118649 52622 21:0 118650
118649 52619 21:0 118650
118649 52618 21:0 118652
118651 52623 21:0 118658
118655 103885 1:0 119529
118656 103855 1:0 119540
118656 103949 1:0 119540
118656 113 1:0 119549
118656 103936 1:0 119549
118656 56312 1:0 119552
118656 53345 1:0 119552
118656 53346 1:0 119552
118657 104082 1:0 118657
118657 52626 21:0 118658
118657 52625 21:0 118658
118657 52624 21:0 118658
118657 52627 21:0 118658
118659 103939 1:0 119580
118665 103853 1:0 119549
118665 103923 1:0 119552
118665 103943 1:0 119552
118665 53353 1:0 119580
118665 53354 1:0 119580
118671 117 1:0 119580
118671 56323 1:0 119580
118671 56321 1:0 119618
118671 103928 1:0 119634
118671 56330 1:0 119634
118671 127 1:0 119634
118671 111 1:0 119779
118671 56356 1:0 119782
118671 103915 1:0 119784
118671 109 1:0 119855
118671 56387 1:0 119855
118671 103895 1:0 119855
118671 93 1:0 120000
118671 56413 1:0 120003
118671 103882 1:0 120005
118671 56444 1:0 120076
118671 91 1:0 120076
118671 103862 1:0 120076
118671 75 1:0 120221
118671 56470 1:0 120224
118671 103849 1:0 120226
118671 56501 1:0 120297
118671 103829 1:0 120297
118671 73 1:0 120297
118671 57 1:0 120442
118671 56527 1:0 120445
118671 103816 1:0 120447
118671 55 1:0 120518
118671 103796 1:0 120518
118671 56558 1:0 120518
118671 39 1:0 120663
118671 56584 1:0 120666
118671 103783 1:0 120668
118671 103763 1:0 120739
118671 37 1:0 120739
118671 56615 1:0 120739
118671 21 1:0 120884
118671 103750 1:0 120885
118671 56641 1:0 120885
118671 19 1:0 120960
118671 103730 1:0 120960
118671 56672 1:0 120960
118671 53351 1:0 119580
118671 53358 1:0 119580
118671 53352 1:0 119580
118671 53347 1:0 119621
118671 53349 1:0 119621
118671 53357 1:0 119621
118671 53348 1:0 119634
118671 53350 1:0 119634
118671 53359 1:0 119730
118671 53360 1:0 119731
118671 53361 1:0 119740
118671 53362 1:0 119741
118671 53506 1:0 119951
118671 53507 1:0 119952
118671 53508 1:0 119961
118671 53509 1:0 119962
118671 53653 1:0 120172
118671 53654 1:0 120173
118671 53655 1:0 120182
118671 53656 1:0 120183
118671 53800 1:0 120393
118671 53801 1:0 120394
118671 53802 1:0 120403
118671 53803 1:0 120404
118671 53947 1:0 120614
118671 53948 1:0 120615
118671 53949 1:0 120624
118671 53950 1:0 120625
118671 54094 1:0 120835
118671 54095 1:0 120836
118671 54096 1:0 120845
118671 54097 1:0 120846
118671 54244 1:0 121046
118671 54242 1:0 121046
118671 54241 1:0 121046
118671 54243 1:0 121046
118673 53356 1:0 119634
118674 104081 1:0 118674
118676 53355 1:0 119710
118679 104075 1:0 118679
118694 104070 1:0 118694
118703 104069 1:0 118703
118703 104066 1:0 118703
118703 104068 1:0 118703
118704 103822 1:0 119761
118729 104062 1:0 118729
118745 103917 1:0 119761
118753 103916 1:0 119761
118756 104061 1:0 118756
118761 104055 1:0 118761
118774 103821 1:0 119770
118775 95 1:0 119770
118775 101 1:0 119770
118775 56369 1:0 119770
118806 52761 21:0 118819
118818 52762 21:0 118825
118824 52759 21:0 118832
118824 103896 1:0 119770
118826 99 1:0 119801
118831 52760 21:0 118838
118833 97 1:0 119801
118834 56380 1:0 119801
118843 52770 21:0 118868
118867 52766 21:0 118868
118867 52769 21:0 118871
118870 52765 21:0 118871
118870 52767 21:0 118871
118870 52768 21:0 118875
118874 52758 21:0 118879
118876 56383 1:0 119773
118876 103905 1:0 119773
118876 103890 1:0 119773
118876 53498 1:0 119773
118876 53499 1:0 119773
118876 53502 1:0 119801
118876 53503 1:0 119801
118876 53492 1:0 119801
118877 103906 1:0 119801
118877 56378 1:0 119839
118877 103883 1:0 119982
118877 103785 1:0 119982
118877 77 1:0 119991
118877 56437 1:0 120022
118877 103873 1:0 120022
118877 81 1:0 120022
118877 103840 1:0 120243
118877 103807 1:0 120464
118877 103774 1:0 120685
118877 103741 1:0 120906
118877 54468 1:0 121032
118877 53501 1:0 119801
118877 53493 1:0 119801
118877 53505 1:0 119842
118877 53495 1:0 119842
118877 53497 1:0 119842
118877 53494 1:0 119855
118877 53496 1:0 119855
118877 53504 1:0 119855
118877 53500 1:0 119921
118878 104049 1:0 118878
118878 52764 21:0 118879
118878 52763 21:0 118879
118878 52774 21:0 118879
118878 52773 21:0 118879
118878 52771 21:0 118879
118878 52757 21:0 118879
118878 52772 21:0 118879
118886 103789 1:0 119982
118886 103820 1:0 119991
118892 83 1:0 119991
118892 103764 1:0 119991
118892 56426 1:0 119991
118892 103805 1:0 119994
118892 53640 1:0 119994
118892 53645 1:0 119994
118894 56440 1:0 119994
118894 79 1:0 120022
118894 56435 1:0 120060
118894 53639 1:0 120022
118894 53646 1:0 120022
118894 53643 1:0 120063
118895 104048 1:0 118895
118897 103871 1:0 119994
118900 104042 1:0 118900
118912 53650 1:0 120022
118913 53652 1:0 120022
118915 104037 1:0 118915
118924 104036 1:0 118924
118924 104033 1:0 118924
118924 104035 1:0 118924
118925 53651 1:0 120022
118925 53648 1:0 120063
118950 104029 1:0 118950
118966 56497 1:0 120212
118966 59 1:0 120212
118966 63 1:0 120243
118966 53641 1:0 120063
118966 53644 1:0 120076
118966 53642 1:0 120076
118966 53647 1:0 120076
118977 104028 1:0 118977
118979 53649 1:0 120152
118982 104022 1:0 118982
118996 103819 1:0 120203
119014 52907 21:0 119039
119038 52909 21:0 119046
119045 52906 21:0 119051
119045 103830 1:0 120203
119047 56494 1:0 120243
119047 61 1:0 120243
119055 103850 1:0 120203
119057 52914 21:0 119089
119088 52913 21:0 119089
119088 52916 21:0 119089
119088 52912 21:0 119092
119091 52915 21:0 119092
119091 52917 21:0 119092
119091 52910 21:0 119100
119097 103788 1:0 120212
119098 103835 1:0 120212
119098 56483 1:0 120212
119098 103824 1:0 120215
119098 65 1:0 120215
119098 103839 1:0 120215
119098 53792 1:0 120215
119098 53793 1:0 120215
119098 53797 1:0 120243
119098 53798 1:0 120243
119098 53799 1:0 120243
119099 104016 1:0 119099
119099 52920 21:0 119100
119099 52921 21:0 119100
119099 52911 21:0 119100
119099 52905 21:0 119100
119099 52918 21:0 119100
119099 52904 21:0 119100
119099 52908 21:0 119100
119099 52919 21:0 119100
119101 53789 1:0 120284
119107 56492 1:0 120281
119107 103787 1:0 120424
119107 41 1:0 120433
119107 53786 1:0 120243
119107 53787 1:0 120243
119107 53796 1:0 120284
119107 53790 1:0 120284
119107 53788 1:0 120297
119107 53791 1:0 120297
119107 53795 1:0 120297
119107 53794 1:0 120363
119113 103802 1:0 120424
119113 103818 1:0 120424
119116 104015 1:0 119116
119121 104009 1:0 119121
119133 103786 1:0 120433
119134 56554 1:0 120433
119134 47 1:0 120433
119134 56551 1:0 120464
119134 43 1:0 120464
119134 45 1:0 120464
119134 53939 1:0 120436
119136 104004 1:0 119136
119145 104002 1:0 119145
119145 104003 1:0 119145
119145 104000 1:0 119145
119146 103797 1:0 120433
119146 103817 1:0 120436
119171 103996 1:0 119171
119187 103804 1:0 120436
119187 56540 1:0 120436
119187 56549 1:0 120502
119187 53933 1:0 120436
119187 53940 1:0 120464
119195 53934 1:0 120464
119198 103995 1:0 119198
119200 53946 1:0 120464
119203 103989 1:0 119203
119215 53944 1:0 120464
119216 53945 1:0 120464
119216 53943 1:0 120505
119217 29 1:0 120654
119217 27 1:0 120685
119217 25 1:0 120685
119217 53937 1:0 120505
119217 53935 1:0 120505
119217 53938 1:0 120518
119217 53936 1:0 120518
119245 53056 21:0 119261
119265 53060 21:0 119310
119266 53942 1:0 120518
119276 53941 1:0 120584
119309 53062 21:0 119310
119309 53061 21:0 119310
119309 53059 21:0 119313
119312 53063 21:0 119313
119312 53064 21:0 119313
119312 53058 21:0 119318
119317 53053 21:0 119321
119318 103756 1:0 120645
119319 103778 1:0 120645
119319 103772 1:0 120645
119319 23 1:0 120654
119319 56597 1:0 120654
119319 103755 1:0 120654
119319 56611 1:0 120657
119319 54081 1:0 120657
119319 54086 1:0 120657
119320 103983 1:0 119320
119320 53052 21:0 119321
119320 53055 21:0 119321
119320 53057 21:0 119321
119320 53065 21:0 119321
119320 53068 21:0 119321
119320 53066 21:0 119321
119320 53054 21:0 119321
119320 53051 21:0 119321
119320 53067 21:0 119321
119328 103725 1:0 120654
119328 103739 1:0 120657
119328 103740 1:0 120657
119328 56608 1:0 120685
119328 56606 1:0 120723
119328 56686 1:0 120878
119328 54090 1:0 120685
119328 54088 1:0 120685
119328 54089 1:0 120685
119328 54087 1:0 120685
119328 54080 1:0 120685
119328 54091 1:0 120726
119328 54084 1:0 120726
119328 54082 1:0 120726
119328 54083 1:0 120739
119328 54085 1:0 120739
119334 54092 1:0 120739
119334 54093 1:0 120826
119337 103982 1:0 119337
119342 103976 1:0 119342
119354 103754 1:0 120862
119355 103738 1:0 120866
119357 103971 1:0 119357
119366 103969 1:0 119366
119366 103970 1:0 119366
119366 103967 1:0 119366
119367 103736 1:0 120866
119392 103963 1:0 119392
119419 103962 1:0 119419
119421 103753 1:0 120873
119424 103956 1:0 119424
119436 56668 1:0 120875
119436 5 1:0 120875
119436 11 1:0 120875
119436 56654 1:0 120878
119437 103751 1:0 120875
119437 56665 1:0 120896
119437 7 1:0 120903
119437 9 1:0 120906
119437 54233 1:0 120878
119437 54228 1:0 120878
119438 103731 1:0 120878
119466 53203 21:0 119482
119481 53201 21:0 119488
119487 53202 21:0 119495
119487 103732 1:0 120878
119496 3 1:0 120906
119497 54239 1:0 120906
119499 53208 21:0 119531
119530 53209 21:0 119531
119530 53211 21:0 119531
119530 53210 21:0 119534
119533 53206 21:0 119534
119533 53207 21:0 119534
119533 53200 21:0 119538
119537 53199 21:0 119542
119539 56663 1:0 120944
119539 54234 1:0 120906
119539 54227 1:0 120906
119539 54238 1:0 120906
119539 54240 1:0 120906
119539 54236 1:0 120947
119539 54231 1:0 120947
119539 54232 1:0 120947
119539 54229 1:0 120960
119539 54230 1:0 120960
119539 54328 1:0 121046
119540 54327 1:0 121086
119540 54235 1:0 120960
119540 54237 1:0 121036
119541 103950 1:0 119541
119541 53215 21:0 119542
119541 53212 21:0 119542
119541 53214 21:0 119542
119541 53205 21:0 119542
119541 53198 21:0 119542
119541 53213 21:0 119542
119541 53204 21:0 119542
119587 103937 1:0 119587
119613 103930 1:0 119613
119667 53346 21:0 119719
119720 53355 21:0 119752
119751 53357 21:0 119752
119751 53356 21:0 119752
119751 53358 21:0 119755
119754 53354 21:0 119755
119754 53353 21:0 119755
119754 53351 21:0 119763
119762 53350 21:0 119763
119762 53347 21:0 119763
119762 53349 21:0 119763
119762 53359 21:0 119763
119762 53348 21:0 119763
119762 53362 21:0 119763
119762 53360 21:0 119763
119762 53361 21:0 119763
119762 53345 21:0 119763
119762 53352 21:0 119763
119808 103901 1:0 119808
119834 103897 1:0 119834
119911 53496 21:0 119924
119923 53494 21:0 119930
119931 53500 21:0 119973
119972 53504 21:0 119973
119972 53505 21:0 119973
119972 53502 21:0 119976
119975 53501 21:0 119976
119975 53503 21:0 119976
119975 53493 21:0 119981
119980 53492 21:0 119984
119983 103884 1:0 119983
119983 53495 21:0 119984
119983 53507 21:0 119984
119983 53508 21:0 119984
119983 53498 21:0 119984
119983 53499 21:0 119984
119983 53506 21:0 119984
119983 53509 21:0 119984
119983 53497 21:0 119984
120005 103877 1:0 120005
120029 103868 1:0 120029
120082 103863 1:0 120082
120109 53640 21:0 120161
120162 53649 21:0 120194
120193 53647 21:0 120194
120193 53648 21:0 120194
120193 53651 21:0 120197
120196 53652 21:0 120197
120196 53650 21:0 120197
120196 53646 21:0 120205
120204 103851 1:0 120204
120204 53644 21:0 120205
120204 53642 21:0 120205
120204 53643 21:0 120205
120204 53641 21:0 120205
120204 53645 21:0 120205
120204 53639 21:0 120205
120204 53654 21:0 120205
120204 53656 21:0 120205
120204 53655 21:0 120205
120204 53653 21:0 120205
120226 103844 1:0 120226
120276 103831 1:0 120276
120343 53788 21:0 120366
120365 53791 21:0 120372
120373 53794 21:0 120415
120414 53796 21:0 120415
120414 53795 21:0 120415
120414 53797 21:0 120418
120417 53799 21:0 120418
120417 53798 21:0 120418
120417 53786 21:0 120423
120422 53787 21:0 120426
120425 53800 21:0 120426
120425 53792 21:0 120426
120425 53802 21:0 120426
120425 53803 21:0 120426
120425 53793 21:0 120426
120425 53790 21:0 120426
120425 53801 21:0 120426
120425 53789 21:0 120426
120447 103811 1:0 120447
120497 103798 1:0 120497
120529 103791 1:0 120529
120571 53938 21:0 120587
120586 53936 21:0 120593
120594 53941 21:0 120636
120635 53942 21:0 120636
120635 53943 21:0 120636
120635 53944 21:0 120639
120638 53946 21:0 120639
120638 53945 21:0 120639
120638 53940 21:0 120644
120643 53934 21:0 120647
120646 53933 21:0 120647
120646 53948 21:0 120647
120646 53939 21:0 120647
120646 53949 21:0 120647
120646 53950 21:0 120647
120646 53947 21:0 120647
120646 53935 21:0 120647
120646 53937 21:0 120647
120683 103773 1:0 120683
120692 103769 1:0 120692
120692 103771 1:0 120692
120718 103765 1:0 120718
120802 54087 21:0 120829
120832 54093 21:0 120857
120856 54092 21:0 120857
120856 54091 21:0 120860
120859 54089 21:0 120860
120859 54090 21:0 120860
120859 54088 21:0 120864
120863 54080 21:0 120868
120867 103752 1:0 120867
120867 54083 21:0 120868
120867 54094 21:0 120868
120867 54086 21:0 120868
120867 54081 21:0 120868
120867 54096 21:0 120868
120867 54097 21:0 120868
120867 54095 21:0 120868
120867 54082 21:0 120868
120867 54084 21:0 120868
120867 54085 21:0 120868
120889 103745 1:0 120889
120993 54228 21:0 121045
121046 54237 21:0 304
