0 725 21:0 0
42 525 1:0 42
42 531 1:0 42
42 549 1:0 42
42 543 1:0 42
42 567 1:0 42
42 561 1:0 42
42 585 1:0 42
42 579 1:0 42
42 597 1:0 42
42 603 1:0 42
42 657 1:0 42
42 615 1:0 42
42 621 1:0 42
42 669 1:0 42
42 651 1:0 42
42 675 1:0 42
42 633 1:0 42
42 639 1:0 42
42 687 1:0 42
42 693 1:0 42
42 705 1:0 42
42 711 1:0 42
42 267 1:0 42
42 265 1:0 42
42 263 1:0 42
42 281 1:0 42
42 283 1:0 42
42 285 1:0 42
42 299 1:0 42
42 301 1:0 42
42 303 1:0 42
42 319 1:0 42
42 317 1:0 42
42 321 1:0 42
42 335 1:0 42
42 339 1:0 42
42 337 1:0 42
42 353 1:0 42
42 357 1:0 42
42 355 1:0 42
42 375 1:0 42
42 371 1:0 42
42 373 1:0 42
42 389 1:0 42
42 391 1:0 42
42 393 1:0 42
42 409 1:0 42
42 407 1:0 42
42 411 1:0 42
42 425 1:0 42
42 427 1:0 42
42 429 1:0 42
42 447 1:0 42
42 445 1:0 42
42 443 1:0 42
42 461 1:0 42
42 465 1:0 42
42 463 1:0 42
42 479 1:0 42
42 483 1:0 42
42 481 1:0 42
42 499 1:0 42
42 501 1:0 42
42 497 1:0 42
42 519 1:0 42
42 515 1:0 42
42 517 1:0 42
42 537 1:0 42
42 535 1:0 42
42 533 1:0 42
42 553 1:0 42
42 551 1:0 42
42 555 1:0 42
42 571 1:0 42
42 573 1:0 42
42 569 1:0 42
42 591 1:0 42
42 589 1:0 42
42 587 1:0 42
42 605 1:0 42
42 609 1:0 42
42 607 1:0 42
42 623 1:0 42
42 625 1:0 42
42 627 1:0 42
42 645 1:0 42
42 643 1:0 42
42 641 1:0 42
42 661 1:0 42
42 659 1:0 42
42 663 1:0 42
42 681 1:0 42
42 679 1:0 42
42 677 1:0 42
42 699 1:0 42
42 697 1:0 42
42 695 1:0 42
42 715 1:0 42
42 717 1:0 42
42 713 1:0 42
44 34033 21:0 44
45 730 21:0 45
46 730 1:0 46
46 749 21:0 46
47 730 21:0 47
50 730 1:0 50
51 17 1:0 51
52 730 21:0 52
55 34040 21:0 55
56 34040 1:0 56
56 34041 21:0 56
59 34040 21:0 59
60 34040 1:0 60
60 34042 21:0 60
64 34043 21:0 64
64 34041 1:0 64
65 34041 21:0 65
65 34042 1:0 65
66 34043 1:0 66
66 34042 21:0 66
67 34041 1:0 67
67 34043 21:0 67
69 34042 1:0 69
69 34041 21:0 69
71 34042 21:0 71
71 749 1:0 71
73 34041 1:0 73
74 749 21:0 74
74 34041 21:0 74
76 749 1:0 76
76 34042 1:0 76
76 34044 21:0 76
77 34042 21:0 77
77 749 21:0 77
79 34042 1:0 79
79 34044 1:0 79
79 34041 1:0 79
80 34044 21:0 80
83 34043 1:0 83
83 34046 21:0 83
87 34047 21:0 87
87 34044 1:0 87
88 34044 21:0 88
88 34046 1:0 88
89 34046 21:0 89
89 34047 1:0 89
90 34046 1:0 90
90 34044 1:0 90
90 33917 21:0 90
90 33916 21:0 90
90 33918 21:0 90
90 34038 21:0 90
90 17 21:0 90
90 33919 21:0 90
90 5 21:0 90
90 7 21:0 90
90 33910 21:0 107
97 730 1:0 97
99 34053 21:0 99
102 34053 1:0 102
103 19 1:0 103
104 34053 21:0 104
104 11 1:0 104
106 19 21:0 106
106 34058 21:0 106
106 34049 21:0 106
106 33914 21:0 107
106 33913 21:0 112
107 34060 21:0 107
109 34060 1:0 109
109 34062 21:0 109
109 15 1:0 109
111 33912 21:0 117
113 34062 1:0 113
114 13 1:0 114
116 33915 21:0 117
116 33908 21:0 131
118 34053 1:0 118
121 34066 21:0 121
121 749 1:0 121
122 34066 1:0 122
122 749 21:0 122
123 34066 21:0 123
126 34066 1:0 126
128 34066 21:0 128
130 34071 21:0 130
130 35 21:0 130
130 33903 21:0 135
131 34073 21:0 131
132 34073 1:0 132
132 34074 21:0 132
134 33902 21:0 167
135 34073 21:0 135
136 34073 1:0 136
136 34075 21:0 136
140 34076 21:0 140
140 34074 1:0 140
141 34074 21:0 141
141 34075 1:0 141
142 34076 1:0 142
142 34075 21:0 142
143 34074 1:0 143
143 34076 21:0 143
145 34075 1:0 145
145 34074 21:0 145
147 34075 21:0 147
147 749 1:0 147
149 34074 1:0 149
150 749 21:0 150
150 34074 21:0 150
152 749 1:0 152
152 34075 1:0 152
152 34077 21:0 152
153 34075 21:0 153
153 749 21:0 153
155 34075 1:0 155
155 34077 1:0 155
155 34074 1:0 155
156 34077 21:0 156
159 34076 1:0 159
159 34079 21:0 159
163 34080 21:0 163
163 34077 1:0 163
164 34077 21:0 164
164 34079 1:0 164
165 34079 21:0 165
165 34080 1:0 165
166 34079 1:0 166
166 34077 1:0 166
166 25 21:0 166
166 23 21:0 166
166 33909 21:0 172
171 34082 21:0 171
171 737 21:0 183
173 34066 1:0 173
175 34086 21:0 175
178 34086 1:0 178
180 34086 21:0 180
182 34091 21:0 182
182 37 21:0 182
182 11 21:0 183
182 34061 21:0 188
183 34093 21:0 183
185 34093 1:0 185
185 34095 21:0 185
187 15 21:0 193
189 34095 1:0 189
192 34063 21:0 193
192 34062 21:0 211
194 34086 1:0 194
197 34099 21:0 197
197 749 1:0 197
198 34099 1:0 198
198 749 21:0 198
199 34099 21:0 199
202 34099 1:0 202
204 34099 21:0 204
207 34106 21:0 207
208 34106 1:0 208
208 34107 21:0 208
210 34104 21:0 210
210 53 21:0 210
210 34064 21:0 259
211 34106 21:0 211
212 34106 1:0 212
212 34108 21:0 212
216 34109 21:0 216
216 34107 1:0 216
217 34107 21:0 217
217 34108 1:0 217
218 34109 1:0 218
218 34108 21:0 218
219 34107 1:0 219
219 34109 21:0 219
221 34108 1:0 221
221 34107 21:0 221
223 34108 21:0 223
223 749 1:0 223
225 34107 1:0 225
226 749 21:0 226
226 34107 21:0 226
228 749 1:0 228
228 34108 1:0 228
228 34110 21:0 228
229 34108 21:0 229
229 749 21:0 229
231 34108 1:0 231
231 34110 1:0 231
231 34107 1:0 231
232 34110 21:0 232
235 34109 1:0 235
235 34112 21:0 235
239 34113 21:0 239
239 34110 1:0 239
240 34110 21:0 240
240 34112 1:0 240
241 34112 21:0 241
241 34113 1:0 241
242 34112 1:0 242
242 34110 1:0 242
249 34099 1:0 249
251 34119 21:0 251
254 34119 1:0 254
256 34119 21:0 256
258 55 21:0 258
258 34124 21:0 258
258 34115 21:0 258
258 41 21:0 258
258 43 21:0 258
258 13 21:0 259
258 29 21:0 264
259 34126 21:0 259
261 34126 1:0 261
261 34128 21:0 261
263 34094 21:0 269
265 34128 1:0 265
268 33 21:0 269
268 34096 21:0 291
270 34119 1:0 270
273 34132 21:0 273
273 749 1:0 273
274 34132 1:0 274
274 749 21:0 274
275 34132 21:0 275
278 34132 1:0 278
280 34132 21:0 280
283 34139 21:0 283
284 34139 1:0 284
284 34140 21:0 284
287 34139 21:0 287
288 34139 1:0 288
288 34141 21:0 288
290 34137 21:0 290
290 71 21:0 290
290 59 21:0 290
290 34095 21:0 335
292 34142 21:0 292
292 34140 1:0 292
293 34140 21:0 293
293 34141 1:0 293
294 34142 1:0 294
294 34141 21:0 294
295 34140 1:0 295
295 34142 21:0 295
297 34141 1:0 297
297 34140 21:0 297
299 34141 21:0 299
299 749 1:0 299
301 34140 1:0 301
302 749 21:0 302
302 34140 21:0 302
304 749 1:0 304
304 34141 1:0 304
304 34143 21:0 304
305 34141 21:0 305
305 749 21:0 305
307 34141 1:0 307
307 34143 1:0 307
307 34140 1:0 307
308 34143 21:0 308
311 34142 1:0 311
311 34145 21:0 311
315 34146 21:0 315
315 34143 1:0 315
316 34143 21:0 316
316 34145 1:0 316
317 34145 21:0 317
317 34146 1:0 317
318 34145 1:0 318
318 34143 1:0 318
325 34132 1:0 325
327 34152 21:0 327
330 34152 1:0 330
332 34152 21:0 332
334 73 21:0 334
334 34157 21:0 334
334 34148 21:0 334
334 61 21:0 334
334 31 21:0 335
334 34097 21:0 340
335 34159 21:0 335
337 34159 1:0 337
337 34161 21:0 337
339 47 21:0 345
341 34161 1:0 341
344 34127 21:0 345
344 51 21:0 395
346 34152 1:0 346
349 34165 21:0 349
349 749 1:0 349
350 34165 1:0 350
350 749 21:0 350
351 34165 21:0 351
354 34165 1:0 354
356 34165 21:0 356
359 34172 21:0 359
360 34172 1:0 360
360 34173 21:0 360
363 34172 21:0 363
364 34172 1:0 364
364 34174 21:0 364
368 34175 21:0 368
368 34173 1:0 368
369 34173 21:0 369
369 34174 1:0 369
370 34175 1:0 370
370 34174 21:0 370
371 34173 1:0 371
371 34175 21:0 371
373 34174 1:0 373
373 34173 21:0 373
375 34174 21:0 375
375 749 1:0 375
377 34173 1:0 377
378 749 21:0 378
378 34173 21:0 378
380 749 1:0 380
380 34174 1:0 380
380 34176 21:0 380
381 34174 21:0 381
381 749 21:0 381
383 34174 1:0 383
383 34176 1:0 383
383 34173 1:0 383
384 34176 21:0 384
387 34175 1:0 387
387 34178 21:0 387
391 34179 21:0 391
391 34176 1:0 391
392 34176 21:0 392
392 34178 1:0 392
393 34178 21:0 393
393 34179 1:0 393
394 34178 1:0 394
394 34176 1:0 394
394 89 21:0 394
394 34170 21:0 394
394 77 21:0 394
394 79 21:0 394
394 34128 21:0 411
401 34165 1:0 401
403 34185 21:0 403
406 34185 1:0 406
408 34185 21:0 408
410 34190 21:0 410
410 91 21:0 410
410 34181 21:0 410
410 34129 21:0 411
410 49 21:0 416
411 34192 21:0 411
413 34192 1:0 413
413 34194 21:0 413
415 34130 21:0 421
417 34194 1:0 417
420 65 21:0 421
420 34160 21:0 471
422 34185 1:0 422
425 34198 21:0 425
425 749 1:0 425
426 34198 1:0 426
426 749 21:0 426
427 34198 21:0 427
430 34198 1:0 430
432 34198 21:0 432
435 34205 21:0 435
436 34205 1:0 436
436 34206 21:0 436
439 34205 21:0 439
440 34205 1:0 440
440 34207 21:0 440
444 34208 21:0 444
444 34206 1:0 444
445 34206 21:0 445
445 34207 1:0 445
446 34208 1:0 446
446 34207 21:0 446
447 34206 1:0 447
447 34208 21:0 447
449 34207 1:0 449
449 34206 21:0 449
451 34207 21:0 451
451 749 1:0 451
453 34206 1:0 453
454 749 21:0 454
454 34206 21:0 454
456 749 1:0 456
456 34207 1:0 456
456 34209 21:0 456
457 34207 21:0 457
457 749 21:0 457
459 34207 1:0 459
459 34209 1:0 459
459 34206 1:0 459
460 34209 21:0 460
463 34208 1:0 463
463 34211 21:0 463
467 34212 21:0 467
467 34209 1:0 467
468 34209 21:0 468
468 34211 1:0 468
469 34211 21:0 469
469 34212 1:0 469
470 34211 1:0 470
470 34209 1:0 470
470 107 21:0 470
470 34203 21:0 470
470 97 21:0 470
470 95 21:0 470
470 69 21:0 487
477 34198 1:0 477
479 34218 21:0 479
482 34218 1:0 482
484 34218 21:0 484
486 109 21:0 486
486 34223 21:0 486
486 34214 21:0 486
486 34161 21:0 487
486 34162 21:0 492
487 34225 21:0 487
489 34225 1:0 489
489 34227 21:0 489
491 34163 21:0 497
493 34227 1:0 493
496 67 21:0 497
496 83 21:0 552
498 34218 1:0 498
501 34231 21:0 501
501 749 1:0 501
502 34231 1:0 502
502 749 21:0 502
503 34231 21:0 503
506 34231 1:0 506
508 34231 21:0 508
511 34238 21:0 511
512 34238 1:0 512
512 34239 21:0 512
515 34238 21:0 515
516 34238 1:0 516
516 34240 21:0 516
520 34241 21:0 520
520 34239 1:0 520
521 34239 21:0 521
521 34240 1:0 521
522 34241 1:0 522
522 34240 21:0 522
523 34239 1:0 523
523 34241 21:0 523
525 34240 1:0 525
525 34239 21:0 525
527 34240 21:0 527
527 749 1:0 527
529 34239 1:0 529
530 749 21:0 530
530 34239 21:0 530
532 749 1:0 532
532 34240 1:0 532
532 34242 21:0 532
533 34240 21:0 533
533 749 21:0 533
535 34240 1:0 535
535 34242 1:0 535
535 34239 1:0 535
536 34242 21:0 536
539 34241 1:0 539
539 34244 21:0 539
543 34245 21:0 543
543 34242 1:0 543
544 34242 21:0 544
544 34244 1:0 544
545 34244 21:0 545
545 34245 1:0 545
546 34244 1:0 546
546 34242 1:0 546
551 34236 21:0 551
551 125 21:0 551
551 34247 21:0 551
551 115 21:0 551
551 113 21:0 551
551 34193 21:0 563
553 34231 1:0 553
555 34251 21:0 555
558 34251 1:0 558
560 34251 21:0 560
562 34256 21:0 562
562 127 21:0 562
562 87 21:0 568
563 34258 21:0 563
565 34258 1:0 565
565 34260 21:0 565
567 34195 21:0 568
567 34194 21:0 573
569 34260 1:0 569
572 34196 21:0 573
572 85 21:0 628
574 34251 1:0 574
577 34264 21:0 577
577 749 1:0 577
578 34264 1:0 578
578 749 21:0 578
579 34264 21:0 579
582 34264 1:0 582
584 34264 21:0 584
587 34271 21:0 587
588 34271 1:0 588
588 34272 21:0 588
591 34271 21:0 591
592 34271 1:0 592
592 34273 21:0 592
596 34274 21:0 596
596 34272 1:0 596
597 34272 21:0 597
597 34273 1:0 597
598 34274 1:0 598
598 34273 21:0 598
599 34272 1:0 599
599 34274 21:0 599
601 34273 1:0 601
601 34272 21:0 601
603 34273 21:0 603
603 749 1:0 603
605 34272 1:0 605
606 749 21:0 606
606 34272 21:0 606
608 749 1:0 608
608 34273 1:0 608
608 34275 21:0 608
609 34273 21:0 609
609 749 21:0 609
611 34273 1:0 611
611 34275 1:0 611
611 34272 1:0 611
612 34275 21:0 612
615 34274 1:0 615
615 34277 21:0 615
619 34278 21:0 619
619 34275 1:0 619
620 34275 21:0 620
620 34277 1:0 620
621 34277 21:0 621
621 34278 1:0 621
622 34277 1:0 622
622 34275 1:0 622
627 143 21:0 627
627 34269 21:0 627
627 34280 21:0 627
627 131 21:0 627
627 133 21:0 627
627 101 21:0 639
629 34264 1:0 629
631 34284 21:0 631
634 34284 1:0 634
636 34284 21:0 636
638 34289 21:0 638
638 145 21:0 638
638 34226 21:0 644
639 34291 21:0 639
641 34291 1:0 641
641 34293 21:0 641
643 105 21:0 644
643 34228 21:0 649
645 34293 1:0 645
648 34227 21:0 663
650 34284 1:0 650
653 34297 21:0 653
653 749 1:0 653
654 34297 1:0 654
654 749 21:0 654
655 34297 21:0 655
658 34297 1:0 658
660 34297 21:0 660
662 161 21:0 662
662 34302 21:0 662
662 103 21:0 704
663 34304 21:0 663
664 34304 1:0 664
664 34305 21:0 664
667 34304 21:0 667
668 34304 1:0 668
668 34306 21:0 668
672 34307 21:0 672
672 34305 1:0 672
673 34305 21:0 673
673 34306 1:0 673
674 34307 1:0 674
674 34306 21:0 674
675 34305 1:0 675
675 34307 21:0 675
677 34306 1:0 677
677 34305 21:0 677
679 34306 21:0 679
679 749 1:0 679
681 34305 1:0 681
682 749 21:0 682
682 34305 21:0 682
684 749 1:0 684
684 34306 1:0 684
684 34308 21:0 684
685 34306 21:0 685
685 749 21:0 685
687 34306 1:0 687
687 34308 1:0 687
687 34305 1:0 687
688 34308 21:0 688
691 34307 1:0 691
691 34310 21:0 691
695 34311 21:0 695
695 34308 1:0 695
696 34308 21:0 696
696 34310 1:0 696
697 34310 21:0 697
697 34311 1:0 697
698 34310 1:0 698
698 34308 1:0 698
703 34313 21:0 703
703 149 21:0 703
703 151 21:0 703
703 34229 21:0 715
705 34297 1:0 705
707 34317 21:0 707
710 34317 1:0 710
712 34317 21:0 712
714 34322 21:0 714
714 163 21:0 714
714 119 21:0 720
715 34324 21:0 715
717 34324 1:0 717
717 34326 21:0 717
719 34259 21:0 720
719 123 21:0 725
721 34326 1:0 721
724 34260 21:0 739
726 34317 1:0 726
729 34330 21:0 729
729 749 1:0 729
730 34330 1:0 730
730 749 21:0 730
731 34330 21:0 731
734 34330 1:0 734
736 34330 21:0 736
738 34335 21:0 738
738 179 21:0 738
738 34261 21:0 780
739 34337 21:0 739
740 34337 1:0 740
740 34338 21:0 740
743 34337 21:0 743
744 34337 1:0 744
744 34339 21:0 744
748 34340 21:0 748
748 34338 1:0 748
749 34338 21:0 749
749 34339 1:0 749
750 34340 1:0 750
750 34339 21:0 750
751 34338 1:0 751
751 34340 21:0 751
753 34339 1:0 753
753 34338 21:0 753
755 34339 21:0 755
755 749 1:0 755
757 34338 1:0 757
758 749 21:0 758
758 34338 21:0 758
760 749 1:0 760
760 34339 1:0 760
760 34341 21:0 760
761 34339 21:0 761
761 749 21:0 761
763 34339 1:0 763
763 34341 1:0 763
763 34338 1:0 763
764 34341 21:0 764
767 34340 1:0 767
767 34343 21:0 767
771 34344 21:0 771
771 34341 1:0 771
772 34341 21:0 772
772 34343 1:0 772
773 34343 21:0 773
773 34344 1:0 773
774 34343 1:0 774
774 34341 1:0 774
779 34346 21:0 779
779 167 21:0 779
779 169 21:0 779
779 34262 21:0 791
781 34330 1:0 781
783 34350 21:0 783
786 34350 1:0 786
788 34350 21:0 788
790 34355 21:0 790
790 181 21:0 790
790 121 21:0 796
791 34357 21:0 791
793 34357 1:0 793
793 34359 21:0 793
795 137 21:0 796
795 34292 21:0 801
797 34359 1:0 797
800 141 21:0 815
802 34350 1:0 802
805 34363 21:0 805
805 749 1:0 805
806 34363 1:0 806
806 749 21:0 806
807 34363 21:0 807
810 34363 1:0 810
812 34363 21:0 812
814 197 21:0 814
814 34368 21:0 814
814 34369 21:0 814
814 34293 21:0 856
815 34370 21:0 815
816 34370 1:0 816
816 34371 21:0 816
819 34370 21:0 819
820 34370 1:0 820
820 34372 21:0 820
824 34373 21:0 824
824 34371 1:0 824
825 34371 21:0 825
825 34372 1:0 825
826 34373 1:0 826
826 34372 21:0 826
827 34371 1:0 827
827 34373 21:0 827
829 34372 1:0 829
829 34371 21:0 829
831 34372 21:0 831
831 749 1:0 831
833 34371 1:0 833
834 749 21:0 834
834 34371 21:0 834
836 749 1:0 836
836 34372 1:0 836
836 34374 21:0 836
837 34372 21:0 837
837 749 21:0 837
839 34372 1:0 839
839 34374 1:0 839
839 34371 1:0 839
840 34374 21:0 840
843 34373 1:0 843
843 34376 21:0 843
847 34377 21:0 847
847 34374 1:0 847
848 34374 21:0 848
848 34376 1:0 848
849 34376 21:0 849
849 34377 1:0 849
850 34376 1:0 850
850 34374 1:0 850
855 34379 21:0 855
855 187 21:0 855
855 185 21:0 855
855 183 21:0 855
855 34294 21:0 867
857 34363 1:0 857
859 34383 21:0 859
862 34383 1:0 862
864 34383 21:0 864
866 199 21:0 866
866 34388 21:0 866
866 139 21:0 872
867 34390 21:0 867
869 34390 1:0 869
869 34392 21:0 869
871 34295 21:0 872
871 155 21:0 877
873 34392 1:0 873
876 34325 21:0 891
878 34383 1:0 878
881 34396 21:0 881
881 749 1:0 881
882 34396 1:0 882
882 749 21:0 882
883 34396 21:0 883
886 34396 1:0 886
888 34396 21:0 888
890 215 21:0 890
890 34401 21:0 890
890 159 21:0 932
891 34403 21:0 891
892 34403 1:0 892
892 34404 21:0 892
895 34403 21:0 895
896 34403 1:0 896
896 34405 21:0 896
900 34406 21:0 900
900 34404 1:0 900
901 34404 21:0 901
901 34405 1:0 901
902 34406 1:0 902
902 34405 21:0 902
903 34404 1:0 903
903 34406 21:0 903
905 34405 1:0 905
905 34404 21:0 905
907 34405 21:0 907
907 749 1:0 907
909 34404 1:0 909
910 749 21:0 910
910 34404 21:0 910
912 749 1:0 912
912 34405 1:0 912
912 34407 21:0 912
913 34405 21:0 913
913 749 21:0 913
915 34405 1:0 915
915 34407 1:0 915
915 34404 1:0 915
916 34407 21:0 916
919 34406 1:0 919
919 34409 21:0 919
923 34410 21:0 923
923 34407 1:0 923
924 34407 21:0 924
924 34409 1:0 924
925 34409 21:0 925
925 34410 1:0 925
926 34409 1:0 926
926 34407 1:0 926
931 34412 21:0 931
931 203 21:0 931
931 205 21:0 931
931 34403 21:0 931
931 34327 21:0 943
933 34396 1:0 933
935 34416 21:0 935
938 34416 1:0 938
940 34416 21:0 940
942 217 21:0 942
942 34421 21:0 942
942 34422 21:0 942
942 34326 21:0 948
943 34423 21:0 943
945 34423 1:0 945
945 34425 21:0 945
947 157 21:0 948
947 34328 21:0 953
949 34425 1:0 949
952 173 21:0 967
954 34416 1:0 954
957 34429 21:0 957
957 749 1:0 957
958 34429 1:0 958
958 749 21:0 958
959 34429 21:0 959
962 34429 1:0 962
964 34429 21:0 964
966 34434 21:0 966
966 233 21:0 966
966 34416 21:0 966
966 34358 21:0 1019
967 34436 21:0 967
968 34436 1:0 968
968 34437 21:0 968
971 34436 21:0 971
972 34436 1:0 972
972 34438 21:0 972
976 34439 21:0 976
976 34437 1:0 976
977 34437 21:0 977
977 34438 1:0 977
978 34439 1:0 978
978 34438 21:0 978
979 34437 1:0 979
979 34439 21:0 979
981 34438 1:0 981
981 34437 21:0 981
983 34438 21:0 983
983 749 1:0 983
985 34437 1:0 985
986 749 21:0 986
986 34437 21:0 986
988 749 1:0 988
988 34438 1:0 988
988 34440 21:0 988
989 34438 21:0 989
989 749 21:0 989
991 34438 1:0 991
991 34440 1:0 991
991 34437 1:0 991
992 34440 21:0 992
995 34439 1:0 995
995 34442 21:0 995
999 34443 21:0 999
999 34440 1:0 999
1000 34440 21:0 1000
1000 34442 1:0 1000
1001 34442 21:0 1001
1001 34443 1:0 1001
1002 34442 1:0 1002
1002 34440 1:0 1002
1009 34429 1:0 1009
1011 34449 21:0 1011
1014 34449 1:0 1014
1016 34449 21:0 1016
1018 235 21:0 1018
1018 34454 21:0 1018
1018 34445 21:0 1018
1018 221 21:0 1018
1018 223 21:0 1018
1018 34440 21:0 1018
1018 34444 21:0 1018
1018 177 21:0 1019
1018 34359 21:0 1024
1019 34456 21:0 1019
1021 34456 1:0 1021
1021 34458 21:0 1021
1023 34360 21:0 1026
1025 34458 1:0 1025
1025 34456 21:0 1025
1025 175 21:0 1029
1028 34361 21:0 1043
1030 34449 1:0 1030
1033 34462 21:0 1033
1033 749 1:0 1033
1034 34462 1:0 1034
1034 749 21:0 1034
1035 34462 21:0 1035
1038 34462 1:0 1038
1040 34462 21:0 1040
1042 34467 21:0 1042
1042 251 21:0 1042
1042 34468 21:0 1042
1042 191 21:0 1095
1043 34469 21:0 1043
1044 34469 1:0 1044
1044 34470 21:0 1044
1047 34469 21:0 1047
1048 34469 1:0 1048
1048 34471 21:0 1048
1052 34472 21:0 1052
1052 34470 1:0 1052
1053 34470 21:0 1053
1053 34471 1:0 1053
1054 34472 1:0 1054
1054 34471 21:0 1054
1055 34470 1:0 1055
1055 34472 21:0 1055
1057 34471 1:0 1057
1057 34470 21:0 1057
1059 34471 21:0 1059
1059 749 1:0 1059
1061 34470 1:0 1061
1062 749 21:0 1062
1062 34470 21:0 1062
1064 749 1:0 1064
1064 34471 1:0 1064
1064 34473 21:0 1064
1065 34471 21:0 1065
1065 749 21:0 1065
1067 34471 1:0 1067
1067 34473 1:0 1067
1067 34470 1:0 1067
1068 34473 21:0 1068
1071 34472 1:0 1071
1071 34475 21:0 1071
1075 34476 21:0 1075
1075 34473 1:0 1075
1076 34473 21:0 1076
1076 34475 1:0 1076
1077 34475 21:0 1077
1077 34476 1:0 1077
1078 34475 1:0 1078
1078 34473 1:0 1078
1085 34462 1:0 1085
1087 34482 21:0 1087
1090 34482 1:0 1090
1092 34482 21:0 1092
1094 34487 21:0 1094
1094 253 21:0 1094
1094 34478 21:0 1094
1094 241 21:0 1094
1094 239 21:0 1094
1094 34476 21:0 1094
1094 237 21:0 1094
1094 34488 21:0 1094
1094 243 21:0 1094
1094 34391 21:0 1095
1094 195 21:0 1100
1095 34489 21:0 1095
1097 34489 1:0 1097
1097 34491 21:0 1097
1099 34392 21:0 1105
1101 34491 1:0 1101
1104 34489 21:0 1104
1104 34393 21:0 1105
1104 34394 21:0 1123
1106 34482 1:0 1106
1109 34495 21:0 1109
1109 749 1:0 1109
1110 34495 1:0 1110
1110 749 21:0 1110
1111 34495 21:0 1111
1114 34495 1:0 1114
1116 34495 21:0 1116
1119 34502 21:0 1119
1120 34502 1:0 1120
1120 34503 21:0 1120
1122 269 21:0 1122
1122 34500 21:0 1122
1122 34501 21:0 1122
1122 255 21:0 1122
1122 193 21:0 1171
1123 34502 21:0 1123
1124 34502 1:0 1124
1124 34504 21:0 1124
1128 34505 21:0 1128
1128 34503 1:0 1128
1129 34503 21:0 1129
1129 34504 1:0 1129
1130 34505 1:0 1130
1130 34504 21:0 1130
1131 34503 1:0 1131
1131 34505 21:0 1131
1133 34504 1:0 1133
1133 34503 21:0 1133
1135 34504 21:0 1135
1135 749 1:0 1135
1137 34503 1:0 1137
1138 749 21:0 1138
1138 34503 21:0 1138
1140 749 1:0 1140
1140 34504 1:0 1140
1140 34506 21:0 1140
1141 34504 21:0 1141
1141 749 21:0 1141
1143 34504 1:0 1143
1143 34506 1:0 1143
1143 34503 1:0 1143
1144 34506 21:0 1144
1147 34505 1:0 1147
1147 34508 21:0 1147
1151 34509 21:0 1151
1151 34506 1:0 1151
1152 34506 21:0 1152
1152 34508 1:0 1152
1153 34508 21:0 1153
1153 34509 1:0 1153
1154 34508 1:0 1154
1154 34506 1:0 1154
1161 34495 1:0 1161
1163 34515 21:0 1163
1166 34515 1:0 1166
1168 34515 21:0 1168
1170 34520 21:0 1170
1170 271 21:0 1170
1170 34511 21:0 1170
1170 259 21:0 1170
1170 257 21:0 1170
1170 34495 21:0 1170
1170 34510 21:0 1170
1170 34502 21:0 1170
1170 34509 21:0 1170
1170 34508 21:0 1170
1170 34521 21:0 1170
1170 209 21:0 1171
1170 34424 21:0 1176
1171 34522 21:0 1171
1173 34522 1:0 1173
1173 34524 21:0 1173
1175 213 21:0 1181
1177 34524 1:0 1177
1180 34522 21:0 1180
1180 34425 21:0 1181
1180 34426 21:0 1214
1182 34515 1:0 1182
1185 34528 21:0 1185
1185 749 1:0 1185
1186 34528 1:0 1186
1186 749 21:0 1186
1187 34528 21:0 1187
1190 34528 1:0 1190
1192 34528 21:0 1192
1195 34535 21:0 1195
1196 34535 1:0 1196
1196 34536 21:0 1196
1199 34535 21:0 1199
1200 34535 1:0 1200
1200 34537 21:0 1200
1204 34538 21:0 1204
1204 34536 1:0 1204
1205 34536 21:0 1205
1205 34537 1:0 1205
1206 34538 1:0 1206
1206 34537 21:0 1206
1207 34536 1:0 1207
1207 34538 21:0 1207
1209 34537 1:0 1209
1209 34536 21:0 1209
1211 34537 21:0 1211
1211 749 1:0 1211
1213 34536 1:0 1213
1213 287 21:0 1213
1213 34533 21:0 1213
1213 277 21:0 1213
1213 275 21:0 1213
1213 34535 21:0 1213
1213 34534 21:0 1213
1213 273 21:0 1213
1213 34515 21:0 1213
1213 34427 21:0 1247
1214 749 21:0 1214
1214 34536 21:0 1214
1216 749 1:0 1216
1216 34537 1:0 1216
1216 34539 21:0 1216
1217 34537 21:0 1217
1217 749 21:0 1217
1219 34537 1:0 1219
1219 34539 1:0 1219
1219 34536 1:0 1219
1220 34539 21:0 1220
1223 34538 1:0 1223
1223 34541 21:0 1223
1227 34542 21:0 1227
1227 34539 1:0 1227
1228 34539 21:0 1228
1228 34541 1:0 1228
1229 34541 21:0 1229
1229 34542 1:0 1229
1230 34541 1:0 1230
1230 34539 1:0 1230
1237 34528 1:0 1237
1239 34548 21:0 1239
1242 34548 1:0 1242
1244 34548 21:0 1244
1246 34553 21:0 1246
1246 289 21:0 1246
1246 34544 21:0 1246
1246 34542 21:0 1246
1246 34541 21:0 1246
1246 34554 21:0 1246
1246 34543 21:0 1246
1246 34528 21:0 1246
1246 279 21:0 1246
1246 34539 21:0 1246
1246 211 21:0 1247
1246 227 21:0 1252
1247 34555 21:0 1247
1249 34555 1:0 1249
1249 34557 21:0 1249
1251 34457 21:0 1257
1253 34557 1:0 1253
1256 34555 21:0 1256
1256 231 21:0 1257
1256 34459 21:0 1307
1258 34548 1:0 1258
1261 34561 21:0 1261
1261 749 1:0 1261
1262 34561 1:0 1262
1262 749 21:0 1262
1263 34561 21:0 1263
1266 34561 1:0 1266
1268 34561 21:0 1268
1271 34568 21:0 1271
1272 34568 1:0 1272
1272 34569 21:0 1272
1275 34568 21:0 1275
1276 34568 1:0 1276
1276 34570 21:0 1276
1280 34571 21:0 1280
1280 34569 1:0 1280
1281 34569 21:0 1281
1281 34570 1:0 1281
1282 34571 1:0 1282
1282 34570 21:0 1282
1283 34569 1:0 1283
1283 34571 21:0 1283
1285 34570 1:0 1285
1285 34569 21:0 1285
1287 34570 21:0 1287
1287 749 1:0 1287
1289 34569 1:0 1289
1290 749 21:0 1290
1290 34569 21:0 1290
1292 749 1:0 1292
1292 34570 1:0 1292
1292 34572 21:0 1292
1293 34570 21:0 1293
1293 749 21:0 1293
1295 34570 1:0 1295
1295 34572 1:0 1295
1295 34569 1:0 1295
1296 34572 21:0 1296
1299 34571 1:0 1299
1299 34574 21:0 1299
1303 34575 21:0 1303
1303 34572 1:0 1303
1304 34572 21:0 1304
1304 34574 1:0 1304
1305 34574 21:0 1305
1305 34575 1:0 1305
1306 34574 1:0 1306
1306 34572 1:0 1306
1306 305 21:0 1306
1306 34566 21:0 1306
1306 295 21:0 1306
1306 293 21:0 1306
1306 34568 21:0 1306
1306 34567 21:0 1306
1306 34548 21:0 1306
1306 291 21:0 1306
1306 34458 21:0 1323
1313 34561 1:0 1313
1315 34581 21:0 1315
1318 34581 1:0 1318
1320 34581 21:0 1320
1322 34586 21:0 1322
1322 307 21:0 1322
1322 34577 21:0 1322
1322 34561 21:0 1322
1322 34576 21:0 1322
1322 34574 21:0 1322
1322 34587 21:0 1322
1322 34575 21:0 1322
1322 34572 21:0 1322
1322 297 21:0 1322
1322 229 21:0 1323
1322 34460 21:0 1328
1323 34588 21:0 1323
1325 34588 1:0 1325
1325 34590 21:0 1325
1327 245 21:0 1333
1329 34590 1:0 1329
1332 34588 21:0 1332
1332 34490 21:0 1333
1332 249 21:0 1383
1334 34581 1:0 1334
1337 34594 21:0 1337
1337 749 1:0 1337
1338 34594 1:0 1338
1338 749 21:0 1338
1339 34594 21:0 1339
1342 34594 1:0 1342
1344 34594 21:0 1344
1347 34601 21:0 1347
1348 34601 1:0 1348
1348 34602 21:0 1348
1351 34601 21:0 1351
1352 34601 1:0 1352
1352 34603 21:0 1352
1356 34604 21:0 1356
1356 34602 1:0 1356
1357 34602 21:0 1357
1357 34603 1:0 1357
1358 34604 1:0 1358
1358 34603 21:0 1358
1359 34602 1:0 1359
1359 34604 21:0 1359
1361 34603 1:0 1361
1361 34602 21:0 1361
1363 34603 21:0 1363
1363 749 1:0 1363
1365 34602 1:0 1365
1366 749 21:0 1366
1366 34602 21:0 1366
1368 749 1:0 1368
1368 34603 1:0 1368
1368 34605 21:0 1368
1369 34603 21:0 1369
1369 749 21:0 1369
1371 34603 1:0 1371
1371 34605 1:0 1371
1371 34602 1:0 1371
1372 34605 21:0 1372
1375 34604 1:0 1375
1375 34607 21:0 1375
1379 34608 21:0 1379
1379 34605 1:0 1379
1380 34605 21:0 1380
1380 34607 1:0 1380
1381 34607 21:0 1381
1381 34608 1:0 1381
1382 34607 1:0 1382
1382 34605 1:0 1382
1382 323 21:0 1382
1382 34599 21:0 1382
1382 313 21:0 1382
1382 311 21:0 1382
1382 34600 21:0 1382
1382 34601 21:0 1382
1382 34581 21:0 1382
1382 309 21:0 1382
1382 34004 21:0 1388
1382 34005 21:0 1383
1387 34610 21:0 1387
1387 34607 21:0 1387
1387 34608 21:0 1387
1387 34605 21:0 1387
1387 34492 21:0 1399
1389 34594 1:0 1389
1391 34614 21:0 1391
1394 34614 1:0 1394
1396 34614 21:0 1396
1398 34619 21:0 1398
1398 325 21:0 1398
1398 315 21:0 1398
1398 34609 21:0 1398
1398 34594 21:0 1398
1398 34620 21:0 1398
1398 34491 21:0 1404
1399 34621 21:0 1399
1401 34621 1:0 1401
1401 34623 21:0 1401
1403 247 21:0 1404
1403 34493 21:0 1409
1405 34623 1:0 1405
1408 34621 21:0 1408
1408 263 21:0 1409
1408 34523 21:0 1464
1410 34614 1:0 1410
1413 34627 21:0 1413
1413 749 1:0 1413
1414 34627 1:0 1414
1414 749 21:0 1414
1415 34627 21:0 1415
1418 34627 1:0 1418
1420 34627 21:0 1420
1423 34634 21:0 1423
1424 34634 1:0 1424
1424 34635 21:0 1424
1427 34634 21:0 1427
1428 34634 1:0 1428
1428 34636 21:0 1428
1432 34637 21:0 1432
1432 34635 1:0 1432
1433 34635 21:0 1433
1433 34636 1:0 1433
1434 34637 1:0 1434
1434 34636 21:0 1434
1435 34635 1:0 1435
1435 34637 21:0 1435
1437 34636 1:0 1437
1437 34635 21:0 1437
1439 34636 21:0 1439
1439 749 1:0 1439
1441 34635 1:0 1441
1442 749 21:0 1442
1442 34635 21:0 1442
1444 749 1:0 1444
1444 34636 1:0 1444
1444 34638 21:0 1444
1445 34636 21:0 1445
1445 749 21:0 1445
1447 34636 1:0 1447
1447 34638 1:0 1447
1447 34635 1:0 1447
1448 34638 21:0 1448
1451 34637 1:0 1451
1451 34640 21:0 1451
1455 34641 21:0 1455
1455 34638 1:0 1455
1456 34638 21:0 1456
1456 34640 1:0 1456
1457 34640 21:0 1457
1457 34641 1:0 1457
1458 34640 1:0 1458
1458 34638 1:0 1458
1463 341 21:0 1463
1463 34632 21:0 1463
1463 34643 21:0 1463
1463 329 21:0 1463
1463 331 21:0 1463
1463 327 21:0 1463
1463 34641 21:0 1463
1463 34640 21:0 1463
1463 34633 21:0 1463
1463 34634 21:0 1463
1463 34614 21:0 1463
1463 34638 21:0 1463
1463 267 21:0 1475
1465 34627 1:0 1465
1467 34647 21:0 1467
1470 34647 1:0 1470
1472 34647 21:0 1472
1474 343 21:0 1474
1474 34652 21:0 1474
1474 34642 21:0 1474
1474 333 21:0 1474
1474 34653 21:0 1474
1474 34627 21:0 1474
1474 34524 21:0 1480
1475 34654 21:0 1475
1477 34654 1:0 1477
1477 34656 21:0 1477
1479 34525 21:0 1480
1479 265 21:0 1485
1481 34656 1:0 1481
1484 34654 21:0 1484
1484 34526 21:0 1499
1486 34647 1:0 1486
1489 34660 21:0 1489
1489 749 1:0 1489
1490 34660 1:0 1490
1490 749 21:0 1490
1491 34660 21:0 1491
1494 34660 1:0 1494
1496 34660 21:0 1496
1498 359 21:0 1498
1498 34665 21:0 1498
1498 34647 21:0 1498
1498 34666 21:0 1498
1498 281 21:0 1540
1499 34667 21:0 1499
1500 34667 1:0 1500
1500 34668 21:0 1500
1503 34667 21:0 1503
1504 34667 1:0 1504
1504 34669 21:0 1504
1508 34670 21:0 1508
1508 34668 1:0 1508
1509 34668 21:0 1509
1509 34669 1:0 1509
1510 34670 1:0 1510
1510 34669 21:0 1510
1511 34668 1:0 1511
1511 34670 21:0 1511
1513 34669 1:0 1513
1513 34668 21:0 1513
1515 34669 21:0 1515
1515 749 1:0 1515
1517 34668 1:0 1517
1518 749 21:0 1518
1518 34668 21:0 1518
1520 749 1:0 1520
1520 34669 1:0 1520
1520 34671 21:0 1520
1521 34669 21:0 1521
1521 749 21:0 1521
1523 34669 1:0 1523
1523 34671 1:0 1523
1523 34668 1:0 1523
1524 34671 21:0 1524
1527 34670 1:0 1527
1527 34673 21:0 1527
1531 34674 21:0 1531
1531 34671 1:0 1531
1532 34671 21:0 1532
1532 34673 1:0 1532
1533 34673 21:0 1533
1533 34674 1:0 1533
1534 34673 1:0 1534
1534 34671 1:0 1534
1539 34676 21:0 1539
1539 347 21:0 1539
1539 349 21:0 1539
1539 34667 21:0 1539
1539 34673 21:0 1539
1539 34674 21:0 1539
1539 34671 21:0 1539
1539 345 21:0 1539
1539 34556 21:0 1551
1541 34660 1:0 1541
1543 34680 21:0 1543
1546 34680 1:0 1546
1548 34680 21:0 1548
1550 361 21:0 1550
1550 34685 21:0 1550
1550 34660 21:0 1550
1550 351 21:0 1550
1550 34675 21:0 1550
1550 34686 21:0 1550
1550 285 21:0 1556
1551 34687 21:0 1551
1553 34687 1:0 1553
1553 34689 21:0 1553
1555 34558 21:0 1556
1555 34557 21:0 1561
1557 34689 1:0 1557
1560 34687 21:0 1560
1560 283 21:0 1575
1562 34680 1:0 1562
1565 34693 21:0 1565
1565 749 1:0 1565
1566 34693 1:0 1566
1566 749 21:0 1566
1567 34693 21:0 1567
1570 34693 1:0 1570
1572 34693 21:0 1572
1574 34698 21:0 1574
1574 377 21:0 1574
1574 34699 21:0 1574
1574 34680 21:0 1574
1574 34559 21:0 1616
1575 34700 21:0 1575
1576 34700 1:0 1576
1576 34701 21:0 1576
1579 34700 21:0 1579
1580 34700 1:0 1580
1580 34702 21:0 1580
1584 34703 21:0 1584
1584 34701 1:0 1584
1585 34701 21:0 1585
1585 34702 1:0 1585
1586 34703 1:0 1586
1586 34702 21:0 1586
1587 34701 1:0 1587
1587 34703 21:0 1587
1589 34702 1:0 1589
1589 34701 21:0 1589
1591 34702 21:0 1591
1591 749 1:0 1591
1593 34701 1:0 1593
1594 749 21:0 1594
1594 34701 21:0 1594
1596 749 1:0 1596
1596 34702 1:0 1596
1596 34704 21:0 1596
1597 34702 21:0 1597
1597 749 21:0 1597
1599 34702 1:0 1599
1599 34704 1:0 1599
1599 34701 1:0 1599
1600 34704 21:0 1600
1603 34703 1:0 1603
1603 34706 21:0 1603
1607 34707 21:0 1607
1607 34704 1:0 1607
1608 34704 21:0 1608
1608 34706 1:0 1608
1609 34706 21:0 1609
1609 34707 1:0 1609
1610 34706 1:0 1610
1610 34704 1:0 1610
1615 34709 21:0 1615
1615 365 21:0 1615
1615 367 21:0 1615
1615 34707 21:0 1615
1615 34700 21:0 1615
1615 34706 21:0 1615
1615 34704 21:0 1615
1615 363 21:0 1615
1615 299 21:0 1627
1617 34693 1:0 1617
1619 34713 21:0 1619
1622 34713 1:0 1622
1624 34713 21:0 1624
1626 34718 21:0 1626
1626 379 21:0 1626
1626 369 21:0 1626
1626 34708 21:0 1626
1626 34693 21:0 1626
1626 34719 21:0 1626
1626 34589 21:0 1632
1627 34720 21:0 1627
1629 34720 1:0 1629
1629 34722 21:0 1629
1631 303 21:0 1632
1631 34590 21:0 1637
1633 34722 1:0 1633
1636 34720 21:0 1636
1636 34591 21:0 1651
1638 34713 1:0 1638
1641 34726 21:0 1641
1641 749 1:0 1641
1642 34726 1:0 1642
1642 749 21:0 1642
1643 34726 21:0 1643
1646 34726 1:0 1646
1648 34726 21:0 1648
1650 395 21:0 1650
1650 34731 21:0 1650
1650 34732 21:0 1650
1650 34713 21:0 1650
1650 301 21:0 1692
1651 34733 21:0 1651
1652 34733 1:0 1652
1652 34734 21:0 1652
1655 34733 21:0 1655
1656 34733 1:0 1656
1656 34735 21:0 1656
1660 34736 21:0 1660
1660 34734 1:0 1660
1661 34734 21:0 1661
1661 34735 1:0 1661
1662 34736 1:0 1662
1662 34735 21:0 1662
1663 34734 1:0 1663
1663 34736 21:0 1663
1665 34735 1:0 1665
1665 34734 21:0 1665
1667 34735 21:0 1667
1667 749 1:0 1667
1669 34734 1:0 1669
1670 749 21:0 1670
1670 34734 21:0 1670
1672 749 1:0 1672
1672 34735 1:0 1672
1672 34737 21:0 1672
1673 34735 21:0 1673
1673 749 21:0 1673
1675 34735 1:0 1675
1675 34737 1:0 1675
1675 34734 1:0 1675
1676 34737 21:0 1676
1679 34736 1:0 1679
1679 34739 21:0 1679
1683 34740 21:0 1683
1683 34737 1:0 1683
1684 34737 21:0 1684
1684 34739 1:0 1684
1685 34739 21:0 1685
1685 34740 1:0 1685
1686 34739 1:0 1686
1686 34737 1:0 1686
1691 34742 21:0 1691
1691 383 21:0 1691
1691 385 21:0 1691
1691 381 21:0 1691
1691 34739 21:0 1691
1691 34740 21:0 1691
1691 34733 21:0 1691
1691 34737 21:0 1691
1691 34592 21:0 1703
1693 34726 1:0 1693
1695 34746 21:0 1695
1698 34746 1:0 1698
1700 34746 21:0 1700
1702 397 21:0 1702
1702 34751 21:0 1702
1702 34726 21:0 1702
1702 34752 21:0 1702
1702 34741 21:0 1702
1702 387 21:0 1702
1702 317 21:0 1708
1703 34753 21:0 1703
1705 34753 1:0 1705
1705 34755 21:0 1705
1707 34622 21:0 1708
1707 321 21:0 1713
1709 34755 1:0 1709
1712 34753 21:0 1712
1712 34624 21:0 1727
1714 34746 1:0 1714
1717 34759 21:0 1717
1717 749 1:0 1717
1718 34759 1:0 1718
1718 749 21:0 1718
1719 34759 21:0 1719
1722 34759 1:0 1722
1724 34759 21:0 1724
1726 34764 21:0 1726
1726 413 21:0 1726
1726 34765 21:0 1726
1726 34746 21:0 1726
1726 34623 21:0 1768
1727 34766 21:0 1727
1728 34766 1:0 1728
1728 34767 21:0 1728
1731 34766 21:0 1731
1732 34766 1:0 1732
1732 34768 21:0 1732
1736 34769 21:0 1736
1736 34767 1:0 1736
1737 34767 21:0 1737
1737 34768 1:0 1737
1738 34769 1:0 1738
1738 34768 21:0 1738
1739 34767 1:0 1739
1739 34769 21:0 1739
1741 34768 1:0 1741
1741 34767 21:0 1741
1743 34768 21:0 1743
1743 749 1:0 1743
1745 34767 1:0 1745
1746 749 21:0 1746
1746 34767 21:0 1746
1748 749 1:0 1748
1748 34768 1:0 1748
1748 34770 21:0 1748
1749 34768 21:0 1749
1749 749 21:0 1749
1751 34768 1:0 1751
1751 34770 1:0 1751
1751 34767 1:0 1751
1752 34770 21:0 1752
1755 34769 1:0 1755
1755 34772 21:0 1755
1759 34773 21:0 1759
1759 34770 1:0 1759
1760 34770 21:0 1760
1760 34772 1:0 1760
1761 34772 21:0 1761
1761 34773 1:0 1761
1762 34772 1:0 1762
1762 34770 1:0 1762
1767 401 21:0 1767
1767 34775 21:0 1767
1767 403 21:0 1767
1767 34770 21:0 1767
1767 34772 21:0 1767
1767 34773 21:0 1767
1767 34766 21:0 1767
1767 399 21:0 1767
1767 319 21:0 1779
1769 34759 1:0 1769
1771 34779 21:0 1771
1774 34779 1:0 1774
1776 34779 21:0 1776
1778 34784 21:0 1778
1778 415 21:0 1778
1778 405 21:0 1778
1778 34759 21:0 1778
1778 34774 21:0 1778
1778 34785 21:0 1778
1778 34625 21:0 1784
1779 34786 21:0 1779
1781 34786 1:0 1781
1781 34788 21:0 1781
1783 335 21:0 1784
1783 34655 21:0 1789
1785 34788 1:0 1785
1788 34786 21:0 1788
1788 339 21:0 1803
1790 34779 1:0 1790
1793 34792 21:0 1793
1793 749 1:0 1793
1794 34792 1:0 1794
1794 749 21:0 1794
1795 34792 21:0 1795
1798 34792 1:0 1798
1800 34792 21:0 1800
1802 34797 21:0 1802
1802 431 21:0 1802
1802 34798 21:0 1802
1802 34779 21:0 1802
1802 34657 21:0 1848
1803 34799 21:0 1803
1804 34799 1:0 1804
1804 34800 21:0 1804
1807 34799 21:0 1807
1808 34799 1:0 1808
1808 34801 21:0 1808
1812 34802 21:0 1812
1812 34800 1:0 1812
1813 34800 21:0 1813
1813 34801 1:0 1813
1814 34802 1:0 1814
1814 34801 21:0 1814
1815 34800 1:0 1815
1815 34802 21:0 1815
1817 34801 1:0 1817
1817 34800 21:0 1817
1819 34801 21:0 1819
1819 749 1:0 1819
1821 34800 1:0 1821
1822 749 21:0 1822
1822 34800 21:0 1822
1824 749 1:0 1824
1824 34801 1:0 1824
1824 34803 21:0 1824
1825 34801 21:0 1825
1825 749 21:0 1825
1827 34801 1:0 1827
1827 34803 1:0 1827
1827 34800 1:0 1827
1828 34803 21:0 1828
1831 34802 1:0 1831
1831 34805 21:0 1831
1835 34806 21:0 1835
1835 34803 1:0 1835
1836 34803 21:0 1836
1836 34805 1:0 1836
1837 34805 21:0 1837
1837 34806 1:0 1837
1838 34805 1:0 1838
1838 34803 1:0 1838
1845 34792 1:0 1845
1847 34812 21:0 1847
1847 34808 21:0 1847
1847 421 21:0 1847
1847 419 21:0 1847
1847 34792 21:0 1847
1847 417 21:0 1847
1847 423 21:0 1847
1847 34807 21:0 1847
1847 34805 21:0 1847
1847 34799 21:0 1847
1847 34806 21:0 1847
1847 34803 21:0 1847
1847 34656 21:0 1855
1850 34812 1:0 1850
1852 34812 21:0 1852
1854 34817 21:0 1854
1854 433 21:0 1854
1854 34818 21:0 1854
1854 337 21:0 1860
1855 34819 21:0 1855
1857 34819 1:0 1857
1857 34821 21:0 1857
1859 34658 21:0 1860
1859 353 21:0 1865
1861 34821 1:0 1861
1864 34819 21:0 1864
1864 34688 21:0 1879
1866 34812 1:0 1866
1869 34825 21:0 1869
1869 749 1:0 1869
1870 34825 1:0 1870
1870 749 21:0 1870
1871 34825 21:0 1871
1874 34825 1:0 1874
1876 34825 21:0 1876
1878 34830 21:0 1878
1878 449 21:0 1878
1878 34831 21:0 1878
1878 34812 21:0 1878
1878 357 21:0 1931
1879 34832 21:0 1879
1880 34832 1:0 1880
1880 34833 21:0 1880
1883 34832 21:0 1883
1884 34832 1:0 1884
1884 34834 21:0 1884
1888 34835 21:0 1888
1888 34833 1:0 1888
1889 34833 21:0 1889
1889 34834 1:0 1889
1890 34835 1:0 1890
1890 34834 21:0 1890
1891 34833 1:0 1891
1891 34835 21:0 1891
1893 34834 1:0 1893
1893 34833 21:0 1893
1895 34834 21:0 1895
1895 749 1:0 1895
1897 34833 1:0 1897
1898 749 21:0 1898
1898 34833 21:0 1898
1900 749 1:0 1900
1900 34834 1:0 1900
1900 34836 21:0 1900
1901 34834 21:0 1901
1901 749 21:0 1901
1903 34834 1:0 1903
1903 34836 1:0 1903
1903 34833 1:0 1903
1904 34836 21:0 1904
1907 34835 1:0 1907
1907 34838 21:0 1907
1911 34839 21:0 1911
1911 34836 1:0 1911
1912 34836 21:0 1912
1912 34838 1:0 1912
1913 34838 21:0 1913
1913 34839 1:0 1913
1914 34838 1:0 1914
1914 34836 1:0 1914
1921 34825 1:0 1921
1923 34845 21:0 1923
1926 34845 1:0 1926
1928 34845 21:0 1928
1930 34850 21:0 1930
1930 451 21:0 1930
1930 34841 21:0 1930
1930 437 21:0 1930
1930 439 21:0 1930
1930 34825 21:0 1930
1930 34840 21:0 1930
1930 34836 21:0 1930
1930 34838 21:0 1930
1930 441 21:0 1930
1930 435 21:0 1930
1930 34832 21:0 1930
1930 34851 21:0 1930
1930 34839 21:0 1930
1930 34690 21:0 1931
1930 34689 21:0 1936
1931 34852 21:0 1931
1933 34852 1:0 1933
1933 34854 21:0 1933
1935 355 21:0 1941
1937 34854 1:0 1937
1940 34852 21:0 1940
1940 34691 21:0 1941
1940 371 21:0 1955
1942 34845 1:0 1942
1945 34858 21:0 1945
1945 749 1:0 1945
1946 34858 1:0 1946
1946 749 21:0 1946
1947 34858 21:0 1947
1950 34858 1:0 1950
1952 34858 21:0 1952
1954 467 21:0 1954
1954 34863 21:0 1954
1954 34845 21:0 1954
1954 34864 21:0 1954
1954 34721 21:0 2007
1955 34865 21:0 1955
1956 34865 1:0 1956
1956 34866 21:0 1956
1959 34865 21:0 1959
1960 34865 1:0 1960
1960 34867 21:0 1960
1964 34868 21:0 1964
1964 34866 1:0 1964
1965 34866 21:0 1965
1965 34867 1:0 1965
1966 34868 1:0 1966
1966 34867 21:0 1966
1967 34866 1:0 1967
1967 34868 21:0 1967
1969 34867 1:0 1969
1969 34866 21:0 1969
1971 34867 21:0 1971
1971 749 1:0 1971
1973 34866 1:0 1973
1974 749 21:0 1974
1974 34866 21:0 1974
1976 749 1:0 1976
1976 34867 1:0 1976
1976 34869 21:0 1976
1977 34867 21:0 1977
1977 749 21:0 1977
1979 34867 1:0 1979
1979 34869 1:0 1979
1979 34866 1:0 1979
1980 34869 21:0 1980
1983 34868 1:0 1983
1983 34871 21:0 1983
1987 34872 21:0 1987
1987 34869 1:0 1987
1988 34869 21:0 1988
1988 34871 1:0 1988
1989 34871 21:0 1989
1989 34872 1:0 1989
1990 34871 1:0 1990
1990 34869 1:0 1990
1997 34858 1:0 1997
1999 34878 21:0 1999
2002 34878 1:0 2002
2004 34878 21:0 2004
2006 469 21:0 2006
2006 34883 21:0 2006
2006 34874 21:0 2006
2006 457 21:0 2006
2006 455 21:0 2006
2006 34872 21:0 2006
2006 34858 21:0 2006
2006 34869 21:0 2006
2006 34871 21:0 2006
2006 34873 21:0 2006
2006 34865 21:0 2006
2006 453 21:0 2006
2006 459 21:0 2006
2006 34884 21:0 2006
2006 375 21:0 2007
2006 34722 21:0 2012
2007 34885 21:0 2007
2009 34885 1:0 2009
2009 34887 21:0 2009
2011 34723 21:0 2017
2013 34887 1:0 2013
2016 34885 21:0 2016
2016 373 21:0 2017
2016 34724 21:0 2035
2018 34878 1:0 2018
2021 34891 21:0 2021
2021 749 1:0 2021
2022 34891 1:0 2022
2022 749 21:0 2022
2023 34891 21:0 2023
2026 34891 1:0 2026
2028 34891 21:0 2028
2031 34898 21:0 2031
2032 34898 1:0 2032
2032 34899 21:0 2032
2034 34896 21:0 2034
2034 485 21:0 2034
2034 34897 21:0 2034
2034 471 21:0 2034
2034 34878 21:0 2034
2034 389 21:0 2083
2035 34898 21:0 2035
2036 34898 1:0 2036
2036 34900 21:0 2036
2040 34901 21:0 2040
2040 34899 1:0 2040
2041 34899 21:0 2041
2041 34900 1:0 2041
2042 34901 1:0 2042
2042 34900 21:0 2042
2043 34899 1:0 2043
2043 34901 21:0 2043
2045 34900 1:0 2045
2045 34899 21:0 2045
2047 34900 21:0 2047
2047 749 1:0 2047
2049 34899 1:0 2049
2050 749 21:0 2050
2050 34899 21:0 2050
2052 749 1:0 2052
2052 34900 1:0 2052
2052 34902 21:0 2052
2053 34900 21:0 2053
2053 749 21:0 2053
2055 34900 1:0 2055
2055 34902 1:0 2055
2055 34899 1:0 2055
2056 34902 21:0 2056
2059 34901 1:0 2059
2059 34904 21:0 2059
2063 34905 21:0 2063
2063 34902 1:0 2063
2064 34902 21:0 2064
2064 34904 1:0 2064
2065 34904 21:0 2065
2065 34905 1:0 2065
2066 34904 1:0 2066
2066 34902 1:0 2066
2073 34891 1:0 2073
2075 34911 21:0 2075
2078 34911 1:0 2078
2080 34911 21:0 2080
2082 487 21:0 2082
2082 34916 21:0 2082
2082 34907 21:0 2082
2082 473 21:0 2082
2082 475 21:0 2082
2082 34905 21:0 2082
2082 477 21:0 2082
2082 34906 21:0 2082
2082 34891 21:0 2082
2082 34904 21:0 2082
2082 34902 21:0 2082
2082 34898 21:0 2082
2082 34917 21:0 2082
2082 34754 21:0 2083
2082 393 21:0 2088
2083 34918 21:0 2083
2085 34918 1:0 2085
2085 34920 21:0 2085
2087 34756 21:0 2093
2089 34920 1:0 2089
2092 34918 21:0 2092
2092 34755 21:0 2093
2092 34757 21:0 2115
2094 34911 1:0 2094
2097 34924 21:0 2097
2097 749 1:0 2097
2098 34924 1:0 2098
2098 749 21:0 2098
2099 34924 21:0 2099
2102 34924 1:0 2102
2104 34924 21:0 2104
2107 34931 21:0 2107
2108 34931 1:0 2108
2108 34932 21:0 2108
2111 34931 21:0 2111
2112 34931 1:0 2112
2112 34933 21:0 2112
2114 503 21:0 2114
2114 34929 21:0 2114
2114 491 21:0 2114
2114 489 21:0 2114
2114 34911 21:0 2114
2114 34930 21:0 2114
2114 391 21:0 2159
2116 34934 21:0 2116
2116 34932 1:0 2116
2117 34932 21:0 2117
2117 34933 1:0 2117
2118 34934 1:0 2118
2118 34933 21:0 2118
2119 34932 1:0 2119
2119 34934 21:0 2119
2121 34933 1:0 2121
2121 34932 21:0 2121
2123 34933 21:0 2123
2123 749 1:0 2123
2125 34932 1:0 2125
2126 749 21:0 2126
2126 34932 21:0 2126
2128 749 1:0 2128
2128 34933 1:0 2128
2128 34935 21:0 2128
2129 34933 21:0 2129
2129 749 21:0 2129
2131 34933 1:0 2131
2131 34935 1:0 2131
2131 34932 1:0 2131
2132 34935 21:0 2132
2135 34934 1:0 2135
2135 34937 21:0 2135
2139 34938 21:0 2139
2139 34935 1:0 2139
2140 34935 21:0 2140
2140 34937 1:0 2140
2141 34937 21:0 2141
2141 34938 1:0 2141
2142 34937 1:0 2142
2142 34935 1:0 2142
2149 34924 1:0 2149
2151 34944 21:0 2151
2154 34944 1:0 2154
2156 34944 21:0 2156
2158 34949 21:0 2158
2158 505 21:0 2158
2158 34940 21:0 2158
2158 493 21:0 2158
2158 34931 21:0 2158
2158 34924 21:0 2158
2158 34938 21:0 2158
2158 34950 21:0 2158
2158 495 21:0 2158
2158 34937 21:0 2158
2158 34935 21:0 2158
2158 34939 21:0 2158
2158 407 21:0 2159
2158 34787 21:0 2164
2159 34951 21:0 2159
2161 34951 1:0 2161
2161 34953 21:0 2161
2163 411 21:0 2169
2165 34953 1:0 2165
2168 34951 21:0 2168
2168 34788 21:0 2169
2168 34789 21:0 2219
2170 34944 1:0 2170
2173 34957 21:0 2173
2173 749 1:0 2173
2174 34957 1:0 2174
2174 749 21:0 2174
2175 34957 21:0 2175
2178 34957 1:0 2178
2180 34957 21:0 2180
2183 34964 21:0 2183
2184 34964 1:0 2184
2184 34965 21:0 2184
2187 34964 21:0 2187
2188 34964 1:0 2188
2188 34966 21:0 2188
2192 34967 21:0 2192
2192 34965 1:0 2192
2193 34965 21:0 2193
2193 34966 1:0 2193
2194 34967 1:0 2194
2194 34966 21:0 2194
2195 34965 1:0 2195
2195 34967 21:0 2195
2197 34966 1:0 2197
2197 34965 21:0 2197
2199 34966 21:0 2199
2199 749 1:0 2199
2201 34965 1:0 2201
2202 749 21:0 2202
2202 34965 21:0 2202
2204 749 1:0 2204
2204 34966 1:0 2204
2204 34968 21:0 2204
2205 34966 21:0 2205
2205 749 21:0 2205
2207 34966 1:0 2207
2207 34968 1:0 2207
2207 34965 1:0 2207
2208 34968 21:0 2208
2211 34967 1:0 2211
2211 34970 21:0 2211
2215 34971 21:0 2215
2215 34968 1:0 2215
2216 34968 21:0 2216
2216 34970 1:0 2216
2217 34970 21:0 2217
2217 34971 1:0 2217
2218 34970 1:0 2218
2218 34968 1:0 2218
2218 34962 21:0 2218
2218 521 21:0 2218
2218 509 21:0 2218
2218 511 21:0 2218
2218 34963 21:0 2218
2218 34944 21:0 2218
2218 34964 21:0 2218
2218 507 21:0 2218
2218 34790 21:0 2235
2225 34957 1:0 2225
2227 34977 21:0 2227
2230 34977 1:0 2230
2232 34977 21:0 2232
2234 34982 21:0 2234
2234 523 21:0 2234
2234 34973 21:0 2234
2234 34971 21:0 2234
2234 34983 21:0 2234
2234 34970 21:0 2234
2234 513 21:0 2234
2234 34972 21:0 2234
2234 34968 21:0 2234
2234 34957 21:0 2234
2234 409 21:0 2235
2234 425 21:0 2240
2235 34984 21:0 2235
2237 34984 1:0 2237
2237 34986 21:0 2237
2239 34820 21:0 2245
2241 34986 1:0 2241
2244 34984 21:0 2244
2244 429 21:0 2245
2244 34822 21:0 2295
2246 34977 1:0 2246
2249 34990 21:0 2249
2249 749 1:0 2249
2250 34990 1:0 2250
2250 749 21:0 2250
2251 34990 21:0 2251
2254 34990 1:0 2254
2256 34990 21:0 2256
2259 34997 21:0 2259
2260 34997 1:0 2260
2260 34998 21:0 2260
2263 34997 21:0 2263
2264 34997 1:0 2264
2264 34999 21:0 2264
2268 35000 21:0 2268
2268 34998 1:0 2268
2269 34998 21:0 2269
2269 34999 1:0 2269
2270 35000 1:0 2270
2270 34999 21:0 2270
2271 34998 1:0 2271
2271 35000 21:0 2271
2273 34999 1:0 2273
2273 34998 21:0 2273
2275 34999 21:0 2275
2275 749 1:0 2275
2277 34998 1:0 2277
2278 749 21:0 2278
2278 34998 21:0 2278
2280 749 1:0 2280
2280 34999 1:0 2280
2280 35001 21:0 2280
2281 34999 21:0 2281
2281 749 21:0 2281
2283 34999 1:0 2283
2283 35001 1:0 2283
2283 34998 1:0 2283
2284 35001 21:0 2284
2287 35000 1:0 2287
2287 35003 21:0 2287
2291 35004 21:0 2291
2291 35001 1:0 2291
2292 35001 21:0 2292
2292 35003 1:0 2292
2293 35003 21:0 2293
2293 35004 1:0 2293
2294 35003 1:0 2294
2294 35001 1:0 2294
2294 539 21:0 2294
2294 34995 21:0 2294
2294 529 21:0 2294
2294 527 21:0 2294
2294 34996 21:0 2294
2294 34977 21:0 2294
2294 34997 21:0 2294
2294 525 21:0 2294
2294 34821 21:0 2311
2301 34990 1:0 2301
2303 35010 21:0 2303
2306 35010 1:0 2306
2308 35010 21:0 2308
2310 35015 21:0 2310
2310 541 21:0 2310
2310 35006 21:0 2310
2310 35016 21:0 2310
2310 35005 21:0 2310
2310 34990 21:0 2310
2310 531 21:0 2310
2310 35003 21:0 2310
2310 35001 21:0 2310
2310 35004 21:0 2310
2310 34823 21:0 2311
2310 427 21:0 2316
2311 35017 21:0 2311
2313 35017 1:0 2313
2313 35019 21:0 2313
2315 443 21:0 2321
2317 35019 1:0 2317
2320 35017 21:0 2320
2320 34853 21:0 2321
2320 447 21:0 2371
2322 35010 1:0 2322
2325 35023 21:0 2325
2325 749 1:0 2325
2326 35023 1:0 2326
2326 749 21:0 2326
2327 35023 21:0 2327
2330 35023 1:0 2330
2332 35023 21:0 2332
2335 35030 21:0 2335
2336 35030 1:0 2336
2336 35031 21:0 2336
2339 35030 21:0 2339
2340 35030 1:0 2340
2340 35032 21:0 2340
2344 35033 21:0 2344
2344 35031 1:0 2344
2345 35031 21:0 2345
2345 35032 1:0 2345
2346 35033 1:0 2346
2346 35032 21:0 2346
2347 35031 1:0 2347
2347 35033 21:0 2347
2349 35032 1:0 2349
2349 35031 21:0 2349
2351 35032 21:0 2351
2351 749 1:0 2351
2353 35031 1:0 2353
2354 749 21:0 2354
2354 35031 21:0 2354
2356 749 1:0 2356
2356 35032 1:0 2356
2356 35034 21:0 2356
2357 35032 21:0 2357
2357 749 21:0 2357
2359 35032 1:0 2359
2359 35034 1:0 2359
2359 35031 1:0 2359
2360 35034 21:0 2360
2363 35033 1:0 2363
2363 35036 21:0 2363
2367 35037 21:0 2367
2367 35034 1:0 2367
2368 35034 21:0 2368
2368 35036 1:0 2368
2369 35036 21:0 2369
2369 35037 1:0 2369
2370 35036 1:0 2370
2370 35034 1:0 2370
2370 557 21:0 2370
2370 35028 21:0 2370
2370 545 21:0 2370
2370 547 21:0 2370
2370 35030 21:0 2370
2370 543 21:0 2370
2370 35029 21:0 2370
2370 34854 21:0 2387
2377 35023 1:0 2377
2379 35043 21:0 2379
2382 35043 1:0 2382
2384 35043 21:0 2384
2386 35048 21:0 2386
2386 559 21:0 2386
2386 35039 21:0 2386
2386 35037 21:0 2386
2386 35038 21:0 2386
2386 35049 21:0 2386
2386 549 21:0 2386
2386 35036 21:0 2386
2386 35023 21:0 2386
2386 35034 21:0 2386
2386 34855 21:0 2387
2386 445 21:0 2392
2387 35050 21:0 2387
2389 35050 1:0 2389
2389 35052 21:0 2389
2391 34856 21:0 2397
2393 35052 1:0 2393
2396 35050 21:0 2396
2396 35052 21:0 2396
2396 35053 21:0 2396
2396 461 21:0 2397
2396 34886 21:0 2447
2398 35043 1:0 2398
2401 35056 21:0 2401
2401 749 1:0 2401
2402 35056 1:0 2402
2402 749 21:0 2402
2403 35056 21:0 2403
2406 35056 1:0 2406
2408 35056 21:0 2408
2411 35063 21:0 2411
2412 35063 1:0 2412
2412 35064 21:0 2412
2415 35063 21:0 2415
2416 35063 1:0 2416
2416 35065 21:0 2416
2420 35066 21:0 2420
2420 35064 1:0 2420
2421 35064 21:0 2421
2421 35065 1:0 2421
2422 35066 1:0 2422
2422 35065 21:0 2422
2423 35064 1:0 2423
2423 35066 21:0 2423
2425 35065 1:0 2425
2425 35064 21:0 2425
2427 35065 21:0 2427
2427 749 1:0 2427
2429 35064 1:0 2429
2430 749 21:0 2430
2430 35064 21:0 2430
2432 749 1:0 2432
2432 35065 1:0 2432
2432 35067 21:0 2432
2433 35065 21:0 2433
2433 749 21:0 2433
2435 35065 1:0 2435
2435 35067 1:0 2435
2435 35064 1:0 2435
2436 35067 21:0 2436
2439 35066 1:0 2439
2439 35069 21:0 2439
2443 35070 21:0 2443
2443 35067 1:0 2443
2444 35067 21:0 2444
2444 35069 1:0 2444
2445 35069 21:0 2445
2445 35070 1:0 2445
2446 35069 1:0 2446
2446 35067 1:0 2446
2446 35061 21:0 2446
2446 575 21:0 2446
2446 35054 21:0 2446
2446 465 21:0 2463
2453 35056 1:0 2453
2455 35076 21:0 2455
2458 35076 1:0 2458
2460 35076 21:0 2460
2462 577 21:0 2462
2462 35081 21:0 2462
2462 35071 21:0 2462
2462 35069 21:0 2462
2462 35070 21:0 2462
2462 35082 21:0 2462
2462 35067 21:0 2462
2462 567 21:0 2462
2462 34887 21:0 2468
2463 35083 21:0 2463
2465 35083 1:0 2465
2465 35085 21:0 2465
2467 569 21:0 2467
2467 35084 21:0 2467
2467 34888 21:0 2468
2467 34889 21:0 2473
2469 35085 1:0 2469
2472 35083 21:0 2472
2472 573 21:0 2472
2472 35086 21:0 2472
2472 35085 21:0 2472
2472 463 21:0 2473
2472 479 21:0 2528
2474 35076 1:0 2474
2477 35089 21:0 2477
2477 749 1:0 2477
2478 35089 1:0 2478
2478 749 21:0 2478
2479 35089 21:0 2479
2482 35089 1:0 2482
2484 35089 21:0 2484
2487 35096 21:0 2487
2488 35096 1:0 2488
2488 35097 21:0 2488
2491 35096 21:0 2491
2492 35096 1:0 2492
2492 35098 21:0 2492
2496 35099 21:0 2496
2496 35097 1:0 2496
2497 35097 21:0 2497
2497 35098 1:0 2497
2498 35099 1:0 2498
2498 35098 21:0 2498
2499 35097 1:0 2499
2499 35099 21:0 2499
2501 35098 1:0 2501
2501 35097 21:0 2501
2503 35098 21:0 2503
2503 749 1:0 2503
2505 35097 1:0 2505
2506 749 21:0 2506
2506 35097 21:0 2506
2508 749 1:0 2508
2508 35098 1:0 2508
2508 35100 21:0 2508
2509 35098 21:0 2509
2509 749 21:0 2509
2511 35098 1:0 2511
2511 35100 1:0 2511
2511 35097 1:0 2511
2512 35100 21:0 2512
2515 35099 1:0 2515
2515 35102 21:0 2515
2519 35103 21:0 2519
2519 35100 1:0 2519
2520 35100 21:0 2520
2520 35102 1:0 2520
2521 35102 21:0 2521
2521 35103 1:0 2521
2522 35102 1:0 2522
2522 35100 1:0 2522
2527 593 21:0 2527
2527 35094 21:0 2527
2527 35096 21:0 2527
2527 35095 21:0 2527
2527 579 21:0 2527
2527 35102 21:0 2527
2527 35103 21:0 2527
2527 35100 21:0 2527
2527 35087 21:0 2527
2527 571 21:0 2527
2527 34919 21:0 2539
2529 35089 1:0 2529
2531 35109 21:0 2531
2534 35109 1:0 2534
2536 35109 21:0 2536
2538 35114 21:0 2538
2538 595 21:0 2538
2538 585 21:0 2538
2538 35089 21:0 2538
2538 35115 21:0 2538
2538 35104 21:0 2538
2538 483 21:0 2544
2539 35116 21:0 2539
2541 35116 1:0 2541
2541 35118 21:0 2541
2543 35117 21:0 2543
2543 587 21:0 2543
2543 34921 21:0 2544
2543 34920 21:0 2549
2545 35118 1:0 2545
2548 35116 21:0 2548
2548 591 21:0 2548
2548 35118 21:0 2548
2548 35119 21:0 2548
2548 34922 21:0 2549
2548 481 21:0 2604
2550 35109 1:0 2550
2553 35122 21:0 2553
2553 749 1:0 2553
2554 35122 1:0 2554
2554 749 21:0 2554
2555 35122 21:0 2555
2558 35122 1:0 2558
2560 35122 21:0 2560
2563 35129 21:0 2563
2564 35129 1:0 2564
2564 35130 21:0 2564
2567 35129 21:0 2567
2568 35129 1:0 2568
2568 35131 21:0 2568
2572 35132 21:0 2572
2572 35130 1:0 2572
2573 35130 21:0 2573
2573 35131 1:0 2573
2574 35132 1:0 2574
2574 35131 21:0 2574
2575 35130 1:0 2575
2575 35132 21:0 2575
2577 35131 1:0 2577
2577 35130 21:0 2577
2579 35131 21:0 2579
2579 749 1:0 2579
2581 35130 1:0 2581
2582 749 21:0 2582
2582 35130 21:0 2582
2584 749 1:0 2584
2584 35131 1:0 2584
2584 35133 21:0 2584
2585 35131 21:0 2585
2585 749 21:0 2585
2587 35131 1:0 2587
2587 35133 1:0 2587
2587 35130 1:0 2587
2588 35133 21:0 2588
2591 35132 1:0 2591
2591 35135 21:0 2591
2595 35136 21:0 2595
2595 35133 1:0 2595
2596 35133 21:0 2596
2596 35135 1:0 2596
2597 35135 21:0 2597
2597 35136 1:0 2597
2598 35135 1:0 2598
2598 35133 1:0 2598
2603 35127 21:0 2603
2603 611 21:0 2603
2603 35129 21:0 2603
2603 35136 21:0 2603
2603 35128 21:0 2603
2603 35135 21:0 2603
2603 35133 21:0 2603
2603 35109 21:0 2603
2603 597 21:0 2603
2603 589 21:0 2603
2603 35120 21:0 2603
2603 497 21:0 2615
2605 35122 1:0 2605
2607 35142 21:0 2607
2610 35142 1:0 2610
2612 35142 21:0 2612
2614 35147 21:0 2614
2614 613 21:0 2614
2614 35148 21:0 2614
2614 603 21:0 2614
2614 35122 21:0 2614
2614 35137 21:0 2614
2614 34952 21:0 2620
2615 35149 21:0 2615
2617 35149 1:0 2617
2617 35151 21:0 2617
2619 35150 21:0 2619
2619 605 21:0 2619
2619 501 21:0 2620
2619 34953 21:0 2625
2621 35151 1:0 2621
2624 35149 21:0 2624
2624 609 21:0 2624
2624 35152 21:0 2624
2624 35151 21:0 2624
2624 34954 21:0 2639
2626 35142 1:0 2626
2629 35155 21:0 2629
2629 749 1:0 2629
2630 35155 1:0 2630
2630 749 21:0 2630
2631 35155 21:0 2631
2634 35155 1:0 2634
2636 35155 21:0 2636
2638 35161 21:0 2638
2638 35142 21:0 2638
2638 35153 21:0 2638
2638 607 21:0 2638
2638 34955 21:0 2680
2655 749 1:0 2655
2679 35169 21:0 2679
2679 615 21:0 2679
2679 35162 21:0 2679
2679 35168 21:0 2679
2679 35166 21:0 2679
2679 499 21:0 2691
2681 35155 1:0 2681
2690 35181 21:0 2690
2690 35170 21:0 2690
2690 35155 21:0 2690
2690 621 21:0 2690
2690 515 21:0 2696
2693 35184 21:0 2693
2695 623 21:0 2695
2695 35183 21:0 2695
2695 34985 21:0 2696
2695 519 21:0 2701
2697 35184 1:0 2697
2700 35184 21:0 2700
2700 35185 21:0 2700
2700 627 21:0 2700
2700 34986 21:0 2715
2714 35186 21:0 2714
2714 625 21:0 2714
2714 34987 21:0 2756
2755 517 21:0 2767
2766 34988 21:0 2772
2771 35216 21:0 2771
2771 641 21:0 2771
2771 533 21:0 2772
2771 35018 21:0 2777
2776 35218 21:0 2776
2776 645 21:0 2776
2776 35217 21:0 2776
2776 537 21:0 2791
2790 35219 21:0 2790
2790 643 21:0 2790
2790 35020 21:0 2832
2831 35019 21:0 2843
2842 34039 21:0 2843
2842 730 21:0 2843
2842 3 21:0 2848
2847 35249 21:0 2847
2847 659 21:0 2847
2847 34044 21:0 2848
2847 34047 21:0 2848
2847 34040 21:0 2848
2847 34046 21:0 2848
2847 34053 21:0 2853
2852 35250 21:0 2852
2852 663 21:0 2852
2852 35251 21:0 2852
2852 34060 21:0 2853
2852 9 21:0 2853
2852 34048 21:0 2853
2852 34059 21:0 2853
2852 34086 21:0 2867
2866 661 21:0 2866
2866 35252 21:0 2866
2866 34092 21:0 2867
2866 21 21:0 2903
2902 34072 21:0 2908
2907 34077 21:0 2908
2907 34080 21:0 2919
2918 34081 21:0 2919
2918 34073 21:0 2919
2918 34079 21:0 2919
2918 34066 21:0 2919
2918 535 21:0 2924
2923 35282 21:0 2923
2923 677 21:0 2923
2923 35021 21:0 2929
2928 681 21:0 2928
2928 35284 21:0 2928
2928 35283 21:0 2928
2928 39 21:0 2929
2928 34105 21:0 2929
2928 34110 21:0 2929
2928 34113 21:0 2929
2928 34106 21:0 2943
2942 35285 21:0 2942
2942 679 21:0 2942
2942 34093 21:0 2943
2942 34125 21:0 2979
2978 34099 21:0 2984
2983 45 21:0 2984
2983 34112 21:0 2995
2994 34152 21:0 2995
2994 27 21:0 2995
2994 34126 21:0 2995
2994 63 21:0 2995
2994 34139 21:0 3000
2999 34146 21:0 3000
2999 57 21:0 3000
2999 34143 21:0 3000
2999 34114 21:0 3000
2999 34138 21:0 3005
3004 34158 21:0 3005
3004 34147 21:0 3005
3004 34119 21:0 3005
3004 34191 21:0 3005
3004 34132 21:0 3005
3004 75 21:0 3019
3018 34176 21:0 3023
3022 81 21:0 3055
3054 34171 21:0 3060
3059 34165 21:0 3071
3070 34212 21:0 3071
3070 34179 21:0 3071
3070 34159 21:0 3071
3070 34185 21:0 3071
3070 34172 21:0 3071
3070 34145 21:0 3076
3075 93 21:0 3076
3075 34198 21:0 3076
3075 34218 21:0 3076
3075 34204 21:0 3076
3075 34209 21:0 3081
3080 34205 21:0 3081
3080 34211 21:0 3081
3080 34192 21:0 3081
3080 34238 21:0 3081
3080 34231 21:0 3090
3089 563 21:0 3096
3093 725 1:0 3093
3095 35072 21:0 3096
3095 581 21:0 3096
3095 565 21:0 3096
3095 583 21:0 3101
3099 34033 1:0 3099
3101 35361 21:0 3108
3107 35105 21:0 3108
3107 599 21:0 3108
3107 601 21:0 3111
3110 617 21:0 3111
3110 619 21:0 3111
3110 35171 21:0 3111
3110 35138 21:0 3111
3110 635 21:0 3111
3110 35204 21:0 3114
3113 35237 21:0 3114
3114 35369 21:0 3132
3131 725 21:0 3132
3131 111 21:0 3132
3131 34224 21:0 3132
3131 117 21:0 3132
3131 34251 21:0 3132
3131 34213 21:0 3135
3134 749 21:0 3135
3134 35303 21:0 3135
3134 35336 21:0 3135
3134 34246 21:0 3135
3134 35270 21:0 3135
3134 655 21:0 3135
3134 551 21:0 3135
3134 637 21:0 3135
3134 653 21:0 3135
3138 35385 21:0 3142
3141 715 21:0 3145
3144 99 21:0 3145
3144 34277 21:0 3145
3144 691 21:0 3145
3144 34278 21:0 3145
3144 689 21:0 3145
3144 673 21:0 3145
3144 671 21:0 3145
3148 35389 21:0 3150
3149 717 21:0 3153
3152 707 21:0 3153
3152 34225 21:0 3153
3152 34257 21:0 3153
3152 135 21:0 3153
3152 709 21:0 3153
3157 35392 21:0 3213
3178 35336 1:0 3182
3187 749 1:0 3193
3209 709 1:0 3210
3212 713 21:0 3238
3217 707 1:0 3218
3237 35424 21:0 3254
3253 35410 21:0 3254
3253 34270 21:0 3254
3253 705 21:0 3254
3253 711 21:0 3254
3253 34290 21:0 3257
3256 34297 21:0 3257
3256 35419 21:0 3257
3256 35421 21:0 3257
3256 34237 21:0 3257
3256 707 21:0 3257
3256 749 21:0 3257
3256 34178 21:0 3257
3256 34264 21:0 3257
3260 35442 21:0 3264
3263 697 21:0 3267
3266 709 21:0 3267
3266 34308 21:0 3267
3266 34311 21:0 3267
3266 34284 21:0 3267
3270 35446 21:0 3272
3271 699 21:0 3275
3274 34323 21:0 3275
3274 34275 21:0 3275
3274 34304 21:0 3275
3279 35449 21:0 3335
3300 35303 1:0 3304
3309 749 1:0 3315
3331 691 1:0 3332
3334 695 21:0 3360
3339 35285 1:0 3339
3339 679 1:0 3339
3339 681 1:0 3339
3339 35284 1:0 3339
3339 35283 1:0 3339
3339 35282 1:0 3339
3339 677 1:0 3339
3339 689 1:0 3340
3359 35481 21:0 3376
3375 693 21:0 3376
3375 34271 21:0 3376
3375 687 21:0 3376
3375 35467 21:0 3376
3375 34345 21:0 3379
3378 689 21:0 3379
3378 749 21:0 3379
3378 35476 21:0 3379
3378 35478 21:0 3379
3378 34344 21:0 3379
3378 34324 21:0 3379
3378 34303 21:0 3379
3378 165 21:0 3379
3382 35499 21:0 3386
3385 679 21:0 3389
3388 34291 21:0 3389
3388 34336 21:0 3389
3388 34341 21:0 3389
3388 691 21:0 3389
3392 35503 21:0 3394
3393 681 21:0 3397
3396 34337 21:0 3397
3396 34370 21:0 3397
3396 34356 21:0 3397
3401 35506 21:0 3457
3422 35270 1:0 3426
3431 749 1:0 3437
3453 673 1:0 3454
3456 677 21:0 3482
3461 661 1:0 3461
3461 35252 1:0 3461
3461 35250 1:0 3461
3461 663 1:0 3461
3461 35251 1:0 3461
3461 35249 1:0 3461
3461 659 1:0 3461
3461 671 1:0 3462
3481 35538 21:0 3498
3497 35524 21:0 3498
3497 675 21:0 3498
3497 669 21:0 3498
3497 34312 21:0 3498
3497 34279 21:0 3501
3500 35533 21:0 3501
3500 129 21:0 3501
3500 34343 21:0 3501
3500 34180 21:0 3501
3500 34389 21:0 3501
3500 749 21:0 3501
3500 671 21:0 3501
3500 35535 21:0 3501
3504 35556 21:0 3508
3507 661 21:0 3511
3510 189 21:0 3511
3510 34357 21:0 3511
3510 34245 21:0 3511
3510 673 21:0 3511
3514 35560 21:0 3516
3515 663 21:0 3519
3518 34390 21:0 3519
3518 34410 21:0 3519
3518 34376 21:0 3519
3523 35563 21:0 3579
3544 35237 1:0 3548
3553 749 1:0 3559
3575 655 1:0 3576
3578 659 21:0 3604
3583 35219 1:0 3583
3583 643 1:0 3583
3583 35218 1:0 3583
3583 645 1:0 3583
3583 35217 1:0 3583
3583 35216 1:0 3583
3583 641 1:0 3583
3583 653 1:0 3584
3603 35595 21:0 3620
3619 35581 21:0 3620
3619 651 21:0 3620
3619 657 21:0 3620
3619 34402 21:0 3620
3619 34350 21:0 3623
3622 34411 21:0 3623
3622 207 21:0 3623
3622 34363 21:0 3623
3622 34409 21:0 3623
3622 35592 21:0 3623
3622 749 21:0 3623
3622 35590 21:0 3623
3622 655 21:0 3623
3626 35613 21:0 3630
3629 643 21:0 3633
3632 653 21:0 3633
3632 34374 21:0 3633
3632 34330 21:0 3633
3632 34310 21:0 3633
3636 35617 21:0 3638
3637 645 21:0 3641
3640 225 21:0 3641
3640 201 21:0 3641
3640 34442 21:0 3641
3645 35620 21:0 3701
3666 35204 1:0 3670
3675 749 1:0 3681
3697 637 1:0 3698
3700 641 21:0 3726
3705 35181 1:0 3705
3705 35170 1:0 3705
3705 621 1:0 3705
3705 35186 1:0 3705
3705 625 1:0 3705
3705 35184 1:0 3705
3705 35185 1:0 3705
3705 627 1:0 3705
3705 623 1:0 3705
3705 35183 1:0 3705
3705 635 1:0 3706
3725 35652 21:0 3742
3741 639 21:0 3742
3741 633 21:0 3742
3741 35638 21:0 3742
3741 153 21:0 3742
3741 34258 21:0 3745
3744 34473 21:0 3745
3744 635 21:0 3745
3744 34443 21:0 3745
3744 35649 21:0 3745
3744 35647 21:0 3745
3744 34377 21:0 3745
3744 749 21:0 3745
3744 34407 21:0 3745
3748 35670 21:0 3752
3751 625 21:0 3755
3754 34462 21:0 3755
3754 34477 21:0 3755
3754 34429 21:0 3755
3754 637 21:0 3755
3758 35674 21:0 3760
3759 627 21:0 3763
3762 147 21:0 3763
3762 34475 21:0 3763
3762 34244 21:0 3763
3767 35677 21:0 3823
3788 35171 1:0 3792
3791 35169 1:0 3791
3791 35168 1:0 3791
3791 35166 1:0 3791
3797 749 1:0 3803
3819 35162 1:0 3819
3819 619 1:0 3820
3822 623 21:0 3846
3827 35147 1:0 3827
3827 613 1:0 3827
3827 35155 1:0 3827
3827 615 1:0 3827
3827 35161 1:0 3827
3827 35142 1:0 3827
3827 35149 1:0 3827
3827 35148 1:0 3827
3827 603 1:0 3827
3827 35137 1:0 3827
3827 35153 1:0 3827
3827 607 1:0 3827
3827 609 1:0 3827
3827 35152 1:0 3827
3827 35151 1:0 3827
3827 35150 1:0 3827
3827 605 1:0 3827
3827 617 1:0 3828
3845 35709 21:0 3864
3863 35695 21:0 3864
3863 621 21:0 3864
3863 615 21:0 3864
3863 34396 21:0 3864
3863 171 21:0 3867
3866 35706 21:0 3867
3866 35704 21:0 3867
3866 34436 21:0 3867
3866 34378 21:0 3867
3866 34455 21:0 3867
3866 617 21:0 3867
3866 219 21:0 3867
3866 749 21:0 3867
3870 35727 21:0 3874
3873 607 21:0 3877
3876 34449 21:0 3877
3876 261 21:0 3877
3876 34423 21:0 3877
3876 619 21:0 3877
3880 35731 21:0 3882
3881 609 21:0 3885
3884 34506 21:0 3885
3884 34317 21:0 3885
3884 34469 21:0 3885
3889 35734 21:0 3945
3910 35138 1:0 3914
3913 35136 1:0 3913
3913 35135 1:0 3913
3913 35133 1:0 3913
3919 749 1:0 3925
3941 35129 1:0 3941
3941 601 1:0 3942
3944 605 21:0 3970
3949 35127 1:0 3949
3949 611 1:0 3949
3949 35114 1:0 3949
3949 595 1:0 3949
3949 35122 1:0 3949
3949 35128 1:0 3949
3949 35109 1:0 3949
3949 597 1:0 3949
3949 35116 1:0 3949
3949 585 1:0 3949
3949 35115 1:0 3949
3949 35104 1:0 3949
3949 589 1:0 3949
3949 35120 1:0 3949
3949 591 1:0 3949
3949 35118 1:0 3949
3949 35119 1:0 3949
3949 35117 1:0 3949
3949 587 1:0 3949
3949 599 1:0 3950
3969 35766 21:0 3986
3985 603 21:0 3986
3985 597 21:0 3986
3985 35752 21:0 3986
3985 34383 21:0 3986
3985 34435 21:0 3989
3988 34242 21:0 3989
3988 34482 21:0 3989
3988 599 21:0 3989
3988 749 21:0 3989
3988 35010 21:0 3989
3988 35761 21:0 3989
3988 601 21:0 3989
3988 35763 21:0 3989
3992 35784 21:0 3996
3995 589 21:0 3999
3998 35051 21:0 3999
4002 35788 21:0 4004
4003 591 21:0 4007
4006 35043 21:0 4007
4006 35056 21:0 4007
4006 35063 21:0 4007
4011 35791 21:0 4067
4032 35105 1:0 4036
4035 35102 1:0 4035
4035 35103 1:0 4035
4035 35100 1:0 4035
4041 749 1:0 4047
4063 35096 1:0 4063
4063 583 1:0 4064
4066 587 21:0 4092
4071 593 1:0 4071
4071 35094 1:0 4071
4071 577 1:0 4071
4071 35089 1:0 4071
4071 35095 1:0 4071
4071 579 1:0 4071
4071 35083 1:0 4071
4071 35082 1:0 4071
4071 35087 1:0 4071
4071 571 1:0 4071
4071 573 1:0 4071
4071 35086 1:0 4071
4071 35085 1:0 4071
4071 569 1:0 4071
4071 35084 1:0 4071
4071 581 1:0 4072
4091 35823 21:0 4108
4107 35809 21:0 4108
4107 585 21:0 4108
4107 579 21:0 4108
4107 35818 21:0 4108
4107 581 21:0 4108
4107 583 21:0 4108
4107 35820 21:0 4108
4107 555 21:0 4111
4110 35062 21:0 4111
4110 749 21:0 4111
4110 35076 21:0 4111
4114 35841 21:0 4118
4117 571 21:0 4121
4120 553 21:0 4121
4124 35845 21:0 4126
4125 573 21:0 4129
4128 561 21:0 4129
4128 35076 1:0 4135
4133 35848 21:0 4189
4134 35081 1:0 4134
4134 35071 1:0 4134
4151 561 1:0 4153
4152 567 1:0 4152
4154 35072 1:0 4158
4154 35063 1:0 4184
4157 35069 1:0 4157
4157 35070 1:0 4157
4157 35067 1:0 4157
4163 749 1:0 4169
4185 565 1:0 4186
4188 569 21:0 4214
4193 563 1:0 4194
4202 35062 1:0 4204
4203 575 1:0 4203
4205 35056 1:0 4212
4211 35061 1:0 4211
4213 35880 21:0 4230
4229 35054 1:0 4229
4229 35052 1:0 4229
4229 35053 1:0 4229
4229 35866 21:0 4230
4229 567 21:0 4230
4229 561 21:0 4230
4229 35877 21:0 4230
4229 749 21:0 4230
4229 553 1:0 4230
4229 35875 21:0 4230
4229 565 21:0 4230
4229 563 21:0 4230
4236 35898 21:0 4240
4239 35050 1:0 4239
4239 555 1:0 4240
4239 553 21:0 4243
4242 35888 21:0 4243
4242 35051 1:0 4244
4246 35902 21:0 4248
4247 559 1:0 4247
4247 35049 1:0 4247
4247 551 1:0 4248
4247 555 21:0 4251
4250 35043 1:0 4257
4250 35888 1:0 4259
4255 35905 21:0 4311
4258 35048 1:0 4258
4258 35039 1:0 4258
4258 547 1:0 4258
4258 35037 1:0 4258
4258 35038 1:0 4258
4258 549 1:0 4258
4258 35036 1:0 4258
4258 35034 1:0 4258
4258 35030 1:0 4258
4258 749 1:0 4259
4260 35021 1:0 4314
4310 551 21:0 4336
4313 557 1:0 4313
4313 35028 1:0 4313
4313 545 1:0 4313
4313 35023 1:0 4313
4313 543 1:0 4313
4313 35029 1:0 4313
4315 535 1:0 4350
4335 35923 21:0 4352
4351 35937 21:0 4352
4351 543 21:0 4352
4351 35932 21:0 4352
4351 749 21:0 4352
4351 35934 21:0 4352
4351 549 21:0 4352
4351 545 21:0 4352
4351 547 21:0 4352
4351 35019 1:0 4353
4354 35020 1:0 4357
4358 35955 21:0 4362
4361 35017 1:0 4361
4361 537 1:0 4362
4361 535 21:0 4365
4364 35945 21:0 4365
4364 35018 1:0 4366
4368 35959 21:0 4370
4369 541 1:0 4369
4369 35016 1:0 4369
4369 533 1:0 4370
4369 537 21:0 4373
4372 35010 1:0 4379
4372 35945 1:0 4381
4377 35962 21:0 4433
4380 35015 1:0 4380
4380 35006 1:0 4380
4380 529 1:0 4380
4380 35005 1:0 4380
4380 531 1:0 4380
4380 35003 1:0 4380
4380 35001 1:0 4380
4380 35004 1:0 4380
4380 34997 1:0 4380
4380 749 1:0 4381
4382 34988 1:0 4436
4432 533 21:0 4458
4435 539 1:0 4435
4435 34995 1:0 4435
4435 527 1:0 4435
4435 34990 1:0 4435
4435 34996 1:0 4435
4435 525 1:0 4435
4437 517 1:0 4472
4457 35994 21:0 4474
4473 35989 21:0 4474
4473 749 21:0 4474
4473 525 21:0 4474
4473 35991 21:0 4474
4473 35980 21:0 4474
4473 531 21:0 4474
4473 529 21:0 4474
4473 527 21:0 4474
4473 34987 1:0 4475
4476 34986 1:0 4478
4480 36012 21:0 4484
4483 34984 1:0 4483
4483 519 1:0 4484
4483 517 21:0 4487
4486 36002 21:0 4487
4486 34985 1:0 4488
4490 36016 21:0 4492
4491 523 1:0 4491
4491 34983 1:0 4491
4491 515 1:0 4492
4491 519 21:0 4495
4494 36002 1:0 4503
4499 36019 21:0 4555
4502 34982 1:0 4502
4502 34973 1:0 4502
4502 511 1:0 4502
4502 34977 1:0 4502
4502 34971 1:0 4502
4502 34970 1:0 4502
4502 513 1:0 4502
4502 34972 1:0 4502
4502 34968 1:0 4502
4502 34964 1:0 4502
4502 749 1:0 4503
4504 499 1:0 4558
4554 515 21:0 4580
4557 34962 1:0 4557
4557 521 1:0 4557
4557 509 1:0 4557
4557 34957 1:0 4557
4557 34963 1:0 4557
4557 507 1:0 4557
4559 34955 1:0 4594
4579 36037 21:0 4596
4595 36051 21:0 4596
4595 507 21:0 4596
4595 513 21:0 4596
4595 509 21:0 4596
4595 749 21:0 4596
4595 36046 21:0 4596
4595 36048 21:0 4596
4595 511 21:0 4596
4595 34954 1:0 4597
4598 34953 1:0 4600
4602 36069 21:0 4606
4605 34951 1:0 4605
4605 501 1:0 4606
4605 499 21:0 4609
4608 36059 21:0 4609
4608 34952 1:0 4610
4612 36073 21:0 4614
4613 505 1:0 4613
4613 34944 1:0 4613
4613 34950 1:0 4613
4613 497 1:0 4614
4613 501 21:0 4617
4616 36059 1:0 4626
4621 36076 21:0 4677
4625 34949 1:0 4625
4625 34940 1:0 4625
4625 493 1:0 4625
4625 34931 1:0 4625
4625 34938 1:0 4625
4625 495 1:0 4625
4625 34937 1:0 4625
4625 34935 1:0 4625
4625 34939 1:0 4625
4625 749 1:0 4626
4627 481 1:0 4680
4676 497 21:0 4700
4679 503 1:0 4679
4679 34929 1:0 4679
4679 491 1:0 4679
4679 34924 1:0 4679
4679 489 1:0 4679
4679 34930 1:0 4679
4681 34922 1:0 4716
4699 36094 21:0 4718
4717 489 21:0 4718
4717 36108 21:0 4718
4717 491 21:0 4718
4717 36105 21:0 4718
4717 36103 21:0 4718
4717 493 21:0 4718
4717 495 21:0 4718
4717 749 21:0 4718
4717 34920 1:0 4719
4720 34921 1:0 4723
4724 36126 21:0 4728
4727 34918 1:0 4727
4727 483 1:0 4728
4727 481 21:0 4731
4730 36116 21:0 4731
4730 34919 1:0 4732
4734 36130 21:0 4736
4735 487 1:0 4735
4735 34911 1:0 4735
4735 34917 1:0 4735
4735 479 1:0 4736
4735 483 21:0 4739
4738 36116 1:0 4748
4743 36133 21:0 4799
4747 34916 1:0 4747
4747 34907 1:0 4747
4747 475 1:0 4747
4747 34905 1:0 4747
4747 477 1:0 4747
4747 34906 1:0 4747
4747 34904 1:0 4747
4747 34902 1:0 4747
4747 34898 1:0 4747
4747 749 1:0 4748
4749 463 1:0 4802
4798 479 21:0 4822
4801 34896 1:0 4801
4801 485 1:0 4801
4801 473 1:0 4801
4801 34891 1:0 4801
4801 34897 1:0 4801
4801 471 1:0 4801
4803 34889 1:0 4838
4821 36151 21:0 4840
4839 36160 21:0 4840
4839 475 21:0 4840
4839 471 21:0 4840
4839 36162 21:0 4840
4839 473 21:0 4840
4839 36165 21:0 4840
4839 749 21:0 4840
4839 477 21:0 4840
4839 34888 1:0 4841
4842 34887 1:0 4844
4846 36183 21:0 4850
4849 34885 1:0 4849
4849 465 1:0 4850
4849 463 21:0 4853
4852 36173 21:0 4853
4852 34886 1:0 4854
4856 36187 21:0 4858
4857 469 1:0 4857
4857 34878 1:0 4857
4857 34884 1:0 4857
4857 461 1:0 4858
4857 465 21:0 4861
4860 36173 1:0 4870
4865 36190 21:0 4921
4869 34883 1:0 4869
4869 34874 1:0 4869
4869 457 1:0 4869
4869 34872 1:0 4869
4869 34869 1:0 4869
4869 34871 1:0 4869
4869 34873 1:0 4869
4869 34865 1:0 4869
4869 459 1:0 4869
4869 749 1:0 4870
4871 34856 1:0 4924
4920 461 21:0 4944
4923 467 1:0 4923
4923 34863 1:0 4923
4923 455 1:0 4923
4923 34858 1:0 4923
4923 453 1:0 4923
4923 34864 1:0 4923
4925 445 1:0 4960
4943 36222 21:0 4962
4961 453 21:0 4962
4961 36217 21:0 4962
4961 457 21:0 4962
4961 459 21:0 4962
4961 455 21:0 4962
4961 36219 21:0 4962
4961 749 21:0 4962
4961 36208 21:0 4962
4961 34855 1:0 4963
4964 34854 1:0 4966
4968 36240 21:0 4972
4971 34852 1:0 4971
4971 447 1:0 4972
4971 445 21:0 4975
4974 36230 21:0 4975
4974 34853 1:0 4976
4978 36244 21:0 4980
4979 451 1:0 4979
4979 34851 1:0 4979
4979 443 1:0 4980
4979 447 21:0 4983
4982 36230 1:0 4991
4987 36247 21:0 5043
4990 34850 1:0 4990
4990 34841 1:0 4990
4990 439 1:0 4990
4990 34845 1:0 4990
4990 34840 1:0 4990
4990 34836 1:0 4990
4990 34838 1:0 4990
4990 441 1:0 4990
4990 34832 1:0 4990
4990 34839 1:0 4990
4990 749 1:0 4991
4992 427 1:0 5046
5042 443 21:0 5068
5045 34830 1:0 5045
5045 449 1:0 5045
5045 437 1:0 5045
5045 34825 1:0 5045
5045 435 1:0 5045
5045 34831 1:0 5045
5047 34823 1:0 5082
5067 36265 21:0 5084
5083 36279 21:0 5084
5083 749 21:0 5084
5083 435 21:0 5084
5083 441 21:0 5084
5083 36276 21:0 5084
5083 36274 21:0 5084
5083 437 21:0 5084
5083 439 21:0 5084
5083 34821 1:0 5085
5086 34822 1:0 5089
5090 36297 21:0 5094
5093 34819 1:0 5093
5093 429 1:0 5094
5093 427 21:0 5097
5096 36287 21:0 5097
5096 34820 1:0 5098
5100 36301 21:0 5102
5101 433 1:0 5101
5101 34818 1:0 5101
5101 425 1:0 5102
5101 429 21:0 5105
5104 36287 1:0 5113
5109 36304 21:0 5165
5112 34817 1:0 5112
5112 34808 1:0 5112
5112 421 1:0 5112
5112 34812 1:0 5112
5112 423 1:0 5112
5112 34807 1:0 5112
5112 34805 1:0 5112
5112 34799 1:0 5112
5112 34806 1:0 5112
5112 34803 1:0 5112
5112 749 1:0 5113
5114 409 1:0 5168
5164 425 21:0 5190
5167 34797 1:0 5167
5167 431 1:0 5167
5167 419 1:0 5167
5167 34792 1:0 5167
5167 417 1:0 5167
5167 34798 1:0 5167
5169 34790 1:0 5204
5189 36336 21:0 5206
5205 749 21:0 5206
5205 423 21:0 5206
5205 421 21:0 5206
5205 419 21:0 5206
5205 36322 21:0 5206
5205 417 21:0 5206
5205 36331 21:0 5206
5205 36333 21:0 5206
5205 34789 1:0 5207
5208 34788 1:0 5210
5212 36354 21:0 5216
5215 34786 1:0 5215
5215 411 1:0 5216
5215 409 21:0 5219
5218 36344 21:0 5219
5218 34787 1:0 5220
5222 36358 21:0 5224
5223 415 1:0 5223
5223 34779 1:0 5223
5223 34785 1:0 5223
5223 407 1:0 5224
5223 411 21:0 5227
5226 36344 1:0 5236
5231 36361 21:0 5287
5235 34784 1:0 5235
5235 34775 1:0 5235
5235 403 1:0 5235
5235 405 1:0 5235
5235 34774 1:0 5235
5235 34770 1:0 5235
5235 34772 1:0 5235
5235 34773 1:0 5235
5235 34766 1:0 5235
5235 749 1:0 5236
5237 391 1:0 5290
5286 407 21:0 5310
5289 34764 1:0 5289
5289 413 1:0 5289
5289 401 1:0 5289
5289 34759 1:0 5289
5289 399 1:0 5289
5289 34765 1:0 5289
5291 34757 1:0 5326
5309 36393 21:0 5328
5327 36388 21:0 5328
5327 36390 21:0 5328
5327 399 21:0 5328
5327 405 21:0 5328
5327 749 21:0 5328
5327 401 21:0 5328
5327 403 21:0 5328
5327 36379 21:0 5328
5327 34755 1:0 5329
5330 34756 1:0 5333
5334 36411 21:0 5338
5337 34753 1:0 5337
5337 393 1:0 5338
5337 391 21:0 5341
5340 36401 21:0 5341
5340 34754 1:0 5342
5344 36415 21:0 5346
5345 397 1:0 5345
5345 34752 1:0 5345
5345 389 1:0 5346
5345 393 21:0 5349
5348 36401 1:0 5357
5353 36418 21:0 5409
5356 34751 1:0 5356
5356 34742 1:0 5356
5356 385 1:0 5356
5356 34746 1:0 5356
5356 34741 1:0 5356
5356 387 1:0 5356
5356 34739 1:0 5356
5356 34740 1:0 5356
5356 34733 1:0 5356
5356 34737 1:0 5356
5356 749 1:0 5357
5358 34724 1:0 5412
5408 389 21:0 5434
5411 395 1:0 5411
5411 34731 1:0 5411
5411 383 1:0 5411
5411 34726 1:0 5411
5411 381 1:0 5411
5411 34732 1:0 5411
5413 373 1:0 5448
5433 36436 21:0 5450
5449 385 21:0 5450
5449 36447 21:0 5450
5449 749 21:0 5450
5449 383 21:0 5450
5449 36450 21:0 5450
5449 36445 21:0 5450
5449 387 21:0 5450
5449 381 21:0 5450
5449 34723 1:0 5451
5452 34722 1:0 5454
5456 36468 21:0 5460
5459 34720 1:0 5459
5459 375 1:0 5460
5459 373 21:0 5463
5462 36458 21:0 5463
5462 34721 1:0 5464
5466 36472 21:0 5468
5467 379 1:0 5467
5467 34719 1:0 5467
5467 371 1:0 5468
5467 375 21:0 5471
5470 36458 1:0 5479
5475 36475 21:0 5531
5478 34718 1:0 5478
5478 34709 1:0 5478
5478 367 1:0 5478
5478 34713 1:0 5478
5478 369 1:0 5478
5478 34708 1:0 5478
5478 34707 1:0 5478
5478 34700 1:0 5478
5478 34706 1:0 5478
5478 34704 1:0 5478
5478 749 1:0 5479
5480 34691 1:0 5534
5530 371 21:0 5556
5533 34698 1:0 5533
5533 377 1:0 5533
5533 365 1:0 5533
5533 34693 1:0 5533
5533 363 1:0 5533
5533 34699 1:0 5533
5535 355 1:0 5570
5555 36507 21:0 5572
5571 365 21:0 5572
5571 363 21:0 5572
5571 749 21:0 5572
5571 36493 21:0 5572
5571 36502 21:0 5572
5571 36504 21:0 5572
5571 369 21:0 5572
5571 367 21:0 5572
5571 34689 1:0 5573
5574 34690 1:0 5577
5578 36525 21:0 5582
5581 34687 1:0 5581
5581 357 1:0 5582
5581 355 21:0 5585
5584 36515 21:0 5585
5584 34688 1:0 5586
5588 36529 21:0 5590
5589 361 1:0 5589
5589 34686 1:0 5589
5589 353 1:0 5590
5589 357 21:0 5593
5592 36515 1:0 5601
5597 36532 21:0 5653
5600 34685 1:0 5600
5600 34676 1:0 5600
5600 349 1:0 5600
5600 34680 1:0 5600
5600 351 1:0 5600
5600 34675 1:0 5600
5600 34667 1:0 5600
5600 34673 1:0 5600
5600 34674 1:0 5600
5600 34671 1:0 5600
5600 749 1:0 5601
5602 34658 1:0 5656
5652 353 21:0 5678
5655 359 1:0 5655
5655 34665 1:0 5655
5655 347 1:0 5655
5655 34660 1:0 5655
5655 345 1:0 5655
5655 34666 1:0 5655
5657 337 1:0 5692
5677 36550 21:0 5694
5693 345 21:0 5694
5693 351 21:0 5694
5693 749 21:0 5694
5693 36561 21:0 5694
5693 36559 21:0 5694
5693 347 21:0 5694
5693 36564 21:0 5694
5693 349 21:0 5694
5693 34656 1:0 5695
5696 34657 1:0 5699
5700 36582 21:0 5704
5703 34654 1:0 5703
5703 339 1:0 5704
5703 337 21:0 5707
5706 36572 21:0 5707
5706 34655 1:0 5708
5710 36586 21:0 5712
5711 343 1:0 5711
5711 34653 1:0 5711
5711 335 1:0 5712
5711 339 21:0 5715
5714 36572 1:0 5723
5719 36589 21:0 5775
5722 34652 1:0 5722
5722 34643 1:0 5722
5722 331 1:0 5722
5722 34647 1:0 5722
5722 34642 1:0 5722
5722 333 1:0 5722
5722 34641 1:0 5722
5722 34640 1:0 5722
5722 34634 1:0 5722
5722 34638 1:0 5722
5722 749 1:0 5723
5724 34625 1:0 5778
5774 335 21:0 5800
5777 341 1:0 5777
5777 34632 1:0 5777
5777 329 1:0 5777
5777 34627 1:0 5777
5777 327 1:0 5777
5777 34633 1:0 5777
5779 319 1:0 5814
5799 36621 21:0 5816
5815 749 21:0 5816
5815 331 21:0 5816
5815 333 21:0 5816
5815 36607 21:0 5816
5815 327 21:0 5816
5815 36618 21:0 5816
5815 36616 21:0 5816
5815 329 21:0 5816
5815 34623 1:0 5817
5818 34624 1:0 5821
5822 36639 21:0 5826
5825 34621 1:0 5825
5825 321 1:0 5826
5825 319 21:0 5829
5828 36629 21:0 5829
5828 34622 1:0 5830
5832 36643 21:0 5834
5833 325 1:0 5833
5833 34614 1:0 5833
5833 34620 1:0 5833
5833 317 1:0 5834
5833 321 21:0 5837
5836 36629 1:0 5846
5841 36646 21:0 5897
5845 34619 1:0 5845
5845 34610 1:0 5845
5845 313 1:0 5845
5845 315 1:0 5845
5845 34609 1:0 5845
5845 34607 1:0 5845
5845 34608 1:0 5845
5845 34605 1:0 5845
5845 34601 1:0 5845
5845 749 1:0 5846
5847 34592 1:0 5900
5896 317 21:0 5922
5899 323 1:0 5899
5899 34599 1:0 5899
5899 311 1:0 5899
5899 34594 1:0 5899
5899 34600 1:0 5899
5899 309 1:0 5899
5901 301 1:0 5936
5921 36664 21:0 5938
5937 313 21:0 5938
5937 311 21:0 5938
5937 36675 21:0 5938
5937 36678 21:0 5938
5937 36673 21:0 5938
5937 749 21:0 5938
5937 309 21:0 5938
5937 315 21:0 5938
5937 34591 1:0 5939
5940 34590 1:0 5942
5944 36696 21:0 5948
5947 34588 1:0 5947
5947 303 1:0 5948
5947 301 21:0 5951
5950 36686 21:0 5951
5950 34589 1:0 5952
5954 36700 21:0 5956
5955 307 1:0 5955
5955 34587 1:0 5955
5955 299 1:0 5956
5955 303 21:0 5959
5958 36686 1:0 5967
5963 36703 21:0 6019
5966 34586 1:0 5966
5966 34577 1:0 5966
5966 295 1:0 5966
5966 34581 1:0 5966
5966 34576 1:0 5966
5966 34574 1:0 5966
5966 34575 1:0 5966
5966 34572 1:0 5966
5966 297 1:0 5966
5966 34568 1:0 5966
5966 749 1:0 5967
5968 34559 1:0 6022
6018 299 21:0 6044
6021 305 1:0 6021
6021 34566 1:0 6021
6021 293 1:0 6021
6021 34561 1:0 6021
6021 34567 1:0 6021
6021 291 1:0 6021
6023 283 1:0 6058
6043 36721 21:0 6060
6059 749 21:0 6060
6059 297 21:0 6060
6059 291 21:0 6060
6059 36735 21:0 6060
6059 36730 21:0 6060
6059 36732 21:0 6060
6059 293 21:0 6060
6059 295 21:0 6060
6059 34557 1:0 6061
6062 34558 1:0 6065
6066 36753 21:0 6070
6069 34555 1:0 6069
6069 285 1:0 6070
6069 283 21:0 6073
6072 36743 21:0 6073
6072 34556 1:0 6074
6076 36757 21:0 6078
6077 289 1:0 6077
6077 34548 1:0 6077
6077 34554 1:0 6077
6077 281 1:0 6078
6077 285 21:0 6081
6080 36743 1:0 6090
6080 34383 1:0 6090
6080 34435 1:0 6090
6080 34242 1:0 6090
6080 34482 1:0 6090
6085 36760 21:0 6141
6089 34553 1:0 6089
6089 34544 1:0 6089
6089 277 1:0 6089
6089 34542 1:0 6089
6089 34541 1:0 6089
6089 34543 1:0 6089
6089 279 1:0 6089
6089 34539 1:0 6089
6089 34535 1:0 6089
6089 749 1:0 6090
6091 34526 1:0 6144
6140 281 21:0 6164
6143 287 1:0 6143
6143 34533 1:0 6143
6143 275 1:0 6143
6143 34528 1:0 6143
6143 34534 1:0 6143
6143 273 1:0 6143
6145 265 1:0 6180
6163 36792 21:0 6182
6181 277 21:0 6182
6181 275 21:0 6182
6181 279 21:0 6182
6181 273 21:0 6182
6181 749 21:0 6182
6181 36787 21:0 6182
6181 36789 21:0 6182
6181 36778 21:0 6182
6181 34525 1:0 6183
6181 34506 1:0 6183
6184 34524 1:0 6186
6184 34469 1:0 6190
6188 36810 21:0 6192
6191 34522 1:0 6191
6191 267 1:0 6192
6191 34317 1:0 6193
6191 265 21:0 6195
6194 34523 1:0 6196
6194 261 1:0 6198
6198 36814 21:0 6200
6199 263 1:0 6200
6199 34423 1:0 6201
6199 267 21:0 6203
6200 271 1:0 6200
6200 34521 1:0 6200
6202 34436 1:0 6211
6202 34449 1:0 6211
6202 219 1:0 6211
6202 34455 1:0 6211
6202 34378 1:0 6211
6207 36817 21:0 6263
6210 34520 1:0 6210
6210 34511 1:0 6210
6210 259 1:0 6210
6210 34515 1:0 6210
6210 34510 1:0 6210
6210 34502 1:0 6210
6210 34509 1:0 6210
6210 34508 1:0 6210
6210 749 1:0 6211
6212 34493 1:0 6266
6262 263 21:0 6288
6265 269 1:0 6265
6265 34500 1:0 6265
6265 257 1:0 6265
6265 34495 1:0 6265
6265 34501 1:0 6265
6265 255 1:0 6265
6267 247 1:0 6302
6287 36835 21:0 6304
6303 36849 21:0 6304
6303 255 21:0 6304
6303 749 21:0 6304
6303 36846 21:0 6304
6303 36844 21:0 6304
6303 257 21:0 6304
6303 259 21:0 6304
6303 261 21:0 6304
6303 34491 1:0 6305
6303 171 1:0 6305
6306 34492 1:0 6309
6306 34396 1:0 6312
6310 36867 21:0 6314
6313 34489 1:0 6313
6313 249 1:0 6314
6313 34475 1:0 6315
6313 247 21:0 6317
6316 34490 1:0 6318
6316 147 1:0 6320
6320 36871 21:0 6322
6321 245 1:0 6322
6321 34244 1:0 6323
6321 249 21:0 6325
6322 253 1:0 6322
6322 34488 1:0 6322
6324 34473 1:0 6334
6324 34462 1:0 6334
6324 34443 1:0 6334
6324 34477 1:0 6334
6324 34429 1:0 6334
6329 36874 21:0 6385
6333 34487 1:0 6333
6333 34478 1:0 6333
6333 241 1:0 6333
6333 34476 1:0 6333
6333 243 1:0 6333
6333 749 1:0 6334
6335 34460 1:0 6388
6384 245 21:0 6410
6387 34467 1:0 6387
6387 251 1:0 6387
6387 239 1:0 6387
6387 237 1:0 6387
6387 34468 1:0 6387
6389 229 1:0 6424
6409 36892 21:0 6426
6425 241 21:0 6426
6425 239 21:0 6426
6425 749 21:0 6426
6425 36901 21:0 6426
6425 36906 21:0 6426
6425 36903 21:0 6426
6425 243 21:0 6426
6425 237 21:0 6426
6425 34458 1:0 6427
6425 34377 1:0 6427
6428 34459 1:0 6431
6428 34407 1:0 6434
6432 36924 21:0 6436
6435 34456 1:0 6435
6435 231 1:0 6436
6435 34258 1:0 6437
6435 229 21:0 6439
6438 34457 1:0 6440
6438 153 1:0 6442
6442 36928 21:0 6444
6443 227 1:0 6444
6443 225 1:0 6445
6443 231 21:0 6447
6444 235 1:0 6444
6446 34310 1:0 6455
6446 34442 1:0 6455
6446 201 1:0 6455
6446 34330 1:0 6455
6446 34374 1:0 6455
6451 36931 21:0 6507
6454 34454 1:0 6454
6454 34445 1:0 6454
6454 223 1:0 6454
6454 34440 1:0 6454
6454 34444 1:0 6454
6454 749 1:0 6455
6456 211 1:0 6510
6506 227 21:0 6532
6509 34434 1:0 6509
6509 233 1:0 6509
6509 221 1:0 6509
6511 34427 1:0 6546
6531 36949 21:0 6548
6547 221 21:0 6548
6547 223 21:0 6548
6547 36963 21:0 6548
6547 749 21:0 6548
6547 225 21:0 6548
6547 219 21:0 6548
6547 36960 21:0 6548
6547 36958 21:0 6548
6547 34409 1:0 6549
6547 34426 1:0 6549
6550 34425 1:0 6552
6550 34363 1:0 6556
6554 36981 21:0 6558
6557 213 1:0 6558
6557 207 1:0 6559
6557 211 21:0 6561
6560 34424 1:0 6562
6560 34411 1:0 6564
6564 36985 21:0 6566
6565 209 1:0 6566
6565 34350 1:0 6567
6565 213 21:0 6569
6566 217 1:0 6566
6566 34422 1:0 6566
6568 34390 1:0 6577
6568 34410 1:0 6577
6568 34376 1:0 6577
6568 34245 1:0 6577
6568 34402 1:0 6577
6573 36988 21:0 6629
6576 34421 1:0 6576
6576 34412 1:0 6576
6576 205 1:0 6576
6576 34416 1:0 6576
6576 34403 1:0 6576
6576 749 1:0 6577
6578 193 1:0 6632
6628 37006 21:0 6643
6631 215 1:0 6631
6631 34401 1:0 6631
6631 203 1:0 6631
6633 34394 1:0 6668
6642 207 21:0 6646
6645 203 21:0 6646
6645 37015 21:0 6646
6645 37017 21:0 6646
6645 205 21:0 6646
6645 749 21:0 6646
6650 37020 21:0 6670
6669 209 21:0 6670
6669 34357 1:0 6671
6669 34393 1:0 6671
6669 201 21:0 6673
6672 34392 1:0 6674
6672 189 1:0 6678
6676 37038 21:0 6680
6679 195 1:0 6680
6679 129 1:0 6681
6679 193 21:0 6683
6682 34391 1:0 6684
6682 34389 1:0 6686
6686 37042 21:0 6688
6687 191 1:0 6688
6687 34343 1:0 6689
6687 195 21:0 6691
6688 199 1:0 6688
6690 34370 1:0 6699
6690 34312 1:0 6699
6690 34356 1:0 6699
6690 34180 1:0 6699
6690 34279 1:0 6699
6695 37045 21:0 6751
6698 34388 1:0 6698
6698 34379 1:0 6698
6698 187 1:0 6698
6698 749 1:0 6699
6700 34361 1:0 6754
6750 37063 21:0 6765
6753 197 1:0 6753
6753 34368 1:0 6753
6753 185 1:0 6753
6753 183 1:0 6753
6753 34369 1:0 6753
6755 175 1:0 6790
6764 189 21:0 6768
6767 187 21:0 6768
6767 37072 21:0 6768
6767 37074 21:0 6768
6767 749 21:0 6768
6767 185 21:0 6768
6772 37077 21:0 6792
6791 191 21:0 6792
6791 34337 1:0 6793
6791 34360 1:0 6793
6791 183 21:0 6795
6794 34359 1:0 6796
6794 34291 1:0 6800
6798 37095 21:0 6802
6801 177 1:0 6802
6801 34336 1:0 6803
6801 175 21:0 6805
6804 34358 1:0 6806
6804 34341 1:0 6808
6808 37099 21:0 6810
6809 173 1:0 6810
6809 165 1:0 6811
6809 177 21:0 6813
6810 181 1:0 6810
6812 34345 1:0 6822
6812 34271 1:0 6822
6812 34344 1:0 6822
6812 34324 1:0 6822
6812 34303 1:0 6822
6817 37102 21:0 6873
6821 34355 1:0 6821
6821 34346 1:0 6821
6821 169 1:0 6821
6821 749 1:0 6822
6823 34328 1:0 6876
6872 37120 21:0 6887
6875 34335 1:0 6875
6875 179 1:0 6875
6875 167 1:0 6875
6877 157 1:0 6912
6886 171 21:0 6890
6889 169 21:0 6890
6889 37131 21:0 6890
6889 167 21:0 6890
6889 749 21:0 6890
6889 37129 21:0 6890
6894 37134 21:0 6914
6913 173 21:0 6914
6913 34304 1:0 6915
6913 34326 1:0 6915
6913 165 21:0 6917
6916 34327 1:0 6919
6916 34275 1:0 6922
6920 37152 21:0 6924
6923 159 1:0 6924
6923 34323 1:0 6925
6923 157 21:0 6927
6926 34325 1:0 6928
6926 34308 1:0 6930
6930 37156 21:0 6932
6931 155 1:0 6932
6931 34311 1:0 6933
6931 159 21:0 6935
6932 163 1:0 6932
6934 34178 1:0 6943
6934 34284 1:0 6943
6934 34297 1:0 6943
6934 34237 1:0 6943
6934 34264 1:0 6943
6939 37159 21:0 6995
6942 34322 1:0 6942
6942 34313 1:0 6942
6942 151 1:0 6942
6942 749 1:0 6943
6944 34295 1:0 6998
6994 37177 21:0 7009
6997 161 1:0 6997
6997 34302 1:0 6997
6997 149 1:0 6997
6999 139 1:0 7034
7008 153 21:0 7012
7011 749 21:0 7012
7011 151 21:0 7012
7011 37188 21:0 7012
7011 37186 21:0 7012
7011 149 21:0 7012
7016 37191 21:0 7036
7035 155 21:0 7036
7035 34290 1:0 7037
7035 34294 1:0 7037
7035 147 21:0 7039
7038 34293 1:0 7040
7038 34270 1:0 7044
7042 37209 21:0 7046
7045 141 1:0 7046
7045 34225 1:0 7047
7045 139 21:0 7049
7048 34292 1:0 7050
7048 34257 1:0 7052
7052 37213 21:0 7054
7053 137 1:0 7054
7053 135 1:0 7055
7053 141 21:0 7057
7054 145 1:0 7054
7056 34246 1:0 7065
7056 34277 1:0 7065
7056 34213 1:0 7065
7056 34278 1:0 7065
7056 99 1:0 7065
7061 37216 21:0 7117
7064 34289 1:0 7064
7064 34280 1:0 7064
7064 133 1:0 7064
7064 749 1:0 7065
7066 121 1:0 7120
7116 37234 21:0 7131
7119 143 1:0 7119
7119 34269 1:0 7119
7119 131 1:0 7119
7121 34262 1:0 7156
7130 135 21:0 7134
7133 131 21:0 7134
7133 133 21:0 7134
7133 749 21:0 7134
7133 37245 21:0 7134
7133 37243 21:0 7134
7138 37248 21:0 7158
7157 137 21:0 7158
7157 34261 1:0 7159
7157 117 1:0 7159
7157 129 21:0 7161
7160 34260 1:0 7162
7160 111 1:0 7166
7164 37266 21:0 7168
7167 123 1:0 7168
7167 34224 1:0 7169
7167 121 21:0 7171
7170 34259 1:0 7172
7170 34251 1:0 7174
7174 37270 21:0 7176
7175 119 1:0 7176
7175 34231 1:0 7177
7175 123 21:0 7179
7176 127 1:0 7176
7178 34238 1:0 7187
7178 34211 1:0 7187
7178 34205 1:0 7187
7178 34209 1:0 7187
7178 34192 1:0 7187
7183 37273 21:0 7239
7186 34256 1:0 7186
7186 34247 1:0 7186
7186 115 1:0 7186
7186 749 1:0 7187
7188 34229 1:0 7242
7238 37291 21:0 7253
7241 34236 1:0 7241
7241 125 1:0 7241
7241 113 1:0 7241
7243 103 1:0 7278
7252 117 21:0 7256
7255 113 21:0 7256
7255 115 21:0 7256
7255 37300 21:0 7256
7255 37302 21:0 7256
7255 749 21:0 7256
7260 37305 21:0 7280
7279 119 21:0 7280
7279 34227 1:0 7281
7279 34218 1:0 7281
7279 111 21:0 7283
7282 34228 1:0 7285
7282 93 1:0 7288
7286 37323 21:0 7290
7289 105 1:0 7290
7289 34204 1:0 7291
7289 103 21:0 7293
7292 34226 1:0 7294
7292 34198 1:0 7296
7296 37327 21:0 7298
7297 101 1:0 7298
7297 34145 1:0 7299
7297 105 21:0 7301
7298 109 1:0 7298
7300 34179 1:0 7310
7300 34159 1:0 7310
7300 34185 1:0 7310
7300 34212 1:0 7310
7300 34172 1:0 7310
7305 37330 21:0 7361
7309 34223 1:0 7309
7309 34214 1:0 7309
7309 97 1:0 7309
7309 749 1:0 7310
7311 85 1:0 7364
7360 37348 21:0 7375
7363 107 1:0 7363
7363 34203 1:0 7363
7363 95 1:0 7363
7365 34196 1:0 7400
7374 37359 21:0 7375
7374 37357 21:0 7375
7374 99 21:0 7378
7377 95 21:0 7378
7377 97 21:0 7378
7377 749 21:0 7378
7382 37362 21:0 7402
7401 101 21:0 7402
7401 34194 1:0 7403
7401 34165 1:0 7403
7401 93 21:0 7405
7404 34195 1:0 7407
7404 34171 1:0 7410
7408 37380 21:0 7412
7411 87 1:0 7412
7411 81 1:0 7413
7411 85 21:0 7415
7414 34193 1:0 7416
7414 34176 1:0 7418
7418 37384 21:0 7420
7419 83 1:0 7420
7419 75 1:0 7421
7419 87 21:0 7423
7422 34191 1:0 7425
7422 34119 1:0 7431
7422 34147 1:0 7431
7422 34158 1:0 7431
7422 34132 1:0 7431
7424 91 1:0 7424
7427 37387 21:0 7483
7430 34190 1:0 7430
7430 34181 1:0 7430
7430 79 1:0 7430
7430 749 1:0 7431
7432 67 1:0 7486
7482 37405 21:0 7497
7485 89 1:0 7485
7485 34170 1:0 7485
7485 77 1:0 7485
7487 34163 1:0 7522
7496 37416 21:0 7497
7496 37414 21:0 7497
7496 81 21:0 7500
7499 79 21:0 7500
7499 749 21:0 7500
7499 77 21:0 7500
7504 37419 21:0 7524
7523 83 21:0 7524
7523 34138 1:0 7525
7523 34162 1:0 7525
7523 75 21:0 7527
7526 34161 1:0 7528
7526 34146 1:0 7532
7530 37437 21:0 7534
7533 69 1:0 7534
7533 57 1:0 7535
7533 67 21:0 7537
7536 34160 1:0 7538
7536 34143 1:0 7540
7540 37441 21:0 7542
7541 65 1:0 7542
7541 34114 1:0 7543
7541 69 21:0 7545
7542 73 1:0 7542
7544 34152 1:0 7551
7544 34126 1:0 7553
7544 63 1:0 7553
7544 27 1:0 7553
7544 34139 1:0 7553
7549 37444 21:0 7605
7552 34157 1:0 7552
7552 34148 1:0 7552
7552 61 1:0 7552
7552 749 1:0 7553
7554 34130 1:0 7608
7604 37462 21:0 7619
7607 34137 1:0 7607
7607 71 1:0 7607
7607 59 1:0 7607
7609 49 1:0 7644
7618 37473 21:0 7619
7618 37471 21:0 7619
7618 63 21:0 7622
7621 59 21:0 7622
7621 749 21:0 7622
7621 61 21:0 7622
7626 37476 21:0 7646
7645 65 21:0 7646
7645 34129 1:0 7647
7645 34112 1:0 7647
7645 57 21:0 7649
7648 34128 1:0 7650
7648 45 1:0 7654
7652 37494 21:0 7656
7655 51 1:0 7656
7655 34099 1:0 7657
7655 49 21:0 7659
7658 34127 1:0 7660
7658 34125 1:0 7662
7662 37498 21:0 7664
7663 47 1:0 7664
7663 34093 1:0 7665
7663 51 21:0 7667
7664 55 1:0 7664
7666 34105 1:0 7675
7666 39 1:0 7675
7666 34106 1:0 7675
7666 34110 1:0 7675
7666 34113 1:0 7675
7671 37501 21:0 7727
7674 34124 1:0 7674
7674 34115 1:0 7674
7674 43 1:0 7674
7674 749 1:0 7675
7676 34097 1:0 7730
7726 37519 21:0 7741
7729 34104 1:0 7729
7729 53 1:0 7729
7729 41 1:0 7729
7731 31 1:0 7766
7740 37530 21:0 7741
7740 37528 21:0 7741
7740 45 21:0 7744
7743 41 21:0 7744
7743 43 21:0 7744
7743 749 21:0 7744
7748 37533 21:0 7768
7767 47 21:0 7768
7767 34073 1:0 7769
7767 34095 1:0 7769
7767 39 21:0 7771
7770 34096 1:0 7773
7770 34081 1:0 7776
7774 37551 21:0 7778
7777 33 1:0 7778
7777 34066 1:0 7779
7777 31 21:0 7781
7780 34094 1:0 7782
7780 34079 1:0 7784
7784 37555 21:0 7786
7785 29 1:0 7786
7785 34080 1:0 7787
7785 33 21:0 7789
7788 34092 1:0 7791
7788 34086 1:0 7795
7788 34072 1:0 7798
7788 21 1:0 7798
7788 34077 1:0 7798
7790 37 1:0 7790
7793 37558 21:0 7849
7797 34091 1:0 7797
7797 34082 1:0 7797
7797 25 1:0 7797
7797 749 1:0 7798
7799 13 1:0 7852
7848 37576 21:0 7863
7851 34071 1:0 7851
7851 35 1:0 7851
7851 23 1:0 7851
7853 34064 1:0 7888
7862 37585 21:0 7863
7862 37587 21:0 7863
7862 27 21:0 7866
7865 749 21:0 7866
7865 25 21:0 7866
7865 23 21:0 7866
7870 37590 21:0 7890
7889 29 21:0 7890
7889 34062 1:0 7891
7889 21 21:0 7893
7892 34063 1:0 7895
7892 34060 1:0 7898
7896 37608 21:0 7900
7899 15 1:0 7900
7899 13 21:0 7903
7902 34061 1:0 7904
7902 34048 1:0 7906
7906 37612 21:0 7908
7907 11 1:0 7908
7907 9 1:0 7909
7907 15 21:0 7911
7910 34059 1:0 7913
7910 34053 1:0 7917
7910 34044 1:0 7932
7910 34047 1:0 7932
7910 34040 1:0 7932
7912 19 1:0 7912
7915 37615 21:0 7971
7916 34058 1:0 7916
7933 34046 1:0 7935
7934 34049 1:0 7934
7936 3 1:0 7983
7945 749 1:0 7951
7950 5 1:0 7950
7950 7 1:0 7950
7970 37633 21:0 7985
7984 37644 21:0 7985
7984 37642 21:0 7985
7984 730 1:0 7986
7984 9 21:0 7988
7987 5 21:0 7988
7987 7 21:0 7988
7987 749 21:0 7988
7987 34039 1:0 7990
7989 34038 1:0 7989
7989 17 1:0 7989
8006 730 21:0 8020
8007 749 1:0 8009
8008 731 1:0 8008
8019 5 1:0 8020
8019 37670 21:0 8028
8023 7 1:0 8024
8027 9 1:0 8057
8027 37647 21:0 8061
8060 3 21:0 8061
8060 37678 21:0 8072
8071 37679 21:0 8072
8071 749 21:0 8072
8071 5 21:0 8072
8071 37671 21:0 8072
8071 7 21:0 8072
8071 37675 21:0 8072
8071 37677 21:0 8072
8071 37680 21:0 8072
8071 15 1:0 8073
8072 11 21:0 8077
8076 9 21:0 8077
8076 13 1:0 8078
8077 15 21:0 8082
8081 21 1:0 8092
8081 25 1:0 8094
8081 27 1:0 8094
8081 23 1:0 8094
8081 37692 21:0 8100
8083 749 1:0 8085
8095 29 1:0 8144
8099 37694 21:0 8148
8147 37695 21:0 8148
8147 33 1:0 8149
8147 37693 21:0 8153
8152 31 1:0 8154
8152 29 21:0 8158
8157 37724 21:0 8157
8157 37725 21:0 8158
8157 39 1:0 8168
8157 45 1:0 8170
8157 41 1:0 8170
8157 43 1:0 8170
8157 33 21:0 8203
8171 47 1:0 8220
8202 13 21:0 8224
8223 37728 21:0 8224
8223 51 1:0 8225
8223 37727 21:0 8229
8228 49 1:0 8230
8228 37758 21:0 8234
8233 37726 21:0 8234
8233 57 1:0 8244
8233 63 1:0 8246
8233 61 1:0 8246
8233 59 1:0 8246
8233 47 21:0 8248
8247 65 1:0 8296
8247 31 21:0 8300
8299 37759 21:0 8300
8299 69 1:0 8301
8299 49 21:0 8305
8304 67 1:0 8306
8304 37761 21:0 8310
8309 51 21:0 8310
8309 75 1:0 8320
8309 79 1:0 8322
8309 77 1:0 8322
8309 81 1:0 8322
8309 37760 21:0 8328
8323 83 1:0 8372
8327 75 21:0 8327
8327 65 21:0 8376
8375 37822 21:0 8375
8375 37791 21:0 8376
8375 87 1:0 8377
8375 69 21:0 8381
8380 85 1:0 8382
8380 37824 21:0 8386
8385 83 21:0 8386
8385 93 1:0 8396
8385 99 1:0 8398
8385 95 1:0 8398
8385 97 1:0 8398
8385 37826 21:0 8422
8399 101 1:0 8448
8421 93 21:0 8421
8421 67 21:0 8452
8451 37855 21:0 8451
8451 37843 21:0 8451
8451 37825 21:0 8452
8451 105 1:0 8453
8451 37794 21:0 8457
8456 103 1:0 8458
8456 87 21:0 8462
8461 37856 21:0 8461
8461 37792 21:0 8462
8461 111 1:0 8472
8461 115 1:0 8474
8461 113 1:0 8474
8461 117 1:0 8474
8461 37793 21:0 8480
8475 119 1:0 8524
8479 37859 21:0 8528
8527 37873 21:0 8527
8527 37862 21:0 8527
8527 117 21:0 8527
8527 37860 21:0 8528
8527 123 1:0 8529
8527 37857 21:0 8533
8532 121 1:0 8534
8532 85 21:0 8538
8537 37889 21:0 8537
8537 103 21:0 8538
8537 129 1:0 8548
8537 131 1:0 8550
8537 135 1:0 8550
8537 133 1:0 8550
8537 105 21:0 8556
8551 137 1:0 8600
8555 37901 21:0 8555
8555 37827 21:0 8604
8603 37910 21:0 8603
8603 37890 21:0 8604
8603 141 1:0 8605
8603 101 21:0 8609
8608 139 1:0 8610
8608 37923 21:0 8614
8613 141 21:0 8614
8613 147 1:0 8624
8613 149 1:0 8626
8613 153 1:0 8626
8613 151 1:0 8626
8613 123 21:0 8636
8627 155 1:0 8676
8635 37934 21:0 8635
8635 37915 21:0 8635
8635 37925 21:0 8680
8679 37941 21:0 8679
8679 137 21:0 8680
8679 159 1:0 8681
8679 37891 21:0 8685
8684 157 1:0 8686
8684 37892 21:0 8690
8689 37893 21:0 8690
8689 165 1:0 8700
8689 169 1:0 8702
8689 171 1:0 8702
8689 167 1:0 8702
8689 155 21:0 8708
8703 173 1:0 8752
8707 165 21:0 8707
8707 37956 21:0 8756
8755 37974 21:0 8755
8755 37976 21:0 8755
8755 37968 21:0 8755
8755 171 21:0 8755
8755 37987 21:0 8755
8755 37858 21:0 8756
8755 177 1:0 8757
8755 37926 21:0 8761
8760 175 1:0 8762
8760 139 21:0 8766
8765 37958 21:0 8766
8765 183 1:0 8776
8765 185 1:0 8778
8765 189 1:0 8778
8765 187 1:0 8778
8765 121 21:0 8784
8779 191 1:0 8828
8783 38000 21:0 8783
8783 159 21:0 8832
8831 37957 21:0 8832
8831 195 1:0 8833
8831 177 21:0 8837
8836 193 1:0 8838
8836 119 21:0 8842
8841 191 21:0 8842
8841 201 1:0 8852
8841 205 1:0 8854
8841 207 1:0 8854
8841 203 1:0 8854
8841 37959 21:0 8864
8855 209 1:0 8904
8863 201 21:0 8863
8863 38014 21:0 8863
8863 37990 21:0 8908
8907 38038 21:0 8907
8907 38027 21:0 8907
8907 38042 21:0 8907
8907 207 21:0 8907
8907 38053 21:0 8907
8907 195 21:0 8908
8907 213 1:0 8909
8907 157 21:0 8913
8912 211 1:0 8914
8912 38022 21:0 8918
8917 38054 21:0 8917
8917 175 21:0 8918
8917 219 1:0 8928
8917 221 1:0 8930
8917 225 1:0 8930
8917 223 1:0 8930
8917 38024 21:0 8936
8931 227 1:0 8980
8935 173 21:0 8984
8983 38074 21:0 8983
8983 38086 21:0 8983
8983 38071 21:0 8983
8983 37924 21:0 8984
8983 231 1:0 8985
8983 37991 21:0 8989
8988 229 1:0 8990
8988 193 21:0 8994
8993 38057 21:0 8994
8993 237 1:0 9004
8993 239 1:0 9006
8993 243 1:0 9006
8993 241 1:0 9006
8993 211 21:0 9012
9007 245 1:0 9056
9011 237 21:0 9011
9011 38080 21:0 9011
9011 38023 21:0 9060
9059 38107 21:0 9059
9059 38106 21:0 9059
9059 37992 21:0 9060
9059 249 1:0 9061
9059 38058 21:0 9065
9064 247 1:0 9066
9064 38056 21:0 9070
9069 38055 21:0 9070
9069 255 1:0 9080
9069 261 1:0 9082
9069 257 1:0 9082
9069 259 1:0 9082
9069 38090 21:0 9092
9083 263 1:0 9132
9091 38122 21:0 9136
9135 261 21:0 9135
9135 38152 21:0 9135
9135 38126 21:0 9135
9135 38133 21:0 9135
9135 209 21:0 9136
9135 267 1:0 9137
9135 245 21:0 9141
9140 265 1:0 9142
9140 213 21:0 9146
9145 227 21:0 9146
9145 273 1:0 9156
9145 275 1:0 9158
9145 277 1:0 9158
9145 279 1:0 9158
9145 38088 21:0 9164
9159 281 1:0 9208
9163 273 21:0 9163
9163 229 21:0 9212
9211 38174 21:0 9211
9211 38089 21:0 9212
9211 285 1:0 9213
9211 38123 21:0 9217
9216 283 1:0 9218
9216 38121 21:0 9222
9221 38025 21:0 9222
9221 291 1:0 9232
9221 295 1:0 9234
9221 293 1:0 9234
9221 297 1:0 9234
9221 38189 21:0 9240
9235 299 1:0 9284
9239 38179 21:0 9239
9239 291 21:0 9239
9239 38155 21:0 9288
9287 38192 21:0 9287
9287 297 21:0 9287
9287 38207 21:0 9287
9287 38205 21:0 9287
9287 38218 21:0 9287
9287 38154 21:0 9288
9287 303 1:0 9289
9287 267 21:0 9293
9292 301 1:0 9294
9292 285 21:0 9298
9297 38219 21:0 9297
9297 38221 21:0 9297
9297 38156 21:0 9298
9297 309 1:0 9308
9297 313 1:0 9310
9297 311 1:0 9310
9297 315 1:0 9310
9297 38157 21:0 9316
9311 317 1:0 9360
9315 309 21:0 9315
9315 38212 21:0 9315
9315 38188 21:0 9364
9363 38239 21:0 9363
9363 38251 21:0 9363
9363 38225 21:0 9363
9363 315 21:0 9363
9363 38240 21:0 9363
9363 38124 21:0 9364
9363 321 1:0 9365
9363 247 21:0 9369
9368 37684 21:0 9369
9368 731 21:0 9369
9368 37691 21:0 9369
9368 319 1:0 9370
9368 25 21:0 9371
9370 38252 21:0 9370
9370 38142 21:0 9371
9370 38043 21:0 9371
9370 38010 21:0 9371
9370 37977 21:0 9371
9371 38255 21:0 9374
9373 327 1:0 9384
9373 329 1:0 9386
9373 331 1:0 9386
9373 333 1:0 9386
9373 38253 21:0 9388
9387 38264 21:0 9387
9387 335 1:0 9436
9387 283 21:0 9440
9439 38265 21:0 9439
9439 327 21:0 9439
9439 38272 21:0 9439
9439 333 21:0 9439
9439 38271 21:0 9439
9439 38091 21:0 9440
9439 339 1:0 9441
9439 265 21:0 9445
9444 321 21:0 9445
9444 337 1:0 9446
9444 38222 21:0 9450
9449 345 1:0 9460
9449 351 1:0 9462
9449 347 1:0 9462
9449 349 1:0 9462
9449 38187 21:0 9464
9463 38297 21:0 9463
9463 353 1:0 9512
9463 281 21:0 9516
9515 345 21:0 9515
9515 38305 21:0 9515
9515 263 21:0 9516
9515 357 1:0 9517
9515 38190 21:0 9521
9520 38254 21:0 9521
9520 355 1:0 9522
9520 319 21:0 9526
9525 38318 21:0 9525
9525 38321 21:0 9525
9525 363 1:0 9536
9525 367 1:0 9538
9525 365 1:0 9538
9525 369 1:0 9538
9525 339 21:0 9540
9539 38330 21:0 9539
9539 371 1:0 9588
9539 38220 21:0 9592
9591 38324 21:0 9591
9591 38331 21:0 9591
9591 301 21:0 9592
9591 375 1:0 9593
9591 231 21:0 9597
9596 38352 21:0 9596
9596 249 21:0 9597
9596 373 1:0 9598
9596 317 21:0 9602
9601 38351 21:0 9601
9601 381 1:0 9612
9601 387 1:0 9614
9601 385 1:0 9614
9601 383 1:0 9614
9601 38322 21:0 9616
9615 38344 21:0 9615
9615 389 1:0 9664
9615 37989 21:0 9668
9667 38368 21:0 9667
9667 38364 21:0 9667
9667 38383 21:0 9667
9667 38256 21:0 9668
9667 393 1:0 9669
9667 357 21:0 9673
9672 389 21:0 9672
9672 355 21:0 9673
9672 391 1:0 9674
9672 38223 21:0 9678
9677 399 1:0 9688
9677 405 1:0 9690
9677 401 1:0 9690
9677 403 1:0 9690
9677 299 21:0 9692
9691 38396 21:0 9691
9691 407 1:0 9740
9691 38286 21:0 9741
9740 399 21:0 9740
9740 38403 21:0 9740
9740 303 21:0 9744
9743 411 1:0 9745
9743 38320 21:0 9749
9748 371 21:0 9749
9748 409 1:0 9750
9748 353 21:0 9754
9753 38420 21:0 9753
9753 38419 21:0 9753
9753 411 21:0 9753
9753 417 1:0 9764
9753 421 1:0 9766
9753 419 1:0 9766
9753 423 1:0 9766
9753 391 21:0 9768
9767 38429 21:0 9767
9767 409 21:0 9767
9767 425 1:0 9816
9767 38287 21:0 9820
9819 423 21:0 9819
9819 417 21:0 9819
9819 38434 21:0 9819
9819 38430 21:0 9819
9819 38418 21:0 9820
9819 429 1:0 9821
9819 38319 21:0 9825
9824 375 21:0 9825
9824 427 1:0 9826
9824 38355 21:0 9830
9829 38450 21:0 9829
9829 435 1:0 9840
9829 437 1:0 9842
9829 441 1:0 9842
9829 439 1:0 9842
9829 38388 21:0 9844
9843 443 1:0 9892
9843 373 21:0 9896
9895 38456 21:0 9895
9895 38470 21:0 9895
9895 38421 21:0 9896
9895 447 1:0 9897
9895 427 21:0 9901
9900 38289 21:0 9901
9900 445 1:0 9902
9900 38452 21:0 9906
9905 38486 21:0 9905
9905 447 21:0 9905
9905 453 1:0 9916
9905 455 1:0 9918
9905 459 1:0 9918
9905 457 1:0 9918
9905 429 21:0 9920
9919 445 21:0 9919
9919 38353 21:0 9963
9919 461 1:0 9968
9962 38453 21:0 9972
9971 465 1:0 9973
9971 38385 21:0 9977
9976 38354 21:0 9977
9976 463 1:0 9978
9976 38451 21:0 9982
9981 38519 21:0 9981
9981 38518 21:0 9981
9981 471 1:0 9992
9981 473 1:0 9994
9981 475 1:0 9994
9981 477 1:0 9994
9981 38487 21:0 9996
9995 38520 21:0 9995
9995 479 1:0 10044
9995 38517 21:0 10048
10047 38485 21:0 10048
10047 483 1:0 10049
10047 38484 21:0 10053
10052 479 21:0 10052
10052 335 21:0 10053
10052 481 1:0 10054
10052 38454 21:0 10058
10057 38551 21:0 10057
10057 483 21:0 10057
10057 489 1:0 10068
10057 491 1:0 10070
10057 493 1:0 10070
10057 495 1:0 10070
10057 38288 21:0 10072
10071 443 21:0 10117
10071 497 1:0 10120
10116 465 21:0 10124
10123 501 1:0 10125
10123 393 21:0 10129
10128 37690 21:0 10129
10128 499 1:0 10130
10128 38553 21:0 10134
10133 38585 21:0 10133
10133 501 21:0 10133
10133 463 21:0 10134
10133 507 1:0 10144
10133 513 1:0 10146
10133 509 1:0 10146
10133 511 1:0 10146
10133 481 21:0 10156
10147 515 1:0 10196
10155 38586 21:0 10155
10155 337 21:0 10200
10199 38386 21:0 10200
10199 519 1:0 10201
10199 38584 21:0 10205
10204 38616 21:0 10204
10204 517 1:0 10206
10204 425 21:0 10210
10209 38617 21:0 10209
10209 519 21:0 10209
10209 461 21:0 10210
10209 525 1:0 10220
10209 531 1:0 10222
10209 527 1:0 10222
10209 529 1:0 10222
10209 497 21:0 10232
10223 533 1:0 10272
10231 38619 21:0 10231
10231 517 21:0 10231
10231 38583 21:0 10276
10275 37711 21:0 10276
10275 37712 21:0 10276
10275 21 21:0 10276
10275 37697 21:0 10276
10275 537 1:0 10277
10275 37704 21:0 10281
10280 38649 21:0 10280
10280 533 21:0 10280
10280 37723 21:0 10281
10280 37710 21:0 10281
10280 27 21:0 10281
10280 37703 21:0 10281
10280 535 1:0 10282
10280 37717 21:0 10286
10285 38651 21:0 10285
10285 38650 21:0 10285
10285 37743 21:0 10286
10285 37776 21:0 10286
10285 37774 21:0 10286
10285 63 21:0 10286
10285 37745 21:0 10286
10285 543 1:0 10296
10285 547 1:0 10298
10285 545 1:0 10298
10285 549 1:0 10298
10285 37756 21:0 10300
10299 38652 21:0 10299
10299 535 21:0 10299
10299 37777 21:0 10300
10299 37750 21:0 10336
10299 551 1:0 10348
10335 37763 21:0 10341
10340 37708 21:0 10341
10340 37757 21:0 10352
10351 37809 21:0 10352
10351 37849 21:0 10352
10351 37810 21:0 10352
10351 57 21:0 10352
10351 555 1:0 10353
10351 37836 21:0 10357
10356 38682 21:0 10356
10356 37730 21:0 10357
10356 37888 21:0 10357
10356 81 21:0 10357
10356 37823 21:0 10357
10356 553 1:0 10358
10356 37744 21:0 10362
10361 38683 21:0 10361
10361 555 21:0 10361
10361 37778 21:0 10362
10361 37842 21:0 10362
10361 37835 21:0 10362
10361 37741 21:0 10362
10361 37909 21:0 10362
10361 561 1:0 10372
10361 565 1:0 10374
10361 563 1:0 10374
10361 567 1:0 10374
10361 37882 21:0 10376
10375 38685 21:0 10375
10375 37869 21:0 10376
10375 37972 21:0 10412
10375 569 1:0 10424
10411 37816 21:0 10417
10416 37736 21:0 10417
10416 37877 21:0 10428
10427 37803 21:0 10428
10427 37802 21:0 10428
10427 135 21:0 10428
10427 37895 21:0 10428
10427 573 1:0 10429
10427 39 21:0 10433
10432 38715 21:0 10432
10432 569 21:0 10432
10432 38040 21:0 10433
10432 37921 21:0 10433
10432 37942 21:0 10433
10432 99 21:0 10433
10432 571 1:0 10434
10432 37807 21:0 10435
10434 573 21:0 10434
10434 37954 21:0 10438
10437 38717 21:0 10437
10437 37975 21:0 10438
10437 153 21:0 10438
10437 183 21:0 10438
10437 189 21:0 10438
10437 579 1:0 10448
10437 585 1:0 10450
10437 581 1:0 10450
10437 583 1:0 10450
10437 37939 21:0 10452
10451 38718 21:0 10451
10451 571 21:0 10451
10451 147 21:0 10452
10451 37967 21:0 10488
10451 587 1:0 10500
10487 37994 21:0 10493
10492 37790 21:0 10493
10492 38007 21:0 10504
10503 38113 21:0 10504
10503 38066 21:0 10504
10503 38073 21:0 10504
10503 37840 21:0 10504
10503 591 1:0 10505
10503 37981 21:0 10509
10508 38748 21:0 10508
10508 587 21:0 10508
10508 38075 21:0 10509
10508 407 21:0 10509
10508 589 1:0 10510
10508 38684 21:0 10514
10513 38750 21:0 10513
10513 591 21:0 10513
10513 597 1:0 10524
10513 601 1:0 10526
10513 603 1:0 10526
10513 599 1:0 10526
10513 38618 21:0 10528
10527 537 21:0 10569
10527 605 1:0 10576
10568 38387 21:0 10580
10579 609 1:0 10581
10579 499 21:0 10585
10584 38781 21:0 10584
10584 38550 21:0 10585
10584 607 1:0 10586
10584 551 21:0 10590
10589 38783 21:0 10589
10589 38782 21:0 10589
10589 609 21:0 10589
10589 38041 21:0 10590
10589 255 21:0 10590
10589 615 1:0 10600
10589 621 1:0 10602
10589 619 1:0 10602
10589 617 1:0 10602
10589 38173 21:0 10604
10603 607 21:0 10603
10603 37948 21:0 10604
10603 37902 21:0 10640
10603 623 1:0 10652
10639 45 21:0 10645
10644 225 21:0 10645
10644 37876 21:0 10656
10655 37844 21:0 10656
10655 38087 21:0 10656
10655 38093 21:0 10656
10655 38165 21:0 10656
10655 627 1:0 10657
10655 38119 21:0 10661
10660 38814 21:0 10660
10660 623 21:0 10660
10660 38139 21:0 10661
10660 38170 21:0 10661
10660 38166 21:0 10661
10660 37943 21:0 10661
10660 38186 21:0 10661
10660 625 1:0 10662
10660 38198 21:0 10666
10665 38816 21:0 10665
10665 38815 21:0 10665
10665 627 21:0 10665
10665 38231 21:0 10666
10665 38172 21:0 10666
10665 38104 21:0 10666
10665 38009 21:0 10666
10665 633 1:0 10676
10665 639 1:0 10678
10665 635 1:0 10678
10665 637 1:0 10678
10665 38001 21:0 10680
10679 38817 21:0 10679
10679 625 21:0 10679
10679 37922 21:0 10680
10679 38338 21:0 10716
10679 641 1:0 10728
10715 38232 21:0 10721
10720 38100 21:0 10721
10720 37811 21:0 10732
10731 38060 21:0 10732
10731 37961 21:0 10732
10731 37906 21:0 10732
10731 37783 21:0 10732
10731 645 1:0 10733
10731 351 21:0 10737
10736 641 21:0 10736
10736 38847 21:0 10736
10736 37908 21:0 10737
10736 38304 21:0 10737
10736 38285 21:0 10737
10736 279 21:0 10737
10736 38298 21:0 10737
10736 643 1:0 10738
10736 37789 21:0 10742
10741 38848 21:0 10741
10741 645 21:0 10741
10741 38236 21:0 10742
10741 363 21:0 10742
10741 405 21:0 10742
10741 38206 21:0 10742
10741 651 1:0 10752
10741 653 1:0 10754
10741 655 1:0 10754
10741 657 1:0 10754
10741 38311 21:0 10756
10755 643 21:0 10755
10755 38850 21:0 10755
10755 38462 21:0 10756
10755 38185 21:0 10792
10755 659 1:0 10804
10791 381 21:0 10797
10796 38410 21:0 10797
10796 38423 21:0 10808
10807 38417 21:0 10808
10807 37868 21:0 10808
10807 38482 21:0 10808
10807 37988 21:0 10808
10807 663 1:0 10809
10807 441 21:0 10813
10812 659 21:0 10812
10812 38880 21:0 10812
10812 37737 21:0 10813
10812 38496 21:0 10813
10812 37875 21:0 10813
10812 38008 21:0 10813
10812 38469 21:0 10813
10812 661 1:0 10814
10812 38437 21:0 10818
10817 38882 21:0 10817
10817 663 21:0 10817
10817 38881 21:0 10817
10817 38542 21:0 10818
10817 38463 21:0 10818
10817 38120 21:0 10818
10817 38146 21:0 10818
10817 669 1:0 10828
10817 675 1:0 10830
10817 671 1:0 10830
10817 673 1:0 10830
10817 477 21:0 10832
10831 661 21:0 10831
10831 38883 21:0 10831
10831 38535 21:0 10832
10831 38357 21:0 10851
10831 677 1:0 10880
10850 38849 21:0 10884
10883 38552 21:0 10884
10883 681 1:0 10885
10883 38749 21:0 10889
10888 679 1:0 10890
10888 589 21:0 10894
10893 515 21:0 10894
10893 687 1:0 10904
10893 689 1:0 10906
10893 691 1:0 10906
10893 693 1:0 10906
10893 553 21:0 10916
10907 695 1:0 10956
10915 38716 21:0 10960
10959 605 21:0 10960
10959 699 1:0 10961
10959 38751 21:0 10965
10964 697 1:0 10966
10964 38784 21:0 10970
10969 38199 21:0 10970
10969 38339 21:0 10970
10969 38570 21:0 10970
10969 37769 21:0 10970
10969 38371 21:0 10972
10969 705 1:0 10980
10969 711 1:0 10982
10969 709 1:0 10982
10969 707 1:0 10982
10971 38449 21:0 10984
10983 129 21:0 10992
10983 713 1:0 11032
10991 219 21:0 11020
11019 38495 21:0 11025
11024 38108 21:0 11036
11035 38137 21:0 11036
11035 38549 21:0 11036
11035 38034 21:0 11036
11035 111 21:0 11036
11035 717 1:0 11037
11035 37955 21:0 11041
11040 38502 21:0 11041
11040 38273 21:0 11041
11040 38467 21:0 11041
11040 38141 21:0 11041
11040 38159 21:0 11041
11040 715 1:0 11042
11040 471 21:0 11046
11045 38337 21:0 11046
11045 38005 21:0 11046
11045 549 21:0 11046
11045 38269 21:0 11046
11045 38681 21:0 11046
11045 23 21:0 11056
11045 725 1:0 11057
11055 43 21:0 11061
11060 59 21:0 11061
11060 41 21:0 11061
11060 38406 21:0 11061
11060 38109 21:0 11061
11060 37746 21:0 11061
11060 38076 21:0 11061
11060 38274 21:0 11061
11060 38175 21:0 11061
11060 38505 21:0 11061
11060 38340 21:0 11061
11060 37713 21:0 11061
11060 38241 21:0 11061
11060 38208 21:0 11061
11060 38472 21:0 11061
11060 37944 21:0 11061
11060 37812 21:0 11061
11060 37845 21:0 11066
11066 38992 21:0 11073
11072 61 21:0 11073
11072 79 21:0 11076
11075 37878 21:0 11076
11075 37779 21:0 11076
11075 97 21:0 11076
11075 95 21:0 11076
11075 38307 21:0 11076
11075 77 21:0 11076
11075 37911 21:0 11076
11075 38373 21:0 11076
11075 35369 1:0 11077
11075 38439 21:0 11079
11079 35369 21:0 11099
11098 725 21:0 11099
11098 453 21:0 11099
11098 38561 21:0 11099
11098 38020 21:0 11099
11098 38245 21:0 11099
11098 38784 1:0 11100
11098 38516 21:0 11102
11101 38588 21:0 11102
11101 387 21:0 11102
11101 38747 21:0 11102
11101 38284 21:0 11102
11101 35385 1:0 11103
11101 37829 21:0 11105
11104 38571 21:0 11105
11104 38538 21:0 11105
11105 35385 21:0 11110
11109 38751 1:0 11111
11109 715 21:0 11113
11112 115 21:0 11113
11112 131 21:0 11113
11112 133 21:0 11113
11112 38132 21:0 11113
11112 38140 21:0 11113
11112 38759 21:0 11113
11112 113 21:0 11113
11112 35389 1:0 11114
11112 151 21:0 11116
11115 38670 21:0 11116
11115 38769 21:0 11116
11115 38703 21:0 11116
11115 38736 21:0 11116
11115 38604 21:0 11116
11115 38637 21:0 11116
11116 35389 21:0 11119
11118 605 1:0 11120
11118 717 21:0 11122
11121 149 21:0 11122
11121 38735 21:0 11122
11121 38153 21:0 11122
11121 38438 21:0 11122
11121 167 21:0 11122
11121 169 21:0 11122
11121 35392 1:0 11124
11121 185 21:0 11126
11121 38716 1:0 11148
11125 38802 21:0 11126
11126 35392 21:0 11185
11149 35410 1:0 11151
11184 35419 1:0 11186
11184 713 21:0 11208
11193 35421 1:0 11196
11203 35424 1:0 11206
11207 38835 21:0 11208
11208 35424 21:0 11230
11229 35421 21:0 11230
11229 709 21:0 11230
11229 705 21:0 11230
11229 711 21:0 11230
11229 35419 21:0 11230
11229 35410 21:0 11230
11229 707 21:0 11230
11229 553 1:0 11231
11229 38203 21:0 11233
11232 365 21:0 11233
11232 38901 21:0 11233
11232 349 21:0 11233
11232 239 21:0 11233
11232 311 21:0 11233
11232 367 21:0 11233
11232 257 21:0 11233
11232 241 21:0 11233
11232 259 21:0 11233
11232 347 21:0 11233
11232 38934 21:0 11233
11232 331 21:0 11233
11232 383 21:0 11233
11232 385 21:0 11233
11232 295 21:0 11233
11232 203 21:0 11233
11232 205 21:0 11233
11232 221 21:0 11233
11232 187 21:0 11233
11232 38868 21:0 11233
11232 223 21:0 11233
11232 275 21:0 11233
11232 37928 21:0 11233
11232 749 21:0 11233
11232 38753 21:0 11233
11232 293 21:0 11233
11232 277 21:0 11233
11232 329 21:0 11233
11232 313 21:0 11233
11232 35442 1:0 11234
11236 35442 21:0 11241
11240 515 1:0 11242
11240 697 21:0 11244
11243 38731 21:0 11244
11243 38863 21:0 11244
11243 38515 21:0 11244
11243 401 21:0 11244
11243 403 21:0 11244
11243 421 21:0 11244
11243 419 21:0 11244
11243 35446 1:0 11245
11247 35446 21:0 11250
11249 589 1:0 11251
11249 699 21:0 11253
11252 585 21:0 11253
11252 455 21:0 11253
11252 439 21:0 11253
11252 38047 21:0 11253
11252 38372 21:0 11253
11252 437 21:0 11253
11252 35449 1:0 11255
11252 457 21:0 11257
11252 38749 1:0 11279
11257 35449 21:0 11316
11280 35467 1:0 11282
11283 38934 1:0 11285
11290 749 1:0 11296
11315 35476 1:0 11317
11315 695 21:0 11339
11324 35478 1:0 11327
11334 35481 1:0 11337
11339 35481 21:0 11361
11360 691 21:0 11361
11360 35476 21:0 11361
11360 35467 21:0 11361
11360 693 21:0 11361
11360 687 21:0 11361
11360 689 21:0 11361
11360 35478 21:0 11361
11360 38552 1:0 11362
11360 435 21:0 11364
11363 565 21:0 11364
11363 635 21:0 11364
11363 637 21:0 11364
11363 493 21:0 11364
11363 601 21:0 11364
11363 491 21:0 11364
11363 617 21:0 11364
11363 511 21:0 11364
11363 509 21:0 11364
11363 671 21:0 11364
11363 673 21:0 11364
11363 749 21:0 11364
11363 529 21:0 11364
11363 527 21:0 11364
11363 619 21:0 11364
11363 599 21:0 11364
11363 581 21:0 11364
11363 545 21:0 11364
11363 563 21:0 11364
11363 653 21:0 11364
11363 655 21:0 11364
11363 547 21:0 11364
11363 583 21:0 11364
11363 475 21:0 11364
11363 473 21:0 11364
11363 38404 21:0 11364
11363 35499 1:0 11365
11367 35499 21:0 11372
11371 38849 1:0 11373
11371 679 21:0 11375
11374 35503 1:0 11376
11374 38404 1:0 11379
11378 35503 21:0 11381
11380 551 1:0 11382
11380 435 1:0 11382
11380 681 21:0 11384
11383 35506 1:0 11386
11383 38550 1:0 11410
11388 35506 21:0 11447
11411 35524 1:0 11413
11414 38901 1:0 11416
11421 749 1:0 11427
11443 673 1:0 11444
11446 35533 1:0 11448
11446 677 21:0 11470
11452 671 1:0 11453
11455 35535 1:0 11458
11462 585 1:0 11464
11465 35538 1:0 11468
11467 38883 1:0 11467
11470 35538 21:0 11492
11491 671 21:0 11492
11491 673 21:0 11492
11491 35533 21:0 11492
11491 35535 21:0 11492
11491 669 21:0 11492
11491 675 21:0 11492
11491 749 21:0 11492
11491 35524 21:0 11492
11491 499 1:0 11493
11491 38047 1:0 11493
11492 661 1:0 11492
11494 35556 1:0 11496
11494 38372 1:0 11501
11495 38882 1:0 11495
11495 38881 1:0 11495
11498 35556 21:0 11503
11502 38515 1:0 11504
11502 38387 1:0 11504
11502 661 21:0 11506
11503 663 1:0 11503
11505 35560 1:0 11507
11505 38731 1:0 11510
11509 38880 1:0 11509
11509 35560 21:0 11512
11511 38863 1:0 11513
11511 537 1:0 11513
11511 663 21:0 11515
11512 659 1:0 11512
11514 35563 1:0 11517
11514 38618 1:0 11541
11519 35563 21:0 11578
11542 35581 1:0 11544
11545 38868 1:0 11547
11552 749 1:0 11558
11574 655 1:0 11575
11577 35590 1:0 11579
11577 659 21:0 11601
11583 653 1:0 11584
11586 35592 1:0 11589
11593 37928 1:0 11595
11596 35595 1:0 11599
11598 38850 1:0 11598
11601 35595 21:0 11623
11622 35592 21:0 11623
11622 35581 21:0 11623
11622 653 21:0 11623
11622 655 21:0 11623
11622 749 21:0 11623
11622 657 21:0 11623
11622 651 21:0 11623
11622 35590 21:0 11623
11622 38684 1:0 11624
11622 38753 1:0 11624
11623 643 1:0 11623
11625 35613 1:0 11627
11625 38203 1:0 11632
11626 38848 1:0 11626
11629 35613 21:0 11634
11633 38153 1:0 11635
11633 407 1:0 11635
11633 643 21:0 11637
11634 645 1:0 11634
11636 35617 1:0 11638
11636 38735 1:0 11641
11640 38847 1:0 11640
11640 35617 21:0 11643
11642 38438 1:0 11644
11642 38583 1:0 11644
11642 645 21:0 11646
11643 641 1:0 11643
11645 35620 1:0 11648
11645 497 1:0 11672
11650 35620 21:0 11709
11673 35638 1:0 11675
11676 38835 1:0 11678
11683 749 1:0 11689
11705 637 1:0 11706
11708 35647 1:0 11710
11708 641 21:0 11730
11714 635 1:0 11715
11717 35649 1:0 11720
11724 38759 1:0 11726
11727 35652 1:0 11730
11729 38817 1:0 11729
11729 749 21:0 11732
11732 35652 21:0 11754
11753 35647 21:0 11754
11753 639 21:0 11754
11753 637 21:0 11754
11753 635 21:0 11754
11753 633 21:0 11754
11753 35649 21:0 11754
11753 35638 21:0 11754
11753 38140 1:0 11755
11753 461 1:0 11755
11754 625 1:0 11754
11756 35670 1:0 11758
11756 38132 1:0 11763
11757 38816 1:0 11757
11757 38815 1:0 11757
11760 35670 21:0 11765
11764 425 1:0 11766
11764 37829 1:0 11766
11764 625 21:0 11768
11765 627 1:0 11765
11767 35674 1:0 11769
11767 38284 1:0 11772
11771 38814 1:0 11771
11771 35674 21:0 11774
11773 38584 1:0 11775
11773 38747 1:0 11775
11773 627 21:0 11777
11774 623 1:0 11774
11776 35677 1:0 11779
11776 38386 1:0 11803
11781 35677 21:0 11840
11804 35695 1:0 11806
11807 38802 1:0 11809
11814 749 1:0 11820
11836 619 1:0 11837
11839 35704 1:0 11841
11839 623 21:0 11863
11845 617 1:0 11846
11848 35706 1:0 11851
11855 387 1:0 11857
11858 35709 1:0 11861
11863 35709 21:0 11885
11884 35706 21:0 11885
11884 619 21:0 11885
11884 617 21:0 11885
11884 35695 21:0 11885
11884 749 21:0 11885
11884 35704 21:0 11885
11884 615 21:0 11885
11884 621 21:0 11885
11884 337 1:0 11886
11884 38588 1:0 11886
11885 607 1:0 11885
11887 35727 1:0 11889
11887 38516 1:0 11894
11888 38783 1:0 11888
11888 38782 1:0 11888
11891 35727 21:0 11896
11895 481 1:0 11897
11895 38020 1:0 11897
11895 607 21:0 11899
11896 609 1:0 11896
11898 35731 1:0 11900
11898 38561 1:0 11903
11902 38781 1:0 11902
11902 35731 21:0 11905
11904 35761 1:0 11906
11904 453 1:0 11906
11904 601 1:0 11906
11904 463 1:0 11906
11904 609 21:0 11908
11907 35734 1:0 11910
11907 38553 1:0 11934
11912 35734 21:0 11971
11932 38769 1:0 11934
11932 749 1:0 11934
11935 35752 1:0 11937
11935 38245 1:0 11985
11970 605 21:0 11994
11976 599 1:0 11977
11979 35763 1:0 11982
11986 38269 1:0 11988
11989 35766 1:0 11992
11994 35766 21:0 12016
12015 599 21:0 12016
12015 601 21:0 12016
12015 749 21:0 12016
12015 597 21:0 12016
12015 603 21:0 12016
12015 35761 21:0 12016
12015 35752 21:0 12016
12015 35763 21:0 12016
12015 38681 1:0 12017
12015 393 1:0 12017
12018 35784 1:0 12020
12018 38337 1:0 12025
12019 38750 1:0 12019
12022 35784 21:0 12027
12026 465 1:0 12028
12026 549 1:0 12028
12026 589 21:0 12030
12027 591 1:0 12027
12029 35788 1:0 12031
12029 38005 1:0 12034
12033 38748 1:0 12033
12033 35788 21:0 12036
12035 443 1:0 12037
12035 583 1:0 12037
12035 35818 1:0 12037
12035 471 1:0 12037
12035 591 21:0 12039
12036 587 1:0 12036
12038 35791 1:0 12041
12038 38288 1:0 12065
12043 35791 21:0 12102
12063 749 1:0 12065
12063 38736 1:0 12065
12066 35809 1:0 12068
12066 38159 1:0 12116
12101 587 21:0 12125
12107 581 1:0 12108
12110 35820 1:0 12113
12117 38467 1:0 12119
12120 35823 1:0 12123
12122 38718 1:0 12122
12125 35823 21:0 12147
12146 749 21:0 12147
12146 35820 21:0 12147
12146 583 21:0 12147
12146 581 21:0 12147
12146 35818 21:0 12147
12146 35809 21:0 12147
12146 585 21:0 12147
12146 579 21:0 12147
12146 38273 1:0 12148
12146 38454 1:0 12148
12147 571 1:0 12147
12149 35841 1:0 12151
12149 38502 1:0 12156
12150 38717 1:0 12150
12153 35841 21:0 12158
12157 38141 1:0 12159
12157 335 1:0 12159
12157 571 21:0 12161
12158 573 1:0 12158
12160 35845 1:0 12162
12160 37955 1:0 12165
12164 38715 1:0 12164
12164 35845 21:0 12167
12166 565 1:0 12168
12166 38484 1:0 12168
12166 35875 1:0 12168
12166 38549 1:0 12168
12166 573 21:0 12170
12167 569 1:0 12167
12169 35848 1:0 12172
12169 38485 1:0 12196
12174 35848 21:0 12233
12194 38703 1:0 12196
12194 749 1:0 12196
12197 35866 1:0 12199
12197 38137 1:0 12247
12232 569 21:0 12256
12238 563 1:0 12239
12241 35877 1:0 12244
12248 111 1:0 12250
12251 35880 1:0 12254
12253 38685 1:0 12253
12256 35880 21:0 12278
12277 35866 21:0 12278
12277 565 21:0 12278
12277 563 21:0 12278
12277 561 21:0 12278
12277 567 21:0 12278
12277 35877 21:0 12278
12277 35875 21:0 12278
12277 749 21:0 12278
12277 38517 1:0 12279
12277 38034 1:0 12279
12280 35898 1:0 12282
12280 38108 1:0 12287
12281 38683 1:0 12281
12284 35898 21:0 12289
12288 38495 1:0 12290
12288 38487 1:0 12290
12288 553 21:0 12292
12289 555 1:0 12289
12291 35902 1:0 12293
12291 219 1:0 12296
12295 38682 1:0 12295
12295 35902 21:0 12298
12297 129 1:0 12299
12297 547 1:0 12299
12297 545 1:0 12299
12297 35932 1:0 12299
12297 35934 1:0 12299
12297 38451 1:0 12299
12297 555 21:0 12301
12300 35905 1:0 12303
12300 35923 1:0 12314
12300 35937 1:0 12314
12305 35905 21:0 12364
12311 749 1:0 12312
12313 38670 1:0 12314
12315 38354 1:0 12368
12363 551 21:0 12387
12369 38385 1:0 12407
12387 35937 21:0 12409
12406 38652 1:0 12406
12408 35932 21:0 12409
12408 35934 21:0 12409
12408 35923 21:0 12409
12408 749 21:0 12409
12408 543 21:0 12409
12408 549 21:0 12409
12408 547 21:0 12409
12408 545 21:0 12409
12408 38449 1:0 12410
12408 38453 1:0 12410
12409 535 1:0 12409
12411 35955 1:0 12413
12411 38371 1:0 12418
12412 38651 1:0 12412
12412 38650 1:0 12412
12415 35955 21:0 12420
12419 38353 1:0 12421
12419 38339 1:0 12421
12419 535 21:0 12423
12422 35959 1:0 12424
12422 38199 1:0 12427
12426 38649 1:0 12426
12426 35959 21:0 12429
12428 527 1:0 12430
12428 35989 1:0 12430
12428 35991 1:0 12430
12428 429 1:0 12430
12428 38570 1:0 12430
12428 529 1:0 12430
12428 537 21:0 12432
12429 533 1:0 12429
12431 35962 1:0 12434
12431 35994 1:0 12446
12431 35980 1:0 12446
12436 35962 21:0 12495
12442 749 1:0 12443
12444 38637 1:0 12446
12447 38452 1:0 12499
12494 533 21:0 12518
12500 38289 1:0 12538
12517 35980 21:0 12540
12537 38619 1:0 12537
12539 525 21:0 12540
12539 531 21:0 12540
12539 749 21:0 12540
12539 529 21:0 12540
12539 527 21:0 12540
12539 35991 21:0 12540
12539 35989 21:0 12540
12539 35994 21:0 12540
12539 427 1:0 12541
12539 37769 1:0 12541
12540 517 1:0 12540
12542 36012 1:0 12544
12542 38357 1:0 12549
12543 38617 1:0 12543
12546 36012 21:0 12551
12550 38421 1:0 12552
12550 38535 1:0 12552
12550 517 21:0 12554
12551 519 1:0 12551
12553 36016 1:0 12555
12553 477 1:0 12558
12557 38616 1:0 12557
12557 36016 21:0 12560
12559 509 1:0 12561
12559 373 1:0 12561
12559 36048 1:0 12561
12559 38146 1:0 12561
12559 36046 1:0 12561
12559 511 1:0 12561
12559 519 21:0 12563
12562 36019 1:0 12565
12562 36051 1:0 12577
12562 36037 1:0 12577
12567 36019 21:0 12626
12573 749 1:0 12574
12575 38604 1:0 12577
12578 38388 1:0 12630
12625 515 21:0 12649
12631 38355 1:0 12669
12649 36051 21:0 12671
12668 38586 1:0 12668
12670 513 21:0 12671
12670 507 21:0 12671
12670 36037 21:0 12671
12670 749 21:0 12671
12670 36046 21:0 12671
12670 36048 21:0 12671
12670 511 21:0 12671
12670 509 21:0 12671
12670 38120 1:0 12672
12670 375 1:0 12672
12673 36069 1:0 12675
12673 38463 1:0 12680
12674 38585 1:0 12674
12677 36069 21:0 12682
12681 38542 1:0 12683
12681 38319 1:0 12683
12681 499 21:0 12685
12682 501 1:0 12682
12684 36073 1:0 12686
12684 38437 1:0 12689
12688 36073 21:0 12691
12690 38469 1:0 12692
12690 36105 1:0 12692
12690 493 1:0 12692
12690 36103 1:0 12692
12690 38418 1:0 12692
12690 491 1:0 12692
12690 501 21:0 12694
12693 36076 1:0 12696
12693 36094 1:0 12708
12693 36108 1:0 12708
12698 36076 21:0 12757
12704 749 1:0 12705
12706 38571 1:0 12708
12709 38287 1:0 12761
12756 497 21:0 12780
12762 391 1:0 12800
12780 36108 21:0 12802
12801 491 21:0 12802
12801 495 21:0 12802
12801 489 21:0 12802
12801 493 21:0 12802
12801 36094 21:0 12802
12801 36103 21:0 12802
12801 749 21:0 12802
12801 36105 21:0 12802
12801 38008 1:0 12803
12801 353 1:0 12803
12804 36126 1:0 12806
12804 38496 1:0 12811
12805 38551 1:0 12805
12808 36126 21:0 12813
12812 37737 1:0 12814
12812 371 1:0 12814
12812 481 21:0 12816
12813 483 1:0 12813
12815 36130 1:0 12817
12815 37875 1:0 12820
12819 36130 21:0 12822
12821 441 1:0 12823
12821 38320 1:0 12823
12821 473 1:0 12823
12821 36162 1:0 12823
12821 36160 1:0 12823
12821 475 1:0 12823
12821 483 21:0 12825
12822 479 1:0 12822
12824 36133 1:0 12827
12824 36165 1:0 12838
12824 36151 1:0 12838
12829 36133 21:0 12888
12835 749 1:0 12836
12837 38538 1:0 12838
12839 303 1:0 12892
12887 479 21:0 12911
12893 38286 1:0 12931
12910 36151 21:0 12933
12930 38520 1:0 12930
12932 471 21:0 12933
12932 473 21:0 12933
12932 475 21:0 12933
12932 36165 21:0 12933
12932 36160 21:0 12933
12932 36162 21:0 12933
12932 477 21:0 12933
12932 749 21:0 12933
12932 299 1:0 12934
12932 37988 1:0 12934
12935 36183 1:0 12937
12935 38482 1:0 12942
12936 38519 1:0 12936
12936 38518 1:0 12936
12939 36183 21:0 12944
12943 37868 1:0 12945
12943 38223 1:0 12945
12943 463 21:0 12947
12946 36187 1:0 12948
12946 38417 1:0 12951
12950 36187 21:0 12953
12952 355 1:0 12954
12952 455 1:0 12954
12952 36219 1:0 12954
12952 36217 1:0 12954
12952 457 1:0 12954
12952 38423 1:0 12954
12952 465 21:0 12956
12955 36190 1:0 12958
12955 36222 1:0 12968
12955 36208 1:0 12968
12960 36190 21:0 13019
12966 749 1:0 12968
12968 38505 1:0 12968
12969 357 1:0 13023
13018 461 21:0 13042
13024 38256 1:0 13062
13042 36222 21:0 13064
13063 457 21:0 13064
13063 455 21:0 13064
13063 36217 21:0 13064
13063 749 21:0 13064
13063 453 21:0 13064
13063 459 21:0 13064
13063 36219 21:0 13064
13063 36208 21:0 13064
13063 38410 1:0 13065
13063 37989 1:0 13065
13064 445 1:0 13064
13066 36240 1:0 13068
13066 381 1:0 13073
13067 38486 1:0 13067
13070 36240 21:0 13075
13074 38185 1:0 13076
13074 38322 1:0 13076
13074 445 21:0 13078
13075 447 1:0 13075
13077 36244 1:0 13079
13077 38462 1:0 13082
13081 36244 21:0 13084
13083 36276 1:0 13085
13083 36274 1:0 13085
13083 38311 1:0 13085
13083 317 1:0 13085
13083 439 1:0 13085
13083 437 1:0 13085
13083 447 21:0 13087
13086 36247 1:0 13089
13086 36279 1:0 13101
13086 36265 1:0 13101
13091 36247 21:0 13150
13097 749 1:0 13098
13099 38472 1:0 13101
13100 38470 1:0 13100
13102 249 1:0 13154
13149 443 21:0 13173
13153 38456 1:0 13153
13155 231 1:0 13193
13172 36265 21:0 13195
13194 441 21:0 13195
13194 36279 21:0 13195
13194 435 21:0 13195
13194 36276 21:0 13195
13194 36274 21:0 13195
13194 749 21:0 13195
13194 437 21:0 13195
13194 439 21:0 13195
13194 405 1:0 13196
13194 301 1:0 13196
13197 36297 1:0 13199
13197 363 1:0 13204
13201 36297 21:0 13206
13203 38450 1:0 13203
13205 38236 1:0 13207
13205 38220 1:0 13207
13205 427 21:0 13209
13208 36301 1:0 13210
13208 38206 1:0 13213
13212 36301 21:0 13215
13214 37789 1:0 13216
13214 36333 1:0 13216
13214 339 1:0 13216
13214 36331 1:0 13216
13214 419 1:0 13216
13214 421 1:0 13216
13214 429 21:0 13218
13217 36304 1:0 13220
13217 36322 1:0 13232
13217 36336 1:0 13232
13222 36304 21:0 13281
13228 749 1:0 13229
13230 38439 1:0 13232
13231 423 1:0 13231
13231 38434 1:0 13231
13231 38430 1:0 13231
13233 319 1:0 13285
13280 425 21:0 13304
13284 417 1:0 13284
13284 38429 1:0 13284
13286 38254 1:0 13324
13303 36322 21:0 13326
13325 36336 21:0 13326
13325 423 21:0 13326
13325 421 21:0 13326
13325 419 21:0 13326
13325 36333 21:0 13326
13325 417 21:0 13326
13325 36331 21:0 13326
13325 749 21:0 13326
13325 38190 1:0 13327
13325 279 1:0 13327
13326 409 1:0 13326
13328 36354 1:0 13330
13328 37908 1:0 13335
13329 38420 1:0 13329
13329 38419 1:0 13329
13332 36354 21:0 13337
13336 263 1:0 13338
13336 38298 1:0 13338
13336 409 21:0 13340
13337 411 1:0 13337
13339 36358 1:0 13341
13339 38304 1:0 13344
13343 36358 21:0 13346
13345 281 1:0 13347
13345 36388 1:0 13347
13345 38285 1:0 13347
13345 36390 1:0 13347
13345 401 1:0 13347
13345 403 1:0 13347
13345 411 21:0 13349
13348 36361 1:0 13351
13348 36393 1:0 13365
13348 36379 1:0 13365
13353 36361 21:0 13412
13359 749 1:0 13360
13361 38406 1:0 13365
13364 38403 1:0 13364
13366 38187 1:0 13416
13411 407 21:0 13433
13415 38396 1:0 13415
13415 399 1:0 13415
13417 38222 1:0 13455
13432 749 21:0 13435
13435 36393 21:0 13457
13456 401 21:0 13457
13456 399 21:0 13457
13456 36390 21:0 13457
13456 36388 21:0 13457
13456 405 21:0 13457
13456 403 21:0 13457
13456 36379 21:0 13457
13456 351 1:0 13458
13456 321 1:0 13458
13459 36411 1:0 13461
13459 37783 1:0 13466
13463 36411 21:0 13468
13467 37906 1:0 13469
13467 265 1:0 13469
13467 391 21:0 13471
13470 36415 1:0 13472
13470 37961 1:0 13475
13474 36415 21:0 13477
13476 36447 1:0 13478
13476 385 1:0 13478
13476 383 1:0 13478
13476 36445 1:0 13478
13476 38060 1:0 13478
13476 38091 1:0 13478
13476 393 21:0 13480
13477 389 1:0 13477
13479 36418 1:0 13482
13479 36436 1:0 13496
13479 36450 1:0 13496
13481 38383 1:0 13481
13484 36418 21:0 13543
13490 749 1:0 13491
13492 38373 1:0 13496
13495 38368 1:0 13495
13495 38364 1:0 13495
13497 283 1:0 13547
13542 389 21:0 13564
13548 38253 1:0 13586
13563 36436 21:0 13588
13587 381 21:0 13588
13587 387 21:0 13588
13587 749 21:0 13588
13587 36450 21:0 13588
13587 383 21:0 13588
13587 36445 21:0 13588
13587 36447 21:0 13588
13587 385 21:0 13588
13587 37811 1:0 13589
13587 38255 1:0 13589
13590 36468 1:0 13592
13590 38100 1:0 13597
13594 36468 21:0 13599
13596 38351 1:0 13596
13598 38232 1:0 13600
13598 247 1:0 13600
13598 373 21:0 13602
13601 36472 1:0 13603
13601 38338 1:0 13606
13605 38352 1:0 13605
13605 36472 21:0 13608
13607 37922 1:0 13609
13607 36504 1:0 13609
13607 36502 1:0 13609
13607 38124 1:0 13609
13607 367 1:0 13609
13607 365 1:0 13609
13607 375 21:0 13611
13610 36475 1:0 13613
13610 36507 1:0 13627
13610 36493 1:0 13627
13612 38344 1:0 13612
13615 36475 21:0 13674
13621 749 1:0 13622
13623 38340 1:0 13627
13626 38331 1:0 13626
13628 38188 1:0 13678
13673 371 21:0 13696
13677 38330 1:0 13677
13677 38324 1:0 13677
13679 38157 1:0 13717
13695 36493 21:0 13719
13718 36502 21:0 13719
13718 367 21:0 13719
13718 749 21:0 13719
13718 365 21:0 13719
13718 36507 21:0 13719
13718 36504 21:0 13719
13718 363 21:0 13719
13718 369 21:0 13719
13718 38001 1:0 13720
13718 38156 1:0 13720
13721 36525 1:0 13723
13721 38231 1:0 13728
13722 38321 1:0 13722
13725 36525 21:0 13730
13727 38318 1:0 13727
13729 285 1:0 13731
13729 38172 1:0 13731
13729 355 21:0 13733
13732 36529 1:0 13734
13732 38009 1:0 13737
13736 36529 21:0 13739
13738 36561 1:0 13740
13738 36559 1:0 13740
13738 267 1:0 13740
13738 38104 1:0 13740
13738 349 1:0 13740
13738 347 1:0 13740
13738 357 21:0 13742
13741 36532 1:0 13744
13741 36550 1:0 13758
13741 36564 1:0 13758
13746 36532 21:0 13805
13752 749 1:0 13753
13754 38307 1:0 13758
13757 38305 1:0 13757
13759 38154 1:0 13809
13804 353 21:0 13827
13808 345 1:0 13808
13808 38297 1:0 13808
13810 38155 1:0 13848
13828 36564 21:0 13850
13849 749 21:0 13850
13849 349 21:0 13850
13849 351 21:0 13850
13849 345 21:0 13850
13849 36550 21:0 13850
13849 36561 21:0 13850
13849 36559 21:0 13850
13849 347 21:0 13850
13849 38189 1:0 13851
13849 38198 1:0 13851
13852 36582 1:0 13854
13852 38170 1:0 13859
13856 36582 21:0 13861
13860 38166 1:0 13862
13860 38025 1:0 13862
13860 337 21:0 13864
13863 36586 1:0 13865
13863 38186 1:0 13868
13867 36586 21:0 13870
13869 329 1:0 13871
13869 331 1:0 13871
13869 38121 1:0 13871
13869 36618 1:0 13871
13869 37943 1:0 13871
13869 36616 1:0 13871
13869 339 21:0 13873
13872 36589 1:0 13875
13872 36621 1:0 13888
13872 36607 1:0 13888
13877 36589 21:0 13936
13883 749 1:0 13884
13885 38274 1:0 13888
13887 38265 1:0 13887
13887 38272 1:0 13887
13887 333 1:0 13887
13887 38271 1:0 13887
13889 38123 1:0 13940
13935 335 21:0 13959
13939 327 1:0 13939
13939 38264 1:0 13939
13941 38089 1:0 13979
13958 36607 21:0 13981
13980 327 21:0 13981
13980 333 21:0 13981
13980 749 21:0 13981
13980 36616 21:0 13981
13980 36618 21:0 13981
13980 329 21:0 13981
13980 331 21:0 13981
13980 36621 21:0 13981
13980 38139 1:0 13982
13980 229 1:0 13982
13983 36639 1:0 13985
13983 38119 1:0 13990
13987 36639 21:0 13992
13989 38252 1:0 13989
13991 38087 1:0 13993
13991 38088 1:0 13993
13991 319 21:0 13995
13994 36643 1:0 13996
13994 37844 1:0 13999
13998 36643 21:0 14001
14000 311 1:0 14002
14000 313 1:0 14002
14000 36675 1:0 14002
14000 38093 1:0 14002
14000 36673 1:0 14002
14000 227 1:0 14002
14000 321 21:0 14004
14003 36646 1:0 14006
14003 36678 1:0 14020
14003 36664 1:0 14020
14005 38251 1:0 14005
14008 36646 21:0 14067
14014 749 1:0 14015
14016 38241 1:0 14020
14019 38239 1:0 14019
14019 315 1:0 14019
14019 38240 1:0 14019
14021 213 1:0 14071
14066 317 21:0 14090
14070 38225 1:0 14070
14070 309 1:0 14070
14072 245 1:0 14110
14089 36664 21:0 14112
14111 315 21:0 14112
14111 309 21:0 14112
14111 749 21:0 14112
14111 36673 21:0 14112
14111 36678 21:0 14112
14111 36675 21:0 14112
14111 311 21:0 14112
14111 313 21:0 14112
14111 38165 1:0 14113
14111 209 1:0 14113
14114 36696 1:0 14116
14114 37876 1:0 14121
14115 38221 1:0 14115
14118 36696 21:0 14123
14120 38219 1:0 14120
14122 225 1:0 14124
14122 38122 1:0 14124
14122 301 21:0 14126
14125 36700 1:0 14127
14125 45 1:0 14130
14129 36700 21:0 14132
14131 36730 1:0 14133
14131 36732 1:0 14133
14131 293 1:0 14133
14131 295 1:0 14133
14131 37902 1:0 14133
14131 38090 1:0 14133
14131 303 21:0 14135
14134 36703 1:0 14137
14134 36735 1:0 14151
14134 36721 1:0 14151
14136 38218 1:0 14136
14136 38212 1:0 14136
14139 36703 21:0 14198
14145 749 1:0 14146
14147 38208 1:0 14151
14150 297 1:0 14150
14150 38207 1:0 14150
14150 38205 1:0 14150
14152 38055 1:0 14202
14197 299 21:0 14221
14201 38192 1:0 14201
14201 291 1:0 14201
14203 38056 1:0 14241
14221 36735 21:0 14243
14242 297 21:0 14243
14242 291 21:0 14243
14242 749 21:0 14243
14242 36732 21:0 14243
14242 36730 21:0 14243
14242 295 21:0 14243
14242 293 21:0 14243
14242 36721 21:0 14243
14242 37948 1:0 14244
14242 38058 1:0 14244
14245 36753 1:0 14247
14245 38173 1:0 14252
14249 36753 21:0 14254
14253 37992 1:0 14255
14253 38041 1:0 14255
14253 283 21:0 14257
14256 36757 1:0 14258
14256 255 1:0 14261
14260 36757 21:0 14263
14262 275 1:0 14264
14262 38023 1:0 14264
14262 38075 1:0 14264
14262 36787 1:0 14264
14262 277 1:0 14264
14262 36789 1:0 14264
14262 285 21:0 14266
14265 36760 1:0 14268
14265 36792 1:0 14281
14265 36778 1:0 14281
14267 38179 1:0 14267
14270 36760 21:0 14329
14276 749 1:0 14277
14278 38175 1:0 14281
14280 38174 1:0 14280
14282 211 1:0 14333
14328 281 21:0 14352
14332 273 1:0 14332
14334 38057 1:0 14372
14352 36792 21:0 14374
14373 36789 21:0 14374
14373 749 21:0 14374
14373 279 21:0 14374
14373 36787 21:0 14374
14373 36778 21:0 14374
14373 277 21:0 14374
14373 273 21:0 14374
14373 275 21:0 14374
14373 37981 1:0 14375
14373 193 1:0 14375
14376 36810 1:0 14378
14376 38113 1:0 14383
14380 36810 21:0 14385
14384 37991 1:0 14386
14384 38066 1:0 14386
14384 265 21:0 14388
14387 36814 1:0 14389
14387 37840 1:0 14392
14391 36814 21:0 14394
14393 259 1:0 14395
14393 38073 1:0 14395
14393 257 1:0 14395
14393 36846 1:0 14395
14393 36844 1:0 14395
14393 37924 1:0 14395
14393 267 21:0 14397
14396 36817 1:0 14399
14396 36849 1:0 14413
14396 36835 1:0 14413
14398 38152 1:0 14398
14401 36817 21:0 14460
14407 749 1:0 14408
14409 38142 1:0 14413
14412 261 1:0 14412
14412 38133 1:0 14412
14414 173 1:0 14464
14459 263 21:0 14483
14463 38126 1:0 14463
14465 38024 1:0 14503
14483 36849 21:0 14505
14504 255 21:0 14505
14504 257 21:0 14505
14504 36835 21:0 14505
14504 259 21:0 14505
14504 749 21:0 14505
14504 36846 21:0 14505
14504 36844 21:0 14505
14504 261 21:0 14505
14504 175 1:0 14506
14504 38007 1:0 14506
14507 36867 1:0 14509
14507 37790 1:0 14514
14511 36867 21:0 14516
14515 38022 1:0 14517
14515 37994 1:0 14517
14515 247 21:0 14519
14518 36871 1:0 14520
14518 37967 1:0 14523
14522 36871 21:0 14525
14524 147 1:0 14526
14524 157 1:0 14526
14524 36901 1:0 14526
14524 36903 1:0 14526
14524 239 1:0 14526
14524 241 1:0 14526
14524 249 21:0 14528
14527 36874 1:0 14530
14527 36892 1:0 14544
14527 36906 1:0 14544
14532 36874 21:0 14591
14538 749 1:0 14539
14540 38109 1:0 14544
14543 38107 1:0 14543
14543 38106 1:0 14543
14545 195 1:0 14595
14590 245 21:0 14614
14594 237 1:0 14594
14596 37990 1:0 14634
14614 36906 21:0 14636
14635 749 21:0 14636
14635 36903 21:0 14636
14635 36901 21:0 14636
14635 239 21:0 14636
14635 241 21:0 14636
14635 36892 21:0 14636
14635 237 21:0 14636
14635 243 21:0 14636
14635 37939 1:0 14637
14635 37959 1:0 14637
14638 36924 1:0 14640
14638 37975 1:0 14645
14642 36924 21:0 14647
14646 191 1:0 14648
14646 153 1:0 14648
14646 229 21:0 14650
14649 36928 1:0 14651
14649 183 1:0 14654
14653 36928 21:0 14656
14655 36960 1:0 14657
14655 221 1:0 14657
14655 223 1:0 14657
14655 119 1:0 14657
14655 189 1:0 14657
14655 36958 1:0 14657
14655 231 21:0 14659
14658 36931 1:0 14661
14658 36963 1:0 14675
14658 36949 1:0 14675
14660 38080 1:0 14660
14660 38086 1:0 14660
14663 36931 21:0 14722
14669 749 1:0 14670
14671 38076 1:0 14675
14674 38074 1:0 14674
14674 38071 1:0 14674
14676 177 1:0 14726
14721 227 21:0 14745
14727 37957 1:0 14765
14744 36949 21:0 14767
14766 223 21:0 14767
14766 221 21:0 14767
14766 749 21:0 14767
14766 225 21:0 14767
14766 219 21:0 14767
14766 36963 21:0 14767
14766 36960 21:0 14767
14766 36958 21:0 14767
14766 37954 1:0 14768
14766 159 1:0 14768
14769 36981 1:0 14771
14769 37807 1:0 14776
14773 36981 21:0 14778
14775 38054 1:0 14775
14777 99 1:0 14779
14777 121 1:0 14779
14777 211 21:0 14781
14780 36985 1:0 14782
14780 38040 1:0 14785
14784 36985 21:0 14787
14786 37017 1:0 14788
14786 205 1:0 14788
14786 203 1:0 14788
14786 37958 1:0 14788
14786 37015 1:0 14788
14786 37921 1:0 14788
14786 213 21:0 14790
14789 36988 1:0 14792
14789 37006 1:0 14806
14789 37020 1:0 14806
14791 38053 1:0 14791
14794 36988 21:0 14853
14800 749 1:0 14801
14802 38043 1:0 14806
14805 38038 1:0 14805
14805 38042 1:0 14805
14805 207 1:0 14805
14807 139 1:0 14857
14852 37006 21:0 14869
14856 201 1:0 14856
14856 38027 1:0 14856
14858 37926 1:0 14896
14868 207 21:0 14872
14871 205 21:0 14872
14871 37017 21:0 14872
14871 37015 21:0 14872
14871 203 21:0 14872
14871 749 21:0 14872
14876 37020 21:0 14898
14897 209 21:0 14898
14897 37858 1:0 14899
14897 37942 1:0 14899
14897 201 21:0 14901
14900 37038 1:0 14902
14900 39 1:0 14907
14904 37038 21:0 14909
14908 37895 1:0 14910
14908 37956 1:0 14910
14908 193 21:0 14912
14911 37042 1:0 14913
14911 37803 1:0 14916
14915 37042 21:0 14918
14917 155 1:0 14919
14917 37074 1:0 14919
14917 37072 1:0 14919
14917 37802 1:0 14919
14917 185 1:0 14919
14917 187 1:0 14919
14917 195 21:0 14921
14920 37045 1:0 14923
14920 37063 1:0 14936
14920 37077 1:0 14936
14922 38014 1:0 14922
14925 37045 21:0 14984
14931 749 1:0 14932
14933 38010 1:0 14936
14937 37893 1:0 14988
14983 37063 21:0 15000
14987 38000 1:0 14987
14989 37892 1:0 15027
14999 189 21:0 15003
15002 37072 21:0 15003
15002 37074 21:0 15003
15002 187 21:0 15003
15002 749 21:0 15003
15002 185 21:0 15003
15007 37077 21:0 15029
15028 191 21:0 15029
15028 37891 1:0 15030
15028 135 1:0 15030
15028 183 21:0 15032
15031 37095 1:0 15033
15031 37877 1:0 15038
15035 37095 21:0 15040
15039 37736 1:0 15041
15039 137 1:0 15041
15039 175 21:0 15043
15042 37099 1:0 15044
15042 37816 1:0 15047
15046 37099 21:0 15049
15048 37131 1:0 15050
15048 37925 1:0 15050
15048 167 1:0 15050
15048 169 1:0 15050
15048 37129 1:0 15050
15048 37972 1:0 15050
15048 177 21:0 15052
15051 37102 1:0 15054
15051 37120 1:0 15068
15051 37134 1:0 15068
15053 37987 1:0 15053
15056 37102 21:0 15115
15062 749 1:0 15063
15064 37977 1:0 15068
15067 37974 1:0 15067
15067 37976 1:0 15067
15067 37968 1:0 15067
15067 171 1:0 15067
15069 123 1:0 15119
15114 37120 21:0 15131
15118 165 1:0 15118
15120 141 1:0 15158
15130 171 21:0 15134
15133 169 21:0 15134
15133 37131 21:0 15134
15133 37129 21:0 15134
15133 167 21:0 15134
15133 749 21:0 15134
15138 37134 21:0 15160
15159 173 21:0 15160
15159 37923 1:0 15161
15159 37869 1:0 15161
15159 165 21:0 15163
15162 37152 1:0 15164
15162 37882 1:0 15169
15166 37152 21:0 15171
15170 37835 1:0 15172
15170 101 1:0 15172
15170 157 21:0 15174
15173 37156 1:0 15175
15173 37842 1:0 15178
15177 37156 21:0 15180
15179 149 1:0 15181
15179 151 1:0 15181
15179 37186 1:0 15181
15179 37188 1:0 15181
15179 37890 1:0 15181
15179 37778 1:0 15181
15179 159 21:0 15183
15182 37159 1:0 15185
15182 37191 1:0 15199
15182 37177 1:0 15199
15187 37159 21:0 15246
15193 749 1:0 15194
15195 37944 1:0 15199
15198 37941 1:0 15198
15200 37827 1:0 15250
15245 37177 21:0 15262
15249 37934 1:0 15249
15251 105 1:0 15289
15261 153 21:0 15265
15264 37188 21:0 15265
15264 37186 21:0 15265
15264 151 21:0 15265
15264 149 21:0 15265
15264 749 21:0 15265
15269 37191 21:0 15291
15290 155 21:0 15291
15290 103 1:0 15292
15290 37909 1:0 15292
15290 147 21:0 15294
15293 37209 1:0 15295
15293 37741 1:0 15300
15297 37209 21:0 15302
15301 37744 1:0 15303
15301 85 1:0 15303
15301 139 21:0 15305
15304 37213 1:0 15306
15304 37730 1:0 15309
15308 37213 21:0 15311
15310 37888 1:0 15312
15310 37243 1:0 15312
15310 131 1:0 15312
15310 133 1:0 15312
15310 37245 1:0 15312
15310 37857 1:0 15312
15310 141 21:0 15314
15313 37216 1:0 15316
15313 37234 1:0 15330
15313 37248 1:0 15330
15315 37915 1:0 15315
15318 37216 21:0 15377
15324 749 1:0 15325
15326 37911 1:0 15330
15329 37910 1:0 15329
15331 37860 1:0 15381
15376 37234 21:0 15393
15380 37901 1:0 15380
15382 37859 1:0 15420
15392 135 21:0 15396
15395 133 21:0 15396
15395 749 21:0 15396
15395 37245 21:0 15396
15395 37243 21:0 15396
15395 131 21:0 15396
15400 37248 21:0 15422
15421 137 21:0 15422
15421 37793 1:0 15423
15421 81 1:0 15423
15421 129 21:0 15425
15424 37266 1:0 15426
15424 37823 1:0 15431
15428 37266 21:0 15433
15430 37889 1:0 15430
15432 37792 1:0 15434
15432 37836 1:0 15434
15432 121 21:0 15436
15435 37270 1:0 15437
15435 37809 1:0 15440
15439 37270 21:0 15442
15441 37849 1:0 15443
15441 113 1:0 15443
15441 37302 1:0 15443
15441 115 1:0 15443
15441 37300 1:0 15443
15441 87 1:0 15443
15441 123 21:0 15445
15444 37273 1:0 15447
15444 37305 1:0 15461
15444 37291 1:0 15461
15449 37273 21:0 15508
15455 749 1:0 15456
15457 37878 1:0 15461
15460 37873 1:0 15460
15460 117 1:0 15460
15462 37794 1:0 15512
15507 37291 21:0 15524
15511 37862 1:0 15511
15513 37825 1:0 15551
15523 117 21:0 15527
15526 37302 21:0 15527
15526 37300 21:0 15527
15526 115 21:0 15527
15526 113 21:0 15527
15526 749 21:0 15527
15531 37305 21:0 15553
15552 119 21:0 15553
15552 37810 1:0 15554
15552 67 1:0 15554
15552 111 21:0 15556
15555 37323 1:0 15557
15555 57 1:0 15562
15559 37323 21:0 15564
15561 37856 1:0 15561
15563 37757 1:0 15565
15563 37826 1:0 15565
15563 103 21:0 15567
15566 37327 1:0 15568
15566 37708 1:0 15571
15570 37327 21:0 15573
15572 37357 1:0 15574
15572 95 1:0 15574
15572 37359 1:0 15574
15572 83 1:0 15574
15572 97 1:0 15574
15572 37763 1:0 15574
15572 105 21:0 15576
15575 37330 1:0 15578
15575 37348 1:0 15592
15575 37362 1:0 15592
15577 37855 1:0 15577
15580 37330 21:0 15639
15586 749 1:0 15587
15588 37845 1:0 15592
15591 37843 1:0 15591
15593 37824 1:0 15643
15638 37348 21:0 15655
15642 93 1:0 15642
15644 69 1:0 15682
15654 37357 21:0 15655
15654 37359 21:0 15655
15654 99 21:0 15658
15657 97 21:0 15658
15657 749 21:0 15658
15657 95 21:0 15658
15662 37362 21:0 15684
15683 101 21:0 15684
15683 37791 1:0 15685
15683 37750 1:0 15685
15683 93 21:0 15687
15686 37380 1:0 15688
15686 37777 1:0 15693
15690 37380 21:0 15695
15694 37756 1:0 15696
15694 65 1:0 15696
15694 85 21:0 15698
15697 37384 1:0 15699
15697 37745 1:0 15702
15701 37384 21:0 15704
15703 37416 1:0 15705
15703 79 1:0 15705
15703 77 1:0 15705
15703 63 1:0 15705
15703 37414 1:0 15705
15703 37760 1:0 15705
15703 87 21:0 15707
15706 37387 1:0 15709
15706 37419 1:0 15723
15706 37405 1:0 15723
15708 37822 1:0 15708
15711 37387 21:0 15770
15717 749 1:0 15718
15719 37812 1:0 15723
15724 51 1:0 15774
15769 37405 21:0 15786
15773 75 1:0 15773
15775 37761 1:0 15813
15785 37414 21:0 15786
15785 37416 21:0 15786
15785 81 21:0 15789
15788 749 21:0 15789
15788 79 21:0 15789
15788 77 21:0 15789
15793 37419 21:0 15815
15814 83 21:0 15815
15814 49 1:0 15816
15814 37776 1:0 15816
15814 75 21:0 15818
15817 37437 1:0 15819
15817 37774 1:0 15824
15821 37437 21:0 15826
15825 37743 1:0 15827
15825 37759 1:0 15827
15825 67 21:0 15829
15828 37441 1:0 15830
15828 37717 1:0 15833
15832 37441 21:0 15835
15834 37703 1:0 15836
15834 31 1:0 15836
15834 37473 1:0 15836
15834 37471 1:0 15836
15834 59 1:0 15836
15834 61 1:0 15836
15834 69 21:0 15838
15837 37444 1:0 15840
15837 37462 1:0 15853
15837 37476 1:0 15853
15842 37444 21:0 15901
15848 749 1:0 15849
15850 37779 1:0 15853
15854 47 1:0 15905
15900 37462 21:0 15917
15906 37726 1:0 15944
15916 37473 21:0 15917
15916 37471 21:0 15917
15916 63 21:0 15920
15919 61 21:0 15920
15919 749 21:0 15920
15919 59 21:0 15920
15924 37476 21:0 15946
15945 65 21:0 15946
15945 37758 1:0 15947
15945 27 1:0 15947
15945 57 21:0 15949
15948 37494 1:0 15950
15948 37723 1:0 15955
15952 37494 21:0 15957
15956 37710 1:0 15958
15956 37727 1:0 15958
15956 49 21:0 15960
15959 37498 1:0 15961
15959 37704 1:0 15964
15963 37498 21:0 15966
15965 41 1:0 15967
15965 37711 1:0 15967
15965 37728 1:0 15967
15965 43 1:0 15967
15965 37528 1:0 15967
15965 37530 1:0 15967
15965 51 21:0 15969
15968 37501 1:0 15971
15968 37519 1:0 15984
15968 37533 1:0 15984
15973 37501 21:0 16032
15979 749 1:0 15980
15981 37746 1:0 15984
15985 13 1:0 16036
16031 37519 21:0 16048
16037 33 1:0 16075
16047 37530 21:0 16048
16047 37528 21:0 16048
16047 45 21:0 16051
16050 749 21:0 16051
16050 43 21:0 16051
16050 41 21:0 16051
16055 37533 21:0 16077
16076 47 21:0 16077
16076 37725 1:0 16078
16076 37712 1:0 16078
16076 39 21:0 16080
16079 37551 1:0 16081
16079 21 1:0 16086
16083 37551 21:0 16088
16085 37724 1:0 16085
16087 29 1:0 16089
16087 37697 1:0 16089
16087 31 21:0 16091
16090 37555 1:0 16092
16090 37690 1:0 16095
16094 37555 21:0 16097
16096 37585 1:0 16098
16096 37693 1:0 16098
16096 25 1:0 16098
16096 37587 1:0 16098
16096 23 1:0 16098
16096 731 1:0 16098
16096 33 21:0 16100
16099 37558 1:0 16102
16099 37590 1:0 16116
16099 37576 1:0 16116
16104 37558 21:0 16163
16110 749 1:0 16111
16112 37713 1:0 16116
16117 37695 1:0 16167
16162 37576 21:0 16179
16168 37694 1:0 16206
16178 37587 21:0 16179
16178 37585 21:0 16179
16178 27 21:0 16182
16181 749 21:0 16182
16181 23 21:0 16182
16181 25 21:0 16182
16186 37590 21:0 16208
16207 29 21:0 16208
16207 37684 1:0 16209
16207 37692 1:0 16209
16207 21 21:0 16211
16210 37608 1:0 16212
16210 37691 1:0 16217
16214 37608 21:0 16219
16218 15 1:0 16219
16218 9 1:0 16220
16218 13 21:0 16222
16221 37612 1:0 16223
16221 37679 1:0 16226
16225 37612 21:0 16228
16227 11 1:0 16228
16227 37671 1:0 16229
16227 15 21:0 16231
16230 37615 1:0 16233
16230 37675 1:0 16254
16230 37677 1:0 16254
16235 37615 21:0 16294
16255 37642 1:0 16257
16255 37678 1:0 16257
16255 7 1:0 16257
16255 749 1:0 16257
16255 37680 1:0 16257
16258 37633 1:0 16260
16258 3 1:0 16308
16293 37633 21:0 16310
16299 5 1:0 16300
16302 37644 1:0 16305
16309 37642 21:0 16310
16309 37644 21:0 16310
16309 37647 1:0 16311
16309 9 21:0 16313
16312 7 21:0 16313
16312 5 21:0 16313
16312 749 21:0 16313
16312 37670 1:0 16316
16317 37647 21:0 16347
16334 749 1:0 16336
16335 732 1:0 16335
16346 731 21:0 16346
16346 5 1:0 16347
16346 41301 21:0 16355
16350 7 1:0 16351
16354 3 21:0 16383
16354 9 1:0 16384
16382 749 21:0 16383
16383 41306 21:0 16388
16387 41309 21:0 16399
16398 9 21:0 16399
16398 41311 21:0 16399
16398 41310 21:0 16399
16398 41302 21:0 16399
16398 5 21:0 16399
16398 7 21:0 16399
16398 41308 21:0 16399
16398 15 1:0 16400
16399 11 21:0 16404
16403 732 21:0 16404
16403 13 1:0 16405
16404 15 21:0 16409
16408 21 1:0 16419
16408 23 1:0 16421
16408 27 1:0 16421
16408 25 1:0 16421
16408 41325 21:0 16423
16410 749 1:0 16412
16422 29 1:0 16471
16422 41323 21:0 16475
16474 41335 21:0 16474
16474 41324 21:0 16475
16474 33 1:0 16476
16474 13 21:0 16480
16479 31 1:0 16481
16479 29 21:0 16485
16484 33 21:0 16485
16484 39 1:0 16495
16484 43 1:0 16497
16484 45 1:0 16497
16484 41 1:0 16497
16484 41326 21:0 16503
16498 47 1:0 16547
16502 41357 21:0 16551
16550 41359 21:0 16551
16550 51 1:0 16552
16550 41356 21:0 16556
16555 49 1:0 16557
16555 41358 21:0 16558
16557 41388 21:0 16557
16557 31 21:0 16561
16560 57 1:0 16571
16560 63 1:0 16573
16560 61 1:0 16573
16560 59 1:0 16573
16560 47 21:0 16575
16574 65 1:0 16623
16574 41391 21:0 16627
16626 57 21:0 16626
16626 41390 21:0 16627
16626 69 1:0 16628
16626 41389 21:0 16632
16631 51 21:0 16632
16631 67 1:0 16633
16631 41422 21:0 16637
16636 75 1:0 16647
16636 81 1:0 16649
16636 79 1:0 16649
16636 77 1:0 16649
16636 65 21:0 16651
16650 41414 21:0 16650
16650 41433 21:0 16650
16650 83 1:0 16699
16650 69 21:0 16703
16702 81 21:0 16702
16702 41392 21:0 16703
16702 87 1:0 16704
16702 41423 21:0 16708
16707 85 1:0 16709
16707 41424 21:0 16710
16709 49 21:0 16713
16712 93 1:0 16723
16712 95 1:0 16725
16712 97 1:0 16725
16712 99 1:0 16725
16712 67 21:0 16727
16726 41447 21:0 16726
16726 101 1:0 16775
16726 41425 21:0 16779
16778 93 21:0 16778
16778 41486 21:0 16778
16778 87 21:0 16779
16778 105 1:0 16780
16778 41458 21:0 16784
16783 41410 21:0 16784
16783 25 21:0 16784
16783 41476 21:0 16784
16783 41443 21:0 16784
16783 749 21:0 16784
16783 41344 21:0 16784
16783 41455 21:0 16784
16783 41377 21:0 16784
16783 103 1:0 16785
16786 41489 21:0 16789
16788 111 1:0 16799
16788 117 1:0 16801
16788 113 1:0 16801
16788 115 1:0 16801
16788 105 21:0 16803
16790 749 1:0 16792
16802 119 1:0 16851
16802 41490 21:0 16855
16854 41488 21:0 16855
16854 123 1:0 16856
16854 101 21:0 16860
16859 85 21:0 16860
16859 121 1:0 16861
16859 41456 21:0 16865
16864 129 1:0 16875
16864 135 1:0 16877
16864 133 1:0 16877
16864 131 1:0 16877
16864 41457 21:0 16879
16878 137 1:0 16927
16878 83 21:0 16931
16930 41540 21:0 16930
16930 119 21:0 16931
16930 141 1:0 16932
16930 41521 21:0 16936
16935 41524 21:0 16936
16935 139 1:0 16937
16935 121 21:0 16941
16940 147 1:0 16951
16940 151 1:0 16953
16940 153 1:0 16953
16940 149 1:0 16953
16940 103 21:0 16955
16954 155 1:0 17003
16954 41523 21:0 17007
17006 41585 21:0 17006
17006 41573 21:0 17006
17006 41559 21:0 17006
17006 153 21:0 17006
17006 41572 21:0 17006
17006 41491 21:0 17007
17006 159 1:0 17008
17006 123 21:0 17012
17011 41522 21:0 17012
17011 157 1:0 17013
17011 139 21:0 17017
17016 165 1:0 17027
17016 167 1:0 17029
17016 169 1:0 17029
17016 171 1:0 17029
17016 41557 21:0 17031
17030 41554 21:0 17079
17030 173 1:0 17079
17078 41606 21:0 17078
17078 41589 21:0 17083
17082 177 1:0 17084
17082 155 21:0 17088
17087 141 21:0 17088
17087 175 1:0 17089
17087 137 21:0 17093
17092 183 1:0 17103
17092 185 1:0 17105
17092 187 1:0 17105
17092 189 1:0 17105
17092 41588 21:0 17107
17106 41587 21:0 17148
17106 191 1:0 17155
17147 183 21:0 17147
17147 41638 21:0 17147
17147 175 21:0 17159
17158 189 21:0 17158
17158 41625 21:0 17158
17158 195 1:0 17160
17158 41556 21:0 17164
17163 41623 21:0 17164
17163 193 1:0 17165
17163 41555 21:0 17169
17168 201 1:0 17179
17168 207 1:0 17181
17168 205 1:0 17181
17168 203 1:0 17181
17168 159 21:0 17183
17182 41620 21:0 17228
17182 209 1:0 17231
17227 41658 21:0 17227
17227 41669 21:0 17227
17227 177 21:0 17235
17234 213 1:0 17236
17234 41590 21:0 17240
17239 41622 21:0 17240
17239 211 1:0 17241
17239 41686 21:0 17245
17244 219 1:0 17255
17244 221 1:0 17257
17244 223 1:0 17257
17244 225 1:0 17257
17244 41654 21:0 17259
17258 41678 21:0 17258
17258 41655 21:0 17300
17258 227 1:0 17307
17299 41705 21:0 17299
17299 41698 21:0 17299
17299 193 21:0 17311
17310 41706 21:0 17310
17310 225 21:0 17310
17310 231 1:0 17312
17310 41688 21:0 17316
17315 41687 21:0 17316
17315 229 1:0 17317
17315 41653 21:0 17321
17320 237 1:0 17331
17320 241 1:0 17333
17320 243 1:0 17333
17320 239 1:0 17333
17320 209 21:0 17335
17334 195 21:0 17376
17334 245 1:0 17383
17375 237 21:0 17375
17375 41735 21:0 17375
17375 173 21:0 17387
17386 41739 21:0 17386
17386 41750 21:0 17386
17386 249 1:0 17388
17386 231 21:0 17392
17391 245 21:0 17392
17391 247 1:0 17393
17391 41689 21:0 17397
17396 255 1:0 17407
17396 257 1:0 17409
17396 259 1:0 17409
17396 261 1:0 17409
17396 41656 21:0 17411
17410 41720 21:0 17452
17410 263 1:0 17459
17451 41768 21:0 17451
17451 213 21:0 17463
17462 41757 21:0 17462
17462 41772 21:0 17462
17462 41783 21:0 17462
17462 267 1:0 17464
17462 41719 21:0 17468
17467 41752 21:0 17468
17467 265 1:0 17469
17467 41755 21:0 17473
17472 273 1:0 17483
17472 277 1:0 17485
17472 275 1:0 17485
17472 279 1:0 17485
17472 263 21:0 17487
17486 227 21:0 17528
17486 281 1:0 17535
17527 41803 21:0 17527
17527 273 21:0 17527
17527 41797 21:0 17527
17527 41621 21:0 17539
17538 285 1:0 17540
17538 191 21:0 17544
17543 249 21:0 17544
17543 283 1:0 17545
17543 229 21:0 17549
17548 41817 21:0 17548
17548 291 1:0 17559
17548 293 1:0 17561
17548 295 1:0 17561
17548 297 1:0 17561
17548 267 21:0 17563
17562 41810 21:0 17562
17562 41829 21:0 17562
17562 41754 21:0 17604
17562 299 1:0 17611
17603 41830 21:0 17603
17603 41836 21:0 17603
17603 41753 21:0 17615
17614 41838 21:0 17614
17614 41849 21:0 17614
17614 303 1:0 17616
17614 41788 21:0 17620
17619 157 21:0 17620
17619 301 1:0 17621
17619 41818 21:0 17625
17624 41850 21:0 17624
17624 309 1:0 17635
17624 315 1:0 17637
17624 311 1:0 17637
17624 313 1:0 17637
17624 41721 21:0 17639
17638 41722 21:0 17680
17638 317 1:0 17687
17679 309 21:0 17679
17679 41870 21:0 17679
17679 41863 21:0 17679
17679 41869 21:0 17679
17679 41867 21:0 17679
17679 211 21:0 17691
17690 41856 21:0 17690
17690 315 21:0 17690
17690 41882 21:0 17690
17690 41871 21:0 17690
17690 321 1:0 17692
17690 41852 21:0 17696
17695 317 21:0 17696
17695 319 1:0 17697
17695 281 21:0 17701
17700 41883 21:0 17700
17700 327 1:0 17711
17700 331 1:0 17713
17700 329 1:0 17713
17700 333 1:0 17713
17700 41851 21:0 17715
17714 41895 21:0 17714
17714 41819 21:0 17756
17714 335 1:0 17763
17755 41900 21:0 17755
17755 41902 21:0 17755
17755 41903 21:0 17755
17755 41821 21:0 17767
17766 41889 21:0 17766
17766 339 1:0 17768
17766 41786 21:0 17772
17771 41886 21:0 17772
17771 337 1:0 17773
17771 283 21:0 17777
17776 345 1:0 17787
17776 349 1:0 17789
17776 347 1:0 17789
17776 351 1:0 17789
17776 303 21:0 17791
17790 41928 21:0 17790
17790 41909 21:0 17790
17790 335 21:0 17832
17790 353 1:0 17839
17831 41933 21:0 17831
17831 337 21:0 17843
17842 351 21:0 17842
17842 357 1:0 17844
17842 41885 21:0 17848
17847 41920 21:0 17848
17847 355 1:0 17849
17847 41918 21:0 17853
17852 41949 21:0 17852
17852 41884 21:0 17863
17852 363 1:0 17863
17852 367 1:0 17865
17852 369 1:0 17865
17852 365 1:0 17865
17862 41942 21:0 17862
17862 339 21:0 17908
17866 371 1:0 17915
17907 41966 21:0 17907
17907 41968 21:0 17907
17907 41787 21:0 17919
17918 41981 21:0 17918
17918 369 21:0 17918
17918 375 1:0 17920
17918 41820 21:0 17924
17923 41854 21:0 17924
17923 373 1:0 17925
17923 247 21:0 17929
17928 41982 21:0 17928
17928 41917 21:0 17929
17928 381 1:0 17939
17928 387 1:0 17941
17928 383 1:0 17941
17928 385 1:0 17941
17928 41951 21:0 17984
17942 389 1:0 17991
17983 42002 21:0 17983
17983 41994 21:0 17983
17983 41999 21:0 17983
17983 321 21:0 17995
17994 42003 21:0 17994
17994 393 1:0 17996
17994 373 21:0 18000
17999 42016 21:0 17999
17999 41919 21:0 18000
17999 391 1:0 18001
17999 41986 21:0 18005
18004 42018 21:0 18004
18004 299 21:0 18005
18004 399 1:0 18015
18004 405 1:0 18017
18004 403 1:0 18017
18004 401 1:0 18017
18004 353 21:0 18060
18018 407 1:0 18067
18059 42035 21:0 18059
18059 371 21:0 18071
18070 42047 21:0 18070
18070 411 1:0 18072
18070 319 21:0 18076
18075 42049 21:0 18075
18075 301 21:0 18076
18075 409 1:0 18077
18075 285 21:0 18081
18080 42051 21:0 18080
18080 375 21:0 18081
18080 417 1:0 18091
18080 419 1:0 18093
18080 423 1:0 18093
18080 421 1:0 18093
18080 41853 21:0 18136
18094 425 1:0 18143
18135 42065 21:0 18135
18135 42060 21:0 18135
18135 42052 21:0 18135
18135 357 21:0 18147
18146 42080 21:0 18146
18146 42054 21:0 18146
18146 429 1:0 18148
18146 355 21:0 18152
18151 42082 21:0 18151
18151 411 21:0 18152
18151 427 1:0 18153
18151 41983 21:0 18157
18156 42084 21:0 18156
18156 407 21:0 18157
18156 435 1:0 18167
18156 439 1:0 18169
18156 441 1:0 18169
18156 437 1:0 18169
18156 393 21:0 18212
18170 443 1:0 18219
18211 42098 21:0 18211
18211 42094 21:0 18211
18211 42101 21:0 18211
18211 427 21:0 18211
18211 42050 21:0 18223
18222 42113 21:0 18222
18222 42102 21:0 18222
18222 447 1:0 18224
18222 41950 21:0 18228
18227 42085 21:0 18228
18227 445 1:0 18229
18227 41785 21:0 18233
18232 447 21:0 18232
18232 425 21:0 18233
18232 453 1:0 18243
18232 455 1:0 18245
18232 457 1:0 18245
18232 459 1:0 18245
18232 42116 21:0 18283
18246 461 1:0 18295
18282 42118 21:0 18282
18282 429 21:0 18299
18298 41887 21:0 18299
18298 465 1:0 18300
18298 42083 21:0 18304
18303 42148 21:0 18303
18303 463 1:0 18305
18303 409 21:0 18309
18308 265 21:0 18309
18308 471 1:0 18319
18308 473 1:0 18321
18308 475 1:0 18321
18308 477 1:0 18321
18308 42115 21:0 18359
18322 479 1:0 18371
18358 42151 21:0 18358
18358 391 21:0 18375
18374 41321 21:0 18375
18374 483 1:0 18376
18374 42019 21:0 18380
18379 42181 21:0 18379
18379 42150 21:0 18380
18379 481 1:0 18381
18379 389 21:0 18385
18384 483 21:0 18384
18384 489 1:0 18395
18384 495 1:0 18397
18384 493 1:0 18397
18384 491 1:0 18397
18384 41953 21:0 18399
18398 42184 21:0 18398
18398 481 21:0 18398
18398 443 21:0 18440
18398 497 1:0 18447
18439 463 21:0 18451
18450 501 1:0 18452
18450 479 21:0 18456
18455 497 21:0 18455
18455 42149 21:0 18456
18455 499 1:0 18457
18455 461 21:0 18461
18460 42215 21:0 18460
18460 501 21:0 18460
18460 507 1:0 18471
18460 509 1:0 18473
18460 511 1:0 18473
18460 513 1:0 18473
18460 41984 21:0 18475
18474 499 21:0 18474
18474 41339 21:0 18475
18474 41343 21:0 18483
18474 515 1:0 18523
18482 27 21:0 18516
18515 41348 21:0 18516
18515 41322 21:0 18527
18526 41342 21:0 18527
18526 41341 21:0 18527
18526 41354 21:0 18527
18526 21 21:0 18527
18526 519 1:0 18528
18526 41315 21:0 18532
18531 42247 21:0 18531
18531 515 21:0 18531
18531 41355 21:0 18532
18531 41361 21:0 18532
18531 63 21:0 18532
18531 45 21:0 18532
18531 41409 21:0 18532
18531 517 1:0 18533
18531 41376 21:0 18537
18536 42248 21:0 18536
18536 42249 21:0 18536
18536 41401 21:0 18537
18536 41400 21:0 18537
18536 41374 21:0 18537
18536 525 1:0 18547
18536 531 1:0 18549
18536 529 1:0 18549
18536 527 1:0 18549
18536 465 21:0 18551
18550 42250 21:0 18550
18550 517 21:0 18550
18550 533 1:0 18599
18550 41952 21:0 18603
18602 42117 21:0 18603
18602 537 1:0 18604
18602 445 21:0 18608
18607 533 21:0 18607
18607 535 1:0 18609
18607 42217 21:0 18613
18612 42017 21:0 18613
18612 543 1:0 18623
18612 549 1:0 18625
18612 547 1:0 18625
18612 545 1:0 18625
18612 42182 21:0 18627
18626 42283 21:0 18626
18626 551 1:0 18675
18626 41985 21:0 18679
18678 519 21:0 18679
18678 555 1:0 18680
18678 42214 21:0 18684
18683 551 21:0 18683
18683 41328 21:0 18684
18683 41375 21:0 18684
18683 41434 21:0 18684
18683 553 1:0 18685
18683 41420 21:0 18689
18688 42315 21:0 18688
18688 42314 21:0 18688
18688 555 21:0 18688
18688 41372 21:0 18689
18688 41438 21:0 18689
18688 41441 21:0 18689
18688 41334 21:0 18689
18688 41368 21:0 18689
18688 561 1:0 18699
18688 567 1:0 18701
18688 563 1:0 18701
18688 565 1:0 18701
18688 41381 21:0 18703
18702 42316 21:0 18702
18702 553 21:0 18702
18702 41460 21:0 18707
18702 569 1:0 18751
18706 41421 21:0 18739
18738 41453 21:0 18744
18743 41367 21:0 18755
18754 111 21:0 18755
18754 41474 21:0 18755
18754 41387 21:0 18755
18754 41440 21:0 18755
18754 41473 21:0 18755
18754 573 1:0 18756
18754 41506 21:0 18760
18759 569 21:0 18759
18759 41519 21:0 18760
18759 41507 21:0 18760
18759 41546 21:0 18760
18759 99 21:0 18760
18759 571 1:0 18761
18759 39 21:0 18765
18764 42348 21:0 18764
18764 42347 21:0 18764
18764 573 21:0 18764
18764 41513 21:0 18765
18764 41612 21:0 18765
18764 41539 21:0 18765
18764 41645 21:0 18765
18764 41599 21:0 18765
18764 579 1:0 18775
18764 585 1:0 18777
18764 581 1:0 18777
18764 583 1:0 18777
18764 41632 21:0 18779
18778 42349 21:0 18778
18778 147 21:0 18779
18778 41493 21:0 18815
18778 587 1:0 18827
18814 41454 21:0 18820
18819 41405 21:0 18822
18821 41508 21:0 18831
18830 41592 21:0 18831
18830 41717 21:0 18831
18830 41639 21:0 18831
18830 41466 21:0 18831
18830 591 1:0 18832
18830 129 21:0 18836
18835 42379 21:0 18835
18835 587 21:0 18835
18835 41605 21:0 18836
18835 41619 21:0 18836
18835 41487 21:0 18836
18835 75 21:0 18836
18835 589 1:0 18837
18835 41520 21:0 18841
18840 42381 21:0 18840
18840 42380 21:0 18840
18840 591 21:0 18840
18840 41730 21:0 18841
18840 41500 21:0 18841
18840 41407 21:0 18841
18840 165 21:0 18841
18840 41618 21:0 18841
18840 597 1:0 18851
18840 599 1:0 18853
18840 601 1:0 18853
18840 603 1:0 18853
18840 41586 21:0 18855
18854 42382 21:0 18854
18854 589 21:0 18854
18854 41532 21:0 18855
18854 41552 21:0 18891
18854 605 1:0 18903
18890 41504 21:0 18896
18895 41685 21:0 18896
18895 41673 21:0 18907
18906 41738 21:0 18907
18906 243 21:0 18907
18906 41652 21:0 18907
18906 255 21:0 18907
18906 609 1:0 18908
18906 41541 21:0 18912
18911 42412 21:0 18911
18911 605 21:0 18911
18911 41684 21:0 18912
18911 41843 21:0 18912
18911 41574 21:0 18912
18911 41499 21:0 18912
18911 607 1:0 18913
18911 41427 21:0 18917
18916 42414 21:0 18916
18916 42413 21:0 18916
18916 609 21:0 18916
18916 41664 21:0 18917
18916 41805 21:0 18917
18916 41570 21:0 18917
18916 41467 21:0 18917
18916 41475 21:0 18917
18916 615 1:0 18927
18916 619 1:0 18929
18916 621 1:0 18929
18916 617 1:0 18929
18916 41565 21:0 18931
18930 42415 21:0 18930
18930 607 21:0 18930
18930 41896 21:0 18931
18930 41834 21:0 18967
18930 623 1:0 18979
18966 41442 21:0 18972
18971 41471 21:0 18972
18971 41408 21:0 18983
18982 537 21:0 18983
18982 627 1:0 18984
18982 42313 21:0 18988
18987 42445 21:0 18987
18987 623 21:0 18987
18987 625 1:0 18989
18987 42282 21:0 18993
18992 627 21:0 18992
18992 42447 21:0 18992
18992 42446 21:0 18992
18992 42346 21:0 18993
18992 633 1:0 19003
18992 635 1:0 19005
18992 639 1:0 19005
18992 637 1:0 19005
18992 535 21:0 19007
19006 625 21:0 19006
19006 42448 21:0 19006
19006 641 1:0 19055
19006 571 21:0 19059
19058 42183 21:0 19059
19058 645 1:0 19060
19058 42281 21:0 19064
19063 42478 21:0 19063
19063 641 21:0 19063
19063 643 1:0 19065
19063 42216 21:0 19069
19068 645 21:0 19068
19068 42479 21:0 19068
19068 42480 21:0 19068
19068 41631 21:0 19069
19068 42280 21:0 19069
19068 345 21:0 19075
19068 651 1:0 19079
19068 653 1:0 19081
19068 657 1:0 19081
19068 655 1:0 19081
19074 643 21:0 19074
19074 42481 21:0 19074
19074 41731 21:0 19083
19082 41636 21:0 19091
19082 659 1:0 19131
19090 135 21:0 19119
19118 327 21:0 19124
19123 41904 21:0 19135
19134 41862 21:0 19135
19134 41916 21:0 19135
19134 41744 21:0 19135
19134 41751 21:0 19135
19134 663 1:0 19136
19134 41988 21:0 19140
19139 42511 21:0 19139
19139 659 21:0 19139
19139 261 21:0 19140
19139 42032 21:0 19140
19139 41579 21:0 19140
19139 41876 21:0 19140
19139 41665 21:0 19140
19139 661 1:0 19141
19139 41697 21:0 19145
19144 663 21:0 19144
19144 42512 21:0 19144
19144 42513 21:0 19144
19144 381 21:0 19145
19144 41771 21:0 19145
19144 435 21:0 19145
19144 117 21:0 19145
19144 41651 21:0 19145
19144 669 1:0 19155
19144 671 1:0 19157
19144 675 1:0 19157
19144 673 1:0 19157
19144 41480 21:0 19159
19158 42514 21:0 19158
19158 661 21:0 19158
19158 41671 21:0 19167
19158 677 1:0 19207
19166 41955 21:0 19195
19194 41816 21:0 19200
19199 363 21:0 19211
19210 41702 21:0 19211
19210 41640 21:0 19211
19210 291 21:0 19211
19210 42074 21:0 19211
19210 681 1:0 19212
19210 41691 21:0 19212
19211 41961 21:0 19216
19215 41566 21:0 19216
19215 405 21:0 19216
19215 423 21:0 19216
19215 41777 21:0 19216
19215 679 1:0 19217
19215 41704 21:0 19221
19220 42001 21:0 19221
19220 41553 21:0 19221
19220 41948 21:0 19221
19220 42036 21:0 19221
19220 41962 21:0 19221
19220 687 1:0 19231
19220 689 1:0 19233
19220 691 1:0 19233
19220 693 1:0 19233
19220 41724 21:0 19235
19234 42028 21:0 19239
19234 695 1:0 19283
19238 42008 21:0 19271
19270 41922 21:0 19276
19275 41718 21:0 19287
19286 42069 21:0 19287
19286 42133 21:0 19287
19286 41533 21:0 19287
19286 41837 21:0 19287
19286 471 21:0 19287
19286 699 1:0 19288
19286 42135 21:0 19292
19291 41607 21:0 19292
19291 543 21:0 19292
19291 42015 21:0 19292
19291 41929 21:0 19292
19291 697 1:0 19293
19291 41915 21:0 19297
19296 171 21:0 19297
19296 41784 21:0 19297
19296 42068 21:0 19297
19296 42345 21:0 19297
19296 41598 21:0 19297
19296 705 1:0 19307
19296 709 1:0 19309
19296 711 1:0 19309
19296 707 1:0 19309
19296 41603 21:0 19311
19310 41796 21:0 19311
19310 42311 21:0 19347
19310 713 1:0 19359
19346 42246 21:0 19352
19351 219 21:0 19352
19351 23 21:0 19363
19362 42200 21:0 19363
19362 42279 21:0 19363
19362 42411 21:0 19363
19362 42331 21:0 19363
19362 42312 21:0 19363
19362 717 1:0 19364
19362 41935 21:0 19368
19367 42193 21:0 19368
19367 42048 21:0 19368
19367 42344 21:0 19368
19367 42147 21:0 19368
19367 715 1:0 19369
19367 42285 21:0 19373
19372 41801 21:0 19373
19372 59 21:0 19373
19372 61 21:0 19373
19372 95 21:0 19373
19372 97 21:0 19373
19372 113 21:0 19373
19372 115 21:0 19373
19372 43 21:0 19373
19372 41 21:0 19373
19372 333 21:0 19373
19372 77 21:0 19373
19372 41937 21:0 19373
19372 42377 21:0 19373
19372 79 21:0 19373
19372 133 21:0 19379
19372 725 1:0 19384
19378 131 21:0 19388
19387 167 21:0 19388
19387 151 21:0 19388
19387 41575 21:0 19388
19387 149 21:0 19388
19387 41938 21:0 19393
19393 42623 21:0 19400
19399 169 21:0 19400
19399 187 21:0 19403
19402 41641 21:0 19403
19402 41509 21:0 19403
19402 185 21:0 19403
19402 203 21:0 19403
19402 41542 21:0 19403
19402 205 21:0 19403
19402 35369 1:0 19404
19402 41971 21:0 19406
19406 35369 21:0 19426
19425 42424 21:0 19426
19425 42067 21:0 19426
19425 41394 21:0 19426
19425 42456 21:0 19426
19425 725 21:0 19426
19425 495 21:0 19429
19428 223 21:0 19429
19428 259 21:0 19429
19428 275 21:0 19429
19428 257 21:0 19429
19428 239 21:0 19429
19428 417 21:0 19429
19428 241 21:0 19429
19428 221 21:0 19429
19428 41526 21:0 19429
19428 42432 21:0 19429
19428 42443 21:0 19429
19428 35385 1:0 19430
19428 277 21:0 19432
19431 41806 21:0 19432
19431 41773 21:0 19432
19432 35385 21:0 19437
19436 715 21:0 19440
19439 293 21:0 19440
19439 365 21:0 19440
19439 295 21:0 19440
19439 311 21:0 19440
19439 313 21:0 19440
19439 367 21:0 19440
19439 329 21:0 19440
19439 331 21:0 19440
19439 349 21:0 19440
19439 347 21:0 19440
19439 383 21:0 19440
19439 385 21:0 19440
19439 42536 21:0 19440
19439 41905 21:0 19440
19439 41764 21:0 19440
19439 35389 1:0 19441
19439 401 21:0 19443
19442 41740 21:0 19443
19442 41707 21:0 19443
19442 42004 21:0 19443
19442 42070 21:0 19443
19442 41839 21:0 19443
19443 35389 21:0 19446
19445 717 21:0 19449
19448 41674 21:0 19449
19448 457 21:0 19449
19448 42103 21:0 19449
19448 455 21:0 19449
19448 42136 21:0 19449
19448 493 21:0 19449
19448 42202 21:0 19449
19448 403 21:0 19449
19448 491 21:0 19449
19448 419 21:0 19449
19448 42037 21:0 19449
19448 439 21:0 19449
19448 437 21:0 19449
19448 41872 21:0 19449
19448 42332 21:0 19449
19448 475 21:0 19449
19448 421 21:0 19449
19448 42169 21:0 19449
19448 42318 21:0 19449
19448 41608 21:0 19449
19448 473 21:0 19449
19448 35392 1:0 19451
19448 42235 21:0 19451
19450 42301 21:0 19451
19450 42268 21:0 19451
19450 42334 21:0 19453
19452 42400 21:0 19453
19452 42367 21:0 19453
19452 42466 21:0 19453
19452 42433 21:0 19453
19452 42499 21:0 19453
19453 35392 21:0 19512
19476 35410 1:0 19478
19511 35419 1:0 19513
19511 713 21:0 19535
19520 35421 1:0 19523
19530 35424 1:0 19533
19534 42532 21:0 19535
19535 35424 21:0 19557
19556 35410 21:0 19557
19556 35421 21:0 19557
19556 35419 21:0 19557
19556 711 21:0 19557
19556 705 21:0 19557
19556 709 21:0 19557
19556 707 21:0 19557
19556 42134 21:0 19560
19559 691 21:0 19560
19559 547 21:0 19560
19559 635 21:0 19560
19559 637 21:0 19560
19559 655 21:0 19560
19559 689 21:0 19560
19559 617 21:0 19560
19559 565 21:0 19560
19559 749 21:0 19560
19559 601 21:0 19560
19559 42565 21:0 19560
19559 583 21:0 19560
19559 599 21:0 19560
19559 619 21:0 19560
19559 581 21:0 19560
19559 545 21:0 19560
19559 563 21:0 19560
19559 653 21:0 19560
19559 671 21:0 19560
19559 527 21:0 19560
19559 509 21:0 19560
19559 511 21:0 19560
19559 673 21:0 19560
19559 489 21:0 19560
19559 529 21:0 19560
19559 35442 1:0 19561
19563 35442 21:0 19568
19567 489 1:0 19569
19567 42280 1:0 19569
19567 697 21:0 19571
19570 35446 1:0 19572
19570 42134 1:0 19575
19574 35446 21:0 19577
19576 42216 1:0 19578
19576 42318 1:0 19578
19576 699 21:0 19580
19579 35449 1:0 19582
19579 42281 1:0 19606
19584 35449 21:0 19643
19607 35467 1:0 19609
19610 42565 1:0 19612
19617 749 1:0 19623
19639 691 1:0 19640
19642 35476 1:0 19644
19642 695 21:0 19666
19648 689 1:0 19649
19651 35478 1:0 19654
19658 42332 1:0 19660
19661 35481 1:0 19664
19666 35481 21:0 19688
19687 691 21:0 19688
19687 693 21:0 19688
19687 689 21:0 19688
19687 687 21:0 19688
19687 35478 21:0 19688
19687 35476 21:0 19688
19687 35467 21:0 19688
19687 749 21:0 19688
19687 42183 1:0 19689
19687 42536 1:0 19689
19690 35499 1:0 19692
19690 41764 1:0 19697
19694 35499 21:0 19699
19698 41526 1:0 19700
19698 571 1:0 19700
19698 679 21:0 19702
19701 35503 1:0 19703
19701 42432 1:0 19706
19705 35503 21:0 19708
19707 535 1:0 19709
19707 42443 1:0 19709
19707 681 21:0 19711
19710 35506 1:0 19713
19710 42346 1:0 19737
19715 35506 21:0 19774
19738 35524 1:0 19740
19741 42532 1:0 19743
19748 749 1:0 19754
19770 673 1:0 19771
19773 35533 1:0 19775
19773 677 21:0 19797
19779 671 1:0 19780
19782 35535 1:0 19785
19789 417 1:0 19791
19792 35538 1:0 19795
19794 42514 1:0 19794
19797 35538 21:0 19819
19818 749 21:0 19819
19818 675 21:0 19819
19818 673 21:0 19819
19818 671 21:0 19819
19818 35524 21:0 19819
19818 35533 21:0 19819
19818 35535 21:0 19819
19818 669 21:0 19819
19818 42282 1:0 19820
19818 495 1:0 19820
19819 661 1:0 19819
19821 35556 1:0 19823
19821 42424 1:0 19828
19822 42512 1:0 19822
19822 42513 1:0 19822
19825 35556 21:0 19830
19829 42067 1:0 19831
19829 42313 1:0 19831
19829 661 21:0 19833
19830 663 1:0 19830
19832 35560 1:0 19834
19832 41394 1:0 19837
19836 42511 1:0 19836
19836 35560 21:0 19839
19838 537 1:0 19840
19838 42456 1:0 19840
19838 663 21:0 19842
19839 659 1:0 19839
19841 35563 1:0 19844
19841 42214 1:0 19868
19846 35563 21:0 19905
19869 35581 1:0 19871
19872 42499 1:0 19874
19879 749 1:0 19885
19901 655 1:0 19902
19904 35590 1:0 19906
19904 659 21:0 19928
19910 653 1:0 19911
19913 35592 1:0 19916
19920 41937 1:0 19922
19923 35595 1:0 19926
19925 42481 1:0 19925
19928 35595 21:0 19950
19949 35581 21:0 19950
19949 35592 21:0 19950
19949 749 21:0 19950
19949 35590 21:0 19950
19949 653 21:0 19950
19949 655 21:0 19950
19949 657 21:0 19950
19949 651 21:0 19950
19949 519 1:0 19951
19949 42377 1:0 19951
19950 643 1:0 19950
19952 35613 1:0 19954
19952 333 1:0 19959
19953 42479 1:0 19953
19953 42480 1:0 19953
19956 35613 21:0 19961
19960 41801 1:0 19962
19960 41985 1:0 19962
19960 643 21:0 19964
19961 645 1:0 19961
19963 35617 1:0 19965
19963 42285 1:0 19968
19967 42478 1:0 19967
19967 35617 21:0 19970
19969 42182 1:0 19971
19969 42147 1:0 19971
19969 645 21:0 19973
19970 641 1:0 19970
19972 35620 1:0 19975
19972 42017 1:0 19999
19977 35620 21:0 20036
20000 35638 1:0 20002
20003 42466 1:0 20005
20010 749 1:0 20016
20032 637 1:0 20033
20035 35647 1:0 20037
20035 641 21:0 20059
20041 635 1:0 20042
20044 35649 1:0 20047
20051 42344 1:0 20053
20054 35652 1:0 20057
20056 42448 1:0 20056
20059 35652 21:0 20081
20080 749 21:0 20081
20080 35647 21:0 20081
20080 639 21:0 20081
20080 633 21:0 20081
20080 35649 21:0 20081
20080 35638 21:0 20081
20080 635 21:0 20081
20080 637 21:0 20081
20080 42048 1:0 20082
20080 42217 1:0 20082
20081 625 1:0 20081
20083 35670 1:0 20085
20083 42193 1:0 20090
20084 42447 1:0 20084
20084 42446 1:0 20084
20087 35670 21:0 20092
20091 41935 1:0 20093
20091 445 1:0 20093
20091 625 21:0 20095
20092 627 1:0 20092
20094 35674 1:0 20096
20094 42411 1:0 20099
20098 42445 1:0 20098
20098 35674 21:0 20101
20100 42117 1:0 20102
20100 42200 1:0 20102
20100 627 21:0 20104
20101 623 1:0 20101
20103 35677 1:0 20106
20103 41952 1:0 20130
20108 35677 21:0 20167
20131 35695 1:0 20133
20134 42433 1:0 20136
20141 749 1:0 20147
20163 619 1:0 20164
20166 35704 1:0 20168
20166 623 21:0 20190
20172 617 1:0 20173
20175 35706 1:0 20178
20182 42279 1:0 20184
20185 35709 1:0 20188
20187 42415 1:0 20187
20190 35709 21:0 20212
20211 35706 21:0 20212
20211 749 21:0 20212
20211 617 21:0 20212
20211 35704 21:0 20212
20211 619 21:0 20212
20211 35695 21:0 20212
20211 621 21:0 20212
20211 615 21:0 20212
20211 465 1:0 20213
20211 42331 1:0 20213
20212 607 1:0 20212
20214 35727 1:0 20216
20214 42312 1:0 20221
20215 42414 1:0 20215
20215 42413 1:0 20215
20218 35727 21:0 20223
20222 41984 1:0 20224
20222 219 1:0 20224
20222 607 21:0 20226
20223 609 1:0 20223
20225 35731 1:0 20227
20225 42246 1:0 20230
20229 42412 1:0 20229
20229 35731 21:0 20232
20231 35761 1:0 20233
20231 601 1:0 20233
20231 461 1:0 20233
20231 42311 1:0 20233
20231 609 21:0 20235
20232 605 1:0 20232
20234 35734 1:0 20237
20234 42149 1:0 20261
20239 35734 21:0 20298
20259 749 1:0 20261
20259 42400 1:0 20261
20262 35752 1:0 20264
20262 41796 1:0 20312
20297 605 21:0 20321
20303 599 1:0 20304
20306 35763 1:0 20309
20313 41603 1:0 20315
20316 35766 1:0 20319
20318 42382 1:0 20318
20321 35766 21:0 20343
20342 597 21:0 20343
20342 35761 21:0 20343
20342 603 21:0 20343
20342 35752 21:0 20343
20342 599 21:0 20343
20342 749 21:0 20343
20342 601 21:0 20343
20342 35763 21:0 20343
20342 41784 1:0 20344
20342 479 1:0 20344
20343 589 1:0 20343
20345 35784 1:0 20347
20345 42068 1:0 20352
20346 42381 1:0 20346
20346 42380 1:0 20346
20349 35784 21:0 20354
20353 41598 1:0 20355
20353 463 1:0 20355
20353 589 21:0 20357
20354 591 1:0 20354
20356 35788 1:0 20358
20356 171 1:0 20361
20360 42379 1:0 20360
20360 35788 21:0 20363
20362 42345 1:0 20364
20362 583 1:0 20364
20362 443 1:0 20364
20362 35818 1:0 20364
20362 591 21:0 20366
20363 587 1:0 20363
20365 35791 1:0 20368
20365 41953 1:0 20392
20370 35791 21:0 20429
20390 749 1:0 20392
20390 42367 1:0 20392
20393 35809 1:0 20395
20393 41915 1:0 20443
20428 587 21:0 20452
20434 581 1:0 20435
20437 35820 1:0 20440
20444 42015 1:0 20446
20447 35823 1:0 20450
20449 42349 1:0 20449
20452 35823 21:0 20474
20473 35820 21:0 20474
20473 35818 21:0 20474
20473 749 21:0 20474
20473 583 21:0 20474
20473 581 21:0 20474
20473 585 21:0 20474
20473 579 21:0 20474
20473 35809 21:0 20474
20473 543 1:0 20475
20473 389 1:0 20475
20476 35841 1:0 20478
20476 41607 1:0 20483
20477 42348 1:0 20477
20477 42347 1:0 20477
20480 35841 21:0 20485
20484 42150 1:0 20486
20484 41929 1:0 20486
20484 571 21:0 20488
20485 573 1:0 20485
20487 35845 1:0 20489
20487 42135 1:0 20492
20491 35845 21:0 20494
20493 35877 1:0 20495
20493 565 1:0 20495
20493 42069 1:0 20495
20493 35875 1:0 20495
20493 563 1:0 20495
20493 42019 1:0 20495
20493 573 21:0 20497
20494 569 1:0 20494
20496 35848 1:0 20499
20496 35880 1:0 20510
20496 35866 1:0 20510
20501 35848 21:0 20560
20507 749 1:0 20508
20509 42334 1:0 20510
20511 391 1:0 20564
20559 569 21:0 20583
20565 42115 1:0 20603
20583 35880 21:0 20605
20602 42316 1:0 20602
20604 565 21:0 20605
20604 35877 21:0 20605
20604 35875 21:0 20605
20604 563 21:0 20605
20604 35866 21:0 20605
20604 749 21:0 20605
20604 561 21:0 20605
20604 567 21:0 20605
20604 41837 1:0 20606
20604 265 1:0 20606
20605 553 1:0 20605
20607 35898 1:0 20609
20607 42133 1:0 20614
20608 42315 1:0 20608
20608 42314 1:0 20608
20611 35898 21:0 20616
20615 409 1:0 20617
20615 41533 1:0 20617
20615 553 21:0 20619
20616 555 1:0 20616
20618 35902 1:0 20620
20618 471 1:0 20623
20622 35902 21:0 20625
20624 547 1:0 20626
20624 41718 1:0 20626
20624 35932 1:0 20626
20624 35934 1:0 20626
20624 545 1:0 20626
20624 42083 1:0 20626
20624 555 21:0 20628
20625 551 1:0 20625
20627 35905 1:0 20630
20627 35923 1:0 20644
20627 35937 1:0 20644
20632 35905 21:0 20691
20638 749 1:0 20639
20640 42301 1:0 20644
20645 41887 1:0 20695
20690 551 21:0 20714
20696 429 1:0 20734
20713 35923 21:0 20736
20733 42283 1:0 20733
20735 35934 21:0 20736
20735 35932 21:0 20736
20735 749 21:0 20736
20735 543 21:0 20736
20735 35937 21:0 20736
20735 547 21:0 20736
20735 549 21:0 20736
20735 545 21:0 20736
20735 42116 1:0 20737
20735 41922 1:0 20737
20738 35955 1:0 20740
20738 42008 1:0 20745
20742 35955 21:0 20747
20746 425 1:0 20748
20746 42028 1:0 20748
20746 535 21:0 20750
20749 35959 1:0 20751
20749 41724 1:0 20754
20753 35959 21:0 20756
20755 35989 1:0 20757
20755 529 1:0 20757
20755 42001 1:0 20757
20755 41785 1:0 20757
20755 527 1:0 20757
20755 35991 1:0 20757
20755 537 21:0 20759
20756 533 1:0 20756
20758 35962 1:0 20761
20758 35994 1:0 20773
20758 35980 1:0 20773
20763 35962 21:0 20822
20769 749 1:0 20770
20771 42268 1:0 20773
20774 42085 1:0 20826
20821 533 21:0 20845
20827 41950 1:0 20865
20844 35980 21:0 20867
20864 42250 1:0 20864
20866 529 21:0 20867
20866 527 21:0 20867
20866 525 21:0 20867
20866 35994 21:0 20867
20866 531 21:0 20867
20866 35989 21:0 20867
20866 749 21:0 20867
20866 35991 21:0 20867
20866 42050 1:0 20868
20866 41948 1:0 20868
20867 517 1:0 20867
20869 36012 1:0 20871
20869 41962 1:0 20876
20870 42248 1:0 20870
20870 42249 1:0 20870
20873 36012 21:0 20878
20877 41553 1:0 20879
20877 393 1:0 20879
20877 517 21:0 20881
20880 36016 1:0 20882
20880 42036 1:0 20885
20884 42247 1:0 20884
20884 36016 21:0 20887
20886 509 1:0 20888
20886 407 1:0 20888
20886 511 1:0 20888
20886 41704 1:0 20888
20886 36048 1:0 20888
20886 36046 1:0 20888
20886 519 21:0 20890
20887 515 1:0 20887
20889 36019 1:0 20892
20889 36051 1:0 20903
20889 36037 1:0 20903
20894 36019 21:0 20953
20900 749 1:0 20901
20902 42235 1:0 20903
20904 41983 1:0 20957
20952 515 21:0 20976
20958 411 1:0 20996
20975 36037 21:0 20998
20997 511 21:0 20998
20997 36048 21:0 20998
20997 749 21:0 20998
20997 36046 21:0 20998
20997 509 21:0 20998
20997 513 21:0 20998
20997 507 21:0 20998
20997 36051 21:0 20998
20997 41566 1:0 20999
20997 355 1:0 20999
20998 499 1:0 20998
21000 36069 1:0 21002
21000 41777 1:0 21007
21001 42215 1:0 21001
21004 36069 21:0 21009
21008 357 1:0 21010
21008 423 1:0 21010
21008 499 21:0 21012
21009 501 1:0 21009
21011 36073 1:0 21013
21011 405 1:0 21016
21015 36073 21:0 21018
21017 36103 1:0 21019
21017 493 1:0 21019
21017 491 1:0 21019
21017 41853 1:0 21019
21017 41961 1:0 21019
21017 36105 1:0 21019
21017 501 21:0 21021
21018 497 1:0 21018
21020 36076 1:0 21023
21020 36094 1:0 21033
21020 36108 1:0 21033
21025 36076 21:0 21084
21031 749 1:0 21033
21033 42202 1:0 21033
21034 375 1:0 21088
21083 497 21:0 21107
21089 285 1:0 21127
21106 36094 21:0 21129
21126 42184 1:0 21126
21128 493 21:0 21129
21128 491 21:0 21129
21128 36108 21:0 21129
21128 489 21:0 21129
21128 495 21:0 21129
21128 36103 21:0 21129
21128 749 21:0 21129
21128 36105 21:0 21129
21128 301 1:0 21130
21128 41691 1:0 21130
21129 481 1:0 21129
21131 36126 1:0 21133
21131 291 1:0 21138
21135 36126 21:0 21140
21139 41640 1:0 21141
21139 319 1:0 21141
21139 481 21:0 21143
21140 483 1:0 21140
21142 36130 1:0 21144
21142 42074 1:0 21147
21146 42181 1:0 21146
21146 36130 21:0 21149
21148 41702 1:0 21150
21148 371 1:0 21150
21148 473 1:0 21150
21148 475 1:0 21150
21148 36162 1:0 21150
21148 36160 1:0 21150
21148 483 21:0 21152
21151 36133 1:0 21154
21151 36151 1:0 21166
21151 36165 1:0 21166
21156 36133 21:0 21215
21162 749 1:0 21163
21164 42169 1:0 21166
21167 353 1:0 21219
21214 479 21:0 21238
21220 299 1:0 21258
21238 36165 21:0 21260
21257 42151 1:0 21257
21259 471 21:0 21260
21259 475 21:0 21260
21259 473 21:0 21260
21259 36151 21:0 21260
21259 477 21:0 21260
21259 749 21:0 21260
21259 36160 21:0 21260
21259 36162 21:0 21260
21259 363 1:0 21261
21259 41986 1:0 21261
21262 36183 1:0 21264
21262 41816 1:0 21269
21266 36183 21:0 21271
21270 41919 1:0 21272
21270 41955 1:0 21272
21270 463 21:0 21274
21273 36187 1:0 21275
21273 41671 1:0 21278
21277 42148 1:0 21277
21277 36187 21:0 21280
21279 36219 1:0 21281
21279 373 1:0 21281
21279 455 1:0 21281
21279 41480 1:0 21281
21279 457 1:0 21281
21279 36217 1:0 21281
21279 465 21:0 21283
21282 36190 1:0 21285
21282 36222 1:0 21298
21282 36208 1:0 21298
21287 36190 21:0 21346
21293 749 1:0 21294
21295 42136 1:0 21298
21299 321 1:0 21350
21345 461 21:0 21369
21351 41951 1:0 21389
21369 36222 21:0 21391
21388 42118 1:0 21388
21390 749 21:0 21391
21390 36217 21:0 21391
21390 36219 21:0 21391
21390 457 21:0 21391
21390 459 21:0 21391
21390 453 21:0 21391
21390 455 21:0 21391
21390 36208 21:0 21391
21390 41917 1:0 21392
21390 41771 1:0 21392
21393 36240 1:0 21395
21393 435 1:0 21400
21397 36240 21:0 21402
21401 247 1:0 21403
21401 381 1:0 21403
21401 445 21:0 21405
21402 447 1:0 21402
21404 36244 1:0 21406
21404 41651 1:0 21409
21408 36244 21:0 21411
21410 41854 1:0 21412
21410 36276 1:0 21412
21410 439 1:0 21412
21410 117 1:0 21412
21410 36274 1:0 21412
21410 437 1:0 21412
21410 447 21:0 21414
21413 36247 1:0 21416
21413 36265 1:0 21427
21413 36279 1:0 21427
21415 42113 1:0 21415
21418 36247 21:0 21477
21424 749 1:0 21425
21426 42098 1:0 21426
21426 42102 1:0 21426
21426 42094 1:0 21426
21426 42101 1:0 21426
21426 42103 1:0 21427
21428 41820 1:0 21481
21476 443 21:0 21500
21482 41787 1:0 21520
21499 36265 21:0 21522
21521 749 21:0 21522
21521 439 21:0 21522
21521 435 21:0 21522
21521 36279 21:0 21522
21521 441 21:0 21522
21521 437 21:0 21522
21521 36274 21:0 21522
21521 36276 21:0 21522
21521 339 1:0 21523
21521 41697 1:0 21523
21522 427 1:0 21522
21524 36297 1:0 21526
21524 41579 1:0 21531
21525 42084 1:0 21525
21528 36297 21:0 21533
21532 41884 1:0 21534
21532 41665 1:0 21534
21532 427 21:0 21536
21535 36301 1:0 21537
21535 41876 1:0 21540
21539 42082 1:0 21539
21539 36301 21:0 21542
21541 36331 1:0 21543
21541 36333 1:0 21543
21541 261 1:0 21543
21541 419 1:0 21543
21541 41918 1:0 21543
21541 421 1:0 21543
21541 429 21:0 21545
21544 36304 1:0 21547
21544 36322 1:0 21557
21544 36336 1:0 21557
21546 42080 1:0 21546
21549 36304 21:0 21608
21555 749 1:0 21557
21556 42065 1:0 21556
21557 42070 1:0 21557
21558 41920 1:0 21612
21607 425 21:0 21631
21611 42060 1:0 21611
21611 42054 1:0 21611
21613 41885 1:0 21651
21630 36322 21:0 21653
21650 42052 1:0 21650
21652 423 21:0 21653
21652 749 21:0 21653
21652 36331 21:0 21653
21652 419 21:0 21653
21652 421 21:0 21653
21652 36336 21:0 21653
21652 36333 21:0 21653
21652 417 21:0 21653
21652 42032 1:0 21654
21652 337 1:0 21654
21655 36354 1:0 21657
21655 41988 1:0 21662
21656 42051 1:0 21656
21659 36354 21:0 21664
21663 335 1:0 21665
21663 41744 1:0 21665
21663 409 21:0 21667
21666 36358 1:0 21668
21666 41916 1:0 21671
21670 42049 1:0 21670
21670 36358 21:0 21673
21672 403 1:0 21674
21672 36388 1:0 21674
21672 36390 1:0 21674
21672 303 1:0 21674
21672 41751 1:0 21674
21672 401 1:0 21674
21672 411 21:0 21676
21675 36361 1:0 21678
21675 36379 1:0 21689
21675 36393 1:0 21689
21677 42047 1:0 21677
21680 36361 21:0 21739
21686 749 1:0 21687
21688 42035 1:0 21688
21688 42037 1:0 21689
21690 283 1:0 21743
21738 407 21:0 21762
21744 41886 1:0 21782
21762 36393 21:0 21784
21783 405 21:0 21784
21783 36390 21:0 21784
21783 401 21:0 21784
21783 399 21:0 21784
21783 403 21:0 21784
21783 36379 21:0 21784
21783 36388 21:0 21784
21783 749 21:0 21784
21783 41786 1:0 21785
21783 41862 1:0 21785
21786 36411 1:0 21788
21786 41904 1:0 21793
21787 42018 1:0 21787
21790 36411 21:0 21795
21794 327 1:0 21796
21794 41821 1:0 21796
21794 391 21:0 21798
21797 36415 1:0 21799
21797 135 1:0 21802
21801 42016 1:0 21801
21801 36415 21:0 21804
21803 385 1:0 21805
21803 36445 1:0 21805
21803 383 1:0 21805
21803 41819 1:0 21805
21803 36447 1:0 21805
21803 41636 1:0 21805
21803 393 21:0 21807
21806 36418 1:0 21809
21806 36436 1:0 21821
21806 36450 1:0 21821
21811 36418 21:0 21870
21817 749 1:0 21818
21819 42004 1:0 21821
21820 42002 1:0 21820
21820 41999 1:0 21820
21820 42003 1:0 21820
21822 41851 1:0 21874
21869 389 21:0 21893
21873 41994 1:0 21873
21875 281 1:0 21913
21892 36436 21:0 21915
21914 36445 21:0 21915
21914 36447 21:0 21915
21914 381 21:0 21915
21914 387 21:0 21915
21914 749 21:0 21915
21914 385 21:0 21915
21914 36450 21:0 21915
21914 383 21:0 21915
21914 317 1:0 21916
21914 41731 1:0 21916
21917 36468 1:0 21919
21917 345 1:0 21924
21921 36468 21:0 21926
21923 41982 1:0 21923
21925 41852 1:0 21927
21925 41631 1:0 21927
21925 373 21:0 21929
21928 36472 1:0 21930
21928 41408 1:0 21933
21932 36472 21:0 21935
21934 365 1:0 21936
21934 36502 1:0 21936
21934 211 1:0 21936
21934 41471 1:0 21936
21934 367 1:0 21936
21934 36504 1:0 21936
21934 375 21:0 21938
21937 36475 1:0 21940
21937 36507 1:0 21951
21937 36493 1:0 21951
21939 41981 1:0 21939
21942 36475 21:0 22001
21948 749 1:0 21949
21950 41966 1:0 21950
21950 41968 1:0 21950
21950 369 1:0 21950
21950 41971 1:0 21951
21952 41722 1:0 22005
22000 371 21:0 22024
22006 41721 1:0 22044
22023 36493 21:0 22046
22045 363 21:0 22046
22045 749 21:0 22046
22045 36504 21:0 22046
22045 367 21:0 22046
22045 36507 21:0 22046
22045 369 21:0 22046
22045 36502 21:0 22046
22045 365 21:0 22046
22045 41442 1:0 22047
22045 41818 1:0 22047
22048 36525 1:0 22050
22048 41834 1:0 22055
22052 36525 21:0 22057
22054 41949 1:0 22054
22056 157 1:0 22058
22056 41896 1:0 22058
22056 355 21:0 22060
22059 36529 1:0 22061
22059 41565 1:0 22064
22063 36529 21:0 22066
22065 349 1:0 22067
22065 41788 1:0 22067
22065 36559 1:0 22067
22065 41570 1:0 22067
22065 36561 1:0 22067
22065 347 1:0 22067
22065 357 21:0 22069
22068 36532 1:0 22071
22068 36550 1:0 22082
22068 36564 1:0 22082
22070 41942 1:0 22070
22073 36532 21:0 22132
22079 749 1:0 22080
22081 351 1:0 22081
22081 41933 1:0 22081
22081 41938 1:0 22082
22083 41753 1:0 22136
22131 353 21:0 22155
22135 41928 1:0 22135
22137 41754 1:0 22175
22154 36550 21:0 22177
22176 36559 21:0 22177
22176 749 21:0 22177
22176 345 21:0 22177
22176 351 21:0 22177
22176 36561 21:0 22177
22176 36564 21:0 22177
22176 347 21:0 22177
22176 349 21:0 22177
22176 267 1:0 22178
22176 41467 1:0 22178
22179 36582 1:0 22181
22179 41664 1:0 22186
22183 36582 21:0 22188
22187 41805 1:0 22189
22187 229 1:0 22189
22187 337 21:0 22191
22190 36586 1:0 22192
22190 41475 1:0 22195
22194 36586 21:0 22197
22196 331 1:0 22198
22196 329 1:0 22198
22196 36616 1:0 22198
22196 36618 1:0 22198
22196 249 1:0 22198
22196 41427 1:0 22198
22196 339 21:0 22200
22199 36589 1:0 22202
22199 36621 1:0 22216
22199 36607 1:0 22216
22201 41909 1:0 22201
22204 36589 21:0 22263
22210 749 1:0 22211
22212 41905 1:0 22216
22215 41900 1:0 22215
22215 41902 1:0 22215
22215 41903 1:0 22215
22217 191 1:0 22267
22262 335 21:0 22284
22266 41895 1:0 22266
22266 41889 1:0 22266
22268 41621 1:0 22306
22283 749 21:0 22286
22286 36621 21:0 22308
22307 329 21:0 22308
22307 36607 21:0 22308
22307 36616 21:0 22308
22307 36618 21:0 22308
22307 333 21:0 22308
22307 331 21:0 22308
22307 327 21:0 22308
22307 227 1:0 22309
22307 41684 1:0 22309
22310 36639 1:0 22312
22310 41843 1:0 22317
22314 36639 21:0 22319
22316 41883 1:0 22316
22318 41574 1:0 22320
22318 263 1:0 22320
22318 319 21:0 22322
22321 36643 1:0 22323
22321 41499 1:0 22326
22325 36643 21:0 22328
22327 36673 1:0 22329
22327 311 1:0 22329
22327 41541 1:0 22329
22327 313 1:0 22329
22327 41755 1:0 22329
22327 36675 1:0 22329
22327 321 21:0 22331
22330 36646 1:0 22333
22330 36664 1:0 22347
22330 36678 1:0 22347
22332 41882 1:0 22332
22335 36646 21:0 22394
22341 749 1:0 22342
22343 41872 1:0 22347
22346 41870 1:0 22346
22346 315 1:0 22346
22346 41863 1:0 22346
22346 41869 1:0 22346
22346 41871 1:0 22346
22346 41867 1:0 22346
22348 41752 1:0 22398
22393 317 21:0 22415
22397 41856 1:0 22397
22397 309 1:0 22397
22399 41719 1:0 22437
22414 749 21:0 22417
22417 36678 21:0 22439
22438 36664 21:0 22439
22438 309 21:0 22439
22438 315 21:0 22439
22438 313 21:0 22439
22438 311 21:0 22439
22438 36675 21:0 22439
22438 36673 21:0 22439
22438 41738 1:0 22440
22438 213 1:0 22440
22441 36696 1:0 22443
22441 243 1:0 22448
22445 36696 21:0 22450
22447 41850 1:0 22447
22449 41720 1:0 22451
22449 255 1:0 22451
22449 301 21:0 22453
22452 36700 1:0 22454
22452 41652 1:0 22457
22456 36700 21:0 22459
22458 41673 1:0 22460
22458 41656 1:0 22460
22458 36730 1:0 22460
22458 36732 1:0 22460
22458 295 1:0 22460
22458 293 1:0 22460
22458 303 21:0 22462
22461 36703 1:0 22464
22461 36721 1:0 22478
22461 36735 1:0 22478
22463 41849 1:0 22463
22466 36703 21:0 22525
22472 749 1:0 22473
22474 41839 1:0 22478
22477 41830 1:0 22477
22477 41838 1:0 22477
22477 41836 1:0 22477
22479 41689 1:0 22529
22524 299 21:0 22548
22528 41829 1:0 22528
22530 245 1:0 22568
22547 36721 21:0 22570
22569 295 21:0 22570
22569 293 21:0 22570
22569 36732 21:0 22570
22569 36735 21:0 22570
22569 297 21:0 22570
22569 36730 21:0 22570
22569 291 21:0 22570
22569 749 21:0 22570
22569 41685 1:0 22571
22569 231 1:0 22571
22572 36753 1:0 22574
22572 41504 1:0 22579
22576 36753 21:0 22581
22578 41817 1:0 22578
22580 41552 1:0 22582
22580 173 1:0 22582
22580 283 21:0 22584
22583 36757 1:0 22585
22583 41532 1:0 22588
22587 36757 21:0 22590
22589 275 1:0 22591
22589 36787 1:0 22591
22589 41586 1:0 22591
22589 36789 1:0 22591
22589 195 1:0 22591
22589 277 1:0 22591
22589 285 21:0 22593
22592 36760 1:0 22595
22592 36778 1:0 22609
22592 36792 1:0 22609
22594 41810 1:0 22594
22597 36760 21:0 22656
22603 749 1:0 22604
22605 41806 1:0 22609
22608 41803 1:0 22608
22608 41797 1:0 22608
22610 209 1:0 22660
22655 281 21:0 22679
22659 273 1:0 22659
22661 41653 1:0 22699
22679 36792 21:0 22701
22700 36778 21:0 22701
22700 749 21:0 22701
22700 36789 21:0 22701
22700 279 21:0 22701
22700 273 21:0 22701
22700 36787 21:0 22701
22700 275 21:0 22701
22700 277 21:0 22701
22700 41687 1:0 22702
22700 165 1:0 22702
22703 36810 1:0 22705
22703 41730 1:0 22710
22707 36810 21:0 22712
22711 41688 1:0 22713
22711 41500 1:0 22713
22711 265 21:0 22715
22714 36814 1:0 22716
22714 41407 1:0 22719
22718 36814 21:0 22721
22720 257 1:0 22722
22720 36846 1:0 22722
22720 41618 1:0 22722
22720 193 1:0 22722
22720 36844 1:0 22722
22720 259 1:0 22722
22720 267 21:0 22724
22723 36817 1:0 22726
22723 36849 1:0 22740
22723 36835 1:0 22740
22725 41783 1:0 22725
22728 36817 21:0 22787
22734 749 1:0 22735
22736 41773 1:0 22740
22739 41768 1:0 22739
22739 41772 1:0 22739
22741 41655 1:0 22791
22786 263 21:0 22810
22790 41757 1:0 22790
22792 41654 1:0 22830
22810 36849 21:0 22832
22831 255 21:0 22832
22831 36844 21:0 22832
22831 36846 21:0 22832
22831 36835 21:0 22832
22831 261 21:0 22832
22831 259 21:0 22832
22831 257 21:0 22832
22831 749 21:0 22832
22831 41520 1:0 22833
22831 41686 1:0 22833
22834 36867 1:0 22836
22834 41605 1:0 22841
22838 36867 21:0 22843
22842 41619 1:0 22844
22842 41622 1:0 22844
22842 247 21:0 22846
22845 36871 1:0 22847
22845 41487 1:0 22850
22849 36871 21:0 22852
22851 241 1:0 22853
22851 36903 1:0 22853
22851 36901 1:0 22853
22851 41590 1:0 22853
22851 75 1:0 22853
22851 239 1:0 22853
22851 249 21:0 22855
22854 36874 1:0 22857
22854 36892 1:0 22871
22854 36906 1:0 22871
22856 41750 1:0 22856
22859 36874 21:0 22918
22865 749 1:0 22866
22867 41740 1:0 22871
22870 41735 1:0 22870
22870 41739 1:0 22870
22872 177 1:0 22922
22917 245 21:0 22940
22921 237 1:0 22921
22923 41620 1:0 22961
22941 36906 21:0 22963
22962 36901 21:0 22963
22962 36903 21:0 22963
22962 241 21:0 22963
22962 36892 21:0 22963
22962 749 21:0 22963
22962 239 21:0 22963
22962 237 21:0 22963
22962 243 21:0 22963
22962 129 1:0 22964
22962 159 1:0 22964
22965 36924 1:0 22967
22965 41466 1:0 22972
22969 36924 21:0 22974
22973 41717 1:0 22975
22973 41555 1:0 22975
22973 229 21:0 22977
22976 36928 1:0 22978
22976 41639 1:0 22981
22980 36928 21:0 22983
22982 223 1:0 22984
22982 36958 1:0 22984
22982 221 1:0 22984
22982 41592 1:0 22984
22982 36960 1:0 22984
22982 41623 1:0 22984
22982 231 21:0 22986
22985 36931 1:0 22988
22985 36963 1:0 23002
22985 36949 1:0 23002
22990 36931 21:0 23049
22996 749 1:0 22997
22998 41707 1:0 23002
23001 41706 1:0 23001
23001 41705 1:0 23001
23001 41698 1:0 23001
23001 225 1:0 23001
23003 41556 1:0 23053
23048 227 21:0 23072
23054 175 1:0 23092
23072 36963 21:0 23094
23093 749 21:0 23094
23093 36958 21:0 23094
23093 219 21:0 23094
23093 225 21:0 23094
23093 221 21:0 23094
23093 36949 21:0 23094
23093 36960 21:0 23094
23093 223 21:0 23094
23093 41587 1:0 23095
23093 41508 1:0 23095
23096 36981 1:0 23098
23096 41405 1:0 23103
23100 36981 21:0 23105
23104 41588 1:0 23106
23104 41454 1:0 23106
23104 211 21:0 23108
23107 36985 1:0 23109
23107 41493 1:0 23112
23111 36985 21:0 23114
23113 203 1:0 23115
23113 147 1:0 23115
23113 205 1:0 23115
23113 137 1:0 23115
23113 37017 1:0 23115
23113 37015 1:0 23115
23113 213 21:0 23117
23116 36988 1:0 23119
23116 37020 1:0 23133
23116 37006 1:0 23133
23118 41678 1:0 23118
23121 36988 21:0 23180
23127 749 1:0 23128
23129 41674 1:0 23133
23132 41669 1:0 23132
23134 141 1:0 23184
23179 37006 21:0 23196
23183 41658 1:0 23183
23185 155 1:0 23223
23195 207 21:0 23199
23198 37015 21:0 23199
23198 37017 21:0 23199
23198 203 21:0 23199
23198 205 21:0 23199
23198 749 21:0 23199
23203 37020 21:0 23225
23224 209 21:0 23225
23224 41632 1:0 23226
23224 41589 1:0 23226
23224 201 21:0 23228
23227 37038 1:0 23229
23227 41539 1:0 23234
23231 37038 21:0 23236
23235 41554 1:0 23237
23235 41645 1:0 23237
23235 193 21:0 23239
23238 37042 1:0 23240
23238 41599 1:0 23243
23242 37042 21:0 23245
23244 187 1:0 23246
23244 41557 1:0 23246
23244 41612 1:0 23246
23244 37074 1:0 23246
23244 37072 1:0 23246
23244 185 1:0 23246
23244 195 21:0 23248
23247 37045 1:0 23250
23247 37077 1:0 23264
23247 37063 1:0 23264
23252 37045 21:0 23311
23258 749 1:0 23259
23260 41641 1:0 23264
23263 189 1:0 23263
23263 41638 1:0 23263
23265 139 1:0 23315
23310 37063 21:0 23327
23314 183 1:0 23314
23314 41625 1:0 23314
23316 41522 1:0 23354
23326 189 21:0 23330
23329 185 21:0 23330
23329 749 21:0 23330
23329 37074 21:0 23330
23329 187 21:0 23330
23329 37072 21:0 23330
23334 37077 21:0 23356
23355 191 21:0 23356
23355 41513 1:0 23357
23355 123 1:0 23357
23355 183 21:0 23359
23358 37095 1:0 23360
23358 39 1:0 23365
23362 37095 21:0 23367
23366 41507 1:0 23368
23366 41491 1:0 23368
23366 175 21:0 23370
23369 37099 1:0 23371
23369 99 1:0 23374
23373 37099 21:0 23376
23375 41519 1:0 23377
23375 41523 1:0 23377
23375 37129 1:0 23377
23375 37131 1:0 23377
23375 169 1:0 23377
23375 167 1:0 23377
23375 177 21:0 23379
23378 37102 1:0 23381
23378 37120 1:0 23395
23378 37134 1:0 23395
23383 37102 21:0 23442
23389 749 1:0 23390
23391 41608 1:0 23395
23394 41606 1:0 23394
23396 103 1:0 23446
23441 37120 21:0 23458
23447 121 1:0 23485
23457 171 21:0 23461
23460 749 21:0 23461
23460 37131 21:0 23461
23460 167 21:0 23461
23460 169 21:0 23461
23460 37129 21:0 23461
23465 37134 21:0 23487
23486 173 21:0 23487
23486 41546 1:0 23488
23486 41524 1:0 23488
23486 165 21:0 23490
23489 37152 1:0 23491
23489 41506 1:0 23496
23493 37152 21:0 23498
23497 41521 1:0 23499
23497 41473 1:0 23499
23497 157 21:0 23501
23500 37156 1:0 23502
23500 41440 1:0 23505
23504 37156 21:0 23507
23506 37186 1:0 23508
23506 119 1:0 23508
23506 37188 1:0 23508
23506 151 1:0 23508
23506 149 1:0 23508
23506 41387 1:0 23508
23506 159 21:0 23510
23509 37159 1:0 23512
23509 37177 1:0 23526
23509 37191 1:0 23526
23511 41585 1:0 23511
23514 37159 21:0 23573
23520 749 1:0 23521
23522 41575 1:0 23526
23525 41573 1:0 23525
23525 153 1:0 23525
23525 41572 1:0 23525
23527 83 1:0 23577
23572 37177 21:0 23589
23576 41559 1:0 23576
23578 41457 1:0 23616
23588 153 21:0 23592
23591 749 21:0 23592
23591 37188 21:0 23592
23591 37186 21:0 23592
23591 151 21:0 23592
23591 149 21:0 23592
23596 37191 21:0 23618
23617 155 21:0 23618
23617 41456 1:0 23619
23617 41474 1:0 23619
23617 147 21:0 23621
23620 37209 1:0 23622
23620 111 1:0 23627
23624 37209 21:0 23629
23628 41367 1:0 23630
23628 85 1:0 23630
23628 139 21:0 23632
23631 37213 1:0 23633
23631 41453 1:0 23636
23635 37213 21:0 23638
23637 37245 1:0 23639
23637 131 1:0 23639
23637 101 1:0 23639
23637 37243 1:0 23639
23637 41421 1:0 23639
23637 133 1:0 23639
23637 141 21:0 23641
23640 37216 1:0 23643
23640 37234 1:0 23655
23640 37248 1:0 23655
23645 37216 21:0 23704
23651 749 1:0 23652
23653 41542 1:0 23655
23654 41540 1:0 23654
23656 41488 1:0 23708
23703 37234 21:0 23720
23709 41490 1:0 23747
23719 135 21:0 23723
23722 37245 21:0 23723
23722 133 21:0 23723
23722 749 21:0 23723
23722 37243 21:0 23723
23722 131 21:0 23723
23727 37248 21:0 23749
23748 137 21:0 23749
23748 41460 1:0 23750
23748 105 1:0 23750
23748 129 21:0 23752
23751 37266 1:0 23753
23751 41381 1:0 23758
23755 37266 21:0 23760
23759 41334 1:0 23761
23759 41489 1:0 23761
23759 121 21:0 23763
23762 37270 1:0 23764
23762 41441 1:0 23767
23766 37270 21:0 23769
23768 37300 1:0 23770
23768 37302 1:0 23770
23768 115 1:0 23770
23768 41438 1:0 23770
23768 41455 1:0 23770
23768 113 1:0 23770
23768 123 21:0 23772
23771 37273 1:0 23774
23771 37291 1:0 23788
23771 37305 1:0 23788
23776 37273 21:0 23835
23782 749 1:0 23783
23784 41509 1:0 23788
23789 41458 1:0 23839
23834 37291 21:0 23851
23840 87 1:0 23878
23850 117 21:0 23854
23853 37300 21:0 23854
23853 115 21:0 23854
23853 113 21:0 23854
23853 37302 21:0 23854
23853 749 21:0 23854
23858 37305 21:0 23880
23879 119 21:0 23880
23879 41372 1:0 23881
23879 41425 1:0 23881
23879 111 21:0 23883
23882 37323 1:0 23884
23882 41368 1:0 23889
23886 37323 21:0 23891
23890 41420 1:0 23892
23890 67 1:0 23892
23890 103 21:0 23894
23893 37327 1:0 23895
23893 41328 1:0 23898
23897 37327 21:0 23900
23899 37359 1:0 23901
23899 95 1:0 23901
23899 97 1:0 23901
23899 41375 1:0 23901
23899 37357 1:0 23901
23899 49 1:0 23901
23899 105 21:0 23903
23902 37330 1:0 23905
23902 37348 1:0 23917
23902 37362 1:0 23917
23904 41486 1:0 23904
23907 37330 21:0 23966
23913 749 1:0 23914
23915 41476 1:0 23917
23918 41424 1:0 23970
23965 37348 21:0 23982
23969 93 1:0 23969
23971 41423 1:0 24009
23981 37357 21:0 23982
23981 37359 21:0 23982
23981 99 21:0 23985
23984 749 21:0 23985
23984 97 21:0 23985
23984 95 21:0 23985
23989 37362 21:0 24011
24010 101 21:0 24011
24010 41434 1:0 24012
24010 41392 1:0 24012
24010 93 21:0 24014
24013 37380 1:0 24015
24013 41374 1:0 24020
24017 37380 21:0 24022
24021 69 1:0 24023
24021 41400 1:0 24023
24021 85 21:0 24025
24024 37384 1:0 24026
24024 41401 1:0 24029
24028 37384 21:0 24031
24030 41376 1:0 24032
24030 65 1:0 24032
24030 37416 1:0 24032
24030 77 1:0 24032
24030 37414 1:0 24032
24030 79 1:0 24032
24030 87 21:0 24034
24033 37387 1:0 24036
24033 37405 1:0 24049
24033 37419 1:0 24049
24035 41447 1:0 24035
24038 37387 21:0 24097
24044 749 1:0 24045
24046 41443 1:0 24049
24048 81 1:0 24048
24050 41422 1:0 24101
24096 37405 21:0 24113
24100 41433 1:0 24100
24102 51 1:0 24140
24112 37414 21:0 24113
24112 37416 21:0 24113
24112 81 21:0 24116
24115 79 21:0 24116
24115 749 21:0 24116
24115 77 21:0 24116
24120 37419 21:0 24142
24141 83 21:0 24142
24141 41409 1:0 24143
24141 41389 1:0 24143
24141 75 21:0 24145
24144 37437 1:0 24146
24144 45 1:0 24151
24148 37437 21:0 24153
24152 41390 1:0 24154
24152 63 1:0 24154
24152 67 21:0 24156
24155 37441 1:0 24157
24155 41361 1:0 24160
24159 37441 21:0 24162
24161 41391 1:0 24163
24161 59 1:0 24163
24161 37473 1:0 24163
24161 41355 1:0 24163
24161 37471 1:0 24163
24161 61 1:0 24163
24161 69 21:0 24165
24164 37444 1:0 24167
24164 37462 1:0 24180
24164 37476 1:0 24180
24166 41414 1:0 24166
24169 37444 21:0 24228
24175 749 1:0 24176
24177 41410 1:0 24180
24181 47 1:0 24232
24227 37462 21:0 24244
24231 57 1:0 24231
24233 31 1:0 24271
24243 37471 21:0 24244
24243 37473 21:0 24244
24243 63 21:0 24247
24246 61 21:0 24247
24246 59 21:0 24247
24246 749 21:0 24247
24251 37476 21:0 24273
24272 65 21:0 24273
24272 41358 1:0 24274
24272 41315 1:0 24274
24272 57 21:0 24276
24275 37494 1:0 24277
24275 21 1:0 24282
24279 37494 21:0 24284
24281 41388 1:0 24281
24283 41356 1:0 24285
24283 41341 1:0 24285
24283 49 21:0 24287
24286 37498 1:0 24288
24286 41342 1:0 24291
24290 37498 21:0 24293
24292 37528 1:0 24294
24292 37530 1:0 24294
24292 41359 1:0 24294
24292 41354 1:0 24294
24292 41 1:0 24294
24292 43 1:0 24294
24292 51 21:0 24296
24295 37501 1:0 24298
24295 37533 1:0 24309
24295 37519 1:0 24309
24300 37501 21:0 24359
24306 749 1:0 24307
24308 41377 1:0 24309
24310 41357 1:0 24363
24358 37519 21:0 24375
24364 41326 1:0 24402
24374 37530 21:0 24375
24374 37528 21:0 24375
24374 45 21:0 24378
24377 41 21:0 24378
24377 43 21:0 24378
24377 749 21:0 24378
24382 37533 21:0 24404
24403 47 21:0 24404
24403 41322 1:0 24405
24403 33 1:0 24405
24403 39 21:0 24407
24406 37551 1:0 24408
24406 41348 1:0 24413
24410 37551 21:0 24415
24414 29 1:0 24416
24414 27 1:0 24416
24414 31 21:0 24418
24417 37555 1:0 24419
24417 41343 1:0 24422
24421 37555 21:0 24424
24423 13 1:0 24425
24423 37587 1:0 24425
24423 23 1:0 24425
24423 41339 1:0 24425
24423 25 1:0 24425
24423 37585 1:0 24425
24423 33 21:0 24427
24426 37558 1:0 24429
24426 37590 1:0 24442
24426 37576 1:0 24442
24431 37558 21:0 24490
24437 749 1:0 24438
24439 41344 1:0 24442
24441 41335 1:0 24441
24443 41324 1:0 24494
24489 37576 21:0 24506
24495 41323 1:0 24533
24505 37585 21:0 24506
24505 37587 21:0 24506
24505 27 21:0 24509
24508 23 21:0 24509
24508 25 21:0 24509
24508 749 21:0 24509
24513 37590 21:0 24535
24534 29 21:0 24535
24534 41321 1:0 24536
24534 41325 1:0 24536
24534 21 21:0 24538
24537 37608 1:0 24539
24537 732 1:0 24544
24541 37608 21:0 24546
24545 15 1:0 24546
24545 9 1:0 24547
24545 13 21:0 24549
24548 37612 1:0 24550
24548 41310 1:0 24553
24552 37612 21:0 24555
24554 11 1:0 24555
24554 41302 1:0 24556
24554 15 21:0 24558
24557 37615 1:0 24560
24557 41309 1:0 24581
24557 41308 1:0 24581
24562 37615 21:0 24621
24582 749 1:0 24584
24582 41311 1:0 24584
24582 7 1:0 24584
24582 41306 1:0 24584
24582 37642 1:0 24584
24585 37633 1:0 24587
24585 3 1:0 24635
24620 37633 21:0 24637
24626 5 1:0 24627
24629 37644 1:0 24632
24636 37644 21:0 24637
24636 37642 21:0 24637
24636 41301 1:0 24638
24636 9 21:0 24640
24639 7 21:0 24640
24639 749 21:0 24640
24639 5 21:0 24640
24639 37647 1:0 24642
24644 37647 21:0 24674
24661 749 1:0 24663
24662 733 1:0 24662
24673 732 21:0 24673
24673 5 1:0 24674
24673 44932 21:0 24682
24677 7 1:0 24678
24681 3 21:0 24710
24681 9 1:0 24711
24709 44933 21:0 24715
24714 44937 21:0 24726
24725 5 21:0 24726
24725 733 21:0 24726
24725 7 21:0 24726
24725 44941 21:0 24726
24725 749 21:0 24726
24725 44940 21:0 24726
24725 44942 21:0 24726
24725 44939 21:0 24726
24725 15 1:0 24727
24726 11 21:0 24731
24730 13 1:0 24732
24730 44954 21:0 24736
24735 15 21:0 24736
24735 21 1:0 24746
24735 27 1:0 24748
24735 23 1:0 24748
24735 25 1:0 24748
24736 13 21:0 24791
24737 749 1:0 24739
24749 29 1:0 24798
24790 44957 21:0 24802
24801 33 1:0 24803
24801 44956 21:0 24807
24806 44955 21:0 24807
24806 31 1:0 24808
24806 44987 21:0 24812
24811 39 1:0 24822
24811 45 1:0 24824
24811 43 1:0 24824
24811 41 1:0 24824
24811 44988 21:0 24826
24825 29 21:0 24867
24825 47 1:0 24874
24866 39 21:0 24866
24866 44989 21:0 24878
24877 45007 21:0 24877
24877 51 1:0 24879
24877 33 21:0 24883
24882 31 21:0 24883
24882 49 1:0 24884
24882 45020 21:0 24888
24887 47 21:0 24888
24887 57 1:0 24898
24887 61 1:0 24900
24887 63 1:0 24900
24887 59 1:0 24900
24887 44990 21:0 24943
24901 65 1:0 24950
24942 45032 21:0 24942
24942 45023 21:0 24954
24953 69 1:0 24955
24953 49 21:0 24959
24958 51 21:0 24959
24958 67 1:0 24960
24958 45021 21:0 24964
24963 45052 21:0 24963
24963 45022 21:0 24964
24963 75 1:0 24974
24963 81 1:0 24976
24963 79 1:0 24976
24963 77 1:0 24976
24963 65 21:0 25019
24977 83 1:0 25026
25018 45069 21:0 25018
25018 45056 21:0 25030
25029 45084 21:0 25029
25029 45058 21:0 25029
25029 87 1:0 25031
25029 45053 21:0 25035
25034 67 21:0 25035
25034 85 1:0 25036
25034 45054 21:0 25040
25039 45055 21:0 25040
25039 93 1:0 25050
25039 99 1:0 25052
25039 97 1:0 25052
25039 95 1:0 25052
25039 69 21:0 25095
25053 101 1:0 25102
25094 45105 21:0 25094
25094 87 21:0 25106
25105 105 1:0 25107
25105 45088 21:0 25111
25110 45087 21:0 25111
25110 103 1:0 25112
25110 85 21:0 25116
25115 83 21:0 25116
25115 111 1:0 25126
25115 115 1:0 25128
25115 113 1:0 25128
25115 117 1:0 25128
25115 45086 21:0 25166
25129 119 1:0 25178
25165 45089 21:0 25182
25181 45135 21:0 25181
25181 45139 21:0 25181
25181 45138 21:0 25181
25181 45119 21:0 25182
25181 123 1:0 25183
25181 103 21:0 25187
25186 121 1:0 25188
25186 45120 21:0 25192
25191 45151 21:0 25191
25191 45122 21:0 25192
25191 129 1:0 25202
25191 131 1:0 25204
25191 133 1:0 25204
25191 135 1:0 25204
25191 45154 21:0 25242
25205 137 1:0 25254
25241 45163 21:0 25241
25241 45153 21:0 25258
25257 45157 21:0 25257
25257 45168 21:0 25257
25257 121 21:0 25258
25257 141 1:0 25259
25257 119 21:0 25263
25262 139 1:0 25264
25262 45152 21:0 25268
25267 105 21:0 25268
25267 147 1:0 25278
25267 151 1:0 25280
25267 153 1:0 25280
25267 149 1:0 25280
25267 45155 21:0 25318
25281 155 1:0 25330
25317 45121 21:0 25334
25333 153 21:0 25333
25333 101 21:0 25334
25333 159 1:0 25335
25333 137 21:0 25339
25338 157 1:0 25340
25338 155 21:0 25344
25343 45217 21:0 25343
25343 123 21:0 25344
25343 165 1:0 25354
25343 171 1:0 25356
25343 167 1:0 25356
25343 169 1:0 25356
25343 159 21:0 25394
25357 173 1:0 25406
25393 45219 21:0 25410
25409 45236 21:0 25409
25409 171 21:0 25409
25409 45223 21:0 25409
25409 45221 21:0 25410
25409 177 1:0 25411
25409 45186 21:0 25415
25414 175 1:0 25416
25414 139 21:0 25420
25419 45187 21:0 25420
25419 183 1:0 25430
25419 187 1:0 25432
25419 185 1:0 25432
25419 189 1:0 25432
25419 45188 21:0 25470
25433 191 1:0 25482
25469 45263 21:0 25469
25469 45262 21:0 25469
25469 141 21:0 25486
25485 45271 21:0 25485
25485 45270 21:0 25485
25485 45256 21:0 25485
25485 45218 21:0 25486
25485 195 1:0 25487
25485 45220 21:0 25491
25490 193 1:0 25492
25490 157 21:0 25496
25495 45251 21:0 25496
25495 201 1:0 25506
25495 207 1:0 25508
25495 203 1:0 25508
25495 205 1:0 25508
25495 45286 21:0 25546
25509 209 1:0 25558
25545 45296 21:0 25545
25545 201 21:0 25545
25545 45295 21:0 25545
25545 45284 21:0 25562
25561 45300 21:0 25561
25561 45185 21:0 25562
25561 213 1:0 25563
25561 45285 21:0 25567
25566 211 1:0 25568
25566 195 21:0 25572
25571 45252 21:0 25572
25571 219 1:0 25582
25571 225 1:0 25584
25571 221 1:0 25584
25571 223 1:0 25584
25571 191 21:0 25622
25585 227 1:0 25634
25621 45309 21:0 25621
25621 177 21:0 25638
25637 45335 21:0 25637
25637 45333 21:0 25637
25637 45336 21:0 25637
25637 173 21:0 25638
25637 231 1:0 25639
25637 213 21:0 25643
25642 229 1:0 25644
25642 193 21:0 25648
25647 45254 21:0 25648
25647 237 1:0 25658
25647 239 1:0 25660
25647 241 1:0 25660
25647 243 1:0 25660
25647 45253 21:0 25676
25661 245 1:0 25710
25675 237 21:0 25675
25675 45361 21:0 25675
25675 45317 21:0 25714
25713 45381 21:0 25713
25713 45369 21:0 25713
25713 45318 21:0 25714
25713 249 1:0 25715
25713 45320 21:0 25719
25718 247 1:0 25720
25718 45287 21:0 25724
25723 45382 21:0 25723
25723 227 21:0 25724
25723 255 1:0 25734
25723 261 1:0 25736
25723 259 1:0 25736
25723 257 1:0 25736
25723 209 21:0 25774
25737 263 1:0 25786
25773 229 21:0 25790
25789 45414 21:0 25789
25789 45403 21:0 25789
25789 45383 21:0 25790
25789 267 1:0 25791
25789 45352 21:0 25795
25794 265 1:0 25796
25794 45384 21:0 25800
25799 45351 21:0 25800
25799 273 1:0 25810
25799 277 1:0 25812
25799 275 1:0 25812
25799 279 1:0 25812
25799 267 21:0 25822
25813 281 1:0 25862
25821 273 21:0 25821
25821 45427 21:0 25821
25821 45385 21:0 25866
25865 45434 21:0 25865
25865 45447 21:0 25865
25865 45428 21:0 25865
25865 279 21:0 25865
25865 245 21:0 25866
25865 285 1:0 25867
25865 45418 21:0 25871
25870 283 1:0 25872
25870 263 21:0 25876
25875 45448 21:0 25875
25875 249 21:0 25876
25875 291 1:0 25886
25875 293 1:0 25888
25875 295 1:0 25888
25875 297 1:0 25888
25875 45386 21:0 25894
25889 299 1:0 25938
25893 45460 21:0 25893
25893 247 21:0 25942
25941 45469 21:0 25941
25941 45467 21:0 25941
25941 265 21:0 25942
25941 303 1:0 25943
25941 45451 21:0 25947
25946 301 1:0 25948
25946 299 21:0 25952
25951 45452 21:0 25952
25951 309 1:0 25962
25951 315 1:0 25964
25951 311 1:0 25964
25951 313 1:0 25964
25951 45419 21:0 25970
25965 317 1:0 26014
25969 309 21:0 25969
25969 281 21:0 26018
26017 45501 21:0 26017
26017 45494 21:0 26017
26017 45487 21:0 26017
26017 45498 21:0 26017
26017 315 21:0 26017
26017 45513 21:0 26017
26017 45500 21:0 26017
26017 45319 21:0 26018
26017 321 1:0 26019
26017 175 21:0 26023
26022 319 1:0 26024
26022 285 21:0 26028
26027 303 21:0 26028
26027 327 1:0 26038
26027 329 1:0 26040
26027 333 1:0 26040
26027 331 1:0 26040
26027 301 21:0 26042
26041 335 1:0 26090
26041 211 21:0 26094
26093 333 21:0 26093
26093 45546 21:0 26093
26093 45531 21:0 26093
26093 45416 21:0 26094
26093 339 1:0 26095
26093 45484 21:0 26099
26098 337 1:0 26100
26098 45515 21:0 26104
26103 45547 21:0 26103
26103 319 21:0 26104
26103 345 1:0 26114
26103 351 1:0 26116
26103 349 1:0 26116
26103 347 1:0 26116
26103 45450 21:0 26118
26117 45559 21:0 26117
26117 45540 21:0 26117
26117 353 1:0 26166
26117 45350 21:0 26170
26169 45567 21:0 26169
26169 45560 21:0 26169
26169 351 21:0 26169
26169 345 21:0 26169
26169 45566 21:0 26169
26169 45579 21:0 26169
26169 45553 21:0 26169
26169 45568 21:0 26169
26169 317 21:0 26170
26169 357 1:0 26171
26169 45485 21:0 26175
26174 355 1:0 26176
26174 45449 21:0 26177
26176 45580 21:0 26176
26176 45516 21:0 26180
26179 363 1:0 26190
26179 367 1:0 26192
26179 369 1:0 26192
26179 365 1:0 26192
26179 283 21:0 26194
26193 45592 21:0 26193
26193 355 21:0 26193
26193 371 1:0 26242
26193 45581 21:0 26246
26245 45601 21:0 26245
26245 369 21:0 26245
26245 45612 21:0 26245
26245 45584 21:0 26246
26245 375 1:0 26247
26245 357 21:0 26251
26250 373 1:0 26252
26250 335 21:0 26256
26255 45549 21:0 26256
26255 381 1:0 26266
26255 387 1:0 26268
26255 383 1:0 26268
26255 385 1:0 26268
26255 45482 21:0 26270
26269 45625 21:0 26269
26269 389 1:0 26318
26269 337 21:0 26322
26321 45630 21:0 26321
26321 45626 21:0 26321
26321 45634 21:0 26321
26321 45645 21:0 26321
26321 45518 21:0 26322
26321 393 1:0 26323
26321 45353 21:0 26327
26326 391 1:0 26328
26326 353 21:0 26329
26328 45646 21:0 26328
26328 389 21:0 26332
26331 45649 21:0 26331
26331 45648 21:0 26331
26331 399 1:0 26342
26331 403 1:0 26344
26331 401 1:0 26344
26331 405 1:0 26344
26331 45551 21:0 26346
26345 45639 21:0 26345
26345 407 1:0 26394
26345 45647 21:0 26398
26397 399 21:0 26397
26397 45652 21:0 26397
26397 45663 21:0 26397
26397 405 21:0 26397
26397 371 21:0 26398
26397 411 1:0 26399
26397 375 21:0 26403
26402 45680 21:0 26402
26402 407 21:0 26402
26402 45615 21:0 26403
26402 409 1:0 26404
26402 231 21:0 26408
26407 45679 21:0 26407
26407 417 1:0 26418
26407 419 1:0 26420
26407 423 1:0 26420
26407 421 1:0 26420
26407 391 21:0 26422
26421 45683 21:0 26421
26421 425 1:0 26470
26421 45583 21:0 26474
26473 45700 21:0 26473
26473 45685 21:0 26473
26473 45692 21:0 26473
26473 417 21:0 26473
26473 45711 21:0 26473
26473 45696 21:0 26473
26473 423 21:0 26473
26473 409 21:0 26474
26473 429 1:0 26475
26473 45517 21:0 26479
26478 425 21:0 26478
26478 321 21:0 26479
26478 427 1:0 26480
26478 45650 21:0 26484
26483 45715 21:0 26483
26483 435 1:0 26494
26483 437 1:0 26496
26483 439 1:0 26496
26483 441 1:0 26496
26483 411 21:0 26498
26497 45582 21:0 26539
26497 443 1:0 26546
26538 435 21:0 26538
26538 45725 21:0 26538
26538 45731 21:0 26538
26538 45616 21:0 26550
26549 45744 21:0 26549
26549 447 1:0 26551
26549 393 21:0 26555
26554 45614 21:0 26555
26554 445 1:0 26556
26554 45617 21:0 26560
26559 453 1:0 26570
26559 457 1:0 26572
26559 459 1:0 26572
26559 455 1:0 26572
26559 427 21:0 26574
26573 45749 21:0 26573
26573 373 21:0 26615
26573 461 1:0 26622
26614 45681 21:0 26626
26625 465 1:0 26627
26625 45748 21:0 26631
26630 45779 21:0 26630
26630 45548 21:0 26631
26630 463 1:0 26632
26630 45713 21:0 26636
26635 45781 21:0 26635
26635 471 1:0 26646
26635 475 1:0 26648
26635 477 1:0 26648
26635 473 1:0 26648
26635 45747 21:0 26650
26649 45782 21:0 26649
26649 45550 21:0 26691
26649 479 1:0 26698
26690 45417 21:0 26702
26701 483 1:0 26703
26701 45746 21:0 26707
26706 45812 21:0 26706
26706 45483 21:0 26707
26706 481 1:0 26708
26706 45714 21:0 26712
26711 45814 21:0 26711
26711 483 21:0 26711
26711 44952 21:0 26712
26711 9 21:0 26712
26711 489 1:0 26722
26711 495 1:0 26724
26711 493 1:0 26724
26711 491 1:0 26724
26711 465 21:0 26762
26725 497 1:0 26774
26761 481 21:0 26761
26761 429 21:0 26778
26777 447 21:0 26778
26777 501 1:0 26779
26777 443 21:0 26783
26782 45845 21:0 26782
26782 499 1:0 26784
26782 45780 21:0 26788
26787 45846 21:0 26787
26787 44972 21:0 26788
26787 44959 21:0 26788
26787 44973 21:0 26788
26787 44979 21:0 26788
26787 507 1:0 26798
26787 509 1:0 26800
26787 511 1:0 26800
26787 513 1:0 26800
26787 44985 21:0 26802
26801 499 21:0 26801
26801 44953 21:0 26802
26801 21 21:0 26838
26801 515 1:0 26850
26837 27 21:0 26843
26842 44970 21:0 26846
26845 44965 21:0 26854
26853 45848 21:0 26854
26853 519 1:0 26855
26853 497 21:0 26859
26858 45878 21:0 26858
26858 517 1:0 26860
26858 339 21:0 26864
26863 45879 21:0 26863
26863 519 21:0 26863
26863 461 21:0 26864
26863 525 1:0 26874
26863 531 1:0 26876
26863 527 1:0 26876
26863 529 1:0 26876
26863 45813 21:0 26886
26877 533 1:0 26926
26885 45881 21:0 26885
26885 517 21:0 26885
26885 463 21:0 26930
26929 501 21:0 26930
26929 537 1:0 26931
26929 445 21:0 26935
26934 45911 21:0 26934
26934 533 21:0 26934
26934 535 1:0 26936
26934 479 21:0 26940
26939 45912 21:0 26939
26939 45913 21:0 26939
26939 537 21:0 26939
26939 45716 21:0 26940
26939 45031 21:0 26940
26939 543 1:0 26950
26939 547 1:0 26952
26939 549 1:0 26952
26939 545 1:0 26952
26939 45036 21:0 26954
26953 45914 21:0 26953
26953 535 21:0 26953
26953 63 21:0 26954
26953 45040 21:0 26990
26953 551 1:0 27002
26989 45051 21:0 26995
26994 44998 21:0 26995
26994 44974 21:0 27006
27005 45018 21:0 27006
27005 45019 21:0 27006
27005 45025 21:0 27006
27005 45078 21:0 27006
27005 555 1:0 27007
27005 44966 21:0 27011
27010 551 21:0 27010
27010 45106 21:0 27011
27010 45065 21:0 27011
27010 45098 21:0 27011
27010 45045 21:0 27011
27010 45038 21:0 27011
27010 553 1:0 27012
27010 45117 21:0 27016
27015 45946 21:0 27015
27015 45945 21:0 27015
27015 555 21:0 27015
27015 45150 21:0 27016
27015 45039 21:0 27016
27015 44992 21:0 27016
27015 45005 21:0 27016
27015 561 1:0 27026
27015 567 1:0 27028
27015 565 1:0 27028
27015 563 1:0 27028
27015 45003 21:0 27030
27029 45947 21:0 27029
27029 553 21:0 27029
27029 93 21:0 27030
27029 45170 21:0 27066
27029 569 1:0 27078
27065 45102 21:0 27071
27070 45 21:0 27071
27070 57 21:0 27082
27081 129 21:0 27082
27081 45091 21:0 27082
27081 45177 21:0 27082
27081 117 21:0 27082
27081 573 1:0 27083
27081 45097 21:0 27087
27086 45977 21:0 27086
27086 569 21:0 27086
27086 45201 21:0 27087
27086 45171 21:0 27087
27086 45137 21:0 27087
27086 45124 21:0 27087
27086 45085 21:0 27087
27086 571 1:0 27088
27086 44986 21:0 27092
27091 45979 21:0 27091
27091 45978 21:0 27091
27091 573 21:0 27091
27091 99 21:0 27092
27091 147 21:0 27092
27091 45234 21:0 27092
27091 135 21:0 27092
27091 579 1:0 27102
27091 583 1:0 27104
27091 585 1:0 27104
27091 581 1:0 27104
27091 45012 21:0 27106
27105 45980 21:0 27105
27105 45172 21:0 27106
27105 45315 21:0 27125
27105 587 1:0 27154
27124 45304 21:0 27147
27146 75 21:0 27147
27146 45064 21:0 27158
27157 45269 21:0 27158
27157 45071 21:0 27158
27157 45144 21:0 27158
27157 183 21:0 27158
27157 591 1:0 27159
27157 45197 21:0 27163
27162 46010 21:0 27162
27162 587 21:0 27162
27162 45355 21:0 27163
27162 45210 21:0 27163
27162 189 21:0 27163
27162 225 21:0 27163
27162 45184 21:0 27163
27162 589 1:0 27164
27162 44946 21:0 27168
27167 46011 21:0 27167
27167 46012 21:0 27167
27167 591 21:0 27167
27167 45328 21:0 27168
27167 81 21:0 27168
27167 45250 21:0 27168
27167 45362 21:0 27168
27167 44999 21:0 27168
27167 597 1:0 27178
27167 603 1:0 27180
27167 601 1:0 27180
27167 599 1:0 27180
27167 45229 21:0 27182
27181 45399 21:0 27190
27181 605 1:0 27230
27189 255 21:0 27218
27217 45267 21:0 27223
27222 45238 21:0 27234
27233 45216 21:0 27234
27233 45366 21:0 27234
27233 111 21:0 27234
27233 45370 21:0 27234
27233 609 1:0 27235
27233 45441 21:0 27236
27235 45073 21:0 27239
27238 45375 21:0 27239
27238 45230 21:0 27239
27238 45006 21:0 27239
27238 45342 21:0 27239
27238 607 1:0 27240
27238 45534 21:0 27244
27243 46045 21:0 27243
27243 609 21:0 27243
27243 45368 21:0 27244
27243 45203 21:0 27244
27243 45402 21:0 27244
27243 45130 21:0 27244
27243 45316 21:0 27244
27243 615 1:0 27254
27243 617 1:0 27256
27243 619 1:0 27256
27243 621 1:0 27256
27243 327 21:0 27258
27257 46046 21:0 27257
27257 607 21:0 27257
27257 45847 21:0 27299
27257 623 1:0 27306
27298 45815 21:0 27310
27309 45395 21:0 27310
27309 45586 21:0 27310
27309 627 1:0 27311
27309 45283 21:0 27315
27314 46076 21:0 27314
27314 45461 21:0 27315
27314 45131 21:0 27315
27314 45276 21:0 27315
27314 45289 21:0 27315
27314 625 1:0 27316
27314 45337 21:0 27320
27319 627 21:0 27319
27319 46078 21:0 27319
27319 45481 21:0 27320
27319 45682 21:0 27320
27319 633 1:0 27330
27319 639 1:0 27332
27319 637 1:0 27332
27319 635 1:0 27332
27319 515 21:0 27370
27333 641 1:0 27382
27369 46079 21:0 27369
27369 625 21:0 27369
27369 571 21:0 27386
27385 623 21:0 27386
27385 645 1:0 27387
27385 605 21:0 27391
27390 641 21:0 27390
27390 46109 21:0 27390
27390 643 1:0 27392
27390 589 21:0 27396
27395 645 21:0 27395
27395 46111 21:0 27395
27395 46110 21:0 27395
27395 46043 21:0 27396
27395 651 1:0 27406
27395 653 1:0 27408
27395 657 1:0 27408
27395 655 1:0 27408
27395 45944 21:0 27446
27409 659 1:0 27458
27445 46112 21:0 27445
27445 643 21:0 27445
27445 45302 21:0 27451
27450 45436 21:0 27458
27457 45204 21:0 27462
27461 45388 21:0 27462
27461 45465 21:0 27462
27461 45573 21:0 27462
27461 45606 21:0 27462
27461 663 1:0 27463
27461 45468 21:0 27467
27466 46142 21:0 27466
27466 659 21:0 27466
27466 45282 21:0 27467
27466 45329 21:0 27467
27466 45718 21:0 27467
27466 45678 21:0 27467
27466 661 1:0 27468
27466 165 21:0 27472
27471 46144 21:0 27471
27471 663 21:0 27471
27471 46143 21:0 27471
27471 243 21:0 27472
27471 45243 21:0 27472
27471 45348 21:0 27472
27471 45533 21:0 27472
27471 45672 21:0 27472
27471 669 1:0 27482
27471 673 1:0 27484
27471 671 1:0 27484
27471 675 1:0 27484
27471 45111 21:0 27486
27485 46145 21:0 27485
27485 661 21:0 27485
27485 45480 21:0 27486
27485 45659 21:0 27522
27485 677 1:0 27534
27521 207 21:0 27527
27526 45322 21:0 27527
27526 45349 21:0 27538
27537 45118 21:0 27538
27537 45432 21:0 27538
27537 45415 21:0 27538
27537 45831 21:0 27538
27537 681 1:0 27539
27537 45493 21:0 27543
27542 677 21:0 27542
27542 46175 21:0 27542
27542 45474 21:0 27543
27542 45454 21:0 27543
27542 45632 21:0 27543
27542 45526 21:0 27543
27542 679 1:0 27544
27542 45757 21:0 27545
27544 45527 21:0 27548
27547 45613 21:0 27548
27547 291 21:0 27548
27547 219 21:0 27548
27547 45597 21:0 27548
27547 687 1:0 27558
27547 689 1:0 27560
27547 693 1:0 27560
27547 691 1:0 27560
27547 387 21:0 27562
27561 477 21:0 27562
27561 45190 21:0 27598
27561 695 1:0 27610
27597 45408 21:0 27603
27602 45303 21:0 27603
27602 45514 21:0 27614
27613 45237 21:0 27614
27613 45929 21:0 27614
27613 45249 21:0 27614
27613 45732 21:0 27614
27613 699 1:0 27615
27613 45072 21:0 27619
27618 441 21:0 27619
27618 525 21:0 27619
27618 45421 21:0 27619
27618 45535 21:0 27619
27618 459 21:0 27619
27618 697 1:0 27620
27618 45758 21:0 27624
27623 45997 21:0 27624
27623 45864 21:0 27624
27623 45927 21:0 27624
27623 45943 21:0 27624
27623 705 1:0 27634
27623 711 1:0 27636
27623 707 1:0 27636
27623 709 1:0 27636
27623 45949 21:0 27638
27637 45699 21:0 27638
27637 45894 21:0 27674
27637 713 1:0 27686
27673 45698 21:0 27679
27678 45502 21:0 27679
27678 45507 21:0 27690
27689 45771 21:0 27690
27689 46030 21:0 27690
27689 45401 21:0 27690
27689 45196 21:0 27690
27689 717 1:0 27691
27689 45880 21:0 27695
27694 715 1:0 27696
27694 46178 21:0 27700
27699 23 21:0 27700
27699 41 21:0 27700
27699 43 21:0 27700
27699 46044 21:0 27700
27699 25 21:0 27700
27699 725 1:0 27711
27699 46059 21:0 27715
27714 45272 21:0 27715
27714 61 21:0 27715
27714 59 21:0 27715
27714 45239 21:0 27715
27714 45074 21:0 27715
27714 45206 21:0 27715
27714 77 21:0 27715
27714 45305 21:0 27720
27720 46254 21:0 27727
27726 79 21:0 27727
27726 95 21:0 27730
27729 45041 21:0 27730
27729 45569 21:0 27730
27729 45338 21:0 27730
27729 45536 21:0 27730
27729 113 21:0 27730
27729 115 21:0 27730
27729 97 21:0 27730
27729 35369 1:0 27731
27733 35369 21:0 27753
27752 725 21:0 27753
27752 46013 21:0 27753
27752 46077 21:0 27756
27755 45733 21:0 27756
27755 45394 21:0 27756
27755 35385 1:0 27757
27755 45564 21:0 27759
27758 45107 21:0 27759
27758 45470 21:0 27759
27759 35385 21:0 27764
27763 46077 1:0 27765
27763 715 21:0 27767
27766 131 21:0 27767
27766 149 21:0 27767
27766 151 21:0 27767
27766 46026 21:0 27767
27766 133 21:0 27767
27766 45667 21:0 27767
27766 45823 21:0 27767
27766 35389 1:0 27768
27766 169 21:0 27768
27767 44975 21:0 27770
27769 45140 21:0 27770
27769 45437 21:0 27770
27769 45008 21:0 27770
27769 45173 21:0 27770
27769 45404 21:0 27770
27770 35389 21:0 27773
27772 46013 1:0 27774
27772 717 21:0 27776
27775 259 21:0 27776
27775 257 21:0 27776
27775 239 21:0 27776
27775 167 21:0 27776
27775 221 21:0 27776
27775 46092 21:0 27776
27775 223 21:0 27776
27775 205 21:0 27776
27775 203 21:0 27776
27775 241 21:0 27776
27775 46002 21:0 27776
27775 185 21:0 27776
27775 187 21:0 27776
27775 35392 1:0 27778
27775 277 21:0 27780
27775 46044 1:0 27802
27780 35392 21:0 27839
27803 35410 1:0 27805
27838 35419 1:0 27840
27838 713 21:0 27862
27847 35421 1:0 27850
27857 35424 1:0 27860
27861 45602 21:0 27862
27862 35424 21:0 27884
27883 711 21:0 27884
27883 35410 21:0 27884
27883 705 21:0 27884
27883 35419 21:0 27884
27883 35421 21:0 27884
27883 707 21:0 27884
27883 709 21:0 27884
27883 313 21:0 27884
27883 311 21:0 27884
27883 295 21:0 27884
27883 293 21:0 27884
27883 275 21:0 27884
27883 46178 1:0 27885
27883 331 21:0 27887
27886 329 21:0 27887
27886 45734 21:0 27887
27886 45767 21:0 27887
27886 45701 21:0 27887
27886 45668 21:0 27887
27886 45503 21:0 27887
27886 401 21:0 27887
27886 45635 21:0 27887
27886 46154 21:0 27887
27886 46158 21:0 27887
27886 693 21:0 27887
27886 385 21:0 27887
27886 45371 21:0 27887
27886 45909 21:0 27887
27886 367 21:0 27887
27886 365 21:0 27887
27886 383 21:0 27887
27886 403 21:0 27887
27886 347 21:0 27887
27886 349 21:0 27887
27886 35442 1:0 27888
27886 45800 21:0 27888
27887 45833 21:0 27890
27889 45998 21:0 27890
27889 45899 21:0 27890
27889 45965 21:0 27890
27889 45932 21:0 27890
27889 45866 21:0 27890
27890 35442 21:0 27895
27894 45880 1:0 27896
27894 697 21:0 27898
27897 749 21:0 27898
27897 46097 21:0 27898
27897 46064 21:0 27898
27897 46173 21:0 27898
27897 419 21:0 27898
27897 421 21:0 27898
27897 46031 21:0 27898
27897 46163 21:0 27898
27897 46094 21:0 27898
27897 46009 21:0 27898
27897 439 21:0 27898
27897 437 21:0 27898
27897 46130 21:0 27898
27897 35446 1:0 27899
27897 46196 21:0 27900
27901 35446 21:0 27904
27903 45944 1:0 27905
27903 693 1:0 27905
27903 699 21:0 27907
27906 363 21:0 27907
27906 457 21:0 27907
27906 455 21:0 27907
27906 475 21:0 27907
27906 297 21:0 27907
27906 46141 21:0 27907
27906 35449 1:0 27909
27906 473 21:0 27911
27906 46043 1:0 27933
27911 35449 21:0 27970
27934 35467 1:0 27936
27937 46196 1:0 27939
27944 749 1:0 27950
27969 35476 1:0 27971
27969 695 21:0 27992
27978 35478 1:0 27981
27985 297 1:0 27987
27988 35481 1:0 27991
27993 35481 21:0 28015
28014 511 21:0 28015
28014 689 21:0 28015
28014 693 21:0 28015
28014 493 21:0 28015
28014 691 21:0 28015
28014 35476 21:0 28015
28014 491 21:0 28015
28014 687 21:0 28015
28014 509 21:0 28015
28014 527 21:0 28015
28014 35478 21:0 28015
28014 35467 21:0 28015
28014 363 1:0 28016
28014 589 1:0 28016
28014 529 21:0 28018
28017 637 21:0 28018
28017 547 21:0 28018
28017 671 21:0 28018
28017 673 21:0 28018
28017 749 21:0 28018
28017 563 21:0 28018
28017 545 21:0 28018
28017 565 21:0 28018
28017 601 21:0 28018
28017 655 21:0 28018
28017 617 21:0 28018
28017 619 21:0 28018
28017 581 21:0 28018
28017 653 21:0 28018
28017 599 21:0 28018
28017 583 21:0 28018
28017 635 21:0 28018
28017 35499 1:0 28019
28017 46141 1:0 28024
28021 35499 21:0 28026
28025 605 1:0 28027
28025 46173 1:0 28027
28025 679 21:0 28029
28028 35503 1:0 28030
28028 46158 1:0 28033
28032 46175 1:0 28032
28032 35503 21:0 28035
28034 623 1:0 28036
28034 46154 1:0 28036
28034 681 21:0 28038
28035 677 1:0 28035
28037 35506 1:0 28040
28037 571 1:0 28064
28042 35506 21:0 28101
28065 35524 1:0 28067
28068 46163 1:0 28070
28075 749 1:0 28081
28097 673 1:0 28098
28100 35533 1:0 28102
28100 677 21:0 28124
28106 671 1:0 28107
28109 35535 1:0 28112
28116 46009 1:0 28118
28119 35538 1:0 28122
28121 46145 1:0 28121
28124 35538 21:0 28146
28145 749 21:0 28146
28145 673 21:0 28146
28145 35535 21:0 28146
28145 669 21:0 28146
28145 35524 21:0 28146
28145 675 21:0 28146
28145 671 21:0 28146
28145 35533 21:0 28146
28145 46094 1:0 28147
28145 515 1:0 28147
28146 661 1:0 28146
28148 35556 1:0 28150
28148 45909 1:0 28155
28149 46144 1:0 28149
28149 46143 1:0 28149
28152 35556 21:0 28157
28156 46002 1:0 28158
28156 45682 1:0 28158
28156 661 21:0 28160
28157 663 1:0 28157
28159 35560 1:0 28161
28159 46092 1:0 28164
28163 46142 1:0 28163
28163 35560 21:0 28166
28165 45667 1:0 28167
28165 45815 1:0 28167
28165 663 21:0 28169
28166 659 1:0 28166
28168 35563 1:0 28171
28168 45847 1:0 28195
28173 35563 21:0 28232
28196 35581 1:0 28198
28199 46130 1:0 28201
28206 749 1:0 28212
28228 655 1:0 28229
28231 35590 1:0 28233
28231 659 21:0 28255
28237 653 1:0 28238
28240 35592 1:0 28243
28247 46026 1:0 28249
28250 35595 1:0 28253
28252 46112 1:0 28252
28255 35595 21:0 28277
28276 35590 21:0 28277
28276 655 21:0 28277
28276 35592 21:0 28277
28276 653 21:0 28277
28276 749 21:0 28277
28276 35581 21:0 28277
28276 657 21:0 28277
28276 651 21:0 28277
28276 45823 1:0 28278
28276 45716 1:0 28278
28277 643 1:0 28277
28279 35613 1:0 28281
28279 45564 1:0 28286
28280 46111 1:0 28280
28280 46110 1:0 28280
28283 35613 21:0 28288
28287 45394 1:0 28289
28287 479 1:0 28289
28287 643 21:0 28291
28288 645 1:0 28288
28290 35617 1:0 28292
28290 45733 1:0 28295
28294 46109 1:0 28294
28294 35617 21:0 28297
28296 445 1:0 28298
28296 46059 1:0 28298
28296 645 21:0 28300
28297 641 1:0 28297
28299 35620 1:0 28302
28299 501 1:0 28326
28304 35620 21:0 28363
28327 35638 1:0 28329
28330 46097 1:0 28332
28337 749 1:0 28343
28359 637 1:0 28360
28362 35647 1:0 28364
28362 641 21:0 28386
28368 635 1:0 28369
28371 35649 1:0 28374
28378 45771 1:0 28380
28381 35652 1:0 28384
28383 46079 1:0 28383
28386 35652 21:0 28408
28407 635 21:0 28408
28407 749 21:0 28408
28407 35649 21:0 28408
28407 35638 21:0 28408
28407 639 21:0 28408
28407 633 21:0 28408
28407 35647 21:0 28408
28407 637 21:0 28408
28407 46030 1:0 28409
28407 463 1:0 28409
28408 625 1:0 28408
28410 35670 1:0 28412
28410 45401 1:0 28417
28411 46078 1:0 28411
28414 35670 21:0 28419
28418 45813 1:0 28420
28418 45196 1:0 28420
28418 625 21:0 28422
28419 627 1:0 28419
28421 35674 1:0 28423
28421 45507 1:0 28426
28425 46076 1:0 28425
28425 35674 21:0 28428
28427 461 1:0 28429
28427 45502 1:0 28429
28427 627 21:0 28431
28430 35677 1:0 28433
28430 339 1:0 28457
28435 35677 21:0 28494
28458 35695 1:0 28460
28461 46064 1:0 28463
28468 749 1:0 28474
28490 619 1:0 28491
28493 35704 1:0 28495
28493 623 21:0 28517
28499 617 1:0 28500
28502 35706 1:0 28505
28509 45698 1:0 28511
28512 35709 1:0 28515
28514 46046 1:0 28514
28517 35709 21:0 28539
28538 35695 21:0 28539
28538 615 21:0 28539
28538 621 21:0 28539
28538 749 21:0 28539
28538 35704 21:0 28539
28538 619 21:0 28539
28538 35706 21:0 28539
28538 617 21:0 28539
28538 497 1:0 28540
28538 45894 1:0 28540
28539 607 1:0 28539
28541 35727 1:0 28543
28541 45699 1:0 28548
28542 46045 1:0 28542
28545 35727 21:0 28550
28549 45848 1:0 28551
28549 45949 1:0 28551
28549 607 21:0 28553
28550 609 1:0 28550
28552 35731 1:0 28554
28552 45943 1:0 28557
28556 35731 21:0 28559
28558 45780 1:0 28560
28558 601 1:0 28560
28558 45997 1:0 28560
28558 35761 1:0 28560
28558 609 21:0 28562
28561 35734 1:0 28564
28561 443 1:0 28588
28566 35734 21:0 28625
28586 749 1:0 28588
28586 46031 1:0 28588
28589 35752 1:0 28591
28589 45864 1:0 28639
28624 605 21:0 28648
28630 599 1:0 28631
28633 35763 1:0 28636
28640 45927 1:0 28642
28643 35766 1:0 28646
28648 35766 21:0 28670
28669 35763 21:0 28670
28669 599 21:0 28670
28669 35752 21:0 28670
28669 603 21:0 28670
28669 597 21:0 28670
28669 601 21:0 28670
28669 35761 21:0 28670
28669 749 21:0 28670
28669 45758 1:0 28671
28669 447 1:0 28671
28672 35784 1:0 28674
28672 441 1:0 28679
28673 46011 1:0 28673
28673 46012 1:0 28673
28676 35784 21:0 28681
28680 429 1:0 28682
28680 525 1:0 28682
28680 589 21:0 28684
28681 591 1:0 28681
28683 35788 1:0 28685
28683 45421 1:0 28688
28687 46010 1:0 28687
28687 35788 21:0 28690
28689 465 1:0 28691
28689 459 1:0 28691
28689 591 21:0 28693
28690 587 1:0 28690
28692 35791 1:0 28695
28692 45072 1:0 28716
28692 45535 1:0 28716
28697 35791 21:0 28756
28717 35809 1:0 28719
28720 583 1:0 28722
28720 581 1:0 28722
28720 35823 1:0 28760
28723 45998 1:0 28725
28730 749 1:0 28736
28752 35818 1:0 28754
28755 35820 1:0 28760
28755 587 21:0 28779
28761 45714 1:0 28799
28779 35823 21:0 28801
28798 45980 1:0 28798
28800 35809 21:0 28801
28800 583 21:0 28801
28800 749 21:0 28801
28800 35820 21:0 28801
28800 585 21:0 28801
28800 579 21:0 28801
28800 581 21:0 28801
28800 35818 21:0 28801
28800 45483 1:0 28802
28800 45237 1:0 28802
28803 35841 1:0 28805
28803 45732 1:0 28810
28804 45979 1:0 28804
28804 45978 1:0 28804
28807 35841 21:0 28812
28811 45746 1:0 28813
28811 45249 1:0 28813
28811 571 21:0 28815
28812 573 1:0 28812
28814 35845 1:0 28816
28814 45929 1:0 28819
28818 45977 1:0 28818
28818 35845 21:0 28821
28820 563 1:0 28822
28820 45417 1:0 28822
28820 45514 1:0 28822
28820 35877 1:0 28822
28820 565 1:0 28822
28820 35875 1:0 28822
28820 573 21:0 28824
28821 569 1:0 28821
28823 35848 1:0 28826
28823 35866 1:0 28837
28823 35880 1:0 28837
28828 35848 21:0 28887
28834 749 1:0 28835
28836 45965 1:0 28837
28838 45550 1:0 28891
28886 569 21:0 28910
28892 45747 1:0 28930
28910 35880 21:0 28932
28929 45947 1:0 28929
28931 567 21:0 28932
28931 563 21:0 28932
28931 749 21:0 28932
28931 35875 21:0 28932
28931 561 21:0 28932
28931 35866 21:0 28932
28931 35877 21:0 28932
28931 565 21:0 28932
28931 45713 1:0 28933
28931 45303 1:0 28933
28932 553 1:0 28932
28934 35898 1:0 28936
28934 45408 1:0 28941
28935 45946 1:0 28935
28935 45945 1:0 28935
28938 35898 21:0 28943
28942 45548 1:0 28944
28942 45190 1:0 28944
28942 553 21:0 28946
28943 555 1:0 28943
28945 35902 1:0 28947
28945 477 1:0 28950
28949 35902 21:0 28952
28951 387 1:0 28953
28951 35932 1:0 28953
28951 35934 1:0 28953
28951 45748 1:0 28953
28951 545 1:0 28953
28951 547 1:0 28953
28951 555 21:0 28955
28952 551 1:0 28952
28954 35905 1:0 28957
28954 35937 1:0 28968
28954 35923 1:0 28968
28959 35905 21:0 29018
28965 749 1:0 28966
28967 45932 1:0 28968
28969 45681 1:0 29022
29017 551 21:0 29041
29023 373 1:0 29061
29041 35937 21:0 29063
29060 45914 1:0 29060
29062 549 21:0 29063
29062 547 21:0 29063
29062 543 21:0 29063
29062 35923 21:0 29063
29062 35934 21:0 29063
29062 35932 21:0 29063
29062 749 21:0 29063
29062 545 21:0 29063
29062 427 1:0 29064
29062 219 1:0 29064
29063 535 1:0 29063
29065 35955 1:0 29067
29065 45597 1:0 29072
29066 45912 1:0 29066
29066 45913 1:0 29066
29069 35955 21:0 29074
29073 45617 1:0 29075
29073 291 1:0 29075
29073 535 21:0 29077
29074 537 1:0 29074
29076 35959 1:0 29078
29076 45613 1:0 29081
29080 45911 1:0 29080
29080 35959 21:0 29083
29082 45527 1:0 29084
29082 529 1:0 29084
29082 35991 1:0 29084
29082 527 1:0 29084
29082 35989 1:0 29084
29082 45614 1:0 29084
29082 537 21:0 29086
29083 533 1:0 29083
29085 35962 1:0 29088
29085 35994 1:0 29099
29085 35980 1:0 29099
29090 35962 21:0 29149
29096 749 1:0 29097
29098 45899 1:0 29099
29100 393 1:0 29153
29148 533 21:0 29172
29154 45616 1:0 29192
29172 35994 21:0 29194
29191 45881 1:0 29191
29193 525 21:0 29194
29193 749 21:0 29194
29193 527 21:0 29194
29193 531 21:0 29194
29193 529 21:0 29194
29193 35991 21:0 29194
29193 35980 21:0 29194
29193 35989 21:0 29194
29193 45757 1:0 29195
29193 45582 1:0 29195
29194 517 1:0 29194
29196 36012 1:0 29198
29196 45474 1:0 29203
29197 45879 1:0 29197
29200 36012 21:0 29205
29204 45526 1:0 29206
29204 411 1:0 29206
29204 517 21:0 29208
29205 519 1:0 29205
29207 36016 1:0 29209
29207 45454 1:0 29212
29211 45878 1:0 29211
29211 36016 21:0 29214
29213 511 1:0 29215
29213 45650 1:0 29215
29213 36048 1:0 29215
29213 36046 1:0 29215
29213 509 1:0 29215
29213 45632 1:0 29215
29213 519 21:0 29217
29216 36019 1:0 29219
29216 36051 1:0 29230
29216 36037 1:0 29230
29221 36019 21:0 29280
29227 749 1:0 29228
29229 45866 1:0 29230
29231 321 1:0 29284
29279 515 21:0 29303
29285 45517 1:0 29323
29303 36051 21:0 29325
29324 511 21:0 29325
29324 507 21:0 29325
29324 513 21:0 29325
29324 509 21:0 29325
29324 36048 21:0 29325
29324 36046 21:0 29325
29324 36037 21:0 29325
29324 749 21:0 29325
29324 45493 1:0 29326
29324 409 1:0 29326
29325 499 1:0 29325
29327 36069 1:0 29329
29327 45432 1:0 29334
29328 45846 1:0 29328
29331 36069 21:0 29336
29335 45831 1:0 29337
29335 45583 1:0 29337
29335 499 21:0 29339
29338 36073 1:0 29340
29338 45415 1:0 29343
29342 45845 1:0 29342
29342 36073 21:0 29345
29344 391 1:0 29346
29344 491 1:0 29346
29344 36105 1:0 29346
29344 36103 1:0 29346
29344 493 1:0 29346
29344 45118 1:0 29346
29344 501 21:0 29348
29347 36076 1:0 29350
29347 36094 1:0 29361
29347 36108 1:0 29361
29352 36076 21:0 29411
29358 749 1:0 29359
29360 45833 1:0 29361
29362 231 1:0 29415
29410 497 21:0 29434
29416 45615 1:0 29454
29434 36108 21:0 29456
29455 489 21:0 29456
29455 495 21:0 29456
29455 36105 21:0 29456
29455 36094 21:0 29456
29455 749 21:0 29456
29455 493 21:0 29456
29455 36103 21:0 29456
29455 491 21:0 29456
29455 375 1:0 29457
29455 45349 1:0 29457
29456 481 1:0 29456
29458 36126 1:0 29460
29458 45322 1:0 29465
29459 45814 1:0 29459
29462 36126 21:0 29467
29466 371 1:0 29468
29466 207 1:0 29468
29466 481 21:0 29470
29467 483 1:0 29467
29469 36130 1:0 29471
29469 45659 1:0 29474
29473 45812 1:0 29473
29473 36130 21:0 29476
29475 36160 1:0 29477
29475 475 1:0 29477
29475 36162 1:0 29477
29475 45480 1:0 29477
29475 45647 1:0 29477
29475 473 1:0 29477
29475 483 21:0 29479
29478 36133 1:0 29481
29478 36165 1:0 29493
29478 36151 1:0 29493
29483 36133 21:0 29542
29489 749 1:0 29490
29491 45800 1:0 29493
29494 45551 1:0 29546
29541 479 21:0 29565
29547 389 1:0 29585
29564 36151 21:0 29587
29584 45782 1:0 29584
29586 475 21:0 29587
29586 36160 21:0 29587
29586 36162 21:0 29587
29586 36165 21:0 29587
29586 471 21:0 29587
29586 477 21:0 29587
29586 749 21:0 29587
29586 473 21:0 29587
29586 45111 1:0 29588
29586 353 1:0 29588
29589 36183 1:0 29591
29589 243 1:0 29596
29590 45781 1:0 29590
29593 36183 21:0 29598
29597 45243 1:0 29599
29597 45353 1:0 29599
29597 463 21:0 29601
29600 36187 1:0 29602
29600 45533 1:0 29605
29604 45779 1:0 29604
29604 36187 21:0 29607
29606 45518 1:0 29608
29606 36217 1:0 29608
29606 45672 1:0 29608
29606 455 1:0 29608
29606 457 1:0 29608
29606 36219 1:0 29608
29606 465 21:0 29610
29609 36190 1:0 29612
29609 36208 1:0 29626
29609 36222 1:0 29626
29614 36190 21:0 29673
29620 749 1:0 29621
29622 45767 1:0 29626
29627 337 1:0 29677
29672 461 21:0 29696
29678 45482 1:0 29716
29695 36208 21:0 29718
29715 45749 1:0 29715
29717 459 21:0 29718
29717 749 21:0 29718
29717 36219 21:0 29718
29717 36217 21:0 29718
29717 36222 21:0 29718
29717 453 21:0 29718
29717 457 21:0 29718
29717 455 21:0 29718
29717 45549 1:0 29719
29717 45348 1:0 29719
29720 36240 1:0 29722
29720 165 1:0 29727
29724 36240 21:0 29729
29728 45718 1:0 29730
29728 335 1:0 29730
29728 445 21:0 29732
29731 36244 1:0 29733
29731 45678 1:0 29736
29735 36244 21:0 29738
29737 357 1:0 29739
29737 36276 1:0 29739
29737 45329 1:0 29739
29737 437 1:0 29739
29737 439 1:0 29739
29737 36274 1:0 29739
29737 447 21:0 29741
29740 36247 1:0 29743
29740 36279 1:0 29755
29740 36265 1:0 29755
29742 45744 1:0 29742
29745 36247 21:0 29804
29751 749 1:0 29752
29753 45734 1:0 29755
29754 45725 1:0 29754
29754 45731 1:0 29754
29756 45584 1:0 29808
29803 443 21:0 29827
29807 435 1:0 29807
29809 45581 1:0 29847
29826 36265 21:0 29849
29848 749 21:0 29849
29848 36279 21:0 29849
29848 435 21:0 29849
29848 36276 21:0 29849
29848 36274 21:0 29849
29848 437 21:0 29849
29848 439 21:0 29849
29848 441 21:0 29849
29848 283 1:0 29850
29848 45282 1:0 29850
29851 36297 1:0 29853
29851 45468 1:0 29858
29852 45715 1:0 29852
29855 36297 21:0 29860
29859 45606 1:0 29861
29859 45516 1:0 29861
29859 427 21:0 29863
29862 36301 1:0 29864
29862 45573 1:0 29867
29866 36301 21:0 29869
29868 36331 1:0 29870
29868 36333 1:0 29870
29868 45449 1:0 29870
29868 421 1:0 29870
29868 419 1:0 29870
29868 45388 1:0 29870
29868 429 21:0 29872
29869 425 1:0 29869
29871 36304 1:0 29874
29871 36322 1:0 29886
29871 36336 1:0 29886
29873 45711 1:0 29873
29876 36304 21:0 29935
29882 749 1:0 29883
29884 45701 1:0 29886
29885 45700 1:0 29885
29885 45692 1:0 29885
29885 45696 1:0 29885
29885 423 1:0 29885
29887 45485 1:0 29939
29934 425 21:0 29958
29938 45685 1:0 29938
29938 417 1:0 29938
29940 317 1:0 29978
29957 36322 21:0 29980
29977 45683 1:0 29977
29979 36333 21:0 29980
29979 36331 21:0 29980
29979 36336 21:0 29980
29979 421 21:0 29980
29979 419 21:0 29980
29979 417 21:0 29980
29979 423 21:0 29980
29979 749 21:0 29980
29979 45350 1:0 29981
29979 45465 1:0 29981
29982 36354 1:0 29984
29982 45204 1:0 29989
29986 36354 21:0 29991
29988 45679 1:0 29988
29990 45436 1:0 29992
29990 45450 1:0 29992
29990 409 21:0 29994
29993 36358 1:0 29995
29993 45302 1:0 29998
29997 45680 1:0 29997
29997 36358 21:0 30000
29999 45481 1:0 30001
29999 319 1:0 30001
29999 36390 1:0 30001
29999 401 1:0 30001
29999 36388 1:0 30001
29999 403 1:0 30001
29999 411 21:0 30003
30000 407 1:0 30000
30002 36361 1:0 30005
30002 36379 1:0 30018
30002 36393 1:0 30018
30007 36361 21:0 30066
30013 749 1:0 30014
30015 45668 1:0 30018
30017 45663 1:0 30017
30017 405 1:0 30017
30019 45515 1:0 30070
30065 407 21:0 30089
30069 399 1:0 30069
30069 45652 1:0 30069
30071 45484 1:0 30109
30089 36393 21:0 30111
30110 403 21:0 30111
30110 405 21:0 30111
30110 399 21:0 30111
30110 36388 21:0 30111
30110 36390 21:0 30111
30110 749 21:0 30111
30110 401 21:0 30111
30110 36379 21:0 30111
30110 45416 1:0 30112
30110 45337 1:0 30112
30113 36411 1:0 30115
30113 45276 1:0 30120
30114 45649 1:0 30114
30114 45648 1:0 30114
30117 36411 21:0 30122
30119 45646 1:0 30119
30121 45289 1:0 30123
30121 211 1:0 30123
30121 391 21:0 30125
30124 36415 1:0 30126
30124 45461 1:0 30129
30128 36415 21:0 30131
30130 36445 1:0 30132
30130 385 1:0 30132
30130 383 1:0 30132
30130 301 1:0 30132
30130 45131 1:0 30132
30130 36447 1:0 30132
30130 393 21:0 30134
30133 36418 1:0 30136
30133 36450 1:0 30148
30133 36436 1:0 30148
30135 45639 1:0 30135
30135 45645 1:0 30135
30138 36418 21:0 30197
30144 749 1:0 30145
30146 45635 1:0 30148
30147 45630 1:0 30147
30147 45626 1:0 30147
30147 45634 1:0 30147
30149 303 1:0 30201
30196 389 21:0 30218
30200 45625 1:0 30200
30202 285 1:0 30240
30217 36436 21:0 30242
30241 383 21:0 30242
30241 385 21:0 30242
30241 749 21:0 30242
30241 36450 21:0 30242
30241 36447 21:0 30242
30241 36445 21:0 30242
30241 387 21:0 30242
30241 381 21:0 30242
30241 175 1:0 30243
30241 45283 1:0 30243
30244 36468 1:0 30246
30244 45586 1:0 30251
30248 36468 21:0 30253
30252 45395 1:0 30254
30252 45319 1:0 30254
30252 373 21:0 30256
30255 36472 1:0 30257
30255 327 1:0 30260
30259 36472 21:0 30262
30261 36502 1:0 30263
30261 36504 1:0 30263
30261 281 1:0 30263
30261 367 1:0 30263
30261 45368 1:0 30263
30261 365 1:0 30263
30261 375 21:0 30265
30264 36475 1:0 30267
30264 36507 1:0 30278
30264 36493 1:0 30278
30266 45612 1:0 30266
30269 36475 21:0 30328
30275 749 1:0 30276
30277 45601 1:0 30277
30277 369 1:0 30277
30277 45602 1:0 30278
30279 45419 1:0 30332
30327 371 21:0 30351
30331 45592 1:0 30331
30333 45452 1:0 30371
30351 36507 21:0 30373
30372 363 21:0 30373
30372 36502 21:0 30373
30372 36504 21:0 30373
30372 749 21:0 30373
30372 36493 21:0 30373
30372 365 21:0 30373
30372 367 21:0 30373
30372 369 21:0 30373
30372 299 1:0 30374
30372 45203 1:0 30374
30373 355 1:0 30373
30375 36525 1:0 30377
30375 45130 1:0 30382
30379 36525 21:0 30384
30381 45580 1:0 30381
30383 45316 1:0 30385
30383 45451 1:0 30385
30383 355 21:0 30387
30386 36529 1:0 30388
30386 45402 1:0 30391
30390 36529 21:0 30393
30392 45534 1:0 30394
30392 265 1:0 30394
30392 36559 1:0 30394
30392 347 1:0 30394
30392 349 1:0 30394
30392 36561 1:0 30394
30392 357 21:0 30396
30395 36532 1:0 30398
30395 36550 1:0 30408
30395 36564 1:0 30408
30397 45579 1:0 30397
30400 36532 21:0 30459
30406 749 1:0 30408
30407 45567 1:0 30407
30407 45560 1:0 30407
30407 351 1:0 30407
30407 45566 1:0 30407
30407 45568 1:0 30407
30408 45569 1:0 30408
30409 247 1:0 30463
30458 353 21:0 30482
30462 45559 1:0 30462
30462 345 1:0 30462
30462 45553 1:0 30462
30464 45386 1:0 30502
30481 36550 21:0 30504
30503 749 21:0 30504
30503 36564 21:0 30504
30503 349 21:0 30504
30503 347 21:0 30504
30503 36559 21:0 30504
30503 36561 21:0 30504
30503 345 21:0 30504
30503 351 21:0 30504
30503 45006 1:0 30505
30503 249 1:0 30505
30506 36582 1:0 30508
30506 45342 1:0 30513
30510 36582 21:0 30515
30512 45547 1:0 30512
30514 263 1:0 30516
30514 45230 1:0 30516
30514 337 21:0 30518
30517 36586 1:0 30519
30517 45375 1:0 30522
30521 36586 21:0 30524
30523 329 1:0 30525
30523 45418 1:0 30525
30523 36616 1:0 30525
30523 36618 1:0 30525
30523 45073 1:0 30525
30523 331 1:0 30525
30523 339 21:0 30527
30526 36589 1:0 30529
30526 36621 1:0 30542
30526 36607 1:0 30542
30528 45540 1:0 30528
30528 45546 1:0 30528
30531 36589 21:0 30590
30537 749 1:0 30538
30539 45536 1:0 30542
30541 333 1:0 30541
30541 45531 1:0 30541
30543 245 1:0 30594
30589 335 21:0 30613
30595 45385 1:0 30633
30612 36607 21:0 30635
30634 36616 21:0 30635
30634 749 21:0 30635
30634 329 21:0 30635
30634 331 21:0 30635
30634 36618 21:0 30635
30634 36621 21:0 30635
30634 327 21:0 30635
30634 333 21:0 30635
30634 45441 1:0 30636
30634 267 1:0 30636
30637 36639 1:0 30639
30637 45216 1:0 30644
30641 36639 21:0 30646
30645 45366 1:0 30647
30645 45351 1:0 30647
30645 319 21:0 30649
30648 36643 1:0 30650
30648 111 1:0 30653
30652 36643 21:0 30655
30654 36675 1:0 30656
30654 45370 1:0 30656
30654 311 1:0 30656
30654 45384 1:0 30656
30654 313 1:0 30656
30654 36673 1:0 30656
30654 321 21:0 30658
30657 36646 1:0 30660
30657 36664 1:0 30671
30657 36678 1:0 30671
30659 45513 1:0 30659
30662 36646 21:0 30721
30668 749 1:0 30669
30670 45501 1:0 30670
30670 45494 1:0 30670
30670 45498 1:0 30670
30670 315 1:0 30670
30670 45500 1:0 30670
30670 45503 1:0 30671
30672 45352 1:0 30725
30720 317 21:0 30744
30724 45487 1:0 30724
30724 309 1:0 30724
30726 45383 1:0 30764
30744 36678 21:0 30766
30765 313 21:0 30766
30765 309 21:0 30766
30765 315 21:0 30766
30765 36673 21:0 30766
30765 36675 21:0 30766
30765 311 21:0 30766
30765 749 21:0 30766
30765 36664 21:0 30766
30765 229 1:0 30767
30765 45238 1:0 30767
30768 36696 1:0 30770
30768 45267 1:0 30775
30772 36696 21:0 30777
30776 255 1:0 30778
30776 209 1:0 30778
30776 301 21:0 30780
30779 36700 1:0 30781
30779 45399 1:0 30784
30783 36700 21:0 30786
30785 295 1:0 30787
30785 45229 1:0 30787
30785 227 1:0 30787
30785 293 1:0 30787
30785 36730 1:0 30787
30785 36732 1:0 30787
30785 303 21:0 30789
30788 36703 1:0 30791
30788 36735 1:0 30802
30788 36721 1:0 30802
30793 36703 21:0 30852
30799 749 1:0 30800
30801 45469 1:0 30801
30801 45467 1:0 30801
30801 45470 1:0 30802
30803 45287 1:0 30856
30851 299 21:0 30875
30855 45460 1:0 30855
30857 45320 1:0 30895
30874 36721 21:0 30897
30896 36735 21:0 30897
30896 295 21:0 30897
30896 36730 21:0 30897
30896 36732 21:0 30897
30896 291 21:0 30897
30896 297 21:0 30897
30896 749 21:0 30897
30896 293 21:0 30897
30896 44999 1:0 30898
30896 45318 1:0 30898
30899 36753 1:0 30901
30899 45250 1:0 30906
30903 36753 21:0 30908
30905 45448 1:0 30905
30907 45362 1:0 30909
30907 45317 1:0 30909
30907 283 21:0 30911
30910 36757 1:0 30912
30910 81 1:0 30915
30914 36757 21:0 30917
30916 45328 1:0 30918
30916 45253 1:0 30918
30916 36789 1:0 30918
30916 36787 1:0 30918
30916 277 1:0 30918
30916 275 1:0 30918
30916 285 21:0 30920
30919 36760 1:0 30922
30919 36778 1:0 30933
30919 36792 1:0 30933
30921 45447 1:0 30921
30924 36760 21:0 30983
30930 749 1:0 30931
30932 45434 1:0 30932
30932 45428 1:0 30932
30932 279 1:0 30932
30932 45437 1:0 30933
30934 45254 1:0 30987
30982 281 21:0 31006
30986 273 1:0 30986
30986 45427 1:0 30986
30988 193 1:0 31026
31006 36792 21:0 31028
31027 749 21:0 31028
31027 275 21:0 31028
31027 277 21:0 31028
31027 36778 21:0 31028
31027 273 21:0 31028
31027 36787 21:0 31028
31027 36789 21:0 31028
31027 279 21:0 31028
31027 44946 1:0 31029
31027 213 1:0 31029
31030 36810 1:0 31032
31030 45184 1:0 31037
31034 36810 21:0 31039
31038 173 1:0 31040
31038 225 1:0 31040
31038 265 21:0 31042
31041 36814 1:0 31043
31041 189 1:0 31046
31045 36814 21:0 31048
31047 259 1:0 31049
31047 177 1:0 31049
31047 257 1:0 31049
31047 45210 1:0 31049
31047 36844 1:0 31049
31047 36846 1:0 31049
31047 267 21:0 31051
31050 36817 1:0 31053
31050 36849 1:0 31065
31050 36835 1:0 31065
31052 45414 1:0 31052
31055 36817 21:0 31114
31061 749 1:0 31062
31063 45404 1:0 31065
31064 45403 1:0 31064
31066 191 1:0 31118
31113 263 21:0 31137
31119 45252 1:0 31157
31137 36849 21:0 31159
31158 257 21:0 31159
31158 36835 21:0 31159
31158 255 21:0 31159
31158 261 21:0 31159
31158 36844 21:0 31159
31158 36846 21:0 31159
31158 749 21:0 31159
31158 259 21:0 31159
31158 45355 1:0 31160
31158 195 1:0 31160
31161 36867 1:0 31163
31161 45197 1:0 31168
31165 36867 21:0 31170
31167 45382 1:0 31167
31169 45144 1:0 31171
31169 45285 1:0 31171
31169 247 21:0 31173
31172 36871 1:0 31174
31172 45071 1:0 31177
31176 36871 21:0 31179
31178 45185 1:0 31180
31178 239 1:0 31180
31178 241 1:0 31180
31178 36901 1:0 31180
31178 183 1:0 31180
31178 36903 1:0 31180
31178 249 21:0 31182
31181 36874 1:0 31184
31181 36906 1:0 31195
31181 36892 1:0 31195
31183 45381 1:0 31183
31186 36874 21:0 31245
31192 749 1:0 31193
31194 45369 1:0 31194
31194 45371 1:0 31195
31196 45284 1:0 31249
31244 245 21:0 31268
31248 237 1:0 31248
31248 45361 1:0 31248
31250 45286 1:0 31288
31268 36906 21:0 31290
31289 749 21:0 31290
31289 36903 21:0 31290
31289 237 21:0 31290
31289 243 21:0 31290
31289 241 21:0 31290
31289 239 21:0 31290
31289 36892 21:0 31290
31289 36901 21:0 31290
31289 45269 1:0 31291
31289 45251 1:0 31291
31292 36924 1:0 31294
31292 45064 1:0 31299
31296 36924 21:0 31301
31300 75 1:0 31302
31300 157 1:0 31302
31300 229 21:0 31304
31303 36928 1:0 31305
31303 45304 1:0 31308
31307 36928 21:0 31310
31309 45315 1:0 31311
31309 45220 1:0 31311
31309 223 1:0 31311
31309 221 1:0 31311
31309 36958 1:0 31311
31309 36960 1:0 31311
31309 231 21:0 31313
31312 36931 1:0 31315
31312 36949 1:0 31329
31312 36963 1:0 31329
31317 36931 21:0 31376
31323 749 1:0 31324
31325 45338 1:0 31329
31328 45335 1:0 31328
31328 45333 1:0 31328
31328 45336 1:0 31328
31330 45218 1:0 31380
31375 227 21:0 31397
31381 141 1:0 31419
31396 36949 21:0 31421
31420 36958 21:0 31421
31420 219 21:0 31421
31420 36960 21:0 31421
31420 749 21:0 31421
31420 225 21:0 31421
31420 223 21:0 31421
31420 36963 21:0 31421
31420 221 21:0 31421
31420 45172 1:0 31422
31420 45188 1:0 31422
31423 36981 1:0 31425
31423 45012 1:0 31430
31427 36981 21:0 31432
31431 45187 1:0 31433
31431 45234 1:0 31433
31431 211 21:0 31435
31434 36985 1:0 31436
31434 99 1:0 31439
31438 36985 21:0 31441
31440 37017 1:0 31442
31440 203 1:0 31442
31440 139 1:0 31442
31440 37015 1:0 31442
31440 135 1:0 31442
31440 205 1:0 31442
31440 213 21:0 31444
31443 36988 1:0 31446
31443 37006 1:0 31460
31443 37020 1:0 31460
31445 45309 1:0 31445
31448 36988 21:0 31507
31454 749 1:0 31455
31456 45305 1:0 31460
31459 45296 1:0 31459
31459 45300 1:0 31459
31461 45186 1:0 31511
31506 37006 21:0 31523
31510 201 1:0 31510
31510 45295 1:0 31510
31512 45221 1:0 31550
31522 207 21:0 31526
31525 203 21:0 31526
31525 749 21:0 31526
31525 205 21:0 31526
31525 37015 21:0 31526
31525 37017 21:0 31526
31530 37020 21:0 31552
31551 209 21:0 31552
31551 45219 1:0 31553
31551 147 1:0 31553
31551 201 21:0 31555
31554 37038 1:0 31556
31554 44986 1:0 31561
31558 37038 21:0 31563
31562 159 1:0 31564
31562 45201 1:0 31564
31562 193 21:0 31566
31565 37042 1:0 31567
31565 45171 1:0 31570
31569 37042 21:0 31572
31571 187 1:0 31573
31571 123 1:0 31573
31571 185 1:0 31573
31571 37074 1:0 31573
31571 37072 1:0 31573
31571 45124 1:0 31573
31571 195 21:0 31575
31574 37045 1:0 31577
31574 37063 1:0 31591
31574 37077 1:0 31591
31579 37045 21:0 31638
31585 749 1:0 31586
31587 45272 1:0 31591
31590 45271 1:0 31590
31590 45263 1:0 31590
31590 45270 1:0 31590
31592 155 1:0 31642
31637 37063 21:0 31654
31641 45262 1:0 31641
31641 45256 1:0 31641
31643 137 1:0 31681
31653 189 21:0 31657
31656 37072 21:0 31657
31656 37074 21:0 31657
31656 185 21:0 31657
31656 749 21:0 31657
31656 187 21:0 31657
31661 37077 21:0 31683
31682 191 21:0 31683
31682 101 1:0 31684
31682 45085 1:0 31684
31682 183 21:0 31686
31685 37095 1:0 31687
31685 45137 1:0 31692
31689 37095 21:0 31694
31693 45097 1:0 31695
31693 45121 1:0 31695
31693 175 21:0 31697
31696 37099 1:0 31698
31696 45177 1:0 31701
31700 37099 21:0 31703
31702 117 1:0 31704
31702 37131 1:0 31704
31702 169 1:0 31704
31702 167 1:0 31704
31702 37129 1:0 31704
31702 45155 1:0 31704
31702 177 21:0 31706
31705 37102 1:0 31708
31705 37134 1:0 31722
31705 37120 1:0 31722
31710 37102 21:0 31769
31716 749 1:0 31717
31718 45239 1:0 31722
31721 45236 1:0 31721
31721 171 1:0 31721
31723 105 1:0 31773
31768 37120 21:0 31785
31772 45223 1:0 31772
31774 45152 1:0 31812
31784 171 21:0 31788
31787 749 21:0 31788
31787 167 21:0 31788
31787 169 21:0 31788
31787 37129 21:0 31788
31787 37131 21:0 31788
31792 37134 21:0 31814
31813 173 21:0 31814
31813 119 1:0 31815
31813 129 1:0 31815
31813 165 21:0 31817
31816 37152 1:0 31818
31816 45091 1:0 31823
31820 37152 21:0 31825
31822 45217 1:0 31822
31824 121 1:0 31826
31824 57 1:0 31826
31824 157 21:0 31828
31827 37156 1:0 31829
31827 45 1:0 31832
31831 37156 21:0 31834
31833 45153 1:0 31835
31833 45102 1:0 31835
31833 37186 1:0 31835
31833 151 1:0 31835
31833 37188 1:0 31835
31833 149 1:0 31835
31833 159 21:0 31837
31836 37159 1:0 31839
31836 37191 1:0 31853
31836 37177 1:0 31853
31841 37159 21:0 31900
31847 749 1:0 31848
31849 45206 1:0 31853
31852 153 1:0 31852
31854 45154 1:0 31904
31899 37177 21:0 31916
31905 45122 1:0 31943
31915 153 21:0 31919
31918 149 21:0 31919
31918 749 21:0 31919
31918 37188 21:0 31919
31918 37186 21:0 31919
31918 151 21:0 31919
31923 37191 21:0 31945
31944 155 21:0 31945
31944 45120 1:0 31946
31944 45170 1:0 31946
31944 147 21:0 31948
31947 37209 1:0 31949
31947 93 1:0 31954
31951 37209 21:0 31956
31955 45003 1:0 31957
31955 103 1:0 31957
31955 139 21:0 31959
31958 37213 1:0 31960
31958 45150 1:0 31963
31962 37213 21:0 31965
31964 37243 1:0 31966
31964 45119 1:0 31966
31964 45005 1:0 31966
31964 133 1:0 31966
31964 131 1:0 31966
31964 37245 1:0 31966
31964 141 21:0 31968
31967 37216 1:0 31970
31967 37234 1:0 31984
31967 37248 1:0 31984
31972 37216 21:0 32031
31978 749 1:0 31979
31980 45173 1:0 31984
31983 45168 1:0 31983
31985 45089 1:0 32035
32030 37234 21:0 32047
32034 45157 1:0 32034
32034 45163 1:0 32034
32036 45086 1:0 32074
32046 135 21:0 32050
32049 749 21:0 32050
32049 133 21:0 32050
32049 37245 21:0 32050
32049 37243 21:0 32050
32049 131 21:0 32050
32054 37248 21:0 32076
32075 137 21:0 32076
32075 44992 1:0 32077
32075 83 1:0 32077
32075 129 21:0 32079
32078 37266 1:0 32080
32078 45039 1:0 32085
32082 37266 21:0 32087
32084 45151 1:0 32084
32086 85 1:0 32088
32086 45117 1:0 32088
32086 121 21:0 32090
32089 37270 1:0 32091
32089 45106 1:0 32094
32093 37270 21:0 32096
32095 37300 1:0 32097
32095 37302 1:0 32097
32095 45087 1:0 32097
32095 45038 1:0 32097
32095 115 1:0 32097
32095 113 1:0 32097
32095 123 21:0 32099
32098 37273 1:0 32101
32098 37305 1:0 32115
32098 37291 1:0 32115
32103 37273 21:0 32162
32109 749 1:0 32110
32111 45140 1:0 32115
32114 45135 1:0 32114
32114 45139 1:0 32114
32114 45138 1:0 32114
32116 45088 1:0 32166
32161 37291 21:0 32178
32167 87 1:0 32205
32177 117 21:0 32181
32180 115 21:0 32181
32180 113 21:0 32181
32180 37300 21:0 32181
32180 37302 21:0 32181
32180 749 21:0 32181
32185 37305 21:0 32207
32206 119 21:0 32207
32206 69 1:0 32208
32206 45045 1:0 32208
32206 111 21:0 32210
32209 37323 1:0 32211
32209 45065 1:0 32216
32213 37323 21:0 32218
32217 45098 1:0 32219
32217 45055 1:0 32219
32217 103 21:0 32221
32220 37327 1:0 32222
32220 44966 1:0 32225
32224 37327 21:0 32227
32226 45054 1:0 32228
32226 45078 1:0 32228
32226 97 1:0 32228
32226 95 1:0 32228
32226 37359 1:0 32228
32226 37357 1:0 32228
32226 105 21:0 32230
32229 37330 1:0 32232
32229 37348 1:0 32245
32229 37362 1:0 32245
32234 37330 21:0 32293
32240 749 1:0 32241
32242 45107 1:0 32245
32244 45105 1:0 32244
32246 67 1:0 32297
32292 37348 21:0 32309
32298 45053 1:0 32336
32308 37359 21:0 32309
32308 37357 21:0 32309
32308 99 21:0 32312
32311 95 21:0 32312
32311 749 21:0 32312
32311 97 21:0 32312
32316 37362 21:0 32338
32337 101 21:0 32338
32337 45018 1:0 32339
32337 45056 1:0 32339
32337 93 21:0 32341
32340 37380 1:0 32342
32340 45019 1:0 32347
32344 37380 21:0 32349
32348 45025 1:0 32350
32348 65 1:0 32350
32348 85 21:0 32352
32351 37384 1:0 32353
32351 44974 1:0 32356
32355 37384 21:0 32358
32357 37414 1:0 32359
32357 37416 1:0 32359
32357 77 1:0 32359
32357 44998 1:0 32359
32357 79 1:0 32359
32357 45022 1:0 32359
32357 87 21:0 32361
32360 37387 1:0 32363
32360 37405 1:0 32377
32360 37419 1:0 32377
32362 45084 1:0 32362
32365 37387 21:0 32424
32371 749 1:0 32372
32373 45074 1:0 32377
32376 45069 1:0 32376
32378 45021 1:0 32428
32423 37405 21:0 32440
32427 45058 1:0 32427
32429 51 1:0 32467
32439 37416 21:0 32440
32439 37414 21:0 32440
32439 81 21:0 32443
32442 749 21:0 32443
32442 77 21:0 32443
32442 79 21:0 32443
32447 37419 21:0 32469
32468 83 21:0 32469
32468 45051 1:0 32470
32468 49 1:0 32470
32468 75 21:0 32472
32471 37437 1:0 32473
32471 45040 1:0 32478
32475 37437 21:0 32480
32477 45052 1:0 32477
32479 45023 1:0 32481
32479 63 1:0 32481
32479 67 21:0 32483
32482 37441 1:0 32484
32482 45036 1:0 32487
32486 37441 21:0 32489
32488 37473 1:0 32490
32488 61 1:0 32490
32488 59 1:0 32490
32488 45031 1:0 32490
32488 44990 1:0 32490
32488 37471 1:0 32490
32488 69 21:0 32492
32491 37444 1:0 32494
32491 37462 1:0 32508
32491 37476 1:0 32508
32496 37444 21:0 32555
32502 749 1:0 32503
32504 45041 1:0 32508
32507 45032 1:0 32507
32509 47 1:0 32559
32554 37462 21:0 32571
32560 45020 1:0 32598
32570 37471 21:0 32571
32570 37473 21:0 32571
32570 63 21:0 32574
32573 61 21:0 32574
32573 59 21:0 32574
32573 749 21:0 32574
32578 37476 21:0 32600
32599 65 21:0 32600
32599 31 1:0 32601
32599 44965 1:0 32601
32599 57 21:0 32603
32602 37494 1:0 32604
32602 44970 1:0 32609
32606 37494 21:0 32611
32610 27 1:0 32612
32610 33 1:0 32612
32610 49 21:0 32614
32613 37498 1:0 32615
32613 21 1:0 32618
32617 37498 21:0 32620
32619 44989 1:0 32621
32619 41 1:0 32621
32619 37530 1:0 32621
32619 43 1:0 32621
32619 44953 1:0 32621
32619 37528 1:0 32621
32619 51 21:0 32623
32622 37501 1:0 32625
32622 37533 1:0 32637
32622 37519 1:0 32637
32627 37501 21:0 32686
32633 749 1:0 32634
32635 45008 1:0 32637
32636 45007 1:0 32636
32638 29 1:0 32690
32685 37519 21:0 32702
32689 39 1:0 32689
32691 44988 1:0 32729
32701 37530 21:0 32702
32701 37528 21:0 32702
32701 45 21:0 32705
32704 43 21:0 32705
32704 749 21:0 32705
32704 41 21:0 32705
32709 37533 21:0 32731
32730 47 21:0 32731
32730 44985 1:0 32732
32730 44987 1:0 32732
32730 39 21:0 32734
32733 37551 1:0 32735
32733 44959 1:0 32740
32737 37551 21:0 32742
32741 44955 1:0 32743
32741 44973 1:0 32743
32741 31 21:0 32745
32744 37555 1:0 32746
32744 44979 1:0 32749
32748 37555 21:0 32751
32750 25 1:0 32752
32750 37585 1:0 32752
32750 37587 1:0 32752
32750 44972 1:0 32752
32750 23 1:0 32752
32750 44956 1:0 32752
32750 33 21:0 32754
32753 37558 1:0 32756
32753 37590 1:0 32770
32753 37576 1:0 32770
32758 37558 21:0 32817
32764 749 1:0 32765
32766 44975 1:0 32770
32771 44957 1:0 32821
32816 37576 21:0 32833
32822 13 1:0 32860
32832 37585 21:0 32833
32832 37587 21:0 32833
32832 27 21:0 32836
32835 749 21:0 32836
32835 23 21:0 32836
32835 25 21:0 32836
32840 37590 21:0 32862
32861 29 21:0 32862
32861 9 1:0 32863
32861 15 1:0 32863
32861 21 21:0 32865
32864 37608 1:0 32866
32864 44952 1:0 32871
32868 37608 21:0 32873
32872 44954 1:0 32874
32872 44941 1:0 32874
32872 13 21:0 32876
32875 37612 1:0 32877
32875 733 1:0 32880
32879 37612 21:0 32882
32881 11 1:0 32882
32881 44940 1:0 32883
32881 15 21:0 32885
32884 37615 1:0 32887
32884 44939 1:0 32908
32884 44937 1:0 32908
32889 37615 21:0 32948
32909 749 1:0 32911
32909 37642 1:0 32911
32909 44933 1:0 32911
32909 7 1:0 32911
32909 44942 1:0 32911
32912 37633 1:0 32914
32912 3 1:0 32962
32947 37633 21:0 32964
32953 5 1:0 32954
32956 37644 1:0 32959
32963 37642 21:0 32964
32963 37644 21:0 32964
32963 44932 1:0 32965
32963 9 21:0 32967
32966 7 21:0 32967
32966 5 21:0 32967
32966 749 21:0 32967
32966 37647 1:0 32969
32971 37647 21:0 33001
32988 749 1:0 32990
32989 734 1:0 32989
33000 733 21:0 33000
33000 5 1:0 33001
33000 48563 21:0 33009
33004 7 1:0 33005
33008 3 21:0 33037
33008 9 1:0 33038
33036 749 21:0 33037
33037 48571 21:0 33042
33041 48568 21:0 33053
33052 5 21:0 33053
33052 734 21:0 33053
33052 48570 21:0 33053
33052 48564 21:0 33053
33052 48573 21:0 33053
33052 48583 21:0 33053
33052 7 21:0 33053
33052 15 1:0 33054
33053 11 21:0 33058
33057 13 1:0 33059
33057 48585 21:0 33063
33062 15 21:0 33063
33062 21 1:0 33073
33062 25 1:0 33075
33062 27 1:0 33075
33062 23 1:0 33075
33062 48586 21:0 33118
33064 749 1:0 33066
33076 29 1:0 33125
33117 13 21:0 33129
33128 33 1:0 33130
33128 48587 21:0 33134
33133 48588 21:0 33134
33133 48572 21:0 33134
33133 25 21:0 33134
33133 23 21:0 33134
33133 48606 21:0 33134
33133 749 21:0 33134
33133 31 1:0 33135
33136 48619 21:0 33139
33138 39 1:0 33149
33138 45 1:0 33151
33138 41 1:0 33151
33138 43 1:0 33151
33138 33 21:0 33153
33140 749 1:0 33142
33152 47 1:0 33201
33152 48620 21:0 33205
33204 48623 21:0 33204
33204 48618 21:0 33205
33204 51 1:0 33206
33204 29 21:0 33210
33209 31 21:0 33210
33209 49 1:0 33211
33209 48651 21:0 33215
33214 57 1:0 33225
33214 63 1:0 33227
33214 61 1:0 33227
33214 59 1:0 33227
33214 47 21:0 33229
33228 48643 21:0 33228
33228 48621 21:0 33270
33228 65 1:0 33277
33269 48669 21:0 33269
33269 48653 21:0 33281
33280 63 21:0 33280
33280 69 1:0 33282
33280 48652 21:0 33286
33285 65 21:0 33286
33285 67 1:0 33287
33285 48654 21:0 33291
33290 75 1:0 33301
33290 77 1:0 33303
33290 81 1:0 33303
33290 79 1:0 33303
33290 48684 21:0 33305
33304 51 21:0 33346
33304 83 1:0 33353
33345 48702 21:0 33345
33345 49 21:0 33357
33356 48689 21:0 33356
33356 48639 21:0 33357
33356 48610 21:0 33357
33356 9 21:0 33357
33356 48672 21:0 33357
33356 749 21:0 33357
33356 48705 21:0 33357
33356 87 1:0 33358
33359 48717 21:0 33362
33361 85 1:0 33363
33361 69 21:0 33367
33366 48686 21:0 33367
33366 93 1:0 33377
33366 95 1:0 33379
33366 99 1:0 33379
33366 97 1:0 33379
33366 48685 21:0 33422
33368 749 1:0 33370
33380 101 1:0 33429
33421 48718 21:0 33433
33432 48748 21:0 33432
33432 48722 21:0 33432
33432 105 1:0 33434
33432 48687 21:0 33435
33434 48720 21:0 33438
33437 103 1:0 33439
33437 85 21:0 33443
33442 48749 21:0 33442
33442 83 21:0 33443
33442 111 1:0 33453
33442 117 1:0 33455
33442 115 1:0 33455
33442 113 1:0 33455
33442 48719 21:0 33493
33456 119 1:0 33505
33492 48751 21:0 33509
33508 48755 21:0 33508
33508 117 21:0 33508
33508 105 21:0 33509
33508 123 1:0 33510
33508 101 21:0 33514
33513 121 1:0 33515
33513 67 21:0 33519
33518 87 21:0 33519
33518 129 1:0 33529
33518 131 1:0 33531
33518 133 1:0 33531
33518 135 1:0 33531
33518 48750 21:0 33569
33532 137 1:0 33581
33568 48752 21:0 33585
33584 135 21:0 33584
33584 48803 21:0 33584
33584 48801 21:0 33584
33584 48814 21:0 33584
33584 103 21:0 33585
33584 141 1:0 33586
33584 119 21:0 33590
33589 139 1:0 33591
33589 137 21:0 33595
33594 48753 21:0 33595
33594 147 1:0 33605
33594 153 1:0 33607
33594 151 1:0 33607
33594 149 1:0 33607
33594 123 21:0 33645
33608 155 1:0 33657
33644 48828 21:0 33644
33644 48784 21:0 33661
33660 48832 21:0 33660
33660 121 21:0 33661
33660 159 1:0 33662
33660 48786 21:0 33666
33665 157 1:0 33667
33665 48785 21:0 33671
33670 48816 21:0 33671
33670 165 1:0 33681
33670 169 1:0 33683
33670 167 1:0 33683
33670 171 1:0 33683
33670 48783 21:0 33721
33684 173 1:0 33733
33720 48861 21:0 33720
33720 165 21:0 33720
33720 141 21:0 33737
33736 48854 21:0 33736
33736 48867 21:0 33736
33736 48851 21:0 33737
33736 177 1:0 33738
33736 155 21:0 33742
33741 175 1:0 33743
33741 48817 21:0 33747
33746 48818 21:0 33747
33746 183 1:0 33757
33746 189 1:0 33759
33746 185 1:0 33759
33746 187 1:0 33759
33746 139 21:0 33769
33760 191 1:0 33809
33768 183 21:0 33768
33768 48849 21:0 33813
33812 48898 21:0 33812
33812 48887 21:0 33812
33812 48913 21:0 33812
33812 189 21:0 33812
33812 48901 21:0 33812
33812 157 21:0 33813
33812 195 1:0 33814
33812 48819 21:0 33818
33817 193 1:0 33819
33817 48885 21:0 33823
33822 48917 21:0 33823
33822 201 1:0 33833
33822 207 1:0 33835
33822 205 1:0 33835
33822 203 1:0 33835
33822 159 21:0 33873
33836 209 1:0 33885
33872 48927 21:0 33872
33872 48852 21:0 33889
33888 48935 21:0 33888
33888 48934 21:0 33888
33888 207 21:0 33888
33888 48946 21:0 33888
33888 175 21:0 33889
33888 213 1:0 33890
33888 48850 21:0 33894
33893 211 1:0 33895
33893 48884 21:0 33899
33898 177 21:0 33899
33898 219 1:0 33909
33898 223 1:0 33911
33898 221 1:0 33911
33898 225 1:0 33911
33898 191 21:0 33921
33912 227 1:0 33961
33920 173 21:0 33965
33964 48967 21:0 33964
33964 48966 21:0 33964
33964 48883 21:0 33965
33964 231 1:0 33966
33964 195 21:0 33970
33969 48584 21:0 33970
33969 48969 21:0 33970
33969 48837 21:0 33970
33969 48738 21:0 33970
33969 48603 21:0 33970
33969 48590 21:0 33970
33969 229 1:0 33971
33969 48771 21:0 33972
33971 48804 21:0 33972
33971 48903 21:0 33972
33971 749 21:0 33972
33971 48870 21:0 33972
33971 48936 21:0 33972
33972 48983 21:0 33975
33974 237 1:0 33985
33974 243 1:0 33987
33974 239 1:0 33987
33974 241 1:0 33987
33974 48949 21:0 33989
33976 749 1:0 33978
33988 48973 21:0 33988
33988 48992 21:0 33988
33988 245 1:0 34037
33988 48916 21:0 34041
34040 49001 21:0 34040
34040 48986 21:0 34040
34040 48993 21:0 34040
34040 213 21:0 34041
34040 249 1:0 34042
34040 48918 21:0 34046
34045 48948 21:0 34046
34045 247 1:0 34047
34045 193 21:0 34051
34050 49013 21:0 34050
34050 255 1:0 34061
34050 261 1:0 34063
34050 259 1:0 34063
34050 257 1:0 34063
34050 211 21:0 34065
34064 49025 21:0 34064
34064 49006 21:0 34064
34064 263 1:0 34113
34064 227 21:0 34117
34116 49045 21:0 34116
34116 49026 21:0 34116
34116 49034 21:0 34116
34116 49033 21:0 34116
34116 48982 21:0 34117
34116 267 1:0 34118
34116 49014 21:0 34122
34121 231 21:0 34122
34121 265 1:0 34123
34121 49015 21:0 34127
34126 49046 21:0 34126
34126 273 1:0 34137
34126 275 1:0 34139
34126 279 1:0 34139
34126 277 1:0 34139
34126 48950 21:0 34141
34140 49058 21:0 34140
34140 49039 21:0 34140
34140 281 1:0 34189
34140 209 21:0 34193
34192 273 21:0 34192
34192 49052 21:0 34192
34192 49078 21:0 34192
34192 48951 21:0 34193
34192 285 1:0 34194
34192 48984 21:0 34198
34197 49048 21:0 34198
34197 283 1:0 34199
34197 48981 21:0 34203
34202 291 1:0 34213
34202 295 1:0 34215
34202 297 1:0 34215
34202 293 1:0 34215
34202 229 21:0 34217
34216 49047 21:0 34258
34216 299 1:0 34265
34257 49049 21:0 34269
34268 49111 21:0 34268
34268 49100 21:0 34268
34268 303 1:0 34270
34268 267 21:0 34274
34273 263 21:0 34274
34273 301 1:0 34275
34273 245 21:0 34279
34278 309 1:0 34289
34278 311 1:0 34291
34278 313 1:0 34291
34278 315 1:0 34291
34278 49050 21:0 34293
34292 49105 21:0 34292
34292 247 21:0 34334
34292 317 1:0 34341
34333 49132 21:0 34333
34333 49125 21:0 34333
34333 49129 21:0 34333
34333 309 21:0 34333
34333 49116 21:0 34345
34344 49144 21:0 34344
34344 315 21:0 34344
34344 49133 21:0 34344
34344 321 1:0 34346
34344 49082 21:0 34350
34349 303 21:0 34350
34349 319 1:0 34351
34349 48882 21:0 34355
34354 327 1:0 34365
34354 333 1:0 34367
34354 331 1:0 34367
34354 329 1:0 34367
34354 49083 21:0 34369
34368 49157 21:0 34368
34368 317 21:0 34410
34368 335 1:0 34417
34409 49164 21:0 34409
34409 327 21:0 34409
34409 49162 21:0 34409
34409 49165 21:0 34409
34409 49114 21:0 34421
34420 339 1:0 34422
34420 49113 21:0 34426
34425 49016 21:0 34426
34425 337 1:0 34427
34425 49081 21:0 34431
34430 345 1:0 34441
34430 347 1:0 34443
34430 349 1:0 34443
34430 351 1:0 34443
34430 249 21:0 34445
34444 49080 21:0 34486
34444 353 1:0 34493
34485 49198 21:0 34485
34485 345 21:0 34485
34485 48915 21:0 34497
34496 351 21:0 34496
34496 49199 21:0 34496
34496 357 1:0 34498
34496 321 21:0 34502
34501 301 21:0 34502
34501 355 1:0 34503
34501 265 21:0 34507
34506 49211 21:0 34506
34506 363 1:0 34517
34506 367 1:0 34519
34506 365 1:0 34519
34506 369 1:0 34519
34506 319 21:0 34521
34520 49223 21:0 34520
34520 49204 21:0 34520
34520 283 21:0 34562
34520 371 1:0 34569
34561 49224 21:0 34561
34561 363 21:0 34561
34561 49230 21:0 34561
34561 281 21:0 34573
34572 375 1:0 34574
34572 49180 21:0 34578
34577 285 21:0 34578
34577 373 1:0 34579
34577 335 21:0 34583
34582 49244 21:0 34582
34582 381 1:0 34593
34582 383 1:0 34595
34582 385 1:0 34595
34582 387 1:0 34595
34582 337 21:0 34597
34596 49247 21:0 34638
34596 389 1:0 34645
34637 49264 21:0 34637
34637 381 21:0 34637
34637 49212 21:0 34649
34648 387 21:0 34648
34648 393 1:0 34650
34648 49181 21:0 34654
34653 49179 21:0 34654
34653 391 1:0 34655
34653 49115 21:0 34659
34658 49277 21:0 34658
34658 49280 21:0 34658
34658 393 21:0 34658
34658 399 1:0 34669
34658 405 1:0 34671
34658 401 1:0 34671
34658 403 1:0 34671
34658 49278 21:0 34673
34672 49270 21:0 34672
34672 49281 21:0 34672
34672 375 21:0 34714
34672 407 1:0 34721
34713 49290 21:0 34713
34713 49246 21:0 34725
34724 49283 21:0 34724
34724 49309 21:0 34724
34724 405 21:0 34724
34724 411 1:0 34726
34724 49147 21:0 34730
34729 407 21:0 34729
34729 389 21:0 34730
34729 409 1:0 34731
34729 49248 21:0 34735
34734 49310 21:0 34734
34734 411 21:0 34734
34734 417 1:0 34745
34734 419 1:0 34747
34734 421 1:0 34747
34734 423 1:0 34747
34734 299 21:0 34749
34748 49322 21:0 34748
34748 355 21:0 34790
34748 425 1:0 34797
34789 353 21:0 34801
34800 423 21:0 34800
34800 429 1:0 34802
34800 49312 21:0 34806
34805 49213 21:0 34806
34805 427 1:0 34807
34805 49279 21:0 34811
34810 49345 21:0 34810
34810 435 1:0 34821
34810 441 1:0 34823
34810 439 1:0 34823
34810 437 1:0 34823
34810 391 21:0 34825
34824 427 21:0 34824
34824 49215 21:0 34866
34824 443 1:0 34873
34865 49017 21:0 34877
34876 49375 21:0 34876
34876 447 1:0 34878
34876 49314 21:0 34882
34881 443 21:0 34882
34881 445 1:0 34883
34881 49182 21:0 34887
34886 49313 21:0 34887
34886 453 1:0 34897
34886 457 1:0 34899
34886 455 1:0 34899
34886 459 1:0 34899
34886 425 21:0 34942
34900 461 1:0 34949
34941 445 21:0 34941
34941 49146 21:0 34953
34952 465 1:0 34954
34952 49377 21:0 34958
34957 49410 21:0 34957
34957 461 21:0 34957
34957 49344 21:0 34958
34957 463 1:0 34959
34957 373 21:0 34963
34962 49412 21:0 34962
34962 49378 21:0 34963
34962 471 1:0 34973
34962 473 1:0 34975
34962 477 1:0 34975
34962 475 1:0 34975
34962 49149 21:0 35018
34976 479 1:0 35025
35017 49413 21:0 35017
35017 49148 21:0 35029
35028 483 1:0 35030
35028 49380 21:0 35034
35033 479 21:0 35033
35033 371 21:0 35034
35033 481 1:0 35035
35033 49411 21:0 35039
35038 409 21:0 35039
35038 489 1:0 35049
35038 495 1:0 35051
35038 491 1:0 35051
35038 493 1:0 35051
35038 357 21:0 35094
35052 497 1:0 35101
35093 49446 21:0 35093
35093 49346 21:0 35105
35104 501 1:0 35106
35104 447 21:0 35110
35109 497 21:0 35109
35109 21 21:0 35110
35109 48616 21:0 35110
35109 48577 21:0 35110
35109 48596 21:0 35110
35109 499 1:0 35111
35109 49476 21:0 35115
35114 49477 21:0 35114
35114 49347 21:0 35121
35114 507 1:0 35125
35114 511 1:0 35127
35114 509 1:0 35127
35114 513 1:0 35127
35120 49479 21:0 35120
35120 49245 21:0 35170
35128 515 1:0 35177
35169 339 21:0 35181
35180 519 1:0 35182
35180 49478 21:0 35186
35185 49509 21:0 35185
35185 515 21:0 35185
35185 48617 21:0 35186
35185 463 21:0 35186
35185 517 1:0 35187
35185 48649 21:0 35191
35190 49511 21:0 35190
35190 49510 21:0 35190
35190 519 21:0 35190
35190 48634 21:0 35191
35190 27 21:0 35191
35190 48604 21:0 35191
35190 48601 21:0 35191
35190 48636 21:0 35191
35190 525 1:0 35201
35190 531 1:0 35203
35190 527 1:0 35203
35190 529 1:0 35203
35190 48656 21:0 35205
35204 49512 21:0 35204
35204 517 21:0 35204
35204 81 21:0 35209
35204 533 1:0 35253
35208 48650 21:0 35241
35240 48703 21:0 35246
35245 48716 21:0 35257
35256 99 21:0 35257
35256 48670 21:0 35257
35256 48662 21:0 35257
35256 48676 21:0 35257
35256 48629 21:0 35257
35256 537 1:0 35258
35256 48605 21:0 35262
35261 49542 21:0 35261
35261 48700 21:0 35262
35261 48671 21:0 35262
35261 48696 21:0 35262
35261 57 21:0 35262
35261 535 1:0 35263
35261 48742 21:0 35267
35266 49544 21:0 35266
35266 537 21:0 35266
35266 48770 21:0 35267
35266 48761 21:0 35267
35266 48736 21:0 35267
35266 48781 21:0 35267
35266 48630 21:0 35267
35266 543 1:0 35277
35266 549 1:0 35279
35266 545 1:0 35279
35266 547 1:0 35279
35266 49445 21:0 35322
35280 551 1:0 35329
35321 49545 21:0 35321
35321 535 21:0 35321
35321 481 21:0 35333
35332 555 1:0 35334
35332 49214 21:0 35338
35337 49575 21:0 35337
35337 49444 21:0 35338
35337 553 1:0 35339
35337 49543 21:0 35343
35342 49576 21:0 35342
35342 49577 21:0 35342
35342 555 21:0 35342
35342 49443 21:0 35343
35342 561 1:0 35353
35342 567 1:0 35355
35342 565 1:0 35355
35342 563 1:0 35355
35342 429 21:0 35398
35356 569 1:0 35405
35397 49578 21:0 35397
35397 553 21:0 35397
35397 501 21:0 35409
35408 573 1:0 35410
35408 465 21:0 35414
35413 49608 21:0 35413
35413 569 21:0 35413
35413 49379 21:0 35414
35413 48775 21:0 35414
35413 571 1:0 35415
35413 48704 21:0 35419
35418 49610 21:0 35418
35418 573 21:0 35418
35418 48782 21:0 35419
35418 48815 21:0 35419
35418 48737 21:0 35419
35418 48682 21:0 35419
35418 48695 21:0 35419
35418 579 1:0 35429
35418 585 1:0 35431
35418 581 1:0 35431
35418 583 1:0 35431
35418 48762 21:0 35433
35432 571 21:0 35432
35432 48802 21:0 35433
35432 48715 21:0 35469
35432 587 1:0 35481
35468 48900 21:0 35474
35473 39 21:0 35474
35473 48597 21:0 35485
35484 48663 21:0 35485
35484 48841 21:0 35485
35484 48768 21:0 35485
35484 48735 21:0 35485
35484 591 1:0 35486
35484 48729 21:0 35490
35489 49641 21:0 35489
35489 587 21:0 35489
35489 48808 21:0 35490
35489 225 21:0 35490
35489 48880 21:0 35490
35489 48769 21:0 35490
35489 589 1:0 35491
35489 171 21:0 35495
35494 49643 21:0 35494
35494 49642 21:0 35494
35494 591 21:0 35494
35494 48821 21:0 35495
35494 48907 21:0 35495
35494 48836 21:0 35495
35494 48869 21:0 35495
35494 48902 21:0 35495
35494 597 1:0 35505
35494 601 1:0 35507
35494 599 1:0 35507
35494 603 1:0 35507
35494 48766 21:0 35509
35508 49644 21:0 35508
35508 589 21:0 35508
35508 48933 21:0 35509
35508 48834 21:0 35545
35508 605 1:0 35557
35544 48683 21:0 35550
35549 48847 21:0 35550
35549 48637 21:0 35561
35560 48894 21:0 35561
35560 147 21:0 35561
35560 48794 21:0 35561
35560 48848 21:0 35561
35560 609 1:0 35562
35560 129 21:0 35566
35565 49674 21:0 35565
35565 605 21:0 35565
35565 48968 21:0 35566
35565 48788 21:0 35566
35565 291 21:0 35566
35565 48979 21:0 35566
35565 48947 21:0 35566
35565 607 1:0 35567
35565 49012 21:0 35571
35570 49676 21:0 35570
35570 49675 21:0 35570
35570 609 21:0 35570
35570 49066 21:0 35571
35570 48926 21:0 35571
35570 48997 21:0 35571
35570 297 21:0 35571
35570 615 1:0 35581
35570 617 1:0 35583
35570 619 1:0 35583
35570 621 1:0 35583
35570 48709 21:0 35585
35584 49677 21:0 35584
35584 607 21:0 35584
35584 48835 21:0 35585
35584 49138 21:0 35621
35584 623 1:0 35633
35620 48959 21:0 35626
35625 49118 21:0 35626
35625 49096 21:0 35637
35636 49112 21:0 35637
35636 48920 21:0 35637
35636 48667 21:0 35637
35636 48914 21:0 35637
35636 627 1:0 35638
35636 201 21:0 35642
35641 49707 21:0 35641
35641 623 21:0 35641
35641 48728 21:0 35642
35641 48960 21:0 35642
35641 255 21:0 35642
35641 49063 21:0 35642
35641 48865 21:0 35642
35641 625 1:0 35643
35641 49177 21:0 35647
35646 49709 21:0 35646
35646 627 21:0 35646
35646 49708 21:0 35646
35646 49099 21:0 35647
35646 49030 21:0 35647
35646 261 21:0 35647
35646 49085 21:0 35647
35646 633 1:0 35657
35646 637 1:0 35659
35646 639 1:0 35659
35646 635 1:0 35659
35646 49232 21:0 35661
35660 625 21:0 35660
35660 49710 21:0 35660
35660 49298 21:0 35661
35660 49256 21:0 35681
35660 641 1:0 35709
35680 49131 21:0 35702
35701 93 21:0 35702
35701 49276 21:0 35713
35712 49190 21:0 35713
35712 49098 21:0 35713
35712 49000 21:0 35713
35712 48964 21:0 35713
35712 645 1:0 35714
35712 49331 21:0 35718
35717 49740 21:0 35717
35717 641 21:0 35717
35717 49124 21:0 35718
35717 48799 21:0 35718
35717 48827 21:0 35718
35717 49210 21:0 35718
35717 243 21:0 35718
35717 643 1:0 35719
35717 49228 21:0 35723
35722 645 21:0 35722
35722 237 21:0 35723
35722 49289 21:0 35723
35722 651 1:0 35733
35722 653 1:0 35735
35722 655 1:0 35735
35722 657 1:0 35735
35722 49311 21:0 35737
35736 49743 21:0 35736
35736 643 21:0 35736
35736 551 21:0 35778
35736 659 1:0 35785
35777 533 21:0 35789
35788 663 1:0 35790
35788 499 21:0 35794
35793 659 21:0 35793
35793 49773 21:0 35793
35793 49741 21:0 35794
35793 661 1:0 35795
35793 49611 21:0 35799
35798 49774 21:0 35798
35798 49775 21:0 35798
35798 663 21:0 35798
35798 669 1:0 35809
35798 673 1:0 35811
35798 675 1:0 35811
35798 671 1:0 35811
35798 49609 21:0 35813
35812 49776 21:0 35812
35812 661 21:0 35812
35812 483 21:0 35854
35812 677 1:0 35861
35853 49742 21:0 35865
35864 49059 21:0 35865
35864 49091 21:0 35865
35864 681 1:0 35866
35864 153 21:0 35870
35869 333 21:0 35870
35869 49067 21:0 35870
35869 49296 21:0 35870
35869 49327 21:0 35870
35869 49032 21:0 35870
35869 679 1:0 35871
35869 48940 21:0 35875
35874 48874 21:0 35875
35874 49396 21:0 35875
35874 48860 21:0 35875
35874 49171 21:0 35875
35874 687 1:0 35885
35874 691 1:0 35887
35874 689 1:0 35887
35874 693 1:0 35887
35874 49494 21:0 35889
35888 48795 21:0 35889
35888 49360 21:0 35925
35888 695 1:0 35937
35924 49330 21:0 35930
35929 49265 21:0 35930
35929 48638 21:0 35941
35940 49072 21:0 35941
35940 49145 21:0 35941
35940 49237 21:0 35941
35940 49158 21:0 35941
35940 699 1:0 35942
35940 49501 21:0 35946
35945 49294 21:0 35946
35945 48881 21:0 35946
35945 49329 21:0 35946
35945 49065 21:0 35946
35945 417 21:0 35946
35945 697 1:0 35947
35945 219 21:0 35951
35950 49429 21:0 35951
35950 49323 21:0 35951
35950 49554 21:0 35951
35950 49151 21:0 35951
35950 705 1:0 35961
35950 711 1:0 35963
35950 707 1:0 35963
35950 709 1:0 35963
35950 49525 21:0 35965
35964 49442 21:0 35965
35964 49231 21:0 35984
35964 713 1:0 36013
35983 48953 21:0 36006
36005 459 21:0 36006
36005 49428 21:0 36017
36016 49462 21:0 36017
36016 49600 21:0 36017
36016 49019 21:0 36017
36016 49369 21:0 36017
36016 717 1:0 36018
36016 49459 21:0 36022
36021 49250 21:0 36022
36021 49586 21:0 36022
36021 49448 21:0 36022
36021 49455 21:0 36022
36021 49356 21:0 36022
36021 715 1:0 36023
36021 111 21:0 36027
36026 49166 21:0 36027
36026 49541 21:0 36027
36026 49409 21:0 36027
36026 95 21:0 36027
36026 97 21:0 36027
36026 49430 21:0 36027
36026 77 21:0 36027
36026 79 21:0 36027
36026 61 21:0 36027
36026 59 21:0 36027
36026 43 21:0 36027
36026 41 21:0 36027
36026 725 1:0 36038
36026 115 21:0 36042
36041 49266 21:0 36042
36041 49332 21:0 36042
36041 133 21:0 36042
36041 113 21:0 36042
36041 49002 21:0 36042
36041 49200 21:0 36042
36041 49035 21:0 36042
36041 131 21:0 36042
36041 49167 21:0 36042
36041 49101 21:0 36042
36041 49365 21:0 36042
36041 49134 21:0 36042
36041 49299 21:0 36042
36041 49068 21:0 36047
36047 49885 21:0 36054
36053 151 21:0 36054
36053 149 21:0 36057
36056 185 21:0 36057
36056 167 21:0 36057
36056 169 21:0 36057
36056 49233 21:0 36057
36056 49398 21:0 36057
36056 49431 21:0 36057
36056 49464 21:0 36057
36056 35369 1:0 36058
36056 49497 21:0 36060
36060 35369 21:0 36080
36079 45 21:0 36080
36079 49303 21:0 36080
36079 725 21:0 36080
36079 399 21:0 36080
36079 49297 21:0 36080
36079 279 21:0 36083
36082 205 21:0 36083
36082 311 21:0 36083
36082 187 21:0 36083
36082 295 21:0 36083
36082 203 21:0 36083
36082 223 21:0 36083
36082 525 21:0 36083
36082 293 21:0 36083
36082 49690 21:0 36083
36082 49468 21:0 36083
36082 259 21:0 36083
36082 313 21:0 36083
36082 221 21:0 36083
36082 239 21:0 36083
36082 241 21:0 36083
36082 277 21:0 36083
36082 275 21:0 36083
36082 257 21:0 36083
36082 35385 1:0 36084
36082 331 21:0 36086
36085 49530 21:0 36086
36085 49563 21:0 36086
36085 49596 21:0 36086
36085 49629 21:0 36086
36086 35385 21:0 36091
36090 715 21:0 36094
36093 367 21:0 36094
36093 48980 21:0 36094
36093 75 21:0 36094
36093 349 21:0 36094
36093 347 21:0 36094
36093 329 21:0 36094
36093 48893 21:0 36094
36093 365 21:0 36094
36093 35389 1:0 36095
36093 49662 21:0 36097
36096 49695 21:0 36097
36096 49860 21:0 36097
36096 49827 21:0 36097
36096 49728 21:0 36097
36096 49761 21:0 36097
36096 49794 21:0 36097
36097 35389 21:0 36100
36099 717 21:0 36103
36102 49560 21:0 36103
36102 401 21:0 36103
36102 383 21:0 36103
36102 385 21:0 36103
36102 49316 21:0 36103
36102 49620 21:0 36103
36102 35392 1:0 36105
36102 403 21:0 36107
36102 49742 1:0 36129
36107 35392 21:0 36166
36130 35410 1:0 36132
36133 49860 1:0 36135
36165 35419 1:0 36167
36165 713 21:0 36189
36174 35421 1:0 36177
36184 35424 1:0 36187
36189 35424 21:0 36211
36210 35419 21:0 36211
36210 709 21:0 36211
36210 707 21:0 36211
36210 705 21:0 36211
36210 711 21:0 36211
36210 35410 21:0 36211
36210 35421 21:0 36211
36210 483 1:0 36212
36210 48868 21:0 36214
36213 457 21:0 36214
36213 511 21:0 36214
36213 455 21:0 36214
36213 473 21:0 36214
36213 475 21:0 36214
36213 509 21:0 36214
36213 529 21:0 36214
36213 491 21:0 36214
36213 493 21:0 36214
36213 749 21:0 36214
36213 527 21:0 36214
36213 439 21:0 36214
36213 437 21:0 36214
36213 419 21:0 36214
36213 421 21:0 36214
36213 49261 21:0 36214
36213 49349 21:0 36214
36213 49771 21:0 36214
36213 547 21:0 36214
36213 35442 1:0 36215
36217 35442 21:0 36222
36221 49261 1:0 36223
36221 49609 1:0 36223
36221 697 21:0 36225
36224 599 21:0 36225
36224 565 21:0 36225
36224 581 21:0 36225
36224 671 21:0 36225
36224 637 21:0 36225
36224 635 21:0 36225
36224 619 21:0 36225
36224 617 21:0 36225
36224 583 21:0 36225
36224 673 21:0 36225
36224 691 21:0 36225
36224 689 21:0 36225
36224 545 21:0 36225
36224 653 21:0 36225
36224 655 21:0 36225
36224 601 21:0 36225
36224 563 21:0 36225
36224 35446 1:0 36226
36224 49349 1:0 36229
36228 35446 21:0 36231
36230 49611 1:0 36232
36230 49771 1:0 36232
36230 699 21:0 36234
36233 35449 1:0 36236
36233 49741 1:0 36260
36238 35449 21:0 36297
36261 35467 1:0 36263
36264 49827 1:0 36266
36271 749 1:0 36277
36293 691 1:0 36294
36296 35476 1:0 36298
36296 695 21:0 36320
36302 689 1:0 36303
36305 35478 1:0 36308
36312 48868 1:0 36314
36315 35481 1:0 36318
36320 35481 21:0 36342
36341 691 21:0 36342
36341 749 21:0 36342
36341 35478 21:0 36342
36341 35467 21:0 36342
36341 35476 21:0 36342
36341 687 21:0 36342
36341 693 21:0 36342
36341 689 21:0 36342
36341 49560 1:0 36343
36341 499 1:0 36343
36344 35499 1:0 36346
36344 49620 1:0 36351
36348 35499 21:0 36353
36352 533 1:0 36354
36352 49316 1:0 36354
36352 679 21:0 36356
36355 35503 1:0 36357
36355 48980 1:0 36360
36359 35503 21:0 36362
36361 551 1:0 36363
36361 75 1:0 36363
36361 681 21:0 36365
36364 35506 1:0 36367
36364 49311 1:0 36391
36369 35506 21:0 36428
36392 35524 1:0 36394
36395 49794 1:0 36397
36402 749 1:0 36408
36424 673 1:0 36425
36427 35533 1:0 36429
36427 677 21:0 36451
36433 671 1:0 36434
36436 35535 1:0 36439
36443 48893 1:0 36445
36446 35538 1:0 36449
36448 49776 1:0 36448
36451 35538 21:0 36473
36472 35533 21:0 36473
36472 673 21:0 36473
36472 749 21:0 36473
36472 35535 21:0 36473
36472 675 21:0 36473
36472 669 21:0 36473
36472 35524 21:0 36473
36472 671 21:0 36473
36472 49468 1:0 36474
36472 49379 1:0 36474
36473 661 1:0 36473
36475 35556 1:0 36477
36475 49690 1:0 36482
36476 49774 1:0 36476
36476 49775 1:0 36476
36479 35556 21:0 36484
36483 465 1:0 36485
36483 525 1:0 36485
36483 661 21:0 36487
36484 663 1:0 36484
36486 35560 1:0 36488
36486 279 1:0 36491
36490 49773 1:0 36490
36490 35560 21:0 36493
36492 45 1:0 36494
36492 501 1:0 36494
36492 663 21:0 36496
36493 659 1:0 36493
36495 35563 1:0 36498
36495 429 1:0 36522
36500 35563 21:0 36559
36523 35581 1:0 36525
36526 49761 1:0 36528
36533 749 1:0 36539
36555 655 1:0 36556
36558 35590 1:0 36560
36558 659 21:0 36582
36564 653 1:0 36565
36567 35592 1:0 36570
36574 399 1:0 36576
36577 35595 1:0 36580
36579 49743 1:0 36579
36582 35595 21:0 36604
36603 655 21:0 36604
36603 35581 21:0 36604
36603 653 21:0 36604
36603 749 21:0 36604
36603 657 21:0 36604
36603 651 21:0 36604
36603 35592 21:0 36604
36603 35590 21:0 36604
36603 49297 1:0 36605
36603 49443 1:0 36605
36604 643 1:0 36604
36606 35613 1:0 36608
36606 49303 1:0 36613
36610 35613 21:0 36615
36614 49166 1:0 36616
36614 49543 1:0 36616
36614 643 21:0 36618
36615 645 1:0 36615
36617 35617 1:0 36619
36617 49430 1:0 36622
36621 49740 1:0 36621
36621 35617 21:0 36624
36623 49444 1:0 36625
36623 49409 1:0 36625
36623 645 21:0 36627
36624 641 1:0 36624
36626 35620 1:0 36629
36626 49214 1:0 36653
36631 35620 21:0 36690
36654 35638 1:0 36656
36657 49728 1:0 36659
36664 749 1:0 36670
36686 637 1:0 36687
36689 35647 1:0 36691
36689 641 21:0 36713
36695 635 1:0 36696
36698 35649 1:0 36701
36705 49541 1:0 36707
36708 35652 1:0 36711
36710 49710 1:0 36710
36713 35652 21:0 36735
36734 35647 21:0 36735
36734 749 21:0 36735
36734 635 21:0 36735
36734 637 21:0 36735
36734 35649 21:0 36735
36734 633 21:0 36735
36734 639 21:0 36735
36734 35638 21:0 36735
36734 111 1:0 36736
36734 481 1:0 36736
36735 625 1:0 36735
36737 35670 1:0 36739
36737 49455 1:0 36744
36738 49709 1:0 36738
36738 49708 1:0 36738
36741 35670 21:0 36746
36745 49445 1:0 36747
36745 49586 1:0 36747
36745 625 21:0 36749
36746 627 1:0 36746
36748 35674 1:0 36750
36748 49448 1:0 36753
36752 49707 1:0 36752
36752 35674 21:0 36755
36754 463 1:0 36756
36754 49250 1:0 36756
36754 627 21:0 36758
36755 623 1:0 36755
36757 35677 1:0 36760
36757 49478 1:0 36784
36762 35677 21:0 36821
36785 35695 1:0 36787
36788 49695 1:0 36790
36795 749 1:0 36801
36817 619 1:0 36818
36820 35704 1:0 36822
36820 623 21:0 36844
36826 617 1:0 36827
36829 35706 1:0 36832
36836 49356 1:0 36838
36839 35709 1:0 36842
36841 49677 1:0 36841
36844 35709 21:0 36866
36865 35704 21:0 36866
36865 749 21:0 36866
36865 619 21:0 36866
36865 35706 21:0 36866
36865 615 21:0 36866
36865 621 21:0 36866
36865 35695 21:0 36866
36865 617 21:0 36866
36865 49459 1:0 36867
36865 339 1:0 36867
36866 607 1:0 36866
36868 35727 1:0 36870
36868 49462 1:0 36875
36869 49676 1:0 36869
36869 49675 1:0 36869
36872 35727 21:0 36877
36876 49600 1:0 36878
36876 49245 1:0 36878
36876 607 21:0 36880
36877 609 1:0 36877
36879 35731 1:0 36881
36879 49019 1:0 36884
36883 49674 1:0 36883
36883 35731 21:0 36886
36885 49369 1:0 36887
36885 49347 1:0 36887
36885 609 21:0 36889
36886 605 1:0 36886
36888 35734 1:0 36891
36888 49476 1:0 36915
36893 35734 21:0 36952
36916 35752 1:0 36918
36919 49662 1:0 36921
36926 749 1:0 36932
36948 601 1:0 36949
36951 35761 1:0 36953
36951 605 21:0 36975
36957 599 1:0 36958
36960 35763 1:0 36963
36967 49428 1:0 36969
36970 35766 1:0 36973
36972 49644 1:0 36972
36975 35766 21:0 36997
36996 35761 21:0 36997
36996 35752 21:0 36997
36996 35763 21:0 36997
36996 603 21:0 36997
36996 597 21:0 36997
36996 599 21:0 36997
36996 601 21:0 36997
36996 749 21:0 36997
36996 459 1:0 36998
36996 447 1:0 36998
36997 589 1:0 36997
36999 35784 1:0 37001
36999 48953 1:0 37006
37000 49643 1:0 37000
37000 49642 1:0 37000
37003 35784 21:0 37008
37007 49231 1:0 37009
37007 49346 1:0 37009
37007 589 21:0 37011
37008 591 1:0 37008
37010 35788 1:0 37012
37010 49442 1:0 37015
37014 49641 1:0 37014
37014 35788 21:0 37017
37016 357 1:0 37018
37016 35818 1:0 37018
37016 583 1:0 37018
37016 49525 1:0 37018
37016 591 21:0 37020
37017 587 1:0 37017
37019 35791 1:0 37022
37019 409 1:0 37046
37024 35791 21:0 37083
37044 49629 1:0 37046
37044 749 1:0 37046
37047 35809 1:0 37049
37047 49429 1:0 37097
37082 587 21:0 37106
37088 581 1:0 37089
37091 35820 1:0 37094
37098 49151 1:0 37100
37101 35823 1:0 37104
37106 35823 21:0 37128
37127 583 21:0 37128
37127 581 21:0 37128
37127 749 21:0 37128
37127 35820 21:0 37128
37127 579 21:0 37128
37127 35818 21:0 37128
37127 35809 21:0 37128
37127 585 21:0 37128
37127 49323 1:0 37129
37127 49411 1:0 37129
37128 571 1:0 37128
37130 35841 1:0 37132
37130 49554 1:0 37137
37131 49610 1:0 37131
37134 35841 21:0 37139
37138 371 1:0 37140
37138 219 1:0 37140
37138 571 21:0 37142
37139 573 1:0 37139
37141 35845 1:0 37143
37141 49294 1:0 37146
37145 49608 1:0 37145
37145 35845 21:0 37148
37147 49380 1:0 37149
37147 35875 1:0 37149
37147 48881 1:0 37149
37147 565 1:0 37149
37147 573 21:0 37151
37148 569 1:0 37148
37150 35848 1:0 37153
37150 49148 1:0 37177
37155 35848 21:0 37214
37175 749 1:0 37177
37175 49596 1:0 37177
37178 35866 1:0 37180
37178 49329 1:0 37228
37213 569 21:0 37237
37219 563 1:0 37220
37222 35877 1:0 37225
37229 49065 1:0 37231
37232 35880 1:0 37235
37234 49578 1:0 37234
37236 35866 21:0 37259
37258 749 21:0 37259
37258 561 21:0 37259
37258 567 21:0 37259
37258 563 21:0 37259
37258 565 21:0 37259
37258 35880 21:0 37259
37258 35875 21:0 37259
37258 35877 21:0 37259
37258 417 1:0 37260
37258 49149 1:0 37260
37259 553 1:0 37259
37261 35898 1:0 37263
37261 49501 1:0 37268
37262 49576 1:0 37262
37262 49577 1:0 37262
37265 35898 21:0 37270
37269 49378 1:0 37271
37269 49145 1:0 37271
37269 553 21:0 37273
37270 555 1:0 37270
37272 35902 1:0 37274
37272 49237 1:0 37277
37276 49575 1:0 37276
37276 35902 21:0 37279
37278 35932 1:0 37280
37278 35934 1:0 37280
37278 545 1:0 37280
37278 547 1:0 37280
37278 373 1:0 37280
37278 49158 1:0 37280
37278 555 21:0 37282
37281 35905 1:0 37284
37281 35923 1:0 37297
37281 35937 1:0 37297
37286 35905 21:0 37345
37292 749 1:0 37293
37294 49563 1:0 37297
37298 49344 1:0 37349
37344 551 21:0 37368
37350 49377 1:0 37388
37368 35937 21:0 37390
37387 49545 1:0 37387
37389 35934 21:0 37390
37389 549 21:0 37390
37389 749 21:0 37390
37389 545 21:0 37390
37389 35923 21:0 37390
37389 547 21:0 37390
37389 35932 21:0 37390
37389 543 21:0 37390
37389 49072 1:0 37391
37389 49146 1:0 37391
37390 535 1:0 37390
37392 35955 1:0 37394
37392 48638 1:0 37399
37393 49544 1:0 37393
37396 35955 21:0 37401
37400 425 1:0 37402
37400 49265 1:0 37402
37400 535 21:0 37404
37401 537 1:0 37401
37403 35959 1:0 37405
37403 49330 1:0 37408
37407 49542 1:0 37407
37407 35959 21:0 37410
37409 35991 1:0 37411
37409 35989 1:0 37411
37409 529 1:0 37411
37409 49313 1:0 37411
37409 527 1:0 37411
37409 49360 1:0 37411
37409 537 21:0 37413
37412 35962 1:0 37415
37412 35994 1:0 37426
37412 35980 1:0 37426
37417 35962 21:0 37476
37423 749 1:0 37424
37425 49530 1:0 37426
37427 49182 1:0 37480
37475 533 21:0 37499
37481 443 1:0 37519
37498 35980 21:0 37521
37518 49512 1:0 37518
37520 35991 21:0 37521
37520 527 21:0 37521
37520 529 21:0 37521
37520 531 21:0 37521
37520 525 21:0 37521
37520 35994 21:0 37521
37520 749 21:0 37521
37520 35989 21:0 37521
37520 48795 1:0 37522
37520 49314 1:0 37522
37521 517 1:0 37521
37523 36012 1:0 37525
37523 49494 1:0 37530
37524 49511 1:0 37524
37524 49510 1:0 37524
37527 36012 21:0 37532
37531 49017 1:0 37533
37531 48874 1:0 37533
37531 517 21:0 37535
37532 519 1:0 37532
37534 36016 1:0 37536
37534 49396 1:0 37539
37538 49509 1:0 37538
37538 36016 21:0 37541
37540 36046 1:0 37542
37540 48860 1:0 37542
37540 36048 1:0 37542
37540 511 1:0 37542
37540 509 1:0 37542
37540 49215 1:0 37542
37540 519 21:0 37544
37541 515 1:0 37541
37543 36019 1:0 37546
37543 36037 1:0 37557
37543 36051 1:0 37557
37548 36019 21:0 37607
37554 749 1:0 37555
37556 49497 1:0 37557
37558 391 1:0 37611
37606 515 21:0 37630
37612 49279 1:0 37650
37629 36037 21:0 37652
37649 49479 1:0 37649
37651 749 21:0 37652
37651 513 21:0 37652
37651 507 21:0 37652
37651 36051 21:0 37652
37651 511 21:0 37652
37651 509 21:0 37652
37651 36046 21:0 37652
37651 36048 21:0 37652
37651 49213 1:0 37653
37651 49171 1:0 37653
37654 36069 1:0 37656
37654 48940 1:0 37661
37655 49477 1:0 37655
37658 36069 21:0 37663
37662 49312 1:0 37664
37662 49032 1:0 37664
37662 499 21:0 37666
37665 36073 1:0 37667
37665 49327 1:0 37670
37669 36073 21:0 37672
37671 493 1:0 37673
37671 491 1:0 37673
37671 49296 1:0 37673
37671 36105 1:0 37673
37671 36103 1:0 37673
37671 353 1:0 37673
37671 501 21:0 37675
37672 497 1:0 37672
37674 36076 1:0 37677
37674 36094 1:0 37691
37674 36108 1:0 37691
37679 36076 21:0 37738
37685 749 1:0 37686
37687 49464 1:0 37691
37692 355 1:0 37742
37737 497 21:0 37761
37743 299 1:0 37781
37760 36094 21:0 37783
37780 49446 1:0 37780
37782 36108 21:0 37783
37782 495 21:0 37783
37782 489 21:0 37783
37782 749 21:0 37783
37782 36103 21:0 37783
37782 36105 21:0 37783
37782 491 21:0 37783
37782 493 21:0 37783
37782 49067 1:0 37784
37782 49248 1:0 37784
37785 36126 1:0 37787
37785 333 1:0 37792
37789 36126 21:0 37794
37793 153 1:0 37795
37793 389 1:0 37795
37793 481 21:0 37797
37796 36130 1:0 37798
37796 49091 1:0 37801
37800 36130 21:0 37803
37802 475 1:0 37804
37802 36160 1:0 37804
37802 36162 1:0 37804
37802 49059 1:0 37804
37802 49147 1:0 37804
37802 473 1:0 37804
37802 483 21:0 37806
37803 479 1:0 37803
37805 36133 1:0 37808
37805 36151 1:0 37821
37805 36165 1:0 37821
37810 36133 21:0 37869
37816 749 1:0 37817
37818 49431 1:0 37821
37822 49246 1:0 37873
37868 479 21:0 37892
37874 375 1:0 37912
37891 36151 21:0 37914
37911 49413 1:0 37911
37913 36160 21:0 37914
37913 475 21:0 37914
37913 473 21:0 37914
37913 36162 21:0 37914
37913 477 21:0 37914
37913 36165 21:0 37914
37913 471 21:0 37914
37913 749 21:0 37914
37913 49278 1:0 37915
37913 49289 1:0 37915
37916 36183 1:0 37918
37916 237 1:0 37923
37917 49412 1:0 37917
37920 36183 21:0 37925
37924 49228 1:0 37926
37924 49115 1:0 37926
37924 463 21:0 37928
37927 36187 1:0 37929
37927 243 1:0 37932
37931 49410 1:0 37931
37931 36187 21:0 37934
37933 49179 1:0 37935
37933 455 1:0 37935
37933 457 1:0 37935
37933 36219 1:0 37935
37933 49210 1:0 37935
37933 36217 1:0 37935
37933 465 21:0 37937
37934 461 1:0 37934
37936 36190 1:0 37939
37936 36208 1:0 37950
37936 36222 1:0 37950
37941 36190 21:0 38000
37947 749 1:0 37948
37949 49398 1:0 37950
37951 49181 1:0 38004
37999 461 21:0 38023
38005 49212 1:0 38043
38022 36208 21:0 38045
38044 749 21:0 38045
38044 36222 21:0 38045
38044 457 21:0 38045
38044 455 21:0 38045
38044 36217 21:0 38045
38044 459 21:0 38045
38044 36219 21:0 38045
38044 453 21:0 38045
38044 48827 1:0 38046
38044 49247 1:0 38046
38045 445 1:0 38045
38047 36240 1:0 38049
38047 48799 1:0 38054
38051 36240 21:0 38056
38055 337 1:0 38057
38055 49124 1:0 38057
38055 445 21:0 38059
38058 36244 1:0 38060
38058 49331 1:0 38063
38062 36244 21:0 38065
38064 48964 1:0 38066
38064 437 1:0 38066
38064 36276 1:0 38066
38064 439 1:0 38066
38064 335 1:0 38066
38064 36274 1:0 38066
38064 447 21:0 38068
38067 36247 1:0 38070
38067 36279 1:0 38081
38067 36265 1:0 38081
38069 49375 1:0 38069
38072 36247 21:0 38131
38078 749 1:0 38079
38080 49365 1:0 38081
38082 285 1:0 38135
38130 443 21:0 38154
38136 49180 1:0 38174
38153 36265 21:0 38176
38175 435 21:0 38176
38175 36274 21:0 38176
38175 36276 21:0 38176
38175 749 21:0 38176
38175 441 21:0 38176
38175 439 21:0 38176
38175 437 21:0 38176
38175 36279 21:0 38176
38175 281 1:0 38177
38175 49000 1:0 38177
38176 427 1:0 38176
38178 36297 1:0 38180
38178 49190 1:0 38185
38179 49345 1:0 38179
38182 36297 21:0 38187
38186 283 1:0 38188
38186 49098 1:0 38188
38186 427 21:0 38190
38189 36301 1:0 38191
38189 49276 1:0 38194
38193 36301 21:0 38196
38195 36333 1:0 38197
38195 36331 1:0 38197
38195 319 1:0 38197
38195 419 1:0 38197
38195 421 1:0 38197
38195 93 1:0 38197
38195 429 21:0 38199
38198 36304 1:0 38201
38198 36322 1:0 38215
38198 36336 1:0 38215
38203 36304 21:0 38262
38209 749 1:0 38210
38211 49332 1:0 38215
38214 423 1:0 38214
38216 265 1:0 38266
38261 425 21:0 38285
38265 49322 1:0 38265
38267 301 1:0 38305
38284 36322 21:0 38307
38306 419 21:0 38307
38306 36331 21:0 38307
38306 421 21:0 38307
38306 36336 21:0 38307
38306 417 21:0 38307
38306 749 21:0 38307
38306 36333 21:0 38307
38306 423 21:0 38307
38306 49131 1:0 38308
38306 321 1:0 38308
38309 36354 1:0 38311
38309 49256 1:0 38316
38313 36354 21:0 38318
38315 49310 1:0 38315
38317 49298 1:0 38319
38317 48915 1:0 38319
38317 409 21:0 38321
38318 411 1:0 38318
38320 36358 1:0 38322
38320 49232 1:0 38325
38324 36358 21:0 38327
38326 36390 1:0 38328
38326 401 1:0 38328
38326 49085 1:0 38328
38326 49080 1:0 38328
38326 36388 1:0 38328
38326 403 1:0 38328
38326 411 21:0 38330
38327 407 1:0 38327
38329 36361 1:0 38332
38329 36379 1:0 38344
38329 36393 1:0 38344
38331 49309 1:0 38331
38334 36361 21:0 38393
38340 749 1:0 38341
38342 49299 1:0 38344
38343 49290 1:0 38343
38343 405 1:0 38343
38345 249 1:0 38397
38392 407 21:0 38416
38396 49283 1:0 38396
38398 49081 1:0 38436
38415 36379 21:0 38438
38435 49281 1:0 38435
38437 403 21:0 38438
38437 405 21:0 38438
38437 36388 21:0 38438
38437 749 21:0 38438
38437 36393 21:0 38438
38437 36390 21:0 38438
38437 399 21:0 38438
38437 401 21:0 38438
38437 261 1:0 38439
38437 49016 1:0 38439
38440 36411 1:0 38442
38440 49030 1:0 38447
38441 49280 1:0 38441
38444 36411 21:0 38449
38446 49277 1:0 38446
38448 49099 1:0 38450
38448 49113 1:0 38450
38448 391 21:0 38452
38449 393 1:0 38449
38451 36415 1:0 38453
38451 49177 1:0 38456
38455 36415 21:0 38458
38457 36445 1:0 38459
38457 36447 1:0 38459
38457 49114 1:0 38459
38457 385 1:0 38459
38457 48960 1:0 38459
38457 383 1:0 38459
38457 393 21:0 38461
38460 36418 1:0 38463
38460 36436 1:0 38477
38460 36450 1:0 38477
38462 49270 1:0 38462
38465 36418 21:0 38524
38471 749 1:0 38472
38473 49266 1:0 38477
38476 49264 1:0 38476
38476 387 1:0 38476
38478 317 1:0 38528
38523 389 21:0 38547
38527 381 1:0 38527
38529 49083 1:0 38567
38547 36450 21:0 38569
38568 36447 21:0 38569
38568 36445 21:0 38569
38568 749 21:0 38569
38568 383 21:0 38569
38568 385 21:0 38569
38568 36436 21:0 38569
38568 387 21:0 38569
38568 381 21:0 38569
38568 255 1:0 38570
38568 48882 1:0 38570
38571 36468 1:0 38573
38571 49063 1:0 38578
38575 36468 21:0 38580
38577 49244 1:0 38577
38579 48865 1:0 38581
38579 303 1:0 38581
38579 373 21:0 38583
38582 36472 1:0 38584
38582 48728 1:0 38587
38586 36472 21:0 38589
38588 36502 1:0 38590
38588 365 1:0 38590
38588 367 1:0 38590
38588 36504 1:0 38590
38588 49082 1:0 38590
38588 201 1:0 38590
38588 375 21:0 38592
38591 36475 1:0 38594
38591 36507 1:0 38605
38591 36493 1:0 38605
38596 36475 21:0 38655
38602 749 1:0 38603
38604 49224 1:0 38604
38604 49230 1:0 38604
38604 49233 1:0 38605
38606 49116 1:0 38659
38654 371 21:0 38678
38658 363 1:0 38658
38658 49223 1:0 38658
38660 247 1:0 38698
38678 36507 21:0 38700
38699 36493 21:0 38700
38699 367 21:0 38700
38699 363 21:0 38700
38699 749 21:0 38700
38699 365 21:0 38700
38699 36502 21:0 38700
38699 369 21:0 38700
38699 36504 21:0 38700
38699 49050 1:0 38701
38699 48920 1:0 38701
38702 36525 1:0 38704
38702 49112 1:0 38709
38706 36525 21:0 38711
38708 49211 1:0 38708
38710 245 1:0 38712
38710 48667 1:0 38712
38710 355 21:0 38714
38713 36529 1:0 38715
38713 48914 1:0 38718
38717 36529 21:0 38720
38719 263 1:0 38721
38719 36561 1:0 38721
38719 49096 1:0 38721
38719 347 1:0 38721
38719 36559 1:0 38721
38719 349 1:0 38721
38719 357 21:0 38723
38722 36532 1:0 38725
38722 36564 1:0 38738
38722 36550 1:0 38738
38724 49204 1:0 38724
38727 36532 21:0 38786
38733 749 1:0 38734
38735 49200 1:0 38738
38737 351 1:0 38737
38737 49198 1:0 38737
38737 49199 1:0 38737
38739 267 1:0 38790
38785 353 21:0 38809
38789 345 1:0 38789
38791 49049 1:0 38829
38808 36550 21:0 38831
38830 345 21:0 38831
38830 351 21:0 38831
38830 347 21:0 38831
38830 36564 21:0 38831
38830 36559 21:0 38831
38830 349 21:0 38831
38830 36561 21:0 38831
38830 749 21:0 38831
38830 49047 1:0 38832
38830 49118 1:0 38832
38833 36582 1:0 38835
38833 48959 1:0 38840
38837 36582 21:0 38842
38841 49138 1:0 38843
38841 229 1:0 38843
38841 337 21:0 38845
38844 36586 1:0 38846
38844 48835 1:0 38849
38848 36586 21:0 38851
38850 329 1:0 38852
38850 36618 1:0 38852
38850 48981 1:0 38852
38850 331 1:0 38852
38850 48709 1:0 38852
38850 36616 1:0 38852
38850 339 21:0 38854
38853 36589 1:0 38856
38853 36607 1:0 38867
38853 36621 1:0 38867
38858 36589 21:0 38917
38864 749 1:0 38865
38866 49164 1:0 38866
38866 49162 1:0 38866
38866 49165 1:0 38866
38866 49167 1:0 38867
38868 49048 1:0 38921
38916 335 21:0 38940
38920 327 1:0 38920
38920 49157 1:0 38920
38922 48984 1:0 38960
38939 36607 21:0 38962
38961 749 21:0 38962
38961 36616 21:0 38962
38961 333 21:0 38962
38961 327 21:0 38962
38961 36621 21:0 38962
38961 329 21:0 38962
38961 331 21:0 38962
38961 36618 21:0 38962
38961 49066 1:0 38963
38961 48951 1:0 38963
38964 36639 1:0 38966
38964 48926 1:0 38971
38968 36639 21:0 38973
38972 48997 1:0 38974
38972 209 1:0 38974
38972 319 21:0 38976
38975 36643 1:0 38977
38975 297 1:0 38980
38979 36643 21:0 38982
38981 311 1:0 38983
38981 49012 1:0 38983
38981 36675 1:0 38983
38981 36673 1:0 38983
38981 48950 1:0 38983
38981 313 1:0 38983
38981 321 21:0 38985
38984 36646 1:0 38987
38984 36664 1:0 38998
38984 36678 1:0 38998
38986 49144 1:0 38986
38989 36646 21:0 39048
38995 749 1:0 38996
38997 49132 1:0 38997
38997 315 1:0 38997
38997 49133 1:0 38997
38997 49125 1:0 38997
38997 49129 1:0 38997
38997 49134 1:0 38998
38999 49015 1:0 39052
39047 317 21:0 39071
39051 309 1:0 39051
39053 231 1:0 39091
39070 36664 21:0 39093
39092 36678 21:0 39093
39092 313 21:0 39093
39092 311 21:0 39093
39092 749 21:0 39093
39092 36673 21:0 39093
39092 36675 21:0 39093
39092 309 21:0 39093
39092 315 21:0 39093
39092 48788 1:0 39094
39092 49014 1:0 39094
39095 36696 1:0 39097
39095 48947 1:0 39102
39099 36696 21:0 39104
39103 48982 1:0 39105
39103 48979 1:0 39105
39103 301 21:0 39107
39106 36700 1:0 39108
39106 291 1:0 39111
39110 36700 21:0 39113
39112 293 1:0 39114
39112 36732 1:0 39114
39112 36730 1:0 39114
39112 227 1:0 39114
39112 48968 1:0 39114
39112 295 1:0 39114
39112 303 21:0 39116
39115 36703 1:0 39118
39115 36735 1:0 39128
39115 36721 1:0 39128
39117 49111 1:0 39117
39117 49105 1:0 39117
39120 36703 21:0 39179
39126 749 1:0 39128
39127 49100 1:0 39127
39128 49101 1:0 39128
39129 211 1:0 39183
39178 299 21:0 39202
39184 193 1:0 39222
39201 36721 21:0 39224
39223 749 21:0 39224
39223 36732 21:0 39224
39223 36730 21:0 39224
39223 295 21:0 39224
39223 293 21:0 39224
39223 291 21:0 39224
39223 36735 21:0 39224
39223 297 21:0 39224
39223 129 1:0 39225
39223 48948 1:0 39225
39226 36753 1:0 39228
39226 48848 1:0 39233
39230 36753 21:0 39235
39234 48918 1:0 39236
39234 48794 1:0 39236
39234 283 21:0 39238
39237 36757 1:0 39239
39237 147 1:0 39242
39241 36757 21:0 39244
39243 48894 1:0 39245
39243 213 1:0 39245
39243 277 1:0 39245
39243 36787 1:0 39245
39243 36789 1:0 39245
39243 275 1:0 39245
39243 285 21:0 39247
39246 36760 1:0 39249
39246 36778 1:0 39259
39246 36792 1:0 39259
39248 49078 1:0 39248
39251 36760 21:0 39310
39257 749 1:0 39259
39259 49068 1:0 39259
39260 48916 1:0 39314
39309 281 21:0 39333
39313 49058 1:0 39313
39313 273 1:0 39313
39313 49052 1:0 39313
39315 48949 1:0 39353
39332 36778 21:0 39355
39354 279 21:0 39355
39354 36792 21:0 39355
39354 273 21:0 39355
39354 36787 21:0 39355
39354 36789 21:0 39355
39354 277 21:0 39355
39354 275 21:0 39355
39354 749 21:0 39355
39354 48637 1:0 39356
39354 48983 1:0 39356
39357 36810 1:0 39359
39357 48847 1:0 39364
39361 36810 21:0 39366
39363 49046 1:0 39363
39365 48683 1:0 39367
39365 195 1:0 39367
39365 265 21:0 39369
39368 36814 1:0 39370
39368 48834 1:0 39373
39372 36814 21:0 39375
39374 36844 1:0 39376
39374 259 1:0 39376
39374 257 1:0 39376
39374 36846 1:0 39376
39374 48883 1:0 39376
39374 48933 1:0 39376
39374 267 21:0 39378
39377 36817 1:0 39380
39377 36849 1:0 39390
39377 36835 1:0 39390
39379 49039 1:0 39379
39379 49045 1:0 39379
39382 36817 21:0 39441
39388 749 1:0 39390
39389 49026 1:0 39389
39389 49034 1:0 39389
39389 49033 1:0 39389
39390 49035 1:0 39390
39391 173 1:0 39445
39440 263 21:0 39464
39444 49025 1:0 39444
39446 191 1:0 39484
39464 36849 21:0 39486
39485 36844 21:0 39486
39485 259 21:0 39486
39485 255 21:0 39486
39485 36835 21:0 39486
39485 257 21:0 39486
39485 261 21:0 39486
39485 749 21:0 39486
39485 36846 21:0 39486
39485 177 1:0 39487
39485 48766 1:0 39487
39488 36867 1:0 39490
39488 48902 1:0 39495
39492 36867 21:0 39497
39494 49013 1:0 39494
39496 48884 1:0 39498
39496 48869 1:0 39498
39496 247 21:0 39500
39499 36871 1:0 39501
39499 48836 1:0 39504
39503 36871 21:0 39506
39505 48850 1:0 39507
39505 36901 1:0 39507
39505 36903 1:0 39507
39505 48907 1:0 39507
39505 239 1:0 39507
39505 241 1:0 39507
39505 249 21:0 39509
39508 36874 1:0 39511
39508 36892 1:0 39522
39508 36906 1:0 39522
39510 49006 1:0 39510
39513 36874 21:0 39572
39519 749 1:0 39520
39521 49001 1:0 39521
39521 48993 1:0 39521
39521 49002 1:0 39522
39523 175 1:0 39576
39571 245 21:0 39595
39575 48986 1:0 39575
39575 48992 1:0 39575
39577 48852 1:0 39615
39595 36906 21:0 39617
39616 239 21:0 39617
39616 241 21:0 39617
39616 36892 21:0 39617
39616 749 21:0 39617
39616 36903 21:0 39617
39616 36901 21:0 39617
39616 237 21:0 39617
39616 243 21:0 39617
39616 159 1:0 39618
39616 48821 1:0 39618
39619 36924 1:0 39621
39619 171 1:0 39626
39623 36924 21:0 39628
39627 48808 1:0 39629
39627 48917 1:0 39629
39627 229 21:0 39631
39630 36928 1:0 39632
39630 225 1:0 39635
39634 36928 21:0 39637
39636 223 1:0 39638
39636 36960 1:0 39638
39636 48885 1:0 39638
39636 48880 1:0 39638
39636 36958 1:0 39638
39636 221 1:0 39638
39636 231 21:0 39640
39639 36931 1:0 39642
39639 36963 1:0 39655
39639 36949 1:0 39655
39641 48973 1:0 39641
39644 36931 21:0 39703
39650 749 1:0 39651
39652 48969 1:0 39655
39654 48967 1:0 39654
39654 48966 1:0 39654
39656 48819 1:0 39707
39702 227 21:0 39726
39708 157 1:0 39746
39725 36949 21:0 39748
39747 223 21:0 39748
39747 221 21:0 39748
39747 36958 21:0 39748
39747 36960 21:0 39748
39747 36963 21:0 39748
39747 225 21:0 39748
39747 219 21:0 39748
39747 749 21:0 39748
39747 48769 1:0 39749
39747 48849 1:0 39749
39750 36981 1:0 39752
39750 48729 1:0 39757
39754 36981 21:0 39759
39758 139 1:0 39760
39758 48735 1:0 39760
39758 211 21:0 39762
39761 36985 1:0 39763
39761 48768 1:0 39766
39765 36985 21:0 39768
39767 203 1:0 39769
39767 48818 1:0 39769
39767 205 1:0 39769
39767 37017 1:0 39769
39767 37015 1:0 39769
39767 48663 1:0 39769
39767 213 21:0 39771
39770 36988 1:0 39773
39770 37020 1:0 39784
39770 37006 1:0 39784
39772 48946 1:0 39772
39775 36988 21:0 39834
39781 749 1:0 39782
39783 48935 1:0 39783
39783 48927 1:0 39783
39783 48934 1:0 39783
39783 207 1:0 39783
39783 48936 1:0 39784
39785 48817 1:0 39838
39833 37006 21:0 39850
39839 155 1:0 39877
39849 207 21:0 39853
39852 749 21:0 39853
39852 203 21:0 39853
39852 205 21:0 39853
39852 37017 21:0 39853
39852 37015 21:0 39853
39857 37020 21:0 39879
39878 209 21:0 39879
39878 48851 1:0 39880
39878 48841 1:0 39880
39878 201 21:0 39882
39881 37038 1:0 39883
39881 48597 1:0 39888
39885 37038 21:0 39890
39889 39 1:0 39891
39889 141 1:0 39891
39889 193 21:0 39893
39892 37042 1:0 39894
39892 48900 1:0 39897
39896 37042 21:0 39899
39898 37074 1:0 39900
39898 187 1:0 39900
39898 185 1:0 39900
39898 48783 1:0 39900
39898 37072 1:0 39900
39898 48715 1:0 39900
39898 195 21:0 39902
39901 37045 1:0 39904
39901 37063 1:0 39915
39901 37077 1:0 39915
39903 48913 1:0 39903
39906 37045 21:0 39965
39912 749 1:0 39913
39914 48898 1:0 39914
39914 189 1:0 39914
39914 48901 1:0 39914
39914 48903 1:0 39915
39916 48816 1:0 39969
39964 37063 21:0 39981
39968 48887 1:0 39968
39968 183 1:0 39968
39970 48785 1:0 40008
39980 189 21:0 39984
39983 187 21:0 39984
39983 37074 21:0 39984
39983 749 21:0 39984
39983 185 21:0 39984
39983 37072 21:0 39984
39988 37077 21:0 40010
40009 191 21:0 40010
40009 48786 1:0 40011
40009 48802 1:0 40011
40009 183 21:0 40013
40012 37095 1:0 40014
40012 48762 1:0 40019
40016 37095 21:0 40021
40020 121 1:0 40022
40020 48782 1:0 40022
40020 175 21:0 40024
40023 37099 1:0 40025
40023 48815 1:0 40028
40027 37099 21:0 40030
40029 167 1:0 40031
40029 169 1:0 40031
40029 48695 1:0 40031
40029 37129 1:0 40031
40029 37131 1:0 40031
40029 48784 1:0 40031
40029 177 21:0 40033
40032 37102 1:0 40035
40032 37134 1:0 40046
40032 37120 1:0 40046
40037 37102 21:0 40096
40043 749 1:0 40044
40045 48861 1:0 40045
40045 48867 1:0 40045
40045 48870 1:0 40046
40047 123 1:0 40100
40095 37120 21:0 40112
40099 165 1:0 40099
40099 48854 1:0 40099
40101 48753 1:0 40139
40111 171 21:0 40115
40114 749 21:0 40115
40114 37131 21:0 40115
40114 37129 21:0 40115
40114 169 21:0 40115
40114 167 21:0 40115
40119 37134 21:0 40141
40140 173 21:0 40141
40140 137 1:0 40142
40140 48682 1:0 40142
40140 165 21:0 40144
40143 37152 1:0 40145
40143 48737 1:0 40150
40147 37152 21:0 40152
40151 119 1:0 40153
40151 48704 1:0 40153
40151 157 21:0 40155
40154 37156 1:0 40156
40154 48775 1:0 40159
40158 37156 21:0 40161
40160 149 1:0 40162
40160 103 1:0 40162
40160 48770 1:0 40162
40160 37188 1:0 40162
40160 151 1:0 40162
40160 37186 1:0 40162
40160 159 21:0 40164
40163 37159 1:0 40166
40163 37191 1:0 40177
40163 37177 1:0 40177
40168 37159 21:0 40227
40174 749 1:0 40175
40176 48832 1:0 40176
40176 48828 1:0 40176
40176 48837 1:0 40177
40178 48752 1:0 40231
40226 37177 21:0 40243
40232 48750 1:0 40270
40242 153 21:0 40246
40245 37186 21:0 40246
40245 149 21:0 40246
40245 151 21:0 40246
40245 749 21:0 40246
40245 37188 21:0 40246
40250 37191 21:0 40272
40271 155 21:0 40272
40271 87 1:0 40273
40271 48736 1:0 40273
40271 147 21:0 40275
40274 37209 1:0 40276
40274 48630 1:0 40281
40278 37209 21:0 40283
40282 48781 1:0 40284
40282 67 1:0 40284
40282 139 21:0 40286
40285 37213 1:0 40287
40285 48761 1:0 40290
40289 37213 21:0 40292
40291 131 1:0 40293
40291 101 1:0 40293
40291 37245 1:0 40293
40291 37243 1:0 40293
40291 48742 1:0 40293
40291 133 1:0 40293
40291 141 21:0 40295
40294 37216 1:0 40297
40294 37248 1:0 40311
40294 37234 1:0 40311
40296 48814 1:0 40296
40299 37216 21:0 40358
40305 749 1:0 40306
40307 48804 1:0 40311
40310 135 1:0 40310
40310 48803 1:0 40310
40310 48801 1:0 40310
40312 105 1:0 40362
40357 37234 21:0 40374
40363 48751 1:0 40401
40373 135 21:0 40377
40376 37243 21:0 40377
40376 749 21:0 40377
40376 37245 21:0 40377
40376 133 21:0 40377
40376 131 21:0 40377
40381 37248 21:0 40403
40402 137 21:0 40403
40402 48719 1:0 40404
40402 48700 1:0 40404
40402 129 21:0 40406
40405 37266 1:0 40407
40405 48671 1:0 40412
40409 37266 21:0 40414
40413 83 1:0 40415
40413 48696 1:0 40415
40413 121 21:0 40417
40416 37270 1:0 40418
40416 57 1:0 40421
40420 37270 21:0 40423
40422 37300 1:0 40424
40422 85 1:0 40424
40422 48605 1:0 40424
40422 37302 1:0 40424
40422 115 1:0 40424
40422 113 1:0 40424
40422 123 21:0 40426
40425 37273 1:0 40428
40425 37291 1:0 40442
40425 37305 1:0 40442
40430 37273 21:0 40489
40436 749 1:0 40437
40438 48771 1:0 40442
40441 117 1:0 40441
40443 48720 1:0 40493
40488 37291 21:0 40505
40492 48755 1:0 40492
40494 48687 1:0 40532
40504 117 21:0 40508
40507 113 21:0 40508
40507 749 21:0 40508
40507 37302 21:0 40508
40507 115 21:0 40508
40507 37300 21:0 40508
40512 37305 21:0 40534
40533 119 21:0 40534
40533 48718 1:0 40535
40533 48662 1:0 40535
40533 111 21:0 40537
40536 37323 1:0 40538
40536 48629 1:0 40543
40540 37323 21:0 40545
40542 48749 1:0 40542
40544 48676 1:0 40546
40544 48685 1:0 40546
40544 103 21:0 40548
40547 37327 1:0 40549
40547 99 1:0 40552
40551 37327 21:0 40554
40553 95 1:0 40555
40553 48686 1:0 40555
40553 37357 1:0 40555
40553 48670 1:0 40555
40553 37359 1:0 40555
40553 97 1:0 40555
40553 105 21:0 40557
40556 37330 1:0 40559
40556 37362 1:0 40573
40556 37348 1:0 40573
40558 48748 1:0 40558
40561 37330 21:0 40620
40567 749 1:0 40568
40569 48738 1:0 40573
40574 69 1:0 40624
40619 37348 21:0 40636
40623 48722 1:0 40623
40625 48717 1:0 40663
40635 37359 21:0 40636
40635 37357 21:0 40636
40635 99 21:0 40639
40638 95 21:0 40639
40638 749 21:0 40639
40638 97 21:0 40639
40643 37362 21:0 40665
40664 101 21:0 40665
40664 49 1:0 40666
40664 48716 1:0 40666
40664 93 21:0 40668
40667 37380 1:0 40669
40667 48703 1:0 40674
40671 37380 21:0 40676
40675 48650 1:0 40677
40675 51 1:0 40677
40675 85 21:0 40679
40678 37384 1:0 40680
40678 81 1:0 40683
40682 37384 21:0 40685
40684 48656 1:0 40686
40684 37416 1:0 40686
40684 37414 1:0 40686
40684 79 1:0 40686
40684 77 1:0 40686
40684 48684 1:0 40686
40684 87 21:0 40688
40687 37387 1:0 40690
40687 37419 1:0 40704
40687 37405 1:0 40704
40692 37387 21:0 40751
40698 749 1:0 40699
40700 48705 1:0 40704
40703 48702 1:0 40703
40705 48654 1:0 40755
40750 37405 21:0 40767
40754 48689 1:0 40754
40756 65 1:0 40794
40766 37414 21:0 40767
40766 37416 21:0 40767
40766 81 21:0 40770
40769 79 21:0 40770
40769 749 21:0 40770
40769 77 21:0 40770
40774 37419 21:0 40796
40795 83 21:0 40796
40795 48652 1:0 40797
40795 27 1:0 40797
40795 75 21:0 40799
40798 37437 1:0 40800
40798 48604 1:0 40805
40802 37437 21:0 40807
40806 48601 1:0 40808
40806 48653 1:0 40808
40806 67 21:0 40810
40809 37441 1:0 40811
40809 48636 1:0 40814
40813 37441 21:0 40816
40815 59 1:0 40817
40815 37473 1:0 40817
40815 37471 1:0 40817
40815 48634 1:0 40817
40815 48621 1:0 40817
40815 61 1:0 40817
40815 69 21:0 40819
40818 37444 1:0 40821
40818 37476 1:0 40835
40818 37462 1:0 40835
40823 37444 21:0 40882
40829 749 1:0 40830
40831 48672 1:0 40835
40834 63 1:0 40834
40834 48669 1:0 40834
40836 47 1:0 40886
40881 37462 21:0 40898
40887 48651 1:0 40925
40897 37471 21:0 40898
40897 37473 21:0 40898
40897 63 21:0 40901
40900 749 21:0 40901
40900 59 21:0 40901
40900 61 21:0 40901
40905 37476 21:0 40927
40926 65 21:0 40927
40926 48649 1:0 40928
40926 31 1:0 40928
40926 57 21:0 40930
40929 37494 1:0 40931
40929 48617 1:0 40936
40933 37494 21:0 40938
40937 29 1:0 40939
40937 48596 1:0 40939
40937 49 21:0 40941
40940 37498 1:0 40942
40940 48616 1:0 40945
40944 37498 21:0 40947
40946 37530 1:0 40948
40946 48618 1:0 40948
40946 37528 1:0 40948
40946 21 1:0 40948
40946 43 1:0 40948
40946 41 1:0 40948
40946 51 21:0 40950
40949 37501 1:0 40952
40949 37519 1:0 40965
40949 37533 1:0 40965
40951 48643 1:0 40951
40954 37501 21:0 41013
40960 749 1:0 40961
40962 48639 1:0 40965
40966 48620 1:0 41017
41012 37519 21:0 41029
41016 48623 1:0 41016
41018 33 1:0 41056
41028 37528 21:0 41029
41028 37530 21:0 41029
41028 45 21:0 41032
41031 749 21:0 41032
41031 43 21:0 41032
41031 41 21:0 41032
41036 37533 21:0 41058
41057 47 21:0 41058
41057 48619 1:0 41059
41057 48577 1:0 41059
41057 39 21:0 41061
41060 37551 1:0 41062
41060 48584 1:0 41067
41064 37551 21:0 41069
41068 48603 1:0 41070
41068 48588 1:0 41070
41068 31 21:0 41072
41071 37555 1:0 41073
41071 48590 1:0 41076
41075 37555 21:0 41078
41077 25 1:0 41079
41077 23 1:0 41079
41077 37587 1:0 41079
41077 37585 1:0 41079
41077 48610 1:0 41079
41077 48587 1:0 41079
41077 33 21:0 41081
41080 37558 1:0 41083
41080 37576 1:0 41096
41080 37590 1:0 41096
41085 37558 21:0 41144
41091 749 1:0 41092
41093 48606 1:0 41096
41097 13 1:0 41148
41143 37576 21:0 41160
41149 48586 1:0 41187
41159 37587 21:0 41160
41159 37585 21:0 41160
41159 27 21:0 41163
41162 749 21:0 41163
41162 25 21:0 41163
41162 23 21:0 41163
41167 37590 21:0 41189
41188 29 21:0 41189
41188 9 1:0 41190
41188 15 1:0 41190
41188 21 21:0 41192
41191 37608 1:0 41193
41191 48572 1:0 41198
41195 37608 21:0 41200
41199 48585 1:0 41201
41199 48564 1:0 41201
41199 13 21:0 41203
41202 37612 1:0 41204
41202 734 1:0 41207
41206 37612 21:0 41209
41208 11 1:0 41209
41208 48583 1:0 41210
41208 15 21:0 41212
41211 37615 1:0 41214
41211 48568 1:0 41235
41211 48570 1:0 41235
41216 37615 21:0 41275
41236 749 1:0 41238
41236 37642 1:0 41238
41236 48571 1:0 41238
41236 48573 1:0 41238
41236 7 1:0 41238
41239 37633 1:0 41241
41239 3 1:0 41289
41274 37633 21:0 41291
41280 5 1:0 41281
41283 37644 1:0 41286
41290 37642 21:0 41291
41290 37644 21:0 41291
41290 48563 1:0 41292
41290 9 21:0 41294
41293 7 21:0 41294
41293 5 21:0 41294
41293 749 21:0 41294
41293 37647 1:0 41296
41298 37647 21:0 41328
41315 749 1:0 41317
41316 735 1:0 41316
41327 734 21:0 41327
41327 5 1:0 41328
41327 52194 21:0 41336
41331 7 1:0 41332
41335 3 21:0 41364
41335 9 1:0 41365
41363 749 21:0 41364
41364 52202 21:0 41369
41368 52199 21:0 41380
41379 9 21:0 41380
41379 7 21:0 41380
41379 52201 21:0 41380
41379 52204 21:0 41380
41379 5 21:0 41380
41379 735 21:0 41380
41379 52195 21:0 41380
41379 15 1:0 41381
41380 11 21:0 41385
41384 52214 21:0 41385
41384 13 1:0 41386
41385 15 21:0 41390
41389 21 1:0 41400
41389 25 1:0 41402
41389 23 1:0 41402
41389 27 1:0 41402
41389 52216 21:0 41404
41391 749 1:0 41393
41403 29 1:0 41452
41403 52217 21:0 41456
41455 13 21:0 41456
41455 33 1:0 41457
41455 52218 21:0 41461
41460 31 1:0 41462
41460 52219 21:0 41466
41465 33 21:0 41466
41465 39 1:0 41476
41465 45 1:0 41478
41465 41 1:0 41478
41465 43 1:0 41478
41465 52249 21:0 41484
41479 47 1:0 41528
41483 39 21:0 41483
41483 52250 21:0 41532
41531 52267 21:0 41531
41531 29 21:0 41532
41531 51 1:0 41533
41531 31 21:0 41537
41536 49 1:0 41538
41536 52252 21:0 41539
41538 52251 21:0 41542
41541 57 1:0 41552
41541 63 1:0 41554
41541 59 1:0 41554
41541 61 1:0 41554
41541 52283 21:0 41556
41555 65 1:0 41604
41555 47 21:0 41605
41604 51 21:0 41608
41607 69 1:0 41609
41607 52284 21:0 41613
41612 52282 21:0 41613
41612 67 1:0 41614
41612 52285 21:0 41618
41617 52314 21:0 41617
41617 75 1:0 41628
41617 81 1:0 41630
41617 79 1:0 41630
41617 77 1:0 41630
41617 52317 21:0 41632
41631 83 1:0 41680
41631 49 21:0 41684
41683 52320 21:0 41683
41683 52334 21:0 41683
41683 52315 21:0 41684
41683 87 1:0 41685
41683 52316 21:0 41689
41688 67 21:0 41689
41688 85 1:0 41690
41688 69 21:0 41694
41693 93 1:0 41704
41693 99 1:0 41706
41693 95 1:0 41706
41693 97 1:0 41706
41693 52348 21:0 41708
41707 101 1:0 41756
41707 65 21:0 41760
41759 52353 21:0 41759
41759 52318 21:0 41760
41759 105 1:0 41761
41759 83 21:0 41765
41764 52381 21:0 41765
41764 103 1:0 41766
41764 101 21:0 41770
41769 111 1:0 41780
41769 115 1:0 41782
41769 113 1:0 41782
41769 117 1:0 41782
41769 52382 21:0 41784
41783 52392 21:0 41783
41783 52351 21:0 41825
41783 119 1:0 41832
41824 52350 21:0 41836
41835 52386 21:0 41835
41835 123 1:0 41837
41835 52383 21:0 41841
41840 52349 21:0 41841
41840 121 1:0 41842
41840 87 21:0 41846
41845 129 1:0 41856
41845 135 1:0 41858
41845 133 1:0 41858
41845 131 1:0 41858
41845 105 21:0 41860
41859 85 21:0 41901
41859 137 1:0 41908
41900 52430 21:0 41900
41900 123 21:0 41912
41911 135 21:0 41911
41911 52445 21:0 41911
41911 141 1:0 41913
41911 52415 21:0 41917
41916 52417 21:0 41917
41916 139 1:0 41918
41916 52416 21:0 41922
41921 147 1:0 41932
41921 151 1:0 41934
41921 153 1:0 41934
41921 149 1:0 41934
41921 52384 21:0 41936
41935 52439 21:0 41935
41935 52447 21:0 41979
41935 155 1:0 41984
41978 52459 21:0 41978
41978 52414 21:0 41988
41987 52452 21:0 41987
41987 159 1:0 41989
41987 121 21:0 41993
41992 52448 21:0 41993
41992 157 1:0 41994
41992 52449 21:0 41998
41997 165 1:0 42008
41997 167 1:0 42010
41997 169 1:0 42010
41997 171 1:0 42010
41997 103 21:0 42012
42011 119 21:0 42053
42011 173 1:0 42060
42052 165 21:0 42052
42052 52496 21:0 42052
42052 52498 21:0 42052
42052 137 21:0 42064
42063 52485 21:0 42063
42063 177 1:0 42065
42063 52480 21:0 42069
42068 159 21:0 42069
42068 175 1:0 42070
42068 52513 21:0 42074
42073 183 1:0 42084
42073 187 1:0 42086
42073 189 1:0 42086
42073 185 1:0 42086
42073 155 21:0 42088
42087 52524 21:0 42087
42087 141 21:0 42129
42087 191 1:0 42136
42128 52482 21:0 42140
42139 52544 21:0 42139
42139 195 1:0 42141
42139 52516 21:0 42145
42144 52514 21:0 42145
42144 193 1:0 42146
42144 52515 21:0 42150
42149 201 1:0 42160
42149 207 1:0 42162
42149 205 1:0 42162
42149 203 1:0 42162
42149 52481 21:0 42164
42163 177 21:0 42205
42163 209 1:0 42212
42204 52564 21:0 42204
42204 52565 21:0 42204
42204 173 21:0 42216
42215 52551 21:0 42215
42215 213 1:0 42217
42215 157 21:0 42221
42220 52450 21:0 42221
42220 211 1:0 42222
42220 52546 21:0 42226
42225 219 1:0 42236
42225 221 1:0 42238
42225 225 1:0 42238
42225 223 1:0 42238
42225 195 21:0 42240
42239 52571 21:0 42239
42239 193 21:0 42281
42239 227 1:0 42288
42280 219 21:0 42280
42280 52597 21:0 42280
42280 52598 21:0 42280
42280 52595 21:0 42280
42280 52582 21:0 42292
42291 52599 21:0 42291
42291 225 21:0 42291
42291 231 1:0 42293
42291 52549 21:0 42297
42296 52483 21:0 42297
42296 229 1:0 42298
42296 52581 21:0 42302
42301 237 1:0 42312
42301 239 1:0 42314
42301 241 1:0 42314
42301 243 1:0 42314
42301 52579 21:0 42316
42315 52623 21:0 42315
42315 139 21:0 42357
42315 245 1:0 42364
42356 211 21:0 42368
42367 52632 21:0 42367
42367 249 1:0 42369
42367 52548 21:0 42373
42372 52580 21:0 42373
42372 247 1:0 42374
42372 231 21:0 42378
42377 52644 21:0 42377
42377 255 1:0 42388
42377 259 1:0 42390
42377 257 1:0 42390
42377 261 1:0 42390
42377 52615 21:0 42392
42391 52637 21:0 42391
42391 52613 21:0 42433
42391 263 1:0 42440
42432 52661 21:0 42432
42432 255 21:0 42432
42432 52547 21:0 42444
42443 261 21:0 42443
42443 267 1:0 42445
42443 52646 21:0 42449
42448 213 21:0 42449
42448 265 1:0 42450
42448 209 21:0 42454
42453 249 21:0 42454
42453 273 1:0 42464
42453 279 1:0 42466
42453 277 1:0 42466
42453 275 1:0 42466
42453 229 21:0 42509
42467 281 1:0 42516
42508 52697 21:0 42508
42508 52696 21:0 42508
42508 52690 21:0 42508
42508 191 21:0 42520
42519 52709 21:0 42519
42519 285 1:0 42521
42519 245 21:0 42525
42524 52647 21:0 42525
42524 283 1:0 42526
42524 281 21:0 42530
42529 247 21:0 42530
42529 291 1:0 42540
42529 293 1:0 42542
42529 295 1:0 42542
42529 297 1:0 42542
42529 175 21:0 42585
42543 299 1:0 42592
42584 52730 21:0 42584
42584 52723 21:0 42584
42584 52729 21:0 42584
42584 52727 21:0 42584
42584 52679 21:0 42596
42595 52731 21:0 42595
42595 52742 21:0 42595
42595 52716 21:0 42595
42595 303 1:0 42597
42595 52612 21:0 42601
42600 52645 21:0 42601
42600 301 1:0 42602
42600 52680 21:0 42606
42605 52743 21:0 42605
42605 263 21:0 42606
42605 309 1:0 42616
42605 311 1:0 42618
42605 313 1:0 42618
42605 315 1:0 42618
42605 52714 21:0 42661
42619 317 1:0 42668
42660 309 21:0 42660
42660 52755 21:0 42660
42660 52756 21:0 42660
42660 52736 21:0 42660
42660 52747 21:0 42660
42660 285 21:0 42672
42671 52749 21:0 42671
42671 315 21:0 42671
42671 52775 21:0 42671
42671 52764 21:0 42671
42671 321 1:0 42673
42671 52713 21:0 42677
42676 52745 21:0 42677
42676 319 1:0 42678
42676 267 21:0 42682
42681 52776 21:0 42681
42681 52746 21:0 42682
42681 327 1:0 42692
42681 331 1:0 42694
42681 333 1:0 42694
42681 329 1:0 42694
42681 299 21:0 42732
42695 335 1:0 42744
42731 52788 21:0 42731
42731 52769 21:0 42731
42731 52789 21:0 42731
42731 52780 21:0 42731
42731 52678 21:0 42748
42747 52796 21:0 42747
42747 333 21:0 42747
42747 52808 21:0 42747
42747 303 21:0 42748
42747 339 1:0 42749
42747 52614 21:0 42753
42752 337 1:0 42754
42752 52711 21:0 42758
42757 52809 21:0 42757
42757 265 21:0 42758
42757 345 1:0 42768
42757 351 1:0 42770
42757 349 1:0 42770
42757 347 1:0 42770
42757 52779 21:0 42808
42771 353 1:0 42820
42807 52802 21:0 42807
42807 52822 21:0 42807
42807 52778 21:0 42824
42823 52829 21:0 42823
42823 351 21:0 42823
42823 52826 21:0 42823
42823 52815 21:0 42823
42823 52828 21:0 42823
42823 52777 21:0 42824
42823 357 1:0 42825
42823 52681 21:0 42829
42828 353 21:0 42828
42828 355 1:0 42830
42828 321 21:0 42834
42833 227 21:0 42834
42833 363 1:0 42844
42833 369 1:0 42846
42833 365 1:0 42846
42833 367 1:0 42846
42833 52845 21:0 42884
42847 371 1:0 42896
42883 52854 21:0 42883
42883 52835 21:0 42883
42883 52810 21:0 42900
42899 52861 21:0 42899
42899 52843 21:0 42900
42899 375 1:0 42901
42899 52744 21:0 42905
42904 373 1:0 42906
42904 337 21:0 42910
42909 52875 21:0 42909
42909 52712 21:0 42910
42909 381 1:0 42920
42909 383 1:0 42922
42909 387 1:0 42922
42909 385 1:0 42922
42909 52811 21:0 42960
42923 389 1:0 42972
42959 52888 21:0 42959
42959 373 21:0 42959
42959 52813 21:0 42976
42975 52892 21:0 42975
42975 52876 21:0 42976
42975 393 1:0 42977
42975 52812 21:0 42981
42980 391 1:0 42982
42980 301 21:0 42986
42985 375 21:0 42986
42985 399 1:0 42996
42985 401 1:0 42998
42985 405 1:0 42998
42985 403 1:0 42998
42985 371 21:0 43036
42999 407 1:0 43048
43035 52921 21:0 43035
43035 52920 21:0 43035
43035 391 21:0 43035
43035 52846 21:0 43052
43051 52925 21:0 43051
43051 52927 21:0 43051
43051 52929 21:0 43051
43051 405 21:0 43051
43051 52648 21:0 43052
43051 411 1:0 43053
43051 389 21:0 43057
43056 409 1:0 43058
43056 339 21:0 43062
43061 52941 21:0 43061
43061 52944 21:0 43061
43061 52910 21:0 43062
43061 417 1:0 43072
43061 423 1:0 43074
43061 421 1:0 43074
43061 419 1:0 43074
43061 335 21:0 43112
43075 425 1:0 43124
43111 52954 21:0 43111
43111 417 21:0 43111
43111 52945 21:0 43111
43111 283 21:0 43128
43127 52961 21:0 43127
43127 52973 21:0 43127
43127 52962 21:0 43127
43127 52958 21:0 43127
43127 52877 21:0 43128
43127 429 1:0 43129
43127 411 21:0 43133
43132 427 1:0 43134
43132 357 21:0 43138
43137 52974 21:0 43137
43137 52879 21:0 43138
43137 435 1:0 43148
43137 437 1:0 43150
43137 441 1:0 43150
43137 439 1:0 43150
43137 52909 21:0 43188
43151 443 1:0 43200
43187 52986 21:0 43187
43187 435 21:0 43187
43187 52987 21:0 43187
43187 52911 21:0 43204
43203 53006 21:0 43203
43203 52994 21:0 43203
43203 52993 21:0 43203
43203 52995 21:0 43203
43203 52878 21:0 43204
43203 447 1:0 43205
43203 425 21:0 43209
43208 445 1:0 43210
43208 52943 21:0 43214
43213 409 21:0 43214
43213 453 1:0 43224
43213 459 1:0 43226
43213 455 1:0 43226
43213 457 1:0 43226
43213 429 21:0 43236
43227 461 1:0 43276
43235 443 21:0 43280
43279 427 21:0 43280
43279 465 1:0 43281
43279 52844 21:0 43285
43284 461 21:0 43284
43284 463 1:0 43286
43284 53010 21:0 43290
43289 53043 21:0 43289
43289 465 21:0 43289
43289 52976 21:0 43290
43289 471 1:0 43300
43289 477 1:0 43302
43289 475 1:0 43302
43289 473 1:0 43302
43289 447 21:0 43308
43303 479 1:0 43352
43307 53044 21:0 43307
43307 393 21:0 43356
43355 52977 21:0 43356
43355 483 1:0 43357
43355 355 21:0 43361
43360 479 21:0 43360
43360 52203 21:0 43361
43360 481 1:0 43362
43360 53074 21:0 43366
43365 53041 21:0 43366
43365 489 1:0 43376
43365 493 1:0 43378
43365 495 1:0 43378
43365 491 1:0 43378
43365 53076 21:0 43416
43379 497 1:0 43428
43415 53077 21:0 43415
43415 481 21:0 43415
43415 53009 21:0 43432
43431 53011 21:0 43432
43431 501 1:0 43433
43431 52942 21:0 43437
43436 53107 21:0 43436
43436 497 21:0 43436
43436 499 1:0 43438
43436 463 21:0 43442
43441 53108 21:0 43441
43441 53109 21:0 43441
43441 501 21:0 43441
43441 483 21:0 43442
43441 507 1:0 43452
43441 511 1:0 43454
43441 513 1:0 43454
43441 509 1:0 43454
43441 52975 21:0 43492
43455 515 1:0 43504
43491 53110 21:0 43491
43491 499 21:0 43491
43491 53075 21:0 43508
43507 445 21:0 43508
43507 519 1:0 43509
43507 52912 21:0 43513
43512 515 21:0 43512
43512 517 1:0 43514
43512 317 21:0 43518
43517 53142 21:0 43517
43517 519 21:0 43517
43517 407 21:0 43518
43517 52228 21:0 43518
43517 525 1:0 43528
43517 527 1:0 43530
43517 531 1:0 43530
43517 529 1:0 43530
43517 52221 21:0 43532
43531 53143 21:0 43531
43531 52215 21:0 43540
43531 533 1:0 43580
43539 27 21:0 43568
43567 52227 21:0 43573
43572 52234 21:0 43584
43583 52236 21:0 43584
43583 52241 21:0 43584
43583 52208 21:0 43584
43583 52248 21:0 43584
43583 21 21:0 43584
43583 537 1:0 43585
43583 52274 21:0 43589
43588 53173 21:0 43588
43588 533 21:0 43588
43588 52260 21:0 43589
43588 52268 21:0 43589
43588 52235 21:0 43589
43588 52280 21:0 43589
43588 535 1:0 43590
43588 52261 21:0 43594
43593 53175 21:0 43593
43593 52326 21:0 43594
43593 52293 21:0 43594
43593 52298 21:0 43594
43593 52232 21:0 43594
43593 52287 21:0 43594
43593 543 1:0 43604
43593 549 1:0 43606
43593 547 1:0 43606
43593 545 1:0 43606
43593 52331 21:0 43608
43607 535 21:0 43607
43607 52333 21:0 43612
43607 551 1:0 43656
43611 45 21:0 43644
43643 52307 21:0 43649
43648 52300 21:0 43660
43659 52379 21:0 43660
43659 52313 21:0 43660
43659 52247 21:0 43660
43659 52380 21:0 43660
43659 52368 21:0 43660
43659 555 1:0 43661
43659 52254 21:0 43665
43664 551 21:0 43664
43664 52367 21:0 43665
43664 63 21:0 43665
43664 52400 21:0 43665
43664 52393 21:0 43665
43664 553 1:0 43666
43664 52294 21:0 43670
43669 53208 21:0 43669
43669 53207 21:0 43669
43669 52434 21:0 43670
43669 52446 21:0 43670
43669 129 21:0 43670
43669 52335 21:0 43670
43669 81 21:0 43670
43669 561 1:0 43680
43669 565 1:0 43682
43669 563 1:0 43682
43669 567 1:0 43682
43669 52419 21:0 43684
43683 53209 21:0 43683
43683 553 21:0 43683
43683 52302 21:0 43684
43683 52364 21:0 43720
43683 569 1:0 43732
43719 52433 21:0 43725
43724 52401 21:0 43725
43724 52265 21:0 43736
43735 52511 21:0 43736
43735 52532 21:0 43736
43735 117 21:0 43736
43735 52413 21:0 43736
43735 573 1:0 43737
43735 52432 21:0 43741
43740 53239 21:0 43740
43740 569 21:0 43740
43740 52347 21:0 43741
43740 52531 21:0 43741
43740 52463 21:0 43741
43740 52538 21:0 43741
43740 571 1:0 43742
43740 52426 21:0 43746
43745 53240 21:0 43745
43745 573 21:0 43745
43745 52269 21:0 43746
43745 52590 21:0 43746
43745 52399 21:0 43746
43745 52346 21:0 43746
43745 52479 21:0 43746
43745 579 1:0 43756
43745 583 1:0 43758
43745 581 1:0 43758
43745 585 1:0 43758
43745 52518 21:0 43760
43759 53242 21:0 43759
43759 571 21:0 43759
43759 52512 21:0 43760
43759 52529 21:0 43796
43759 587 1:0 43808
43795 53176 21:0 43812
43811 555 21:0 43812
43811 591 1:0 43813
43811 537 21:0 43817
43816 587 21:0 43816
43816 589 1:0 43818
43816 517 21:0 43822
43821 53274 21:0 43821
43821 53273 21:0 43821
43821 591 21:0 43821
43821 53008 21:0 43822
43821 597 1:0 43832
43821 599 1:0 43834
43821 601 1:0 43834
43821 603 1:0 43834
43821 53174 21:0 43872
43835 605 1:0 43884
43871 53275 21:0 43871
43871 589 21:0 43871
43871 319 21:0 43888
43887 53140 21:0 43888
43887 609 1:0 43889
43887 52478 21:0 43893
43892 53305 21:0 43892
43892 153 21:0 43893
43892 52657 21:0 43893
43892 52301 21:0 43893
43892 52545 21:0 43893
43892 52406 21:0 43893
43892 607 1:0 43894
43892 52492 21:0 43898
43897 53307 21:0 43897
43897 53306 21:0 43897
43897 52466 21:0 43898
43897 52562 21:0 43898
43897 52604 21:0 43898
43897 207 21:0 43898
43897 615 1:0 43908
43897 619 1:0 43910
43897 621 1:0 43910
43897 617 1:0 43910
43897 52525 21:0 43912
43911 53308 21:0 43911
43911 607 21:0 43911
43911 99 21:0 43912
43911 52676 21:0 43920
43911 623 1:0 43960
43919 52703 21:0 43953
43952 273 21:0 43953
43952 52643 21:0 43964
43963 75 21:0 43964
43963 52631 21:0 43964
43963 52722 21:0 43964
43963 183 21:0 43964
43963 627 1:0 43965
43963 52630 21:0 43969
43968 53338 21:0 43968
43968 623 21:0 43968
43968 52577 21:0 43969
43968 52467 21:0 43969
43968 327 21:0 43969
43968 52663 21:0 43969
43968 52425 21:0 43969
43968 625 1:0 43970
43968 52694 21:0 43974
43973 53340 21:0 43973
43973 53339 21:0 43973
43973 627 21:0 43973
43973 345 21:0 43974
43973 243 21:0 43974
43973 201 21:0 43974
43973 171 21:0 43974
43973 633 1:0 43984
43973 52533 21:0 43984
43973 635 1:0 43986
43973 637 1:0 43986
43973 639 1:0 43986
43983 625 21:0 43983
43983 53341 21:0 43983
43983 52698 21:0 43988
43987 52689 21:0 43996
43987 641 1:0 44036
43995 52617 21:0 44029
44028 237 21:0 44029
44028 52868 21:0 44040
44039 52656 21:0 44040
44039 52782 21:0 44040
44039 52907 21:0 44040
44039 279 21:0 44040
44039 645 1:0 44041
44039 291 21:0 44045
44044 641 21:0 44044
44044 53371 21:0 44044
44044 52887 21:0 44045
44044 52795 21:0 44045
44044 52624 21:0 44045
44044 52491 21:0 44045
44044 52901 21:0 44045
44044 643 1:0 44046
44044 52670 21:0 44050
44049 645 21:0 44049
44049 53373 21:0 44049
44049 53372 21:0 44049
44049 52610 21:0 44050
44049 52412 21:0 44050
44049 52458 21:0 44050
44049 387 21:0 44050
44049 52591 21:0 44050
44049 651 1:0 44060
44049 653 1:0 44062
44049 657 1:0 44062
44049 655 1:0 44062
44049 93 21:0 44064
44063 643 21:0 44063
44063 53374 21:0 44063
44063 52584 21:0 44072
44063 659 1:0 44112
44071 52664 21:0 44100
44099 52505 21:0 44105
44104 609 21:0 44116
44115 663 1:0 44117
44115 53042 21:0 44121
44120 659 21:0 44120
44120 53404 21:0 44120
44120 52978 21:0 44121
44120 661 1:0 44122
44120 53272 21:0 44126
44125 53405 21:0 44125
44125 663 21:0 44125
44125 53406 21:0 44125
44125 669 1:0 44136
44125 671 1:0 44138
44125 673 1:0 44138
44125 675 1:0 44138
44125 53141 21:0 44140
44139 661 21:0 44139
44139 53407 21:0 44139
44139 605 21:0 44181
44139 677 1:0 44188
44180 53241 21:0 44192
44191 681 1:0 44193
44191 53206 21:0 44197
44196 52677 21:0 44197
44196 52821 21:0 44197
44196 52611 21:0 44197
44196 111 21:0 44197
44196 679 1:0 44198
44196 52797 21:0 44202
44201 52934 21:0 44202
44201 52359 21:0 44202
44201 52914 21:0 44202
44201 52896 21:0 44202
44201 363 21:0 44202
44201 687 1:0 44212
44201 693 1:0 44214
44201 691 1:0 44214
44201 689 1:0 44214
44201 52397 21:0 44216
44215 52842 21:0 44216
44215 52499 21:0 44252
44215 695 1:0 44264
44251 52947 21:0 44257
44256 52566 21:0 44257
44256 52940 21:0 44268
44267 52327 21:0 44268
44267 52628 21:0 44268
44267 53171 21:0 44268
44267 52472 21:0 44268
44267 699 1:0 44269
44267 52762 21:0 44273
44272 189 21:0 44273
44272 52980 21:0 44273
44272 52881 21:0 44273
44272 52894 21:0 44273
44272 697 1:0 44274
44272 52760 21:0 44278
44277 52558 21:0 44278
44277 147 21:0 44278
44277 453 21:0 44278
44277 297 21:0 44278
44277 52360 21:0 44278
44277 705 1:0 44288
44277 711 1:0 44290
44277 707 1:0 44290
44277 709 1:0 44290
44277 52665 21:0 44292
44291 52650 21:0 44292
44291 52373 21:0 44328
44291 713 1:0 44340
44327 52763 21:0 44333
44332 53073 21:0 44333
44332 585 21:0 44344
44343 53160 21:0 44344
44343 53224 21:0 44344
44343 52953 21:0 44344
44343 53118 21:0 44344
44343 717 1:0 44345
44343 52465 21:0 44349
44348 52500 21:0 44349
44348 52991 21:0 44349
44348 52366 21:0 44349
44348 57 21:0 44349
44348 53046 21:0 44349
44348 715 1:0 44350
44348 52281 21:0 44354
44353 603 21:0 44354
44353 53040 21:0 44354
44353 399 21:0 44354
44353 52557 21:0 44354
44353 725 1:0 44365
44353 52793 21:0 44369
44368 23 21:0 44369
44368 52402 21:0 44369
44368 52369 21:0 44369
44368 52600 21:0 44369
44368 52930 21:0 44369
44368 25 21:0 44369
44368 52270 21:0 44369
44368 52897 21:0 44369
44368 52633 21:0 44369
44368 52303 21:0 44369
44368 52435 21:0 44369
44368 52732 21:0 44374
44374 53516 21:0 44381
44380 41 21:0 44381
44380 43 21:0 44384
44383 59 21:0 44384
44383 52534 21:0 44384
44383 52501 21:0 44384
44383 52699 21:0 44384
44383 52237 21:0 44384
44383 52831 21:0 44384
44383 52864 21:0 44384
44383 61 21:0 44384
44383 79 21:0 44384
44383 35369 1:0 44385
44383 52336 21:0 44387
44387 35369 21:0 44407
44406 381 21:0 44407
44406 77 21:0 44407
44406 489 21:0 44407
44406 95 21:0 44407
44406 97 21:0 44407
44406 52848 21:0 44407
44406 113 21:0 44407
44406 115 21:0 44407
44406 131 21:0 44407
44406 133 21:0 44407
44406 151 21:0 44407
44406 149 21:0 44407
44406 167 21:0 44407
44406 169 21:0 44407
44406 187 21:0 44407
44406 185 21:0 44407
44406 725 21:0 44407
44406 205 21:0 44410
44409 203 21:0 44410
44409 275 21:0 44410
44409 277 21:0 44410
44409 257 21:0 44410
44409 259 21:0 44410
44409 53244 21:0 44410
44409 615 21:0 44410
44409 52578 21:0 44410
44409 53349 21:0 44410
44409 241 21:0 44410
44409 239 21:0 44410
44409 221 21:0 44410
44409 223 21:0 44410
44409 35385 1:0 44411
44409 293 21:0 44413
44412 52468 21:0 44413
44412 52765 21:0 44413
44412 52963 21:0 44413
44413 35385 21:0 44418
44417 715 21:0 44421
44420 365 21:0 44421
44420 401 21:0 44421
44420 52928 21:0 44421
44420 295 21:0 44421
44420 313 21:0 44421
44420 311 21:0 44421
44420 53192 21:0 44421
44420 331 21:0 44421
44420 329 21:0 44421
44420 347 21:0 44421
44420 349 21:0 44421
44420 367 21:0 44421
44420 385 21:0 44421
44420 383 21:0 44421
44420 403 21:0 44421
44420 35389 1:0 44422
44420 52666 21:0 44424
44423 53095 21:0 44424
44423 53062 21:0 44424
44423 53029 21:0 44424
44423 52996 21:0 44424
44423 52567 21:0 44424
44423 52798 21:0 44424
44424 35389 21:0 44427
44426 717 21:0 44430
44429 53217 21:0 44430
44429 437 21:0 44430
44429 439 21:0 44430
44429 421 21:0 44430
44429 419 21:0 44430
44429 53127 21:0 44430
44429 35392 1:0 44432
44429 53457 21:0 44434
44429 53206 1:0 44456
44433 53128 21:0 44434
44434 35392 21:0 44493
44457 35410 1:0 44459
44492 35419 1:0 44494
44492 713 21:0 44516
44501 35421 1:0 44504
44511 35424 1:0 44514
44515 53161 21:0 44516
44516 35424 21:0 44538
44537 707 21:0 44538
44537 457 21:0 44538
44537 709 21:0 44538
44537 705 21:0 44538
44537 711 21:0 44538
44537 455 21:0 44538
44537 35419 21:0 44538
44537 35421 21:0 44538
44537 35410 21:0 44538
44537 53241 1:0 44539
44537 53284 21:0 44541
44540 53227 21:0 44541
44540 369 21:0 44541
44540 52859 21:0 44541
44540 493 21:0 44541
44540 473 21:0 44541
44540 475 21:0 44541
44540 441 21:0 44541
44540 491 21:0 44541
44540 53293 21:0 44541
44540 53326 21:0 44541
44540 511 21:0 44541
44540 53359 21:0 44541
44540 53260 21:0 44541
44540 53392 21:0 44541
44540 52967 21:0 44541
44540 53194 21:0 44541
44540 35442 1:0 44542
44540 53425 21:0 44543
44542 749 21:0 44544
44543 53458 21:0 44544
44544 35442 21:0 44549
44548 605 1:0 44550
44548 697 21:0 44552
44551 671 21:0 44552
44551 599 21:0 44552
44551 691 21:0 44552
44551 689 21:0 44552
44551 509 21:0 44552
44551 529 21:0 44552
44551 527 21:0 44552
44551 547 21:0 44552
44551 545 21:0 44552
44551 673 21:0 44552
44551 601 21:0 44552
44551 563 21:0 44552
44551 565 21:0 44552
44551 655 21:0 44552
44551 653 21:0 44552
44551 581 21:0 44552
44551 637 21:0 44552
44551 635 21:0 44552
44551 619 21:0 44552
44551 617 21:0 44552
44551 583 21:0 44552
44551 35446 1:0 44553
44551 52967 1:0 44556
44555 35446 21:0 44558
44557 53141 1:0 44559
44557 53457 1:0 44559
44557 699 21:0 44561
44560 35449 1:0 44563
44560 53272 1:0 44587
44565 35449 21:0 44624
44588 35467 1:0 44590
44591 53458 1:0 44593
44598 749 1:0 44604
44620 691 1:0 44621
44623 35476 1:0 44625
44623 695 21:0 44647
44629 689 1:0 44630
44632 35478 1:0 44635
44639 441 1:0 44641
44642 35481 1:0 44645
44647 35481 21:0 44669
44668 35478 21:0 44669
44668 35476 21:0 44669
44668 693 21:0 44669
44668 35467 21:0 44669
44668 749 21:0 44669
44668 689 21:0 44669
44668 691 21:0 44669
44668 687 21:0 44669
44668 52859 1:0 44670
44668 52978 1:0 44670
44671 35499 1:0 44673
44671 369 1:0 44678
44675 35499 21:0 44680
44679 53284 1:0 44681
44679 53042 1:0 44681
44679 679 21:0 44683
44682 35503 1:0 44684
44682 53127 1:0 44687
44686 35503 21:0 44689
44688 53217 1:0 44690
44688 609 1:0 44690
44688 681 21:0 44692
44691 35506 1:0 44694
44691 53140 1:0 44718
44696 35506 21:0 44755
44719 35524 1:0 44721
44722 53425 1:0 44724
44729 749 1:0 44735
44751 673 1:0 44752
44754 35533 1:0 44756
44754 677 21:0 44778
44760 671 1:0 44761
44763 35535 1:0 44766
44770 52928 1:0 44772
44773 35538 1:0 44776
44775 53407 1:0 44775
44778 35538 21:0 44800
44799 35535 21:0 44800
44799 673 21:0 44800
44799 35524 21:0 44800
44799 671 21:0 44800
44799 35533 21:0 44800
44799 669 21:0 44800
44799 675 21:0 44800
44799 749 21:0 44800
44799 319 1:0 44801
44799 53192 1:0 44801
44800 661 1:0 44800
44802 35556 1:0 44804
44802 53244 1:0 44809
44803 53405 1:0 44803
44803 53406 1:0 44803
44806 35556 21:0 44811
44810 53174 1:0 44812
44810 615 1:0 44812
44810 661 21:0 44814
44811 663 1:0 44811
44813 35560 1:0 44815
44813 52578 1:0 44818
44817 53404 1:0 44817
44817 35560 21:0 44820
44819 53008 1:0 44821
44819 53349 1:0 44821
44819 663 21:0 44823
44820 659 1:0 44820
44822 35563 1:0 44825
44822 517 1:0 44849
44827 35563 21:0 44886
44850 35581 1:0 44852
44853 53392 1:0 44855
44860 749 1:0 44866
44882 655 1:0 44883
44885 35590 1:0 44887
44885 659 21:0 44909
44891 653 1:0 44892
44894 35592 1:0 44897
44901 381 1:0 44903
44904 35595 1:0 44907
44906 53374 1:0 44906
44909 35595 21:0 44931
44930 35590 21:0 44931
44930 35592 21:0 44931
44930 35581 21:0 44931
44930 651 21:0 44931
44930 657 21:0 44931
44930 655 21:0 44931
44930 653 21:0 44931
44930 749 21:0 44931
44930 52848 1:0 44932
44930 537 1:0 44932
44931 643 1:0 44931
44933 35613 1:0 44935
44933 489 1:0 44940
44934 53373 1:0 44934
44934 53372 1:0 44934
44937 35613 21:0 44942
44941 555 1:0 44943
44941 52793 1:0 44943
44941 643 21:0 44945
44942 645 1:0 44942
44944 35617 1:0 44946
44944 52557 1:0 44949
44948 53371 1:0 44948
44948 35617 21:0 44951
44950 53176 1:0 44952
44950 399 1:0 44952
44950 645 21:0 44954
44951 641 1:0 44951
44953 35620 1:0 44956
44953 407 1:0 44980
44958 35620 21:0 45017
44981 35638 1:0 44983
44984 53359 1:0 44986
44991 749 1:0 44997
45013 637 1:0 45014
45016 35647 1:0 45018
45016 641 21:0 45040
45022 635 1:0 45023
45025 35649 1:0 45028
45032 53040 1:0 45034
45035 35652 1:0 45038
45037 53341 1:0 45037
45040 35652 21:0 45062
45061 633 21:0 45062
45061 637 21:0 45062
45061 635 21:0 45062
45061 749 21:0 45062
45061 35638 21:0 45062
45061 35649 21:0 45062
45061 639 21:0 45062
45061 35647 21:0 45062
45061 603 1:0 45063
45061 317 1:0 45063
45062 625 1:0 45062
45064 35670 1:0 45066
45064 52281 1:0 45071
45065 53340 1:0 45065
45065 53339 1:0 45065
45068 35670 21:0 45073
45072 52500 1:0 45074
45072 52912 1:0 45074
45072 625 21:0 45076
45073 627 1:0 45073
45075 35674 1:0 45077
45075 52991 1:0 45080
45079 53338 1:0 45079
45079 35674 21:0 45082
45081 445 1:0 45083
45081 53046 1:0 45083
45081 627 21:0 45085
45082 623 1:0 45082
45084 35677 1:0 45087
45084 53075 1:0 45111
45089 35677 21:0 45148
45112 35695 1:0 45114
45115 53326 1:0 45117
45122 749 1:0 45128
45144 619 1:0 45145
45147 35704 1:0 45149
45147 623 21:0 45171
45153 617 1:0 45154
45156 35706 1:0 45159
45163 57 1:0 45165
45166 35709 1:0 45169
45168 53308 1:0 45168
45171 35709 21:0 45193
45192 617 21:0 45193
45192 615 21:0 45193
45192 35695 21:0 45193
45192 621 21:0 45193
45192 35706 21:0 45193
45192 749 21:0 45193
45192 35704 21:0 45193
45192 619 21:0 45193
45192 52975 1:0 45194
45192 52366 1:0 45194
45193 607 1:0 45193
45195 35727 1:0 45197
45195 52465 1:0 45202
45196 53307 1:0 45196
45196 53306 1:0 45196
45199 35727 21:0 45204
45203 483 1:0 45205
45203 53224 1:0 45205
45203 607 21:0 45207
45206 35731 1:0 45208
45206 53160 1:0 45211
45210 53305 1:0 45210
45210 35731 21:0 45213
45212 463 1:0 45214
45212 52953 1:0 45214
45212 609 21:0 45216
45215 35734 1:0 45218
45215 52942 1:0 45242
45220 35734 21:0 45279
45243 35752 1:0 45245
45246 53293 1:0 45248
45253 749 1:0 45259
45275 601 1:0 45276
45278 35761 1:0 45280
45278 605 21:0 45302
45284 599 1:0 45285
45287 35763 1:0 45290
45294 53118 1:0 45296
45297 35766 1:0 45300
45299 53275 1:0 45299
45302 35766 21:0 45324
45323 749 21:0 45324
45323 603 21:0 45324
45323 35761 21:0 45324
45323 599 21:0 45324
45323 601 21:0 45324
45323 597 21:0 45324
45323 35752 21:0 45324
45323 35763 21:0 45324
45323 53011 1:0 45325
45323 585 1:0 45325
45324 589 1:0 45324
45326 35784 1:0 45328
45326 53073 1:0 45333
45327 53274 1:0 45327
45327 53273 1:0 45327
45330 35784 21:0 45335
45334 53009 1:0 45336
45334 52763 1:0 45336
45334 589 21:0 45338
45335 591 1:0 45335
45337 35788 1:0 45339
45337 52373 1:0 45342
45341 35788 21:0 45344
45343 53076 1:0 45345
45343 35818 1:0 45345
45343 583 1:0 45345
45343 52650 1:0 45345
45343 591 21:0 45347
45344 587 1:0 45344
45346 35791 1:0 45349
45346 53041 1:0 45373
45351 35791 21:0 45410
45371 53260 1:0 45373
45371 749 1:0 45373
45374 35809 1:0 45376
45374 52665 1:0 45424
45409 587 21:0 45433
45415 581 1:0 45416
45418 35820 1:0 45421
45425 52558 1:0 45427
45428 35823 1:0 45431
45430 53242 1:0 45430
45433 35823 21:0 45455
45454 35818 21:0 45455
45454 583 21:0 45455
45454 581 21:0 45455
45454 35820 21:0 45455
45454 585 21:0 45455
45454 749 21:0 45455
45454 35809 21:0 45455
45454 579 21:0 45455
45454 53074 1:0 45456
45454 52360 1:0 45456
45455 571 1:0 45455
45457 35841 1:0 45459
45457 147 1:0 45464
45458 53240 1:0 45458
45461 35841 21:0 45466
45465 355 1:0 45467
45465 453 1:0 45467
45465 571 21:0 45469
45466 573 1:0 45466
45468 35845 1:0 45470
45468 297 1:0 45473
45472 53239 1:0 45472
45472 35845 21:0 45475
45474 52760 1:0 45476
45474 35877 1:0 45476
45474 565 1:0 45476
45474 52977 1:0 45476
45474 563 1:0 45476
45474 35875 1:0 45476
45474 573 21:0 45478
45475 569 1:0 45475
45477 35848 1:0 45480
45477 35866 1:0 45490
45477 35880 1:0 45490
45482 35848 21:0 45541
45488 749 1:0 45490
45490 53227 1:0 45490
45491 393 1:0 45545
45540 569 21:0 45564
45546 447 1:0 45584
45564 35880 21:0 45586
45583 53209 1:0 45583
45585 35875 21:0 45586
45585 565 21:0 45586
45585 563 21:0 45586
45585 35877 21:0 45586
45585 561 21:0 45586
45585 749 21:0 45586
45585 567 21:0 45586
45585 35866 21:0 45586
45585 189 1:0 45587
45585 52976 1:0 45587
45586 553 1:0 45586
45588 35898 1:0 45590
45588 52980 1:0 45595
45589 53208 1:0 45589
45589 53207 1:0 45589
45592 35898 21:0 45597
45596 53010 1:0 45598
45596 52881 1:0 45598
45596 553 21:0 45600
45599 35902 1:0 45601
45599 52894 1:0 45604
45603 35902 21:0 45606
45605 35932 1:0 45607
45605 52844 1:0 45607
45605 547 1:0 45607
45605 545 1:0 45607
45605 35934 1:0 45607
45605 52762 1:0 45607
45605 555 21:0 45609
45606 551 1:0 45606
45608 35905 1:0 45611
45608 35923 1:0 45622
45608 35937 1:0 45622
45613 35905 21:0 45672
45619 749 1:0 45620
45621 53194 1:0 45622
45623 427 1:0 45676
45671 551 21:0 45695
45677 443 1:0 45715
45694 35923 21:0 45717
45716 35937 21:0 45717
45716 35932 21:0 45717
45716 35934 21:0 45717
45716 545 21:0 45717
45716 549 21:0 45717
45716 543 21:0 45717
45716 749 21:0 45717
45716 547 21:0 45717
45716 429 1:0 45718
45716 52327 1:0 45718
45717 535 1:0 45717
45719 35955 1:0 45721
45719 52628 1:0 45726
45720 53175 1:0 45720
45723 35955 21:0 45728
45727 409 1:0 45729
45727 53171 1:0 45729
45727 535 21:0 45731
45730 35959 1:0 45732
45730 52472 1:0 45735
45734 53173 1:0 45734
45734 35959 21:0 45737
45736 52940 1:0 45738
45736 35989 1:0 45738
45736 527 1:0 45738
45736 52943 1:0 45738
45736 35991 1:0 45738
45736 529 1:0 45738
45736 537 21:0 45740
45737 533 1:0 45737
45739 35962 1:0 45742
45739 35994 1:0 45753
45739 35980 1:0 45753
45744 35962 21:0 45803
45750 749 1:0 45751
45752 53161 1:0 45753
45754 425 1:0 45807
45802 533 21:0 45826
45808 52878 1:0 45846
45826 35994 21:0 45848
45845 53143 1:0 45845
45847 35991 21:0 45848
45847 529 21:0 45848
45847 527 21:0 45848
45847 35980 21:0 45848
45847 525 21:0 45848
45847 531 21:0 45848
45847 749 21:0 45848
45847 35989 21:0 45848
45847 52566 1:0 45849
45847 52911 1:0 45849
45850 36012 1:0 45852
45850 52947 1:0 45857
45851 53142 1:0 45851
45854 36012 21:0 45859
45858 52909 1:0 45860
45858 52499 1:0 45860
45858 517 21:0 45862
45859 519 1:0 45859
45861 36016 1:0 45863
45861 52842 1:0 45866
45865 36016 21:0 45868
45867 36046 1:0 45869
45867 36048 1:0 45869
45867 509 1:0 45869
45867 511 1:0 45869
45867 52879 1:0 45869
45867 52397 1:0 45869
45867 519 21:0 45871
45868 515 1:0 45868
45870 36019 1:0 45873
45870 36051 1:0 45884
45870 36037 1:0 45884
45875 36019 21:0 45934
45881 749 1:0 45882
45883 53128 1:0 45884
45885 357 1:0 45938
45933 515 21:0 45957
45939 411 1:0 45977
45956 36037 21:0 45979
45976 53110 1:0 45976
45978 509 21:0 45979
45978 749 21:0 45979
45978 36048 21:0 45979
45978 36046 21:0 45979
45978 513 21:0 45979
45978 507 21:0 45979
45978 36051 21:0 45979
45978 511 21:0 45979
45978 52934 1:0 45980
45978 52877 1:0 45980
45979 499 1:0 45979
45981 36069 1:0 45983
45981 363 1:0 45988
45982 53108 1:0 45982
45982 53109 1:0 45982
45985 36069 21:0 45990
45989 52896 1:0 45991
45989 283 1:0 45991
45989 499 21:0 45993
45990 501 1:0 45990
45992 36073 1:0 45994
45992 52914 1:0 45997
45996 53107 1:0 45996
45996 36073 21:0 45999
45998 52359 1:0 46000
45998 335 1:0 46000
45998 36105 1:0 46000
45998 36103 1:0 46000
45998 493 1:0 46000
45998 491 1:0 46000
45998 501 21:0 46002
45999 497 1:0 45999
46001 36076 1:0 46004
46001 36094 1:0 46015
46001 36108 1:0 46015
46006 36076 21:0 46065
46012 749 1:0 46013
46014 53095 1:0 46015
46016 52910 1:0 46069
46064 497 21:0 46088
46070 339 1:0 46108
46088 36108 21:0 46110
46107 53077 1:0 46107
46109 36105 21:0 46110
46109 36103 21:0 46110
46109 36094 21:0 46110
46109 749 21:0 46110
46109 493 21:0 46110
46109 489 21:0 46110
46109 495 21:0 46110
46109 491 21:0 46110
46109 52797 1:0 46111
46109 389 1:0 46111
46110 481 1:0 46110
46112 36126 1:0 46114
46112 52677 1:0 46119
46116 36126 21:0 46121
46120 111 1:0 46122
46120 52648 1:0 46122
46120 481 21:0 46124
46123 36130 1:0 46125
46123 52611 1:0 46128
46127 36130 21:0 46130
46129 36162 1:0 46131
46129 473 1:0 46131
46129 52846 1:0 46131
46129 36160 1:0 46131
46129 475 1:0 46131
46129 52821 1:0 46131
46129 483 21:0 46133
46130 479 1:0 46130
46132 36133 1:0 46135
46132 36151 1:0 46146
46132 36165 1:0 46146
46137 36133 21:0 46196
46143 749 1:0 46144
46145 53062 1:0 46146
46147 371 1:0 46200
46195 479 21:0 46219
46201 375 1:0 46239
46219 36165 21:0 46241
46238 53044 1:0 46238
46240 36151 21:0 46241
46240 36162 21:0 46241
46240 749 21:0 46241
46240 471 21:0 46241
46240 477 21:0 46241
46240 473 21:0 46241
46240 475 21:0 46241
46240 36160 21:0 46241
46240 52505 1:0 46242
46240 301 1:0 46242
46243 36183 1:0 46245
46243 52664 1:0 46250
46244 53043 1:0 46244
46247 36183 21:0 46252
46251 52812 1:0 46253
46251 52584 1:0 46253
46251 463 21:0 46255
46252 465 1:0 46252
46254 36187 1:0 46256
46254 93 1:0 46259
46258 36187 21:0 46261
46260 52591 1:0 46262
46260 52876 1:0 46262
46260 36217 1:0 46262
46260 36219 1:0 46262
46260 457 1:0 46262
46260 455 1:0 46262
46260 465 21:0 46264
46261 461 1:0 46261
46263 36190 1:0 46266
46263 36208 1:0 46277
46263 36222 1:0 46277
46268 36190 21:0 46327
46274 749 1:0 46275
46276 53029 1:0 46277
46278 52813 1:0 46331
46326 461 21:0 46350
46332 52811 1:0 46370
46350 36222 21:0 46372
46371 36217 21:0 46372
46371 36219 21:0 46372
46371 453 21:0 46372
46371 459 21:0 46372
46371 457 21:0 46372
46371 749 21:0 46372
46371 36208 21:0 46372
46371 455 21:0 46372
46371 52610 1:0 46373
46371 52712 1:0 46373
46374 36240 1:0 46376
46374 387 1:0 46381
46378 36240 21:0 46383
46382 52458 1:0 46384
46382 337 1:0 46384
46382 445 21:0 46386
46385 36244 1:0 46387
46385 52412 1:0 46390
46389 36244 21:0 46392
46391 439 1:0 46393
46391 36274 1:0 46393
46391 52670 1:0 46393
46391 36276 1:0 46393
46391 437 1:0 46393
46391 52744 1:0 46393
46391 447 21:0 46395
46394 36247 1:0 46397
46394 36265 1:0 46407
46394 36279 1:0 46407
46396 53006 1:0 46396
46399 36247 21:0 46458
46405 749 1:0 46407
46406 52994 1:0 46406
46406 52993 1:0 46406
46406 52987 1:0 46406
46406 52995 1:0 46406
46407 52996 1:0 46407
46408 52843 1:0 46462
46457 443 21:0 46481
46461 52986 1:0 46461
46461 435 1:0 46461
46463 52810 1:0 46501
46480 36265 21:0 46503
46502 437 21:0 46503
46502 36274 21:0 46503
46502 36276 21:0 46503
46502 435 21:0 46503
46502 36279 21:0 46503
46502 441 21:0 46503
46502 439 21:0 46503
46502 749 21:0 46503
46502 52901 1:0 46504
46502 52845 1:0 46504
46505 36297 1:0 46507
46505 52491 1:0 46512
46509 36297 21:0 46514
46511 52974 1:0 46511
46513 227 1:0 46515
46513 52624 1:0 46515
46513 427 21:0 46517
46516 36301 1:0 46518
46516 52795 1:0 46521
46520 36301 21:0 46523
46522 419 1:0 46524
46522 36331 1:0 46524
46522 421 1:0 46524
46522 36333 1:0 46524
46522 321 1:0 46524
46522 52887 1:0 46524
46522 429 21:0 46526
46525 36304 1:0 46528
46525 36336 1:0 46539
46525 36322 1:0 46539
46527 52973 1:0 46527
46530 36304 21:0 46589
46536 749 1:0 46537
46538 52961 1:0 46538
46538 52954 1:0 46538
46538 52962 1:0 46538
46538 52958 1:0 46538
46538 52963 1:0 46539
46540 52681 1:0 46593
46588 425 21:0 46612
46592 417 1:0 46592
46594 52777 1:0 46632
46612 36336 21:0 46634
46631 52945 1:0 46631
46633 417 21:0 46634
46633 423 21:0 46634
46633 749 21:0 46634
46633 36331 21:0 46634
46633 36333 21:0 46634
46633 421 21:0 46634
46633 419 21:0 46634
46633 36322 21:0 46634
46633 291 1:0 46635
46633 52778 1:0 46635
46636 36354 1:0 46638
46636 52656 1:0 46643
46637 52944 1:0 46637
46640 36354 21:0 46645
46642 52941 1:0 46642
46644 52782 1:0 46646
46644 52779 1:0 46646
46644 409 21:0 46648
46647 36358 1:0 46649
46647 52907 1:0 46652
46651 36358 21:0 46654
46653 36388 1:0 46655
46653 36390 1:0 46655
46653 403 1:0 46655
46653 401 1:0 46655
46653 279 1:0 46655
46653 265 1:0 46655
46653 411 21:0 46657
46656 36361 1:0 46659
46656 36379 1:0 46673
46656 36393 1:0 46673
46661 36361 21:0 46720
46667 749 1:0 46668
46669 52930 1:0 46673
46672 52925 1:0 46672
46672 52927 1:0 46672
46672 52921 1:0 46672
46672 52929 1:0 46672
46672 405 1:0 46672
46674 52711 1:0 46724
46719 407 21:0 46743
46723 52920 1:0 46723
46725 52614 1:0 46763
46743 36393 21:0 46765
46764 36379 21:0 46765
46764 749 21:0 46765
46764 401 21:0 46765
46764 405 21:0 46765
46764 36388 21:0 46765
46764 36390 21:0 46765
46764 399 21:0 46765
46764 403 21:0 46765
46764 52868 1:0 46766
46764 303 1:0 46766
46765 391 1:0 46765
46767 36411 1:0 46769
46767 237 1:0 46774
46771 36411 21:0 46776
46775 52678 1:0 46777
46775 52617 1:0 46777
46775 391 21:0 46779
46778 36415 1:0 46780
46778 52689 1:0 46783
46782 36415 21:0 46785
46784 385 1:0 46786
46784 52698 1:0 46786
46784 383 1:0 46786
46784 36447 1:0 46786
46784 36445 1:0 46786
46784 299 1:0 46786
46784 393 21:0 46788
46787 36418 1:0 46790
46787 36436 1:0 46800
46787 36450 1:0 46800
46792 36418 21:0 46851
46798 749 1:0 46800
46799 52892 1:0 46799
46799 52888 1:0 46799
46800 52897 1:0 46800
46801 52746 1:0 46855
46850 389 21:0 46874
46856 267 1:0 46894
46873 36436 21:0 46896
46895 36445 21:0 46896
46895 383 21:0 46896
46895 749 21:0 46896
46895 385 21:0 46896
46895 387 21:0 46896
46895 381 21:0 46896
46895 36447 21:0 46896
46895 36450 21:0 46896
46895 52745 1:0 46897
46895 52533 1:0 46897
46896 373 1:0 46896
46898 36468 1:0 46900
46898 171 1:0 46905
46902 36468 21:0 46907
46904 52875 1:0 46904
46906 52713 1:0 46908
46906 201 1:0 46908
46906 373 21:0 46910
46909 36472 1:0 46911
46909 243 1:0 46914
46913 36472 21:0 46916
46915 36504 1:0 46917
46915 36502 1:0 46917
46915 365 1:0 46917
46915 345 1:0 46917
46915 367 1:0 46917
46915 285 1:0 46917
46915 375 21:0 46919
46918 36475 1:0 46921
46918 36493 1:0 46932
46918 36507 1:0 46932
46923 36475 21:0 46982
46929 749 1:0 46930
46931 52861 1:0 46931
46931 52864 1:0 46932
46933 52714 1:0 46986
46981 371 21:0 47005
46985 52854 1:0 46985
46987 263 1:0 47025
47005 36507 21:0 47027
47026 36493 21:0 47027
47026 367 21:0 47027
47026 36502 21:0 47027
47026 36504 21:0 47027
47026 749 21:0 47027
47026 369 21:0 47027
47026 363 21:0 47027
47026 365 21:0 47027
47026 52694 1:0 47028
47026 52680 1:0 47028
47029 36525 1:0 47031
47029 52577 1:0 47036
47033 36525 21:0 47038
47037 52425 1:0 47039
47037 52645 1:0 47039
47037 355 21:0 47041
47040 36529 1:0 47042
47040 52663 1:0 47045
47044 36529 21:0 47047
47046 327 1:0 47048
47046 52612 1:0 47048
47046 347 1:0 47048
47046 36561 1:0 47048
47046 349 1:0 47048
47046 36559 1:0 47048
47046 357 21:0 47050
47047 353 1:0 47047
47049 36532 1:0 47052
47049 36564 1:0 47065
47049 36550 1:0 47065
47051 52835 1:0 47051
47054 36532 21:0 47113
47060 749 1:0 47061
47062 52831 1:0 47065
47064 52829 1:0 47064
47064 351 1:0 47064
47064 52826 1:0 47064
47064 52822 1:0 47064
47064 52828 1:0 47064
47066 52679 1:0 47117
47112 353 21:0 47136
47116 52815 1:0 47116
47118 175 1:0 47156
47136 36564 21:0 47158
47157 349 21:0 47158
47157 36561 21:0 47158
47157 36550 21:0 47158
47157 345 21:0 47158
47157 351 21:0 47158
47157 347 21:0 47158
47157 36559 21:0 47158
47157 749 21:0 47158
47157 247 1:0 47159
47157 52467 1:0 47159
47160 36582 1:0 47162
47160 52630 1:0 47167
47164 36582 21:0 47169
47166 52809 1:0 47166
47168 281 1:0 47170
47168 183 1:0 47170
47168 337 21:0 47172
47171 36586 1:0 47173
47171 52722 1:0 47176
47175 36586 21:0 47178
47177 52631 1:0 47179
47177 36616 1:0 47179
47177 36618 1:0 47179
47177 329 1:0 47179
47177 331 1:0 47179
47177 52647 1:0 47179
47177 339 21:0 47181
47180 36589 1:0 47183
47180 36607 1:0 47195
47180 36621 1:0 47195
47182 52802 1:0 47182
47182 52808 1:0 47182
47185 36589 21:0 47244
47191 749 1:0 47192
47193 52798 1:0 47195
47194 52796 1:0 47194
47194 333 1:0 47194
47194 52789 1:0 47194
47196 245 1:0 47248
47243 335 21:0 47267
47247 52788 1:0 47247
47249 191 1:0 47287
47266 36607 21:0 47289
47286 52780 1:0 47286
47288 333 21:0 47289
47288 331 21:0 47289
47288 327 21:0 47289
47288 329 21:0 47289
47288 749 21:0 47289
47288 36618 21:0 47289
47288 36621 21:0 47289
47288 36616 21:0 47289
47288 229 1:0 47290
47288 75 1:0 47290
47291 36639 1:0 47293
47291 52643 1:0 47298
47295 36639 21:0 47300
47297 52776 1:0 47297
47299 249 1:0 47301
47299 273 1:0 47301
47299 319 21:0 47303
47302 36643 1:0 47304
47302 52703 1:0 47307
47306 36643 21:0 47309
47308 36673 1:0 47310
47308 36675 1:0 47310
47308 209 1:0 47310
47308 313 1:0 47310
47308 52676 1:0 47310
47308 311 1:0 47310
47308 321 21:0 47312
47311 36646 1:0 47314
47311 36664 1:0 47327
47311 36678 1:0 47327
47313 52769 1:0 47313
47313 52775 1:0 47313
47316 36646 21:0 47375
47322 749 1:0 47323
47324 52765 1:0 47327
47326 52756 1:0 47326
47326 315 1:0 47326
47326 52764 1:0 47326
47328 213 1:0 47379
47374 317 21:0 47398
47378 309 1:0 47378
47378 52755 1:0 47378
47378 52749 1:0 47378
47380 52646 1:0 47418
47397 36664 21:0 47420
47417 52747 1:0 47417
47419 315 21:0 47420
47419 749 21:0 47420
47419 36675 21:0 47420
47419 36673 21:0 47420
47419 309 21:0 47420
47419 313 21:0 47420
47419 311 21:0 47420
47419 36678 21:0 47420
47419 52547 1:0 47421
47419 99 1:0 47421
47422 36696 1:0 47424
47422 52525 1:0 47429
47426 36696 21:0 47431
47428 52743 1:0 47428
47430 52604 1:0 47432
47430 52613 1:0 47432
47430 301 21:0 47434
47433 36700 1:0 47435
47433 207 1:0 47438
47437 36700 21:0 47440
47439 36732 1:0 47441
47439 52562 1:0 47441
47439 36730 1:0 47441
47439 293 1:0 47441
47439 52615 1:0 47441
47439 295 1:0 47441
47439 303 21:0 47443
47442 36703 1:0 47445
47442 36735 1:0 47455
47442 36721 1:0 47455
47444 52742 1:0 47444
47444 52736 1:0 47444
47447 36703 21:0 47506
47453 749 1:0 47455
47454 52731 1:0 47454
47454 52730 1:0 47454
47454 52723 1:0 47454
47454 52729 1:0 47454
47454 52727 1:0 47454
47455 52732 1:0 47455
47456 231 1:0 47510
47505 299 21:0 47529
47509 52716 1:0 47509
47511 52580 1:0 47549
47529 36735 21:0 47551
47550 749 21:0 47551
47550 297 21:0 47551
47550 293 21:0 47551
47550 36732 21:0 47551
47550 36721 21:0 47551
47550 36730 21:0 47551
47550 295 21:0 47551
47550 291 21:0 47551
47550 52466 1:0 47552
47550 52548 1:0 47552
47553 36753 1:0 47555
47553 52492 1:0 47560
47557 36753 21:0 47562
47561 211 1:0 47563
47561 52545 1:0 47563
47561 283 21:0 47565
47564 36757 1:0 47566
47564 52406 1:0 47569
47568 36757 21:0 47571
47570 36787 1:0 47572
47570 36789 1:0 47572
47570 52301 1:0 47572
47570 275 1:0 47572
47570 139 1:0 47572
47570 277 1:0 47572
47570 285 21:0 47574
47573 36760 1:0 47576
47573 36778 1:0 47590
47573 36792 1:0 47590
47575 52709 1:0 47575
47578 36760 21:0 47637
47584 749 1:0 47585
47586 52699 1:0 47590
47589 52697 1:0 47589
47589 52696 1:0 47589
47589 52690 1:0 47589
47591 52579 1:0 47641
47636 281 21:0 47660
47642 52581 1:0 47680
47660 36792 21:0 47682
47681 273 21:0 47682
47681 36787 21:0 47682
47681 36778 21:0 47682
47681 275 21:0 47682
47681 277 21:0 47682
47681 36789 21:0 47682
47681 279 21:0 47682
47681 749 21:0 47682
47681 52657 1:0 47683
47681 52483 1:0 47683
47684 36810 1:0 47686
47684 153 1:0 47691
47688 36810 21:0 47693
47692 52549 1:0 47694
47692 52478 1:0 47694
47692 265 21:0 47696
47695 36814 1:0 47697
47695 52529 1:0 47700
47699 36814 21:0 47702
47701 52582 1:0 47703
47701 36844 1:0 47703
47701 259 1:0 47703
47701 52512 1:0 47703
47701 257 1:0 47703
47701 36846 1:0 47703
47701 267 21:0 47705
47704 36817 1:0 47707
47704 36849 1:0 47720
47704 36835 1:0 47720
47709 36817 21:0 47768
47715 749 1:0 47716
47717 52666 1:0 47720
47719 52661 1:0 47719
47719 261 1:0 47719
47721 193 1:0 47772
47767 263 21:0 47791
47771 255 1:0 47771
47773 195 1:0 47811
47790 36835 21:0 47813
47812 36846 21:0 47813
47812 36844 21:0 47813
47812 749 21:0 47813
47812 259 21:0 47813
47812 257 21:0 47813
47812 261 21:0 47813
47812 255 21:0 47813
47812 36849 21:0 47813
47812 52546 1:0 47814
47812 52518 1:0 47814
47815 36867 1:0 47817
47815 52479 1:0 47822
47819 36867 21:0 47824
47821 52644 1:0 47821
47823 52450 1:0 47825
47823 52346 1:0 47825
47823 247 21:0 47827
47826 36871 1:0 47828
47826 52399 1:0 47831
47830 36871 21:0 47833
47832 241 1:0 47834
47832 239 1:0 47834
47832 36901 1:0 47834
47832 157 1:0 47834
47832 36903 1:0 47834
47832 52590 1:0 47834
47832 249 21:0 47836
47835 36874 1:0 47838
47835 36892 1:0 47849
47835 36906 1:0 47849
47837 52637 1:0 47837
47840 36874 21:0 47899
47846 749 1:0 47847
47848 52632 1:0 47848
47848 52633 1:0 47849
47850 173 1:0 47903
47898 245 21:0 47922
47902 52623 1:0 47902
47904 177 1:0 47942
47921 36892 21:0 47944
47943 36906 21:0 47944
47943 36903 21:0 47944
47943 237 21:0 47944
47943 241 21:0 47944
47943 243 21:0 47944
47943 239 21:0 47944
47943 36901 21:0 47944
47943 749 21:0 47944
47943 52481 1:0 47945
47943 52269 1:0 47945
47946 36924 1:0 47948
47946 52426 1:0 47953
47950 36924 21:0 47955
47954 52515 1:0 47956
47954 52538 1:0 47956
47954 229 21:0 47958
47957 36928 1:0 47959
47957 52531 1:0 47962
47961 36928 21:0 47964
47963 221 1:0 47965
47963 52463 1:0 47965
47963 52514 1:0 47965
47963 36958 1:0 47965
47963 223 1:0 47965
47963 36960 1:0 47965
47963 231 21:0 47967
47966 36931 1:0 47969
47966 36949 1:0 47981
47966 36963 1:0 47981
47971 36931 21:0 48030
47977 749 1:0 47978
47979 52600 1:0 47981
47980 52597 1:0 47980
47980 52598 1:0 47980
47980 52599 1:0 47980
47980 225 1:0 47980
47980 52595 1:0 47980
47982 52516 1:0 48034
48029 227 21:0 48053
48033 219 1:0 48033
48035 52482 1:0 48073
48053 36963 21:0 48075
48074 223 21:0 48075
48074 749 21:0 48075
48074 219 21:0 48075
48074 225 21:0 48075
48074 36949 21:0 48075
48074 221 21:0 48075
48074 36960 21:0 48075
48074 36958 21:0 48075
48074 52347 1:0 48076
48074 141 1:0 48076
48077 36981 1:0 48079
48077 52432 1:0 48084
48081 36981 21:0 48086
48085 52413 1:0 48087
48085 155 1:0 48087
48085 211 21:0 48089
48088 36985 1:0 48090
48088 52511 1:0 48093
48092 36985 21:0 48095
48094 205 1:0 48096
48094 117 1:0 48096
48094 52513 1:0 48096
48094 37015 1:0 48096
48094 37017 1:0 48096
48094 203 1:0 48096
48094 213 21:0 48098
48097 36988 1:0 48100
48097 37006 1:0 48111
48097 37020 1:0 48111
48099 52571 1:0 48099
48102 36988 21:0 48161
48108 749 1:0 48109
48110 52564 1:0 48110
48110 52565 1:0 48110
48110 52567 1:0 48111
48112 159 1:0 48165
48160 37006 21:0 48177
48164 52551 1:0 48164
48166 52480 1:0 48204
48176 207 21:0 48180
48179 37015 21:0 48180
48179 37017 21:0 48180
48179 749 21:0 48180
48179 203 21:0 48180
48179 205 21:0 48180
48184 37020 21:0 48206
48205 209 21:0 48206
48205 137 1:0 48207
48205 52532 1:0 48207
48205 201 21:0 48209
48208 37038 1:0 48210
48208 52265 1:0 48215
48212 37038 21:0 48217
48216 52401 1:0 48218
48216 119 1:0 48218
48216 193 21:0 48220
48219 37042 1:0 48221
48219 52433 1:0 48224
48223 37042 21:0 48226
48225 103 1:0 48227
48225 185 1:0 48227
48225 187 1:0 48227
48225 37074 1:0 48227
48225 52364 1:0 48227
48225 37072 1:0 48227
48225 195 21:0 48229
48228 37045 1:0 48231
48228 37063 1:0 48242
48228 37077 1:0 48242
48230 52544 1:0 48230
48233 37045 21:0 48292
48239 749 1:0 48240
48241 52534 1:0 48242
48243 52449 1:0 48296
48291 37063 21:0 48308
48295 52524 1:0 48295
48297 52448 1:0 48335
48307 189 21:0 48311
48310 37074 21:0 48311
48310 185 21:0 48311
48310 187 21:0 48311
48310 37072 21:0 48311
48310 749 21:0 48311
48315 37077 21:0 48337
48336 191 21:0 48337
48336 52302 1:0 48338
48336 121 1:0 48338
48336 183 21:0 48340
48339 37095 1:0 48341
48339 52419 1:0 48346
48343 37095 21:0 48348
48347 52434 1:0 48349
48347 52414 1:0 48349
48347 175 21:0 48351
48350 37099 1:0 48352
48350 52446 1:0 48355
48354 37099 21:0 48357
48356 37131 1:0 48358
48356 169 1:0 48358
48356 167 1:0 48358
48356 129 1:0 48358
48356 37129 1:0 48358
48356 52447 1:0 48358
48356 177 21:0 48360
48359 37102 1:0 48362
48359 37120 1:0 48373
48359 37134 1:0 48373
48364 37102 21:0 48423
48370 749 1:0 48371
48372 52496 1:0 48372
48372 52498 1:0 48372
48372 52501 1:0 48373
48374 52384 1:0 48427
48422 37120 21:0 48439
48426 165 1:0 48426
48426 52485 1:0 48426
48428 52416 1:0 48466
48438 171 21:0 48442
48441 169 21:0 48442
48441 749 21:0 48442
48441 167 21:0 48442
48441 37129 21:0 48442
48441 37131 21:0 48442
48446 37134 21:0 48468
48467 173 21:0 48468
48467 52335 1:0 48469
48467 52417 1:0 48469
48467 165 21:0 48471
48470 37152 1:0 48472
48470 81 1:0 48477
48474 37152 21:0 48479
48478 52294 1:0 48480
48478 52415 1:0 48480
48478 157 21:0 48482
48481 37156 1:0 48483
48481 52367 1:0 48486
48485 37156 21:0 48488
48487 149 1:0 48489
48487 151 1:0 48489
48487 52393 1:0 48489
48487 37188 1:0 48489
48487 123 1:0 48489
48487 37186 1:0 48489
48487 159 21:0 48491
48490 37159 1:0 48493
48490 37177 1:0 48504
48490 37191 1:0 48504
48495 37159 21:0 48554
48501 749 1:0 48502
48503 52459 1:0 48503
48503 52468 1:0 48504
48505 85 1:0 48558
48553 37177 21:0 48570
48557 52452 1:0 48557
48559 105 1:0 48597
48569 153 21:0 48573
48572 749 21:0 48573
48572 151 21:0 48573
48572 149 21:0 48573
48572 37186 21:0 48573
48572 37188 21:0 48573
48577 37191 21:0 48599
48598 155 21:0 48599
48598 52400 1:0 48600
48598 87 1:0 48600
48598 147 21:0 48602
48601 37209 1:0 48603
48601 63 1:0 48608
48605 37209 21:0 48610
48609 52254 1:0 48611
48609 52349 1:0 48611
48609 139 21:0 48613
48612 37213 1:0 48614
48612 52379 1:0 48617
48616 37213 21:0 48619
48618 37243 1:0 48620
48618 131 1:0 48620
48618 52313 1:0 48620
48618 133 1:0 48620
48618 37245 1:0 48620
48618 52383 1:0 48620
48618 141 21:0 48622
48621 37216 1:0 48624
48621 37248 1:0 48637
48621 37234 1:0 48637
48623 52445 1:0 48623
48623 52439 1:0 48623
48626 37216 21:0 48685
48632 749 1:0 48633
48634 52435 1:0 48637
48636 135 1:0 48636
48636 52430 1:0 48636
48638 52350 1:0 48689
48684 37234 21:0 48701
48690 52351 1:0 48728
48700 135 21:0 48704
48703 133 21:0 48704
48703 37245 21:0 48704
48703 749 21:0 48704
48703 131 21:0 48704
48703 37243 21:0 48704
48708 37248 21:0 48730
48729 137 21:0 48730
48729 52247 1:0 48731
48729 52382 1:0 48731
48729 129 21:0 48733
48732 37266 1:0 48734
48732 52380 1:0 48739
48736 37266 21:0 48741
48740 52368 1:0 48742
48740 101 1:0 48742
48740 121 21:0 48744
48743 37270 1:0 48745
48743 52300 1:0 48748
48747 37270 21:0 48750
48749 115 1:0 48751
48749 37302 1:0 48751
48749 37300 1:0 48751
48749 113 1:0 48751
48749 52307 1:0 48751
48749 52381 1:0 48751
48749 123 21:0 48753
48752 37273 1:0 48755
48752 37291 1:0 48766
48752 37305 1:0 48766
48757 37273 21:0 48816
48763 749 1:0 48764
48765 52402 1:0 48766
48767 83 1:0 48820
48815 37291 21:0 48832
48819 52392 1:0 48819
48819 52386 1:0 48819
48821 52318 1:0 48859
48831 117 21:0 48835
48834 749 21:0 48835
48834 113 21:0 48835
48834 115 21:0 48835
48834 37300 21:0 48835
48834 37302 21:0 48835
48839 37305 21:0 48861
48860 119 21:0 48861
48860 65 1:0 48862
48860 45 1:0 48862
48860 111 21:0 48864
48863 37323 1:0 48865
48863 52333 1:0 48870
48867 37323 21:0 48872
48871 52348 1:0 48873
48871 52331 1:0 48873
48871 103 21:0 48875
48874 37327 1:0 48876
48874 52287 1:0 48879
48878 37327 21:0 48881
48880 52232 1:0 48882
48880 69 1:0 48882
48880 37357 1:0 48882
48880 97 1:0 48882
48880 95 1:0 48882
48880 37359 1:0 48882
48880 105 21:0 48884
48883 37330 1:0 48886
48883 37348 1:0 48897
48883 37362 1:0 48897
48888 37330 21:0 48947
48894 749 1:0 48895
48896 52369 1:0 48897
48898 67 1:0 48951
48946 37348 21:0 48963
48950 52353 1:0 48950
48952 52316 1:0 48990
48962 37359 21:0 48963
48962 37357 21:0 48963
48962 99 21:0 48966
48965 749 21:0 48966
48965 95 21:0 48966
48965 97 21:0 48966
48970 37362 21:0 48992
48991 101 21:0 48992
48991 52298 1:0 48993
48991 52315 1:0 48993
48991 93 21:0 48995
48994 37380 1:0 48996
48994 52326 1:0 49001
48998 37380 21:0 49003
49002 52293 1:0 49004
49002 49 1:0 49004
49002 85 21:0 49006
49005 37384 1:0 49007
49005 52261 1:0 49010
49009 37384 21:0 49012
49011 37416 1:0 49013
49011 52280 1:0 49013
49011 37414 1:0 49013
49011 77 1:0 49013
49011 79 1:0 49013
49011 52317 1:0 49013
49011 87 21:0 49015
49014 37387 1:0 49017
49014 37419 1:0 49028
49014 37405 1:0 49028
49019 37387 21:0 49078
49025 749 1:0 49026
49027 52334 1:0 49027
49027 52336 1:0 49028
49029 52285 1:0 49082
49077 37405 21:0 49094
49081 52320 1:0 49081
49083 52282 1:0 49121
49093 37414 21:0 49094
49093 37416 21:0 49094
49093 81 21:0 49097
49096 77 21:0 49097
49096 79 21:0 49097
49096 749 21:0 49097
49101 37419 21:0 49123
49122 83 21:0 49123
49122 52235 1:0 49124
49122 52284 1:0 49124
49122 75 21:0 49126
49125 37437 1:0 49127
49125 52268 1:0 49132
49129 37437 21:0 49134
49131 52314 1:0 49131
49133 51 1:0 49135
49133 52260 1:0 49135
49133 67 21:0 49137
49136 37441 1:0 49138
49136 52274 1:0 49141
49140 37441 21:0 49143
49142 37471 1:0 49144
49142 59 1:0 49144
49142 21 1:0 49144
49142 37473 1:0 49144
49142 61 1:0 49144
49142 47 1:0 49144
49142 69 21:0 49146
49145 37444 1:0 49148
49145 37476 1:0 49160
49145 37462 1:0 49160
49150 37444 21:0 49209
49156 749 1:0 49157
49158 52303 1:0 49160
49161 52283 1:0 49213
49208 37462 21:0 49225
49214 52251 1:0 49252
49224 37471 21:0 49225
49224 37473 21:0 49225
49224 63 21:0 49228
49227 59 21:0 49228
49227 749 21:0 49228
49227 61 21:0 49228
49232 37476 21:0 49254
49253 65 21:0 49254
49253 52248 1:0 49255
49253 52252 1:0 49255
49253 57 21:0 49257
49256 37494 1:0 49258
49256 52208 1:0 49263
49260 37494 21:0 49265
49264 52241 1:0 49266
49264 31 1:0 49266
49264 49 21:0 49268
49267 37498 1:0 49269
49267 52236 1:0 49272
49271 37498 21:0 49274
49273 43 1:0 49275
49273 37528 1:0 49275
49273 37530 1:0 49275
49273 52234 1:0 49275
49273 29 1:0 49275
49273 41 1:0 49275
49273 51 21:0 49277
49276 37501 1:0 49279
49276 37519 1:0 49293
49276 37533 1:0 49293
49281 37501 21:0 49340
49287 749 1:0 49288
49289 52270 1:0 49293
49292 52267 1:0 49292
49294 52250 1:0 49344
49339 37519 21:0 49356
49343 39 1:0 49343
49345 52249 1:0 49383
49355 37530 21:0 49356
49355 37528 21:0 49356
49355 45 21:0 49359
49358 43 21:0 49359
49358 41 21:0 49359
49358 749 21:0 49359
49363 37533 21:0 49385
49384 47 21:0 49385
49384 33 1:0 49386
49384 52227 1:0 49386
49384 39 21:0 49388
49387 37551 1:0 49389
49387 27 1:0 49394
49391 37551 21:0 49396
49395 52219 1:0 49397
49395 52215 1:0 49397
49395 31 21:0 49399
49398 37555 1:0 49400
49398 52221 1:0 49403
49402 37555 21:0 49405
49404 52228 1:0 49406
49404 37585 1:0 49406
49404 23 1:0 49406
49404 25 1:0 49406
49404 37587 1:0 49406
49404 52218 1:0 49406
49404 33 21:0 49408
49407 37558 1:0 49410
49407 37590 1:0 49421
49407 37576 1:0 49421
49412 37558 21:0 49471
49418 749 1:0 49419
49420 52237 1:0 49421
49422 13 1:0 49475
49470 37576 21:0 49487
49476 52217 1:0 49514
49486 37587 21:0 49487
49486 37585 21:0 49487
49486 27 21:0 49490
49489 749 21:0 49490
49489 23 21:0 49490
49489 25 21:0 49490
49494 37590 21:0 49516
49515 29 21:0 49516
49515 52203 1:0 49517
49515 52216 1:0 49517
49515 21 21:0 49519
49518 37608 1:0 49520
49518 52214 1:0 49525
49522 37608 21:0 49527
49526 15 1:0 49527
49526 735 1:0 49528
49526 13 21:0 49530
49529 37612 1:0 49531
49529 9 1:0 49534
49533 37612 21:0 49536
49535 11 1:0 49536
49535 52201 1:0 49537
49535 15 21:0 49539
49538 37615 1:0 49541
49538 52199 1:0 49562
49538 52195 1:0 49562
49543 37615 21:0 49602
49563 52204 1:0 49565
49563 37642 1:0 49565
49563 7 1:0 49565
49563 749 1:0 49565
49563 52202 1:0 49565
49566 37633 1:0 49568
49566 3 1:0 49616
49601 37633 21:0 49618
49607 5 1:0 49608
49610 37644 1:0 49613
49617 37644 21:0 49618
49617 37642 21:0 49618
49617 52194 1:0 49619
49617 9 21:0 49621
49620 5 21:0 49621
49620 7 21:0 49621
49620 749 21:0 49621
49620 37647 1:0 49623
49642 749 1:0 49644
49643 736 1:0 49643
49646 735 21:0 49646
49646 749 21:0 49648
49652 55825 21:0 49655
49654 5 1:0 49655
49654 37647 21:0 49691
49658 7 1:0 49659
49658 749 1:0 49661
49662 9 1:0 49692
49690 55826 21:0 49696
49695 55833 21:0 49696
49695 5 21:0 49696
49695 7 21:0 49696
49695 55835 21:0 49696
49695 749 21:0 49696
49696 9 21:0 49707
49706 736 21:0 49707
49706 3 21:0 49707
49706 55834 21:0 49707
49706 55832 21:0 49707
49706 15 1:0 49708
49707 11 21:0 49712
49711 13 1:0 49713
49711 55847 21:0 49717
49716 15 21:0 49717
49716 21 1:0 49727
49716 23 1:0 49729
49716 25 1:0 49729
49716 27 1:0 49729
49716 55848 21:0 49772
49718 749 1:0 49720
49730 29 1:0 49779
49771 55863 21:0 49771
49771 55839 21:0 49771
49771 13 21:0 49783
49782 33 1:0 49784
49782 55849 21:0 49788
49787 55850 21:0 49788
49787 31 1:0 49789
49787 29 21:0 49793
49792 55879 21:0 49792
49792 55881 21:0 49799
49792 39 1:0 49803
49792 45 1:0 49805
49792 41 1:0 49805
49792 43 1:0 49805
49798 55880 21:0 49848
49806 47 1:0 49855
49847 55882 21:0 49859
49858 45 21:0 49858
49858 51 1:0 49860
49858 33 21:0 49864
49863 47 21:0 49864
49863 49 1:0 49865
49863 55913 21:0 49869
49868 55883 21:0 49869
49868 57 1:0 49879
49868 59 1:0 49881
49868 63 1:0 49881
49868 61 1:0 49881
49868 31 21:0 49919
49882 65 1:0 49931
49918 55924 21:0 49918
49918 55915 21:0 49935
49934 55914 21:0 49935
49934 69 1:0 49936
49934 55916 21:0 49940
49939 67 1:0 49941
49939 49 21:0 49945
49944 51 21:0 49945
49944 75 1:0 49955
49944 81 1:0 49957
49944 79 1:0 49957
49944 77 1:0 49957
49944 55947 21:0 49995
49958 83 1:0 50007
49994 55948 21:0 50011
50010 81 21:0 50010
50010 55977 21:0 50010
50010 55946 21:0 50011
50010 87 1:0 50012
50010 65 21:0 50016
50015 85 1:0 50017
50015 69 21:0 50021
50020 55978 21:0 50020
50020 55949 21:0 50021
50020 93 1:0 50031
50020 99 1:0 50033
50020 97 1:0 50033
50020 95 1:0 50033
50020 67 21:0 50076
50034 101 1:0 50083
50075 55979 21:0 50087
50086 55980 21:0 50087
50086 105 1:0 50088
50086 83 21:0 50092
50091 103 1:0 50093
50091 55982 21:0 50097
50096 87 21:0 50097
50096 111 1:0 50107
50096 113 1:0 50109
50096 115 1:0 50109
50096 117 1:0 50109
50096 105 21:0 50147
50110 119 1:0 50159
50146 56004 21:0 50146
50146 101 21:0 50163
50162 56031 21:0 50162
50162 85 21:0 50163
50162 43 21:0 50163
50162 23 21:0 50163
50162 25 21:0 50163
50162 123 1:0 50164
50162 41 21:0 50165
50164 55901 21:0 50165
50165 56045 21:0 50168
50167 121 1:0 50169
50167 103 21:0 50173
50172 56015 21:0 50173
50172 129 1:0 50183
50172 135 1:0 50185
50172 131 1:0 50185
50172 133 1:0 50185
50172 56012 21:0 50223
50186 137 1:0 50235
50222 56057 21:0 50222
50222 55981 21:0 50239
50238 56063 21:0 50238
50238 56065 21:0 50238
50238 56076 21:0 50238
50238 141 1:0 50240
50238 56014 21:0 50241
50240 56013 21:0 50244
50243 139 1:0 50245
50243 119 21:0 50249
50248 56077 21:0 50248
50248 123 21:0 50249
50248 147 1:0 50259
50248 151 1:0 50261
50248 153 1:0 50261
50248 149 1:0 50261
50248 56046 21:0 50304
50262 155 1:0 50311
50303 56094 21:0 50303
50303 56070 21:0 50303
50303 139 21:0 50315
50314 159 1:0 50316
50314 56048 21:0 50320
50319 121 21:0 50320
50319 157 1:0 50321
50319 56081 21:0 50325
50324 56079 21:0 50325
50324 165 1:0 50335
50324 169 1:0 50337
50324 167 1:0 50337
50324 171 1:0 50337
50324 141 21:0 50375
50338 173 1:0 50387
50374 56123 21:0 50374
50374 165 21:0 50374
50374 56112 21:0 50391
50390 56127 21:0 50390
50390 171 21:0 50390
50390 56131 21:0 50390
50390 56129 21:0 50390
50390 56080 21:0 50391
50390 177 1:0 50392
50390 157 21:0 50396
50395 175 1:0 50397
50395 56113 21:0 50401
50400 137 21:0 50401
50400 183 1:0 50411
50400 187 1:0 50413
50400 185 1:0 50413
50400 189 1:0 50413
50400 56078 21:0 50451
50414 191 1:0 50463
50450 183 21:0 50450
50450 56156 21:0 50450
50450 56155 21:0 50450
50450 56114 21:0 50467
50466 189 21:0 50466
50466 56164 21:0 50466
50466 159 21:0 50467
50466 195 1:0 50468
50466 56047 21:0 50472
50471 193 1:0 50473
50471 56111 21:0 50477
50476 56176 21:0 50476
50476 56144 21:0 50477
50476 201 1:0 50487
50476 205 1:0 50489
50476 203 1:0 50489
50476 207 1:0 50489
50476 56147 21:0 50527
50490 209 1:0 50539
50526 56169 21:0 50526
50526 56145 21:0 50543
50542 56195 21:0 50542
50542 56182 21:0 50542
50542 56196 21:0 50542
50542 56197 21:0 50542
50542 177 21:0 50543
50542 213 1:0 50544
50542 56179 21:0 50548
50547 211 1:0 50549
50547 56178 21:0 50553
50552 56209 21:0 50552
50552 195 21:0 50553
50552 219 1:0 50563
50552 223 1:0 50565
50552 221 1:0 50565
50552 225 1:0 50565
50552 173 21:0 50603
50566 227 1:0 50615
50602 56221 21:0 50602
50602 56202 21:0 50602
50602 56222 21:0 50602
50602 191 21:0 50619
50618 56228 21:0 50618
50618 175 21:0 50619
50618 231 1:0 50620
50618 56211 21:0 50624
50623 229 1:0 50625
50623 56243 21:0 50629
50628 56146 21:0 50629
50628 237 1:0 50639
50628 243 1:0 50641
50628 239 1:0 50641
50628 241 1:0 50641
50628 227 21:0 50679
50642 245 1:0 50691
50678 237 21:0 50678
50678 213 21:0 50695
50694 56262 21:0 50694
50694 56259 21:0 50694
50694 243 21:0 50694
50694 56244 21:0 50695
50694 249 1:0 50696
50694 56245 21:0 50700
50699 247 1:0 50701
50699 56213 21:0 50705
50704 56275 21:0 50704
50704 56180 21:0 50705
50704 255 1:0 50715
50704 261 1:0 50717
50704 259 1:0 50717
50704 257 1:0 50717
50704 231 21:0 50755
50718 263 1:0 50767
50754 56268 21:0 50754
50754 209 21:0 50771
50770 56307 21:0 50770
50770 56281 21:0 50770
50770 261 21:0 50770
50770 245 21:0 50771
50770 267 1:0 50772
50770 56177 21:0 50776
50775 265 1:0 50777
50775 56212 21:0 50781
50780 249 21:0 50781
50780 273 1:0 50791
50780 279 1:0 50793
50780 275 1:0 50793
50780 277 1:0 50793
50780 155 21:0 50803
50794 281 1:0 50843
50802 56301 21:0 50802
50802 273 21:0 50802
50802 265 21:0 50802
50802 229 21:0 50847
50846 56328 21:0 50846
50846 56321 21:0 50846
50846 56325 21:0 50846
50846 56327 21:0 50846
50846 56277 21:0 50847
50846 285 1:0 50848
50846 56279 21:0 50852
50851 283 1:0 50853
50851 56210 21:0 50857
50856 56341 21:0 50856
50856 193 21:0 50857
50856 291 1:0 50867
50856 297 1:0 50869
50856 293 1:0 50869
50856 295 1:0 50869
50856 56311 21:0 50875
50870 299 1:0 50919
50874 267 21:0 50923
50922 56373 21:0 50922
50922 56347 21:0 50922
50922 56362 21:0 50922
50922 56343 21:0 50923
50922 303 1:0 50924
50922 56310 21:0 50928
50927 301 1:0 50929
50927 56342 21:0 50933
50932 285 21:0 50933
50932 309 1:0 50943
50932 313 1:0 50945
50932 311 1:0 50945
50932 315 1:0 50945
50932 263 21:0 50951
50946 317 1:0 50995
50950 247 21:0 50999
50998 56395 21:0 50998
50998 56393 21:0 50998
50998 315 21:0 50998
50998 56380 21:0 50998
50998 56406 21:0 50998
50998 56246 21:0 50999
50998 321 1:0 51000
50998 56278 21:0 51004
51003 56231 21:0 51004
51003 56099 21:0 51004
51003 55868 21:0 51004
51003 56165 21:0 51004
51003 56132 21:0 51004
51003 55967 21:0 51004
51003 56330 21:0 51004
51003 56198 21:0 51004
51003 56066 21:0 51004
51003 59 21:0 51004
51003 21 21:0 51004
51003 55830 21:0 51004
51003 55859 21:0 51004
51003 319 1:0 51005
51004 56407 21:0 51004
51004 321 21:0 51009
51008 327 1:0 51019
51008 333 1:0 51021
51008 329 1:0 51021
51008 331 1:0 51021
51008 283 21:0 51023
51022 56419 21:0 51022
51022 335 1:0 51071
51022 281 21:0 51075
51074 56420 21:0 51074
51074 56427 21:0 51074
51074 56428 21:0 51074
51074 301 21:0 51075
51074 339 1:0 51076
51074 56344 21:0 51080
51079 56276 21:0 51080
51079 337 1:0 51081
51079 303 21:0 51085
51084 56440 21:0 51084
51084 345 1:0 51095
51084 351 1:0 51097
51084 347 1:0 51097
51084 349 1:0 51097
51084 56410 21:0 51099
51098 56433 21:0 51098
51098 56409 21:0 51143
51098 353 1:0 51147
51142 345 21:0 51142
51142 56459 21:0 51142
51142 351 21:0 51142
51142 56446 21:0 51142
51142 56457 21:0 51142
51142 317 21:0 51151
51150 357 1:0 51152
51150 56345 21:0 51156
51155 56441 21:0 51156
51155 355 1:0 51157
51155 56309 21:0 51161
51160 363 1:0 51171
51160 369 1:0 51173
51160 367 1:0 51173
51160 365 1:0 51173
51160 56443 21:0 51175
51174 56485 21:0 51174
51174 337 21:0 51218
51174 371 1:0 51223
51217 369 21:0 51217
51217 56486 21:0 51217
51217 56492 21:0 51217
51217 56494 21:0 51217
51217 56490 21:0 51217
51217 339 21:0 51227
51226 375 1:0 51228
51226 56376 21:0 51232
51231 56408 21:0 51232
51231 373 1:0 51233
51231 299 21:0 51237
51236 56506 21:0 51236
51236 381 1:0 51247
51236 387 1:0 51249
51236 385 1:0 51249
51236 383 1:0 51249
51236 335 21:0 51251
51250 56518 21:0 51250
51250 357 21:0 51292
51250 389 1:0 51299
51291 56526 21:0 51291
51291 381 21:0 51291
51291 56525 21:0 51291
51291 56411 21:0 51303
51302 387 21:0 51302
51302 56538 21:0 51302
51302 393 1:0 51304
51302 56476 21:0 51308
51307 353 21:0 51308
51307 391 1:0 51309
51307 56444 21:0 51313
51312 399 1:0 51323
51312 401 1:0 51325
51312 405 1:0 51325
51312 403 1:0 51325
51312 56507 21:0 51327
51326 56543 21:0 51326
51326 56508 21:0 51368
51326 407 1:0 51375
51367 56556 21:0 51367
51367 56552 21:0 51367
51367 56474 21:0 51379
51378 56560 21:0 51378
51378 56545 21:0 51378
51378 56571 21:0 51378
51378 411 1:0 51380
51378 56475 21:0 51384
51383 56510 21:0 51384
51383 409 1:0 51385
51383 393 21:0 51389
51388 417 1:0 51399
51388 423 1:0 51401
51388 419 1:0 51401
51388 421 1:0 51401
51388 211 21:0 51403
51402 56584 21:0 51402
51402 56576 21:0 51402
51402 407 21:0 51444
51402 425 1:0 51451
51443 417 21:0 51443
51443 56585 21:0 51443
51443 56592 21:0 51443
51443 375 21:0 51455
51454 423 21:0 51454
51454 56604 21:0 51454
51454 56593 21:0 51454
51454 429 1:0 51456
51454 56541 21:0 51460
51459 56542 21:0 51460
51459 427 1:0 51461
51459 56509 21:0 51465
51464 56607 21:0 51464
51464 435 1:0 51475
51464 437 1:0 51477
51464 441 1:0 51477
51464 439 1:0 51477
51464 373 21:0 51479
51478 56609 21:0 51478
51478 56375 21:0 51520
51478 443 1:0 51527
51519 355 21:0 51531
51530 447 1:0 51532
51530 319 21:0 51536
51535 56639 21:0 51535
51535 443 21:0 51535
51535 56575 21:0 51536
51535 445 1:0 51537
51535 409 21:0 51541
51540 56640 21:0 51540
51540 447 21:0 51540
51540 453 1:0 51551
51540 459 1:0 51553
51540 457 1:0 51553
51540 455 1:0 51553
51540 425 21:0 51555
51554 56642 21:0 51554
51554 389 21:0 51596
51554 461 1:0 51603
51595 445 21:0 51607
51606 465 1:0 51608
51606 56477 21:0 51612
51611 56672 21:0 51611
51611 391 21:0 51612
51611 463 1:0 51613
51611 371 21:0 51617
51616 56673 21:0 51616
51616 471 1:0 51627
51616 477 1:0 51629
51616 475 1:0 51629
51616 473 1:0 51629
51616 56641 21:0 51631
51630 56573 21:0 51672
51630 479 1:0 51679
51671 56606 21:0 51683
51682 483 1:0 51684
51682 411 21:0 51688
51687 56705 21:0 51687
51687 479 21:0 51687
51687 56377 21:0 51688
51687 481 1:0 51689
51687 463 21:0 51693
51692 56707 21:0 51692
51692 56442 21:0 51700
51692 489 1:0 51703
51692 491 1:0 51705
51692 493 1:0 51705
51692 495 1:0 51705
51699 56708 21:0 51699
51699 461 21:0 51748
51706 497 1:0 51755
51747 427 21:0 51759
51758 501 1:0 51760
51758 56674 21:0 51764
51763 55872 21:0 51764
51763 27 21:0 51764
51763 55865 21:0 51764
51763 55846 21:0 51764
51763 499 1:0 51765
51763 55878 21:0 51766
51765 501 21:0 51765
51765 56312 21:0 51769
51768 56739 21:0 51768
51768 56740 21:0 51768
51768 507 1:0 51779
51768 511 1:0 51781
51768 513 1:0 51781
51768 509 1:0 51781
51768 56706 21:0 51783
51782 515 1:0 51831
51782 497 21:0 51835
51834 429 21:0 51835
51834 519 1:0 51836
51834 56738 21:0 51840
51839 56771 21:0 51839
51839 515 21:0 51839
51839 56574 21:0 51840
51839 517 1:0 51841
51839 465 21:0 51845
51844 56773 21:0 51844
51844 56772 21:0 51844
51844 519 21:0 51844
51844 525 1:0 51855
51844 531 1:0 51857
51844 529 1:0 51857
51844 527 1:0 51857
51844 481 21:0 51859
51858 517 21:0 51858
51858 533 1:0 51907
51858 483 21:0 51911
51910 55898 21:0 51911
51910 56608 21:0 51911
51910 537 1:0 51912
51910 55845 21:0 51916
51915 56804 21:0 51915
51915 533 21:0 51915
51915 55900 21:0 51916
51915 55892 21:0 51916
51915 55896 21:0 51916
51915 55867 21:0 51916
51915 55852 21:0 51916
51915 535 1:0 51917
51915 55905 21:0 51921
51920 56806 21:0 51920
51920 56805 21:0 51920
51920 55918 21:0 51921
51920 55958 21:0 51921
51920 55858 21:0 51921
51920 55899 21:0 51921
51920 543 1:0 51931
51920 547 1:0 51933
51920 549 1:0 51933
51920 545 1:0 51933
51920 75 21:0 51935
51934 56807 21:0 51934
51934 535 21:0 51934
51934 55964 21:0 51935
51934 55912 21:0 51943
51934 551 1:0 51983
51942 55925 21:0 51976
51975 55866 21:0 51976
51975 55911 21:0 51987
51986 56032 21:0 51987
51986 55957 21:0 51987
51986 55931 21:0 51987
51986 55945 21:0 51987
51986 555 1:0 51988
51986 55962 21:0 51992
51991 56837 21:0 51991
51991 63 21:0 51992
51991 99 21:0 51992
51991 55984 21:0 51992
51991 55999 21:0 51992
51991 55932 21:0 51992
51991 553 1:0 51993
51991 56011 21:0 51997
51996 56839 21:0 51996
51996 555 21:0 51996
51996 55938 21:0 51997
51996 117 21:0 51997
51996 56096 21:0 51997
51996 56090 21:0 51997
51996 55966 21:0 51997
51996 561 1:0 52007
51996 563 1:0 52009
51996 565 1:0 52009
51996 567 1:0 52009
51996 55971 21:0 52011
52010 553 21:0 52010
52010 55933 21:0 52019
52010 569 1:0 52059
52018 56024 21:0 52047
52046 55965 21:0 52052
52051 55891 21:0 52063
52062 55951 21:0 52063
52062 56098 21:0 52063
52062 56017 21:0 52063
52062 111 21:0 52063
52062 93 21:0 52063
52062 573 1:0 52064
52062 129 21:0 52068
52067 56870 21:0 52067
52067 569 21:0 52067
52067 56050 21:0 52068
52067 56110 21:0 52068
52067 56142 21:0 52068
52067 56089 21:0 52068
52067 571 1:0 52069
52067 147 21:0 52073
52072 56872 21:0 52072
52072 573 21:0 52072
52072 56193 21:0 52073
52072 56103 21:0 52073
52072 56188 21:0 52073
52072 56136 21:0 52073
52072 56064 21:0 52073
52072 579 1:0 52083
52072 583 1:0 52085
52072 585 1:0 52085
52072 581 1:0 52085
52072 56109 21:0 52087
52086 56873 21:0 52086
52086 571 21:0 52086
52086 56230 21:0 52091
52086 587 1:0 52135
52090 56143 21:0 52123
52122 56160 21:0 52128
52127 56255 21:0 52139
52138 55990 21:0 52139
52138 56254 21:0 52139
52138 56043 21:0 52139
52138 56149 21:0 52139
52138 56061 21:0 52139
52138 591 1:0 52140
52138 57 21:0 52144
52143 56903 21:0 52143
52143 587 21:0 52143
52143 56229 21:0 52144
52143 55885 21:0 52144
52143 219 21:0 52144
52143 589 1:0 52145
52143 56840 21:0 52149
52148 56905 21:0 52148
52148 591 21:0 52148
52148 56774 21:0 52149
52148 597 1:0 52159
52148 601 1:0 52161
52148 599 1:0 52161
52148 603 1:0 52161
52148 56378 21:0 52204
52162 605 1:0 52211
52203 56906 21:0 52203
52203 589 21:0 52203
52203 499 21:0 52215
52214 609 1:0 52216
52214 56540 21:0 52220
52219 56936 21:0 52219
52219 605 21:0 52219
52219 537 21:0 52220
52219 607 1:0 52221
52219 56675 21:0 52225
52224 56937 21:0 52224
52224 56938 21:0 52224
52224 609 21:0 52224
52224 56838 21:0 52225
52224 615 1:0 52235
52224 619 1:0 52237
52224 617 1:0 52237
52224 621 1:0 52237
52224 551 21:0 52280
52238 623 1:0 52287
52279 56939 21:0 52279
52279 607 21:0 52279
52279 56871 21:0 52291
52290 56320 21:0 52291
52290 201 21:0 52291
52290 55991 21:0 52291
52290 627 1:0 52292
52290 56116 21:0 52296
52295 56969 21:0 52295
52295 623 21:0 52295
52295 309 21:0 52296
52295 55995 21:0 52296
52295 135 21:0 52296
52295 56056 21:0 52296
52295 625 1:0 52297
52295 56353 21:0 52301
52300 56970 21:0 52300
52300 56971 21:0 52300
52300 627 21:0 52300
52300 56215 21:0 52301
52300 56097 21:0 52301
52300 56010 21:0 52301
52300 56288 21:0 52301
52300 56226 21:0 52301
52300 633 1:0 52311
52300 639 1:0 52313
52300 637 1:0 52313
52300 635 1:0 52313
52300 56461 21:0 52315
52314 56972 21:0 52314
52314 625 21:0 52314
52314 56400 21:0 52315
52314 56294 21:0 52351
52314 641 1:0 52363
52350 56374 21:0 52356
52355 56413 21:0 52356
52355 56426 21:0 52367
52366 56452 21:0 52367
52366 56242 21:0 52367
52366 55997 21:0 52367
52366 56386 21:0 52367
52366 645 1:0 52368
52366 56493 21:0 52372
52371 57002 21:0 52371
52371 56130 21:0 52372
52371 56296 21:0 52372
52371 207 21:0 52372
52371 291 21:0 52372
52371 56037 21:0 52372
52371 643 1:0 52373
52371 56274 21:0 52377
52376 57004 21:0 52376
52376 645 21:0 52376
52376 57003 21:0 52376
52376 56460 21:0 52377
52376 56163 21:0 52377
52376 56391 21:0 52377
52376 56083 21:0 52377
52376 651 1:0 52387
52376 653 1:0 52389
52376 655 1:0 52389
52376 657 1:0 52389
52376 56387 21:0 52391
52390 57005 21:0 52390
52390 643 21:0 52390
52390 56361 21:0 52391
52390 55944 21:0 52427
52390 659 1:0 52439
52426 333 21:0 52432
52431 56030 21:0 52432
52431 225 21:0 52443
52442 56539 21:0 52443
52442 56453 21:0 52443
52442 56235 21:0 52443
52442 56241 21:0 52443
52442 663 1:0 52444
52442 153 21:0 52448
52447 56617 21:0 52448
52447 56248 21:0 52448
52447 279 21:0 52448
52447 55998 21:0 52448
52447 56424 21:0 52448
52447 661 1:0 52449
52447 56505 21:0 52453
52452 56638 21:0 52453
52452 477 21:0 52453
52452 56263 21:0 52453
52452 56360 21:0 52453
52452 669 1:0 52463
52452 56208 21:0 52463
52452 675 1:0 52465
52452 671 1:0 52465
52452 673 1:0 52465
52462 56551 21:0 52467
52466 56670 21:0 52475
52466 677 1:0 52515
52474 56287 21:0 52508
52507 56589 21:0 52508
52507 297 21:0 52519
52518 56749 21:0 52519
52518 56308 21:0 52519
52518 56655 21:0 52519
52518 363 21:0 52519
52518 681 1:0 52520
52518 56122 21:0 52524
52523 56688 21:0 52524
52523 56340 21:0 52524
52523 56611 21:0 52524
52523 56028 21:0 52524
52523 56292 21:0 52524
52523 679 1:0 52525
52523 56261 21:0 52529
52528 543 21:0 52529
52528 56512 21:0 52529
52528 56684 21:0 52529
52528 56314 21:0 52529
52528 56473 21:0 52529
52528 687 1:0 52539
52528 691 1:0 52541
52528 689 1:0 52541
52528 693 1:0 52541
52528 56789 21:0 52543
52542 513 21:0 52551
52542 695 1:0 52591
52550 56572 21:0 52579
52578 56394 21:0 52584
52583 56367 21:0 52595
52594 56741 21:0 52595
52594 699 1:0 52596
52594 56904 21:0 52600
52599 56664 21:0 52600
52599 56527 21:0 52600
52599 567 21:0 52600
52599 697 1:0 52601
52599 255 21:0 52605
52604 56175 21:0 52605
52604 56479 21:0 52605
52604 56472 21:0 52605
52604 56162 21:0 52605
52604 56189 21:0 52605
52604 705 1:0 52615
52604 711 1:0 52617
52604 709 1:0 52617
52604 707 1:0 52617
52604 56334 21:0 52619
52618 56499 21:0 52623
52618 713 1:0 52667
52622 56857 21:0 52655
52654 56565 21:0 52660
52659 56869 21:0 52671
52670 56724 21:0 52671
52670 56466 21:0 52671
52670 56935 21:0 52671
52670 61 21:0 52671
52670 56329 21:0 52671
52670 56890 21:0 52671
52670 717 1:0 52672
52670 56915 21:0 52676
52675 55929 21:0 52676
52675 56697 21:0 52676
52675 405 21:0 52676
52675 95 21:0 52676
52675 77 21:0 52676
52675 97 21:0 52676
52675 79 21:0 52676
52675 56354 21:0 52676
52675 715 1:0 52677
52675 441 21:0 52681
52680 56578 21:0 52681
52680 327 21:0 52681
52680 56358 21:0 52681
52680 56558 21:0 52681
52680 725 1:0 52692
52680 56921 21:0 52696
52695 56528 21:0 52696
52695 56000 21:0 52696
52695 115 21:0 52696
52695 56429 21:0 52696
52695 113 21:0 52696
52695 56033 21:0 52701
52701 57147 21:0 52708
52707 133 21:0 52708
52707 131 21:0 52711
52710 151 21:0 52711
52710 56297 21:0 52711
52710 55934 21:0 52711
52710 56561 21:0 52711
52710 56396 21:0 52711
52710 149 21:0 52711
52710 169 21:0 52711
52710 56462 21:0 52711
52710 35369 1:0 52712
52710 56594 21:0 52714
52714 35369 21:0 52734
52733 641 21:0 52734
52733 221 21:0 52734
52733 239 21:0 52734
52733 203 21:0 52734
52733 725 21:0 52734
52733 241 21:0 52734
52733 185 21:0 52734
52733 223 21:0 52734
52733 205 21:0 52734
52733 187 21:0 52734
52733 167 21:0 52734
52733 677 21:0 52737
52736 313 21:0 52737
52736 311 21:0 52737
52736 277 21:0 52737
52736 367 21:0 52737
52736 293 21:0 52737
52736 295 21:0 52737
52736 275 21:0 52737
52736 329 21:0 52737
52736 349 21:0 52737
52736 347 21:0 52737
52736 257 21:0 52737
52736 331 21:0 52737
52736 259 21:0 52737
52736 365 21:0 52737
52736 35385 1:0 52738
52736 385 21:0 52740
52739 56495 21:0 52740
52739 56363 21:0 52740
52739 56264 21:0 52740
52740 35385 21:0 52745
52744 715 21:0 52748
52747 383 21:0 52748
52747 699 21:0 52748
52747 35389 1:0 52749
52747 56627 21:0 52751
52750 56660 21:0 52751
52750 56693 21:0 52751
52750 56726 21:0 52751
52750 56759 21:0 52751
52750 56792 21:0 52751
52750 56825 21:0 52751
52751 35389 21:0 52754
52753 699 1:0 52755
52753 717 21:0 52757
52756 651 21:0 52757
52756 401 21:0 52757
52756 419 21:0 52757
52756 56023 21:0 52757
52756 39 21:0 52757
52756 403 21:0 52757
52756 35392 1:0 52759
52756 421 21:0 52761
52756 677 1:0 52783
52760 56858 21:0 52761
52761 35392 21:0 52820
52784 35410 1:0 52786
52819 35419 1:0 52821
52819 713 21:0 52843
52828 35421 1:0 52831
52838 35424 1:0 52841
52842 56891 21:0 52843
52843 35424 21:0 52865
52864 709 21:0 52865
52864 705 21:0 52865
52864 711 21:0 52865
52864 707 21:0 52865
52864 35419 21:0 52865
52864 35421 21:0 52865
52864 35410 21:0 52865
52864 641 1:0 52866
52864 56044 21:0 52868
52867 56924 21:0 52868
52867 57056 21:0 52868
52867 57023 21:0 52868
52867 56957 21:0 52868
52867 56990 21:0 52868
52867 749 21:0 52868
52867 473 21:0 52868
52867 475 21:0 52868
52867 457 21:0 52868
52867 455 21:0 52868
52867 491 21:0 52868
52867 439 21:0 52868
52867 437 21:0 52868
52867 56591 21:0 52868
52867 56295 21:0 52868
52867 56934 21:0 52868
52867 56754 21:0 52868
52867 35442 1:0 52869
52867 57089 21:0 52870
52871 35442 21:0 52876
52875 56904 1:0 52877
52875 697 21:0 52879
52878 637 21:0 52879
52878 527 21:0 52879
52878 563 21:0 52879
52878 565 21:0 52879
52878 493 21:0 52879
52878 689 21:0 52879
52878 691 21:0 52879
52878 509 21:0 52879
52878 581 21:0 52879
52878 547 21:0 52879
52878 583 21:0 52879
52878 599 21:0 52879
52878 601 21:0 52879
52878 673 21:0 52879
52878 545 21:0 52879
52878 671 21:0 52879
52878 511 21:0 52879
52878 617 21:0 52879
52878 655 21:0 52879
52878 653 21:0 52879
52878 529 21:0 52879
52878 619 21:0 52879
52878 635 21:0 52879
52878 35446 1:0 52880
52882 35446 21:0 52885
52884 56741 1:0 52886
52884 56934 1:0 52886
52884 699 21:0 52888
52887 35449 1:0 52890
52887 56871 1:0 52914
52892 35449 21:0 52951
52915 35467 1:0 52917
52918 57089 1:0 52920
52925 749 1:0 52931
52947 691 1:0 52948
52950 35476 1:0 52952
52950 695 21:0 52974
52956 689 1:0 52957
52959 35478 1:0 52962
52966 56754 1:0 52968
52969 35481 1:0 52972
52974 35481 21:0 52996
52995 749 21:0 52996
52995 35467 21:0 52996
52995 35478 21:0 52996
52995 691 21:0 52996
52995 35476 21:0 52996
52995 689 21:0 52996
52995 693 21:0 52996
52995 687 21:0 52996
52995 551 1:0 52997
52995 56295 1:0 52997
52998 35499 1:0 53000
52998 56591 1:0 53005
53002 35499 21:0 53007
53006 56044 1:0 53008
53006 56838 1:0 53008
53006 679 21:0 53010
53009 35503 1:0 53011
53009 651 1:0 53014
53013 35503 21:0 53016
53015 39 1:0 53017
53015 56675 1:0 53017
53015 681 21:0 53019
53018 35506 1:0 53021
53018 537 1:0 53045
53023 35506 21:0 53082
53046 35524 1:0 53048
53049 57056 1:0 53051
53056 749 1:0 53062
53078 673 1:0 53079
53081 35533 1:0 53083
53081 677 21:0 53105
53087 671 1:0 53088
53090 35535 1:0 53093
53097 56023 1:0 53099
53100 35538 1:0 53103
53105 35538 21:0 53127
53126 671 21:0 53127
53126 673 21:0 53127
53126 35533 21:0 53127
53126 675 21:0 53127
53126 35535 21:0 53127
53126 669 21:0 53127
53126 35524 21:0 53127
53126 749 21:0 53127
53126 56540 1:0 53128
53126 56921 1:0 53128
53129 35556 1:0 53131
53129 327 1:0 53136
53133 35556 21:0 53138
53137 499 1:0 53139
53137 56558 1:0 53139
53137 661 21:0 53141
53140 35560 1:0 53142
53140 56358 1:0 53145
53144 35560 21:0 53147
53146 56578 1:0 53148
53146 56378 1:0 53148
53146 663 21:0 53150
53149 35563 1:0 53152
53149 56774 1:0 53176
53154 35563 21:0 53213
53177 35581 1:0 53179
53180 57023 1:0 53182
53187 749 1:0 53193
53209 655 1:0 53210
53212 35590 1:0 53214
53212 659 21:0 53236
53218 653 1:0 53219
53221 35592 1:0 53224
53228 441 1:0 53230
53231 35595 1:0 53234
53233 57005 1:0 53233
53236 35595 21:0 53258
53257 657 21:0 53258
53257 651 21:0 53258
53257 35581 21:0 53258
53257 749 21:0 53258
53257 655 21:0 53258
53257 653 21:0 53258
53257 35592 21:0 53258
53257 35590 21:0 53258
53257 56354 1:0 53259
53257 56840 1:0 53259
53258 643 1:0 53258
53260 35613 1:0 53262
53260 405 1:0 53267
53261 57004 1:0 53261
53261 57003 1:0 53261
53264 35613 21:0 53269
53268 56608 1:0 53270
53268 55929 1:0 53270
53268 643 21:0 53272
53269 645 1:0 53269
53271 35617 1:0 53273
53271 56697 1:0 53276
53275 57002 1:0 53275
53275 35617 21:0 53278
53277 56915 1:0 53279
53277 483 1:0 53279
53277 645 21:0 53281
53280 35620 1:0 53283
53280 481 1:0 53307
53285 35620 21:0 53344
53308 35638 1:0 53310
53311 56990 1:0 53313
53318 749 1:0 53324
53340 637 1:0 53341
53343 35647 1:0 53345
53343 641 21:0 53367
53349 635 1:0 53350
53352 35649 1:0 53355
53359 56935 1:0 53361
53362 35652 1:0 53365
53364 56972 1:0 53364
53367 35652 21:0 53389
53388 35647 21:0 53389
53388 35638 21:0 53389
53388 633 21:0 53389
53388 639 21:0 53389
53388 749 21:0 53389
53388 637 21:0 53389
53388 635 21:0 53389
53388 35649 21:0 53389
53388 465 1:0 53390
53388 56466 1:0 53390
53389 625 1:0 53389
53391 35670 1:0 53393
53391 56724 1:0 53398
53392 56970 1:0 53392
53392 56971 1:0 53392
53395 35670 21:0 53400
53399 56574 1:0 53401
53399 56329 1:0 53401
53399 625 21:0 53403
53400 627 1:0 53400
53402 35674 1:0 53404
53402 56890 1:0 53407
53406 56969 1:0 53406
53406 35674 21:0 53409
53408 56869 1:0 53410
53408 56738 1:0 53410
53408 627 21:0 53412
53409 623 1:0 53409
53411 35677 1:0 53414
53411 429 1:0 53438
53416 35677 21:0 53475
53439 35695 1:0 53441
53442 56957 1:0 53444
53449 749 1:0 53455
53471 619 1:0 53472
53474 35704 1:0 53476
53474 623 21:0 53498
53480 617 1:0 53481
53483 35706 1:0 53486
53490 56565 1:0 53492
53493 35709 1:0 53496
53495 56939 1:0 53495
53498 35709 21:0 53520
53519 749 21:0 53520
53519 615 21:0 53520
53519 621 21:0 53520
53519 617 21:0 53520
53519 35695 21:0 53520
53519 35706 21:0 53520
53519 35704 21:0 53520
53519 619 21:0 53520
53519 497 1:0 53521
53519 56857 1:0 53521
53520 607 1:0 53520
53522 35727 1:0 53524
53522 56499 1:0 53529
53523 56937 1:0 53523
53523 56938 1:0 53523
53526 35727 21:0 53531
53530 56706 1:0 53532
53530 56334 1:0 53532
53530 607 21:0 53534
53531 609 1:0 53531
53533 35731 1:0 53535
53533 56472 1:0 53538
53537 56936 1:0 53537
53537 35731 21:0 53540
53539 35761 1:0 53541
53539 56189 1:0 53541
53539 56312 1:0 53541
53539 601 1:0 53541
53539 609 21:0 53543
53540 605 1:0 53540
53542 35734 1:0 53545
53542 56674 1:0 53569
53547 35734 21:0 53606
53567 56924 1:0 53569
53567 749 1:0 53569
53570 35752 1:0 53572
53570 56162 1:0 53620
53605 605 21:0 53629
53611 599 1:0 53612
53614 35763 1:0 53617
53621 56479 1:0 53623
53624 35766 1:0 53627
53626 56906 1:0 53626
53629 35766 21:0 53651
53650 599 21:0 53651
53650 601 21:0 53651
53650 35761 21:0 53651
53650 35763 21:0 53651
53650 35752 21:0 53651
53650 749 21:0 53651
53650 603 21:0 53651
53650 597 21:0 53651
53650 427 1:0 53652
53650 56175 1:0 53652
53651 589 1:0 53651
53653 35784 1:0 53655
53653 255 1:0 53660
53654 56905 1:0 53654
53657 35784 21:0 53662
53661 56527 1:0 53663
53661 461 1:0 53663
53661 589 21:0 53665
53662 591 1:0 53662
53664 35788 1:0 53666
53664 56664 1:0 53669
53668 56903 1:0 53668
53668 35788 21:0 53671
53670 567 1:0 53672
53670 35818 1:0 53672
53670 583 1:0 53672
53670 56442 1:0 53672
53670 591 21:0 53674
53671 587 1:0 53671
53673 35791 1:0 53676
53673 463 1:0 53700
53678 35791 21:0 53737
53698 56891 1:0 53700
53698 749 1:0 53700
53701 35809 1:0 53703
53701 56367 1:0 53751
53736 587 21:0 53760
53742 581 1:0 53743
53745 35820 1:0 53748
53752 56394 1:0 53754
53755 35823 1:0 53758
53757 56873 1:0 53757
53760 35823 21:0 53782
53781 583 21:0 53782
53781 35818 21:0 53782
53781 585 21:0 53782
53781 35820 21:0 53782
53781 579 21:0 53782
53781 749 21:0 53782
53781 35809 21:0 53782
53781 581 21:0 53782
53781 56377 1:0 53783
53781 56572 1:0 53783
53782 571 1:0 53782
53784 35841 1:0 53786
53784 513 1:0 53791
53785 56872 1:0 53785
53788 35841 21:0 53793
53792 56789 1:0 53794
53792 411 1:0 53794
53792 571 21:0 53796
53793 573 1:0 53793
53795 35845 1:0 53797
53795 56473 1:0 53800
53799 56870 1:0 53799
53799 35845 21:0 53802
53801 35875 1:0 53803
53801 56606 1:0 53803
53801 565 1:0 53803
53801 56314 1:0 53803
53801 573 21:0 53805
53802 569 1:0 53802
53804 35848 1:0 53807
53804 56573 1:0 53831
53809 35848 21:0 53868
53829 749 1:0 53831
53829 56858 1:0 53831
53832 35866 1:0 53834
53832 56684 1:0 53882
53867 569 21:0 53891
53873 563 1:0 53874
53876 35877 1:0 53879
53883 56512 1:0 53885
53886 35880 1:0 53889
53890 35866 21:0 53913
53912 35877 21:0 53913
53912 35880 21:0 53913
53912 35875 21:0 53913
53912 567 21:0 53913
53912 565 21:0 53913
53912 563 21:0 53913
53912 561 21:0 53913
53912 749 21:0 53913
53912 543 1:0 53914
53912 56641 1:0 53914
53913 553 1:0 53913
53915 35898 1:0 53917
53915 56261 1:0 53922
53916 56839 1:0 53916
53919 35898 21:0 53924
53923 56292 1:0 53925
53923 371 1:0 53925
53923 553 21:0 53927
53924 555 1:0 53924
53926 35902 1:0 53928
53926 56611 1:0 53931
53930 56837 1:0 53930
53930 35902 21:0 53933
53932 35934 1:0 53934
53932 545 1:0 53934
53932 56688 1:0 53934
53932 547 1:0 53934
53932 391 1:0 53934
53932 35932 1:0 53934
53932 555 21:0 53936
53935 35905 1:0 53938
53935 35923 1:0 53950
53935 35937 1:0 53950
53940 35905 21:0 53999
53946 749 1:0 53947
53948 56825 1:0 53950
53951 56477 1:0 54003
53998 551 21:0 54022
54004 445 1:0 54042
54022 35937 21:0 54044
54041 56807 1:0 54041
54043 543 21:0 54044
54043 35934 21:0 54044
54043 549 21:0 54044
54043 35932 21:0 54044
54043 35923 21:0 54044
54043 749 21:0 54044
54043 545 21:0 54044
54043 547 21:0 54044
54043 56028 1:0 54045
54043 389 1:0 54045
54044 535 1:0 54044
54046 35955 1:0 54048
54046 56340 1:0 54053
54047 56806 1:0 54047
54047 56805 1:0 54047
54050 35955 21:0 54055
54054 56122 1:0 54056
54054 425 1:0 54056
54054 535 21:0 54058
54057 35959 1:0 54059
54057 56308 1:0 54062
54061 56804 1:0 54061
54061 35959 21:0 54064
54063 409 1:0 54065
54063 529 1:0 54065
54063 527 1:0 54065
54063 363 1:0 54065
54063 35989 1:0 54065
54063 35991 1:0 54065
54063 537 21:0 54067
54064 533 1:0 54064
54066 35962 1:0 54069
54066 35994 1:0 54079
54066 35980 1:0 54079
54071 35962 21:0 54130
54077 749 1:0 54079
54079 56792 1:0 54079
54080 56575 1:0 54134
54129 533 21:0 54153
54135 319 1:0 54173
54152 35980 21:0 54175
54174 525 21:0 54175
54174 35989 21:0 54175
54174 35991 21:0 54175
54174 35994 21:0 54175
54174 527 21:0 54175
54174 529 21:0 54175
54174 531 21:0 54175
54174 749 21:0 54175
54174 355 1:0 54176
54174 56749 1:0 54176
54175 517 1:0 54175
54177 36012 1:0 54179
54177 56655 1:0 54184
54178 56773 1:0 54178
54178 56772 1:0 54178
54181 36012 21:0 54186
54185 297 1:0 54187
54185 56375 1:0 54187
54185 517 21:0 54189
54186 519 1:0 54186
54188 36016 1:0 54190
54188 56589 1:0 54193
54192 56771 1:0 54192
54192 36016 21:0 54195
54194 36048 1:0 54196
54194 36046 1:0 54196
54194 509 1:0 54196
54194 511 1:0 54196
54194 56287 1:0 54196
54194 373 1:0 54196
54194 519 21:0 54198
54195 515 1:0 54195
54197 36019 1:0 54200
54197 36037 1:0 54212
54197 36051 1:0 54212
54202 36019 21:0 54261
54208 749 1:0 54209
54210 56759 1:0 54212
54213 56509 1:0 54265
54260 515 21:0 54284
54266 56542 1:0 54304
54283 36037 21:0 54306
54305 507 21:0 54306
54305 511 21:0 54306
54305 36051 21:0 54306
54305 513 21:0 54306
54305 749 21:0 54306
54305 36048 21:0 54306
54305 509 21:0 54306
54305 36046 21:0 54306
54305 56670 1:0 54307
54305 56541 1:0 54307
54308 36069 1:0 54310
54308 56551 1:0 54315
54309 56739 1:0 54309
54309 56740 1:0 54309
54312 36069 21:0 54317
54316 375 1:0 54318
54316 56208 1:0 54318
54316 499 21:0 54320
54317 501 1:0 54317
54319 36073 1:0 54321
54319 56263 1:0 54324
54323 36073 21:0 54326
54325 36103 1:0 54327
54325 491 1:0 54327
54325 36105 1:0 54327
54325 493 1:0 54327
54325 56638 1:0 54327
54325 407 1:0 54327
54325 501 21:0 54329
54328 36076 1:0 54331
54328 36108 1:0 54344
54328 36094 1:0 54344
54333 36076 21:0 54392
54339 749 1:0 54340
54341 56726 1:0 54344
54345 211 1:0 54396
54391 497 21:0 54415
54397 393 1:0 54435
54414 36094 21:0 54437
54434 56708 1:0 54434
54436 489 21:0 54437
54436 495 21:0 54437
54436 493 21:0 54437
54436 36105 21:0 54437
54436 749 21:0 54437
54436 491 21:0 54437
54436 36108 21:0 54437
54436 36103 21:0 54437
54436 477 1:0 54438
54436 56510 1:0 54438
54439 36126 1:0 54441
54439 56360 1:0 54446
54440 56707 1:0 54440
54443 36126 21:0 54448
54447 56505 1:0 54449
54447 56475 1:0 54449
54447 481 21:0 54451
54450 36130 1:0 54452
54450 55998 1:0 54455
54454 56705 1:0 54454
54454 36130 21:0 54457
54456 36160 1:0 54458
54456 279 1:0 54458
54456 36162 1:0 54458
54456 473 1:0 54458
54456 475 1:0 54458
54456 56474 1:0 54458
54456 483 21:0 54460
54457 479 1:0 54457
54459 36133 1:0 54462
54459 36165 1:0 54473
54459 36151 1:0 54473
54464 36133 21:0 54523
54470 749 1:0 54471
54472 56693 1:0 54473
54474 56508 1:0 54527
54522 479 21:0 54546
54528 56507 1:0 54566
54546 36165 21:0 54568
54567 749 21:0 54568
54567 475 21:0 54568
54567 473 21:0 54568
54567 471 21:0 54568
54567 477 21:0 54568
54567 36160 21:0 54568
54567 36151 21:0 54568
54567 36162 21:0 54568
54567 56444 1:0 54569
54567 56248 1:0 54569
54570 36183 1:0 54572
54570 56617 1:0 54577
54571 56673 1:0 54571
54574 36183 21:0 54579
54578 353 1:0 54580
54578 56424 1:0 54580
54578 463 21:0 54582
54581 36187 1:0 54583
54581 153 1:0 54586
54585 56672 1:0 54585
54585 36187 21:0 54588
54587 56241 1:0 54589
54587 56476 1:0 54589
54587 455 1:0 54589
54587 457 1:0 54589
54587 36219 1:0 54589
54587 36217 1:0 54589
54587 465 21:0 54591
54590 36190 1:0 54593
54590 36208 1:0 54606
54590 36222 1:0 54606
54595 36190 21:0 54654
54601 749 1:0 54602
54603 56660 1:0 54606
54607 56411 1:0 54658
54653 461 21:0 54677
54659 357 1:0 54697
54676 36208 21:0 54699
54696 56642 1:0 54696
54698 749 21:0 54699
54698 36217 21:0 54699
54698 455 21:0 54699
54698 36219 21:0 54699
54698 457 21:0 54699
54698 36222 21:0 54699
54698 453 21:0 54699
54698 459 21:0 54699
54698 335 1:0 54700
54698 56453 1:0 54700
54701 36240 1:0 54703
54701 56235 1:0 54708
54702 56640 1:0 54702
54705 36240 21:0 54710
54709 56539 1:0 54711
54709 299 1:0 54711
54709 445 21:0 54713
54710 447 1:0 54710
54712 36244 1:0 54714
54712 225 1:0 54717
54716 56639 1:0 54716
54716 36244 21:0 54719
54718 36274 1:0 54720
54718 56408 1:0 54720
54718 56030 1:0 54720
54718 437 1:0 54720
54718 439 1:0 54720
54718 36276 1:0 54720
54718 447 21:0 54722
54719 443 1:0 54719
54721 36247 1:0 54724
54721 36279 1:0 54737
54721 36265 1:0 54737
54726 36247 21:0 54785
54732 749 1:0 54733
54734 56627 1:0 54737
54738 56376 1:0 54789
54784 443 21:0 54808
54790 339 1:0 54828
54807 36265 21:0 54830
54827 56609 1:0 54827
54829 749 21:0 54830
54829 36279 21:0 54830
54829 441 21:0 54830
54829 435 21:0 54830
54829 439 21:0 54830
54829 36276 21:0 54830
54829 36274 21:0 54830
54829 437 21:0 54830
54829 337 1:0 54831
54829 333 1:0 54831
54832 36297 1:0 54834
54832 55944 1:0 54839
54833 56607 1:0 54833
54836 36297 21:0 54841
54840 56443 1:0 54842
54840 56361 1:0 54842
54840 427 21:0 54844
54843 36301 1:0 54845
54843 56387 1:0 54848
54847 36301 21:0 54850
54849 56309 1:0 54851
54849 56163 1:0 54851
54849 419 1:0 54851
54849 421 1:0 54851
54849 36333 1:0 54851
54849 36331 1:0 54851
54849 429 21:0 54853
54852 36304 1:0 54855
54852 36322 1:0 54868
54852 36336 1:0 54868
54854 56604 1:0 54854
54857 36304 21:0 54916
54863 749 1:0 54864
54865 56594 1:0 54868
54867 423 1:0 54867
54867 56585 1:0 54867
54867 56592 1:0 54867
54867 56593 1:0 54867
54869 56441 1:0 54920
54915 425 21:0 54939
54919 417 1:0 54919
54919 56584 1:0 54919
54921 56345 1:0 54959
54939 36336 21:0 54961
54958 56576 1:0 54958
54960 36331 21:0 54961
54960 36322 21:0 54961
54960 749 21:0 54961
54960 36333 21:0 54961
54960 423 21:0 54961
54960 419 21:0 54961
54960 421 21:0 54961
54960 417 21:0 54961
54960 56460 1:0 54962
54960 317 1:0 54962
54963 36354 1:0 54965
54963 56391 1:0 54970
54967 36354 21:0 54972
54971 56083 1:0 54973
54971 56409 1:0 54973
54971 409 21:0 54975
54974 36358 1:0 54976
54974 56274 1:0 54979
54978 36358 21:0 54981
54980 401 1:0 54982
54980 403 1:0 54982
54980 56296 1:0 54982
54980 36390 1:0 54982
54980 36388 1:0 54982
54980 56410 1:0 54982
54980 411 21:0 54984
54983 36361 1:0 54986
54983 36393 1:0 54996
54983 36379 1:0 54996
54985 56571 1:0 54985
54988 36361 21:0 55047
54994 749 1:0 54996
54995 56556 1:0 54995
54995 56560 1:0 54995
54995 56552 1:0 54995
54996 56561 1:0 54996
54997 303 1:0 55051
55046 407 21:0 55070
55050 56545 1:0 55050
55052 56276 1:0 55090
55069 36379 21:0 55092
55089 56543 1:0 55089
55091 401 21:0 55092
55091 403 21:0 55092
55091 36388 21:0 55092
55091 36390 21:0 55092
55091 749 21:0 55092
55091 405 21:0 55092
55091 36393 21:0 55092
55091 399 21:0 55092
55091 56344 1:0 55093
55091 207 1:0 55093
55094 36411 1:0 55096
55094 56130 1:0 55101
55098 36411 21:0 55103
55102 291 1:0 55104
55102 301 1:0 55104
55102 391 21:0 55106
55105 36415 1:0 55107
55105 56037 1:0 55110
55109 36415 21:0 55112
55111 385 1:0 55113
55111 56493 1:0 55113
55111 36447 1:0 55113
55111 36445 1:0 55113
55111 281 1:0 55113
55111 383 1:0 55113
55111 393 21:0 55115
55114 36418 1:0 55117
55114 36436 1:0 55131
55114 36450 1:0 55131
55116 56538 1:0 55116
55119 36418 21:0 55178
55125 749 1:0 55126
55127 56528 1:0 55131
55130 387 1:0 55130
55130 56526 1:0 55130
55130 56525 1:0 55130
55132 283 1:0 55182
55177 389 21:0 55201
55181 56518 1:0 55181
55181 381 1:0 55181
55183 321 1:0 55221
55200 36436 21:0 55223
55222 381 21:0 55223
55222 387 21:0 55223
55222 383 21:0 55223
55222 36450 21:0 55223
55222 385 21:0 55223
55222 36447 21:0 55223
55222 36445 21:0 55223
55222 749 21:0 55223
55222 56452 1:0 55224
55222 56278 1:0 55224
55225 36468 1:0 55227
55225 56242 1:0 55232
55229 36468 21:0 55234
55231 56506 1:0 55231
55233 55997 1:0 55235
55233 56246 1:0 55235
55233 373 21:0 55237
55236 36472 1:0 55238
55236 56386 1:0 55241
55240 36472 21:0 55243
55242 247 1:0 55244
55242 36504 1:0 55244
55242 36502 1:0 55244
55242 367 1:0 55244
55242 56426 1:0 55244
55242 365 1:0 55244
55242 375 21:0 55246
55245 36475 1:0 55248
55245 36493 1:0 55259
55245 36507 1:0 55259
55250 36475 21:0 55309
55256 749 1:0 55257
55258 369 1:0 55258
55258 56486 1:0 55258
55258 56492 1:0 55258
55258 56494 1:0 55258
55258 56490 1:0 55258
55258 56495 1:0 55259
55260 263 1:0 55313
55308 371 21:0 55332
55312 56485 1:0 55312
55314 285 1:0 55352
55331 36493 21:0 55354
55353 369 21:0 55354
55353 749 21:0 55354
55353 367 21:0 55354
55353 365 21:0 55354
55353 363 21:0 55354
55353 36502 21:0 55354
55353 36504 21:0 55354
55353 36507 21:0 55354
55353 56342 1:0 55355
55353 56413 1:0 55355
55356 36525 1:0 55358
55356 56374 1:0 55363
55360 36525 21:0 55365
55364 56310 1:0 55366
55364 56294 1:0 55366
55364 355 21:0 55368
55367 36529 1:0 55369
55367 56400 1:0 55372
55371 36529 21:0 55374
55373 347 1:0 55375
55373 349 1:0 55375
55373 36561 1:0 55375
55373 56343 1:0 55375
55373 56461 1:0 55375
55373 36559 1:0 55375
55373 357 21:0 55377
55376 36532 1:0 55379
55376 36550 1:0 55393
55376 36564 1:0 55393
55381 36532 21:0 55440
55387 749 1:0 55388
55389 56462 1:0 55393
55392 56459 1:0 55392
55392 351 1:0 55392
55392 56457 1:0 55392
55394 267 1:0 55444
55439 353 21:0 55463
55443 345 1:0 55443
55443 56446 1:0 55443
55445 56311 1:0 55483
55463 36564 21:0 55485
55484 347 21:0 55485
55484 36559 21:0 55485
55484 349 21:0 55485
55484 749 21:0 55485
55484 36561 21:0 55485
55484 36550 21:0 55485
55484 345 21:0 55485
55484 351 21:0 55485
55484 193 1:0 55486
55484 56226 1:0 55486
55487 36582 1:0 55489
55487 56288 1:0 55494
55491 36582 21:0 55496
55493 56440 1:0 55493
55495 56010 1:0 55497
55495 56210 1:0 55497
55495 337 21:0 55499
55498 36586 1:0 55500
55498 56097 1:0 55503
55502 36586 21:0 55505
55504 56279 1:0 55506
55504 56215 1:0 55506
55504 36616 1:0 55506
55504 36618 1:0 55506
55504 329 1:0 55506
55504 331 1:0 55506
55504 339 21:0 55508
55507 36589 1:0 55510
55507 36607 1:0 55523
55507 36621 1:0 55523
55509 56433 1:0 55509
55512 36589 21:0 55571
55518 749 1:0 55519
55520 56429 1:0 55523
55522 56420 1:0 55522
55522 56427 1:0 55522
55522 56428 1:0 55522
55524 56277 1:0 55575
55570 335 21:0 55594
55574 56419 1:0 55574
55576 229 1:0 55614
55594 36621 21:0 55616
55615 749 21:0 55616
55615 327 21:0 55616
55615 331 21:0 55616
55615 329 21:0 55616
55615 36616 21:0 55616
55615 36618 21:0 55616
55615 333 21:0 55616
55615 36607 21:0 55616
55615 155 1:0 55617
55615 56353 1:0 55617
55618 36639 1:0 55620
55618 56056 1:0 55625
55622 36639 21:0 55627
55624 56407 1:0 55624
55626 309 1:0 55628
55626 249 1:0 55628
55626 319 21:0 55630
55629 36643 1:0 55631
55629 135 1:0 55634
55633 36643 21:0 55636
55635 36675 1:0 55637
55635 55995 1:0 55637
55635 56212 1:0 55637
55635 36673 1:0 55637
55635 311 1:0 55637
55635 313 1:0 55637
55635 321 21:0 55639
55638 36646 1:0 55641
55638 36678 1:0 55652
55638 36664 1:0 55652
55640 56406 1:0 55640
55643 36646 21:0 55702
55649 749 1:0 55650
55651 56395 1:0 55651
55651 56393 1:0 55651
55651 315 1:0 55651
55651 56396 1:0 55652
55653 56177 1:0 55706
55701 317 21:0 55725
55705 56380 1:0 55705
55707 245 1:0 55745
55725 36678 21:0 55747
55746 36664 21:0 55747
55746 36673 21:0 55747
55746 749 21:0 55747
55746 36675 21:0 55747
55746 311 21:0 55747
55746 313 21:0 55747
55746 315 21:0 55747
55746 309 21:0 55747
55746 209 1:0 55748
55746 56116 1:0 55748
55749 36696 1:0 55751
55749 201 1:0 55756
55753 36696 21:0 55758
55757 231 1:0 55759
55757 55991 1:0 55759
55757 301 21:0 55761
55760 36700 1:0 55762
55760 56320 1:0 55765
55764 36700 21:0 55767
55766 219 1:0 55768
55766 295 1:0 55768
55766 36732 1:0 55768
55766 293 1:0 55768
55766 36730 1:0 55768
55766 56180 1:0 55768
55766 303 21:0 55770
55769 36703 1:0 55772
55769 36735 1:0 55783
55769 36721 1:0 55783
55771 56373 1:0 55771
55774 36703 21:0 55833
55780 749 1:0 55781
55782 56362 1:0 55782
55782 56363 1:0 55783
55784 56213 1:0 55837
55832 299 21:0 55856
55836 56347 1:0 55836
55838 56245 1:0 55876
55856 36735 21:0 55878
55877 749 21:0 55878
55877 291 21:0 55878
55877 297 21:0 55878
55877 36730 21:0 55878
55877 36732 21:0 55878
55877 295 21:0 55878
55877 293 21:0 55878
55877 36721 21:0 55878
55877 56244 1:0 55879
55877 55885 1:0 55879
55880 36753 1:0 55882
55880 56229 1:0 55887
55884 36753 21:0 55889
55886 56341 1:0 55886
55888 213 1:0 55890
55888 57 1:0 55890
55888 283 21:0 55892
55891 36757 1:0 55893
55891 56061 1:0 55896
55895 36757 21:0 55898
55897 55990 1:0 55899
55897 275 1:0 55899
55897 227 1:0 55899
55897 277 1:0 55899
55897 36789 1:0 55899
55897 36787 1:0 55899
55897 285 21:0 55901
55900 36760 1:0 55903
55900 36778 1:0 55913
55900 36792 1:0 55913
55905 36760 21:0 55964
55911 749 1:0 55913
55912 56328 1:0 55912
55912 56321 1:0 55912
55912 56325 1:0 55912
55912 56327 1:0 55912
55913 56330 1:0 55913
55914 56146 1:0 55968
55963 281 21:0 55987
55967 273 1:0 55967
55969 56243 1:0 56007
55986 36778 21:0 56009
56008 749 21:0 56009
56008 277 21:0 56009
56008 273 21:0 56009
56008 36787 21:0 56009
56008 36792 21:0 56009
56008 36789 21:0 56009
56008 279 21:0 56009
56008 275 21:0 56009
56008 56211 1:0 56010
56008 56254 1:0 56010
56009 265 1:0 56009
56011 36810 1:0 56013
56011 56043 1:0 56018
56015 36810 21:0 56020
56019 56149 1:0 56021
56019 175 1:0 56021
56019 265 21:0 56023
56022 36814 1:0 56024
56022 56255 1:0 56027
56026 36814 21:0 56029
56028 36844 1:0 56030
56028 259 1:0 56030
56028 36846 1:0 56030
56028 191 1:0 56030
56028 257 1:0 56030
56028 56160 1:0 56030
56028 267 21:0 56032
56031 36817 1:0 56034
56031 36835 1:0 56045
56031 36849 1:0 56045
56033 56301 1:0 56033
56033 56307 1:0 56033
56036 36817 21:0 56095
56042 749 1:0 56043
56044 261 1:0 56044
56044 56297 1:0 56045
56046 173 1:0 56099
56094 263 21:0 56118
56098 56281 1:0 56098
56100 195 1:0 56138
56117 36835 21:0 56140
56139 261 21:0 56140
56139 36846 21:0 56140
56139 36844 21:0 56140
56139 255 21:0 56140
56139 259 21:0 56140
56139 257 21:0 56140
56139 749 21:0 56140
56139 36849 21:0 56140
56139 56143 1:0 56141
56139 56178 1:0 56141
56142 36867 1:0 56144
56142 56230 1:0 56149
56146 36867 21:0 56151
56148 56275 1:0 56148
56150 56179 1:0 56152
56150 56109 1:0 56152
56150 247 21:0 56154
56153 36871 1:0 56155
56153 56188 1:0 56158
56157 36871 21:0 56160
56159 239 1:0 56161
56159 241 1:0 56161
56159 36903 1:0 56161
56159 177 1:0 56161
56159 56136 1:0 56161
56159 36901 1:0 56161
56159 249 21:0 56163
56162 36874 1:0 56165
56162 36906 1:0 56176
56162 36892 1:0 56176
56164 56268 1:0 56164
56167 36874 21:0 56226
56173 749 1:0 56174
56175 56262 1:0 56175
56175 56259 1:0 56175
56175 243 1:0 56175
56175 56264 1:0 56176
56177 56145 1:0 56230
56225 245 21:0 56249
56229 237 1:0 56229
56231 56147 1:0 56269
56248 36892 21:0 56271
56270 36903 21:0 56271
56270 239 21:0 56271
56270 241 21:0 56271
56270 749 21:0 56271
56270 237 21:0 56271
56270 243 21:0 56271
56270 36901 21:0 56271
56270 36906 21:0 56271
56270 56064 1:0 56272
56270 56144 1:0 56272
56273 36924 1:0 56275
56273 56103 1:0 56280
56277 36924 21:0 56282
56281 56111 1:0 56283
56281 56193 1:0 56283
56281 229 21:0 56285
56284 36928 1:0 56286
56284 147 1:0 56289
56288 36928 21:0 56291
56290 56047 1:0 56292
56290 36958 1:0 56292
56290 56050 1:0 56292
56290 36960 1:0 56292
56290 223 1:0 56292
56290 221 1:0 56292
56290 231 21:0 56294
56293 36931 1:0 56296
56293 36949 1:0 56306
56293 36963 1:0 56306
56298 36931 21:0 56357
56304 749 1:0 56306
56305 56228 1:0 56305
56305 56222 1:0 56305
56306 56231 1:0 56306
56307 159 1:0 56361
56356 227 21:0 56380
56360 56221 1:0 56360
56362 56114 1:0 56400
56380 36963 21:0 56402
56401 36949 21:0 56402
56401 221 21:0 56402
56401 223 21:0 56402
56401 36960 21:0 56402
56401 749 21:0 56402
56401 225 21:0 56402
56401 219 21:0 56402
56401 36958 21:0 56402
56401 56110 1:0 56403
56401 56078 1:0 56403
56404 36981 1:0 56406
56404 56142 1:0 56411
56408 36981 21:0 56413
56410 56209 1:0 56410
56412 56089 1:0 56414
56412 137 1:0 56414
56412 211 21:0 56416
56415 36985 1:0 56417
56415 129 1:0 56420
56419 36985 21:0 56422
56421 37015 1:0 56423
56421 203 1:0 56423
56421 205 1:0 56423
56421 56098 1:0 56423
56421 56113 1:0 56423
56421 37017 1:0 56423
56421 213 21:0 56425
56424 36988 1:0 56427
56424 37020 1:0 56437
56424 37006 1:0 56437
56426 56202 1:0 56426
56429 36988 21:0 56488
56435 749 1:0 56437
56436 56195 1:0 56436
56436 56196 1:0 56436
56436 56197 1:0 56436
56437 56198 1:0 56437
56438 157 1:0 56492
56487 37006 21:0 56504
56491 56182 1:0 56491
56493 56080 1:0 56531
56503 207 21:0 56507
56506 37015 21:0 56507
56506 205 21:0 56507
56506 203 21:0 56507
56506 749 21:0 56507
56506 37017 21:0 56507
56511 37020 21:0 56533
56532 209 21:0 56533
56532 55951 1:0 56534
56532 56112 1:0 56534
56532 201 21:0 56536
56535 37038 1:0 56537
56535 56017 1:0 56542
56539 37038 21:0 56544
56541 56176 1:0 56541
56543 111 1:0 56545
56543 141 1:0 56545
56543 193 21:0 56547
56546 37042 1:0 56548
56546 93 1:0 56551
56550 37042 21:0 56553
56552 37074 1:0 56554
56552 55891 1:0 56554
56552 56079 1:0 56554
56552 187 1:0 56554
56552 185 1:0 56554
56552 37072 1:0 56554
56552 195 21:0 56556
56555 37045 1:0 56558
56555 37063 1:0 56571
56555 37077 1:0 56571
56557 56169 1:0 56557
56560 37045 21:0 56619
56566 749 1:0 56567
56568 56165 1:0 56571
56570 189 1:0 56570
56570 56156 1:0 56570
56570 56164 1:0 56570
56572 56081 1:0 56623
56618 37063 21:0 56635
56622 183 1:0 56622
56622 56155 1:0 56622
56624 121 1:0 56662
56634 189 21:0 56638
56637 37072 21:0 56638
56637 187 21:0 56638
56637 749 21:0 56638
56637 185 21:0 56638
56637 37074 21:0 56638
56642 37077 21:0 56664
56663 191 21:0 56664
56663 56048 1:0 56665
56663 55965 1:0 56665
56663 183 21:0 56667
56666 37095 1:0 56668
56666 56024 1:0 56673
56670 37095 21:0 56675
56674 139 1:0 56676
56674 55933 1:0 56676
56674 175 21:0 56678
56677 37099 1:0 56679
56677 55971 1:0 56682
56681 37099 21:0 56684
56683 56046 1:0 56685
56683 37131 1:0 56685
56683 37129 1:0 56685
56683 55966 1:0 56685
56683 169 1:0 56685
56683 167 1:0 56685
56683 177 21:0 56687
56686 37102 1:0 56689
56686 37134 1:0 56700
56686 37120 1:0 56700
56691 37102 21:0 56750
56697 749 1:0 56698
56699 56127 1:0 56699
56699 56123 1:0 56699
56699 171 1:0 56699
56699 56131 1:0 56699
56699 56129 1:0 56699
56699 56132 1:0 56700
56701 123 1:0 56754
56749 37120 21:0 56766
56753 165 1:0 56753
56755 119 1:0 56793
56765 171 21:0 56769
56768 37129 21:0 56769
56768 169 21:0 56769
56768 167 21:0 56769
56768 749 21:0 56769
56768 37131 21:0 56769
56773 37134 21:0 56795
56794 173 21:0 56795
56794 55938 1:0 56796
56794 56013 1:0 56796
56794 165 21:0 56798
56797 37152 1:0 56799
56797 56090 1:0 56804
56801 37152 21:0 56806
56805 56096 1:0 56807
56805 56014 1:0 56807
56805 157 21:0 56809
56808 37156 1:0 56810
56808 117 1:0 56813
56812 37156 21:0 56815
56814 149 1:0 56816
56814 55981 1:0 56816
56814 56011 1:0 56816
56814 37188 1:0 56816
56814 37186 1:0 56816
56814 151 1:0 56816
56814 159 21:0 56818
56817 37159 1:0 56820
56817 37191 1:0 56832
56817 37177 1:0 56832
56822 37159 21:0 56881
56828 749 1:0 56829
56830 56099 1:0 56832
56831 56094 1:0 56831
56833 56012 1:0 56885
56880 37177 21:0 56897
56886 56015 1:0 56924
56896 153 21:0 56900
56899 149 21:0 56900
56899 151 21:0 56900
56899 37186 21:0 56900
56899 749 21:0 56900
56899 37188 21:0 56900
56904 37191 21:0 56926
56925 155 21:0 56926
56925 55999 1:0 56927
56925 103 1:0 56927
56925 147 21:0 56929
56928 37209 1:0 56930
56928 63 1:0 56935
56932 37209 21:0 56937
56934 56077 1:0 56934
56936 56045 1:0 56938
56936 55984 1:0 56938
56936 139 21:0 56940
56939 37213 1:0 56941
56939 99 1:0 56944
56943 37213 21:0 56946
56945 85 1:0 56947
56945 131 1:0 56947
56945 55932 1:0 56947
56945 37245 1:0 56947
56945 37243 1:0 56947
56945 133 1:0 56947
56945 141 21:0 56949
56948 37216 1:0 56951
56948 37248 1:0 56963
56948 37234 1:0 56963
56950 56070 1:0 56950
56950 56076 1:0 56950
56953 37216 21:0 57012
56959 749 1:0 56960
56961 56066 1:0 56963
56962 56063 1:0 56962
56962 56065 1:0 56962
56962 56057 1:0 56962
56964 101 1:0 57016
57011 37234 21:0 57028
57017 105 1:0 57055
57027 135 21:0 57031
57030 131 21:0 57031
57030 37245 21:0 57031
57030 133 21:0 57031
57030 37243 21:0 57031
57030 749 21:0 57031
57035 37248 21:0 57057
57056 137 21:0 57057
57056 87 1:0 57058
57056 55962 1:0 57058
57056 129 21:0 57060
57059 37266 1:0 57061
57059 55931 1:0 57066
57063 37266 21:0 57068
57067 56032 1:0 57069
57067 55982 1:0 57069
57067 121 21:0 57071
57070 37270 1:0 57072
57070 55945 1:0 57075
57074 37270 21:0 57077
57076 83 1:0 57078
57076 37300 1:0 57078
57076 37302 1:0 57078
57076 113 1:0 57078
57076 115 1:0 57078
57076 55957 1:0 57078
57076 123 21:0 57080
57079 37273 1:0 57082
57079 37305 1:0 57093
57079 37291 1:0 57093
57084 37273 21:0 57143
57090 749 1:0 57091
57092 56031 1:0 57092
57092 56033 1:0 57093
57094 55980 1:0 57147
57142 37291 21:0 57159
57148 55979 1:0 57186
57158 117 21:0 57162
57161 37302 21:0 57162
57161 115 21:0 57162
57161 749 21:0 57162
57161 113 21:0 57162
57161 37300 21:0 57162
57166 37305 21:0 57188
57187 119 21:0 57188
57187 55911 1:0 57189
57187 67 1:0 57189
57187 111 21:0 57191
57190 37323 1:0 57192
57190 55866 1:0 57197
57194 37323 21:0 57199
57198 55925 1:0 57200
57198 55949 1:0 57200
57198 103 21:0 57202
57201 37327 1:0 57203
57201 55912 1:0 57206
57205 37327 21:0 57208
57207 37359 1:0 57209
57207 97 1:0 57209
57207 37357 1:0 57209
57207 69 1:0 57209
57207 55964 1:0 57209
57207 95 1:0 57209
57207 105 21:0 57211
57210 37330 1:0 57213
57210 37348 1:0 57227
57210 37362 1:0 57227
57212 56004 1:0 57212
57215 37330 21:0 57274
57221 749 1:0 57222
57223 56000 1:0 57227
57228 65 1:0 57278
57273 37348 21:0 57290
57279 55946 1:0 57317
57289 37357 21:0 57290
57289 37359 21:0 57290
57289 99 21:0 57293
57292 95 21:0 57293
57292 749 21:0 57293
57292 97 21:0 57293
57297 37362 21:0 57319
57318 101 21:0 57319
57318 75 1:0 57320
57318 55948 1:0 57320
57318 93 21:0 57322
57321 37380 1:0 57323
57321 55918 1:0 57328
57325 37380 21:0 57330
57327 55978 1:0 57327
57329 55958 1:0 57331
57329 55947 1:0 57331
57329 85 21:0 57333
57332 37384 1:0 57334
57332 55899 1:0 57337
57336 37384 21:0 57339
57338 55858 1:0 57340
57338 37414 1:0 57340
57338 77 1:0 57340
57338 51 1:0 57340
57338 79 1:0 57340
57338 37416 1:0 57340
57338 87 21:0 57342
57341 37387 1:0 57344
57341 37419 1:0 57355
57341 37405 1:0 57355
57343 55977 1:0 57343
57346 37387 21:0 57405
57352 749 1:0 57353
57354 81 1:0 57354
57354 55967 1:0 57355
57356 49 1:0 57409
57404 37405 21:0 57421
57410 55916 1:0 57448
57420 37416 21:0 57421
57420 37414 21:0 57421
57420 81 21:0 57424
57423 79 21:0 57424
57423 77 21:0 57424
57423 749 21:0 57424
57428 37419 21:0 57450
57449 83 21:0 57450
57449 55905 1:0 57451
57449 55914 1:0 57451
57449 75 21:0 57453
57452 37437 1:0 57454
57452 55900 1:0 57459
57456 37437 21:0 57461
57460 55915 1:0 57462
57460 55892 1:0 57462
57460 67 21:0 57464
57463 37441 1:0 57465
57463 55896 1:0 57468
57467 37441 21:0 57470
57469 31 1:0 57471
57469 55852 1:0 57471
57469 61 1:0 57471
57469 59 1:0 57471
57469 37471 1:0 57471
57469 37473 1:0 57471
57469 69 21:0 57473
57472 37444 1:0 57475
57472 37476 1:0 57489
57472 37462 1:0 57489
57477 37444 21:0 57536
57483 749 1:0 57484
57485 55934 1:0 57489
57490 55883 1:0 57540
57535 37462 21:0 57552
57539 55924 1:0 57539
57541 55913 1:0 57579
57551 37471 21:0 57552
57551 37473 21:0 57552
57551 63 21:0 57555
57554 749 21:0 57555
57554 61 21:0 57555
57554 59 21:0 57555
57559 37476 21:0 57581
57580 65 21:0 57581
57580 47 1:0 57582
57580 55867 1:0 57582
57580 57 21:0 57584
57583 37494 1:0 57585
57583 55845 1:0 57590
57587 37494 21:0 57592
57591 33 1:0 57593
57591 55898 1:0 57593
57591 49 21:0 57595
57594 37498 1:0 57596
57594 55878 1:0 57599
57598 37498 21:0 57601
57600 37530 1:0 57602
57600 55882 1:0 57602
57600 55872 1:0 57602
57600 37528 1:0 57602
57600 41 1:0 57602
57600 43 1:0 57602
57600 51 21:0 57604
57603 37501 1:0 57606
57603 37519 1:0 57617
57603 37533 1:0 57617
57608 37501 21:0 57667
57614 749 1:0 57615
57616 45 1:0 57616
57616 55901 1:0 57617
57618 55880 1:0 57671
57666 37519 21:0 57683
57672 55881 1:0 57710
57682 37528 21:0 57683
57682 37530 21:0 57683
57682 45 21:0 57686
57685 41 21:0 57686
57685 43 21:0 57686
57685 749 21:0 57686
57690 37533 21:0 57712
57711 47 21:0 57712
57711 55865 1:0 57713
57711 29 1:0 57713
57711 39 21:0 57715
57714 37551 1:0 57716
57714 55846 1:0 57721
57718 37551 21:0 57723
57720 55879 1:0 57720
57722 27 1:0 57724
57722 55850 1:0 57724
57722 31 21:0 57726
57725 37555 1:0 57727
57725 21 1:0 57730
57729 37555 21:0 57732
57731 25 1:0 57733
57731 37585 1:0 57733
57731 37587 1:0 57733
57731 23 1:0 57733
57731 55859 1:0 57733
57731 55849 1:0 57733
57731 33 21:0 57735
57734 37558 1:0 57737
57734 37576 1:0 57748
57734 37590 1:0 57748
57739 37558 21:0 57798
57745 749 1:0 57746
57747 55863 1:0 57747
57747 55868 1:0 57748
57749 13 1:0 57802
57797 37576 21:0 57814
57803 55848 1:0 57841
57813 37585 21:0 57814
57813 37587 21:0 57814
57813 27 21:0 57817
57816 749 21:0 57817
57816 25 21:0 57817
57816 23 21:0 57817
57821 37590 21:0 57843
57842 29 21:0 57843
57842 15 1:0 57844
57842 55830 1:0 57844
57842 21 21:0 57846
57845 37608 1:0 57847
57845 55832 1:0 57852
57849 37608 21:0 57854
57853 55834 1:0 57855
57853 55847 1:0 57855
57853 13 21:0 57857
57856 37612 1:0 57858
57856 3 1:0 57861
57860 37612 21:0 57863
57862 11 1:0 57863
57862 736 1:0 57864
57862 15 21:0 57866
57865 37615 1:0 57868
57865 55833 1:0 57889
57865 9 1:0 57889
57867 55839 1:0 57867
57870 37615 21:0 57929
57890 749 1:0 57892
57890 55835 1:0 57892
57890 37642 1:0 57892
57890 7 1:0 57892
57890 55826 1:0 57892
57893 37633 1:0 57895
57893 37647 1:0 57943
57928 37633 21:0 57945
57934 5 1:0 57935
57937 37644 1:0 57940
57944 37642 21:0 57945
57944 37644 21:0 57945
57944 55825 1:0 57946
57944 9 21:0 57948
57947 749 21:0 57948
57947 5 21:0 57948
57947 7 21:0 57948
57947 737 1:0 57970
57952 37647 21:0 57982
57969 749 1:0 57971
57981 736 21:0 57981
57981 5 1:0 57982
57981 59456 21:0 57990
57985 7 1:0 57986
57989 3 21:0 58018
57989 9 1:0 58019
58017 749 21:0 58018
58018 59464 21:0 58023
58022 59463 21:0 58034
58033 7 21:0 58034
58033 5 21:0 58034
58033 59461 21:0 58034
58033 59457 21:0 58034
58033 59466 21:0 58034
58033 59476 21:0 58034
58033 59465 21:0 58034
58033 15 1:0 58035
58034 11 21:0 58039
58038 13 1:0 58040
58038 59478 21:0 58044
58043 15 21:0 58044
58043 21 1:0 58054
58043 23 1:0 58056
58043 25 1:0 58056
58043 27 1:0 58056
58043 59480 21:0 58099
58045 749 1:0 58047
58057 29 1:0 58106
58098 59496 21:0 58098
58098 21 21:0 58098
58098 59479 21:0 58110
58109 33 1:0 58111
58109 13 21:0 58115
58114 29 21:0 58115
58114 31 1:0 58116
58114 59511 21:0 58120
58119 59510 21:0 58119
58119 39 1:0 58130
58119 43 1:0 58132
58119 41 1:0 58132
58119 45 1:0 58132
58119 59481 21:0 58134
58133 33 21:0 58175
58133 47 1:0 58182
58174 59512 21:0 58186
58185 51 1:0 58187
58185 59513 21:0 58191
58190 31 21:0 58191
58190 49 1:0 58192
58190 59514 21:0 58196
58195 47 21:0 58196
58195 57 1:0 58206
58195 63 1:0 58208
58195 59 1:0 58208
58195 61 1:0 58208
58195 51 21:0 58246
58209 65 1:0 58258
58245 59556 21:0 58245
58245 59546 21:0 58262
58261 59560 21:0 58261
58261 59562 21:0 58261
58261 59545 21:0 58262
58261 69 1:0 58263
58261 59544 21:0 58267
58266 67 1:0 58268
58266 59577 21:0 58272
58271 59547 21:0 58272
58271 75 1:0 58282
58271 79 1:0 58284
58271 77 1:0 58284
58271 81 1:0 58284
58271 65 21:0 58322
58285 83 1:0 58334
58321 59589 21:0 58321
58321 59588 21:0 58321
58321 49 21:0 58338
58337 59596 21:0 58337
58337 81 21:0 58337
58337 25 21:0 58338
58337 59470 21:0 58338
58337 23 21:0 58338
58337 27 21:0 58338
58337 59565 21:0 58338
58337 43 21:0 58338
58337 59542 21:0 58338
58337 87 1:0 58339
58338 83 21:0 58343
58342 85 1:0 58344
58342 67 21:0 58348
58347 59610 21:0 58348
58347 93 1:0 58358
58347 99 1:0 58360
58347 97 1:0 58360
58347 95 1:0 58360
58347 59580 21:0 58403
58361 101 1:0 58410
58402 59621 21:0 58402
58402 59578 21:0 58414
58413 59613 21:0 58414
58413 105 1:0 58415
58413 87 21:0 58419
58418 103 1:0 58420
58418 69 21:0 58424
58423 59612 21:0 58424
58423 111 1:0 58434
58423 115 1:0 58436
58423 113 1:0 58436
58423 117 1:0 58436
58423 59579 21:0 58474
58437 119 1:0 58486
58473 85 21:0 58490
58489 59663 21:0 58489
58489 59644 21:0 58490
58489 123 1:0 58491
58489 103 21:0 58495
58494 121 1:0 58496
58494 59643 21:0 58500
58499 59646 21:0 58500
58499 129 1:0 58510
58499 131 1:0 58512
58499 133 1:0 58512
58499 135 1:0 58512
58499 101 21:0 58550
58513 137 1:0 58562
58549 59645 21:0 58566
58565 59707 21:0 58565
58565 59695 21:0 58565
58565 105 21:0 58566
58565 141 1:0 58567
58565 59611 21:0 58571
58570 139 1:0 58572
58570 121 21:0 58576
58575 59677 21:0 58576
58575 147 1:0 58586
58575 153 1:0 58588
58575 151 1:0 58588
58575 149 1:0 58588
58575 59710 21:0 58626
58589 155 1:0 58638
58625 59721 21:0 58625
58625 59701 21:0 58625
58625 59678 21:0 58642
58641 59725 21:0 58641
58641 153 21:0 58641
58641 59727 21:0 58641
58641 59676 21:0 58642
58641 159 1:0 58643
58641 137 21:0 58647
58646 157 1:0 58648
58646 119 21:0 58652
58651 59711 21:0 58652
58651 165 1:0 58662
58651 169 1:0 58664
58651 171 1:0 58664
58651 167 1:0 58664
58651 123 21:0 58702
58665 173 1:0 58714
58701 59679 21:0 58718
58717 59758 21:0 58717
58717 59747 21:0 58717
58717 59762 21:0 58717
58717 59742 21:0 58718
58717 177 1:0 58719
58717 59744 21:0 58723
58722 175 1:0 58724
58722 59712 21:0 58728
58727 159 21:0 58728
58727 183 1:0 58738
58727 189 1:0 58740
58727 185 1:0 58740
58727 187 1:0 58740
58727 139 21:0 58778
58741 191 1:0 58790
58777 59787 21:0 58777
58777 59786 21:0 58777
58777 183 21:0 58777
58777 141 21:0 58794
58793 59791 21:0 58793
58793 59745 21:0 58794
58793 195 1:0 58795
58793 59709 21:0 58799
58798 193 1:0 58800
58798 155 21:0 58804
58803 59807 21:0 58803
58803 59743 21:0 58804
58803 201 1:0 58814
58803 205 1:0 58816
58803 203 1:0 58816
58803 207 1:0 58816
58803 59809 21:0 58854
58817 209 1:0 58866
58853 59820 21:0 58853
58853 201 21:0 58853
58853 59819 21:0 58853
58853 59800 21:0 58853
58853 195 21:0 58870
58869 59813 21:0 58869
58869 59839 21:0 58869
58869 59778 21:0 58870
58869 213 1:0 58871
58869 191 21:0 58875
58874 211 1:0 58876
58874 177 21:0 58880
58879 59776 21:0 58880
58879 219 1:0 58890
58879 221 1:0 58892
58879 223 1:0 58892
58879 225 1:0 58892
58879 173 21:0 58898
58893 227 1:0 58942
58897 59852 21:0 58897
58897 219 21:0 58897
58897 59777 21:0 58946
58945 59853 21:0 58945
58945 59872 21:0 58945
58945 59860 21:0 58945
58945 59810 21:0 58946
58945 231 1:0 58947
58945 59842 21:0 58951
58950 229 1:0 58952
58950 175 21:0 58956
58955 59873 21:0 58955
58955 59844 21:0 58956
58955 237 1:0 58966
58955 241 1:0 58968
58955 239 1:0 58968
58955 243 1:0 58968
58955 59874 21:0 58974
58969 245 1:0 59018
58973 237 21:0 58973
58973 59885 21:0 58973
58973 59811 21:0 59022
59021 59886 21:0 59021
59021 59879 21:0 59021
59021 193 21:0 59022
59021 249 1:0 59023
59021 157 21:0 59027
59026 247 1:0 59028
59026 231 21:0 59032
59031 59906 21:0 59031
59031 211 21:0 59032
59031 255 1:0 59042
59031 259 1:0 59044
59031 257 1:0 59044
59031 261 1:0 59044
59031 59876 21:0 59050
59045 263 1:0 59094
59049 213 21:0 59098
59097 59925 21:0 59097
59097 261 21:0 59097
59097 59910 21:0 59098
59097 267 1:0 59099
59097 227 21:0 59103
59102 265 1:0 59104
59102 59808 21:0 59108
59107 209 21:0 59108
59107 273 1:0 59118
59107 279 1:0 59120
59107 277 1:0 59120
59107 275 1:0 59120
59107 59775 21:0 59122
59121 281 1:0 59170
59121 59907 21:0 59174
59173 59956 21:0 59173
59173 59958 21:0 59173
59173 59945 21:0 59173
59173 245 21:0 59174
59173 285 1:0 59175
59173 59843 21:0 59179
59178 283 1:0 59180
59178 247 21:0 59184
59183 59877 21:0 59184
59183 291 1:0 59194
59183 293 1:0 59196
59183 297 1:0 59196
59183 295 1:0 59196
59183 249 21:0 59198
59197 59984 21:0 59197
59197 59965 21:0 59197
59197 299 1:0 59246
59197 59909 21:0 59250
59249 297 21:0 59249
59249 59985 21:0 59249
59249 59992 21:0 59249
59249 59841 21:0 59250
59249 303 1:0 59251
59249 59974 21:0 59255
59254 301 1:0 59256
59254 59908 21:0 59257
59256 285 21:0 59260
59259 309 1:0 59270
59259 315 1:0 59272
59259 311 1:0 59272
59259 313 1:0 59272
59259 265 21:0 59274
59273 60017 21:0 59273
59273 59998 21:0 59273
59273 317 1:0 59322
59273 59942 21:0 59326
59325 60037 21:0 59325
59325 60018 21:0 59325
59325 60022 21:0 59325
59325 60025 21:0 59325
59325 60026 21:0 59325
59325 60011 21:0 59325
59325 281 21:0 59326
59325 321 1:0 59327
59325 59943 21:0 59331
59330 59875 21:0 59331
59330 319 1:0 59332
59330 59973 21:0 59336
59335 60038 21:0 59335
59335 327 1:0 59346
59335 331 1:0 59348
59335 333 1:0 59348
59335 329 1:0 59348
59335 60008 21:0 59350
59349 335 1:0 59398
59349 60009 21:0 59402
59401 60057 21:0 59401
59401 60051 21:0 59401
59401 333 21:0 59401
59401 60059 21:0 59401
59401 327 21:0 59401
59401 263 21:0 59402
59401 339 1:0 59403
59401 59976 21:0 59407
59406 229 21:0 59407
59406 337 1:0 59408
59406 321 21:0 59412
59411 345 1:0 59422
59411 347 1:0 59424
59411 349 1:0 59424
59411 351 1:0 59424
59411 317 21:0 59426
59425 60083 21:0 59425
59425 60064 21:0 59425
59425 267 21:0 59467
59425 353 1:0 59474
59466 60091 21:0 59466
59466 60090 21:0 59466
59466 283 21:0 59478
59477 60092 21:0 59477
59477 60077 21:0 59477
59477 357 1:0 59479
59477 60039 21:0 59483
59482 339 21:0 59483
59482 355 1:0 59484
59482 60006 21:0 59488
59487 60104 21:0 59487
59487 363 1:0 59498
59487 365 1:0 59500
59487 369 1:0 59500
59487 367 1:0 59500
59487 60042 21:0 59502
59501 60116 21:0 59501
59501 355 21:0 59501
59501 60040 21:0 59543
59501 371 1:0 59550
59542 60123 21:0 59542
59542 60117 21:0 59542
59542 335 21:0 59554
59553 60125 21:0 59553
59553 60110 21:0 59553
59553 375 1:0 59555
59553 60075 21:0 59559
59558 60073 21:0 59559
59558 373 1:0 59560
59558 60107 21:0 59564
59563 60137 21:0 59563
59563 60139 21:0 59563
59563 60140 21:0 59563
59563 381 1:0 59574
59563 385 1:0 59576
59563 383 1:0 59576
59563 387 1:0 59576
59563 357 21:0 59578
59577 60149 21:0 59577
59577 60130 21:0 59577
59577 299 21:0 59619
59577 389 1:0 59626
59618 60156 21:0 59618
59618 381 21:0 59618
59618 60074 21:0 59630
59629 60169 21:0 59629
59629 387 21:0 59629
59629 60143 21:0 59629
59629 393 1:0 59631
59629 59940 21:0 59635
59634 353 21:0 59635
59634 391 1:0 59636
59634 59941 21:0 59640
59639 60170 21:0 59639
59639 399 1:0 59650
59639 403 1:0 59652
59639 405 1:0 59652
59639 401 1:0 59652
59639 60138 21:0 59654
59653 60182 21:0 59653
59653 60163 21:0 59653
59653 391 21:0 59653
59653 60105 21:0 59695
59653 407 1:0 59702
59694 60189 21:0 59694
59694 60187 21:0 59694
59694 60183 21:0 59694
59694 399 21:0 59694
59694 60108 21:0 59706
59705 60202 21:0 59705
59705 60191 21:0 59705
59705 405 21:0 59705
59705 411 1:0 59707
59705 371 21:0 59711
59710 60106 21:0 59711
59710 409 1:0 59712
59710 303 21:0 59716
59715 60203 21:0 59715
59715 417 1:0 59726
59715 423 1:0 59728
59715 421 1:0 59728
59715 419 1:0 59728
59715 60072 21:0 59730
59729 60215 21:0 59729
59729 60196 21:0 59729
59729 375 21:0 59771
59729 425 1:0 59778
59770 60222 21:0 59770
59770 60216 21:0 59770
59770 60220 21:0 59770
59770 60171 21:0 59782
59781 60235 21:0 59781
59781 60224 21:0 59781
59781 423 21:0 59781
59781 60209 21:0 59781
59781 429 1:0 59783
59781 389 21:0 59787
59786 60041 21:0 59787
59786 427 1:0 59788
59786 60174 21:0 59792
59791 429 21:0 59791
59791 435 1:0 59802
59791 439 1:0 59804
59791 437 1:0 59804
59791 441 1:0 59804
59791 411 21:0 59806
59805 427 21:0 59805
59805 425 21:0 59847
59805 443 1:0 59854
59846 60253 21:0 59846
59846 60249 21:0 59846
59846 435 21:0 59846
59846 60256 21:0 59846
59846 60240 21:0 59858
59857 441 21:0 59857
59857 60257 21:0 59857
59857 447 1:0 59859
59857 301 21:0 59863
59862 60270 21:0 59862
59862 60173 21:0 59863
59862 445 1:0 59864
59862 59975 21:0 59868
59867 60269 21:0 59867
59867 453 1:0 59878
59867 459 1:0 59880
59867 457 1:0 59880
59867 455 1:0 59880
59867 407 21:0 59882
59881 60262 21:0 59881
59881 60273 21:0 59881
59881 60237 21:0 59923
59881 461 1:0 59930
59922 60286 21:0 59922
59922 60288 21:0 59922
59922 453 21:0 59922
59922 60141 21:0 59934
59933 459 21:0 59933
59933 60290 21:0 59933
59933 60275 21:0 59933
59933 465 1:0 59935
59933 60204 21:0 59939
59938 337 21:0 59939
59938 59536 21:0 59939
59938 463 1:0 59940
59938 59483 21:0 59944
59943 60302 21:0 59943
59943 59503 21:0 59944
59943 59494 21:0 59944
59943 9 21:0 59944
59943 59529 21:0 59944
59943 471 1:0 59954
59943 473 1:0 59956
59943 475 1:0 59956
59943 477 1:0 59956
59943 39 21:0 59958
59957 60314 21:0 59957
59957 463 21:0 59957
59957 60007 21:0 59999
59957 479 1:0 60006
59998 471 21:0 59998
59998 60305 21:0 60010
60009 60323 21:0 60009
60009 477 21:0 60009
60009 60308 21:0 60009
60009 483 1:0 60011
60009 60272 21:0 60015
60014 60336 21:0 60014
60014 479 21:0 60014
60014 409 21:0 60015
60014 481 1:0 60016
60014 60207 21:0 60020
60019 60338 21:0 60019
60019 60337 21:0 60019
60019 489 1:0 60030
60019 493 1:0 60032
60019 495 1:0 60032
60019 491 1:0 60032
60019 447 21:0 60034
60033 60339 21:0 60033
60033 319 21:0 60075
60033 497 1:0 60082
60074 60303 21:0 60086
60085 501 1:0 60087
60085 445 21:0 60091
60090 60369 21:0 60090
60090 60172 21:0 60091
60090 499 1:0 60092
60090 60238 21:0 60096
60095 60371 21:0 60095
60095 501 21:0 60095
60095 393 21:0 60098
60095 507 1:0 60106
60095 509 1:0 60108
60095 511 1:0 60108
60095 513 1:0 60108
60097 60206 21:0 60151
60109 515 1:0 60158
60150 481 21:0 60162
60161 519 1:0 60163
60161 465 21:0 60167
60166 515 21:0 60166
60166 483 21:0 60167
60166 517 1:0 60168
60166 60205 21:0 60172
60171 60404 21:0 60171
60171 519 21:0 60171
60171 461 21:0 60172
60171 525 1:0 60182
60171 531 1:0 60184
60171 529 1:0 60184
60171 527 1:0 60184
60171 60271 21:0 60227
60185 533 1:0 60234
60226 60405 21:0 60226
60226 517 21:0 60226
60226 75 21:0 60227
60226 59569 21:0 60238
60237 59549 21:0 60238
60237 59555 21:0 60238
60237 59531 21:0 60238
60237 59597 21:0 60238
60237 537 1:0 60239
60237 59602 21:0 60243
60242 60435 21:0 60242
60242 59582 21:0 60243
60242 59543 21:0 60243
60242 59477 21:0 60243
60242 59489 21:0 60243
60242 45 21:0 60243
60242 535 1:0 60244
60242 59530 21:0 60248
60247 60437 21:0 60247
60247 60436 21:0 60247
60247 537 21:0 60247
60247 59674 21:0 60248
60247 59654 21:0 60248
60247 59490 21:0 60248
60247 59516 21:0 60248
60247 543 1:0 60258
60247 545 1:0 60260
60247 549 1:0 60260
60247 547 1:0 60260
60247 59608 21:0 60262
60261 60438 21:0 60261
60261 535 21:0 60261
60261 59622 21:0 60262
60261 59629 21:0 60298
60261 551 1:0 60310
60297 93 21:0 60303
60302 59662 21:0 60303
60302 59675 21:0 60314
60313 147 21:0 60314
60313 57 21:0 60314
60313 59641 21:0 60314
60313 59575 21:0 60314
60313 555 1:0 60315
60313 59694 21:0 60319
60318 60468 21:0 60318
60318 551 21:0 60318
60318 111 21:0 60319
60318 59609 21:0 60319
60318 63 21:0 60319
60318 59754 21:0 60319
60318 59576 21:0 60319
60318 553 1:0 60320
60318 59728 21:0 60324
60323 60469 21:0 60323
60323 60470 21:0 60323
60323 555 21:0 60323
60323 59527 21:0 60324
60323 59708 21:0 60324
60323 59595 21:0 60324
60323 59564 21:0 60324
60323 561 1:0 60334
60323 59780 21:0 60335
60323 567 1:0 60336
60323 565 1:0 60336
60323 563 1:0 60336
60334 60471 21:0 60334
60334 553 21:0 60334
60334 59760 21:0 60338
60337 59687 21:0 60346
60337 569 1:0 60386
60345 59824 21:0 60379
60378 59761 21:0 60379
60378 59866 21:0 60390
60389 59773 21:0 60390
60389 59688 21:0 60390
60389 59827 21:0 60390
60389 59741 21:0 60390
60389 573 1:0 60391
60389 59774 21:0 60395
60394 60501 21:0 60394
60394 569 21:0 60394
60394 59681 21:0 60395
60394 59720 21:0 60395
60394 129 21:0 60395
60394 135 21:0 60395
60394 59563 21:0 60395
60394 571 1:0 60396
60394 59714 21:0 60400
60399 60502 21:0 60399
60399 60503 21:0 60399
60399 573 21:0 60399
60399 165 21:0 60400
60399 59890 21:0 60400
60399 59692 21:0 60400
60399 59892 21:0 60400
60399 59497 21:0 60400
60399 579 1:0 60410
60399 585 1:0 60412
60399 583 1:0 60412
60399 581 1:0 60412
60399 59846 21:0 60414
60413 60504 21:0 60413
60413 571 21:0 60413
60413 59899 21:0 60418
60413 587 1:0 60462
60417 59593 21:0 60450
60449 59696 21:0 60455
60454 59893 21:0 60466
60465 243 21:0 60466
60465 59630 21:0 60466
60465 59661 21:0 60466
60465 255 21:0 60466
60465 59859 21:0 60466
60465 591 1:0 60467
60465 60306 21:0 60471
60470 60534 21:0 60470
60470 587 21:0 60470
60470 589 1:0 60472
60470 443 21:0 60476
60475 60535 21:0 60475
60475 60536 21:0 60475
60475 591 21:0 60475
60475 60239 21:0 60476
60475 597 1:0 60486
60475 599 1:0 60488
60475 603 1:0 60488
60475 601 1:0 60488
60475 60304 21:0 60526
60489 605 1:0 60538
60525 60537 21:0 60525
60525 589 21:0 60525
60525 60372 21:0 60542
60541 497 21:0 60542
60541 609 1:0 60543
60541 59753 21:0 60547
60546 60567 21:0 60546
60546 59668 21:0 60547
60546 59833 21:0 60547
60546 315 21:0 60547
60546 225 21:0 60547
60546 607 1:0 60548
60546 59628 21:0 60552
60551 60569 21:0 60551
60551 60568 21:0 60551
60551 609 21:0 60551
60551 59959 21:0 60552
60551 59635 21:0 60552
60551 59960 21:0 60552
60551 59729 21:0 60552
60551 59509 21:0 60552
60551 615 1:0 60562
60551 619 1:0 60564
60551 621 1:0 60564
60551 617 1:0 60564
60551 59498 21:0 60566
60565 60570 21:0 60565
60565 607 21:0 60565
60565 291 21:0 60570
60565 623 1:0 60614
60569 59655 21:0 60602
60601 369 21:0 60607
60606 363 21:0 60618
60617 59794 21:0 60618
60617 59991 21:0 60618
60617 273 21:0 60618
60617 60121 21:0 60618
60617 59972 21:0 60618
60617 627 1:0 60619
60617 60050 21:0 60623
60622 60600 21:0 60622
60622 171 21:0 60623
60622 345 21:0 60623
60622 59857 21:0 60623
60622 60176 21:0 60623
60622 625 1:0 60624
60622 60058 21:0 60628
60627 60602 21:0 60627
60627 60601 21:0 60627
60627 627 21:0 60627
60627 59978 21:0 60628
60627 59734 21:0 60628
60627 59918 21:0 60628
60627 59523 21:0 60628
60627 737 21:0 60628
60627 633 1:0 60638
60627 637 1:0 60640
60627 639 1:0 60640
60627 635 1:0 60640
60627 60088 21:0 60642
60641 60603 21:0 60641
60641 625 21:0 60641
60641 59648 21:0 60642
60641 60005 21:0 60678
60641 641 1:0 60690
60677 59952 21:0 60683
60682 60301 21:0 60683
60682 59919 21:0 60694
60693 59932 21:0 60694
60693 59522 21:0 60694
60693 60190 21:0 60694
60693 59927 21:0 60694
60693 645 1:0 60695
60693 60229 21:0 60699
60698 641 21:0 60698
60698 533 21:0 60699
60698 643 1:0 60700
60698 60370 21:0 60704
60703 623 21:0 60710
60703 651 1:0 60714
60703 657 1:0 60716
60703 653 1:0 60716
60703 655 1:0 60716
60709 499 21:0 60759
60717 659 1:0 60766
60758 605 21:0 60770
60769 663 1:0 60771
60769 373 21:0 60775
60774 59989 21:0 60775
60774 59938 21:0 60775
60774 60281 21:0 60775
60774 60031 21:0 60775
60774 59926 21:0 60775
60774 661 1:0 60776
60774 59971 21:0 60780
60779 59912 21:0 60780
60779 59939 21:0 60780
60779 59806 21:0 60780
60779 60315 21:0 60780
60779 669 1:0 60790
60779 673 1:0 60792
60779 671 1:0 60792
60779 675 1:0 60792
60779 60055 21:0 60794
60793 59861 21:0 60794
60793 489 21:0 60830
60793 677 1:0 60842
60829 60158 21:0 60835
60834 59951 21:0 60835
60834 309 21:0 60846
60845 59615 21:0 60846
60845 351 21:0 60846
60845 59626 21:0 60846
60845 60084 21:0 60846
60845 681 1:0 60847
60845 60282 21:0 60851
60850 60334 21:0 60851
60850 59767 21:0 60851
60850 60150 21:0 60851
60850 59894 21:0 60851
60850 60223 21:0 60851
60850 679 1:0 60852
60850 59993 21:0 60856
60855 60319 21:0 60856
60855 60136 21:0 60856
60855 59642 21:0 60856
60855 59659 21:0 60856
60855 687 1:0 60866
60855 689 1:0 60868
60855 691 1:0 60868
60855 693 1:0 60868
60855 60354 21:0 60870
60869 60453 21:0 60870
60869 60157 21:0 60906
60869 695 1:0 60918
60905 59905 21:0 60911
60910 60103 21:0 60911
60910 60154 21:0 60922
60921 60532 21:0 60922
60921 60070 21:0 60922
60921 59793 21:0 60922
60921 59923 21:0 60922
60921 41 21:0 60922
60921 699 1:0 60923
60921 60004 21:0 60927
60926 60044 21:0 60927
60926 60533 21:0 60927
60926 99 21:0 60927
60926 59828 21:0 60927
60926 60289 21:0 60927
60926 697 1:0 60928
60926 117 21:0 60932
60931 60255 21:0 60932
60931 60420 21:0 60932
60931 59840 21:0 60932
60931 60071 21:0 60932
60931 705 1:0 60942
60931 711 1:0 60944
60931 707 1:0 60944
60931 709 1:0 60944
60931 60248 21:0 60946
60945 59795 21:0 60946
60945 279 21:0 60982
60945 713 1:0 60994
60981 60361 21:0 60987
60986 61 21:0 60987
60986 59 21:0 60987
60986 77 21:0 60987
60986 79 21:0 60987
60986 95 21:0 60987
60986 97 21:0 60987
60986 115 21:0 60987
60986 113 21:0 60987
60986 60024 21:0 60998
60997 60550 21:0 60998
60997 60097 21:0 60998
60997 60268 21:0 60998
60997 189 21:0 60998
60997 717 1:0 60999
60997 60321 21:0 61003
61002 259 21:0 61003
61002 241 21:0 61003
61002 59862 21:0 61003
61002 59829 21:0 61003
61002 59796 21:0 61003
61002 239 21:0 61003
61002 221 21:0 61003
61002 223 21:0 61003
61002 203 21:0 61003
61002 205 21:0 61003
61002 187 21:0 61003
61002 185 21:0 61003
61002 60671 21:0 61003
61002 169 21:0 61003
61002 167 21:0 61003
61002 151 21:0 61003
61002 149 21:0 61003
61002 133 21:0 61003
61002 131 21:0 61003
61002 60394 21:0 61003
61002 525 21:0 61003
61002 257 21:0 61003
61002 277 21:0 61003
61002 715 1:0 61004
61002 275 21:0 61005
61004 293 21:0 61008
61007 60545 21:0 61008
61007 367 21:0 61008
61007 347 21:0 61008
61007 349 21:0 61008
61007 663 21:0 61008
61007 329 21:0 61008
61007 331 21:0 61008
61007 313 21:0 61008
61007 311 21:0 61008
61007 295 21:0 61008
61007 365 21:0 61018
61007 725 1:0 61019
61017 383 21:0 61023
61022 60192 21:0 61023
61022 59532 21:0 61023
61022 59928 21:0 61023
61022 59499 21:0 61023
61022 60126 21:0 61023
61022 401 21:0 61023
61022 60225 21:0 61023
61022 60027 21:0 61023
61022 59895 21:0 61023
61022 59598 21:0 61023
61022 385 21:0 61023
61022 59697 21:0 61023
61022 59994 21:0 61023
61022 59961 21:0 61023
61022 59631 21:0 61023
61022 60159 21:0 61025
61024 59664 21:0 61028
61028 60778 21:0 61035
61034 403 21:0 61035
61034 421 21:0 61038
61037 439 21:0 61038
61037 60093 21:0 61038
61037 59763 21:0 61038
61037 60060 21:0 61038
61037 419 21:0 61038
61037 60258 21:0 61038
61037 59730 21:0 61038
61037 437 21:0 61038
61037 35369 1:0 61039
61038 28103 1:0 61038
61038 28102 1:0 61038
61038 725 21:0 61071
61070 28103 21:0 61070
61070 28102 21:0 61070
61070 35369 21:0 61071
61070 60402 21:0 61071
61070 60403 21:0 61074
61073 60236 21:0 61074
61073 417 21:0 61074
61073 60583 21:0 61074
61073 35385 1:0 61075
61073 60295 21:0 61082
61081 60242 21:0 61082
61081 59826 21:0 61082
61081 60631 21:0 61082
61081 207 21:0 61082
61081 60403 1:0 61083
61081 60322 21:0 61085
61084 457 21:0 61085
61084 60489 21:0 61085
61084 565 21:0 61085
61084 527 21:0 61085
61084 547 21:0 61085
61084 545 21:0 61085
61084 60456 21:0 61085
61084 529 21:0 61085
61084 60423 21:0 61085
61084 511 21:0 61085
61084 509 21:0 61085
61084 60390 21:0 61085
61084 60357 21:0 61085
61084 60324 21:0 61085
61084 60291 21:0 61085
61084 60124 21:0 61085
61084 491 21:0 61085
61084 493 21:0 61085
61084 59740 21:0 61085
61084 60381 21:0 61085
61084 473 21:0 61085
61084 475 21:0 61085
61084 455 21:0 61085
61084 35389 1:0 61086
61084 563 21:0 61091
61090 60720 21:0 61091
61090 617 21:0 61091
61090 749 21:0 61091
61090 709 21:0 61091
61090 707 21:0 61091
61090 581 21:0 61091
61090 60522 21:0 61091
61090 583 21:0 61091
61090 599 21:0 61091
61090 60753 21:0 61091
61090 601 21:0 61091
61090 691 21:0 61091
61090 689 21:0 61091
61090 60687 21:0 61091
61090 673 21:0 61091
61090 671 21:0 61091
61090 60654 21:0 61091
61090 655 21:0 61091
61090 653 21:0 61091
61090 619 21:0 61091
61090 60588 21:0 61091
61090 635 21:0 61091
61090 637 21:0 61091
61090 60621 21:0 61091
61090 60555 21:0 61091
61090 60402 1:0 61092
61093 35392 1:0 61096
61093 663 1:0 61120
61121 35410 1:0 61123
61124 60753 1:0 61126
61131 749 1:0 61137
61144 749 21:0 61154
61153 709 1:0 61154
61156 35419 1:0 61158
61160 35419 21:0 61163
61162 707 1:0 61163
61162 709 21:0 61166
61165 35421 1:0 61168
61170 35421 21:0 61173
61172 707 21:0 61173
61172 60124 1:0 61174
61175 35424 1:0 61178
61175 35421 1:0 61180
61175 707 1:0 61180
61181 709 1:0 61196
61195 28171 1:0 61195
61195 28172 1:0 61195
61195 28169 1:0 61195
61195 28170 1:0 61195
61197 35419 1:0 61220
61219 28184 1:0 61219
61219 28183 1:0 61219
61219 28186 1:0 61219
61219 28185 1:0 61219
61219 28173 1:0 61219
61219 28174 1:0 61219
61219 28175 1:0 61219
61219 28176 1:0 61219
61219 28182 1:0 61219
61219 28177 1:0 61219
61219 28178 1:0 61219
61219 28179 1:0 61219
61219 28180 1:0 61219
61219 28181 1:0 61219
61240 59740 1:0 61290
61291 373 1:0 61293
61291 60381 1:0 61293
61294 35442 1:0 61296
61294 60322 1:0 61301
61302 60242 1:0 61304
61302 605 1:0 61304
61305 35446 1:0 61307
61305 59826 1:0 61310
61311 60631 1:0 61313
61311 499 1:0 61313
61314 35449 1:0 61317
61314 623 1:0 61341
61342 35467 1:0 61344
61345 60720 1:0 61347
61352 749 1:0 61358
61365 28184 21:0 61365
61365 28183 21:0 61365
61365 28186 21:0 61365
61365 28185 21:0 61365
61365 28171 21:0 61365
61365 28172 21:0 61365
61365 28173 21:0 61365
61365 28174 21:0 61365
61365 705 21:0 61365
61365 711 21:0 61365
61365 715 21:0 61365
61365 717 21:0 61365
61365 713 21:0 61365
61365 28169 21:0 61365
61365 28170 21:0 61365
61365 28175 21:0 61365
61365 28176 21:0 61365
61365 28182 21:0 61365
61365 28177 21:0 61365
61365 28178 21:0 61365
61365 28179 21:0 61365
61365 28180 21:0 61365
61365 28181 21:0 61365
61365 749 21:0 61375
61374 691 1:0 61375
61377 35476 1:0 61379
61381 35476 21:0 61384
61383 689 1:0 61384
61383 691 21:0 61387
61386 35478 1:0 61389
61391 35478 21:0 61394
61393 689 21:0 61394
61393 207 1:0 61395
61396 35481 1:0 61399
61396 689 1:0 61401
61396 35478 1:0 61401
61402 691 1:0 61417
61416 28318 1:0 61416
61416 28319 1:0 61416
61416 28317 1:0 61416
61416 28316 1:0 61416
61418 35476 1:0 61441
61440 28330 1:0 61440
61440 28332 1:0 61440
61440 28333 1:0 61440
61440 28331 1:0 61440
61440 28320 1:0 61440
61440 28321 1:0 61440
61440 28322 1:0 61440
61440 28323 1:0 61440
61440 28325 1:0 61440
61440 28326 1:0 61440
61440 28324 1:0 61440
61440 28329 1:0 61440
61440 28328 1:0 61440
61440 28327 1:0 61440
61461 60295 1:0 61511
61512 60370 1:0 61514
61512 60583 1:0 61514
61515 35499 1:0 61517
61515 60236 1:0 61522
61523 417 1:0 61525
61523 533 1:0 61525
61526 35503 1:0 61528
61526 60545 1:0 61531
61532 60671 1:0 61534
61532 497 1:0 61534
61535 35506 1:0 61538
61535 60372 1:0 61562
61563 35524 1:0 61565
61566 60687 1:0 61568
61573 749 1:0 61579
61586 28330 21:0 61586
61586 28332 21:0 61586
61586 28333 21:0 61586
61586 28331 21:0 61586
61586 28318 21:0 61586
61586 28320 21:0 61586
61586 28319 21:0 61586
61586 28321 21:0 61586
61586 687 21:0 61586
61586 693 21:0 61586
61586 699 21:0 61586
61586 697 21:0 61586
61586 695 21:0 61586
61586 28317 21:0 61586
61586 28316 21:0 61586
61586 28322 21:0 61586
61586 28323 21:0 61586
61586 28325 21:0 61586
61586 28326 21:0 61586
61586 28324 21:0 61586
61586 28329 21:0 61586
61586 28328 21:0 61586
61586 28327 21:0 61586
61586 749 21:0 61596
61595 673 1:0 61596
61598 35533 1:0 61600
61602 35533 21:0 61605
61604 671 1:0 61605
61604 673 21:0 61608
61607 35535 1:0 61610
61612 35535 21:0 61615
61614 671 21:0 61615
61614 60394 1:0 61616
61617 35538 1:0 61620
61617 671 1:0 61622
61617 35535 1:0 61622
61623 673 1:0 61638
61637 28465 1:0 61637
61637 28466 1:0 61637
61637 28464 1:0 61637
61637 28463 1:0 61637
61639 35533 1:0 61662
61661 28480 1:0 61661
61661 28477 1:0 61661
61661 28478 1:0 61661
61661 28479 1:0 61661
61661 28467 1:0 61661
61661 28468 1:0 61661
61661 28470 1:0 61661
61661 28469 1:0 61661
61661 28472 1:0 61661
61661 28471 1:0 61661
61661 28473 1:0 61661
61661 28476 1:0 61661
61661 28475 1:0 61661
61661 28474 1:0 61661
61682 525 1:0 61732
61733 60321 1:0 61735
61733 60304 1:0 61735
61736 35556 1:0 61738
61736 60550 1:0 61743
61744 60239 1:0 61746
61744 60097 1:0 61746
61747 35560 1:0 61749
61747 60268 1:0 61752
61753 189 1:0 61755
61753 443 1:0 61755
61756 35563 1:0 61759
61756 60306 1:0 61783
61784 35581 1:0 61786
61787 60654 1:0 61789
61794 749 1:0 61800
61807 28480 21:0 61807
61807 28477 21:0 61807
61807 28478 21:0 61807
61807 28479 21:0 61807
61807 28467 21:0 61807
61807 28468 21:0 61807
61807 28465 21:0 61807
61807 28466 21:0 61807
61807 669 21:0 61807
61807 675 21:0 61807
61807 681 21:0 61807
61807 679 21:0 61807
61807 677 21:0 61807
61807 28464 21:0 61807
61807 28463 21:0 61807
61807 28470 21:0 61807
61807 28469 21:0 61807
61807 28472 21:0 61807
61807 28471 21:0 61807
61807 28473 21:0 61807
61807 28476 21:0 61807
61807 28475 21:0 61807
61807 28474 21:0 61807
61807 749 21:0 61817
61816 655 1:0 61817
61819 35590 1:0 61821
61823 35590 21:0 61826
61825 653 1:0 61826
61825 655 21:0 61829
61828 35592 1:0 61831
61833 35592 21:0 61836
61835 653 21:0 61836
61835 60024 1:0 61837
61838 35595 1:0 61841
61838 653 1:0 61843
61838 35592 1:0 61843
61844 655 1:0 61859
61858 28613 1:0 61858
61858 28612 1:0 61858
61858 28611 1:0 61858
61858 28610 1:0 61858
61860 35590 1:0 61883
61882 28625 1:0 61882
61882 28624 1:0 61882
61882 28627 1:0 61882
61882 28626 1:0 61882
61882 28614 1:0 61882
61882 28615 1:0 61882
61882 28617 1:0 61882
61882 28616 1:0 61882
61882 28620 1:0 61882
61882 28621 1:0 61882
61882 28623 1:0 61882
61882 28618 1:0 61882
61882 28619 1:0 61882
61882 28622 1:0 61882
61903 60361 1:0 61953
61954 60271 1:0 61956
61954 279 1:0 61956
61957 35613 1:0 61959
61957 59795 1:0 61964
61965 461 1:0 61967
61965 60248 1:0 61967
61968 35617 1:0 61970
61968 60071 1:0 61973
61974 60205 1:0 61976
61974 59840 1:0 61976
61975 641 1:0 61975
61977 35620 1:0 61980
61977 483 1:0 62004
62005 35638 1:0 62007
62008 60621 1:0 62010
62015 749 1:0 62021
62028 28625 21:0 62028
62028 28624 21:0 62028
62028 28627 21:0 62028
62028 28626 21:0 62028
62028 28614 21:0 62028
62028 28615 21:0 62028
62028 28613 21:0 62028
62028 28612 21:0 62028
62028 657 21:0 62028
62028 651 21:0 62028
62028 661 21:0 62028
62028 659 21:0 62028
62028 663 21:0 62028
62028 28611 21:0 62028
62028 28610 21:0 62028
62028 28617 21:0 62028
62028 28616 21:0 62028
62028 28620 21:0 62028
62028 28621 21:0 62028
62028 28623 21:0 62028
62028 28618 21:0 62028
62028 28619 21:0 62028
62028 28622 21:0 62028
62028 749 21:0 62038
62037 637 1:0 62038
62040 35647 1:0 62042
62044 35647 21:0 62047
62046 635 1:0 62047
62046 637 21:0 62050
62049 35649 1:0 62052
62054 35649 21:0 62057
62056 635 21:0 62057
62056 60420 1:0 62058
62059 35652 1:0 62062
62059 35649 1:0 62064
62059 635 1:0 62064
62065 637 1:0 62080
62079 28759 1:0 62079
62079 28760 1:0 62079
62079 28757 1:0 62079
62079 28758 1:0 62079
62081 35647 1:0 62104
62103 28774 1:0 62103
62103 28773 1:0 62103
62103 28772 1:0 62103
62103 28771 1:0 62103
62103 28762 1:0 62103
62103 28761 1:0 62103
62103 28764 1:0 62103
62103 28763 1:0 62103
62103 28768 1:0 62103
62103 28769 1:0 62103
62103 28765 1:0 62103
62103 28770 1:0 62103
62103 28767 1:0 62103
62103 28766 1:0 62103
62124 60255 1:0 62174
62173 60603 1:0 62173
62175 117 1:0 62177
62175 465 1:0 62177
62176 625 1:0 62176
62178 35670 1:0 62180
62178 60533 1:0 62185
62179 60602 1:0 62179
62179 60601 1:0 62179
62186 481 1:0 62188
62186 99 1:0 62188
62187 627 1:0 62187
62189 35674 1:0 62191
62189 60289 1:0 62194
62193 60600 1:0 62193
62195 59828 1:0 62197
62195 60206 1:0 62197
62198 35677 1:0 62201
62198 393 1:0 62225
62226 35695 1:0 62228
62229 60588 1:0 62231
62236 749 1:0 62242
62249 28774 21:0 62249
62249 28773 21:0 62249
62249 28772 21:0 62249
62249 28771 21:0 62249
62249 28759 21:0 62249
62249 28762 21:0 62249
62249 28761 21:0 62249
62249 28760 21:0 62249
62249 633 21:0 62249
62249 639 21:0 62249
62249 645 21:0 62249
62249 643 21:0 62249
62249 641 21:0 62249
62249 28757 21:0 62249
62249 28758 21:0 62249
62249 28764 21:0 62249
62249 28763 21:0 62249
62249 28768 21:0 62249
62249 28769 21:0 62249
62249 28765 21:0 62249
62249 28770 21:0 62249
62249 28767 21:0 62249
62249 28766 21:0 62249
62249 749 21:0 62259
62258 619 1:0 62259
62261 35704 1:0 62263
62265 35704 21:0 62268
62267 617 1:0 62268
62267 619 21:0 62271
62270 35706 1:0 62273
62271 617 21:0 62278
62277 35706 21:0 62278
62277 60044 1:0 62279
62280 35709 1:0 62283
62280 35706 1:0 62285
62280 617 1:0 62285
62286 619 1:0 62301
62300 28907 1:0 62300
62300 28906 1:0 62300
62300 28905 1:0 62300
62300 28904 1:0 62300
62302 35704 1:0 62325
62324 28919 1:0 62324
62324 28921 1:0 62324
62324 28920 1:0 62324
62324 28918 1:0 62324
62324 28909 1:0 62324
62324 28908 1:0 62324
62324 28911 1:0 62324
62324 28910 1:0 62324
62324 28917 1:0 62324
62324 28916 1:0 62324
62324 28914 1:0 62324
62324 28912 1:0 62324
62324 28913 1:0 62324
62324 28915 1:0 62324
62345 60004 1:0 62395
62394 60570 1:0 62394
62396 59923 1:0 62398
62396 60238 1:0 62398
62397 607 1:0 62397
62399 35727 1:0 62401
62399 59793 1:0 62406
62400 60569 1:0 62400
62400 60568 1:0 62400
62407 60070 1:0 62409
62407 60172 1:0 62409
62408 609 1:0 62408
62410 35731 1:0 62412
62410 60532 1:0 62415
62414 60567 1:0 62414
62416 445 1:0 62418
62416 60154 1:0 62418
62416 35761 1:0 62418
62416 601 1:0 62418
62419 35734 1:0 62422
62419 60303 1:0 62446
62444 60555 1:0 62446
62444 749 1:0 62446
62447 35752 1:0 62449
62447 60103 1:0 62497
62470 28919 21:0 62470
62470 28921 21:0 62470
62470 28920 21:0 62470
62470 28918 21:0 62470
62470 28909 21:0 62470
62470 28907 21:0 62470
62470 28908 21:0 62470
62470 28906 21:0 62470
62470 615 21:0 62470
62470 621 21:0 62470
62470 623 21:0 62470
62470 625 21:0 62470
62470 627 21:0 62470
62470 28905 21:0 62470
62470 28904 21:0 62470
62470 28911 21:0 62470
62470 28910 21:0 62470
62470 28917 21:0 62470
62470 28916 21:0 62470
62470 28914 21:0 62470
62470 28912 21:0 62470
62470 28913 21:0 62470
62470 28915 21:0 62470
62470 749 21:0 62480
62486 35761 21:0 62489
62488 599 1:0 62489
62488 601 21:0 62492
62491 35763 1:0 62494
62496 35763 21:0 62499
62498 599 21:0 62499
62498 59905 1:0 62500
62501 35766 1:0 62504
62501 599 1:0 62506
62501 35763 1:0 62506
62507 601 1:0 62522
62521 29054 1:0 62521
62521 29053 1:0 62521
62521 29052 1:0 62521
62521 29051 1:0 62521
62523 35761 1:0 62546
62545 29067 1:0 62545
62545 29066 1:0 62545
62545 29065 1:0 62545
62545 29068 1:0 62545
62545 29056 1:0 62545
62545 29055 1:0 62545
62545 29058 1:0 62545
62545 29057 1:0 62545
62545 29060 1:0 62545
62545 29062 1:0 62545
62545 29064 1:0 62545
62545 29059 1:0 62545
62545 29063 1:0 62545
62545 29061 1:0 62545
62566 60157 1:0 62616
62615 60537 1:0 62615
62617 60453 1:0 62619
62617 319 1:0 62619
62618 589 1:0 62618
62620 35784 1:0 62622
62620 60354 1:0 62627
62621 60535 1:0 62621
62621 60536 1:0 62621
62628 60319 1:0 62630
62628 447 1:0 62630
62629 591 1:0 62629
62631 35788 1:0 62633
62631 59642 1:0 62636
62635 60534 1:0 62635
62637 60207 1:0 62639
62637 59659 1:0 62639
62637 35818 1:0 62639
62637 583 1:0 62639
62638 587 1:0 62638
62640 35791 1:0 62643
62640 409 1:0 62667
62665 60522 1:0 62667
62665 749 1:0 62667
62668 35809 1:0 62670
62668 60136 1:0 62718
62691 29067 21:0 62691
62691 29066 21:0 62691
62691 29065 21:0 62691
62691 29068 21:0 62691
62691 597 21:0 62691
62691 603 21:0 62691
62691 29056 21:0 62691
62691 29055 21:0 62691
62691 29054 21:0 62691
62691 29053 21:0 62691
62691 605 21:0 62691
62691 609 21:0 62691
62691 607 21:0 62691
62691 29052 21:0 62691
62691 29051 21:0 62691
62691 29058 21:0 62691
62691 29057 21:0 62691
62691 29060 21:0 62691
62691 29062 21:0 62691
62691 29064 21:0 62691
62691 29059 21:0 62691
62691 29063 21:0 62691
62691 29061 21:0 62691
62691 749 21:0 62701
62707 35818 21:0 62710
62709 581 1:0 62710
62709 583 21:0 62713
62712 35820 1:0 62715
62717 35820 21:0 62720
62719 581 21:0 62720
62719 59993 1:0 62721
62722 35823 1:0 62725
62722 581 1:0 62727
62722 35820 1:0 62727
62728 583 1:0 62743
62742 29201 1:0 62742
62742 29200 1:0 62742
62742 29199 1:0 62742
62742 29198 1:0 62742
62744 35818 1:0 62767
62766 29214 1:0 62766
62766 29212 1:0 62766
62766 29215 1:0 62766
62766 29213 1:0 62766
62766 29203 1:0 62766
62766 29202 1:0 62766
62766 29205 1:0 62766
62766 29204 1:0 62766
62766 29209 1:0 62766
62766 29210 1:0 62766
62766 29206 1:0 62766
62766 29208 1:0 62766
62766 29211 1:0 62766
62766 29207 1:0 62766
62787 59767 1:0 62837
62836 60504 1:0 62836
62838 60334 1:0 62840
62838 60272 1:0 62840
62839 571 1:0 62839
62841 35841 1:0 62843
62841 60150 1:0 62848
62842 60502 1:0 62842
62842 60503 1:0 62842
62849 60305 1:0 62851
62849 59894 1:0 62851
62850 573 1:0 62850
62852 35845 1:0 62854
62852 60223 1:0 62857
62856 60501 1:0 62856
62858 565 1:0 62860
62858 60282 1:0 62860
62858 35875 1:0 62860
62858 563 1:0 62860
62858 60007 1:0 62860
62859 569 1:0 62859
62861 35848 1:0 62864
62861 35866 1:0 62885
62861 35880 1:0 62885
62881 749 1:0 62882
62883 60489 1:0 62885
62886 337 1:0 62939
62912 29214 21:0 62912
62912 29212 21:0 62912
62912 29215 21:0 62912
62912 29213 21:0 62912
62912 585 21:0 62912
62912 579 21:0 62912
62912 29201 21:0 62912
62912 29203 21:0 62912
62912 29202 21:0 62912
62912 29200 21:0 62912
62912 591 21:0 62912
62912 589 21:0 62912
62912 587 21:0 62912
62912 29205 21:0 62912
62912 29204 21:0 62912
62912 29199 21:0 62912
62912 29198 21:0 62912
62912 29209 21:0 62912
62912 29210 21:0 62912
62912 29206 21:0 62912
62912 29208 21:0 62912
62912 29211 21:0 62912
62912 29207 21:0 62912
62912 749 21:0 62922
62933 35877 1:0 62936
62938 29359 1:0 62938
62938 29361 1:0 62938
62938 29362 1:0 62938
62938 29360 1:0 62938
62938 29350 1:0 62938
62938 29349 1:0 62938
62938 29347 1:0 62938
62938 29348 1:0 62938
62938 29352 1:0 62938
62938 29351 1:0 62938
62938 29346 1:0 62938
62938 29345 1:0 62938
62938 29357 1:0 62938
62938 29354 1:0 62938
62938 29356 1:0 62938
62938 29353 1:0 62938
62938 29355 1:0 62938
62938 29358 1:0 62938
62940 60204 1:0 63058
63057 60471 1:0 63057
63059 60141 1:0 63061
63059 60084 1:0 63061
63060 553 1:0 63060
63062 35898 1:0 63064
63062 59626 1:0 63069
63063 60469 1:0 63063
63063 60470 1:0 63063
63070 351 1:0 63072
63070 60237 1:0 63072
63071 555 1:0 63071
63073 35902 1:0 63075
63073 59615 1:0 63078
63077 60468 1:0 63077
63079 545 1:0 63081
63079 407 1:0 63081
63079 309 1:0 63081
63079 35932 1:0 63081
63079 547 1:0 63081
63080 551 1:0 63080
63082 35905 1:0 63085
63082 35937 1:0 63106
63082 35923 1:0 63106
63102 749 1:0 63103
63104 60456 1:0 63106
63107 59975 1:0 63160
63133 29359 21:0 63133
63133 29361 21:0 63133
63133 29362 21:0 63133
63133 29360 21:0 63133
63133 567 21:0 63133
63133 561 21:0 63133
63133 29350 21:0 63133
63133 29349 21:0 63133
63133 29347 21:0 63133
63133 29348 21:0 63133
63133 571 21:0 63133
63133 573 21:0 63133
63133 569 21:0 63133
63133 29352 21:0 63133
63133 29351 21:0 63133
63133 29346 21:0 63133
63133 29345 21:0 63133
63133 29357 21:0 63133
63133 29354 21:0 63133
63133 29356 21:0 63133
63133 29353 21:0 63133
63133 29355 21:0 63133
63133 29358 21:0 63133
63133 749 21:0 63143
63154 35934 1:0 63157
63159 29508 1:0 63159
63159 29507 1:0 63159
63159 29506 1:0 63159
63159 29509 1:0 63159
63159 29497 1:0 63159
63159 29496 1:0 63159
63159 29495 1:0 63159
63159 29494 1:0 63159
63159 29492 1:0 63159
63159 29493 1:0 63159
63159 29498 1:0 63159
63159 29499 1:0 63159
63159 29500 1:0 63159
63159 29501 1:0 63159
63159 29505 1:0 63159
63159 29503 1:0 63159
63159 29504 1:0 63159
63159 29502 1:0 63159
63161 60173 1:0 63279
63278 60438 1:0 63278
63280 59951 1:0 63282
63280 301 1:0 63282
63281 535 1:0 63281
63283 35955 1:0 63285
63283 60158 1:0 63290
63284 60437 1:0 63284
63284 60436 1:0 63284
63291 489 1:0 63293
63291 60240 1:0 63293
63292 537 1:0 63292
63294 35959 1:0 63296
63294 59861 1:0 63299
63298 60435 1:0 63298
63300 527 1:0 63302
63300 35989 1:0 63302
63300 425 1:0 63302
63300 529 1:0 63302
63300 60055 1:0 63302
63303 35962 1:0 63306
63303 35994 1:0 63327
63303 35980 1:0 63327
63323 749 1:0 63324
63325 60423 1:0 63327
63328 411 1:0 63381
63354 29508 21:0 63354
63354 29507 21:0 63354
63354 29506 21:0 63354
63354 29509 21:0 63354
63354 549 21:0 63354
63354 543 21:0 63354
63354 29497 21:0 63354
63354 29496 21:0 63354
63354 29495 21:0 63354
63354 29494 21:0 63354
63354 553 21:0 63354
63354 551 21:0 63354
63354 555 21:0 63354
63354 29492 21:0 63354
63354 29493 21:0 63354
63354 29498 21:0 63354
63354 29499 21:0 63354
63354 29500 21:0 63354
63354 29501 21:0 63354
63354 29505 21:0 63354
63354 29503 21:0 63354
63354 29504 21:0 63354
63354 29502 21:0 63354
63354 749 21:0 63364
63375 35991 1:0 63378
63380 29654 1:0 63380
63380 29656 1:0 63380
63380 29655 1:0 63380
63380 29653 1:0 63380
63380 29644 1:0 63380
63380 29641 1:0 63380
63380 29642 1:0 63380
63380 29643 1:0 63380
63380 29646 1:0 63380
63380 29640 1:0 63380
63380 29639 1:0 63380
63380 29645 1:0 63380
63380 29650 1:0 63380
63380 29647 1:0 63380
63380 29649 1:0 63380
63380 29648 1:0 63380
63380 29652 1:0 63380
63380 29651 1:0 63380
63382 60174 1:0 63500
63499 60405 1:0 63499
63501 60041 1:0 63503
63501 59912 1:0 63503
63502 517 1:0 63502
63504 36012 1:0 63506
63504 60315 1:0 63511
63505 60404 1:0 63505
63512 59939 1:0 63514
63512 389 1:0 63514
63513 519 1:0 63513
63515 36016 1:0 63517
63515 59806 1:0 63520
63521 509 1:0 63523
63521 59971 1:0 63523
63521 36046 1:0 63523
63521 511 1:0 63523
63521 60171 1:0 63523
63522 515 1:0 63522
63524 36019 1:0 63527
63524 36051 1:0 63548
63524 36037 1:0 63548
63544 749 1:0 63545
63546 60390 1:0 63548
63549 375 1:0 63602
63575 29654 21:0 63575
63575 29656 21:0 63575
63575 29655 21:0 63575
63575 29653 21:0 63575
63575 525 21:0 63575
63575 531 21:0 63575
63575 29644 21:0 63575
63575 29641 21:0 63575
63575 29642 21:0 63575
63575 29643 21:0 63575
63575 537 21:0 63575
63575 535 21:0 63575
63575 533 21:0 63575
63575 29646 21:0 63575
63575 29640 21:0 63575
63575 29639 21:0 63575
63575 29645 21:0 63575
63575 29650 21:0 63575
63575 29647 21:0 63575
63575 29649 21:0 63575
63575 29648 21:0 63575
63575 29652 21:0 63575
63575 29651 21:0 63575
63575 749 21:0 63585
63596 36048 1:0 63599
63601 29800 1:0 63601
63601 29802 1:0 63601
63601 29803 1:0 63601
63601 29801 1:0 63601
63601 29788 1:0 63601
63601 29790 1:0 63601
63601 29791 1:0 63601
63601 29789 1:0 63601
63601 29786 1:0 63601
63601 29787 1:0 63601
63601 29792 1:0 63601
63601 29793 1:0 63601
63601 29798 1:0 63601
63601 29796 1:0 63601
63601 29797 1:0 63601
63601 29799 1:0 63601
63601 29795 1:0 63601
63601 29794 1:0 63601
63603 60072 1:0 63721
63722 59926 1:0 63724
63722 303 1:0 63724
63725 36069 1:0 63727
63725 60281 1:0 63732
63726 60371 1:0 63726
63733 60106 1:0 63735
63733 60031 1:0 63735
63734 501 1:0 63734
63736 36073 1:0 63738
63736 59938 1:0 63741
63740 60369 1:0 63740
63742 371 1:0 63744
63742 491 1:0 63744
63742 493 1:0 63744
63742 36103 1:0 63744
63742 59989 1:0 63744
63745 36076 1:0 63748
63745 36094 1:0 63769
63745 36108 1:0 63769
63765 749 1:0 63766
63767 60357 1:0 63769
63770 60108 1:0 63823
63796 29800 21:0 63796
63796 29802 21:0 63796
63796 29803 21:0 63796
63796 29801 21:0 63796
63796 29788 21:0 63796
63796 29790 21:0 63796
63796 29791 21:0 63796
63796 29789 21:0 63796
63796 519 21:0 63796
63796 515 21:0 63796
63796 517 21:0 63796
63796 29786 21:0 63796
63796 29787 21:0 63796
63796 29792 21:0 63796
63796 29793 21:0 63796
63796 29798 21:0 63796
63796 29796 21:0 63796
63796 29797 21:0 63796
63796 29799 21:0 63796
63796 29795 21:0 63796
63796 29794 21:0 63796
63796 749 21:0 63806
63817 36105 1:0 63820
63822 29949 1:0 63822
63822 29948 1:0 63822
63822 29947 1:0 63822
63822 29950 1:0 63822
63822 29936 1:0 63822
63822 29938 1:0 63822
63822 29935 1:0 63822
63822 29937 1:0 63822
63822 29940 1:0 63822
63822 29933 1:0 63822
63822 29939 1:0 63822
63822 29934 1:0 63822
63822 29942 1:0 63822
63822 29943 1:0 63822
63822 29941 1:0 63822
63822 29944 1:0 63822
63822 29946 1:0 63822
63822 29945 1:0 63822
63824 60105 1:0 63942
63941 60339 1:0 63941
63943 60138 1:0 63945
63943 60229 1:0 63945
63946 36126 1:0 63948
63946 59927 1:0 63953
63947 60338 1:0 63947
63947 60337 1:0 63947
63954 59932 1:0 63956
63954 59941 1:0 63956
63957 36130 1:0 63959
63957 59522 1:0 63962
63961 60336 1:0 63961
63963 473 1:0 63965
63963 475 1:0 63965
63963 36160 1:0 63965
63963 60190 1:0 63965
63963 353 1:0 63965
63964 479 1:0 63964
63966 36133 1:0 63969
63966 36165 1:0 63990
63966 36151 1:0 63990
63986 749 1:0 63987
63988 60324 1:0 63990
63989 60323 1:0 63989
63989 477 1:0 63989
63991 59940 1:0 64044
64017 29949 21:0 64017
64017 29948 21:0 64017
64017 29947 21:0 64017
64017 29950 21:0 64017
64017 29936 21:0 64017
64017 29938 21:0 64017
64017 29935 21:0 64017
64017 29937 21:0 64017
64017 499 21:0 64017
64017 501 21:0 64017
64017 497 21:0 64017
64017 29940 21:0 64017
64017 29933 21:0 64017
64017 29939 21:0 64017
64017 29934 21:0 64017
64017 29942 21:0 64017
64017 29943 21:0 64017
64017 29941 21:0 64017
64017 29944 21:0 64017
64017 29946 21:0 64017
64017 29945 21:0 64017
64017 749 21:0 64027
64038 36162 1:0 64041
64043 30094 1:0 64043
64043 30097 1:0 64043
64043 30095 1:0 64043
64043 30096 1:0 64043
64043 471 1:0 64043
64043 60308 1:0 64043
64043 60314 1:0 64043
64043 30082 1:0 64043
64043 30083 1:0 64043
64043 30084 1:0 64043
64043 30085 1:0 64043
64043 30081 1:0 64043
64043 30080 1:0 64043
64043 30086 1:0 64043
64043 30087 1:0 64043
64043 30092 1:0 64043
64043 30093 1:0 64043
64043 30088 1:0 64043
64043 30089 1:0 64043
64043 30091 1:0 64043
64043 30090 1:0 64043
64045 60074 1:0 64163
64164 59919 1:0 64166
64164 299 1:0 64166
64165 463 1:0 64165
64167 36183 1:0 64169
64167 60301 1:0 64174
64173 60302 1:0 64173
64175 59952 1:0 64177
64175 357 1:0 64177
64178 36187 1:0 64180
64178 60005 1:0 64183
64184 457 1:0 64186
64184 60107 1:0 64186
64184 455 1:0 64186
64184 59648 1:0 64186
64184 36217 1:0 64186
64187 36190 1:0 64190
64187 36208 1:0 64211
64187 36222 1:0 64211
64207 749 1:0 64208
64209 60291 1:0 64211
64210 60286 1:0 64210
64210 459 1:0 64210
64210 60288 1:0 64210
64210 60290 1:0 64210
64212 60073 1:0 64265
64238 30094 21:0 64238
64238 30097 21:0 64238
64238 30095 21:0 64238
64238 30096 21:0 64238
64238 30082 21:0 64238
64238 30083 21:0 64238
64238 30084 21:0 64238
64238 30085 21:0 64238
64238 479 21:0 64238
64238 483 21:0 64238
64238 481 21:0 64238
64238 30081 21:0 64238
64238 30080 21:0 64238
64238 30086 21:0 64238
64238 30087 21:0 64238
64238 30092 21:0 64238
64238 30093 21:0 64238
64238 30088 21:0 64238
64238 30089 21:0 64238
64238 30091 21:0 64238
64238 30090 21:0 64238
64238 749 21:0 64248
64259 36219 1:0 64262
64264 30242 1:0 64264
64264 30243 1:0 64264
64264 30244 1:0 64264
64264 30241 1:0 64264
64264 60275 1:0 64264
64264 453 1:0 64264
64264 30232 1:0 64264
64264 30229 1:0 64264
64264 30230 1:0 64264
64264 30231 1:0 64264
64264 30233 1:0 64264
64264 30228 1:0 64264
64264 30227 1:0 64264
64264 30234 1:0 64264
64264 30235 1:0 64264
64264 30238 1:0 64264
64264 30236 1:0 64264
64264 30237 1:0 64264
64264 30239 1:0 64264
64264 30240 1:0 64264
64266 60075 1:0 64384
64383 60273 1:0 64383
64385 335 1:0 64387
64385 60088 1:0 64387
64388 36240 1:0 64390
64388 59523 1:0 64395
64394 60269 1:0 64394
64396 60040 1:0 64398
64396 59734 1:0 64398
64399 36244 1:0 64401
64399 737 1:0 64404
64403 60270 1:0 64403
64405 60042 1:0 64407
64405 439 1:0 64407
64405 437 1:0 64407
64405 36274 1:0 64407
64405 59918 1:0 64407
64408 36247 1:0 64411
64408 36265 1:0 64432
64408 36279 1:0 64432
64410 60262 1:0 64410
64428 749 1:0 64429
64430 60258 1:0 64432
64431 441 1:0 64431
64431 60253 1:0 64431
64431 60249 1:0 64431
64431 60257 1:0 64431
64431 60256 1:0 64431
64433 60006 1:0 64486
64459 30242 21:0 64459
64459 30243 21:0 64459
64459 30244 21:0 64459
64459 30241 21:0 64459
64459 30232 21:0 64459
64459 30229 21:0 64459
64459 30230 21:0 64459
64459 30231 21:0 64459
64459 461 21:0 64459
64459 465 21:0 64459
64459 463 21:0 64459
64459 30233 21:0 64459
64459 30228 21:0 64459
64459 30227 21:0 64459
64459 30234 21:0 64459
64459 30235 21:0 64459
64459 30238 21:0 64459
64459 30236 21:0 64459
64459 30237 21:0 64459
64459 30239 21:0 64459
64459 30240 21:0 64459
64459 749 21:0 64469
64480 36276 1:0 64483
64485 30388 1:0 64485
64485 30391 1:0 64485
64485 30390 1:0 64485
64485 30389 1:0 64485
64485 435 1:0 64485
64485 30377 1:0 64485
64485 30378 1:0 64485
64485 30376 1:0 64485
64485 30379 1:0 64485
64485 30380 1:0 64485
64485 30375 1:0 64485
64485 30381 1:0 64485
64485 30374 1:0 64485
64485 30383 1:0 64485
64485 30385 1:0 64485
64485 30386 1:0 64485
64485 30384 1:0 64485
64485 30387 1:0 64485
64485 30382 1:0 64485
64487 339 1:0 64605
64606 60039 1:0 64608
64606 59978 1:0 64608
64607 427 1:0 64607
64609 36297 1:0 64611
64609 60058 1:0 64616
64617 283 1:0 64619
64617 171 1:0 64619
64618 429 1:0 64618
64620 36301 1:0 64622
64620 60176 1:0 64625
64626 345 1:0 64628
64626 421 1:0 64628
64626 267 1:0 64628
64626 419 1:0 64628
64626 36331 1:0 64628
64629 36304 1:0 64632
64629 36322 1:0 64653
64629 36336 1:0 64653
64631 60235 1:0 64631
64649 749 1:0 64650
64651 60225 1:0 64653
64652 60224 1:0 64652
64652 423 1:0 64652
64652 60222 1:0 64652
64652 60216 1:0 64652
64652 60220 1:0 64652
64654 317 1:0 64707
64680 30388 21:0 64680
64680 30391 21:0 64680
64680 30390 21:0 64680
64680 30389 21:0 64680
64680 30377 21:0 64680
64680 30378 21:0 64680
64680 30376 21:0 64680
64680 30379 21:0 64680
64680 447 21:0 64680
64680 445 21:0 64680
64680 443 21:0 64680
64680 30380 21:0 64680
64680 30375 21:0 64680
64680 30381 21:0 64680
64680 30374 21:0 64680
64680 30383 21:0 64680
64680 30385 21:0 64680
64680 30386 21:0 64680
64680 30384 21:0 64680
64680 30387 21:0 64680
64680 30382 21:0 64680
64680 749 21:0 64690
64701 36333 1:0 64704
64706 30538 1:0 64706
64706 30536 1:0 64706
64706 30537 1:0 64706
64706 30535 1:0 64706
64706 60209 1:0 64706
64706 60215 1:0 64706
64706 30526 1:0 64706
64706 30525 1:0 64706
64706 30523 1:0 64706
64706 30524 1:0 64706
64706 30527 1:0 64706
64706 30521 1:0 64706
64706 30528 1:0 64706
64706 30522 1:0 64706
64706 30534 1:0 64706
64706 30531 1:0 64706
64706 30532 1:0 64706
64706 30530 1:0 64706
64706 30529 1:0 64706
64706 30533 1:0 64706
64708 321 1:0 64826
64827 229 1:0 64829
64827 59857 1:0 64829
64830 36354 1:0 64832
64830 60050 1:0 64837
64836 60203 1:0 64836
64838 273 1:0 64840
64838 59976 1:0 64840
64841 36358 1:0 64843
64841 59991 1:0 64846
64847 263 1:0 64849
64847 403 1:0 64849
64847 36388 1:0 64849
64847 401 1:0 64849
64847 60121 1:0 64849
64850 36361 1:0 64853
64850 36379 1:0 64874
64850 36393 1:0 64874
64852 60202 1:0 64852
64852 60196 1:0 64852
64870 749 1:0 64871
64872 60192 1:0 64874
64873 60189 1:0 64873
64873 60191 1:0 64873
64873 60187 1:0 64873
64873 60183 1:0 64873
64873 405 1:0 64873
64875 60009 1:0 64928
64901 30538 21:0 64901
64901 30536 21:0 64901
64901 30537 21:0 64901
64901 30535 21:0 64901
64901 30526 21:0 64901
64901 30525 21:0 64901
64901 30523 21:0 64901
64901 30524 21:0 64901
64901 425 21:0 64901
64901 427 21:0 64901
64901 429 21:0 64901
64901 30527 21:0 64901
64901 30521 21:0 64901
64901 30528 21:0 64901
64901 30522 21:0 64901
64901 30534 21:0 64901
64901 30531 21:0 64901
64901 30532 21:0 64901
64901 30530 21:0 64901
64901 30529 21:0 64901
64901 30533 21:0 64901
64901 749 21:0 64911
64922 36390 1:0 64925
64927 30682 1:0 64927
64927 30685 1:0 64927
64927 30684 1:0 64927
64927 30683 1:0 64927
64927 30673 1:0 64927
64927 30672 1:0 64927
64927 30671 1:0 64927
64927 30670 1:0 64927
64927 399 1:0 64927
64927 60182 1:0 64927
64927 30668 1:0 64927
64927 30669 1:0 64927
64927 30674 1:0 64927
64927 30675 1:0 64927
64927 30679 1:0 64927
64927 30677 1:0 64927
64927 30678 1:0 64927
64927 30681 1:0 64927
64927 30680 1:0 64927
64927 30676 1:0 64927
64929 60008 1:0 65047
65048 59973 1:0 65050
65048 59972 1:0 65050
65049 391 1:0 65049
65051 36411 1:0 65053
65051 59794 1:0 65058
65057 60170 1:0 65057
65059 363 1:0 65061
65059 59875 1:0 65061
65062 36415 1:0 65064
65062 369 1:0 65067
65068 59655 1:0 65070
65068 385 1:0 65070
65068 383 1:0 65070
65068 36445 1:0 65070
65068 59943 1:0 65070
65071 36418 1:0 65074
65071 36450 1:0 65095
65071 36436 1:0 65095
65073 60163 1:0 65073
65073 60169 1:0 65073
65091 749 1:0 65092
65093 60159 1:0 65095
65094 60156 1:0 65094
65094 387 1:0 65094
65096 281 1:0 65149
65122 30682 21:0 65122
65122 30685 21:0 65122
65122 30684 21:0 65122
65122 30683 21:0 65122
65122 30673 21:0 65122
65122 30672 21:0 65122
65122 30671 21:0 65122
65122 30670 21:0 65122
65122 409 21:0 65122
65122 407 21:0 65122
65122 411 21:0 65122
65122 30668 21:0 65122
65122 30669 21:0 65122
65122 30674 21:0 65122
65122 30675 21:0 65122
65122 30679 21:0 65122
65122 30677 21:0 65122
65122 30678 21:0 65122
65122 30681 21:0 65122
65122 30680 21:0 65122
65122 30676 21:0 65122
65122 749 21:0 65132
65143 36447 1:0 65146
65148 30830 1:0 65148
65148 30831 1:0 65148
65148 30832 1:0 65148
65148 30829 1:0 65148
65148 30818 1:0 65148
65148 30817 1:0 65148
65148 30820 1:0 65148
65148 30819 1:0 65148
65148 381 1:0 65148
65148 60143 1:0 65148
65148 60149 1:0 65148
65148 30822 1:0 65148
65148 30821 1:0 65148
65148 30815 1:0 65148
65148 30816 1:0 65148
65148 30828 1:0 65148
65148 30824 1:0 65148
65148 30826 1:0 65148
65148 30827 1:0 65148
65148 30825 1:0 65148
65148 30823 1:0 65148
65150 59942 1:0 65268
65269 291 1:0 65271
65269 265 1:0 65271
65272 36468 1:0 65274
65272 59498 1:0 65279
65273 60139 1:0 65273
65273 60140 1:0 65273
65278 60137 1:0 65278
65280 59729 1:0 65282
65280 285 1:0 65282
65283 36472 1:0 65285
65283 59509 1:0 65288
65289 365 1:0 65291
65289 59908 1:0 65291
65289 36502 1:0 65291
65289 367 1:0 65291
65289 59959 1:0 65291
65292 36475 1:0 65295
65292 36493 1:0 65316
65292 36507 1:0 65316
65294 60130 1:0 65294
65312 749 1:0 65313
65314 60126 1:0 65316
65315 60123 1:0 65315
65315 60117 1:0 65315
65315 60125 1:0 65315
65317 59974 1:0 65370
65343 30830 21:0 65343
65343 30831 21:0 65343
65343 30832 21:0 65343
65343 30829 21:0 65343
65343 30818 21:0 65343
65343 30817 21:0 65343
65343 30820 21:0 65343
65343 30819 21:0 65343
65343 389 21:0 65343
65343 391 21:0 65343
65343 393 21:0 65343
65343 30822 21:0 65343
65343 30821 21:0 65343
65343 30815 21:0 65343
65343 30816 21:0 65343
65343 30828 21:0 65343
65343 30824 21:0 65343
65343 30826 21:0 65343
65343 30827 21:0 65343
65343 30825 21:0 65343
65343 30823 21:0 65343
65343 749 21:0 65353
65364 36504 1:0 65367
65369 30976 1:0 65369
65369 30977 1:0 65369
65369 30979 1:0 65369
65369 30978 1:0 65369
65369 30967 1:0 65369
65369 30965 1:0 65369
65369 30966 1:0 65369
65369 30964 1:0 65369
65369 60116 1:0 65369
65369 60110 1:0 65369
65369 30969 1:0 65369
65369 30962 1:0 65369
65369 30963 1:0 65369
65369 30968 1:0 65369
65369 30975 1:0 65369
65369 30973 1:0 65369
65369 30970 1:0 65369
65369 30974 1:0 65369
65369 30972 1:0 65369
65369 30971 1:0 65369
65371 59841 1:0 65489
65490 59909 1:0 65492
65490 59635 1:0 65492
65491 355 1:0 65491
65493 36525 1:0 65495
65493 59960 1:0 65500
65499 60104 1:0 65499
65501 59628 1:0 65503
65501 249 1:0 65503
65504 36529 1:0 65506
65504 225 1:0 65509
65510 347 1:0 65512
65510 349 1:0 65512
65510 59877 1:0 65512
65510 36559 1:0 65512
65510 59668 1:0 65512
65513 36532 1:0 65516
65513 36550 1:0 65537
65513 36564 1:0 65537
65533 749 1:0 65534
65535 60093 1:0 65537
65536 60091 1:0 65536
65536 60090 1:0 65536
65536 60092 1:0 65536
65538 247 1:0 65591
65564 30976 21:0 65564
65564 30977 21:0 65564
65564 30979 21:0 65564
65564 30978 21:0 65564
65564 30967 21:0 65564
65564 30965 21:0 65564
65564 30966 21:0 65564
65564 30964 21:0 65564
65564 375 21:0 65564
65564 371 21:0 65564
65564 373 21:0 65564
65564 30969 21:0 65564
65564 30962 21:0 65564
65564 30963 21:0 65564
65564 30968 21:0 65564
65564 30975 21:0 65564
65564 30973 21:0 65564
65564 30970 21:0 65564
65564 30974 21:0 65564
65564 30972 21:0 65564
65564 30971 21:0 65564
65564 749 21:0 65574
65585 36561 1:0 65588
65590 31124 1:0 65590
65590 31123 1:0 65590
65590 31125 1:0 65590
65590 31126 1:0 65590
65590 31113 1:0 65590
65590 31112 1:0 65590
65590 31111 1:0 65590
65590 31114 1:0 65590
65590 60077 1:0 65590
65590 60083 1:0 65590
65590 31110 1:0 65590
65590 31115 1:0 65590
65590 31116 1:0 65590
65590 31109 1:0 65590
65590 31120 1:0 65590
65590 31122 1:0 65590
65590 31118 1:0 65590
65590 31121 1:0 65590
65590 31117 1:0 65590
65590 31119 1:0 65590
65592 59843 1:0 65710
65711 245 1:0 65713
65711 59833 1:0 65713
65714 36582 1:0 65716
65714 315 1:0 65721
65722 59907 1:0 65724
65722 59753 1:0 65724
65725 36586 1:0 65727
65725 243 1:0 65730
65731 36616 1:0 65733
65731 255 1:0 65733
65731 329 1:0 65733
65731 59775 1:0 65733
65731 331 1:0 65733
65734 36589 1:0 65737
65734 36621 1:0 65758
65734 36607 1:0 65758
65736 60064 1:0 65736
65754 749 1:0 65755
65756 60060 1:0 65758
65757 60057 1:0 65757
65757 60051 1:0 65757
65757 333 1:0 65757
65757 60059 1:0 65757
65759 209 1:0 65812
65785 31124 21:0 65785
65785 31123 21:0 65785
65785 31125 21:0 65785
65785 31126 21:0 65785
65785 31113 21:0 65785
65785 31112 21:0 65785
65785 31111 21:0 65785
65785 31114 21:0 65785
65785 353 21:0 65785
65785 357 21:0 65785
65785 355 21:0 65785
65785 31110 21:0 65785
65785 31115 21:0 65785
65785 31116 21:0 65785
65785 31109 21:0 65785
65785 31120 21:0 65785
65785 31122 21:0 65785
65785 31118 21:0 65785
65785 31121 21:0 65785
65785 31117 21:0 65785
65785 31119 21:0 65785
65785 749 21:0 65795
65806 36618 1:0 65809
65811 31272 1:0 65811
65811 31270 1:0 65811
65811 31271 1:0 65811
65811 31273 1:0 65811
65811 31260 1:0 65811
65811 31258 1:0 65811
65811 31259 1:0 65811
65811 31261 1:0 65811
65811 327 1:0 65811
65811 31262 1:0 65811
65811 31257 1:0 65811
65811 31256 1:0 65811
65811 31263 1:0 65811
65811 31265 1:0 65811
65811 31264 1:0 65811
65811 31267 1:0 65811
65811 31269 1:0 65811
65811 31268 1:0 65811
65811 31266 1:0 65811
65813 59808 1:0 65931
65932 59661 1:0 65934
65932 227 1:0 65934
65935 36639 1:0 65937
65935 59859 1:0 65942
65941 60038 1:0 65941
65943 59630 1:0 65945
65943 59910 1:0 65945
65946 36643 1:0 65948
65946 59893 1:0 65951
65952 213 1:0 65954
65952 313 1:0 65954
65952 59696 1:0 65954
65952 36673 1:0 65954
65952 311 1:0 65954
65955 36646 1:0 65958
65955 36678 1:0 65979
65955 36664 1:0 65979
65957 60037 1:0 65957
65975 749 1:0 65976
65977 60027 1:0 65979
65978 60018 1:0 65978
65978 60022 1:0 65978
65978 60025 1:0 65978
65978 60026 1:0 65978
65980 59876 1:0 66033
66006 31272 21:0 66006
66006 31270 21:0 66006
66006 31271 21:0 66006
66006 31273 21:0 66006
66006 31260 21:0 66006
66006 31258 21:0 66006
66006 31259 21:0 66006
66006 31261 21:0 66006
66006 335 21:0 66006
66006 339 21:0 66006
66006 337 21:0 66006
66006 31262 21:0 66006
66006 31257 21:0 66006
66006 31256 21:0 66006
66006 31263 21:0 66006
66006 31265 21:0 66006
66006 31264 21:0 66006
66006 31267 21:0 66006
66006 31269 21:0 66006
66006 31268 21:0 66006
66006 31266 21:0 66006
66006 749 21:0 66016
66027 36675 1:0 66030
66032 31418 1:0 66032
66032 31420 1:0 66032
66032 31417 1:0 66032
66032 31419 1:0 66032
66032 60011 1:0 66032
66032 60017 1:0 66032
66032 31407 1:0 66032
66032 31408 1:0 66032
66032 31405 1:0 66032
66032 31406 1:0 66032
66032 31410 1:0 66032
66032 31409 1:0 66032
66032 31404 1:0 66032
66032 31403 1:0 66032
66032 31411 1:0 66032
66032 31413 1:0 66032
66032 31416 1:0 66032
66032 31412 1:0 66032
66032 31415 1:0 66032
66032 31414 1:0 66032
66034 211 1:0 66152
66153 231 1:0 66155
66153 59593 1:0 66155
66156 36696 1:0 66158
66156 59899 1:0 66163
66164 59846 1:0 66166
66164 157 1:0 66166
66167 36700 1:0 66169
66167 59497 1:0 66172
66173 59892 1:0 66175
66173 193 1:0 66175
66173 295 1:0 66175
66173 36730 1:0 66175
66176 36703 1:0 66179
66176 36735 1:0 66200
66176 36721 1:0 66200
66178 59998 1:0 66178
66196 749 1:0 66197
66198 59994 1:0 66200
66199 297 1:0 66199
66199 59985 1:0 66199
66199 59992 1:0 66199
66201 59811 1:0 66254
66227 31418 21:0 66227
66227 31420 21:0 66227
66227 31417 21:0 66227
66227 31419 21:0 66227
66227 319 21:0 66227
66227 317 21:0 66227
66227 321 21:0 66227
66227 31407 21:0 66227
66227 31408 21:0 66227
66227 31405 21:0 66227
66227 31406 21:0 66227
66227 31410 21:0 66227
66227 31409 21:0 66227
66227 31404 21:0 66227
66227 31403 21:0 66227
66227 31411 21:0 66227
66227 31413 21:0 66227
66227 31416 21:0 66227
66227 31412 21:0 66227
66227 31415 21:0 66227
66227 31414 21:0 66227
66227 749 21:0 66237
66245 293 1:0 66246
66248 36732 1:0 66251
66253 31566 1:0 66253
66253 31567 1:0 66253
66253 31564 1:0 66253
66253 31565 1:0 66253
66253 59984 1:0 66253
66253 31553 1:0 66253
66253 31554 1:0 66253
66253 31552 1:0 66253
66253 31555 1:0 66253
66253 31557 1:0 66253
66253 31556 1:0 66253
66253 31550 1:0 66253
66253 31551 1:0 66253
66253 31558 1:0 66253
66253 31559 1:0 66253
66253 31561 1:0 66253
66253 31563 1:0 66253
66253 31560 1:0 66253
66253 31562 1:0 66253
66255 59874 1:0 66373
66374 165 1:0 66376
66374 59844 1:0 66376
66377 36753 1:0 66379
66377 59890 1:0 66384
66385 59692 1:0 66387
66385 175 1:0 66387
66388 36757 1:0 66390
66388 59714 1:0 66393
66394 36787 1:0 66396
66394 59842 1:0 66396
66394 275 1:0 66396
66394 135 1:0 66396
66394 277 1:0 66396
66397 36760 1:0 66400
66397 36778 1:0 66421
66397 36792 1:0 66421
66399 59965 1:0 66399
66417 749 1:0 66418
66419 59961 1:0 66421
66420 59956 1:0 66420
66420 59958 1:0 66420
66422 59810 1:0 66475
66448 31566 21:0 66448
66448 31567 21:0 66448
66448 31564 21:0 66448
66448 31565 21:0 66448
66448 299 21:0 66448
66448 301 21:0 66448
66448 303 21:0 66448
66448 31553 21:0 66448
66448 31554 21:0 66448
66448 31552 21:0 66448
66448 31555 21:0 66448
66448 31557 21:0 66448
66448 31556 21:0 66448
66448 31550 21:0 66448
66448 31551 21:0 66448
66448 31558 21:0 66448
66448 31559 21:0 66448
66448 31561 21:0 66448
66448 31563 21:0 66448
66448 31560 21:0 66448
66448 31562 21:0 66448
66448 749 21:0 66458
66469 36789 1:0 66472
66474 31712 1:0 66474
66474 31714 1:0 66474
66474 31713 1:0 66474
66474 31711 1:0 66474
66474 59945 1:0 66474
66474 31699 1:0 66474
66474 31701 1:0 66474
66474 31702 1:0 66474
66474 31700 1:0 66474
66474 31704 1:0 66474
66474 31698 1:0 66474
66474 31697 1:0 66474
66474 31703 1:0 66474
66474 31710 1:0 66474
66474 31709 1:0 66474
66474 31708 1:0 66474
66474 31707 1:0 66474
66474 31706 1:0 66474
66474 31705 1:0 66474
66476 59777 1:0 66594
66595 129 1:0 66597
66595 173 1:0 66597
66598 36810 1:0 66600
66598 59563 1:0 66605
66606 59776 1:0 66608
66606 59720 1:0 66608
66609 36814 1:0 66611
66609 59681 1:0 66614
66615 36844 1:0 66617
66615 259 1:0 66617
66615 177 1:0 66617
66615 59774 1:0 66617
66615 257 1:0 66617
66618 36817 1:0 66621
66618 36849 1:0 66642
66618 36835 1:0 66642
66638 749 1:0 66639
66640 59928 1:0 66642
66641 59925 1:0 66641
66641 261 1:0 66641
66643 191 1:0 66696
66669 31712 21:0 66669
66669 31714 21:0 66669
66669 31713 21:0 66669
66669 31711 21:0 66669
66669 281 21:0 66669
66669 283 21:0 66669
66669 285 21:0 66669
66669 31699 21:0 66669
66669 31701 21:0 66669
66669 31702 21:0 66669
66669 31700 21:0 66669
66669 31704 21:0 66669
66669 31698 21:0 66669
66669 31697 21:0 66669
66669 31703 21:0 66669
66669 31710 21:0 66669
66669 31709 21:0 66669
66669 31708 21:0 66669
66669 31707 21:0 66669
66669 31706 21:0 66669
66669 31705 21:0 66669
66669 749 21:0 66679
66690 36846 1:0 66693
66695 31860 1:0 66695
66695 31859 1:0 66695
66695 31858 1:0 66695
66695 31861 1:0 66695
66695 31848 1:0 66695
66695 31849 1:0 66695
66695 31846 1:0 66695
66695 31847 1:0 66695
66695 31851 1:0 66695
66695 31845 1:0 66695
66695 31850 1:0 66695
66695 31844 1:0 66695
66695 31857 1:0 66695
66695 31854 1:0 66695
66695 31856 1:0 66695
66695 31853 1:0 66695
66695 31852 1:0 66695
66695 31855 1:0 66695
66697 59778 1:0 66815
66816 59741 1:0 66818
66816 195 1:0 66818
66819 36867 1:0 66821
66819 59827 1:0 66826
66825 59906 1:0 66825
66827 59809 1:0 66829
66827 59773 1:0 66829
66830 36871 1:0 66832
66830 59688 1:0 66835
66836 36901 1:0 66838
66836 59866 1:0 66838
66836 241 1:0 66838
66836 59743 1:0 66838
66839 36874 1:0 66842
66839 36892 1:0 66863
66839 36906 1:0 66863
66859 749 1:0 66860
66861 59895 1:0 66863
66862 59886 1:0 66862
66864 155 1:0 66917
66890 31860 21:0 66890
66890 31859 21:0 66890
66890 31858 21:0 66890
66890 31861 21:0 66890
66890 267 21:0 66890
66890 265 21:0 66890
66890 263 21:0 66890
66890 31848 21:0 66890
66890 31849 21:0 66890
66890 31846 21:0 66890
66890 31847 21:0 66890
66890 31851 21:0 66890
66890 31845 21:0 66890
66890 31850 21:0 66890
66890 31844 21:0 66890
66890 31857 21:0 66890
66890 31854 21:0 66890
66890 31856 21:0 66890
66890 31853 21:0 66890
66890 31852 21:0 66890
66890 31855 21:0 66890
66890 749 21:0 66900
66908 239 1:0 66909
66911 36903 1:0 66914
66916 32007 1:0 66916
66916 32006 1:0 66916
66916 32008 1:0 66916
66916 32005 1:0 66916
66916 237 1:0 66916
66916 59879 1:0 66916
66916 59885 1:0 66916
66916 31993 1:0 66916
66916 31995 1:0 66916
66916 31996 1:0 66916
66916 31994 1:0 66916
66916 31991 1:0 66916
66916 31992 1:0 66916
66916 31997 1:0 66916
66916 31998 1:0 66916
66916 32003 1:0 66916
66916 32002 1:0 66916
66916 32000 1:0 66916
66916 32004 1:0 66916
66916 31999 1:0 66916
66916 32001 1:0 66916
66918 59709 1:0 67036
67037 59745 1:0 67039
67037 59761 1:0 67039
67040 36924 1:0 67042
67040 59824 1:0 67047
67046 59873 1:0 67046
67048 59687 1:0 67050
67048 141 1:0 67050
67051 36928 1:0 67053
67051 59760 1:0 67056
67057 223 1:0 67059
67057 36958 1:0 67059
67057 221 1:0 67059
67057 59780 1:0 67059
67057 139 1:0 67059
67060 36931 1:0 67063
67060 36963 1:0 67084
67060 36949 1:0 67084
67062 59872 1:0 67062
67080 749 1:0 67081
67082 59862 1:0 67084
67083 59853 1:0 67083
67083 59860 1:0 67083
67085 159 1:0 67138
67111 32007 21:0 67111
67111 32006 21:0 67111
67111 32008 21:0 67111
67111 32005 21:0 67111
67111 31993 21:0 67111
67111 31995 21:0 67111
67111 31996 21:0 67111
67111 31994 21:0 67111
67111 31991 21:0 67111
67111 31992 21:0 67111
67111 31997 21:0 67111
67111 31998 21:0 67111
67111 32003 21:0 67111
67111 32002 21:0 67111
67111 32000 21:0 67111
67111 32004 21:0 67111
67111 31999 21:0 67111
67111 32001 21:0 67111
67111 749 21:0 67121
67132 36960 1:0 67135
67137 32154 1:0 67137
67137 32152 1:0 67137
67137 32155 1:0 67137
67137 32153 1:0 67137
67137 59852 1:0 67137
67137 219 1:0 67137
67137 32140 1:0 67137
67137 32143 1:0 67137
67137 32142 1:0 67137
67137 32141 1:0 67137
67137 32144 1:0 67137
67137 32138 1:0 67137
67137 32145 1:0 67137
67137 32139 1:0 67137
67137 32150 1:0 67137
67137 32146 1:0 67137
67137 32147 1:0 67137
67137 32151 1:0 67137
67137 32149 1:0 67137
67137 32148 1:0 67137
67139 59712 1:0 67257
67258 59708 1:0 67260
67258 59744 1:0 67260
67261 36981 1:0 67263
67261 59595 1:0 67268
67269 59527 1:0 67271
67269 59742 1:0 67271
67272 36985 1:0 67274
67272 59564 1:0 67277
67278 59728 1:0 67280
67278 59679 1:0 67280
67278 37015 1:0 67280
67278 203 1:0 67280
67278 205 1:0 67280
67281 36988 1:0 67284
67281 37006 1:0 67305
67281 37020 1:0 67305
67283 59839 1:0 67283
67301 749 1:0 67302
67303 59829 1:0 67305
67304 59820 1:0 67304
67306 123 1:0 67359
67332 32154 21:0 67332
67332 32152 21:0 67332
67332 32155 21:0 67332
67332 32153 21:0 67332
67332 32140 21:0 67332
67332 32143 21:0 67332
67332 32142 21:0 67332
67332 32141 21:0 67332
67332 32144 21:0 67332
67332 32138 21:0 67332
67332 32145 21:0 67332
67332 32139 21:0 67332
67332 32150 21:0 67332
67332 32146 21:0 67332
67332 32147 21:0 67332
67332 32151 21:0 67332
67332 32149 21:0 67332
67332 32148 21:0 67332
67332 749 21:0 67342
67353 37017 1:0 67356
67358 32302 1:0 67358
67358 32300 1:0 67358
67358 32299 1:0 67358
67358 32301 1:0 67358
67358 59813 1:0 67358
67358 201 1:0 67358
67358 59819 1:0 67358
67358 32289 1:0 67358
67358 32287 1:0 67358
67358 32288 1:0 67358
67358 32290 1:0 67358
67358 32286 1:0 67358
67358 32292 1:0 67358
67358 32285 1:0 67358
67358 32291 1:0 67358
67358 32298 1:0 67358
67358 32296 1:0 67358
67358 32295 1:0 67358
67358 32297 1:0 67358
67358 32293 1:0 67358
67358 32294 1:0 67358
67360 59711 1:0 67478
67479 59609 1:0 67481
67479 119 1:0 67481
67482 37038 1:0 67484
67482 59754 1:0 67489
67488 59807 1:0 67488
67490 137 1:0 67492
67490 59576 1:0 67492
67493 37042 1:0 67495
67493 111 1:0 67498
67499 63 1:0 67501
67499 59676 1:0 67501
67499 185 1:0 67501
67499 187 1:0 67501
67499 37072 1:0 67501
67502 37045 1:0 67505
67502 37077 1:0 67526
67502 37063 1:0 67526
67504 59800 1:0 67504
67522 749 1:0 67523
67524 59796 1:0 67526
67525 59787 1:0 67525
67525 59791 1:0 67525
67527 59678 1:0 67580
67553 32302 21:0 67553
67553 32300 21:0 67553
67553 32299 21:0 67553
67553 32301 21:0 67553
67553 32289 21:0 67553
67553 32287 21:0 67553
67553 32288 21:0 67553
67553 32290 21:0 67553
67553 32286 21:0 67553
67553 32292 21:0 67553
67553 32285 21:0 67553
67553 32291 21:0 67553
67553 32298 21:0 67553
67553 32296 21:0 67553
67553 32295 21:0 67553
67553 32297 21:0 67553
67553 32293 21:0 67553
67553 32294 21:0 67553
67553 749 21:0 67563
67574 37074 1:0 67577
67579 32446 1:0 67579
67579 32449 1:0 67579
67579 32448 1:0 67579
67579 32447 1:0 67579
67579 59786 1:0 67579
67579 183 1:0 67579
67579 32437 1:0 67579
67579 32436 1:0 67579
67579 32434 1:0 67579
67579 32435 1:0 67579
67579 32439 1:0 67579
67579 32438 1:0 67579
67579 32433 1:0 67579
67579 32432 1:0 67579
67579 32445 1:0 67579
67579 32440 1:0 67579
67579 32441 1:0 67579
67579 32442 1:0 67579
67579 32444 1:0 67579
67579 32443 1:0 67579
67581 59710 1:0 67699
67700 59694 1:0 67702
67700 59677 1:0 67702
67703 37095 1:0 67705
67703 59575 1:0 67710
67711 121 1:0 67713
67711 147 1:0 67713
67714 37099 1:0 67716
67714 59641 1:0 67719
67720 167 1:0 67722
67720 57 1:0 67722
67720 169 1:0 67722
67720 37129 1:0 67722
67720 59611 1:0 67722
67723 37102 1:0 67726
67723 37134 1:0 67747
67723 37120 1:0 67747
67743 749 1:0 67744
67745 59763 1:0 67747
67746 59758 1:0 67746
67746 59762 1:0 67746
67748 105 1:0 67801
67774 32446 21:0 67774
67774 32449 21:0 67774
67774 32448 21:0 67774
67774 32447 21:0 67774
67774 32437 21:0 67774
67774 32436 21:0 67774
67774 32434 21:0 67774
67774 32435 21:0 67774
67774 32439 21:0 67774
67774 32438 21:0 67774
67774 32433 21:0 67774
67774 32432 21:0 67774
67774 32445 21:0 67774
67774 32440 21:0 67774
67774 32441 21:0 67774
67774 32442 21:0 67774
67774 32444 21:0 67774
67774 32443 21:0 67774
67774 749 21:0 67784
67795 37131 1:0 67798
67800 32593 1:0 67800
67800 32595 1:0 67800
67800 32596 1:0 67800
67800 32594 1:0 67800
67800 59747 1:0 67800
67800 32583 1:0 67800
67800 32584 1:0 67800
67800 32582 1:0 67800
67800 32581 1:0 67800
67800 32585 1:0 67800
67800 32586 1:0 67800
67800 32579 1:0 67800
67800 32580 1:0 67800
67800 32592 1:0 67800
67800 32591 1:0 67800
67800 32590 1:0 67800
67800 32588 1:0 67800
67800 32587 1:0 67800
67800 32589 1:0 67800
67802 59645 1:0 67920
67921 101 1:0 67923
67921 59675 1:0 67923
67924 37152 1:0 67926
67924 59662 1:0 67931
67932 93 1:0 67934
67932 59646 1:0 67934
67935 37156 1:0 67937
67935 59629 1:0 67940
67941 59622 1:0 67943
67941 59643 1:0 67943
67941 151 1:0 67943
67941 149 1:0 67943
67941 37186 1:0 67943
67944 37159 1:0 67947
67944 37177 1:0 67968
67944 37191 1:0 67968
67964 749 1:0 67965
67966 59730 1:0 67968
67967 59725 1:0 67967
67967 59721 1:0 67967
67967 153 1:0 67967
67967 59727 1:0 67967
67969 103 1:0 68022
67995 32593 21:0 67995
67995 32595 21:0 67995
67995 32596 21:0 67995
67995 32594 21:0 67995
67995 32583 21:0 67995
67995 32584 21:0 67995
67995 32582 21:0 67995
67995 32581 21:0 67995
67995 32585 21:0 67995
67995 32586 21:0 67995
67995 32579 21:0 67995
67995 32580 21:0 67995
67995 32592 21:0 67995
67995 32591 21:0 67995
67995 32590 21:0 67995
67995 32588 21:0 67995
67995 32587 21:0 67995
67995 32589 21:0 67995
67995 749 21:0 68005
68016 37188 1:0 68019
68021 32743 1:0 68021
68021 32742 1:0 68021
68021 32740 1:0 68021
68021 32741 1:0 68021
68021 32728 1:0 68021
68021 32729 1:0 68021
68021 32731 1:0 68021
68021 32730 1:0 68021
68021 32726 1:0 68021
68021 32727 1:0 68021
68021 32733 1:0 68021
68021 32732 1:0 68021
68021 32735 1:0 68021
68021 32739 1:0 68021
68021 32737 1:0 68021
68021 32736 1:0 68021
68021 32738 1:0 68021
68021 32734 1:0 68021
68023 59644 1:0 68141
68142 85 1:0 68144
68142 59608 1:0 68144
68145 37209 1:0 68147
68145 59516 1:0 68152
68153 59579 1:0 68155
68153 59490 1:0 68155
68156 37213 1:0 68158
68156 59654 1:0 68161
68162 37243 1:0 68164
68162 59674 1:0 68164
68162 133 1:0 68164
68162 59612 1:0 68164
68162 131 1:0 68164
68165 37216 1:0 68168
68165 37234 1:0 68189
68165 37248 1:0 68189
68167 59707 1:0 68167
68167 59701 1:0 68167
68185 749 1:0 68186
68187 59697 1:0 68189
68188 59695 1:0 68188
68190 69 1:0 68243
68216 32743 21:0 68216
68216 32742 21:0 68216
68216 32740 21:0 68216
68216 32741 21:0 68216
68216 32728 21:0 68216
68216 32729 21:0 68216
68216 32731 21:0 68216
68216 32730 21:0 68216
68216 32726 21:0 68216
68216 32727 21:0 68216
68216 32733 21:0 68216
68216 32732 21:0 68216
68216 32735 21:0 68216
68216 32739 21:0 68216
68216 32737 21:0 68216
68216 32736 21:0 68216
68216 32738 21:0 68216
68216 32734 21:0 68216
68216 749 21:0 68226
68237 37245 1:0 68240
68242 32887 1:0 68242
68242 32889 1:0 68242
68242 32888 1:0 68242
68242 32890 1:0 68242
68242 32878 1:0 68242
68242 32877 1:0 68242
68242 32876 1:0 68242
68242 32875 1:0 68242
68242 32874 1:0 68242
68242 32873 1:0 68242
68242 32880 1:0 68242
68242 32879 1:0 68242
68242 32884 1:0 68242
68242 32883 1:0 68242
68242 32882 1:0 68242
68242 32881 1:0 68242
68242 32885 1:0 68242
68242 32886 1:0 68242
68244 87 1:0 68362
68363 59530 1:0 68365
68363 59613 1:0 68365
68366 37266 1:0 68368
68366 59477 1:0 68373
68374 59578 1:0 68376
68374 59489 1:0 68376
68377 37270 1:0 68379
68377 59543 1:0 68382
68383 115 1:0 68385
68383 59580 1:0 68385
68383 59582 1:0 68385
68383 113 1:0 68385
68383 37300 1:0 68385
68386 37273 1:0 68389
68386 37291 1:0 68410
68386 37305 1:0 68410
68406 749 1:0 68407
68408 59664 1:0 68410
68409 59663 1:0 68409
68411 59610 1:0 68464
68437 32887 21:0 68437
68437 32889 21:0 68437
68437 32888 21:0 68437
68437 32890 21:0 68437
68437 32878 21:0 68437
68437 32877 21:0 68437
68437 32876 21:0 68437
68437 32875 21:0 68437
68437 32874 21:0 68437
68437 32873 21:0 68437
68437 32880 21:0 68437
68437 32879 21:0 68437
68437 32884 21:0 68437
68437 32883 21:0 68437
68437 32882 21:0 68437
68437 32881 21:0 68437
68437 32885 21:0 68437
68437 32886 21:0 68437
68437 749 21:0 68447
68458 37302 1:0 68461
68463 33034 1:0 68463
68463 33037 1:0 68463
68463 33035 1:0 68463
68463 33036 1:0 68463
68463 33023 1:0 68463
68463 33022 1:0 68463
68463 33024 1:0 68463
68463 33025 1:0 68463
68463 33026 1:0 68463
68463 33027 1:0 68463
68463 33021 1:0 68463
68463 33020 1:0 68463
68463 33029 1:0 68463
68463 33032 1:0 68463
68463 33028 1:0 68463
68463 33031 1:0 68463
68463 33033 1:0 68463
68463 33030 1:0 68463
68465 67 1:0 68583
68584 45 1:0 68586
68584 83 1:0 68586
68587 37323 1:0 68589
68587 59602 1:0 68594
68595 49 1:0 68597
68595 59597 1:0 68597
68598 37327 1:0 68600
68598 59531 1:0 68603
68604 65 1:0 68606
68604 59555 1:0 68606
68604 37357 1:0 68606
68604 97 1:0 68606
68604 95 1:0 68606
68607 37330 1:0 68610
68607 37362 1:0 68631
68607 37348 1:0 68631
68627 749 1:0 68628
68629 59631 1:0 68631
68632 59547 1:0 68685
68658 33034 21:0 68658
68658 33037 21:0 68658
68658 33035 21:0 68658
68658 33036 21:0 68658
68658 33023 21:0 68658
68658 33022 21:0 68658
68658 33024 21:0 68658
68658 33025 21:0 68658
68658 33026 21:0 68658
68658 33027 21:0 68658
68658 33021 21:0 68658
68658 33020 21:0 68658
68658 33029 21:0 68658
68658 33032 21:0 68658
68658 33028 21:0 68658
68658 33031 21:0 68658
68658 33033 21:0 68658
68658 33030 21:0 68658
68658 749 21:0 68668
68679 37359 1:0 68682
68684 33183 1:0 68684
68684 33182 1:0 68684
68684 33181 1:0 68684
68684 33184 1:0 68684
68684 33172 1:0 68684
68684 33170 1:0 68684
68684 33169 1:0 68684
68684 33171 1:0 68684
68684 59621 1:0 68684
68684 33173 1:0 68684
68684 33168 1:0 68684
68684 33167 1:0 68684
68684 33174 1:0 68684
68684 33178 1:0 68684
68684 33175 1:0 68684
68684 33176 1:0 68684
68684 33180 1:0 68684
68684 33179 1:0 68684
68684 33177 1:0 68684
68686 59577 1:0 68804
68805 59544 1:0 68807
68805 59549 1:0 68807
68808 37380 1:0 68810
68808 59569 1:0 68815
68816 75 1:0 68818
68816 59545 1:0 68818
68819 37384 1:0 68821
68819 39 1:0 68824
68825 37414 1:0 68827
68825 79 1:0 68827
68825 9 1:0 68827
68825 77 1:0 68827
68825 59546 1:0 68827
68828 37387 1:0 68831
68828 37419 1:0 68852
68828 37405 1:0 68852
68848 749 1:0 68849
68850 59598 1:0 68852
68851 59596 1:0 68851
68851 81 1:0 68851
68851 59589 1:0 68851
68853 51 1:0 68906
68879 33183 21:0 68879
68879 33182 21:0 68879
68879 33181 21:0 68879
68879 33184 21:0 68879
68879 33172 21:0 68879
68879 33170 21:0 68879
68879 33169 21:0 68879
68879 33171 21:0 68879
68879 33173 21:0 68879
68879 33168 21:0 68879
68879 33167 21:0 68879
68879 33174 21:0 68879
68879 33178 21:0 68879
68879 33175 21:0 68879
68879 33176 21:0 68879
68879 33180 21:0 68879
68879 33179 21:0 68879
68879 33177 21:0 68879
68879 749 21:0 68889
68900 37416 1:0 68903
68905 33331 1:0 68905
68905 33329 1:0 68905
68905 33330 1:0 68905
68905 33328 1:0 68905
68905 33318 1:0 68905
68905 33317 1:0 68905
68905 33319 1:0 68905
68905 33316 1:0 68905
68905 59588 1:0 68905
68905 33314 1:0 68905
68905 33320 1:0 68905
68905 33315 1:0 68905
68905 33321 1:0 68905
68905 33323 1:0 68905
68905 33322 1:0 68905
68905 33327 1:0 68905
68905 33326 1:0 68905
68905 33324 1:0 68905
68905 33325 1:0 68905
68907 47 1:0 69025
69026 59514 1:0 69028
69026 59494 1:0 69028
69029 37437 1:0 69031
69029 59529 1:0 69036
69037 31 1:0 69039
69037 59503 1:0 69039
69040 37441 1:0 69042
69040 59483 1:0 69045
69046 59513 1:0 69048
69046 37471 1:0 69048
69046 59536 1:0 69048
69046 59 1:0 69048
69046 61 1:0 69048
69049 37444 1:0 69052
69049 37476 1:0 69073
69049 37462 1:0 69073
69069 749 1:0 69070
69071 59565 1:0 69073
69072 59560 1:0 69072
69072 59556 1:0 69072
69072 59562 1:0 69072
69074 59512 1:0 69127
69100 33331 21:0 69100
69100 33329 21:0 69100
69100 33330 21:0 69100
69100 33328 21:0 69100
69100 33318 21:0 69100
69100 33317 21:0 69100
69100 33319 21:0 69100
69100 33316 21:0 69100
69100 33314 21:0 69100
69100 33320 21:0 69100
69100 33315 21:0 69100
69100 33321 21:0 69100
69100 33323 21:0 69100
69100 33322 21:0 69100
69100 33327 21:0 69100
69100 33326 21:0 69100
69100 33324 21:0 69100
69100 33325 21:0 69100
69100 749 21:0 69110
69121 37473 1:0 69124
69126 33476 1:0 69126
69126 33477 1:0 69126
69126 33475 1:0 69126
69126 33478 1:0 69126
69126 33466 1:0 69126
69126 33464 1:0 69126
69126 33465 1:0 69126
69126 33463 1:0 69126
69126 33468 1:0 69126
69126 33462 1:0 69126
69126 33467 1:0 69126
69126 33461 1:0 69126
69126 33471 1:0 69126
69126 33472 1:0 69126
69126 33469 1:0 69126
69126 33470 1:0 69126
69126 33474 1:0 69126
69126 33473 1:0 69126
69128 33 1:0 69246
69247 59481 1:0 69249
69247 59542 1:0 69249
69250 37494 1:0 69252
69250 27 1:0 69257
69258 59511 1:0 69260
69258 59470 1:0 69260
69261 37498 1:0 69263
69261 59465 1:0 69266
69267 43 1:0 69269
69267 29 1:0 69269
69267 37528 1:0 69269
69267 41 1:0 69269
69267 59476 1:0 69269
69270 37501 1:0 69273
69270 37533 1:0 69294
69270 37519 1:0 69294
69290 749 1:0 69291
69292 59532 1:0 69294
69295 13 1:0 69348
69321 33476 21:0 69321
69321 33477 21:0 69321
69321 33475 21:0 69321
69321 33478 21:0 69321
69321 33466 21:0 69321
69321 33464 21:0 69321
69321 33465 21:0 69321
69321 33463 21:0 69321
69321 33468 21:0 69321
69321 33462 21:0 69321
69321 33467 21:0 69321
69321 33461 21:0 69321
69321 33471 21:0 69321
69321 33472 21:0 69321
69321 33469 21:0 69321
69321 33470 21:0 69321
69321 33474 21:0 69321
69321 33473 21:0 69321
69321 749 21:0 69331
69342 37530 1:0 69345
69347 33622 1:0 69347
69347 33623 1:0 69347
69347 33624 1:0 69347
69347 33625 1:0 69347
69347 33612 1:0 69347
69347 33613 1:0 69347
69347 33610 1:0 69347
69347 33611 1:0 69347
69347 33614 1:0 69347
69347 33609 1:0 69347
69347 33615 1:0 69347
69347 33608 1:0 69347
69347 33616 1:0 69347
69347 33619 1:0 69347
69347 33621 1:0 69347
69347 33618 1:0 69347
69347 33620 1:0 69347
69347 33617 1:0 69347
69349 59479 1:0 69467
69468 59461 1:0 69470
69468 59480 1:0 69470
69471 37551 1:0 69473
69471 59457 1:0 69478
69477 59510 1:0 69477
69479 59463 1:0 69481
69479 15 1:0 69481
69482 37555 1:0 69484
69482 59464 1:0 69487
69488 59478 1:0 69490
69488 37585 1:0 69490
69488 3 1:0 69490
69488 23 1:0 69490
69488 25 1:0 69490
69491 37558 1:0 69494
69491 37576 1:0 69515
69491 37590 1:0 69515
69511 749 1:0 69512
69513 59499 1:0 69515
69514 59496 1:0 69514
69516 11 1:0 69569
69542 33622 21:0 69542
69542 33623 21:0 69542
69542 33624 21:0 69542
69542 33625 21:0 69542
69542 33612 21:0 69542
69542 33613 21:0 69542
69542 33610 21:0 69542
69542 33611 21:0 69542
69542 33614 21:0 69542
69542 33609 21:0 69542
69542 33615 21:0 69542
69542 33608 21:0 69542
69542 33616 21:0 69542
69542 33619 21:0 69542
69542 33621 21:0 69542
69542 33618 21:0 69542
69542 33620 21:0 69542
69542 33617 21:0 69542
69542 749 21:0 69552
69563 37587 1:0 69566
69568 33759 1:0 69568
69568 33757 1:0 69568
69568 33760 1:0 69568
69568 33758 1:0 69568
69568 21 1:0 69568
69568 33761 1:0 69568
69568 33762 1:0 69568
69568 33755 1:0 69568
69568 33756 1:0 69568
69568 33765 1:0 69568
69568 33763 1:0 69568
69568 33766 1:0 69568
69568 33764 1:0 69568
69570 37612 1:0 69688
69650 5 1:0 69654
69655 7 1:0 69658
69657 33768 1:0 69657
69657 33767 1:0 69657
69659 37642 1:0 69663
69662 33770 1:0 69662
69662 33771 1:0 69662
69662 33769 1:0 69662
69662 33772 1:0 69662
69664 37644 1:0 69688
69689 37608 1:0 69691
69689 59456 1:0 69691
69689 725 1:0 69691
69689 35369 1:0 69691
69692 37615 1:0 69699
69692 60778 1:0 69699
69692 53516 1:0 69699
69692 49885 1:0 69699
69692 37647 1:0 69699
69700 46254 1:0 69702
69700 57147 1:0 69702
69700 33915 1:0 69702
69700 37633 1:0 69702
69703 33912 1:0 69708
69703 38992 1:0 69708
69703 35361 1:0 69708
69703 33909 1:0 69708
69703 42623 1:0 69708
69709 33913 1:0 69711
69709 34005 1:0 69711
69709 34004 1:0 69711
69709 33902 1:0 69711
69712 33908 1:0 69736
69712 33903 1:0 69736
69712 33914 1:0 69736
69732 749 1:0 69733
69734 59466 1:0 69736
69737 33910 1:0 69783
69782 33907 1:0 69782
69782 33906 1:0 69782
69782 33905 1:0 69782
69782 33904 1:0 69782
69784 33911 1:0 69860
69859 33917 1:0 69859
69859 33916 1:0 69859
69859 33918 1:0 69859
69859 33919 1:0 69859
69862 730 1:0 43
69866 33770 21:0 69866
69866 33771 21:0 69866
69866 33769 21:0 69866
69866 33772 21:0 69866
69866 33907 21:0 69866
69866 33759 21:0 69866
69866 33906 21:0 69866
69866 33757 21:0 69866
69866 33905 21:0 69866
69866 33904 21:0 69866
69866 33760 21:0 69866
69866 33758 21:0 69866
69866 33761 21:0 69866
69866 33762 21:0 69866
69866 33755 21:0 69866
69866 33756 21:0 69866
69866 33765 21:0 69866
69866 33763 21:0 69866
69866 33766 21:0 69866
69866 33764 21:0 69866
69866 33768 21:0 69866
69866 33767 21:0 69866
69866 33911 21:0 91
69869 11 21:0 69869
69879 13 21:0 69879
69889 15 21:0 69889
69899 17 21:0 69899
69909 19 21:0 69909
