50 8779 21:0 59
58 8783 21:0 87
86 8781 21:0 87
86 8782 21:0 87
86 8780 21:0 92
91 8778 21:0 95
94 8912 21:0 103
102 8907 21:0 103
102 8914 21:0 103
102 8775 21:0 105
104 8906 21:0 105
104 19 21:0 105
104 17 21:0 105
104 8926 21:0 105
104 8784 21:0 105
104 8774 21:0 105
104 8786 21:0 105
104 8787 21:0 105
104 8785 21:0 105
105 8929 21:0 113
112 8930 21:0 163
115 8921 21:0 115
124 8940 21:0 124
162 8931 21:0 179
163 8947 21:0 163
163 8948 21:0 163
168 8949 21:0 168
178 8932 21:0 189
184 8961 21:0 184
188 8962 21:0 211
200 8973 21:0 200
210 8964 21:0 255
211 8974 21:0 211
239 8981 21:0 239
246 8967 21:0 246
252 8993 21:0 252
254 8963 21:0 260
259 8965 21:0 265
260 8994 21:0 260
264 8995 21:0 331
267 8987 21:0 267
315 9011 21:0 315
322 9000 21:0 322
330 8996 21:0 336
335 8997 21:0 341
336 9027 21:0 336
340 8998 21:0 391
363 9040 21:0 363
390 9028 21:0 412
391 9046 21:0 391
398 9033 21:0 398
411 9030 21:0 417
416 9029 21:0 467
428 9072 21:0 428
439 9073 21:0 439
466 9031 21:0 483
467 9077 21:0 467
467 9079 21:0 467
480 9092 21:0 480
482 9061 21:0 488
487 9063 21:0 507
495 9086 21:0 495
506 9064 21:0 559
515 9106 21:0 515
543 9110 21:0 543
543 9113 21:0 543
548 9114 21:0 548
550 9099 21:0 550
556 9125 21:0 556
558 9062 21:0 564
563 9094 21:0 569
564 9126 21:0 564
568 9096 21:0 631
571 9119 21:0 571
580 9138 21:0 580
619 9143 21:0 619
619 9146 21:0 619
619 9145 21:0 619
624 9147 21:0 624
626 9132 21:0 626
630 9095 21:0 640
632 9158 21:0 632
639 9097 21:0 645
644 9127 21:0 695
656 9171 21:0 656
694 9128 21:0 711
695 9176 21:0 695
695 9178 21:0 695
702 9165 21:0 702
710 9129 21:0 721
716 9192 21:0 716
720 9130 21:0 771
723 9185 21:0 723
732 9204 21:0 732
743 9205 21:0 743
770 9160 21:0 787
771 9211 21:0 771
771 9212 21:0 771
772 177 1:0 788
776 9213 21:0 776
786 9162 21:0 792
791 9161 21:0 811
791 175 1:0 793
796 183 1:0 807
799 9218 21:0 799
806 197 1:0 806
808 9237 21:0 808
810 9163 21:0 863
810 185 1:0 811
814 187 1:0 815
846 189 1:0 848
847 9242 21:0 847
847 9245 21:0 847
847 9244 21:0 847
851 191 1:0 859
852 9246 21:0 852
854 9231 21:0 854
858 199 1:0 858
860 9257 21:0 860
862 9193 21:0 868
862 195 1:0 864
867 9195 21:0 873
867 193 1:0 869
868 9258 21:0 868
872 9194 21:0 928
872 201 1:0 883
875 9251 21:0 875
882 215 1:0 882
884 9270 21:0 884
886 203 1:0 887
890 205 1:0 891
895 9271 21:0 895
922 207 1:0 924
923 9278 21:0 923
923 9275 21:0 923
923 9277 21:0 923
927 9196 21:0 944
927 209 1:0 935
928 9279 21:0 928
930 9264 21:0 930
934 217 1:0 934
938 213 1:0 940
943 9226 21:0 949
943 211 1:0 945
944 9291 21:0 944
948 9227 21:0 999
948 219 1:0 959
951 9284 21:0 951
958 233 1:0 958
962 221 1:0 963
966 223 1:0 967
971 9304 21:0 971
998 9228 21:0 1015
998 225 1:0 1000
999 9308 21:0 999
999 9310 21:0 999
1003 227 1:0 1011
1006 9297 21:0 1006
1010 235 1:0 1010
1012 9323 21:0 1012
1014 9229 21:0 1025
1014 231 1:0 1016
1019 229 1:0 1021
1024 9259 21:0 1075
1024 237 1:0 1035
1034 251 1:0 1034
1036 9336 21:0 1036
1038 239 1:0 1039
1042 241 1:0 1043
1047 9337 21:0 1047
1074 9261 21:0 1091
1074 243 1:0 1076
1075 9343 21:0 1075
1075 9344 21:0 1075
1079 245 1:0 1087
1080 9345 21:0 1080
1082 9330 21:0 1082
1086 253 1:0 1086
1088 9356 21:0 1088
1090 9260 21:0 1096
1090 249 1:0 1092
1095 9262 21:0 1115
1095 247 1:0 1097
1096 9357 21:0 1096
1100 255 1:0 1111
1103 9350 21:0 1103
1110 269 1:0 1110
1112 9369 21:0 1112
1114 9292 21:0 1167
1114 257 1:0 1115
1118 259 1:0 1119
1123 9370 21:0 1123
1150 261 1:0 1152
1151 9374 21:0 1151
1151 9376 21:0 1151
1155 263 1:0 1163
1156 9378 21:0 1156
1158 9363 21:0 1158
1162 271 1:0 1162
1164 9389 21:0 1164
1166 9293 21:0 1172
1166 267 1:0 1168
1171 9294 21:0 1177
1171 265 1:0 1173
1176 9295 21:0 1232
1176 273 1:0 1187
1177 9394 21:0 1177
1186 287 1:0 1186
1190 275 1:0 1191
1194 277 1:0 1195
1226 279 1:0 1228
1231 9325 21:0 1248
1231 281 1:0 1239
1238 289 1:0 1238
1242 285 1:0 1244
1245 9424 21:0 1245
1247 9326 21:0 1253
1247 283 1:0 1249
1250 9425 21:0 1250
1250 9426 21:0 1250
1252 9327 21:0 1303
1252 291 1:0 1263
1253 9427 21:0 1253
1262 305 1:0 1262
1266 293 1:0 1267
1270 295 1:0 1271
1302 9328 21:0 1319
1302 297 1:0 1304
1307 299 1:0 1315
1314 307 1:0 1314
1318 334 21:0 1324
1318 303 1:0 1320
1321 9457 21:0 1321
1323 8908 21:0 1324
1323 8927 21:0 1324
1323 8915 21:0 1329
1323 301 1:0 1325
1326 9458 21:0 1326
1326 9459 21:0 1326
1328 8916 21:0 1329
1328 9358 21:0 1379
1328 309 1:0 1339
1329 9460 21:0 1329
1338 323 1:0 1338
1342 311 1:0 1343
1346 313 1:0 1347
1378 9359 21:0 1395
1378 315 1:0 1380
1383 317 1:0 1391
1390 325 1:0 1390
1394 9360 21:0 1402
1394 321 1:0 1396
1397 9490 21:0 1397
1399 319 1:0 1401
1401 9093 21:0 1405
1404 8982 21:0 1405
1404 9059 21:0 1405
1404 8777 21:0 1405
1404 8776 21:0 1420
1413 327 1:0 1413
1419 9049 21:0 1420
1419 8983 21:0 1420
1419 9016 21:0 1420
1419 9214 21:0 1425
1419 8770 21:0 1420
1419 8771 21:0 1420
1419 8772 21:0 1420
1419 8773 21:0 1420
1419 8873 21:0 1420
1424 9355 21:0 1425
1424 8959 21:0 1425
1424 9137 21:0 1425
1424 9368 21:0 1425
1424 9157 21:0 1425
1424 9170 21:0 1425
1424 9322 21:0 1425
1424 9223 21:0 1425
1424 9091 21:0 1425
1424 9025 21:0 1425
1424 9236 21:0 1425
1424 55 21:0 1425
1424 251 21:0 1425
1424 269 21:0 1425
1424 199 21:0 1425
1424 9115 21:0 1425
1425 9503 21:0 1435
1434 9361 21:0 1459
1458 9391 21:0 1466
1465 8960 21:0 1466
1465 9020 21:0 1469
1468 9080 21:0 1469
1468 9105 21:0 1469
1468 9015 21:0 1474
1471 9490 1:0 1471
1473 8945 21:0 1474
1473 9039 21:0 1474
1473 8928 21:0 1477
1476 9112 21:0 1477
1476 9014 21:0 1477
1476 9006 21:0 1500
1499 8978 21:0 1534
1533 9026 21:0 1551
1550 9048 21:0 1554
1553 9044 21:0 1578
1577 9460 1:0 1577
1577 9053 21:0 1578
1577 9060 21:0 1578
1577 9534 21:0 1581
1580 319 21:0 1581
1580 8872 21:0 1581
1580 9531 21:0 1581
1580 9527 21:0 1581
1580 9566 21:0 1581
1580 317 21:0 1581
1580 321 21:0 1581
1580 9552 21:0 1584
1583 9458 1:0 1583
1583 8901 21:0 1584
1583 9539 21:0 1584
1583 9505 21:0 1584
1583 9515 21:0 1584
1583 327 21:0 1584
1583 8939 21:0 1584
1583 9302 21:0 1584
1583 9124 21:0 1584
1583 9058 21:0 1584
1583 9289 21:0 1584
1583 9190 21:0 1584
1583 9203 21:0 1584
1583 8972 21:0 1584
1583 9071 21:0 1584
1583 9335 21:0 1584
1583 9388 21:0 1584
1583 9570 21:0 1584
1583 9038 21:0 1584
1584 9459 1:0 1584
1584 9584 21:0 1588
1587 9392 21:0 1591
1590 9104 21:0 1591
1590 9379 21:0 1591
1590 155 21:0 1591
1590 9269 21:0 1591
1590 9256 21:0 1591
1590 8992 21:0 1591
1590 9563 21:0 1591
1590 315 21:0 1591
1590 301 21:0 1591
1590 329 21:0 1591
1590 9247 21:0 1591
1590 309 21:0 1591
1590 9005 21:0 1592
1591 325 21:0 1592
1591 9401 21:0 1592
1591 9421 21:0 1592
1591 323 21:0 1593
1592 127 21:0 1593
1592 145 21:0 1593
1592 35 21:0 1593
1592 181 21:0 1593
1592 53 21:0 1593
1592 107 21:0 1593
1592 9434 21:0 1593
1592 89 21:0 1594
1593 9457 1:0 1593
1593 91 21:0 1594
1593 179 21:0 1594
1593 163 21:0 1594
1594 9588 21:0 1596
1595 9393 21:0 1599
1598 313 21:0 1599
1598 95 21:0 1599
1598 8950 21:0 1599
1598 151 21:0 1599
1598 303 21:0 1599
1598 9561 21:0 1599
1598 97 21:0 1599
1598 9511 21:0 1599
1598 69 21:0 1599
1598 133 21:0 1599
1598 311 21:0 1599
1598 187 21:0 1603
1602 9181 21:0 1603
1602 9454 21:0 1603
1602 73 21:0 1603
1602 287 21:0 1603
1602 143 21:0 1603
1602 197 21:0 1603
1602 109 21:0 1603
1602 253 21:0 1603
1602 289 21:0 1603
1602 71 21:0 1603
1602 37 21:0 1603
1602 161 21:0 1603
1602 217 21:0 1603
1602 125 21:0 1603
1602 271 21:0 1603
1602 235 21:0 1603
1602 233 21:0 1603
1602 215 21:0 1603
1602 305 21:0 1603
1603 9591 21:0 1622
1606 9454 1:0 1606
1621 299 21:0 1625
1624 9081 21:0 1659
1658 9290 21:0 1673
1672 9312 21:0 1682
1679 305 1:0 1679
1681 9047 21:0 1700
1683 9434 1:0 1683
1699 9427 1:0 1699
1699 8954 21:0 1700
1699 9179 21:0 1703
1702 9303 21:0 1703
1702 9225 21:0 1703
1702 9311 21:0 1703
1702 9620 21:0 1706
1705 9425 1:0 1705
1705 9596 21:0 1706
1705 307 21:0 1706
1705 305 21:0 1706
1705 9627 21:0 1706
1705 9618 21:0 1706
1706 9426 1:0 1706
1706 9641 21:0 1710
1709 8941 21:0 1710
1709 283 21:0 1710
1709 8934 21:0 1713
1712 59 21:0 1713
1712 9317 21:0 1713
1712 9224 21:0 1713
1712 119 21:0 1713
1712 295 21:0 1713
1712 293 21:0 1713
1712 9609 21:0 1713
1712 9623 21:0 1713
1712 9148 21:0 1713
1712 9280 21:0 1713
1712 9313 21:0 1713
1715 9424 1:0 1715
1716 9645 21:0 1718
1717 123 21:0 1718
1717 191 21:0 1718
1717 159 21:0 1718
1717 285 21:0 1718
1717 227 21:0 1721
1720 67 21:0 1721
1720 49 21:0 1721
1720 87 21:0 1721
1720 11 21:0 1721
1720 297 21:0 1721
1720 291 21:0 1721
1720 239 21:0 1721
1720 211 21:0 1721
1720 259 21:0 1723
1722 8917 21:0 1723
1722 9346 21:0 1725
1724 289 1:0 1724
1724 9082 21:0 1725
1725 9648 21:0 1744
1726 9421 1:0 1728
1726 287 1:0 1739
1726 9401 1:0 1739
1740 9393 1:0 1820
1742 271 1:0 1846
1742 9388 1:0 1850
1742 9368 1:0 1860
1742 259 1:0 1860
1742 269 1:0 1860
1742 9379 1:0 1860
1742 253 1:0 1968
1742 9355 1:0 1972
1742 9346 1:0 1980
1742 251 1:0 1983
1742 239 1:0 1983
1742 9335 1:0 1983
1742 235 1:0 2090
1742 9322 1:0 2094
1742 9313 1:0 2102
1742 9302 1:0 2105
1742 233 1:0 2105
1742 217 1:0 2212
1742 9289 1:0 2216
1742 215 1:0 2227
1742 9280 1:0 2227
1742 9269 1:0 2227
1742 199 1:0 2334
1742 9256 1:0 2338
1742 197 1:0 2349
1742 9236 1:0 2349
1742 181 1:0 2456
1742 9223 1:0 2460
1742 179 1:0 2470
1742 9203 1:0 2470
1742 163 1:0 2578
1742 9190 1:0 2582
1742 161 1:0 2593
1742 9170 1:0 2593
1742 145 1:0 2700
1742 9157 1:0 2704
1742 9137 1:0 2715
1742 143 1:0 2715
1742 127 1:0 2822
1742 9124 1:0 2826
1742 9104 1:0 2837
1742 125 1:0 2837
1742 109 1:0 2944
1742 9091 1:0 2948
1742 107 1:0 2959
1742 9071 1:0 2959
1742 91 1:0 3066
1742 9058 1:0 3070
1742 89 1:0 3081
1742 9038 1:0 3081
1742 73 1:0 3188
1743 281 21:0 1747
1746 289 21:0 1747
1746 9653 21:0 1747
1746 23 21:0 1747
1746 77 21:0 1747
1746 65 21:0 1747
1746 223 21:0 1747
1746 5 21:0 1747
1748 223 1:0 2105
1748 9247 1:0 2349
1748 9214 1:0 2470
1748 9025 1:0 3192
1748 71 1:0 3203
1748 55 1:0 3310
1748 53 1:0 3325
1750 9666 21:0 1778
1777 13 21:0 1789
1788 249 21:0 1795
1792 9392 1:0 1826
1794 15 21:0 1798
1797 9677 21:0 1798
1797 9675 21:0 1798
1797 279 21:0 1798
1797 105 21:0 1798
1797 277 21:0 1802
1802 9680 21:0 1818
1817 139 21:0 1822
1817 9391 1:0 1836
1821 9394 1:0 1821
1821 273 21:0 1822
1821 83 21:0 1822
1821 9684 21:0 1822
1821 51 21:0 1822
1821 175 21:0 1822
1821 287 21:0 1822
1821 275 21:0 1822
1821 41 21:0 1822
1821 9238 21:0 1825
1824 201 21:0 1825
1824 241 21:0 1825
1824 79 21:0 1825
1824 45 21:0 1825
1824 185 21:0 1825
1824 43 21:0 1825
1824 205 21:0 1825
1824 7 21:0 1825
1824 111 21:0 1825
1824 9377 21:0 1825
1824 9324 21:0 1825
1824 9 21:0 1825
1824 257 21:0 1828
1826 241 1:0 1980
1826 205 1:0 2227
1826 185 1:0 2345
1827 61 21:0 1828
1828 9698 21:0 1832
1829 257 1:0 1852
1829 9361 1:0 1860
1830 9377 1:0 1845
1830 9360 1:0 1942
1831 265 21:0 1832
1831 9007 21:0 1832
1831 247 21:0 1832
1831 9159 21:0 1835
1833 247 1:0 1845
1833 9359 1:0 1948
1834 169 21:0 1835
1834 113 21:0 1835
1834 245 21:0 1835
1834 195 21:0 1835
1834 9013 21:0 1835
1834 147 21:0 1835
1834 207 21:0 1835
1834 25 21:0 1835
1836 249 1:0 1952
1836 245 1:0 1960
1836 9324 1:0 1967
1836 227 1:0 2082
1838 9702 21:0 1840
1838 9358 1:0 1958
1838 9328 1:0 1983
1839 267 21:0 1840
1839 9209 21:0 1840
1839 9341 21:0 1843
1842 9139 21:0 1843
1842 93 21:0 1843
1842 75 21:0 1843
1842 193 21:0 1843
1842 115 21:0 1843
1842 9198 21:0 1843
1844 9341 1:0 1960
1844 9327 1:0 2064
1844 9326 1:0 2070
1846 9389 1:0 1846
1847 9705 21:0 1866
1848 9303 1:0 2074
1862 9317 1:0 2074
1863 9311 1:0 2082
1865 9378 1:0 1865
1865 263 21:0 1869
1868 9710 21:0 1869
1868 31 21:0 1869
1868 271 21:0 1869
1868 183 21:0 1869
1872 9723 21:0 1900
1873 9374 1:0 1873
1873 9376 1:0 1873
1874 9325 1:0 2080
1899 9370 1:0 1899
1899 261 21:0 1903
1902 225 21:0 1903
1904 225 1:0 2089
1906 9732 21:0 1908
1907 259 21:0 1908
1915 9734 21:0 1917
1916 257 21:0 1917
1916 9152 21:0 1920
1923 9369 1:0 1923
1924 9737 21:0 1940
1925 9295 1:0 2105
1927 9363 1:0 1927
1930 9005 1:0 3203
1931 8992 1:0 3314
1939 255 21:0 1944
1939 211 1:0 2105
1939 201 1:0 2211
1939 207 1:0 2211
1939 37 1:0 3432
1943 269 21:0 1944
1943 9191 21:0 1944
1943 9066 21:0 1944
1943 9741 21:0 1944
1943 8980 21:0 1947
1946 213 21:0 1947
1946 9172 21:0 1947
1946 9180 21:0 1947
1948 213 1:0 1967
1950 9755 21:0 1954
1951 9312 1:0 2105
1951 9172 1:0 2196
1951 9180 1:0 2196
1952 9294 1:0 2186
1952 9293 1:0 2192
1953 9357 1:0 1953
1953 247 21:0 1954
1953 29 21:0 1954
1955 8980 1:0 2204
1960 9759 21:0 1962
1960 9292 1:0 2202
1960 193 1:0 2211
1961 249 21:0 1962
1963 9262 1:0 2227
1966 9290 1:0 2211
1966 8972 1:0 3325
1968 9356 1:0 1968
1969 9762 21:0 1988
1972 9350 1:0 1972
1984 9260 1:0 2308
1985 195 1:0 2318
1985 9191 1:0 2318
1985 183 1:0 2333
1985 187 1:0 2349
1985 169 1:0 2470
1985 9181 1:0 2590
1985 8959 1:0 3436
1985 35 1:0 3447
1985 8939 1:0 3447
1985 19 1:0 3549
1985 17 1:0 3631
1987 9345 1:0 1987
1987 245 21:0 1991
1990 253 21:0 1991
1990 9767 21:0 1991
1994 9780 21:0 2022
1995 9343 1:0 1995
1995 9344 1:0 1995
1996 9066 1:0 2326
2021 9337 1:0 2021
2021 243 21:0 2025
2028 9789 21:0 2030
2029 241 21:0 2030
2037 9791 21:0 2039
2038 239 21:0 2039
2045 9336 1:0 2045
2046 9794 21:0 2062
2049 9330 1:0 2049
2061 237 21:0 2066
2065 251 21:0 2066
2065 9798 21:0 2066
2072 9812 21:0 2076
2073 9261 1:0 2315
2074 9259 1:0 2324
2074 191 1:0 2326
2074 9238 1:0 2333
2074 175 1:0 2333
2074 9225 1:0 2440
2075 229 21:0 2076
2082 9816 21:0 2084
2082 9229 1:0 2349
2082 9228 1:0 2430
2083 231 21:0 2084
2088 9227 1:0 2436
2090 9323 1:0 2090
2091 9819 21:0 2110
2092 9198 1:0 2440
2106 9209 1:0 2448
2107 9224 1:0 2455
2107 9152 1:0 2562
2109 227 21:0 2113
2112 235 21:0 2113
2112 9824 21:0 2113
2116 9837 21:0 2144
2117 9308 1:0 2117
2117 9310 1:0 2117
2118 147 1:0 2577
2118 151 1:0 2593
2118 9148 1:0 2712
2118 133 1:0 2715
2118 115 1:0 2833
2118 9115 1:0 2837
2118 113 1:0 2837
2118 8926 1:0 3558
2118 8906 1:0 3635
2143 9304 1:0 2143
2143 225 21:0 2147
2150 9846 21:0 2152
2151 223 21:0 2152
2159 9848 21:0 2161
2160 221 21:0 2161
2168 9851 21:0 2184
2171 9297 1:0 2171
2183 219 21:0 2188
2187 9855 21:0 2188
2187 233 21:0 2188
2194 9869 21:0 2198
2195 9226 1:0 2446
2196 9196 1:0 2470
2196 9194 1:0 2552
2197 9291 1:0 2197
2197 211 21:0 2198
2204 9873 21:0 2206
2204 9195 1:0 2559
2204 159 1:0 2562
2205 213 21:0 2206
2207 9193 1:0 2568
2210 155 1:0 2570
2210 9139 1:0 2570
2210 139 1:0 2593
2210 9179 1:0 2593
2213 9876 21:0 2232
2216 9284 1:0 2216
2229 9163 1:0 2593
2231 9279 1:0 2231
2231 209 21:0 2235
2234 217 21:0 2235
2234 9881 21:0 2235
2238 9894 21:0 2266
2239 9278 1:0 2239
2239 9275 1:0 2239
2239 9277 1:0 2239
2240 9013 1:0 2684
2265 9271 1:0 2265
2265 207 21:0 2269
2272 9903 21:0 2274
2273 205 21:0 2274
2281 9905 21:0 2283
2282 203 21:0 2283
2289 9270 1:0 2289
2290 9908 21:0 2306
2293 9264 1:0 2293
2305 201 21:0 2310
2309 9912 21:0 2310
2309 215 21:0 2310
2316 9926 21:0 2320
2317 9161 1:0 2674
2318 9162 1:0 2681
2318 9159 1:0 2684
2318 9007 1:0 2692
2318 9047 1:0 2715
2319 9258 1:0 2319
2319 193 21:0 2320
2326 9930 21:0 2328
2326 9160 1:0 2690
2326 9130 1:0 2715
2327 195 21:0 2328
2329 123 1:0 2715
2329 111 1:0 2821
2329 93 1:0 2943
2329 9082 1:0 2949
2329 97 1:0 2956
2329 95 1:0 2959
2334 9257 1:0 2334
2335 9933 21:0 2354
2336 9129 1:0 2796
2338 9251 1:0 2338
2353 9246 1:0 2353
2353 191 21:0 2357
2356 199 21:0 2357
2356 9938 21:0 2357
2360 9951 21:0 2388
2361 9242 1:0 2361
2361 9245 1:0 2361
2361 9244 1:0 2361
2362 9128 1:0 2802
2387 189 21:0 2391
2394 9960 21:0 2396
2395 187 21:0 2396
2403 9962 21:0 2405
2404 185 21:0 2405
2411 9237 1:0 2411
2412 9965 21:0 2428
2415 9231 1:0 2415
2427 183 21:0 2432
2431 197 21:0 2432
2431 9969 21:0 2432
2438 9983 21:0 2442
2439 9081 1:0 2806
2439 9053 1:0 2806
2439 119 1:0 2814
2439 9112 1:0 2814
2440 9127 1:0 2812
2440 9097 1:0 2837
2441 175 21:0 2442
2448 9987 21:0 2450
2448 105 1:0 2837
2448 9105 1:0 2837
2448 9095 1:0 2918
2448 9093 1:0 2928
2448 9060 1:0 2928
2449 177 21:0 2450
2454 9096 1:0 2925
2457 9990 21:0 2476
2458 9049 1:0 3081
2460 9218 1:0 2460
2475 9213 1:0 2475
2475 9995 21:0 2476
2482 10008 21:0 2510
2483 9211 1:0 2483
2483 9212 1:0 2483
2484 9094 1:0 2934
2509 9205 1:0 2509
2516 10017 21:0 2518
2525 10019 21:0 2527
2533 9204 1:0 2533
2534 10022 21:0 2550
2549 10026 21:0 2550
2560 10040 21:0 2564
2561 9044 1:0 2936
2561 83 1:0 2936
2561 87 1:0 2959
2561 9080 1:0 2959
2562 9062 1:0 2959
2562 9064 1:0 3040
2563 9192 1:0 2563
2570 10044 21:0 2572
2570 9063 1:0 3047
2570 9026 1:0 3050
2570 9048 1:0 3050
2570 9039 1:0 3058
2576 9061 1:0 3056
2579 10047 21:0 2598
2580 67 1:0 3058
2580 69 1:0 3081
2582 9185 1:0 2582
2594 9059 1:0 3065
2595 75 1:0 3065
2595 79 1:0 3077
2595 77 1:0 3081
2595 65 1:0 3180
2595 61 1:0 3199
2595 59 1:0 3203
2595 9016 1:0 3203
2595 45 1:0 3309
2595 43 1:0 3321
2595 8983 1:0 3325
2595 41 1:0 3325
2595 25 1:0 3443
2597 10052 21:0 2598
2604 10065 21:0 2632
2605 9176 1:0 2605
2605 9178 1:0 2605
2638 10074 21:0 2640
2647 10076 21:0 2649
2655 9171 1:0 2655
2656 10079 21:0 2672
2659 9165 1:0 2659
2671 10083 21:0 2672
2682 10097 21:0 2686
2683 9031 1:0 3081
2684 9029 1:0 3162
2684 9030 1:0 3169
2692 10101 21:0 2694
2692 9014 1:0 3172
2692 9006 1:0 3172
2692 9028 1:0 3178
2692 9015 1:0 3180
2698 8998 1:0 3203
2700 9158 1:0 2700
2701 10104 21:0 2720
2702 9020 1:0 3191
2716 49 1:0 3203
2716 51 1:0 3294
2717 8934 1:0 3294
2717 23 1:0 3447
2719 9147 1:0 2719
2719 10109 21:0 2720
2726 10122 21:0 2754
2727 9143 1:0 2727
2727 9146 1:0 2727
2727 9145 1:0 2727
2760 10131 21:0 2762
2769 10133 21:0 2771
2777 9138 1:0 2777
2778 10136 21:0 2794
2781 9132 1:0 2781
2793 10140 21:0 2794
2804 10154 21:0 2808
2805 8997 1:0 3284
2806 8996 1:0 3290
2806 8995 1:0 3300
2807 9126 1:0 2807
2814 10158 21:0 2816
2814 8978 1:0 3302
2814 31 1:0 3309
2814 8965 1:0 3325
2814 8982 1:0 3325
2814 29 1:0 3424
2820 8963 1:0 3406
2822 9125 1:0 2822
2823 10161 21:0 2842
2824 8950 1:0 3447
2826 9119 1:0 2826
2841 9114 1:0 2841
2841 10166 21:0 2842
2848 10179 21:0 2876
2849 9110 1:0 2849
2849 9113 1:0 2849
2850 8964 1:0 3413
2875 9106 1:0 2875
2882 10188 21:0 2884
2891 10190 21:0 2893
2900 10193 21:0 2916
2903 9099 1:0 2903
2915 10197 21:0 2916
2926 10211 21:0 2930
2927 8941 1:0 3416
2927 8954 1:0 3416
2927 8945 1:0 3424
2928 8962 1:0 3422
2928 8932 1:0 3447
2936 10215 21:0 2938
2936 8960 1:0 3431
2936 13 1:0 3447
2936 8931 1:0 3528
2936 8928 1:0 3538
2936 15 1:0 3538
2942 8930 1:0 3534
2944 9092 1:0 2944
2945 10218 21:0 2964
2946 8917 1:0 3572
2948 9086 1:0 2948
2963 10223 21:0 2964
2970 10236 21:0 2998
2971 9077 1:0 2971
2971 9079 1:0 2971
2972 8929 1:0 3544
2997 9073 1:0 2997
3004 10245 21:0 3006
3013 10247 21:0 3015
3021 9072 1:0 3021
3022 10250 21:0 3038
3037 10254 21:0 3038
3048 10268 21:0 3052
3049 8916 1:0 3546
3049 11 1:0 3548
3049 8927 1:0 3549
3049 8915 1:0 3549
3049 9 1:0 3549
3049 7 1:0 3569
3049 5 1:0 3616
3050 8908 1:0 3572
3050 334 1:0 3572
3050 8914 1:0 3572
3050 8912 1:0 3580
3050 8907 1:0 3623
3050 177 1:0 4397
3050 335 1:0 3648
3058 10272 21:0 3060
3067 10275 21:0 3086
3085 10280 21:0 3086
3092 10293 21:0 3120
3093 9046 1:0 3093
3119 9040 1:0 3119
3126 10302 21:0 3128
3135 10304 21:0 3137
3144 10307 21:0 3160
3147 9033 1:0 3147
3159 10311 21:0 3160
3170 10325 21:0 3174
3173 9027 1:0 3173
3180 10329 21:0 3182
3189 10332 21:0 3208
3207 10337 21:0 3208
3214 10350 21:0 3242
3215 9011 1:0 3215
3248 10359 21:0 3250
3257 10361 21:0 3259
3266 10364 21:0 3282
3269 9000 1:0 3269
3281 10368 21:0 3282
3292 10382 21:0 3296
3295 8994 1:0 3295
3302 10386 21:0 3304
3310 8993 1:0 3310
3311 10389 21:0 3330
3314 8987 1:0 3314
3329 10394 21:0 3330
3336 10407 21:0 3364
3337 8981 1:0 3337
3363 8974 1:0 3363
3370 10416 21:0 3372
3379 10418 21:0 3381
3387 8973 1:0 3387
3388 10421 21:0 3404
3391 8967 1:0 3391
3403 10425 21:0 3404
3414 10439 21:0 3418
3417 8961 1:0 3417
3424 10443 21:0 3426
3433 10446 21:0 3452
3451 8949 1:0 3451
3451 10451 21:0 3452
3458 10464 21:0 3486
3459 8947 1:0 3459
3459 8948 1:0 3459
3492 10473 21:0 3494
3501 10475 21:0 3503
3509 8940 1:0 3509
3510 10478 21:0 3526
3525 10482 21:0 3526
3536 10496 21:0 3540
3546 10500 21:0 3548
3555 10503 21:0 3574
3558 8921 1:0 3558
3573 10508 21:0 3574
3580 10521 21:0 3608
3614 10530 21:0 3616
3623 10532 21:0 3625
3636 10539 21:0 3637
3646 334 21:0 3664
3663 10558 21:0 3696
3695 7 21:0 3696
3695 17 21:0 3696
3695 10557 21:0 3696
3695 5 21:0 3696
3695 3 21:0 3696
3695 10535 21:0 3696
3696 10563 21:0 3712
3711 19 21:0 3712
3711 10568 21:0 3712
3711 10577 21:0 3712
3711 10578 21:0 3712
3711 10565 21:0 3712
3711 9 21:0 3712
3714 10580 21:0 3722
3721 10582 21:0 3772
3771 10581 21:0 3788
3772 10598 21:0 3772
3772 10596 21:0 3772
3785 10611 21:0 3785
3787 10583 21:0 3798
3797 10613 21:0 3812
3811 10614 21:0 3864
3820 10625 21:0 3820
3848 10631 21:0 3848
3848 10629 21:0 3848
3848 10632 21:0 3848
3853 10633 21:0 3853
3855 10618 21:0 3855
3863 10615 21:0 3869
3868 10616 21:0 3874
3869 10645 21:0 3869
3873 10646 21:0 3929
3885 10657 21:0 3885
3896 10658 21:0 3896
3928 10648 21:0 3945
3929 10666 21:0 3929
3937 10677 21:0 3937
3944 10647 21:0 3950
3945 10678 21:0 3945
3949 10649 21:0 4000
3952 10671 21:0 3952
3972 10691 21:0 3972
3999 10679 21:0 4016
4000 10698 21:0 4000
4000 10697 21:0 4000
4000 10695 21:0 4000
4015 10680 21:0 4026
4021 10711 21:0 4021
4025 10681 21:0 4044
4043 10682 21:0 4092
4076 10731 21:0 4076
4076 10728 21:0 4076
4083 10717 21:0 4083
4091 10712 21:0 4097
4096 10713 21:0 4102
4101 10714 21:0 4168
4113 10756 21:0 4113
4124 10757 21:0 4124
4152 10764 21:0 4152
4152 10763 21:0 4152
4157 10765 21:0 4157
4159 10750 21:0 4159
4165 10776 21:0 4165
4167 10715 21:0 4173
4172 10745 21:0 4178
4177 10746 21:0 4228
4180 10770 21:0 4180
4189 10789 21:0 4189
4200 10790 21:0 4200
4227 10747 21:0 4244
4228 10794 21:0 4228
4228 10797 21:0 4228
4241 10809 21:0 4241
4243 10748 21:0 4254
4249 10810 21:0 4249
4253 10778 21:0 4304
4256 10803 21:0 4256
4265 10822 21:0 4265
4276 10823 21:0 4276
4303 10780 21:0 4320
4304 10827 21:0 4304
4304 10829 21:0 4304
4304 10830 21:0 4304
4309 10831 21:0 4309
4311 10816 21:0 4311
4317 10842 21:0 4317
4319 10779 21:0 4325
4324 10781 21:0 4344
4325 10843 21:0 4325
4332 10836 21:0 4332
4341 10855 21:0 4341
4343 10811 21:0 4396
4352 10856 21:0 4352
4380 10863 21:0 4380
4380 10862 21:0 4380
4380 10860 21:0 4380
4395 10812 21:0 4401
4400 175 1:0 4402
4400 10813 21:0 4406
4401 10876 21:0 4401
4405 183 1:0 4416
4405 10814 21:0 4461
4408 10869 21:0 4408
4415 197 1:0 4415
4417 10888 21:0 4417
4419 185 1:0 4420
4423 187 1:0 4424
4455 189 1:0 4457
4456 10893 21:0 4456
4456 10896 21:0 4456
4460 191 1:0 4468
4460 10844 21:0 4477
4461 10897 21:0 4461
4467 199 1:0 4467
4471 195 1:0 4473
4476 193 1:0 4478
4476 10845 21:0 4482
4477 10909 21:0 4477
4481 201 1:0 4492
4481 10846 21:0 4532
4491 215 1:0 4491
4495 203 1:0 4496
4499 205 1:0 4500
4504 10922 21:0 4504
4531 207 1:0 4533
4531 10847 21:0 4548
4532 10926 21:0 4532
4532 10929 21:0 4532
4532 10928 21:0 4532
4536 209 1:0 4544
4537 10930 21:0 4537
4539 10915 21:0 4539
4543 217 1:0 4543
4545 10941 21:0 4545
4547 213 1:0 4549
4547 10877 21:0 4553
4552 211 1:0 4554
4552 10879 21:0 4572
4553 10942 21:0 4553
4557 219 1:0 4568
4567 233 1:0 4567
4569 10954 21:0 4569
4571 221 1:0 4572
4571 10878 21:0 4624
4575 223 1:0 4576
4580 10955 21:0 4580
4607 225 1:0 4609
4608 10959 21:0 4608
4608 10962 21:0 4608
4612 227 1:0 4620
4613 10963 21:0 4613
4615 10948 21:0 4615
4619 235 1:0 4619
4621 10974 21:0 4621
4623 231 1:0 4625
4623 10880 21:0 4629
4628 229 1:0 4630
4628 10910 21:0 4634
4629 10975 21:0 4629
4633 237 1:0 4644
4633 10911 21:0 4689
4636 10968 21:0 4636
4643 251 1:0 4643
4647 239 1:0 4648
4651 241 1:0 4652
4656 10988 21:0 4656
4683 243 1:0 4685
4684 10995 21:0 4684
4684 10994 21:0 4684
4684 10992 21:0 4684
4688 245 1:0 4696
4688 10912 21:0 4705
4689 10996 21:0 4689
4691 10981 21:0 4691
4695 253 1:0 4695
4697 11007 21:0 4697
4699 249 1:0 4701
4704 247 1:0 4706
4704 10913 21:0 4710
4705 11008 21:0 4705
4709 255 1:0 4720
4709 10943 21:0 4760
4712 11001 21:0 4712
4719 269 1:0 4719
4721 11020 21:0 4721
4723 257 1:0 4724
4727 259 1:0 4728
4732 11021 21:0 4732
4759 261 1:0 4761
4759 10944 21:0 4776
4760 11027 21:0 4760
4760 11028 21:0 4760
4760 11025 21:0 4760
4764 263 1:0 4772
4765 11029 21:0 4765
4767 11014 21:0 4767
4771 271 1:0 4771
4773 11040 21:0 4773
4775 267 1:0 4777
4775 10945 21:0 4786
4780 265 1:0 4782
4781 11041 21:0 4781
4785 273 1:0 4796
4785 10946 21:0 4804
4786 11045 21:0 4786
4788 11034 21:0 4788
4795 287 1:0 4795
4797 11053 21:0 4797
4799 275 1:0 4800
4803 277 1:0 4804
4803 10976 21:0 4852
4835 279 1:0 4837
4840 281 1:0 4848
4847 289 1:0 4847
4851 285 1:0 4853
4851 10977 21:0 4857
4854 11075 21:0 4854
4856 283 1:0 4858
4856 10978 21:0 4862
4859 11076 21:0 4859
4859 11077 21:0 4859
4861 291 1:0 4872
4861 10979 21:0 4928
4862 11078 21:0 4862
4871 305 1:0 4871
4875 293 1:0 4876
4879 295 1:0 4880
4911 297 1:0 4913
4916 299 1:0 4924
4923 307 1:0 4923
4927 10566 21:0 4928
4927 10559 21:0 4928
4927 10567 21:0 4928
4927 303 1:0 4929
4927 335 21:0 4933
4930 11108 21:0 4930
4932 301 1:0 4934
4932 11009 21:0 4938
4935 11109 21:0 4935
4935 11110 21:0 4935
4937 309 1:0 4948
4937 11010 21:0 4988
4938 11111 21:0 4938
4947 323 1:0 4947
4951 311 1:0 4952
4955 313 1:0 4956
4987 315 1:0 4989
4987 11011 21:0 5004
4992 317 1:0 5000
4999 325 1:0 4999
5003 321 1:0 5005
5003 11012 21:0 5014
5006 11141 21:0 5006
5008 319 1:0 5010
5013 10585 21:0 5014
5013 10599 21:0 5014
5013 329 1:0 5025
5013 10732 21:0 5029
5022 327 1:0 5022
5028 61 21:0 5029
5028 225 21:0 5029
5028 239 21:0 5029
5028 10865 21:0 5029
5028 113 21:0 5029
5028 8901 1:0 5031
5028 10997 21:0 5034
5033 179 21:0 5034
5033 11030 21:0 5034
5033 10808 21:0 5034
5033 271 21:0 5034
5033 253 21:0 5034
5033 125 21:0 5034
5033 91 21:0 5034
5033 53 21:0 5034
5033 10821 21:0 5034
5033 11019 21:0 5034
5033 11052 21:0 5034
5033 10689 21:0 5034
5033 10676 21:0 5034
5033 10986 21:0 5034
5033 11006 21:0 5034
5033 10907 21:0 5034
5033 10722 21:0 5034
5033 10610 21:0 5034
5033 11072 21:0 5034
5033 11039 21:0 5034
5034 11154 21:0 5044
5043 9511 1:0 5045
5043 11042 21:0 5070
5050 9515 1:0 5050
5069 9527 1:0 5071
5069 11043 21:0 5078
5077 11044 21:0 5081
5080 9531 1:0 5082
5080 10624 21:0 5087
5084 11141 1:0 5084
5086 10638 21:0 5087
5086 10704 21:0 5087
5086 10651 21:0 5090
5089 10723 21:0 5090
5089 10690 21:0 5090
5089 9534 1:0 5092
5089 10665 21:0 5115
5097 9539 1:0 5097
5114 10612 21:0 5150
5117 9552 1:0 5119
5149 10699 21:0 5169
5152 9561 1:0 5154
5161 9563 1:0 5164
5168 10600 21:0 5172
5171 9566 1:0 5174
5171 10743 21:0 5198
5179 9570 1:0 5179
5197 11111 1:0 5197
5197 10592 21:0 5198
5197 10572 21:0 5198
5197 10730 21:0 5201
5200 10605 21:0 5201
5200 10710 21:0 5201
5200 9584 1:0 5202
5200 10662 21:0 5209
5204 11109 1:0 5204
5205 11110 1:0 5205
5208 9527 21:0 5209
5208 9531 21:0 5209
5208 9534 21:0 5209
5208 9584 21:0 5209
5208 319 21:0 5212
5211 321 21:0 5212
5211 317 21:0 5212
5211 301 21:0 5212
5211 10895 21:0 5212
5211 9566 21:0 5212
5211 9563 21:0 5212
5211 9588 1:0 5213
5211 9552 21:0 5215
5214 289 21:0 5215
5214 10973 21:0 5215
5214 10755 21:0 5215
5214 10953 21:0 5215
5214 143 21:0 5215
5214 73 21:0 5215
5214 37 21:0 5215
5214 127 21:0 5215
5214 233 21:0 5215
5214 35 21:0 5215
5214 109 21:0 5215
5214 10920 21:0 5215
5214 251 21:0 5215
5214 161 21:0 5215
5214 269 21:0 5215
5214 197 21:0 5215
5214 89 21:0 5215
5214 71 21:0 5215
5214 217 21:0 5215
5214 163 21:0 5215
5214 11085 21:0 5215
5214 8901 21:0 5215
5214 10709 21:0 5215
5214 9570 21:0 5215
5214 327 21:0 5215
5214 325 21:0 5215
5214 323 21:0 5215
5214 11156 21:0 5215
5214 9539 21:0 5215
5214 9515 21:0 5215
5214 10623 21:0 5215
5214 10887 21:0 5215
5214 10940 21:0 5215
5214 10854 21:0 5215
5214 10841 21:0 5215
5214 10656 21:0 5215
5214 10643 21:0 5215
5214 10788 21:0 5215
5214 10775 21:0 5215
5214 10590 21:0 5215
5214 10874 21:0 5215
5214 10742 21:0 5215
5215 11108 1:0 5215
5215 9588 21:0 5218
5217 303 21:0 5218
5217 10644 21:0 5218
5217 10798 21:0 5221
5220 315 21:0 5221
5220 10864 21:0 5221
5220 141 21:0 5221
5220 10902 21:0 5221
5220 9511 21:0 5221
5220 309 21:0 5221
5220 9591 1:0 5223
5220 10700 21:0 5223
5222 10898 21:0 5223
5222 10964 21:0 5225
5224 215 21:0 5225
5224 55 21:0 5225
5224 287 21:0 5225
5224 107 21:0 5225
5224 11105 21:0 5225
5224 145 21:0 5225
5224 181 21:0 5225
5224 235 21:0 5225
5224 199 21:0 5225
5224 305 21:0 5225
5225 9591 21:0 5246
5228 9596 1:0 5228
5230 11105 1:0 5230
5245 299 21:0 5249
5248 9609 1:0 5250
5248 10882 21:0 5284
5283 9618 1:0 5285
5283 10684 21:0 5300
5292 9620 1:0 5295
5299 10849 21:0 5308
5302 9623 1:0 5305
5307 305 1:0 5307
5307 10921 21:0 5329
5310 9627 1:0 5310
5312 11085 1:0 5312
5328 11078 1:0 5328
5328 10664 21:0 5329
5328 10579 21:0 5329
5328 10875 21:0 5332
5331 10799 21:0 5332
5331 9620 21:0 5332
5331 10601 21:0 5332
5331 10908 21:0 5332
5331 10591 21:0 5332
5331 9641 1:0 5333
5331 10733 21:0 5335
5334 305 21:0 5335
5334 307 21:0 5335
5334 9596 21:0 5335
5334 9627 21:0 5335
5335 11076 1:0 5335
5335 9641 21:0 5340
5336 11077 1:0 5336
5339 10724 21:0 5340
5339 283 21:0 5340
5339 10783 21:0 5343
5342 9609 21:0 5343
5342 9618 21:0 5343
5342 135 21:0 5343
5342 27 21:0 5343
5342 329 21:0 5343
5342 10889 21:0 5343
5342 10935 21:0 5343
5342 291 21:0 5343
5342 297 21:0 5343
5342 9561 21:0 5343
5342 313 21:0 5343
5342 9623 21:0 5343
5342 9645 1:0 5344
5342 311 21:0 5346
5346 11075 1:0 5346
5346 9645 21:0 5349
5348 285 21:0 5349
5348 10737 21:0 5349
5348 10987 21:0 5352
5351 295 21:0 5352
5351 151 21:0 5352
5351 41 21:0 5352
5351 169 21:0 5352
5351 209 21:0 5352
5351 203 21:0 5352
5351 9677 1:0 5352
5351 77 21:0 5352
5351 25 21:0 5352
5351 79 21:0 5352
5351 293 21:0 5352
5351 10744 21:0 5352
5351 10796 21:0 5352
5351 149 21:0 5352
5351 9648 1:0 5354
5351 9680 1:0 5356
5351 59 21:0 5356
5353 289 1:0 5356
5353 9653 1:0 5356
5353 11072 1:0 5356
5353 9675 1:0 5356
5353 9666 1:0 5373
5353 287 1:0 5373
5353 9684 1:0 5373
5353 11052 1:0 5373
5353 11039 1:0 5484
5353 9710 1:0 5486
5353 9734 1:0 5486
5353 271 1:0 5486
5353 9732 1:0 5486
5353 9741 1:0 5503
5353 11019 1:0 5503
5353 269 1:0 5503
5353 11006 1:0 5615
5353 253 1:0 5617
5353 9767 1:0 5617
5353 9798 1:0 5634
5353 251 1:0 5634
5353 10986 1:0 5634
5353 10973 1:0 5746
5353 9824 1:0 5748
5353 235 1:0 5748
5353 233 1:0 5765
5353 9855 1:0 5765
5353 10953 1:0 5765
5353 10940 1:0 5877
5353 217 1:0 5879
5353 9881 1:0 5879
5353 215 1:0 5896
5353 9912 1:0 5896
5353 10920 1:0 5896
5353 199 1:0 6011
5353 10907 1:0 6011
5353 9938 1:0 6011
5353 9969 1:0 6028
5353 197 1:0 6028
5353 10887 1:0 6030
5353 10874 1:0 6139
5353 181 1:0 6141
5353 9995 1:0 6141
5353 10026 1:0 6158
5353 10854 1:0 6158
5353 179 1:0 6158
5353 10052 1:0 6273
5353 10841 1:0 6273
5353 163 1:0 6273
5353 10083 1:0 6291
5353 161 1:0 6291
5353 10821 1:0 6291
5353 10808 1:0 6401
5353 10109 1:0 6403
5353 145 1:0 6403
5353 10788 1:0 6420
5353 10140 1:0 6420
5353 143 1:0 6420
5353 10775 1:0 6532
5353 127 1:0 6534
5353 10166 1:0 6534
5353 10197 1:0 6551
5353 10755 1:0 6551
5353 125 1:0 6551
5353 10742 1:0 6663
5353 109 1:0 6665
5353 10223 1:0 6665
5355 11044 1:0 5458
5356 9648 21:0 5377
5374 11043 1:0 5465
5376 281 21:0 5380
5379 10761 21:0 5415
5386 9698 1:0 5464
5386 9702 1:0 5475
5414 10961 21:0 5431
5427 11042 1:0 5476
5430 10777 21:0 5439
5432 10961 1:0 5478
5435 9737 1:0 5486
5438 11053 1:0 5438
5438 9680 21:0 5455
5440 10777 1:0 5469
5440 10761 1:0 5503
5446 10254 1:0 6682
5446 107 1:0 6682
5446 10280 1:0 6796
5446 91 1:0 6796
5447 10722 1:0 6682
5454 9666 21:0 5460
5455 9705 1:0 5485
5455 11030 1:0 5486
5455 9723 1:0 5503
5455 9794 1:0 5617
5455 9791 1:0 5617
5455 10709 1:0 6794
5456 9755 1:0 5595
5459 11045 1:0 5459
5459 83 21:0 5460
5459 139 21:0 5460
5459 49 21:0 5460
5459 211 21:0 5460
5459 137 21:0 5460
5459 31 21:0 5463
5462 9675 21:0 5463
5462 9653 21:0 5463
5462 213 21:0 5463
5462 9677 21:0 5463
5462 9684 21:0 5463
5462 171 21:0 5463
5462 273 21:0 5463
5462 237 21:0 5463
5462 289 21:0 5463
5462 287 21:0 5463
5462 10667 21:0 5463
5462 10634 21:0 5463
5462 15 21:0 5463
5462 10766 21:0 5463
5462 10931 21:0 5463
5462 93 21:0 5463
5462 205 21:0 5463
5462 43 21:0 5463
5462 10832 21:0 5463
5462 167 21:0 5463
5462 97 21:0 5463
5462 183 21:0 5463
5462 23 21:0 5463
5462 223 21:0 5463
5462 99 21:0 5463
5462 95 21:0 5463
5462 243 21:0 5463
5462 185 21:0 5463
5462 279 21:0 5463
5462 63 21:0 5463
5462 277 21:0 5463
5462 45 21:0 5463
5462 275 21:0 5463
5462 21 21:0 5463
5464 243 1:0 5609
5464 237 1:0 5609
5466 9698 21:0 5471
5468 11012 1:0 5503
5469 11011 1:0 5589
5469 11010 1:0 5596
5470 11041 1:0 5470
5470 265 21:0 5471
5470 255 21:0 5471
5472 255 1:0 5484
5477 9702 21:0 5480
5478 10796 1:0 5600
5478 213 1:0 5600
5478 9759 1:0 5606
5478 11009 1:0 5607
5478 10744 1:0 5609
5478 9789 1:0 5617
5478 10997 1:0 5617
5478 239 1:0 5617
5478 9780 1:0 5634
5478 223 1:0 5740
5478 225 1:0 5748
5478 9837 1:0 5748
5478 10964 1:0 5748
5478 10931 1:0 5879
5478 10898 1:0 6007
5479 267 21:0 5480
5484 10979 1:0 5634
5486 10987 1:0 5634
5487 11040 1:0 5487
5487 9705 21:0 5508
5489 9762 1:0 5616
5489 9846 1:0 5748
5489 9848 1:0 5748
5489 205 1:0 5877
5489 9905 1:0 5879
5489 10865 1:0 6141
5489 10689 1:0 6813
5489 10311 1:0 6813
5489 89 1:0 6813
5489 10337 1:0 6927
5489 73 1:0 6927
5492 11034 1:0 5492
5504 10737 1:0 5731
5507 11029 1:0 5507
5507 263 21:0 5511
5510 271 21:0 5511
5510 9710 21:0 5511
5514 9723 21:0 5543
5516 11027 1:0 5516
5516 11028 1:0 5516
5516 11025 1:0 5516
5517 10978 1:0 5720
5542 11021 1:0 5542
5542 261 21:0 5546
5549 9732 21:0 5552
5551 259 21:0 5552
5559 9734 21:0 5562
5561 257 21:0 5562
5569 11020 1:0 5569
5569 9737 21:0 5586
5574 11014 1:0 5574
5585 255 21:0 5591
5590 269 21:0 5591
5590 9741 21:0 5591
5597 9755 21:0 5602
5599 10977 1:0 5727
5600 9812 1:0 5726
5600 211 1:0 5731
5600 9816 1:0 5737
5600 10976 1:0 5738
5600 10889 1:0 5740
5600 10935 1:0 5765
5601 11008 1:0 5601
5601 247 21:0 5602
5608 9759 21:0 5611
5609 9819 1:0 5747
5609 10946 1:0 5765
5609 9851 1:0 5765
5609 9903 1:0 5879
5609 9908 1:0 5879
5609 203 1:0 5879
5609 9894 1:0 5896
5609 185 1:0 6007
5609 9960 1:0 6007
5610 249 21:0 5611
5612 10945 1:0 5851
5615 209 1:0 5862
5618 11007 1:0 5618
5618 9762 21:0 5639
5620 10944 1:0 5858
5623 11001 1:0 5623
5626 10676 1:0 6925
5627 10656 1:0 6944
5635 9869 1:0 5857
5635 9873 1:0 5868
5636 10783 1:0 5862
5636 10908 1:0 5871
5637 71 1:0 6944
5637 10368 1:0 6944
5638 10996 1:0 5638
5638 245 21:0 5642
5641 253 21:0 5642
5641 9767 21:0 5642
5645 9780 21:0 5674
5647 10995 1:0 5647
5647 10994 1:0 5647
5647 10992 1:0 5647
5648 9876 1:0 5878
5648 10921 1:0 5896
5648 9951 1:0 6011
5648 10832 1:0 6269
5648 10643 1:0 7056
5648 10394 1:0 7058
5648 55 1:0 7058
5673 10988 1:0 5673
5673 243 21:0 5677
5680 9789 21:0 5683
5682 241 21:0 5683
5690 9791 21:0 5693
5692 239 21:0 5693
5700 9794 21:0 5717
5705 10981 1:0 5705
5716 237 21:0 5722
5721 9798 21:0 5722
5721 251 21:0 5722
5728 9812 21:0 5733
5730 10943 1:0 5869
5731 10913 1:0 5896
5731 9926 1:0 5988
5731 31 1:0 5993
5731 10882 1:0 5993
5731 9930 1:0 5999
5731 10902 1:0 6002
5732 10975 1:0 5732
5732 229 21:0 5733
5739 9816 21:0 5742
5740 10912 1:0 5982
5740 10911 1:0 5989
5741 231 21:0 5742
5746 10910 1:0 6000
5748 9933 1:0 6009
5749 10974 1:0 5749
5749 9819 21:0 5770
5751 53 1:0 7075
5751 10425 1:0 7075
5754 10968 1:0 5754
5767 10880 1:0 6030
5768 10623 1:0 7075
5769 10963 1:0 5769
5769 227 21:0 5773
5772 235 21:0 5773
5772 9824 21:0 5773
5776 9837 21:0 5805
5778 10959 1:0 5778
5778 10962 1:0 5778
5779 183 1:0 6007
5779 9962 1:0 6011
5779 9965 1:0 6030
5779 10895 1:0 6030
5779 171 1:0 6133
5779 169 1:0 6139
5779 167 1:0 6139
5779 10017 1:0 6141
5779 10008 1:0 6141
5779 10799 1:0 6403
5779 10451 1:0 7189
5779 10610 1:0 7189
5779 37 1:0 7189
5804 10955 1:0 5804
5804 225 21:0 5808
5811 9846 21:0 5814
5813 223 21:0 5814
5821 9848 21:0 5824
5823 221 21:0 5824
5831 10954 1:0 5831
5831 9851 21:0 5848
5836 10948 1:0 5836
5847 219 21:0 5853
5852 233 21:0 5853
5852 9855 21:0 5853
5859 9869 21:0 5864
5861 10878 1:0 6113
5862 9983 1:0 6119
5862 10879 1:0 6121
5862 10875 1:0 6124
5862 137 1:0 6124
5862 9987 1:0 6130
5862 10849 1:0 6133
5863 10942 1:0 5863
5863 211 21:0 5864
5870 9873 21:0 5873
5871 10877 1:0 6131
5871 10847 1:0 6158
5872 213 21:0 5873
5874 10864 1:0 6158
5877 9990 1:0 6140
5877 10019 1:0 6141
5877 10022 1:0 6158
5877 149 1:0 6269
5877 10074 1:0 6269
5877 151 1:0 6269
5877 10076 1:0 6273
5877 10065 1:0 6273
5877 10079 1:0 6291
5877 10133 1:0 6403
5877 10131 1:0 6403
5877 10766 1:0 6534
5877 113 1:0 6534
5877 10590 1:0 7206
5877 10482 1:0 7206
5877 35 1:0 7206
5877 19 1:0 7315
5877 10508 1:0 7315
5877 10577 1:0 7326
5880 10941 1:0 5880
5880 9876 21:0 5901
5897 10846 1:0 6244
5900 10930 1:0 5900
5900 209 21:0 5904
5903 9881 21:0 5904
5903 217 21:0 5904
5907 9894 21:0 5936
5909 10926 1:0 5909
5909 10929 1:0 5909
5909 10928 1:0 5909
5910 10845 1:0 6251
5935 10922 1:0 5935
5935 207 21:0 5939
5942 9903 21:0 5945
5944 205 21:0 5945
5952 9905 21:0 5955
5954 203 21:0 5955
5962 9908 21:0 5979
5967 10915 1:0 5967
5978 201 21:0 5984
5983 215 21:0 5984
5983 9912 21:0 5984
5990 9926 21:0 5995
5992 10040 1:0 6250
5992 139 1:0 6255
5992 10724 1:0 6255
5992 10044 1:0 6261
5992 10591 1:0 6264
5993 10844 1:0 6262
5993 10814 1:0 6291
5994 10909 1:0 5994
5994 193 21:0 5995
6001 9930 21:0 6004
6002 10047 1:0 6271
6002 10579 1:0 6291
6002 10813 1:0 6375
6002 10097 1:0 6381
6002 10664 1:0 6386
6002 141 1:0 6386
6002 10101 1:0 6392
6003 195 21:0 6004
6008 10812 1:0 6382
6010 10136 1:0 6403
6010 10733 1:0 6665
6010 17 1:0 7403
6010 10539 1:0 7406
6010 10557 1:0 7408
6011 9933 21:0 6032
6029 10811 1:0 6393
6031 10897 1:0 6031
6031 191 21:0 6035
6034 199 21:0 6035
6034 9938 21:0 6035
6038 9951 21:0 6067
6040 10893 1:0 6040
6040 10896 1:0 6040
6041 10684 1:0 6395
6041 10798 1:0 6420
6066 189 21:0 6070
6073 9960 21:0 6076
6075 187 21:0 6076
6083 9962 21:0 6086
6085 185 21:0 6086
6093 10888 1:0 6093
6093 9965 21:0 6110
6109 183 21:0 6115
6114 9969 21:0 6115
6114 197 21:0 6115
6121 9983 21:0 6126
6123 10781 1:0 6420
6124 10104 1:0 6402
6124 135 1:0 6403
6124 10122 1:0 6420
6124 10779 1:0 6506
6124 10154 1:0 6512
6124 10644 1:0 6517
6124 49 1:0 6517
6124 10158 1:0 6523
6124 10193 1:0 6534
6124 10190 1:0 6534
6124 10188 1:0 6534
6124 95 1:0 6657
6124 97 1:0 6657
6125 10876 1:0 6125
6125 175 21:0 6126
6132 9987 21:0 6135
6133 10780 1:0 6514
6133 10778 1:0 6524
6134 177 21:0 6135
6136 10325 1:0 6526
6136 83 1:0 6526
6139 10268 1:0 6551
6142 9990 21:0 6163
6144 10748 1:0 6551
6147 10869 1:0 6147
6159 10161 1:0 6533
6159 10211 1:0 6551
6160 10179 1:0 6551
6160 10743 1:0 6648
6160 99 1:0 6657
6160 10247 1:0 6665
6160 10245 1:0 6665
6160 10700 1:0 6796
6162 9995 21:0 6163
6169 10008 21:0 6198
6171 10863 1:0 6171
6171 10862 1:0 6171
6171 10860 1:0 6171
6172 10730 1:0 6648
6172 10215 1:0 6654
6197 10856 1:0 6197
6204 10017 21:0 6207
6214 10019 21:0 6217
6224 10855 1:0 6224
6224 10022 21:0 6241
6240 10026 21:0 6241
6252 10040 21:0 6257
6254 10747 1:0 6637
6255 10746 1:0 6644
6255 10723 1:0 6657
6255 93 1:0 6663
6255 10218 1:0 6664
6255 10250 1:0 6665
6255 10236 1:0 6682
6255 10732 1:0 6682
6255 79 1:0 6794
6255 77 1:0 6794
6255 10302 1:0 6796
6255 10304 1:0 6796
6256 10843 1:0 6256
6263 10044 21:0 6266
6264 10745 1:0 6655
6264 10715 1:0 6682
6272 10714 1:0 6768
6273 10842 1:0 6273
6273 10047 21:0 6294
6275 10272 1:0 6785
6275 10307 1:0 6796
6275 10293 1:0 6813
6275 10667 1:0 6927
6275 10361 1:0 6927
6275 59 1:0 6927
6278 10836 1:0 6278
6293 10831 1:0 6293
6293 10052 21:0 6294
6300 10065 21:0 6329
6302 10827 1:0 6302
6302 10829 1:0 6302
6302 10830 1:0 6302
6303 10713 1:0 6775
6328 10823 1:0 6328
6335 10074 21:0 6338
6345 10076 21:0 6348
6355 10822 1:0 6355
6355 10079 21:0 6372
6360 10816 1:0 6360
6371 10083 21:0 6372
6383 10097 21:0 6388
6385 10699 1:0 6779
6385 10710 1:0 6779
6385 10690 1:0 6788
6386 10712 1:0 6786
6386 10682 1:0 6813
6387 10810 1:0 6387
6394 10101 21:0 6397
6395 10275 1:0 6795
6395 10704 1:0 6801
6395 10681 1:0 6899
6395 10329 1:0 6910
6395 10332 1:0 6910
6395 10662 1:0 6910
6401 10680 1:0 6906
6404 10809 1:0 6404
6404 10104 21:0 6425
6409 10803 1:0 6409
6422 10679 1:0 6917
6424 10109 21:0 6425
6431 10122 21:0 6460
6433 10794 1:0 6433
6433 10797 1:0 6433
6434 10665 1:0 6919
6434 63 1:0 6919
6434 10364 1:0 6927
6434 10359 1:0 6927
6434 61 1:0 6927
6434 10634 1:0 7058
6459 10790 1:0 6459
6466 10131 21:0 6469
6476 10133 21:0 6479
6486 10789 1:0 6486
6486 10136 21:0 6503
6502 10140 21:0 6503
6514 10154 21:0 6519
6516 10386 1:0 6919
6516 10382 1:0 6944
6516 10651 1:0 6944
6516 10350 1:0 6944
6516 45 1:0 7050
6516 10439 1:0 7050
6516 43 1:0 7056
6516 10407 1:0 7058
6516 10416 1:0 7058
6516 10418 1:0 7058
6516 41 1:0 7058
6517 10649 1:0 6944
6517 10647 1:0 7030
6525 10158 21:0 6528
6526 10648 1:0 7038
6526 10605 1:0 7041
6526 10592 1:0 7041
6526 10638 1:0 7050
6526 10389 1:0 7057
6532 10646 1:0 7048
6535 10776 1:0 6535
6535 10161 21:0 6556
6540 10770 1:0 6540
6553 10616 1:0 7075
6555 10765 1:0 6555
6555 10166 21:0 6556
6562 10179 21:0 6591
6564 10764 1:0 6564
6564 10763 1:0 6564
6565 10624 1:0 7075
6565 10421 1:0 7075
6565 21 1:0 7181
6565 23 1:0 7181
6565 10475 1:0 7189
6565 10601 1:0 7206
6590 10757 1:0 6590
6597 10188 21:0 6600
6607 10190 21:0 6610
6617 10756 1:0 6617
6617 10193 21:0 6634
6622 10750 1:0 6622
6633 10197 21:0 6634
6645 10211 21:0 6650
6647 10615 1:0 7161
6648 10614 1:0 7168
6648 10612 1:0 7172
6648 10600 1:0 7172
6648 10443 1:0 7178
6656 10215 21:0 6659
6657 10613 1:0 7179
6657 10585 1:0 7181
6660 10583 1:0 7206
6663 10446 1:0 7188
6663 27 1:0 7189
6663 25 1:0 7189
6663 10464 1:0 7189
6663 10473 1:0 7189
6663 10478 1:0 7206
6663 10599 1:0 7206
6663 10496 1:0 7298
6663 15 1:0 7303
6663 10568 1:0 7328
6663 10530 1:0 7335
6666 10218 21:0 6687
6684 10581 1:0 7292
6686 10223 21:0 6687
6693 10236 21:0 6722
6695 10731 1:0 6695
6695 10728 1:0 6695
6696 10572 1:0 7303
6696 10521 1:0 7315
6696 9 1:0 7315
6696 7 1:0 7340
6696 5 1:0 7386
6696 10532 1:0 7391
6728 10245 21:0 6731
6738 10247 21:0 6741
6748 10250 21:0 6765
6753 10717 1:0 6753
6764 10254 21:0 6765
6776 10268 21:0 6781
6778 10582 1:0 7300
6779 10500 1:0 7309
6779 10580 1:0 7310
6779 335 1:0 7312
6779 10567 1:0 7315
6779 10503 1:0 7315
6780 10711 1:0 6780
6787 10272 21:0 6790
6788 10566 1:0 7315
6788 10578 1:0 7320
6788 10565 1:0 7340
6788 10559 1:0 7340
6788 10563 1:0 7349
6788 3 1:0 7394
6788 10558 1:0 7394
6788 10535 1:0 7401
6788 177 1:0 8170
6788 336 1:0 7421
6797 10275 21:0 6818
6817 10280 21:0 6818
6824 10293 21:0 6853
6826 10698 1:0 6826
6826 10697 1:0 6826
6826 10695 1:0 6826
6852 10691 1:0 6852
6859 10302 21:0 6862
6869 10304 21:0 6872
6879 10307 21:0 6896
6895 10311 21:0 6896
6907 10325 21:0 6912
6911 10678 1:0 6911
6918 10329 21:0 6921
6928 10677 1:0 6928
6928 10332 21:0 6949
6933 10671 1:0 6933
6948 10666 1:0 6948
6948 10337 21:0 6949
6955 10350 21:0 6984
6983 10658 1:0 6983
6990 10359 21:0 6993
7000 10361 21:0 7003
7010 10657 1:0 7010
7010 10364 21:0 7027
7026 10368 21:0 7027
7038 10382 21:0 7043
7042 10645 1:0 7042
7049 10386 21:0 7052
7059 10389 21:0 7080
7079 10633 1:0 7079
7079 10394 21:0 7080
7086 10407 21:0 7115
7088 10631 1:0 7088
7088 10629 1:0 7088
7088 10632 1:0 7088
7114 10625 1:0 7114
7121 10416 21:0 7124
7131 10418 21:0 7134
7141 10421 21:0 7158
7146 10618 1:0 7146
7157 10425 21:0 7158
7169 10439 21:0 7174
7180 10443 21:0 7183
7190 10611 1:0 7190
7190 10446 21:0 7211
7210 10451 21:0 7211
7217 10464 21:0 7246
7219 10598 1:0 7219
7219 10596 1:0 7219
7252 10473 21:0 7255
7262 10475 21:0 7265
7272 10478 21:0 7289
7288 10482 21:0 7289
7300 10496 21:0 7305
7311 10500 21:0 7314
7321 10503 21:0 7342
7341 10508 21:0 7342
7348 10521 21:0 7377
7383 10530 21:0 7386
7393 10532 21:0 7396
7408 10539 21:0 7409
7419 335 21:0 7437
7436 12209 21:0 7469
7468 12210 21:0 7474
7473 12219 21:0 7474
7473 10535 21:0 7474
7473 7 21:0 7474
7473 5 21:0 7474
7473 3 21:0 7474
7473 17 21:0 7474
7473 12208 21:0 7474
7481 12228 21:0 7482
7482 12229 21:0 7485
7484 12218 21:0 7485
7484 12214 21:0 7487
7486 19 21:0 7487
7487 12231 21:0 7495
7494 12232 21:0 7545
7544 12233 21:0 7561
7545 12249 21:0 7545
7552 12236 21:0 7552
7558 12262 21:0 7558
7560 12234 21:0 7568
7567 12264 21:0 7585
7582 12275 21:0 7582
7584 12266 21:0 7637
7593 12276 21:0 7593
7621 12283 21:0 7621
7621 12280 21:0 7621
7626 12284 21:0 7626
7636 12265 21:0 7642
7641 12267 21:0 7647
7642 12296 21:0 7642
7646 12297 21:0 7702
7649 12289 21:0 7649
7658 12308 21:0 7658
7701 12298 21:0 7718
7702 12317 21:0 7702
7717 12299 21:0 7723
7722 12300 21:0 7773
7725 12322 21:0 7725
7772 12330 21:0 7789
7773 12349 21:0 7773
7778 12350 21:0 7778
7780 12335 21:0 7780
7788 12331 21:0 7794
7793 12332 21:0 7813
7801 12355 21:0 7801
7810 12374 21:0 7810
7812 12333 21:0 7865
7821 12375 21:0 7821
7849 12379 21:0 7849
7854 12383 21:0 7854
7856 12368 21:0 7856
7864 12363 21:0 7870
7869 12365 21:0 7875
7870 12395 21:0 7870
7874 12364 21:0 7930
7877 12388 21:0 7877
7886 12407 21:0 7886
7897 12408 21:0 7897
7925 12414 21:0 7925
7929 12366 21:0 7946
7938 12427 21:0 7938
7945 12396 21:0 7951
7946 12428 21:0 7946
7950 12397 21:0 8001
7953 12421 21:0 7953
8000 12398 21:0 8017
8006 12449 21:0 8006
8008 12434 21:0 8008
8016 12399 21:0 8027
8022 12461 21:0 8022
8026 12429 21:0 8045
8029 12454 21:0 8029
8038 12473 21:0 8038
8044 12430 21:0 8093
8049 12474 21:0 8049
8077 12478 21:0 8077
8077 12481 21:0 8077
8082 12482 21:0 8082
8090 12493 21:0 8090
8092 12431 21:0 8098
8097 12432 21:0 8103
8098 12494 21:0 8098
8102 12462 21:0 8165
8105 12487 21:0 8105
8114 12506 21:0 8114
8125 12507 21:0 8125
8153 12513 21:0 8153
8153 12514 21:0 8153
8153 12511 21:0 8153
8158 12515 21:0 8158
8160 12500 21:0 8160
8164 12463 21:0 8174
8166 12526 21:0 8166
8173 175 1:0 8175
8173 12464 21:0 8179
8174 12527 21:0 8174
8178 183 1:0 8189
8178 12465 21:0 8229
8181 12520 21:0 8181
8188 197 1:0 8188
8190 12539 21:0 8190
8192 185 1:0 8193
8196 187 1:0 8197
8201 12540 21:0 8201
8228 189 1:0 8230
8228 12495 21:0 8245
8229 12547 21:0 8229
8229 12544 21:0 8229
8229 12546 21:0 8229
8233 191 1:0 8241
8234 12548 21:0 8234
8240 199 1:0 8240
8242 12559 21:0 8242
8244 195 1:0 8246
8244 12497 21:0 8255
8249 193 1:0 8251
8250 12560 21:0 8250
8254 201 1:0 8265
8254 12496 21:0 8277
8264 215 1:0 8264
8266 12572 21:0 8266
8268 203 1:0 8269
8272 205 1:0 8273
8276 12498 21:0 8321
8277 12573 21:0 8277
8304 207 1:0 8306
8305 12579 21:0 8305
8305 12580 21:0 8305
8305 12577 21:0 8305
8309 209 1:0 8317
8310 12581 21:0 8310
8316 217 1:0 8316
8318 12592 21:0 8318
8320 213 1:0 8322
8320 12528 21:0 8326
8325 211 1:0 8327
8325 12529 21:0 8331
8326 12593 21:0 8326
8330 219 1:0 8341
8330 12530 21:0 8397
8333 12586 21:0 8333
8340 233 1:0 8340
8342 12605 21:0 8342
8344 221 1:0 8345
8348 223 1:0 8349
8353 12606 21:0 8353
8380 225 1:0 8382
8381 12610 21:0 8381
8381 12613 21:0 8381
8385 227 1:0 8393
8392 235 1:0 8392
8394 12625 21:0 8394
8396 231 1:0 8398
8396 12531 21:0 8402
8401 229 1:0 8403
8401 12561 21:0 8407
8402 12626 21:0 8402
8406 237 1:0 8417
8406 12563 21:0 8457
8409 12619 21:0 8409
8416 251 1:0 8416
8418 12638 21:0 8418
8420 239 1:0 8421
8424 241 1:0 8425
8429 12639 21:0 8429
8456 243 1:0 8458
8456 12562 21:0 8473
8457 12645 21:0 8457
8457 12646 21:0 8457
8457 12643 21:0 8457
8461 245 1:0 8469
8462 12647 21:0 8462
8468 253 1:0 8468
8470 12658 21:0 8470
8472 249 1:0 8474
8472 12564 21:0 8483
8477 247 1:0 8479
8478 12659 21:0 8478
8482 255 1:0 8493
8482 12594 21:0 8533
8485 12652 21:0 8485
8492 269 1:0 8492
8494 12671 21:0 8494
8496 257 1:0 8497
8500 259 1:0 8501
8505 12672 21:0 8505
8532 261 1:0 8534
8532 12595 21:0 8549
8533 12676 21:0 8533
8533 12678 21:0 8533
8533 12679 21:0 8533
8537 263 1:0 8545
8538 12680 21:0 8538
8540 12665 21:0 8540
8544 271 1:0 8544
8546 12691 21:0 8546
8548 267 1:0 8550
8548 12596 21:0 8554
8553 265 1:0 8555
8553 12597 21:0 8569
8558 273 1:0 8569
8559 12696 21:0 8559
8568 287 1:0 8568
8568 12627 21:0 8625
8572 275 1:0 8573
8576 277 1:0 8577
8608 279 1:0 8610
8613 281 1:0 8621
8620 289 1:0 8620
8624 285 1:0 8626
8624 12629 21:0 8630
8627 12726 21:0 8627
8629 283 1:0 8631
8629 12628 21:0 8635
8632 12727 21:0 8632
8632 12728 21:0 8632
8634 291 1:0 8645
8634 12630 21:0 8685
8635 12729 21:0 8635
8644 305 1:0 8644
8648 293 1:0 8649
8652 295 1:0 8653
8684 297 1:0 8686
8684 12660 21:0 8701
8689 299 1:0 8697
8696 307 1:0 8696
8700 303 1:0 8702
8700 12662 21:0 8711
8703 12759 21:0 8703
8705 301 1:0 8707
8708 12760 21:0 8708
8708 12761 21:0 8708
8710 309 1:0 8721
8710 12661 21:0 8761
8711 12762 21:0 8711
8720 323 1:0 8720
8724 311 1:0 8725
8728 313 1:0 8729
8760 12217 21:0 8761
8760 315 1:0 8762
8760 336 21:0 8766
8765 317 1:0 8773
8765 12216 21:0 8777
8772 325 1:0 8772
8776 321 1:0 8778
8776 12663 21:0 8782
8781 319 1:0 8783
8781 12693 21:0 8787
8786 329 1:0 8798
8786 12346 21:0 8802
8795 327 1:0 8795
8801 12417 21:0 8802
8801 12714 21:0 8802
8801 203 21:0 8802
8801 129 21:0 8802
8801 183 21:0 8802
8801 12450 21:0 8802
8801 12483 21:0 8802
8801 12516 21:0 8802
8801 149 21:0 8802
8801 8901 1:0 8804
8801 12285 21:0 8807
8806 12505 21:0 8807
8806 125 21:0 8807
8806 73 21:0 8807
8806 12703 21:0 8807
8806 217 21:0 8807
8806 12294 21:0 8807
8806 12351 21:0 8807
8806 12340 21:0 8807
8806 12525 21:0 8807
8806 35 21:0 8807
8806 197 21:0 8807
8806 287 21:0 8807
8807 12805 21:0 8817
8816 9511 1:0 8818
8816 12269 21:0 8840
8823 9515 1:0 8823
8839 12328 21:0 8840
8839 12242 21:0 8840
8839 12361 21:0 8843
8842 12341 21:0 8843
8842 12382 21:0 8843
8842 9527 1:0 8844
8842 12247 21:0 8851
8850 12329 21:0 8851
8850 12313 21:0 8851
8850 12315 21:0 8854
8853 12362 21:0 8854
8853 12316 21:0 8854
8853 9531 1:0 8855
8853 12440 21:0 8860
8859 12448 21:0 8860
8859 12412 21:0 8860
8859 12441 21:0 8863
8862 12401 21:0 8863
8862 12445 21:0 8863
8862 9534 1:0 8865
8862 12256 21:0 8888
8870 9539 1:0 8870
8887 12348 21:0 8923
8890 9552 1:0 8892
8922 12309 21:0 8942
8925 9561 1:0 8927
8934 9563 1:0 8937
8941 12447 21:0 8945
8944 9566 1:0 8947
8944 12460 21:0 8971
8952 9570 1:0 8952
8970 12762 1:0 8970
8970 12243 21:0 8971
8970 12394 21:0 8971
8970 12230 21:0 8974
8973 12250 21:0 8974
8973 12223 21:0 8974
8973 9584 1:0 8975
8973 12251 21:0 8982
8977 12760 1:0 8977
8978 12761 1:0 8978
8981 12263 21:0 8982
8981 12416 21:0 8982
8981 12295 21:0 8985
8984 9566 21:0 8985
8984 9584 21:0 8985
8984 9561 21:0 8985
8984 9534 21:0 8985
8984 9531 21:0 8985
8984 9527 21:0 8985
8984 9588 1:0 8986
8984 9552 21:0 8988
8987 12670 21:0 8988
8987 9515 21:0 8988
8987 12558 21:0 8988
8987 12426 21:0 8988
8987 12373 21:0 8988
8987 12657 21:0 8988
8987 9539 21:0 8988
8987 12624 21:0 8988
8987 9570 21:0 8988
8987 12571 21:0 8988
8987 12637 21:0 8988
8987 12492 21:0 8988
8987 8901 21:0 8988
8987 12604 21:0 8988
8987 12807 21:0 8988
8987 12591 21:0 8988
8987 12439 21:0 8988
8987 12327 21:0 8988
8988 12759 1:0 8988
8988 9588 21:0 8991
8990 319 21:0 8991
8990 301 21:0 8991
8990 317 21:0 8991
8990 321 21:0 8991
8990 303 21:0 8994
8993 315 21:0 8994
8993 309 21:0 8994
8993 13 21:0 8994
8993 12415 21:0 8994
8993 12566 21:0 8994
8993 9511 21:0 8994
8993 9591 1:0 8996
8993 12318 21:0 8996
8995 12549 21:0 8996
8995 12681 21:0 8998
8997 271 21:0 8998
8997 161 21:0 8998
8997 37 21:0 8998
8997 253 21:0 8998
8997 12736 21:0 8998
8997 269 21:0 8998
8997 163 21:0 8998
8997 233 21:0 8998
8997 325 21:0 8998
8997 143 21:0 8998
8997 199 21:0 8998
8997 327 21:0 8998
8997 323 21:0 8998
8997 251 21:0 8998
8997 235 21:0 8998
8997 305 21:0 8998
8997 12393 21:0 8998
8997 289 21:0 8998
8997 12756 21:0 8998
8997 12274 21:0 8998
8997 12261 21:0 8998
8997 12360 21:0 8998
8997 12459 21:0 8998
8997 12472 21:0 8998
8997 12241 21:0 8998
8997 12406 21:0 8998
8997 12690 21:0 8998
8997 12538 21:0 8998
8997 12307 21:0 8998
8997 53 21:0 8998
8997 89 21:0 8998
8997 215 21:0 8998
8997 109 21:0 8998
8997 71 21:0 8998
8997 181 21:0 8998
8997 127 21:0 8998
8997 107 21:0 8998
8997 12723 21:0 8998
8997 179 21:0 8998
8997 55 21:0 8998
8997 91 21:0 8998
8997 145 21:0 8998
8998 9591 21:0 9019
9001 9596 1:0 9001
9003 12756 1:0 9003
9018 299 21:0 9022
9021 9609 1:0 9023
9021 12695 21:0 9102
9056 9618 1:0 9058
9065 9620 1:0 9068
9075 9623 1:0 9078
9080 305 1:0 9080
9083 9627 1:0 9083
9085 12736 1:0 9085
9101 12729 1:0 9101
9101 12694 21:0 9105
9104 12384 21:0 9105
9104 12615 21:0 9105
9104 12342 21:0 9105
9104 9620 21:0 9105
9104 9641 1:0 9106
9104 12252 21:0 9108
9107 305 21:0 9108
9107 307 21:0 9108
9107 9627 21:0 9108
9107 9596 21:0 9108
9108 12727 1:0 9108
9108 9641 21:0 9113
9109 12728 1:0 9109
9112 12381 21:0 9113
9112 283 21:0 9113
9112 12612 21:0 9116
9115 12467 21:0 9116
9115 12599 21:0 9116
9115 9563 21:0 9116
9115 9618 21:0 9116
9115 195 21:0 9116
9115 291 21:0 9116
9115 9609 21:0 9116
9115 9623 21:0 9116
9115 9645 1:0 9117
9115 12648 21:0 9119
9119 12726 1:0 9119
9119 9645 21:0 9122
9121 285 21:0 9122
9121 12282 21:0 9122
9121 9666 1:0 9123
9121 12553 21:0 9125
9122 12723 1:0 9123
9123 289 1:0 9123
9123 9653 1:0 9123
9123 9648 1:0 9127
9124 329 21:0 9125
9124 12632 21:0 9125
9124 12533 21:0 9125
9124 121 21:0 9125
9124 297 21:0 9125
9124 313 21:0 9125
9124 311 21:0 9125
9124 295 21:0 9125
9124 293 21:0 9125
9124 12582 21:0 9127
9124 12694 1:0 9202
9126 349 21:0 9129
9126 12714 1:0 9157
9126 9675 1:0 9189
9126 9677 1:0 9199
9126 9680 1:0 9202
9126 12703 1:0 9202
9126 9684 1:0 9202
9126 287 1:0 9202
9126 12690 1:0 9257
9126 12681 1:0 9259
9126 9732 1:0 9259
9126 271 1:0 9259
9126 9734 1:0 9259
9126 9710 1:0 9259
9126 269 1:0 9276
9126 9741 1:0 9276
9126 12670 1:0 9276
9126 12657 1:0 9388
9126 9767 1:0 9390
9126 253 1:0 9390
9126 9791 1:0 9390
9126 9789 1:0 9390
9126 12637 1:0 9407
9126 9798 1:0 9407
9126 251 1:0 9407
9126 12624 1:0 9519
9126 235 1:0 9521
9126 9824 1:0 9521
9126 233 1:0 9538
9126 12604 1:0 9538
9126 9855 1:0 9538
9126 9881 1:0 9653
9126 12591 1:0 9653
9126 217 1:0 9653
9126 215 1:0 9671
9126 12571 1:0 9671
9126 9912 1:0 9671
9126 12558 1:0 9781
9126 199 1:0 9783
9126 9938 1:0 9783
9126 197 1:0 9800
9126 12538 1:0 9800
9126 9969 1:0 9800
9126 181 1:0 9914
9126 179 1:0 9914
9126 12505 1:0 9914
9126 9995 1:0 9914
9126 12525 1:0 9914
9126 10026 1:0 9931
9126 12492 1:0 10043
9126 163 1:0 10045
9126 10052 1:0 10045
9126 161 1:0 10062
9126 12472 1:0 10062
9126 10083 1:0 10062
9126 12459 1:0 10174
9126 10109 1:0 10176
9126 145 1:0 10176
9126 10140 1:0 10193
9126 12439 1:0 10193
9126 143 1:0 10193
9126 12426 1:0 10305
9126 10166 1:0 10307
9126 127 1:0 10307
9126 125 1:0 10324
9126 12406 1:0 10324
9126 10197 1:0 10324
9126 12393 1:0 10436
9126 109 1:0 10438
9126 10223 1:0 10438
9126 12373 1:0 10455
9129 9648 21:0 9150
9130 349 1:0 9168
9146 12695 1:0 9234
9147 9698 1:0 9237
9149 281 21:0 9153
9152 12302 21:0 9188
9159 12693 1:0 9249
9164 9702 1:0 9248
9187 12480 21:0 9204
9200 12302 1:0 9251
9200 9705 1:0 9258
9200 9737 1:0 9259
9200 9723 1:0 9276
9200 10254 1:0 10455
9200 107 1:0 10455
9200 12360 1:0 10567
9200 91 1:0 10569
9200 10280 1:0 10569
9203 12614 21:0 9212
9205 12480 1:0 9242
9211 9666 21:0 9228
9213 12614 1:0 9242
9213 12632 1:0 9276
9227 9680 21:0 9233
9232 12696 1:0 9232
9232 9684 21:0 9233
9232 189 21:0 9233
9232 61 21:0 9233
9232 259 21:0 9233
9232 113 21:0 9233
9232 241 21:0 9233
9232 275 21:0 9233
9232 151 21:0 9233
9232 279 21:0 9233
9232 79 21:0 9233
9232 277 21:0 9233
9232 57 21:0 9233
9232 9653 21:0 9233
9232 289 21:0 9233
9232 287 21:0 9233
9232 273 21:0 9233
9232 9677 21:0 9233
9232 9675 21:0 9233
9232 229 21:0 9233
9232 239 21:0 9233
9232 193 21:0 9233
9232 167 21:0 9233
9232 261 21:0 9233
9232 85 21:0 9233
9232 221 21:0 9233
9232 131 21:0 9233
9232 257 21:0 9233
9232 23 21:0 9233
9232 41 21:0 9233
9232 43 21:0 9233
9232 135 21:0 9236
9234 85 1:0 9242
9234 261 1:0 9251
9234 257 1:0 9259
9234 259 1:0 9259
9234 239 1:0 9390
9235 115 21:0 9236
9235 39 21:0 9236
9235 21 21:0 9236
9235 237 21:0 9236
9235 225 21:0 9236
9235 81 21:0 9236
9235 63 21:0 9236
9235 95 21:0 9236
9235 9 21:0 9236
9235 97 21:0 9236
9235 223 21:0 9236
9235 153 21:0 9236
9235 111 21:0 9236
9235 187 21:0 9236
9235 201 21:0 9236
9235 185 21:0 9236
9235 77 21:0 9236
9235 205 21:0 9236
9237 237 1:0 9382
9239 9698 21:0 9244
9241 12663 1:0 9276
9242 12661 1:0 9362
9242 9755 1:0 9368
9242 229 1:0 9373
9242 12533 1:0 9373
9242 9759 1:0 9379
9242 12553 1:0 9382
9243 265 21:0 9244
9250 9702 21:0 9253
9251 12662 1:0 9370
9251 12660 1:0 9380
9252 267 21:0 9253
9257 12630 1:0 9407
9259 241 1:0 9390
9259 9794 1:0 9390
9259 12648 1:0 9390
9259 9780 1:0 9407
9259 225 1:0 9513
9259 223 1:0 9519
9259 9848 1:0 9521
9259 12340 1:0 10586
9259 10311 1:0 10586
9259 89 1:0 10586
9259 12327 1:0 10698
9259 73 1:0 10700
9259 10337 1:0 10700
9260 12691 1:0 9260
9260 9705 21:0 9281
9262 12282 1:0 9407
9277 9762 1:0 9389
9277 9846 1:0 9521
9277 9851 1:0 9521
9280 12680 1:0 9280
9280 263 21:0 9284
9283 271 21:0 9284
9283 9710 21:0 9284
9287 9723 21:0 9316
9289 12676 1:0 9289
9289 12678 1:0 9289
9289 12679 1:0 9289
9290 12628 1:0 9493
9315 12672 1:0 9315
9315 261 21:0 9319
9322 9732 21:0 9325
9324 259 21:0 9325
9332 9734 21:0 9335
9334 257 21:0 9335
9342 12671 1:0 9342
9342 9737 21:0 9359
9347 12665 1:0 9347
9358 255 21:0 9364
9363 269 21:0 9364
9363 9741 21:0 9364
9370 9755 21:0 9375
9372 12629 1:0 9501
9373 9812 1:0 9499
9373 12467 1:0 9504
9373 193 1:0 9504
9373 9816 1:0 9510
9373 12627 1:0 9511
9373 12599 1:0 9513
9374 12659 1:0 9374
9374 247 21:0 9375
9381 9759 21:0 9384
9382 9819 1:0 9520
9382 12615 1:0 9521
9382 221 1:0 9521
9382 9837 1:0 9538
9382 12597 1:0 9538
9382 12612 1:0 9538
9382 9869 1:0 9630
9382 205 1:0 9644
9382 9905 1:0 9649
9382 201 1:0 9649
9382 9894 1:0 9653
9382 12582 1:0 9671
9382 12549 1:0 9783
9382 12516 1:0 9931
9382 10368 1:0 10717
9382 71 1:0 10717
9383 249 21:0 9384
9388 12596 1:0 9624
9391 12658 1:0 9391
9391 9762 21:0 9412
9396 12652 1:0 9396
9408 12595 1:0 9631
9409 121 1:0 9635
9409 12381 1:0 9635
9409 9873 1:0 9641
9410 12307 1:0 10717
9411 12647 1:0 9411
9411 245 21:0 9415
9414 253 21:0 9415
9414 9767 21:0 9415
9418 9780 21:0 9447
9420 12645 1:0 9420
9420 12646 1:0 9420
9420 12643 1:0 9420
9421 12342 1:0 9644
9421 203 1:0 9649
9421 9876 1:0 9651
9421 9903 1:0 9653
9421 185 1:0 9775
9421 187 1:0 9775
9421 12483 1:0 10045
9421 10394 1:0 10831
9421 55 1:0 10831
9446 12639 1:0 9446
9446 243 21:0 9450
9453 9789 21:0 9456
9455 241 21:0 9456
9463 9791 21:0 9466
9465 239 21:0 9466
9473 12638 1:0 9473
9473 9794 21:0 9490
9489 237 21:0 9495
9494 251 21:0 9495
9494 9798 21:0 9495
9501 9812 21:0 9506
9503 12594 1:0 9642
9504 9908 1:0 9671
9504 12564 1:0 9671
9504 12566 1:0 9671
9504 9926 1:0 9761
9504 12415 1:0 9766
9504 195 1:0 9766
9504 189 1:0 9775
9504 9962 1:0 9783
9504 9960 1:0 9783
9504 9951 1:0 9783
9504 10017 1:0 9914
9504 10019 1:0 9914
9505 12626 1:0 9505
9505 229 21:0 9506
9512 9816 21:0 9515
9513 12562 1:0 9755
9513 12563 1:0 9763
9514 231 21:0 9515
9519 12561 1:0 9773
9521 9930 1:0 9772
9522 12625 1:0 9522
9522 9819 21:0 9543
9524 10325 1:0 9775
9524 13 1:0 9775
9527 12619 1:0 9527
9530 12294 1:0 10831
9531 12274 1:0 10848
9539 183 1:0 9783
9539 9983 1:0 9800
9539 12450 1:0 10176
9539 53 1:0 10848
9539 10425 1:0 10848
9539 12261 1:0 10960
9539 37 1:0 10962
9539 10451 1:0 10962
9542 227 21:0 9546
9545 235 21:0 9546
9545 9824 21:0 9546
9549 9837 21:0 9578
9551 12610 1:0 9551
9551 12613 1:0 9551
9552 12531 1:0 9800
9577 12606 1:0 9577
9577 225 21:0 9581
9584 9846 21:0 9587
9586 223 21:0 9587
9594 9848 21:0 9597
9596 221 21:0 9597
9604 12605 1:0 9604
9604 9851 21:0 9621
9620 219 21:0 9626
9625 9855 21:0 9626
9625 233 21:0 9626
9632 9869 21:0 9637
9634 9933 1:0 9782
9634 9965 1:0 9800
9634 10044 1:0 9800
9634 10158 1:0 9897
9634 10439 1:0 9897
9634 9987 1:0 9897
9634 10101 1:0 9897
9634 10022 1:0 9914
9634 167 1:0 9914
9634 10008 1:0 9931
9634 151 1:0 10043
9634 149 1:0 10045
9634 10076 1:0 10045
9635 12530 1:0 9886
9635 12529 1:0 9893
9636 12593 1:0 9636
9636 211 21:0 9637
9643 9873 21:0 9646
9644 12528 1:0 9904
9644 10211 1:0 9906
9644 10268 1:0 9906
9644 10040 1:0 9906
9644 9990 1:0 9913
9644 12295 1:0 9931
9644 12263 1:0 10028
9645 213 21:0 9646
9650 12498 1:0 9931
9652 10047 1:0 10037
9653 12592 1:0 9653
9653 9876 21:0 9674
9655 10482 1:0 10979
9655 35 1:0 10979
9658 12586 1:0 9658
9671 12496 1:0 10017
9672 12241 1:0 10979
9673 12581 1:0 9673
9673 209 21:0 9677
9676 217 21:0 9677
9676 9881 21:0 9677
9680 9894 21:0 9709
9682 12579 1:0 9682
9682 12580 1:0 9682
9682 12577 1:0 9682
9683 12416 1:0 10028
9683 153 1:0 10037
9683 10074 1:0 10045
9683 10079 1:0 10045
9683 10065 1:0 10062
9683 135 1:0 10168
9683 131 1:0 10168
9683 10131 1:0 10176
9683 10133 1:0 10176
9683 12417 1:0 10307
9683 19 1:0 11088
9683 10508 1:0 11088
9683 12228 1:0 11099
9708 12573 1:0 9708
9708 207 21:0 9712
9715 9903 21:0 9718
9717 205 21:0 9718
9725 9905 21:0 9728
9727 203 21:0 9728
9735 12572 1:0 9735
9735 9908 21:0 9752
9751 201 21:0 9757
9756 215 21:0 9757
9756 9912 21:0 9757
9763 9926 21:0 9768
9765 12497 1:0 10025
9766 12495 1:0 10035
9766 12460 1:0 10037
9766 12447 1:0 10062
9766 10097 1:0 10062
9766 12441 1:0 10159
9767 12560 1:0 9767
9767 193 21:0 9768
9774 9930 21:0 9777
9775 12465 1:0 10062
9775 12464 1:0 10148
9776 195 21:0 9777
9781 12463 1:0 10155
9783 129 1:0 10176
9783 12384 1:0 10438
9783 17 1:0 11176
9783 10539 1:0 11179
9783 12208 1:0 11181
9784 12559 1:0 9784
9784 9933 21:0 9805
9786 12445 1:0 10159
9801 12448 1:0 10168
9804 12548 1:0 9804
9804 191 21:0 9808
9807 199 21:0 9808
9807 9938 21:0 9808
9811 9951 21:0 9840
9813 12547 1:0 9813
9813 12544 1:0 9813
9813 12546 1:0 9813
9814 12462 1:0 10166
9839 12540 1:0 9839
9839 189 21:0 9843
9846 9960 21:0 9849
9848 187 21:0 9849
9856 9962 21:0 9859
9858 185 21:0 9859
9866 12539 1:0 9866
9866 9965 21:0 9883
9882 183 21:0 9888
9887 9969 21:0 9888
9887 197 21:0 9888
9894 9983 21:0 9899
9896 10104 1:0 10168
9896 10122 1:0 10176
9896 12440 1:0 10193
9896 10136 1:0 10193
9896 10154 1:0 10193
9896 12394 1:0 10290
9896 111 1:0 10299
9896 10193 1:0 10307
9897 12432 1:0 10193
9897 12431 1:0 10279
9898 12527 1:0 9898
9898 175 21:0 9899
9905 9987 21:0 9908
9906 12430 1:0 10286
9906 12251 1:0 10290
9906 10275 1:0 10299
9906 12401 1:0 10299
9906 12412 1:0 10324
9912 12429 1:0 10297
9915 12526 1:0 9915
9915 9990 21:0 9936
9920 12520 1:0 9920
9933 12399 1:0 10324
9935 12515 1:0 9935
9935 9995 21:0 9936
9942 10008 21:0 9971
9944 12513 1:0 9944
9944 12514 1:0 9944
9944 12511 1:0 9944
9945 115 1:0 10305
9945 113 1:0 10305
9945 10161 1:0 10306
9945 10188 1:0 10307
9945 10190 1:0 10307
9945 10179 1:0 10324
9945 10215 1:0 10427
9945 95 1:0 10436
9945 10247 1:0 10438
9945 12351 1:0 10569
9970 12507 1:0 9970
9977 10017 21:0 9980
9987 10019 21:0 9990
9997 12506 1:0 9997
9997 10022 21:0 10014
10002 12500 1:0 10002
10013 10026 21:0 10014
10025 10040 21:0 10030
10027 12398 1:0 10410
10028 12397 1:0 10417
10028 12348 1:0 10421
10028 12309 1:0 10421
10028 12316 1:0 10430
10029 12494 1:0 10029
10036 10044 21:0 10039
10037 12396 1:0 10428
10037 12366 1:0 10455
10040 97 1:0 10436
10040 10245 1:0 10438
10040 10250 1:0 10438
10040 10236 1:0 10455
10040 12318 1:0 10700
10043 10218 1:0 10437
10043 12382 1:0 10455
10046 12493 1:0 10046
10046 10047 21:0 10067
10051 12487 1:0 10051
10063 12364 1:0 10541
10064 12362 1:0 10552
10066 12482 1:0 10066
10066 10052 21:0 10067
10073 10065 21:0 10102
10075 12478 1:0 10075
10075 12481 1:0 10075
10076 12341 1:0 10552
10076 12361 1:0 10561
10101 12474 1:0 10101
10108 10074 21:0 10111
10118 10076 21:0 10121
10128 12473 1:0 10128
10128 10079 21:0 10145
10144 10083 21:0 10145
10156 10097 21:0 10161
10158 12365 1:0 10549
10159 10272 1:0 10558
10159 12363 1:0 10559
10159 81 1:0 10561
10159 77 1:0 10567
10159 79 1:0 10567
10159 10304 1:0 10569
10159 10302 1:0 10569
10159 10307 1:0 10569
10159 10293 1:0 10586
10159 10329 1:0 10586
10159 12346 1:0 10586
10160 12461 1:0 10160
10167 10101 21:0 10170
10168 12333 1:0 10586
10168 12332 1:0 10672
10174 12331 1:0 10679
10176 10332 1:0 10692
10177 10104 21:0 10198
10179 12329 1:0 10683
10182 12454 1:0 10182
10194 12315 1:0 10683
10195 57 1:0 10692
10195 12313 1:0 10692
10195 63 1:0 10692
10195 61 1:0 10700
10195 10361 1:0 10700
10195 10359 1:0 10700
10195 10350 1:0 10700
10195 43 1:0 10831
10197 12449 1:0 10197
10197 10109 21:0 10198
10204 10122 21:0 10233
10207 12328 1:0 10700
10207 10364 1:0 10717
10207 39 1:0 10823
10207 41 1:0 10831
10207 10416 1:0 10831
10207 12285 1:0 10848
10239 10131 21:0 10242
10249 10133 21:0 10252
10259 10136 21:0 10276
10264 12434 1:0 10264
10275 10140 21:0 10276
10287 10154 21:0 10292
10289 12330 1:0 10690
10290 10382 1:0 10717
10290 12300 1:0 10717
10290 12250 1:0 10814
10290 12223 1:0 10814
10291 12428 1:0 10291
10298 10158 21:0 10301
10299 12299 1:0 10803
10299 12298 1:0 10810
10305 12297 1:0 10821
10307 10386 1:0 10820
10308 12427 1:0 10308
10308 10161 21:0 10329
10310 12230 1:0 10823
10313 12421 1:0 10313
10325 12269 1:0 10848
10326 10389 1:0 10830
10326 10418 1:0 10831
10326 10407 1:0 10831
10326 10421 1:0 10848
10326 12252 1:0 10962
10326 23 1:0 10962
10328 10166 21:0 10329
10335 10179 21:0 10364
10337 12414 1:0 10337
10338 12243 1:0 10945
10363 12408 1:0 10363
10370 10188 21:0 10373
10380 10190 21:0 10383
10390 12407 1:0 10390
10390 10193 21:0 10407
10406 10197 21:0 10407
10418 10211 21:0 10423
10420 12267 1:0 10848
10421 12265 1:0 10934
10421 12266 1:0 10942
10422 12395 1:0 10422
10429 10215 21:0 10432
10430 12256 1:0 10945
10430 10443 1:0 10951
10430 12264 1:0 10952
10430 21 1:0 10954
10430 12247 1:0 10954
10430 10446 1:0 10961
10430 10475 1:0 10962
10430 10464 1:0 10962
10430 10473 1:0 10962
10430 10478 1:0 10979
10430 12219 1:0 11116
10430 7 1:0 11116
10436 12234 1:0 10979
10438 9 1:0 11115
10438 10521 1:0 11116
10438 10530 1:0 11154
10438 5 1:0 11159
10438 10532 1:0 11164
10439 10218 21:0 10460
10441 12242 1:0 10979
10444 12388 1:0 10444
10459 12383 1:0 10459
10459 10223 21:0 10460
10466 10236 21:0 10495
10468 12379 1:0 10468
10469 12233 1:0 11065
10494 12375 1:0 10494
10501 10245 21:0 10504
10511 10247 21:0 10514
10521 12374 1:0 10521
10521 10250 21:0 10538
10526 12368 1:0 10526
10537 10254 21:0 10538
10549 10268 21:0 10554
10551 12232 1:0 11072
10552 10496 1:0 11071
10552 12210 1:0 11076
10552 10500 1:0 11082
10552 12231 1:0 11083
10552 12216 1:0 11085
10560 10272 21:0 10563
10561 10503 1:0 11088
10561 336 1:0 11088
10561 12217 1:0 11088
10561 12229 1:0 11093
10561 12218 1:0 11113
10561 12214 1:0 11116
10561 3 1:0 11167
10561 12209 1:0 11167
10561 10535 1:0 11174
10561 337 1:0 11194
10570 10275 21:0 10591
10575 12355 1:0 10575
10590 12350 1:0 10590
10590 10280 21:0 10591
10597 10293 21:0 10626
10599 12349 1:0 10599
10632 10302 21:0 10635
10642 10304 21:0 10645
10652 10307 21:0 10669
10657 12335 1:0 10657
10668 10311 21:0 10669
10680 10325 21:0 10685
10691 10329 21:0 10694
10701 10332 21:0 10722
10706 12322 1:0 10706
10721 12317 1:0 10721
10721 10337 21:0 10722
10728 10350 21:0 10757
10763 10359 21:0 10766
10773 10361 21:0 10776
10783 12308 1:0 10783
10783 10364 21:0 10800
10799 10368 21:0 10800
10811 10382 21:0 10816
10815 12296 1:0 10815
10822 10386 21:0 10825
10832 10389 21:0 10853
10837 12289 1:0 10837
10852 12284 1:0 10852
10852 10394 21:0 10853
10859 10407 21:0 10888
10861 12283 1:0 10861
10861 12280 1:0 10861
10887 12276 1:0 10887
10894 10416 21:0 10897
10904 10418 21:0 10907
10914 12275 1:0 10914
10914 10421 21:0 10931
10930 10425 21:0 10931
10942 10439 21:0 10947
10953 10443 21:0 10956
10963 12262 1:0 10963
10963 10446 21:0 10984
10983 10451 21:0 10984
10990 10464 21:0 11019
10992 12249 1:0 10992
11025 10473 21:0 11028
11035 10475 21:0 11038
11045 10478 21:0 11062
11050 12236 1:0 11050
11061 10482 21:0 11062
11073 10496 21:0 11078
11084 10500 21:0 11087
11094 10503 21:0 11115
11114 10508 21:0 11115
11121 10521 21:0 11150
11156 10530 21:0 11159
11166 10532 21:0 11169
11181 10539 21:0 11182
11192 336 21:0 11210
11209 13860 21:0 11242
11241 17 21:0 11242
11241 5 21:0 11242
11241 7 21:0 11242
11241 13859 21:0 11242
11241 10535 21:0 11242
11241 3 21:0 11242
11242 13865 21:0 11258
11257 13869 21:0 11258
11257 337 21:0 11258
11257 9 21:0 11258
11257 13879 21:0 11258
11257 19 21:0 11258
11257 13870 21:0 11258
11260 13882 21:0 11268
11267 13883 21:0 11318
11270 13874 21:0 11270
11279 13893 21:0 11279
11290 13894 21:0 11290
11317 13884 21:0 11334
11318 13898 21:0 11318
11323 13902 21:0 11323
11325 13887 21:0 11325
11333 13885 21:0 11341
11334 29 21:0 11334
11339 13914 21:0 11339
11340 13915 21:0 11358
11357 13917 21:0 11410
11394 13931 21:0 11394
11394 13934 21:0 11394
11399 13935 21:0 11399
11407 13946 21:0 11407
11409 13918 21:0 11415
11414 13916 21:0 11420
11415 51 21:0 11415
11415 13947 21:0 11415
11419 13948 21:0 11475
11422 13940 21:0 11422
11431 13959 21:0 11431
11442 13960 21:0 11442
11470 13966 21:0 11470
11470 13964 21:0 11470
11470 13967 21:0 11470
11474 13950 21:0 11491
11477 13953 21:0 11477
11483 13979 21:0 11483
11490 13949 21:0 11496
11491 69 21:0 11491
11491 13980 21:0 11491
11495 13951 21:0 11546
11498 13973 21:0 11498
11507 13992 21:0 11507
11545 13981 21:0 11562
11546 13997 21:0 11546
11546 14000 21:0 11546
11546 13999 21:0 11546
11551 14001 21:0 11551
11559 14012 21:0 11559
11561 13983 21:0 11567
11562 83 21:0 11562
11566 13982 21:0 11586
11567 14013 21:0 11567
11583 14025 21:0 11583
11585 13984 21:0 11638
11594 14026 21:0 11594
11622 14032 21:0 11622
11629 14019 21:0 11629
11635 14045 21:0 11635
11637 14014 21:0 11643
11638 101 21:0 11638
11642 14016 21:0 11648
11643 14046 21:0 11643
11647 14015 21:0 11703
11650 14039 21:0 11650
11659 14058 21:0 11659
11670 14059 21:0 11670
11698 14066 21:0 11698
11698 14063 21:0 11698
11698 14065 21:0 11698
11702 14017 21:0 11719
11703 14067 21:0 11703
11705 14052 21:0 11705
11711 14078 21:0 11711
11714 119 21:0 11714
11718 14047 21:0 11724
11719 14079 21:0 11719
11723 14048 21:0 11774
11724 121 21:0 11724
11726 14072 21:0 11726
11746 14092 21:0 11746
11773 14049 21:0 11790
11774 14098 21:0 11774
11774 14096 21:0 11774
11774 14099 21:0 11774
11779 14100 21:0 11779
11781 14085 21:0 11781
11787 14111 21:0 11787
11789 14050 21:0 11795
11794 14080 21:0 11814
11795 141 21:0 11795
11795 14112 21:0 11795
11802 14105 21:0 11802
11811 14124 21:0 11811
11813 14081 21:0 11866
11822 14125 21:0 11822
11850 14129 21:0 11850
11850 14132 21:0 11850
11850 14131 21:0 11850
11855 14133 21:0 11855
11857 14118 21:0 11857
11863 14144 21:0 11863
11865 14082 21:0 11871
11866 155 21:0 11866
11870 14083 21:0 11876
11875 14113 21:0 11931
11876 157 21:0 11876
11878 14138 21:0 11878
11887 14157 21:0 11887
11898 14158 21:0 11898
11926 14162 21:0 11926
11926 14165 21:0 11926
11926 14164 21:0 11926
11930 14115 21:0 11947
11931 14166 21:0 11931
11933 14151 21:0 11933
11939 14177 21:0 11939
11946 175 1:0 11948
11946 14116 21:0 11952
11947 177 21:0 11947
11947 14178 21:0 11947
11951 183 1:0 11962
11951 14114 21:0 12002
11952 175 21:0 11952
11954 14171 21:0 11954
11961 197 1:0 11961
11963 14190 21:0 11963
11965 185 1:0 11966
11969 187 1:0 11970
11974 14191 21:0 11974
12001 189 1:0 12003
12001 14146 21:0 12018
12002 14197 21:0 12002
12002 14195 21:0 12002
12002 14198 21:0 12002
12006 191 1:0 12014
12007 14199 21:0 12007
12009 14184 21:0 12009
12013 199 1:0 12013
12015 14210 21:0 12015
12017 195 1:0 12019
12017 14147 21:0 12023
12018 191 21:0 12018
12022 193 1:0 12024
12022 14148 21:0 12042
12023 195 21:0 12023
12023 14211 21:0 12023
12027 201 1:0 12038
12028 193 21:0 12028
12030 14204 21:0 12030
12037 215 1:0 12037
12039 14223 21:0 12039
12041 203 1:0 12042
12041 14149 21:0 12094
12045 205 1:0 12046
12050 14224 21:0 12050
12077 207 1:0 12079
12078 14228 21:0 12078
12078 14230 21:0 12078
12078 14231 21:0 12078
12082 209 1:0 12090
12083 14232 21:0 12083
12085 14217 21:0 12085
12089 217 1:0 12089
12091 14243 21:0 12091
12093 213 1:0 12095
12093 14179 21:0 12099
12094 209 21:0 12094
12098 211 1:0 12100
12098 14181 21:0 12104
12099 213 21:0 12099
12099 14244 21:0 12099
12103 219 1:0 12114
12103 14180 21:0 12159
12104 211 21:0 12104
12106 14237 21:0 12106
12113 233 1:0 12113
12115 14256 21:0 12115
12117 221 1:0 12118
12121 223 1:0 12122
12126 14257 21:0 12126
12153 225 1:0 12155
12154 14264 21:0 12154
12154 14261 21:0 12154
12154 14263 21:0 12154
12158 227 1:0 12166
12158 14182 21:0 12175
12159 14265 21:0 12159
12161 14250 21:0 12161
12165 235 1:0 12165
12167 14276 21:0 12167
12169 231 1:0 12171
12174 229 1:0 12176
12174 14213 21:0 12180
12175 231 21:0 12175
12175 14277 21:0 12175
12179 237 1:0 12190
12179 14214 21:0 12230
12180 229 21:0 12180
12182 14270 21:0 12182
12189 251 1:0 12189
12191 14289 21:0 12191
12193 239 1:0 12194
12197 241 1:0 12198
12202 14290 21:0 12202
12229 243 1:0 12231
12229 14212 21:0 12246
12230 14294 21:0 12230
12230 14296 21:0 12230
12230 14297 21:0 12230
12234 245 1:0 12242
12235 14298 21:0 12235
12237 14283 21:0 12237
12241 253 1:0 12241
12243 14309 21:0 12243
12245 249 1:0 12247
12245 14215 21:0 12251
12250 247 1:0 12252
12250 14245 21:0 12270
12251 249 21:0 12251
12251 14310 21:0 12251
12255 255 1:0 12266
12256 247 21:0 12256
12258 14303 21:0 12258
12265 269 1:0 12265
12267 14322 21:0 12267
12269 257 1:0 12270
12269 14247 21:0 12322
12273 259 1:0 12274
12278 14323 21:0 12278
12305 261 1:0 12307
12306 14327 21:0 12306
12306 14329 21:0 12306
12306 14330 21:0 12306
12310 263 1:0 12318
12311 14331 21:0 12311
12313 14316 21:0 12313
12317 271 1:0 12317
12319 14342 21:0 12319
12321 267 1:0 12323
12321 14246 21:0 12327
12322 263 21:0 12322
12326 265 1:0 12328
12326 14248 21:0 12332
12327 14343 21:0 12327
12331 273 1:0 12342
12331 14278 21:0 12387
12332 14347 21:0 12332
12334 14336 21:0 12334
12341 287 1:0 12341
12343 14355 21:0 12343
12345 275 1:0 12346
12349 277 1:0 12350
12354 14356 21:0 12354
12381 279 1:0 12383
12382 14362 21:0 12382
12382 14360 21:0 12382
12382 14363 21:0 12382
12386 281 1:0 12394
12386 14280 21:0 12403
12387 14364 21:0 12387
12389 14349 21:0 12389
12393 289 1:0 12393
12395 14375 21:0 12395
12397 285 1:0 12399
12400 14378 21:0 12400
12400 14377 21:0 12400
12402 283 1:0 12404
12402 14279 21:0 12408
12403 14376 21:0 12403
12404 14378 1:0 12404
12405 14378 21:0 12405
12405 14379 21:0 12405
12407 291 1:0 12418
12407 14281 21:0 12458
12408 14380 21:0 12408
12410 14369 21:0 12410
12417 305 1:0 12417
12419 14388 21:0 12419
12421 293 1:0 12422
12425 295 1:0 12426
12430 14389 21:0 12430
12457 297 1:0 12459
12457 14311 21:0 12474
12458 14395 21:0 12458
12458 14393 21:0 12458
12458 14396 21:0 12458
12462 299 1:0 12470
12463 14397 21:0 12463
12465 14382 21:0 12465
12469 307 1:0 12469
12471 14408 21:0 12471
12473 13867 21:0 12474
12473 303 1:0 12475
12473 13868 21:0 12479
12476 14410 21:0 12476
12478 13861 21:0 12479
12478 13880 21:0 12479
12478 301 1:0 12480
12478 14313 21:0 12498
12479 14409 21:0 12479
12481 14411 21:0 12481
12481 14412 21:0 12481
12483 309 1:0 12494
12484 14413 21:0 12484
12486 14402 21:0 12486
12493 323 1:0 12493
12495 14421 21:0 12495
12497 311 1:0 12498
12497 14312 21:0 12550
12501 313 1:0 12502
12506 14422 21:0 12506
12533 315 1:0 12535
12534 14426 21:0 12534
12534 14428 21:0 12534
12534 14429 21:0 12534
12538 317 1:0 12546
12539 14430 21:0 12539
12541 14415 21:0 12541
12545 325 1:0 12545
12547 14441 21:0 12547
12549 321 1:0 12551
12549 14314 21:0 12555
12552 14444 21:0 12552
12552 14443 21:0 12552
12554 319 1:0 12556
12554 14344 21:0 12560
12556 14444 1:0 12556
12557 14445 21:0 12557
12557 14444 21:0 12557
12559 329 1:0 12571
12559 14345 21:0 12623
12568 327 1:0 12568
12574 8901 1:0 12577
12589 9511 1:0 12591
12596 9515 1:0 12596
12611 6204 1:0 12611
12612 6205 1:0 12612
12622 14346 21:0 12626
12625 9527 1:0 12627
12625 13900 21:0 12634
12629 14444 1:0 12629
12630 14445 1:0 12630
12633 13901 21:0 12634
12633 14034 21:0 12634
12633 14033 21:0 12637
12636 13913 21:0 12637
12636 13926 21:0 12637
12636 9531 1:0 12638
12636 13920 21:0 12643
12640 14443 1:0 12640
12642 13881 21:0 12643
12642 13933 21:0 12643
12642 14006 21:0 12646
12645 13927 21:0 12646
12645 13907 21:0 12646
12645 9534 1:0 12648
12645 13968 21:0 12671
12650 14441 1:0 12650
12650 9539 1:0 12650
12651 9552 1:0 12669
12670 14430 1:0 12670
12670 9566 1:0 12672
12670 13986 21:0 12706
12670 6283 1:0 12672
12673 6278 1:0 12704
12673 6271 1:0 12704
12673 6279 1:0 12707
12679 14426 1:0 12679
12679 14428 1:0 12679
12679 14429 1:0 12679
12705 14422 1:0 12705
12705 9561 1:0 12707
12705 135 21:0 12709
12705 6277 1:0 12707
12708 165 21:0 12709
12708 189 21:0 12715
12708 6280 1:0 12723
12714 111 21:0 12718
12717 117 21:0 12718
12717 9563 1:0 12720
12717 75 21:0 12725
12717 6275 1:0 12723
12724 57 21:0 12725
12724 21 21:0 12725
12724 81 21:0 12725
12724 171 21:0 12725
12724 27 21:0 12725
12724 147 21:0 12728
12724 6274 1:0 12726
12724 6276 1:0 12726
12724 6272 1:0 12726
12724 6273 1:0 12726
12724 6281 1:0 12726
12726 9570 1:0 12726
12727 14035 21:0 12728
12727 133 21:0 12728
12727 13903 21:0 12728
12727 329 21:0 12728
12727 14233 21:0 12728
12727 14101 21:0 12728
12727 14068 21:0 12728
12727 61 21:0 12728
12727 151 21:0 12728
12727 14002 21:0 12728
12727 153 21:0 12728
12727 45 21:0 12728
12727 99 21:0 12728
12727 9511 21:0 12728
12727 59 21:0 12730
12727 6282 1:0 12803
12727 6284 1:0 12813
12729 41 21:0 12734
12732 14421 1:0 12732
12733 185 21:0 12739
12737 14415 1:0 12737
12738 23 21:0 12742
12741 79 21:0 12748
12747 13936 21:0 12749
12748 115 21:0 12756
12755 14167 21:0 12761
12760 14222 21:0 12761
12760 14123 21:0 12761
12760 14077 21:0 12761
12760 14143 21:0 12761
12760 13958 21:0 12761
12760 14011 21:0 12761
12760 14057 21:0 12761
12760 14044 21:0 12761
12760 14090 21:0 12763
12762 14189 21:0 12763
12762 14110 21:0 12764
12763 14024 21:0 12764
12763 13945 21:0 12764
12763 14242 21:0 12765
12764 13991 21:0 12766
12765 14176 21:0 12766
12765 14209 21:0 12766
12765 13978 21:0 12768
12767 13925 21:0 12769
12768 13892 21:0 12769
12769 6274 21:0 12794
12793 6276 21:0 12801
12800 6273 21:0 12806
12805 14134 21:0 12809
12808 327 21:0 12809
12808 13912 21:0 12809
12808 14458 21:0 12809
12808 14156 21:0 12809
12808 14321 21:0 12809
12808 14275 21:0 12809
12808 14341 21:0 12809
12808 14374 21:0 12809
12808 14354 21:0 12809
12808 14255 21:0 12809
12808 14308 21:0 12809
12808 14288 21:0 12809
12808 6204 21:0 12809
12808 6205 21:0 12809
12809 6282 21:0 12844
12822 6285 1:0 12822
12823 6286 1:0 12823
12832 6287 1:0 12832
12833 6288 1:0 12833
12843 14413 1:0 12843
12843 6284 21:0 12844
12843 6281 21:0 12844
12843 6280 21:0 12844
12843 6279 21:0 12844
12843 6283 21:0 12847
12846 315 21:0 12847
12846 319 21:0 12847
12846 321 21:0 12847
12846 317 21:0 12847
12846 6272 21:0 12847
12846 313 21:0 12847
12846 311 21:0 12847
12846 309 21:0 12847
12846 6278 21:0 12847
12846 6277 21:0 12847
12846 6275 21:0 12847
12846 6271 21:0 12847
12846 9584 1:0 12848
12846 13993 21:0 12855
12850 14411 1:0 12850
12851 14412 1:0 12851
12854 14409 1:0 12854
12854 14030 21:0 12855
12854 14091 21:0 12855
12854 14145 21:0 12858
12857 109 21:0 12858
12857 349 21:0 12858
12857 14398 21:0 12858
12857 295 21:0 12858
12857 293 21:0 12858
12857 323 21:0 12858
12857 325 21:0 12858
12857 77 21:0 12858
12857 43 21:0 12858
12857 13969 21:0 12858
12857 14200 21:0 12858
12857 14266 21:0 12858
12857 14299 21:0 12858
12857 14332 21:0 12858
12857 14365 21:0 12858
12857 167 21:0 12858
12857 223 21:0 12858
12857 149 21:0 12858
12857 203 21:0 12858
12857 241 21:0 12858
12857 259 21:0 12858
12857 187 21:0 12858
12857 277 21:0 12858
12857 221 21:0 12858
12857 239 21:0 12858
12857 25 21:0 12858
12857 131 21:0 12858
12857 257 21:0 12858
12857 205 21:0 12858
12857 95 21:0 12858
12857 113 21:0 12858
12857 97 21:0 12858
12857 169 21:0 12858
12857 275 21:0 12858
12857 6287 21:0 12858
12857 271 21:0 12858
12857 269 21:0 12858
12857 145 21:0 12858
12857 197 21:0 12858
12857 35 21:0 12858
12857 243 21:0 12858
12857 37 21:0 12858
12857 127 21:0 12858
12857 287 21:0 12858
12857 143 21:0 12858
12857 6288 21:0 12858
12857 129 21:0 12858
12857 6286 21:0 12858
12857 6285 21:0 12858
12857 253 21:0 12858
12857 289 21:0 12858
12857 55 21:0 12858
12857 125 21:0 12858
12857 89 21:0 12858
12857 233 21:0 12858
12857 235 21:0 12858
12857 251 21:0 12858
12857 14387 21:0 12858
12857 71 21:0 12858
12857 307 21:0 12858
12857 14456 21:0 12858
12857 305 21:0 12858
12857 199 21:0 12858
12857 163 21:0 12858
12857 14407 21:0 12858
12857 161 21:0 12858
12857 91 21:0 12858
12857 179 21:0 12858
12857 217 21:0 12858
12857 181 21:0 12858
12857 53 21:0 12858
12857 73 21:0 12858
12857 215 21:0 12858
12857 107 21:0 12858
12857 9588 1:0 12859
12861 14410 1:0 12861
12863 243 1:0 12865
12863 14145 1:0 12865
12863 14091 1:0 12865
12863 129 1:0 12865
12863 14456 1:0 12865
12866 205 1:0 12867
12866 275 1:0 12867
12866 169 1:0 12867
12866 187 1:0 12867
12866 293 1:0 12867
12866 295 1:0 12867
12866 95 1:0 12867
12866 113 1:0 12867
12866 97 1:0 12867
12866 9591 1:0 12869
12866 13993 1:0 12871
12866 99 1:0 12871
12866 14030 1:0 12871
12868 257 1:0 12871
12871 14408 1:0 12871
12871 9596 1:0 12871
12871 14407 1:0 12871
12871 307 1:0 12871
12872 9609 1:0 12890
12873 307 21:0 12874
12876 14402 1:0 12876
12876 9596 21:0 12877
12891 14397 1:0 12891
12891 9623 1:0 12893
12891 131 1:0 12893
12891 25 1:0 12893
12891 239 1:0 12893
12891 6431 1:0 12893
12894 14398 1:0 12899
12894 349 1:0 12903
12894 6424 1:0 12925
12894 6425 1:0 12925
12894 6429 1:0 12928
12900 14395 1:0 12900
12900 14393 1:0 12900
12900 14396 1:0 12900
12904 221 1:0 12925
12917 349 21:0 12927
12926 14389 1:0 12926
12926 9618 1:0 12928
12926 6418 1:0 12928
12929 6426 1:0 12944
12933 9618 21:0 12936
12938 9620 1:0 12941
12938 6420 1:0 12944
12940 9618 1:0 12945
12945 6421 1:0 12947
12945 6423 1:0 12947
12945 6419 1:0 12947
12945 6430 1:0 12947
12945 6422 1:0 12947
12946 14387 1:0 12947
12947 9627 1:0 12947
12947 305 1:0 12947
12947 307 1:0 12947
12948 6427 1:0 13014
12948 6428 1:0 13023
12953 14388 1:0 12953
12958 14382 1:0 12958
12958 9627 21:0 12959
12973 305 21:0 12974
12973 307 21:0 12974
12990 6421 21:0 13015
13016 305 1:0 13017
13016 9627 1:0 13017
13017 6432 1:0 13017
13018 45 1:0 13063
13020 6427 21:0 13065
13044 6433 1:0 13044
13051 307 1:0 13051
13053 9596 1:0 13053
13053 6434 1:0 13053
13054 6435 1:0 13054
13064 14380 1:0 13064
13064 6431 21:0 13065
13064 6428 21:0 13065
13064 6429 21:0 13065
13064 6426 21:0 13065
13064 6430 21:0 13065
13064 6419 21:0 13068
13064 14346 1:0 13074
13067 305 21:0 13068
13067 307 21:0 13068
13067 6434 21:0 13068
13067 6435 21:0 13068
13067 6433 21:0 13068
13067 6423 21:0 13068
13067 6422 21:0 13068
13067 299 21:0 13068
13067 6420 21:0 13068
13067 303 21:0 13068
13067 301 21:0 13068
13067 6432 21:0 13068
13067 6425 21:0 13068
13067 6418 21:0 13068
13067 297 21:0 13068
13067 291 21:0 13068
13067 295 21:0 13068
13067 293 21:0 13068
13067 6424 21:0 13068
13067 9641 1:0 13069
13067 9869 1:0 13074
13067 9819 1:0 13074
13067 9812 1:0 13074
13071 14378 1:0 13071
13072 14379 1:0 13072
13075 14376 1:0 13075
13075 14345 1:0 13083
13078 9645 1:0 13080
13078 277 1:0 13083
13078 9816 1:0 13083
13078 9762 1:0 13083
13078 77 1:0 13083
13078 147 1:0 13083
13078 153 1:0 13083
13082 14377 1:0 13082
13084 14344 1:0 13111
13087 241 1:0 13088
13087 259 1:0 13088
13087 9648 1:0 13090
13087 27 1:0 13092
13087 81 1:0 13092
13087 9755 1:0 13111
13087 9759 1:0 13111
13089 203 1:0 13092
13092 14375 1:0 13092
13092 14374 1:0 13092
13092 9653 1:0 13092
13092 289 1:0 13092
13093 9680 1:0 13111
13094 289 21:0 13095
13097 14369 1:0 13097
13097 9653 21:0 13098
13112 14364 1:0 13112
13112 223 1:0 13114
13112 9666 1:0 13114
13112 149 1:0 13114
13112 167 1:0 13114
13112 6573 1:0 13114
13115 14365 1:0 13120
13115 349 1:0 13124
13115 6572 1:0 13146
13115 6571 1:0 13146
13115 6574 1:0 13149
13121 14362 1:0 13121
13121 14360 1:0 13121
13121 14363 1:0 13121
13125 9675 1:0 13146
13138 349 21:0 13148
13147 14356 1:0 13147
13147 9677 1:0 13149
13147 6565 1:0 13149
13150 6577 1:0 13165
13154 9675 21:0 13157
13159 9732 1:0 13165
13159 6568 1:0 13165
13161 9675 1:0 13166
13166 289 1:0 13166
13166 287 1:0 13166
13166 6567 1:0 13168
13166 6566 1:0 13168
13166 6570 1:0 13168
13166 6575 1:0 13168
13166 6569 1:0 13168
13167 14354 1:0 13168
13168 9684 1:0 13168
13168 6579 1:0 13168
13169 6576 1:0 13245
13169 6578 1:0 13255
13174 14355 1:0 13174
13179 14349 1:0 13179
13194 289 21:0 13195
13201 6566 21:0 13253
13239 9737 1:0 13284
13252 6569 21:0 13260
13261 6578 21:0 13286
13265 6580 1:0 13265
13272 289 1:0 13272
13274 9653 1:0 13274
13274 6581 1:0 13274
13275 6582 1:0 13275
13285 14347 1:0 13285
13285 6574 21:0 13286
13285 6577 21:0 13286
13285 6575 21:0 13286
13285 6576 21:0 13286
13285 6573 21:0 13289
13285 14314 1:0 13295
13288 6579 21:0 13289
13288 275 21:0 13289
13288 277 21:0 13289
13288 287 21:0 13289
13288 289 21:0 13289
13288 273 21:0 13289
13288 279 21:0 13289
13288 281 21:0 13289
13288 6580 21:0 13289
13288 6572 21:0 13289
13288 6565 21:0 13289
13288 283 21:0 13289
13288 6571 21:0 13289
13288 6570 21:0 13289
13288 6567 21:0 13289
13288 6568 21:0 13289
13288 285 21:0 13289
13288 6581 21:0 13289
13288 6582 21:0 13289
13288 9698 1:0 13290
13288 9702 1:0 13295
13288 9705 1:0 13295
13288 10446 1:0 13295
13296 14343 1:0 13296
13296 14312 1:0 13304
13299 9723 1:0 13304
13299 9734 1:0 13304
13299 349 1:0 13304
13299 6712 1:0 13304
13299 6725 1:0 13304
13299 6716 1:0 13304
13299 6720 1:0 13304
13299 6723 1:0 13304
13305 14313 1:0 13332
13307 263 1:0 13307
13308 14332 1:0 13309
13308 6714 1:0 13309
13308 6717 1:0 13309
13308 6713 1:0 13313
13308 6718 1:0 13313
13308 6721 1:0 13332
13308 6722 1:0 13332
13308 6724 1:0 13332
13310 6715 1:0 13313
13313 14342 1:0 13313
13313 14341 1:0 13313
13313 271 1:0 13313
13313 9710 1:0 13313
13314 6719 1:0 13332
13315 271 21:0 13316
13318 14336 1:0 13318
13318 9710 21:0 13319
13330 9741 1:0 13330
13330 269 1:0 13330
13330 271 1:0 13330
13331 14321 1:0 13332
13333 14331 1:0 13333
13333 14311 1:0 13505
13342 14327 1:0 13342
13342 14329 1:0 13342
13342 14330 1:0 13342
13359 349 21:0 13369
13368 14323 1:0 13368
13395 14322 1:0 13395
13400 14316 1:0 13400
13400 9741 21:0 13401
13415 269 21:0 13416
13415 271 21:0 13416
13432 6715 21:0 13457
13450 9791 1:0 13459
13459 269 1:0 13459
13460 9780 1:0 13505
13462 6721 21:0 13507
13485 9741 1:0 13485
13485 6726 1:0 13485
13486 6727 1:0 13486
13493 271 1:0 13493
13495 9710 1:0 13495
13495 6728 1:0 13495
13496 6729 1:0 13496
13506 6722 21:0 13507
13506 6724 21:0 13507
13506 6723 21:0 13507
13506 6725 21:0 13507
13506 6720 21:0 13507
13506 6719 21:0 13510
13506 14281 1:0 13516
13508 247 1:0 13508
13509 265 21:0 13510
13509 267 21:0 13510
13509 263 21:0 13510
13509 6728 21:0 13510
13509 6729 21:0 13510
13509 6727 21:0 13510
13509 6712 21:0 13510
13509 6718 21:0 13510
13509 6713 21:0 13510
13509 6726 21:0 13510
13509 6717 21:0 13510
13509 6714 21:0 13510
13509 6716 21:0 13510
13509 261 21:0 13510
13509 255 21:0 13510
13509 271 21:0 13510
13509 257 21:0 13510
13509 269 21:0 13510
13509 259 21:0 13510
13509 9933 1:0 13516
13509 9987 1:0 13516
13509 9873 1:0 13516
13509 9990 1:0 13516
13517 14310 1:0 13517
13517 14279 1:0 13525
13519 249 1:0 13519
13520 9794 1:0 13525
13520 9789 1:0 13525
13520 349 1:0 13525
13520 6872 1:0 13525
13520 6869 1:0 13525
13520 6864 1:0 13525
13520 6871 1:0 13525
13520 6866 1:0 13525
13526 14280 1:0 13553
13529 14299 1:0 13530
13529 6861 1:0 13530
13529 6863 1:0 13530
13529 6859 1:0 13534
13529 6865 1:0 13534
13529 6868 1:0 13553
13529 6867 1:0 13553
13529 6870 1:0 13553
13531 6862 1:0 13534
13534 14309 1:0 13534
13534 9767 1:0 13534
13534 253 1:0 13534
13534 14308 1:0 13534
13535 6860 1:0 13553
13536 253 21:0 13537
13539 14303 1:0 13539
13539 9767 21:0 13540
13551 253 1:0 13551
13551 251 1:0 13551
13551 9798 1:0 13551
13552 14288 1:0 13553
13554 14298 1:0 13554
13554 14278 1:0 13726
13563 14294 1:0 13563
13563 14296 1:0 13563
13563 14297 1:0 13563
13580 349 21:0 13590
13589 14290 1:0 13589
13616 14289 1:0 13616
13621 14283 1:0 13621
13621 9798 21:0 13622
13636 251 21:0 13637
13636 253 21:0 13637
13653 6862 21:0 13678
13671 9846 1:0 13680
13680 251 1:0 13680
13681 9837 1:0 13726
13683 6868 21:0 13728
13706 9798 1:0 13706
13706 6873 1:0 13706
13707 6874 1:0 13707
13714 253 1:0 13714
13716 9767 1:0 13716
13716 6875 1:0 13716
13717 6876 1:0 13717
13727 6869 21:0 13728
13727 6872 21:0 13728
13727 6871 21:0 13728
13727 6867 21:0 13728
13727 6870 21:0 13728
13727 6860 21:0 13731
13727 14248 1:0 13737
13729 229 1:0 13729
13730 6873 21:0 13731
13730 249 21:0 13731
13730 6876 21:0 13731
13730 241 21:0 13731
13730 6875 21:0 13731
13730 6861 21:0 13731
13730 245 21:0 13731
13730 253 21:0 13731
13730 6874 21:0 13731
13730 6866 21:0 13731
13730 6863 21:0 13731
13730 237 21:0 13731
13730 6864 21:0 13731
13730 251 21:0 13731
13730 239 21:0 13731
13730 6859 21:0 13731
13730 243 21:0 13731
13730 6865 21:0 13731
13730 247 21:0 13731
13730 9930 1:0 13737
13730 9926 1:0 13737
13730 9983 1:0 13737
13730 9876 1:0 13737
13738 14277 1:0 13738
13738 14246 1:0 13746
13740 231 1:0 13740
13741 9851 1:0 13746
13741 9848 1:0 13746
13741 349 1:0 13746
13741 7012 1:0 13746
13741 7009 1:0 13746
13741 7019 1:0 13746
13741 7015 1:0 13746
13741 7017 1:0 13746
13747 14247 1:0 13774
13750 14266 1:0 13751
13750 7011 1:0 13751
13750 7008 1:0 13751
13750 7006 1:0 13755
13750 7013 1:0 13755
13750 7016 1:0 13774
13750 7014 1:0 13774
13750 7018 1:0 13774
13752 7010 1:0 13755
13755 14276 1:0 13755
13755 14275 1:0 13755
13755 235 1:0 13755
13755 9824 1:0 13755
13756 7007 1:0 13774
13757 235 21:0 13758
13760 14270 1:0 13760
13760 9824 21:0 13761
13772 235 1:0 13772
13772 233 1:0 13772
13773 14255 1:0 13774
13774 9855 1:0 13774
13775 14265 1:0 13775
13775 14245 1:0 13947
13784 14264 1:0 13784
13784 14261 1:0 13784
13784 14263 1:0 13784
13801 349 21:0 13811
13810 14257 1:0 13810
13837 14256 1:0 13837
13842 14250 1:0 13842
13842 9855 21:0 13843
13856 9905 1:0 13901
13856 9855 1:0 13901
13856 7020 1:0 13901
13857 235 21:0 13858
13864 7007 21:0 13916
13865 9894 1:0 13947
13905 235 1:0 13935
13905 9824 1:0 13937
13905 7021 1:0 13928
13905 7022 1:0 13937
13905 7023 1:0 13938
13915 7010 21:0 13923
13927 7018 21:0 13949
13948 7015 21:0 13949
13948 7014 21:0 13949
13948 7016 21:0 13949
13948 7017 21:0 13949
13948 7019 21:0 13952
13948 14215 1:0 13958
13950 211 1:0 13950
13950 10040 1:0 13958
13950 10275 1:0 13958
13950 10496 1:0 13958
13950 10439 1:0 13958
13951 7020 21:0 13952
13951 7008 21:0 13952
13951 7011 21:0 13952
13951 229 21:0 13952
13951 7009 21:0 13952
13951 235 21:0 13952
13951 225 21:0 13952
13951 223 21:0 13952
13951 227 21:0 13952
13951 219 21:0 13952
13951 221 21:0 13952
13951 7021 21:0 13952
13951 233 21:0 13952
13951 231 21:0 13952
13951 7023 21:0 13952
13951 7022 21:0 13952
13951 7012 21:0 13952
13951 7013 21:0 13952
13951 7006 21:0 13952
13958 349 1:0 13967
13958 14212 1:0 13967
13958 9908 1:0 13967
13958 7161 1:0 13967
13958 7159 1:0 13967
13959 14244 1:0 13959
13961 213 1:0 13961
13962 9903 1:0 13967
13962 7162 1:0 13967
13962 7157 1:0 13967
13962 7163 1:0 13967
13967 9881 1:0 13972
13967 14242 1:0 13972
13967 217 1:0 13972
13967 215 1:0 13990
13967 14222 1:0 13990
13967 14233 1:0 13995
13967 9912 1:0 13995
13967 14214 1:0 13995
13967 14209 1:0 14197
13967 199 1:0 14197
13967 9938 1:0 14197
13967 14200 1:0 14225
13967 9969 1:0 14273
13967 14189 1:0 14273
13967 197 1:0 14273
13967 14176 1:0 14418
13967 181 1:0 14418
13967 9995 1:0 14418
13967 179 1:0 14435
13967 14156 1:0 14437
13967 10026 1:0 14437
13967 163 1:0 14639
13967 14143 1:0 14639
13967 10052 1:0 14639
13967 10083 1:0 14656
13967 161 1:0 14656
13967 14123 1:0 14658
13967 10109 1:0 14860
13967 145 1:0 14860
13967 11156 1:0 16571
13967 9505 1:0 16571
13967 7160 1:0 13972
13967 7153 1:0 13972
13967 7156 1:0 13972
13967 7158 1:0 13972
13967 7154 1:0 13990
13967 7166 1:0 13995
13967 7165 1:0 13995
13967 7164 1:0 13995
13967 7167 1:0 14148
13967 7168 1:0 14149
13967 7169 1:0 14158
13967 7170 1:0 14159
13967 7314 1:0 14343
13967 7315 1:0 14370
13967 7316 1:0 14379
13967 7317 1:0 14380
13967 7461 1:0 14590
13967 7462 1:0 14591
13967 7463 1:0 14600
13967 7464 1:0 14601
13967 7608 1:0 14785
13967 7609 1:0 14812
13967 7610 1:0 14821
13967 7611 1:0 14822
13970 209 1:0 13970
13973 43 1:0 14112
13973 115 1:0 14122
13973 21 1:0 14168
13973 171 1:0 14188
13973 23 1:0 14188
13973 7155 1:0 13995
13976 14243 1:0 13976
13978 14213 1:0 14168
13981 14237 1:0 13981
13996 14232 1:0 13996
14005 14228 1:0 14005
14005 14230 1:0 14005
14005 14231 1:0 14005
14006 14182 1:0 14179
14031 14224 1:0 14031
14047 10386 1:0 14179
14047 10161 1:0 14179
14047 10218 1:0 14179
14047 10158 1:0 14179
14055 57 1:0 14188
14058 14223 1:0 14058
14063 14217 1:0 14063
14076 14180 1:0 14188
14077 79 1:0 14188
14077 185 1:0 14193
14077 41 1:0 14193
14077 59 1:0 14197
14077 75 1:0 14197
14077 14167 1:0 14414
14077 14134 1:0 14635
14098 7155 21:0 14121
14120 7158 21:0 14127
14126 7156 21:0 14134
14133 7157 21:0 14140
14145 7166 21:0 14170
14169 7163 21:0 14170
14169 7161 21:0 14170
14169 7165 21:0 14170
14169 7164 21:0 14170
14169 7162 21:0 14173
14171 193 1:0 14171
14172 205 21:0 14173
14172 209 21:0 14173
14172 213 21:0 14173
14172 211 21:0 14173
14172 7154 21:0 14173
14172 7153 21:0 14173
14172 203 21:0 14173
14172 207 21:0 14173
14172 7167 21:0 14173
14172 7168 21:0 14173
14172 201 21:0 14173
14172 7159 21:0 14173
14172 7170 21:0 14173
14172 215 21:0 14173
14172 7169 21:0 14173
14172 217 21:0 14173
14172 7160 21:0 14173
14178 10268 1:0 14188
14178 10329 1:0 14188
14178 10443 1:0 14188
14178 189 1:0 14197
14178 9951 1:0 14216
14178 10325 1:0 14216
14178 10272 1:0 14216
14178 10382 1:0 14216
14178 9965 1:0 14219
14178 133 1:0 14219
14178 151 1:0 14219
14178 61 1:0 14219
14178 9960 1:0 14251
14178 7308 1:0 14219
14179 14181 1:0 14216
14179 10017 1:0 14254
14179 9962 1:0 14267
14179 117 1:0 14389
14179 135 1:0 14392
14179 10019 1:0 14409
14179 7306 1:0 14251
14179 7300 1:0 14251
14179 7312 1:0 14254
14179 7307 1:0 14254
14179 7302 1:0 14270
14179 7311 1:0 14270
14179 7301 1:0 14273
14179 7313 1:0 14273
14179 7304 1:0 14273
14179 7305 1:0 14273
14179 7303 1:0 14273
14179 7450 1:0 14409
14180 14211 1:0 14180
14182 195 1:0 14182
14188 10154 1:0 14392
14188 10332 1:0 14392
14188 10500 1:0 14392
14188 10215 1:0 14392
14188 10211 1:0 14392
14188 165 1:0 14392
14188 111 1:0 14392
14188 14179 1:0 14403
14188 10022 1:0 14409
14188 7309 1:0 14340
14188 7310 1:0 14349
14188 7447 1:0 14409
14191 191 1:0 14191
14194 13986 1:0 14403
14194 13968 1:0 14403
14194 7459 1:0 14409
14194 7456 1:0 14409
14196 7460 1:0 14409
14197 14210 1:0 14197
14199 13927 1:0 14409
14202 14204 1:0 14202
14205 14110 1:0 14860
14206 14090 1:0 14879
14214 10008 1:0 14409
14214 10074 1:0 14564
14214 14101 1:0 14856
14214 7451 1:0 14414
14214 7449 1:0 14414
14214 7454 1:0 14418
14214 7452 1:0 14418
14214 7455 1:0 14437
14215 7457 1:0 14437
14215 7458 1:0 14437
14217 14199 1:0 14217
14226 14197 1:0 14226
14226 14195 1:0 14226
14226 14198 1:0 14226
14252 14191 1:0 14252
14268 14149 1:0 14437
14276 7448 1:0 14418
14279 14190 1:0 14279
14281 10065 1:0 14610
14281 10140 1:0 14879
14281 143 1:0 14879
14281 14077 1:0 15081
14281 127 1:0 15081
14281 10166 1:0 15081
14281 7453 1:0 14437
14281 7755 1:0 15006
14281 7756 1:0 15033
14281 7757 1:0 15042
14281 7758 1:0 15043
14284 14184 1:0 14284
14298 14148 1:0 14610
14329 7304 21:0 14342
14346 7309 21:0 14391
14390 7308 21:0 14391
14390 7313 21:0 14391
14390 7311 21:0 14391
14390 7312 21:0 14391
14390 7310 21:0 14391
14390 7301 21:0 14394
14392 175 1:0 14392
14393 187 21:0 14394
14393 7315 21:0 14394
14393 199 21:0 14394
14393 7316 21:0 14394
14393 197 21:0 14394
14393 7314 21:0 14394
14393 185 21:0 14394
14393 7317 21:0 14394
14393 7302 21:0 14394
14393 7305 21:0 14394
14393 189 21:0 14394
14393 7303 21:0 14394
14393 183 21:0 14394
14393 191 21:0 14394
14393 7307 21:0 14394
14393 7306 21:0 14394
14393 7300 21:0 14394
14393 193 21:0 14394
14393 195 21:0 14394
14399 14147 1:0 14617
14400 13907 1:0 14621
14400 10044 1:0 14621
14400 10047 1:0 14621
14400 14146 1:0 14628
14400 10079 1:0 14630
14400 10076 1:0 14630
14400 7600 1:0 14630
14400 7596 1:0 14630
14400 7598 1:0 14635
14400 7597 1:0 14635
14400 7601 1:0 14639
14401 14178 1:0 14401
14403 177 1:0 14403
14409 14114 1:0 14658
14409 10133 1:0 14785
14409 10136 1:0 14831
14409 14057 1:0 15081
14409 14068 1:0 15100
14409 10197 1:0 15100
14409 125 1:0 15100
14409 109 1:0 15302
14409 10223 1:0 15302
14409 10254 1:0 15321
14409 107 1:0 15321
14409 7603 1:0 14630
14409 7607 1:0 14630
14409 7606 1:0 14630
14409 7599 1:0 14639
14409 7594 1:0 14639
14409 7595 1:0 14658
14409 7604 1:0 14658
14409 7602 1:0 14658
14409 7605 1:0 14658
14409 7902 1:0 15253
14409 7903 1:0 15254
14409 7904 1:0 15263
14409 7905 1:0 15264
14409 8049 1:0 15474
14409 8050 1:0 15475
14409 8051 1:0 15484
14409 8052 1:0 15485
14417 14116 1:0 14831
14418 14177 1:0 14418
14420 10097 1:0 14837
14420 10101 1:0 14842
14423 14171 1:0 14423
14438 14166 1:0 14438
14447 14162 1:0 14447
14447 14165 1:0 14447
14447 14164 1:0 14447
14448 14115 1:0 14839
14473 14158 1:0 14473
14489 10104 1:0 14842
14489 10389 1:0 14842
14489 7751 1:0 14851
14500 14157 1:0 14500
14505 14151 1:0 14505
14518 14113 1:0 14849
14527 7448 21:0 14579
14580 7457 21:0 14612
14611 7456 21:0 14612
14611 7460 21:0 14612
14611 7458 21:0 14612
14611 7455 21:0 14612
14611 7459 21:0 14615
14613 157 1:0 14613
14614 7447 21:0 14615
14614 7453 21:0 14615
14614 7464 21:0 14615
14614 175 21:0 14615
14614 7462 21:0 14615
14614 177 21:0 14615
14614 7454 21:0 14615
14614 7451 21:0 14615
14614 7463 21:0 14615
14614 7450 21:0 14615
14614 173 21:0 14615
14614 7449 21:0 14615
14614 7452 21:0 14615
14614 7461 21:0 14615
14616 173 1:0 783
14620 10122 1:0 14851
14620 10131 1:0 14851
14620 10188 1:0 15006
14620 10179 1:0 15052
14620 10190 1:0 15072
14620 7752 1:0 14851
14620 7743 1:0 14851
14620 7754 1:0 14851
14620 7747 1:0 14851
14620 7745 1:0 14856
14620 7746 1:0 14856
14620 7741 1:0 14860
14620 7742 1:0 14860
14620 7744 1:0 14860
14620 7748 1:0 14879
14620 7750 1:0 14879
14620 7749 1:0 14879
14620 7753 1:0 14879
14620 7891 1:0 15072
14621 14083 1:0 14879
14621 14006 1:0 15063
14621 13933 1:0 15063
14630 14082 1:0 15052
14630 14081 1:0 15059
14633 155 1:0 14633
14636 14080 1:0 15070
14638 7899 1:0 15072
14639 14144 1:0 14639
14641 10193 1:0 15072
14641 10247 1:0 15227
14641 14035 1:0 15298
14641 14044 1:0 15302
14641 7894 1:0 15072
14641 7901 1:0 15072
14641 7892 1:0 15077
14641 7890 1:0 15077
14641 7893 1:0 15081
14644 14138 1:0 14644
14656 7900 1:0 15072
14656 7898 1:0 15100
14657 7896 1:0 15100
14657 7897 1:0 15100
14659 14133 1:0 14659
14668 14129 1:0 14668
14668 14132 1:0 14668
14668 14131 1:0 14668
14694 14125 1:0 14694
14710 14050 1:0 15100
14718 7889 1:0 15081
14721 14124 1:0 14721
14723 10236 1:0 15273
14723 10245 1:0 15293
14723 14024 1:0 15321
14723 10280 1:0 15523
14723 91 1:0 15523
14723 10311 1:0 15542
14723 89 1:0 15542
14723 7895 1:0 15081
14723 7888 1:0 15100
14723 8037 1:0 15293
14723 8196 1:0 15695
14723 8197 1:0 15696
14726 14118 1:0 14726
14738 14033 1:0 15284
14739 14034 1:0 15284
14748 7595 21:0 14800
14801 7604 21:0 14833
14832 7605 21:0 14833
14832 7607 21:0 14833
14832 7606 21:0 14833
14832 7602 21:0 14833
14832 7603 21:0 14836
14835 7601 21:0 14836
14835 7600 21:0 14836
14835 7598 21:0 14836
14835 7597 21:0 14836
14835 7594 21:0 14836
14835 7599 21:0 14836
14835 7596 21:0 14836
14835 7611 21:0 14836
14835 7608 21:0 14836
14835 7610 21:0 14836
14835 7609 21:0 14836
14841 14049 1:0 15273
14842 14048 1:0 15280
14842 10250 1:0 15293
14842 10302 1:0 15448
14842 8044 1:0 15293
14842 8035 1:0 15293
14842 8047 1:0 15293
14842 8045 1:0 15293
14842 8038 1:0 15298
14842 8040 1:0 15298
14842 8039 1:0 15302
14842 8041 1:0 15302
14842 8046 1:0 15321
14843 14112 1:0 14843
14845 141 1:0 14845
14851 14047 1:0 15291
14851 14017 1:0 15321
14857 10307 1:0 15494
14857 14002 1:0 15519
14857 8036 1:0 15302
14857 8042 1:0 15321
14857 8048 1:0 15321
14857 8043 1:0 15321
14860 14111 1:0 14860
14865 14105 1:0 14865
14877 14015 1:0 15494
14878 13920 1:0 15505
14880 14100 1:0 14880
14889 14098 1:0 14889
14889 14096 1:0 14889
14889 14099 1:0 14889
14915 14092 1:0 14915
14931 14016 1:0 15502
14939 10293 1:0 15514
14944 13881 1:0 15505
14947 14085 1:0 14947
14950 14011 1:0 15523
14951 13991 1:0 15542
14959 8195 1:0 15514
14959 8193 1:0 15514
14960 10304 1:0 15514
14960 10359 1:0 15669
14960 10337 1:0 15744
14960 73 1:0 15744
14960 71 1:0 15763
14960 10368 1:0 15763
14960 8186 1:0 15514
14960 8188 1:0 15514
14960 8187 1:0 15519
14960 8185 1:0 15519
14960 8184 1:0 15523
14960 8183 1:0 15523
14960 8198 1:0 15705
14960 8199 1:0 15706
14999 7748 21:0 15026
15032 7753 21:0 15054
15053 7752 21:0 15054
15053 7751 21:0 15054
15053 7750 21:0 15054
15053 7749 21:0 15054
15053 7754 21:0 15057
15055 121 1:0 15055
15056 7757 21:0 15057
15056 7744 21:0 15057
15056 7745 21:0 15057
15056 7743 21:0 15057
15056 7746 21:0 15057
15056 7755 21:0 15057
15056 7741 21:0 15057
15056 7758 21:0 15057
15056 7747 21:0 15057
15056 7756 21:0 15057
15056 7742 21:0 15057
15062 14014 1:0 15512
15063 13984 1:0 15542
15063 10364 1:0 15715
15063 10361 1:0 15735
15063 8191 1:0 15514
15063 8189 1:0 15523
15063 8182 1:0 15542
15063 8192 1:0 15542
15063 8194 1:0 15542
15063 8190 1:0 15542
15063 8333 1:0 15735
15063 8332 1:0 15740
15063 8334 1:0 15740
15064 14079 1:0 15064
15072 13982 1:0 15715
15072 13983 1:0 15723
15075 119 1:0 15075
15078 13913 1:0 15726
15078 13926 1:0 15726
15078 13978 1:0 15744
15078 8337 1:0 15735
15081 14078 1:0 15081
15086 14072 1:0 15086
15099 13981 1:0 15733
15101 14067 1:0 15101
15110 14066 1:0 15110
15110 14063 1:0 15110
15110 14065 1:0 15110
15111 10350 1:0 15735
15111 13969 1:0 15740
15111 13958 1:0 15763
15111 10418 1:0 15890
15111 10394 1:0 15965
15111 55 1:0 15965
15111 8329 1:0 15735
15111 8342 1:0 15735
15111 8338 1:0 15735
15111 8336 1:0 15744
15111 8331 1:0 15744
15111 8341 1:0 15763
15111 8343 1:0 15890
15111 8344 1:0 15917
15111 8345 1:0 15926
15111 8346 1:0 15927
15136 14059 1:0 15136
15163 14058 1:0 15163
15168 14052 1:0 15168
15180 13951 1:0 15763
15181 8340 1:0 15763
15190 7889 21:0 15242
15243 7898 21:0 15275
15274 7896 21:0 15275
15274 7897 21:0 15275
15274 7901 21:0 15275
15274 7900 21:0 15275
15274 7899 21:0 15278
15277 7893 21:0 15278
15277 7905 21:0 15278
15277 7891 21:0 15278
15277 7888 21:0 15278
15277 7904 21:0 15278
15277 7894 21:0 15278
15277 7903 21:0 15278
15277 7892 21:0 15278
15277 7895 21:0 15278
15277 7902 21:0 15278
15277 7890 21:0 15278
15283 10407 1:0 15936
15283 13900 1:0 15947
15283 10421 1:0 15956
15283 8330 1:0 15744
15283 8335 1:0 15763
15283 8339 1:0 15763
15283 8488 1:0 15956
15284 13949 1:0 15936
15284 13950 1:0 15944
15285 14046 1:0 15285
15293 13901 1:0 15947
15293 13948 1:0 15954
15293 10416 1:0 15956
15293 13936 1:0 15961
15293 13945 1:0 15965
15293 53 1:0 15982
15293 10425 1:0 15984
15293 13925 1:0 15984
15293 8486 1:0 15956
15293 8487 1:0 15956
15293 8480 1:0 15956
15293 8482 1:0 15956
15293 8478 1:0 15961
15293 8483 1:0 15965
15293 8476 1:0 15965
15293 8489 1:0 15984
15293 8490 1:0 16137
15293 8491 1:0 16138
15293 8492 1:0 16147
15293 8493 1:0 16148
15296 101 1:0 15296
15299 13916 1:0 15984
15301 8484 1:0 15984
15302 14045 1:0 15302
15304 10475 1:0 16109
15304 10464 1:0 16157
15304 10478 1:0 16177
15304 8481 1:0 15961
15304 8479 1:0 15965
15304 8485 1:0 15984
15304 8477 1:0 15984
15307 14039 1:0 15307
15331 14032 1:0 15331
15332 13918 1:0 16157
15357 14026 1:0 15357
15384 14025 1:0 15384
15389 14019 1:0 15389
15401 13917 1:0 16165
15402 8633 1:0 16177
15434 8039 21:0 15447
15446 8038 21:0 15453
15454 8043 21:0 15496
15495 8047 21:0 15496
15495 8046 21:0 15496
15495 8044 21:0 15496
15495 8048 21:0 15496
15495 8045 21:0 15499
15498 8037 21:0 15499
15498 8035 21:0 15499
15498 8041 21:0 15499
15498 8052 21:0 15499
15498 8036 21:0 15499
15498 8051 21:0 15499
15498 8042 21:0 15499
15498 8050 21:0 15499
15498 8040 21:0 15499
15498 8049 21:0 15499
15504 13861 1:0 16168
15504 13880 1:0 16168
15504 10473 1:0 16177
15504 8625 1:0 16177
15504 8632 1:0 16177
15504 8630 1:0 16177
15504 8635 1:0 16177
15504 8628 1:0 16182
15504 8626 1:0 16182
15504 8624 1:0 16186
15504 8623 1:0 16186
15504 8636 1:0 16205
15505 13915 1:0 16175
15505 10451 1:0 16186
15505 37 1:0 16186
15505 13912 1:0 16186
15505 35 1:0 16203
15505 13903 1:0 16205
15505 13892 1:0 16205
15505 10482 1:0 16205
15505 3 1:0 16398
15505 329 1:0 16401
15505 19 1:0 16401
15505 10508 1:0 16401
15505 13879 1:0 16401
15505 13859 1:0 16483
15505 17 1:0 16483
15505 10539 1:0 16483
15505 12807 1:0 16571
15505 14458 1:0 16571
15505 8627 1:0 16186
15505 8631 1:0 16205
15505 8634 1:0 16205
15505 8629 1:0 16205
15505 8637 1:0 16358
15505 8638 1:0 16359
15505 8639 1:0 16368
15505 8640 1:0 16369
15505 8785 1:0 16571
15505 8786 1:0 16571
15505 8787 1:0 16571
15505 8784 1:0 16571
15506 14013 1:0 15506
15514 13885 1:0 16205
15514 13884 1:0 16378
15517 83 1:0 15517
15520 13883 1:0 16385
15522 10503 1:0 16398
15523 14012 1:0 15523
15525 13868 1:0 16389
15540 13867 1:0 16389
15541 337 1:0 16398
15543 14001 1:0 15543
15552 13997 1:0 15552
15552 14000 1:0 15552
15552 13999 1:0 15552
15594 13882 1:0 16396
15602 5 1:0 16429
15605 13992 1:0 15605
15607 12805 1:0 16401
15622 13869 1:0 16401
15623 13865 1:0 16401
15645 8184 21:0 15668
15667 8187 21:0 15674
15675 8190 21:0 15717
15716 8193 21:0 15717
15716 8194 21:0 15717
15716 8192 21:0 15717
15716 8195 21:0 15717
15716 8191 21:0 15720
15719 8198 21:0 15720
15719 8197 21:0 15720
15719 8186 21:0 15720
15719 8196 21:0 15720
15719 8182 21:0 15720
15719 8189 21:0 15720
15719 8183 21:0 15720
15719 8185 21:0 15720
15719 8199 21:0 15720
15719 8188 21:0 15720
15725 9 1:0 16401
15725 10521 1:0 16401
15725 9503 1:0 16426
15725 13860 1:0 16426
15725 11154 1:0 16426
15725 9511 1:0 16429
15725 10535 1:0 16429
15725 13870 1:0 16435
15725 7 1:0 16461
15725 10530 1:0 16464
15725 8778 1:0 16426
15725 8780 1:0 16426
15725 8770 1:0 16461
15725 8771 1:0 16461
15725 8776 1:0 16464
15726 10532 1:0 16477
15726 8872 1:0 16571
15726 334 1:0 39
15726 8782 1:0 16429
15726 8781 1:0 16464
15726 8783 1:0 16480
15726 8773 1:0 16480
15726 8777 1:0 16483
15726 8772 1:0 16483
15726 8779 1:0 16483
15726 8775 1:0 16483
15726 8774 1:0 16483
15726 8873 1:0 16611
15727 13980 1:0 15727
15729 69 1:0 15729
15744 13979 1:0 15744
15749 13973 1:0 15749
15773 13966 1:0 15773
15773 13964 1:0 15773
15773 13967 1:0 15773
15799 13960 1:0 15799
15826 13959 1:0 15826
15831 13953 1:0 15831
15853 8330 21:0 15905
15906 8339 21:0 15938
15937 8340 21:0 15938
15937 8341 21:0 15938
15937 8342 21:0 15938
15937 8337 21:0 15938
15937 8338 21:0 15941
15940 8329 21:0 15941
15940 8331 21:0 15941
15940 8343 21:0 15941
15940 8344 21:0 15941
15940 8332 21:0 15941
15940 8335 21:0 15941
15940 8334 21:0 15941
15940 8333 21:0 15941
15940 8336 21:0 15941
15940 8345 21:0 15941
15940 8346 21:0 15941
15948 13947 1:0 15948
15950 51 1:0 15950
15965 13946 1:0 15965
15970 13940 1:0 15970
15985 13935 1:0 15985
15994 13931 1:0 15994
15994 13934 1:0 15994
16074 8477 21:0 16128
16127 8479 21:0 16134
16134 8489 21:0 16159
16158 8487 21:0 16159
16158 8485 21:0 16159
16158 8484 21:0 16159
16158 8486 21:0 16159
16158 8488 21:0 16162
16161 8483 21:0 16162
16161 8476 21:0 16162
16161 8492 21:0 16162
16161 8482 21:0 16162
16161 8493 21:0 16162
16161 8490 21:0 16162
16161 8480 21:0 16162
16161 8491 21:0 16162
16161 8478 21:0 16162
16161 8481 21:0 16162
16169 13914 1:0 16169
16180 29 1:0 16180
16206 13902 1:0 16206
16215 13898 1:0 16215
16241 13894 1:0 16241
16268 13893 1:0 16268
16273 13887 1:0 16273
16328 8629 21:0 16354
16355 8636 21:0 16380
16379 8634 21:0 16380
16379 8635 21:0 16380
16379 8632 21:0 16380
16379 8631 21:0 16380
16379 8633 21:0 16383
16382 8639 21:0 16383
16382 8630 21:0 16383
16382 8624 21:0 16383
16382 8623 21:0 16383
16382 8638 21:0 16383
16382 8637 21:0 16383
16382 8640 21:0 16383
16382 8625 21:0 16383
16382 8626 21:0 16383
16382 8628 21:0 16383
16382 8627 21:0 16383
16412 13874 1:0 16412
16505 337 21:0 51
