302 55148 21:0 307
306 55151 21:0 339
338 55146 21:0 339
338 55147 21:0 339
338 55150 21:0 339
338 55149 21:0 344
343 55144 21:0 344
343 55139 21:0 344
343 55145 21:0 347
346 55138 21:0 355
354 55406 21:0 355
354 55240 21:0 355
354 55386 21:0 355
354 55387 21:0 355
354 55381 21:0 355
354 334 21:0 355
354 329 21:0 355
354 19 21:0 355
354 17 21:0 355
354 55397 21:0 355
354 5 21:0 355
354 9 21:0 355
354 3 21:0 355
354 7 21:0 355
354 55153 21:0 355
354 55143 21:0 355
354 55141 21:0 355
354 55155 21:0 355
354 55142 21:0 355
354 55140 21:0 355
354 55152 21:0 355
354 55154 21:0 355
354 55241 21:0 355
357 55409 21:0 365
364 55411 21:0 415
414 55410 21:0 431
430 55412 21:0 441
436 55441 21:0 436
440 55442 21:0 463
452 55453 21:0 452
462 55443 21:0 507
463 55454 21:0 463
491 55460 21:0 491
491 55458 21:0 491
496 55462 21:0 496
498 55447 21:0 498
506 55444 21:0 512
511 55445 21:0 517
512 55474 21:0 512
516 55475 21:0 583
528 55486 21:0 528
539 55487 21:0 539
567 55493 21:0 567
567 55494 21:0 567
572 55495 21:0 572
580 55506 21:0 580
582 55476 21:0 588
587 55477 21:0 593
588 55507 21:0 588
592 55478 21:0 648
595 55500 21:0 595
615 55520 21:0 615
643 55527 21:0 643
643 55524 21:0 643
643 55526 21:0 643
647 55508 21:0 664
656 55539 21:0 656
663 55509 21:0 669
664 55540 21:0 664
668 55510 21:0 719
691 55553 21:0 691
718 55511 21:0 735
719 55559 21:0 719
719 55560 21:0 719
719 55557 21:0 719
724 55561 21:0 724
726 55546 21:0 726
732 55572 21:0 732
734 55541 21:0 740
739 55542 21:0 759
740 55573 21:0 740
758 55543 21:0 811
795 55592 21:0 795
795 55593 21:0 795
795 55590 21:0 795
802 55579 21:0 802
810 55544 21:0 816
815 55574 21:0 821
816 55606 21:0 816
820 55576 21:0 883
823 55599 21:0 823
832 55618 21:0 832
871 55625 21:0 871
871 55626 21:0 871
878 55612 21:0 878
882 55575 21:0 892
884 55638 21:0 884
891 55577 21:0 897
892 55639 21:0 892
896 55607 21:0 947
908 55651 21:0 908
919 55652 21:0 919
946 55608 21:0 963
947 55659 21:0 947
947 55656 21:0 947
952 55660 21:0 952
954 55645 21:0 954
962 55609 21:0 973
972 55610 21:0 1023
975 55665 21:0 975
995 55685 21:0 995
1022 55640 21:0 1039
1023 55691 21:0 1023
1023 55692 21:0 1023
1023 55689 21:0 1023
1028 55693 21:0 1028
1030 55678 21:0 1030
1036 55704 21:0 1036
1038 55642 21:0 1044
1043 55641 21:0 1063
1044 55705 21:0 1044
1048 183 1:0 1059
1058 197 1:0 1058
1060 55717 21:0 1060
1062 55643 21:0 1115
1062 185 1:0 1063
1066 187 1:0 1067
1071 55718 21:0 1071
1098 189 1:0 1100
1099 55722 21:0 1099
1103 191 1:0 1111
1104 55726 21:0 1104
1106 55711 21:0 1106
1110 199 1:0 1110
1112 55737 21:0 1112
1114 55673 21:0 1120
1114 195 1:0 1116
1119 55675 21:0 1125
1119 193 1:0 1121
1120 55738 21:0 1120
1124 55674 21:0 1180
1124 201 1:0 1135
1134 215 1:0 1134
1136 55750 21:0 1136
1138 203 1:0 1139
1142 205 1:0 1143
1174 207 1:0 1176
1175 55757 21:0 1175
1175 55755 21:0 1175
1179 55676 21:0 1196
1179 209 1:0 1187
1180 55759 21:0 1180
1186 217 1:0 1186
1188 55770 21:0 1188
1190 213 1:0 1192
1195 55706 21:0 1201
1195 211 1:0 1197
1196 55771 21:0 1196
1200 55707 21:0 1251
1200 219 1:0 1211
1203 55764 21:0 1203
1210 233 1:0 1210
1212 55783 21:0 1212
1214 221 1:0 1215
1218 223 1:0 1219
1223 55784 21:0 1223
1250 55708 21:0 1267
1250 225 1:0 1252
1251 55788 21:0 1251
1251 55790 21:0 1251
1255 227 1:0 1263
1256 55792 21:0 1256
1258 55777 21:0 1258
1262 235 1:0 1262
1264 55803 21:0 1264
1266 55709 21:0 1277
1266 231 1:0 1268
1271 229 1:0 1273
1272 55804 21:0 1272
1276 55739 21:0 1295
1276 237 1:0 1287
1279 55797 21:0 1279
1286 251 1:0 1286
1288 55816 21:0 1288
1290 239 1:0 1291
1294 55741 21:0 1343
1294 241 1:0 1295
1326 243 1:0 1328
1327 55824 21:0 1327
1327 55821 21:0 1327
1327 55823 21:0 1327
1331 245 1:0 1339
1332 55825 21:0 1332
1334 55810 21:0 1334
1338 253 1:0 1338
1340 55836 21:0 1340
1342 55740 21:0 1348
1342 249 1:0 1344
1347 55742 21:0 1353
1347 247 1:0 1349
1352 55772 21:0 1419
1352 255 1:0 1363
1362 269 1:0 1362
1366 257 1:0 1367
1370 259 1:0 1371
1402 261 1:0 1404
1407 263 1:0 1415
1414 271 1:0 1414
1418 55773 21:0 1424
1418 267 1:0 1420
1423 55774 21:0 1429
1423 265 1:0 1425
1428 55775 21:0 1479
1428 273 1:0 1439
1429 55874 21:0 1429
1438 287 1:0 1438
1442 275 1:0 1443
1446 277 1:0 1447
1478 55805 21:0 1497
1478 279 1:0 1480
1483 281 1:0 1491
1490 289 1:0 1490
1494 285 1:0 1496
1496 55395 21:0 1500
1497 55904 21:0 1497
1499 55394 21:0 1500
1499 55388 21:0 1500
1499 55392 21:0 1505
1499 283 1:0 1501
1502 55905 21:0 1502
1502 55906 21:0 1502
1504 55396 21:0 1505
1504 55407 21:0 1505
1504 55806 21:0 1564
1504 291 1:0 1515
1505 55907 21:0 1505
1514 305 1:0 1514
1518 293 1:0 1519
1522 295 1:0 1523
1554 297 1:0 1556
1559 299 1:0 1567
1563 55807 21:0 1576
1566 307 1:0 1566
1570 303 1:0 1572
1573 55937 21:0 1573
1575 55808 21:0 1581
1575 301 1:0 1577
1578 55938 21:0 1578
1578 55939 21:0 1578
1580 55838 21:0 1631
1580 309 1:0 1591
1581 55940 21:0 1581
1590 323 1:0 1590
1594 311 1:0 1595
1598 313 1:0 1599
1630 55408 21:0 1636
1630 315 1:0 1632
1635 55401 21:0 1647
1635 317 1:0 1643
1642 325 1:0 1642
1646 55440 21:0 1647
1646 55434 21:0 1647
1646 55420 21:0 1652
1646 321 1:0 1648
1649 55970 21:0 1649
1651 55425 21:0 1652
1651 55428 21:0 1652
1651 55421 21:0 1657
1651 319 1:0 1653
1656 55427 21:0 1657
1656 55414 21:0 1657
1656 85 21:0 1663
1656 329 1:0 1668
1662 55892 21:0 1666
1665 55793 21:0 1666
1665 55727 21:0 1667
1665 327 1:0 1665
1666 55694 21:0 1667
1666 55562 21:0 1672
1671 55826 21:0 1672
1671 55529 21:0 1672
1671 55496 21:0 1672
1671 55595 21:0 1672
1671 55430 21:0 1672
1671 55661 21:0 1672
1671 55760 21:0 1672
1671 55628 21:0 1672
1671 55463 21:0 1672
1671 55859 21:0 1672
1671 41 21:0 1672
1671 187 21:0 1672
1671 59 21:0 1672
1671 203 21:0 1672
1671 223 21:0 1672
1671 95 21:0 1672
1671 167 21:0 1672
1671 169 21:0 1672
1671 241 21:0 1672
1671 149 21:0 1672
1671 275 21:0 1672
1671 55381 1:0 1674
1671 257 21:0 1677
1676 143 21:0 1677
1676 199 21:0 1677
1676 253 21:0 1677
1676 109 21:0 1677
1676 91 21:0 1677
1676 35 21:0 1677
1676 55670 21:0 1677
1676 55815 21:0 1677
1676 55901 21:0 1677
1676 55736 21:0 1677
1676 55538 21:0 1677
1676 55683 21:0 1677
1676 55650 21:0 1677
1676 55439 21:0 1677
1676 55868 21:0 1677
1676 55604 21:0 1677
1676 55617 21:0 1677
1677 55983 21:0 1687
1686 55429 21:0 1708
1707 55840 21:0 1711
1710 55839 21:0 1718
1717 55841 21:0 1726
1723 55970 1:0 1723
1725 55871 21:0 1729
1728 55872 21:0 1803
1802 55873 21:0 1830
1829 55940 1:0 1829
1829 56014 21:0 1833
1832 317 21:0 1833
1832 56043 21:0 1833
1832 56041 21:0 1833
1832 56046 21:0 1833
1832 321 21:0 1833
1832 56011 21:0 1833
1832 56007 21:0 1833
1832 319 21:0 1833
1832 56032 21:0 1836
1835 55938 1:0 1835
1835 55637 21:0 1836
1835 55381 21:0 1836
1835 377 21:0 1836
1835 55995 21:0 1836
1835 56019 21:0 1836
1835 56050 21:0 1836
1835 55749 21:0 1836
1835 55716 21:0 1836
1835 55551 21:0 1836
1835 55848 21:0 1836
1835 55985 21:0 1836
1836 55939 1:0 1836
1836 56064 21:0 1840
1839 55672 21:0 1840
1839 301 21:0 1840
1839 55533 21:0 1843
1842 197 21:0 1843
1842 235 21:0 1843
1842 269 21:0 1843
1842 55 21:0 1843
1842 251 21:0 1843
1842 73 21:0 1843
1842 287 21:0 1843
1842 233 21:0 1843
1842 217 21:0 1843
1842 107 21:0 1843
1842 163 21:0 1843
1842 127 21:0 1843
1842 71 21:0 1843
1842 327 21:0 1843
1842 125 21:0 1843
1842 161 21:0 1843
1842 55925 21:0 1843
1842 55725 21:0 1843
1842 311 21:0 1843
1842 55914 21:0 1843
1842 323 21:0 1843
1842 55991 21:0 1843
1842 61 21:0 1843
1842 329 21:0 1843
1842 315 21:0 1843
1842 325 21:0 1843
1842 313 21:0 1843
1842 55505 21:0 1843
1842 307 21:0 1843
1842 305 21:0 1843
1842 215 21:0 1843
1842 271 21:0 1843
1842 289 21:0 1843
1842 89 21:0 1843
1842 37 21:0 1843
1842 145 21:0 1843
1842 55491 21:0 1843
1842 55769 21:0 1843
1842 55419 21:0 1843
1842 55485 21:0 1843
1842 55571 21:0 1843
1842 179 21:0 1843
1842 55518 21:0 1843
1842 55934 21:0 1843
1842 55452 21:0 1843
1842 55802 21:0 1843
1842 181 21:0 1843
1842 55472 21:0 1843
1842 55782 21:0 1843
1842 55835 21:0 1843
1842 55584 21:0 1843
1842 55881 21:0 1843
1842 55703 21:0 1843
1842 53 21:0 1843
1842 159 21:0 1843
1845 55937 1:0 1845
1846 56068 21:0 1848
1847 55461 21:0 1848
1847 303 21:0 1848
1847 55791 21:0 1851
1850 239 21:0 1851
1850 155 21:0 1851
1850 309 21:0 1851
1850 55480 21:0 1851
1850 221 21:0 1851
1850 97 21:0 1851
1850 185 21:0 1851
1850 115 21:0 1851
1850 131 21:0 1851
1850 55552 21:0 1851
1854 307 1:0 1854
1855 56071 21:0 1874
1858 55934 1:0 1858
1873 299 21:0 1877
1876 55925 1:0 1880
1876 55684 21:0 1911
1885 377 1:0 1891
1910 55519 21:0 1925
1924 55513 21:0 1934
1931 305 1:0 1931
1933 55758 21:0 1952
1935 55914 1:0 1935
1951 55907 1:0 1951
1951 55751 21:0 1952
1951 55566 21:0 1955
1954 55632 21:0 1955
1954 55586 21:0 1955
1954 55585 21:0 1955
1954 56100 21:0 1958
1957 55905 1:0 1957
1957 305 21:0 1958
1957 56107 21:0 1958
1957 56098 21:0 1958
1957 307 21:0 1958
1957 56076 21:0 1958
1958 55906 1:0 1958
1958 56121 21:0 1962
1961 55658 21:0 1962
1961 55671 21:0 1962
1961 55744 21:0 1965
1964 295 21:0 1965
1964 56089 21:0 1965
1964 293 21:0 1965
1964 56103 21:0 1965
1964 55528 21:0 1965
1964 377 21:0 1965
1964 277 21:0 1965
1964 55473 21:0 1965
1967 55904 1:0 1967
1968 56125 21:0 1970
1969 55731 21:0 1970
1969 55619 21:0 1970
1969 55467 21:0 1973
1971 289 1:0 1976
1971 55901 1:0 1980
1971 377 1:0 1980
1971 277 1:0 1987
1971 55892 1:0 1991
1971 287 1:0 1991
1971 55881 1:0 1991
1971 275 1:0 1991
1971 271 1:0 2098
1971 55868 1:0 2101
1971 269 1:0 2113
1971 257 1:0 2113
1971 55848 1:0 2113
1971 55859 1:0 2113
1971 253 1:0 2220
1971 55835 1:0 2224
1971 239 1:0 2231
1971 55815 1:0 2235
1971 251 1:0 2235
1971 235 1:0 2342
1971 55802 1:0 2346
1971 55782 1:0 2357
1971 233 1:0 2357
1971 217 1:0 2464
1971 55769 1:0 2468
1971 55749 1:0 2479
1971 215 1:0 2479
1971 199 1:0 2586
1971 55736 1:0 2590
1971 197 1:0 2601
1971 55716 1:0 2601
1971 181 1:0 2708
1971 55703 1:0 2712
1971 179 1:0 2723
1971 55683 1:0 2723
1971 163 1:0 2830
1971 55670 1:0 2834
1971 55650 1:0 2845
1971 161 1:0 2845
1971 145 1:0 2952
1971 55637 1:0 2956
1971 55617 1:0 2967
1971 143 1:0 2967
1971 127 1:0 3074
1971 55604 1:0 3078
1971 125 1:0 3089
1971 55584 1:0 3089
1971 109 1:0 3196
1971 55571 1:0 3200
1971 107 1:0 3211
1971 55551 1:0 3211
1971 91 1:0 3318
1971 55538 1:0 3322
1971 55518 1:0 3333
1971 89 1:0 3333
1971 73 1:0 3440
1971 71 1:0 3455
1971 55 1:0 3562
1971 53 1:0 3577
1972 55594 21:0 1973
1972 259 21:0 1973
1972 297 21:0 1973
1972 291 21:0 1973
1972 285 21:0 1973
1972 283 21:0 1973
1972 25 21:0 1975
1974 55873 1:0 2072
1974 259 1:0 2109
1977 56128 21:0 1996
1978 55872 1:0 2078
1994 55871 1:0 2088
1995 281 21:0 1999
1998 101 21:0 1999
1998 209 21:0 2033
2032 47 21:0 2047
2044 55841 1:0 2113
2046 141 21:0 2047
2046 231 21:0 2050
2049 67 21:0 2055
2054 193 21:0 2074
2069 55839 1:0 2194
2073 55874 1:0 2073
2073 213 21:0 2074
2073 51 21:0 2074
2073 105 21:0 2074
2073 65 21:0 2074
2073 245 21:0 2077
2076 175 21:0 2077
2076 123 21:0 2077
2076 15 21:0 2077
2076 263 21:0 2077
2076 173 21:0 2077
2076 83 21:0 2077
2076 56157 21:0 2080
2078 263 1:0 2090
2078 245 1:0 2212
2079 56155 21:0 2080
2079 56133 21:0 2080
2079 56164 21:0 2080
2079 289 21:0 2080
2079 287 21:0 2080
2080 56178 21:0 2084
2081 55840 1:0 2201
2081 241 1:0 2235
2081 55826 1:0 2235
2081 55793 1:0 2357
2081 55760 1:0 2479
2081 55727 1:0 2601
2081 55505 1:0 3444
2082 55838 1:0 2210
2082 221 1:0 2353
2082 223 1:0 2357
2082 203 1:0 2479
2082 55694 1:0 2723
2082 55485 1:0 3455
2082 37 1:0 3684
2083 11 21:0 2084
2083 137 21:0 2084
2083 265 21:0 2084
2083 121 21:0 2084
2083 191 21:0 2087
2085 55808 1:0 2235
2086 69 21:0 2087
2086 56146 21:0 2087
2086 277 21:0 2087
2086 113 21:0 2087
2086 275 21:0 2087
2086 13 21:0 2087
2086 31 21:0 2087
2086 177 21:0 2087
2086 56160 21:0 2087
2086 33 21:0 2087
2088 55807 1:0 2316
2090 56182 21:0 2092
2090 55806 1:0 2322
2090 231 1:0 2326
2090 55791 1:0 2357
2091 267 21:0 2092
2091 157 21:0 2092
2091 49 21:0 2092
2091 139 21:0 2092
2091 211 21:0 2095
2093 55805 1:0 2332
2094 119 21:0 2095
2094 103 21:0 2095
2094 249 21:0 2095
2094 29 21:0 2095
2094 195 21:0 2095
2094 43 21:0 2095
2094 133 21:0 2095
2094 279 21:0 2095
2094 273 21:0 2095
2096 249 1:0 2204
2096 55775 1:0 2357
2096 211 1:0 2357
2099 56185 21:0 2118
2114 55774 1:0 2438
2115 213 1:0 2448
2117 263 21:0 2121
2120 93 21:0 2121
2120 151 21:0 2121
2120 205 21:0 2121
2120 219 21:0 2121
2120 23 21:0 2121
2120 56190 21:0 2121
2120 77 21:0 2121
2120 79 21:0 2121
2120 271 21:0 2121
2120 207 21:0 2121
2122 219 1:0 2341
2122 207 1:0 2463
2122 205 1:0 2475
2124 56203 21:0 2152
2126 55773 1:0 2444
2151 261 21:0 2155
2154 201 21:0 2155
2156 201 1:0 2463
2158 56212 21:0 2160
2159 259 21:0 2160
2159 225 21:0 2163
2162 39 21:0 2163
2164 225 1:0 2341
2166 55744 1:0 2448
2166 209 1:0 2456
2167 56214 21:0 2169
2168 257 21:0 2169
2168 55724 21:0 2172
2171 135 21:0 2172
2171 237 21:0 2172
2171 189 21:0 2172
2173 237 1:0 2219
2173 189 1:0 2585
2176 56217 21:0 2192
2191 255 21:0 2196
2195 56221 21:0 2196
2195 55698 21:0 2196
2195 269 21:0 2196
2195 55623 21:0 2196
2195 55605 21:0 2199
2197 55623 1:0 2334
2198 55817 21:0 2199
2198 55627 21:0 2199
2198 99 21:0 2199
2198 153 21:0 2199
2198 87 21:0 2199
2200 55817 1:0 2212
2200 55627 1:0 2219
2200 55605 1:0 2326
2202 56235 21:0 2206
2203 55772 1:0 2454
2204 55751 1:0 2456
2204 55758 1:0 2479
2204 193 1:0 2479
2204 55742 1:0 2479
2204 55724 1:0 2570
2205 27 21:0 2206
2205 57 21:0 2206
2205 165 21:0 2206
2205 183 21:0 2206
2205 21 21:0 2206
2205 129 21:0 2206
2205 147 21:0 2206
2205 171 21:0 2206
2205 247 21:0 2206
2207 195 1:0 2570
2207 183 1:0 2585
2212 56239 21:0 2214
2212 55740 1:0 2560
2212 55741 1:0 2567
2213 249 21:0 2214
2218 55739 1:0 2576
2220 55836 1:0 2220
2221 56242 21:0 2240
2222 191 1:0 2578
2222 175 1:0 2601
2227 55472 1:0 3566
2228 55452 1:0 3577
2236 55731 1:0 2578
2237 185 1:0 2597
2237 55725 1:0 2601
2237 187 1:0 2601
2237 87 1:0 2692
2237 165 1:0 2707
2237 171 1:0 2707
2237 55661 1:0 2845
2237 55439 1:0 3688
2237 35 1:0 3699
2237 19 1:0 3801
2237 17 1:0 3883
2239 55825 1:0 2239
2239 245 21:0 2243
2242 56247 21:0 2243
2242 253 21:0 2243
2246 56260 21:0 2274
2247 55824 1:0 2247
2247 55821 1:0 2247
2247 55823 1:0 2247
2248 177 1:0 2692
2273 243 21:0 2277
2280 56269 21:0 2282
2281 241 21:0 2282
2289 56271 21:0 2291
2290 239 21:0 2291
2297 55816 1:0 2297
2298 56274 21:0 2314
2301 55810 1:0 2301
2313 237 21:0 2318
2317 251 21:0 2318
2317 56278 21:0 2318
2324 56292 21:0 2328
2325 55709 1:0 2601
2326 55708 1:0 2682
2326 55707 1:0 2688
2327 55804 1:0 2327
2327 229 21:0 2328
2334 56296 21:0 2336
2334 55698 1:0 2692
2334 55706 1:0 2698
2334 173 1:0 2700
2334 119 1:0 2700
2334 103 1:0 2700
2334 169 1:0 2719
2334 157 1:0 2723
2334 167 1:0 2723
2334 153 1:0 2829
2334 147 1:0 2829
2334 55628 1:0 2967
2334 55419 1:0 3699
2334 55406 1:0 3810
2335 231 21:0 2336
2340 55676 1:0 2723
2342 55803 1:0 2342
2343 56299 21:0 2362
2344 55684 1:0 2723
2346 55797 1:0 2346
2361 55792 1:0 2361
2361 227 21:0 2365
2364 235 21:0 2365
2364 56304 21:0 2365
2368 56317 21:0 2396
2369 55788 1:0 2369
2369 55790 1:0 2369
2370 55674 1:0 2804
2395 55784 1:0 2395
2395 225 21:0 2399
2402 56326 21:0 2404
2403 223 21:0 2404
2411 56328 21:0 2413
2412 221 21:0 2413
2419 55783 1:0 2419
2420 56331 21:0 2436
2423 55777 1:0 2423
2435 219 21:0 2440
2439 56335 21:0 2440
2439 233 21:0 2440
2446 56349 21:0 2450
2447 55675 1:0 2811
2448 29 1:0 2814
2448 55672 1:0 2814
2448 159 1:0 2814
2448 55673 1:0 2820
2448 155 1:0 2822
2448 55671 1:0 2822
2449 55771 1:0 2449
2449 211 21:0 2450
2456 56353 21:0 2458
2456 151 1:0 2841
2456 55643 1:0 2845
2456 149 1:0 2845
2456 139 1:0 2845
2456 55658 1:0 2845
2456 121 1:0 2936
2456 141 1:0 2936
2456 33 1:0 2936
2456 129 1:0 2951
2456 135 1:0 2951
2456 55595 1:0 3089
2456 55386 1:0 3887
2457 213 21:0 2458
2462 55641 1:0 2926
2464 55770 1:0 2464
2465 56356 21:0 2484
2468 55764 1:0 2468
2481 55642 1:0 2933
2483 55759 1:0 2483
2483 209 21:0 2487
2486 56361 21:0 2487
2486 217 21:0 2487
2490 56374 21:0 2518
2491 55757 1:0 2491
2491 55755 1:0 2491
2492 49 1:0 2936
2492 137 1:0 2944
2517 207 21:0 2521
2524 56383 21:0 2526
2525 205 21:0 2526
2533 56385 21:0 2535
2534 203 21:0 2535
2541 55750 1:0 2541
2542 56388 21:0 2558
2557 201 21:0 2562
2561 215 21:0 2562
2561 56392 21:0 2562
2568 56406 21:0 2572
2569 55640 1:0 2942
2570 55619 1:0 2944
2570 55632 1:0 2955
2570 133 1:0 2963
2570 131 1:0 2967
2570 123 1:0 2967
2570 55610 1:0 2967
2570 113 1:0 3085
2570 115 1:0 3089
2570 55562 1:0 3211
2571 55738 1:0 2571
2571 193 21:0 2572
2578 56410 21:0 2580
2578 55609 1:0 3048
2578 55608 1:0 3054
2579 195 21:0 2580
2581 55594 1:0 3058
2584 55467 1:0 3058
2586 55737 1:0 2586
2587 56413 21:0 2606
2602 55607 1:0 3064
2603 69 1:0 3066
2603 55586 1:0 3066
2603 105 1:0 3089
2605 55726 1:0 2605
2605 191 21:0 2609
2608 199 21:0 2609
2608 56418 21:0 2609
2612 56431 21:0 2640
2613 55722 1:0 2613
2614 55585 1:0 3089
2639 55718 1:0 2639
2639 189 21:0 2643
2646 56440 21:0 2648
2655 56442 21:0 2657
2663 55717 1:0 2663
2664 56445 21:0 2680
2667 55711 1:0 2667
2679 56449 21:0 2680
2690 56463 21:0 2694
2691 55577 1:0 3089
2692 55575 1:0 3170
2692 55473 1:0 3180
2692 55528 1:0 3180
2692 101 1:0 3188
2693 55705 1:0 2693
2700 56467 21:0 2702
2700 55576 1:0 3177
2700 55574 1:0 3186
2703 93 1:0 3195
2703 99 1:0 3195
2703 97 1:0 3207
2703 95 1:0 3211
2703 77 1:0 3329
2703 79 1:0 3333
2706 55566 1:0 3188
2708 55704 1:0 2708
2709 56470 21:0 2728
2724 55544 1:0 3211
2725 85 1:0 3211
2725 55552 1:0 3211
2727 55693 1:0 2727
2727 56475 21:0 2728
2734 56488 21:0 2762
2735 55691 1:0 2735
2735 55692 1:0 2735
2735 55689 1:0 2735
2736 83 1:0 3310
2736 55529 1:0 3333
2761 55685 1:0 2761
2768 56497 21:0 2770
2777 56499 21:0 2779
2786 56502 21:0 2802
2789 55678 1:0 2789
2801 56506 21:0 2802
2812 56520 21:0 2816
2813 55543 1:0 3292
2814 55542 1:0 3298
2814 55513 1:0 3302
2814 55519 1:0 3302
2814 55480 1:0 3310
2822 56524 21:0 2824
2822 55541 1:0 3308
2825 55511 1:0 3333
2828 55533 1:0 3321
2828 67 1:0 3333
2828 55461 1:0 3424
2831 56527 21:0 2850
2834 55665 1:0 2834
2847 55510 1:0 3414
2849 55660 1:0 2849
2849 56532 21:0 2850
2856 56545 21:0 2884
2857 55659 1:0 2857
2857 55656 1:0 2857
2858 65 1:0 3432
2858 57 1:0 3439
2858 55496 1:0 3455
2883 55652 1:0 2883
2890 56554 21:0 2892
2899 56556 21:0 2901
2907 55651 1:0 2907
2908 56559 21:0 2924
2911 55645 1:0 2911
2923 56563 21:0 2924
2934 56577 21:0 2938
2935 55509 1:0 3420
2936 55491 1:0 3424
2936 55508 1:0 3430
2936 55429 1:0 3455
2936 335 1:0 3432
2937 55639 1:0 2937
2944 56581 21:0 2946
2944 61 1:0 3451
2944 51 1:0 3455
2944 55478 1:0 3455
2944 59 1:0 3455
2944 39 1:0 3561
2944 43 1:0 3573
2944 55463 1:0 3577
2944 41 1:0 3577
2944 27 1:0 3683
2950 55477 1:0 3536
2952 55638 1:0 2952
2953 56584 21:0 2972
2968 55476 1:0 3542
2969 55414 1:0 3546
2969 21 1:0 3683
2971 56589 21:0 2972
2978 56602 21:0 3006
2979 55625 1:0 2979
2979 55626 1:0 2979
2980 55427 1:0 3546
3012 56611 21:0 3014
3021 56613 21:0 3023
3029 55618 1:0 3029
3030 56616 21:0 3046
3033 55612 1:0 3033
3045 56620 21:0 3046
3056 56634 21:0 3060
3057 55475 1:0 3552
3058 55421 1:0 3554
3058 47 1:0 3554
3058 55428 1:0 3577
3058 55445 1:0 3577
3058 31 1:0 3577
3059 55606 1:0 3059
3066 56638 21:0 3068
3066 55444 1:0 3658
3069 55443 1:0 3664
3072 55425 1:0 3668
3072 55420 1:0 3668
3072 55430 1:0 3699
3075 56641 21:0 3094
3078 55599 1:0 3078
3091 55442 1:0 3674
3093 56646 21:0 3094
3100 56659 21:0 3128
3101 55592 1:0 3101
3101 55593 1:0 3101
3101 55590 1:0 3101
3102 55440 1:0 3676
3134 56668 21:0 3136
3143 56670 21:0 3145
3152 56673 21:0 3168
3155 55579 1:0 3155
3167 56677 21:0 3168
3178 56691 21:0 3182
3179 13 1:0 3676
3179 55434 1:0 3687
3179 23 1:0 3695
3179 25 1:0 3699
3179 15 1:0 3699
3179 11 1:0 3800
3179 9 1:0 3826
3179 55397 1:0 3827
3179 7 1:0 3827
3179 5 1:0 3868
3179 3 1:0 3875
3180 55412 1:0 3699
3180 55410 1:0 3780
3181 55573 1:0 3181
3188 56695 21:0 3190
3188 55411 1:0 3787
3188 55401 1:0 3790
3188 55408 1:0 3790
3188 55396 1:0 3798
3194 55409 1:0 3796
3196 55572 1:0 3196
3197 56698 21:0 3216
3198 55407 1:0 3801
3212 55392 1:0 3801
3213 55394 1:0 3827
3213 189 1:0 4709
3215 55561 1:0 3215
3215 56703 21:0 3216
3222 56716 21:0 3250
3223 55559 1:0 3223
3223 55560 1:0 3223
3223 55557 1:0 3223
3224 55388 1:0 3827
3249 55553 1:0 3249
3256 56725 21:0 3258
3265 56727 21:0 3267
3274 56730 21:0 3290
3277 55546 1:0 3277
3289 56734 21:0 3290
3300 56748 21:0 3304
3301 55395 1:0 3827
3301 55387 1:0 3875
3301 334 1:0 3886
3303 55540 1:0 3303
3310 56752 21:0 3312
3318 55539 1:0 3318
3319 56755 21:0 3338
3337 56760 21:0 3338
3344 56773 21:0 3372
3345 55527 1:0 3345
3345 55524 1:0 3345
3345 55526 1:0 3345
3371 55520 1:0 3371
3378 56782 21:0 3380
3387 56784 21:0 3389
3396 56787 21:0 3412
3411 56791 21:0 3412
3422 56805 21:0 3426
3425 55507 1:0 3425
3432 56809 21:0 3434
3440 55506 1:0 3440
3441 56812 21:0 3460
3444 55500 1:0 3444
3459 55495 1:0 3459
3459 56817 21:0 3460
3466 56830 21:0 3494
3467 55493 1:0 3467
3467 55494 1:0 3467
3493 55487 1:0 3493
3500 56839 21:0 3502
3509 56841 21:0 3511
3517 55486 1:0 3517
3518 56844 21:0 3534
3533 56848 21:0 3534
3544 56862 21:0 3548
3547 55474 1:0 3547
3554 56866 21:0 3556
3563 56869 21:0 3582
3581 55462 1:0 3581
3581 56874 21:0 3582
3588 56887 21:0 3616
3589 55460 1:0 3589
3589 55458 1:0 3589
3615 55454 1:0 3615
3622 56896 21:0 3624
3631 56898 21:0 3633
3639 55453 1:0 3639
3640 56901 21:0 3656
3643 55447 1:0 3643
3655 56905 21:0 3656
3666 56919 21:0 3670
3669 55441 1:0 3669
3676 56923 21:0 3678
3685 56926 21:0 3704
3703 56931 21:0 3704
3710 56944 21:0 3738
3744 56953 21:0 3746
3753 56955 21:0 3755
3762 56958 21:0 3778
3777 56962 21:0 3778
3788 56976 21:0 3792
3798 56980 21:0 3800
3807 56983 21:0 3826
3825 56988 21:0 3826
3832 57001 21:0 3860
3866 57010 21:0 3868
3875 57012 21:0 3877
3888 57019 21:0 3889
3898 334 21:0 3916
3915 57038 21:0 3948
3947 3 21:0 3948
3947 57015 21:0 3948
3947 7 21:0 3948
3947 57039 21:0 3948
3947 57037 21:0 3948
3947 17 21:0 3948
3948 57048 21:0 3953
3952 5 21:0 3953
3955 335 21:0 3964
3963 57046 21:0 3964
3963 57045 21:0 3964
3963 9 21:0 3966
3965 19 21:0 3966
3965 57057 21:0 3966
3966 57060 21:0 3974
3973 57061 21:0 4024
4023 57062 21:0 4040
4039 57063 21:0 4045
4044 57093 21:0 4064
4063 57095 21:0 4116
4115 57094 21:0 4121
4120 57096 21:0 4126
4121 57125 21:0 4121
4125 57126 21:0 4181
4137 57137 21:0 4137
4176 57142 21:0 4176
4176 57144 21:0 4176
4180 57128 21:0 4197
4181 57146 21:0 4181
4183 57131 21:0 4183
4196 57127 21:0 4202
4201 57129 21:0 4252
4204 57151 21:0 4204
4213 57170 21:0 4213
4224 57171 21:0 4224
4251 57159 21:0 4268
4252 57175 21:0 4252
4252 57177 21:0 4252
4252 57178 21:0 4252
4257 57179 21:0 4257
4265 57190 21:0 4265
4267 57161 21:0 4273
4272 57160 21:0 4292
4273 57191 21:0 4273
4280 57184 21:0 4280
4289 57203 21:0 4289
4291 57162 21:0 4344
4300 57204 21:0 4300
4328 57208 21:0 4328
4333 57212 21:0 4333
4335 57197 21:0 4335
4343 57192 21:0 4349
4348 57193 21:0 4354
4349 57224 21:0 4349
4353 57194 21:0 4409
4356 57217 21:0 4356
4404 57243 21:0 4404
4404 57241 21:0 4404
4408 57195 21:0 4425
4411 57230 21:0 4411
4417 57256 21:0 4417
4424 57225 21:0 4430
4425 57257 21:0 4425
4429 57226 21:0 4480
4432 57250 21:0 4432
4441 57269 21:0 4441
4479 57227 21:0 4496
4480 57274 21:0 4480
4480 57277 21:0 4480
4480 57276 21:0 4480
4485 57278 21:0 4485
4487 57263 21:0 4487
4493 57289 21:0 4493
4495 57228 21:0 4501
4500 57258 21:0 4520
4501 57290 21:0 4501
4508 57283 21:0 4508
4519 57260 21:0 4572
4528 57303 21:0 4528
4556 57307 21:0 4556
4561 57311 21:0 4561
4563 57296 21:0 4563
4569 57322 21:0 4569
4571 57259 21:0 4577
4576 57261 21:0 4582
4577 57323 21:0 4577
4581 57291 21:0 4637
4584 57316 21:0 4584
4593 57335 21:0 4593
4604 57336 21:0 4604
4632 57340 21:0 4632
4632 57342 21:0 4632
4636 57293 21:0 4653
4637 57344 21:0 4637
4639 57329 21:0 4639
4652 57292 21:0 4658
4653 57356 21:0 4653
4657 57294 21:0 4708
4669 57368 21:0 4669
4707 57324 21:0 4724
4708 57376 21:0 4708
4708 57375 21:0 4708
4708 57373 21:0 4708
4709 199 1:0 4719
4709 191 1:0 4720
4721 57388 21:0 4721
4723 195 1:0 4725
4723 57325 21:0 4734
4728 193 1:0 4730
4729 57389 21:0 4729
4733 201 1:0 4744
4733 57326 21:0 4756
4736 57382 21:0 4736
4743 215 1:0 4743
4745 57401 21:0 4745
4747 203 1:0 4748
4751 205 1:0 4752
4755 57327 21:0 4800
4756 57402 21:0 4756
4783 207 1:0 4785
4784 57409 21:0 4784
4784 57408 21:0 4784
4788 209 1:0 4796
4791 57395 21:0 4791
4795 217 1:0 4795
4797 57421 21:0 4797
4799 213 1:0 4801
4799 57357 21:0 4805
4804 211 1:0 4806
4804 57359 21:0 4810
4805 57422 21:0 4805
4809 219 1:0 4820
4809 57358 21:0 4876
4812 57415 21:0 4812
4819 233 1:0 4819
4821 57434 21:0 4821
4823 221 1:0 4824
4827 223 1:0 4828
4859 225 1:0 4861
4860 57442 21:0 4860
4860 57439 21:0 4860
4860 57441 21:0 4860
4864 227 1:0 4872
4865 57443 21:0 4865
4867 57428 21:0 4867
4871 235 1:0 4871
4873 57454 21:0 4873
4875 231 1:0 4877
4875 57360 21:0 4881
4880 229 1:0 4882
4880 57390 21:0 4886
4881 57455 21:0 4881
4885 237 1:0 4896
4885 57392 21:0 4936
4888 57448 21:0 4888
4895 251 1:0 4895
4897 57467 21:0 4897
4899 239 1:0 4900
4903 241 1:0 4904
4908 57468 21:0 4908
4935 243 1:0 4937
4935 57391 21:0 4952
4936 57472 21:0 4936
4936 57475 21:0 4936
4936 57474 21:0 4936
4940 245 1:0 4948
4941 57476 21:0 4941
4943 57461 21:0 4943
4947 253 1:0 4947
4949 57487 21:0 4949
4951 249 1:0 4953
4951 57393 21:0 4962
4956 247 1:0 4958
4957 57488 21:0 4957
4961 255 1:0 4972
4961 57423 21:0 5012
4964 57481 21:0 4964
4971 269 1:0 4971
4973 57500 21:0 4973
4975 257 1:0 4976
4979 259 1:0 4980
4984 57501 21:0 4984
5011 261 1:0 5013
5011 57424 21:0 5028
5016 263 1:0 5024
5023 271 1:0 5023
5027 267 1:0 5029
5027 57425 21:0 5033
5032 265 1:0 5034
5032 57426 21:0 5052
5037 273 1:0 5048
5038 57525 21:0 5038
5047 287 1:0 5047
5051 275 1:0 5052
5051 57043 21:0 5060
5055 277 1:0 5056
5059 57058 21:0 5088
5087 279 1:0 5089
5087 57047 21:0 5093
5092 281 1:0 5100
5092 57456 21:0 5109
5099 289 1:0 5099
5103 285 1:0 5105
5106 57555 21:0 5106
5108 283 1:0 5110
5108 57457 21:0 5114
5111 57556 21:0 5111
5111 57557 21:0 5111
5113 291 1:0 5124
5113 57458 21:0 5164
5114 57558 21:0 5114
5123 305 1:0 5123
5127 293 1:0 5128
5131 295 1:0 5132
5163 297 1:0 5165
5163 57459 21:0 5180
5168 299 1:0 5176
5175 307 1:0 5175
5179 303 1:0 5181
5179 57489 21:0 5185
5182 57588 21:0 5182
5184 301 1:0 5186
5184 57490 21:0 5204
5187 57589 21:0 5187
5187 57590 21:0 5187
5189 309 1:0 5200
5190 57591 21:0 5190
5199 323 1:0 5199
5203 311 1:0 5204
5203 57491 21:0 5256
5207 313 1:0 5208
5239 315 1:0 5241
5244 317 1:0 5252
5251 325 1:0 5251
5255 57059 21:0 5256
5255 57052 21:0 5256
5255 321 1:0 5257
5255 57085 21:0 5261
5258 57621 21:0 5258
5260 57065 21:0 5261
5260 57071 21:0 5261
5260 319 1:0 5262
5260 57091 21:0 5266
5265 57104 21:0 5266
5265 57079 21:0 5266
5265 329 1:0 5277
5265 57078 21:0 5281
5274 327 1:0 5274
5280 61 21:0 5281
5280 77 21:0 5281
5280 57510 21:0 5281
5280 55381 1:0 5283
5280 57543 21:0 5286
5285 197 21:0 5286
5285 35 21:0 5286
5285 57279 21:0 5286
5285 89 21:0 5286
5285 57433 21:0 5286
5285 57354 21:0 5286
5285 57189 21:0 5286
5285 57136 21:0 5286
5285 57070 21:0 5286
5285 57301 21:0 5286
5285 57123 21:0 5286
5285 73 21:0 5286
5286 57634 21:0 5296
5295 55991 1:0 5297
5295 57109 21:0 5319
5302 55995 1:0 5302
5318 57113 21:0 5319
5318 57098 21:0 5319
5318 57112 21:0 5322
5321 57118 21:0 5322
5321 57124 21:0 5322
5321 56007 1:0 5323
5321 57072 21:0 5330
5329 57092 21:0 5330
5329 57076 21:0 5330
5329 57105 21:0 5333
5332 57080 21:0 5333
5332 57111 21:0 5333
5332 56011 1:0 5334
5332 57492 21:0 5342
5336 57621 1:0 5336
5341 56014 1:0 5344
5341 57522 21:0 5402
5349 56019 1:0 5349
5369 56032 1:0 5371
5401 57523 21:0 5450
5404 56041 1:0 5406
5413 56043 1:0 5416
5423 56046 1:0 5426
5431 56050 1:0 5431
5449 57591 1:0 5449
5449 57524 21:0 5453
5452 56043 21:0 5453
5452 55381 21:0 5453
5452 56032 21:0 5453
5452 56041 21:0 5453
5452 56046 21:0 5453
5452 56064 1:0 5454
5452 57246 21:0 5456
5455 57169 21:0 5456
5455 57636 21:0 5456
5455 57103 21:0 5456
5455 57334 21:0 5456
5455 57486 21:0 5456
5455 57288 21:0 5456
5455 56050 21:0 5456
5455 57090 21:0 5456
5455 57268 21:0 5456
5455 57453 21:0 5456
5455 57255 21:0 5456
5455 57156 21:0 5456
5455 57367 21:0 5456
5455 57499 21:0 5456
5455 57387 21:0 5456
5455 57466 21:0 5456
5455 57420 21:0 5456
5455 57222 21:0 5456
5455 57321 21:0 5456
5455 57202 21:0 5456
5455 57519 21:0 5456
5456 57589 1:0 5456
5456 56064 21:0 5461
5457 57590 1:0 5457
5460 319 21:0 5461
5460 56007 21:0 5461
5460 56011 21:0 5461
5460 56014 21:0 5461
5460 321 21:0 5464
5463 257 21:0 5464
5463 275 21:0 5464
5463 149 21:0 5464
5463 317 21:0 5464
5463 57378 21:0 5464
5463 301 21:0 5464
5463 55991 21:0 5464
5463 329 21:0 5464
5463 315 21:0 5464
5463 313 21:0 5464
5463 311 21:0 5464
5463 57081 21:0 5464
5463 231 21:0 5464
5463 57377 21:0 5464
5463 56068 1:0 5465
5463 57312 21:0 5467
5466 57552 21:0 5467
5466 163 21:0 5467
5466 57565 21:0 5467
5466 57400 21:0 5467
5466 57235 21:0 5467
5466 57532 21:0 5467
5466 217 21:0 5467
5466 271 21:0 5467
5466 199 21:0 5467
5466 181 21:0 5467
5466 235 21:0 5467
5466 289 21:0 5467
5466 109 21:0 5467
5466 145 21:0 5467
5466 37 21:0 5467
5466 107 21:0 5467
5466 143 21:0 5467
5466 233 21:0 5467
5466 56019 21:0 5467
5466 55995 21:0 5467
5466 327 21:0 5467
5466 57585 21:0 5467
5466 125 21:0 5467
5466 179 21:0 5467
5466 269 21:0 5467
5466 305 21:0 5467
5466 253 21:0 5467
5466 91 21:0 5467
5466 325 21:0 5467
5466 323 21:0 5467
5466 161 21:0 5467
5466 251 21:0 5467
5466 215 21:0 5467
5466 55 21:0 5467
5466 307 21:0 5467
5466 287 21:0 5467
5466 127 21:0 5467
5466 71 21:0 5467
5466 53 21:0 5467
5467 57588 1:0 5467
5467 56068 21:0 5470
5469 57310 21:0 5470
5469 303 21:0 5470
5469 57157 21:0 5473
5472 57223 21:0 5473
5472 309 21:0 5473
5472 23 21:0 5473
5472 57270 21:0 5473
5472 175 21:0 5473
5472 113 21:0 5473
5472 203 21:0 5473
5472 131 21:0 5473
5472 41 21:0 5473
5472 187 21:0 5473
5472 56071 1:0 5475
5472 277 21:0 5477
5477 307 1:0 5477
5477 56071 21:0 5498
5480 56076 1:0 5480
5482 57585 1:0 5482
5497 299 21:0 5501
5500 56089 1:0 5502
5500 57369 21:0 5536
5535 56098 1:0 5537
5535 57158 21:0 5552
5544 56100 1:0 5547
5551 57237 21:0 5559
5554 56103 1:0 5557
5558 57435 21:0 5581
5559 305 1:0 5559
5562 56107 1:0 5562
5564 57565 1:0 5564
5580 57558 1:0 5580
5580 57355 21:0 5581
5580 57210 21:0 5581
5580 57406 21:0 5584
5583 56100 21:0 5584
5583 57245 21:0 5584
5583 57138 21:0 5584
5583 57147 21:0 5584
5583 57180 21:0 5584
5583 56121 1:0 5585
5583 57444 21:0 5587
5586 56107 21:0 5587
5586 307 21:0 5587
5586 56076 21:0 5587
5586 305 21:0 5587
5587 57556 1:0 5587
5587 56121 21:0 5592
5588 57557 1:0 5588
5591 283 21:0 5592
5591 57309 21:0 5592
5591 57211 21:0 5594
5593 57343 21:0 5595
5594 295 21:0 5595
5594 293 21:0 5595
5594 297 21:0 5595
5594 259 21:0 5595
5594 57114 21:0 5595
5594 167 21:0 5595
5594 223 21:0 5595
5594 169 21:0 5595
5594 79 21:0 5595
5594 291 21:0 5595
5594 205 21:0 5595
5594 241 21:0 5595
5594 97 21:0 5595
5594 151 21:0 5595
5594 25 21:0 5595
5594 57164 21:0 5595
5594 56098 21:0 5595
5594 56103 21:0 5595
5594 56089 21:0 5595
5594 56125 1:0 5596
5594 221 21:0 5598
5598 57555 1:0 5598
5598 56125 21:0 5601
5599 57543 1:0 5604
5599 275 1:0 5604
5599 56155 1:0 5604
5599 277 1:0 5604
5599 56128 1:0 5606
5599 289 1:0 5608
5599 56133 1:0 5608
5599 57552 1:0 5608
5599 56157 1:0 5608
5599 56160 1:0 5608
5599 56146 1:0 5626
5599 57532 1:0 5626
5599 287 1:0 5626
5599 56164 1:0 5626
5599 57524 1:0 5710
5599 56178 1:0 5716
5599 56212 1:0 5735
5599 257 1:0 5735
5599 57510 1:0 5735
5599 56190 1:0 5739
5599 271 1:0 5739
5599 57519 1:0 5739
5599 269 1:0 5756
5599 57499 1:0 5758
5599 56221 1:0 5758
5599 253 1:0 5866
5599 57486 1:0 5866
5599 56247 1:0 5866
5599 251 1:0 5887
5599 56278 1:0 5889
5599 57466 1:0 5889
5599 57444 1:0 5997
5599 57453 1:0 6001
5599 56304 1:0 6001
5599 235 1:0 6001
5599 56335 1:0 6018
5599 233 1:0 6018
5599 57433 1:0 6020
5599 217 1:0 6132
5599 57420 1:0 6132
5599 56361 1:0 6132
5599 215 1:0 6149
5599 57400 1:0 6151
5599 56392 1:0 6151
5599 57387 1:0 6263
5599 56418 1:0 6263
5599 199 1:0 6263
5599 56449 1:0 6281
5599 57367 1:0 6281
5599 197 1:0 6281
5599 57354 1:0 6394
5599 56475 1:0 6394
5599 181 1:0 6394
5599 179 1:0 6411
5599 56506 1:0 6411
5599 57334 1:0 6413
5599 57321 1:0 6525
5599 163 1:0 6525
5599 56532 1:0 6525
5599 161 1:0 6542
5599 56563 1:0 6544
5599 57301 1:0 6544
5599 56589 1:0 6656
5599 145 1:0 6656
5599 57288 1:0 6656
5599 57268 1:0 6675
5599 143 1:0 6675
5599 56620 1:0 6675
5599 57255 1:0 6784
5599 127 1:0 6784
5599 56646 1:0 6786
5599 56677 1:0 6803
5599 125 1:0 6803
5599 57235 1:0 6803
5599 109 1:0 6917
5599 56703 1:0 6917
5599 57222 1:0 6917
5600 57349 21:0 5601
5600 57236 21:0 5601
5600 57410 21:0 5604
5602 56182 1:0 5727
5602 259 1:0 5735
5602 56214 1:0 5739
5602 56203 1:0 5739
5602 56217 1:0 5758
5603 115 21:0 5604
5603 239 21:0 5604
5603 165 21:0 5604
5603 57362 21:0 5604
5603 57213 21:0 5604
5603 59 21:0 5604
5603 57477 21:0 5604
5603 185 21:0 5604
5603 57345 21:0 5604
5603 57244 21:0 5604
5603 43 21:0 5604
5605 57523 1:0 5717
5605 57522 1:0 5728
5605 57477 1:0 5866
5607 56734 1:0 6934
5607 107 1:0 6934
5607 56760 1:0 7048
5607 91 1:0 7048
5608 56128 21:0 5629
5626 57492 1:0 5758
5628 57145 21:0 5632
5631 285 21:0 5667
5633 57145 1:0 5730
5638 56185 1:0 5737
5638 57362 1:0 5758
5638 57378 1:0 6259
5638 57202 1:0 6934
5666 281 21:0 5683
5682 289 21:0 5683
5682 277 21:0 5683
5682 56157 21:0 5683
5682 275 21:0 5683
5682 279 21:0 5683
5682 56155 21:0 5683
5682 56146 21:0 5683
5682 56133 21:0 5683
5682 137 21:0 5686
5685 121 21:0 5686
5687 57491 1:0 5841
5690 56160 21:0 5707
5692 57244 1:0 5852
5706 273 21:0 5712
5711 57525 1:0 5711
5711 287 21:0 5712
5711 56164 21:0 5712
5711 49 21:0 5712
5711 57302 21:0 5712
5711 227 21:0 5712
5711 229 21:0 5712
5711 155 21:0 5715
5713 57302 1:0 5721
5713 227 1:0 5721
5713 229 1:0 5852
5714 75 21:0 5715
5714 255 21:0 5715
5714 135 21:0 5715
5714 189 21:0 5715
5714 225 21:0 5715
5714 207 21:0 5715
5714 171 21:0 5715
5714 45 21:0 5715
5714 243 21:0 5715
5714 147 21:0 5715
5714 63 21:0 5715
5714 39 21:0 5715
5714 261 21:0 5715
5714 191 21:0 5715
5714 111 21:0 5715
5716 261 1:0 5730
5716 255 1:0 5730
5716 243 1:0 5861
5718 56178 21:0 5723
5720 57490 1:0 5848
5721 56235 1:0 5847
5721 56239 1:0 5858
5721 57489 1:0 5859
5721 57410 1:0 5861
5721 239 1:0 5866
5721 241 1:0 5866
5721 56274 1:0 5866
5721 56269 1:0 5866
5721 56260 1:0 5884
5721 57349 1:0 5889
5721 56271 1:0 5889
5721 225 1:0 5992
5722 265 21:0 5723
5729 56182 21:0 5732
5730 56242 1:0 5868
5730 57459 1:0 5889
5731 267 21:0 5732
5733 57458 1:0 5972
5738 57457 1:0 5979
5739 56185 21:0 5760
5741 57236 1:0 5983
5747 57189 1:0 7048
5748 57169 1:0 7065
5756 56292 1:0 5978
5756 231 1:0 5983
5757 56296 1:0 5989
5757 57164 1:0 5992
5757 56299 1:0 5999
5758 56791 1:0 7065
5758 89 1:0 7065
5759 263 21:0 5763
5762 271 21:0 5763
5762 56190 21:0 5763
5766 56203 21:0 5795
5769 56326 1:0 5997
5769 221 1:0 5997
5769 223 1:0 5997
5769 56317 1:0 6001
5769 56328 1:0 6001
5769 56331 1:0 6020
5769 57435 1:0 6020
5769 207 1:0 6123
5769 56388 1:0 6132
5769 57345 1:0 6390
5769 56817 1:0 7180
5769 73 1:0 7180
5769 57156 1:0 7180
5794 57501 1:0 5794
5794 261 21:0 5798
5801 56212 21:0 5804
5803 259 21:0 5804
5811 56214 21:0 5814
5813 257 21:0 5814
5821 57500 1:0 5821
5821 56217 21:0 5838
5837 255 21:0 5843
5842 56221 21:0 5843
5842 269 21:0 5843
5849 56235 21:0 5854
5851 57456 1:0 5990
5852 57426 1:0 6020
5852 56349 1:0 6109
5852 57343 1:0 6114
5852 191 1:0 6114
5852 56353 1:0 6120
5852 57211 1:0 6123
5853 57488 1:0 5853
5853 247 21:0 5854
5860 56239 21:0 5863
5861 57425 1:0 6103
5861 57424 1:0 6110
5862 249 21:0 5863
5867 57423 1:0 6121
5869 56356 1:0 6130
5870 57487 1:0 5870
5870 56242 21:0 5891
5872 57136 1:0 7198
5875 57481 1:0 5875
5888 57393 1:0 6151
5889 71 1:0 7198
5889 56848 1:0 7198
5890 57476 1:0 5890
5890 245 21:0 5894
5893 253 21:0 5894
5893 56247 21:0 5894
5897 56260 21:0 5926
5899 57472 1:0 5899
5899 57475 1:0 5899
5899 57474 1:0 5899
5900 203 1:0 6128
5900 205 1:0 6128
5900 56385 1:0 6128
5900 56383 1:0 6132
5900 56374 1:0 6151
5900 57406 1:0 6151
5900 189 1:0 6254
5900 185 1:0 6259
5900 56442 1:0 6259
5900 187 1:0 6259
5900 56440 1:0 6263
5900 56445 1:0 6263
5900 57312 1:0 6521
5900 56874 1:0 7311
5900 55 1:0 7311
5900 57123 1:0 7311
5925 57468 1:0 5925
5925 243 21:0 5929
5932 56269 21:0 5935
5934 241 21:0 5935
5942 56271 21:0 5945
5944 239 21:0 5945
5952 57467 1:0 5952
5952 56274 21:0 5969
5957 57461 1:0 5957
5968 237 21:0 5974
5973 251 21:0 5974
5973 56278 21:0 5974
5980 56292 21:0 5985
5982 57391 1:0 6234
5983 56406 1:0 6240
5983 57392 1:0 6242
5983 57309 1:0 6245
5983 175 1:0 6245
5983 56410 1:0 6251
5983 57369 1:0 6254
5984 57455 1:0 5984
5984 229 21:0 5985
5991 56296 21:0 5994
5992 57390 1:0 6252
5992 57360 1:0 6281
5993 231 21:0 5994
5995 57377 1:0 6281
5998 56413 1:0 6261
5998 56431 1:0 6281
5998 155 1:0 6376
5998 57279 1:0 6652
5998 53 1:0 7328
5998 56905 1:0 7330
5998 57103 1:0 7330
5998 56931 1:0 7442
5998 57090 1:0 7442
5998 37 1:0 7442
6001 57454 1:0 6001
6001 56299 21:0 6022
6006 57448 1:0 6006
6018 57358 1:0 6365
6021 57443 1:0 6021
6021 227 21:0 6025
6024 56304 21:0 6025
6024 235 21:0 6025
6028 56317 21:0 6057
6030 57442 1:0 6030
6030 57439 1:0 6030
6030 57441 1:0 6030
6031 57359 1:0 6373
6056 225 21:0 6060
6063 56326 21:0 6066
6065 223 21:0 6066
6073 56328 21:0 6076
6075 221 21:0 6076
6083 57434 1:0 6083
6083 56331 21:0 6100
6088 57428 1:0 6088
6099 219 21:0 6105
6104 56335 21:0 6105
6104 233 21:0 6105
6111 56349 21:0 6116
6113 56463 1:0 6371
6113 57245 1:0 6376
6113 56467 1:0 6382
6113 165 1:0 6385
6113 57138 1:0 6385
6113 171 1:0 6385
6113 56499 1:0 6390
6113 56488 1:0 6390
6113 167 1:0 6390
6113 169 1:0 6390
6113 56497 1:0 6394
6114 57357 1:0 6383
6114 57327 1:0 6413
6115 57422 1:0 6115
6115 211 21:0 6116
6122 56353 21:0 6125
6123 56470 1:0 6392
6123 57355 1:0 6393
6123 56502 1:0 6413
6123 57326 1:0 6496
6123 56520 1:0 6502
6123 57210 1:0 6507
6123 121 1:0 6507
6123 147 1:0 6516
6123 149 1:0 6521
6123 56554 1:0 6521
6123 151 1:0 6521
6123 56556 1:0 6525
6123 56559 1:0 6525
6124 213 21:0 6125
6129 57325 1:0 6503
6131 56524 1:0 6513
6132 57421 1:0 6132
6132 56356 21:0 6153
6134 35 1:0 7459
6134 56962 1:0 7461
6137 57415 1:0 6137
6150 57324 1:0 6514
6151 57070 1:0 7461
6152 209 21:0 6156
6155 217 21:0 6156
6155 56361 21:0 6156
6159 56374 21:0 6188
6161 57409 1:0 6161
6161 57408 1:0 6161
6162 57237 1:0 6516
6162 56527 1:0 6523
6162 56545 1:0 6544
6162 57246 1:0 6786
6162 56988 1:0 7567
6162 19 1:0 7567
6187 57402 1:0 6187
6187 207 21:0 6191
6194 56383 21:0 6197
6196 205 21:0 6197
6204 56385 21:0 6207
6206 203 21:0 6207
6214 57401 1:0 6214
6214 56388 21:0 6231
6219 57395 1:0 6219
6230 201 21:0 6236
6235 56392 21:0 6236
6235 215 21:0 6236
6242 56406 21:0 6247
6244 57294 1:0 6544
6245 57310 1:0 6544
6245 57292 1:0 6627
6245 56577 1:0 6633
6245 137 1:0 6638
6245 57158 1:0 6638
6245 56581 1:0 6644
6246 57389 1:0 6246
6246 193 21:0 6247
6253 56410 21:0 6256
6254 57293 1:0 6635
6254 57291 1:0 6645
6255 195 21:0 6256
6257 57223 1:0 6647
6260 56613 1:0 6652
6260 131 1:0 6652
6260 135 1:0 6652
6260 56611 1:0 6656
6260 56616 1:0 6656
6260 56602 1:0 6675
6260 56670 1:0 6786
6263 57388 1:0 6263
6263 56413 21:0 6284
6265 57261 1:0 6675
6268 57382 1:0 6268
6271 57057 1:0 7578
6272 17 1:0 7655
6272 57019 1:0 7658
6280 57270 1:0 6675
6281 56584 1:0 6654
6281 56634 1:0 6764
6281 57157 1:0 6769
6282 57037 1:0 7660
6283 191 21:0 6287
6286 56418 21:0 6287
6286 199 21:0 6287
6290 56431 21:0 6319
6292 57376 1:0 6292
6292 57375 1:0 6292
6292 57373 1:0 6292
6293 49 1:0 6769
6293 111 1:0 6778
6293 56755 1:0 6778
6293 115 1:0 6784
6293 56668 1:0 6786
6293 113 1:0 6786
6293 57213 1:0 6917
6293 56727 1:0 6917
6293 97 1:0 6917
6293 56725 1:0 6917
6325 56440 21:0 6328
6335 56442 21:0 6338
6345 57368 1:0 6345
6345 56445 21:0 6362
6361 56449 21:0 6362
6373 56463 21:0 6378
6375 57259 1:0 6758
6376 57260 1:0 6766
6376 56638 1:0 6775
6376 56691 1:0 6778
6376 56641 1:0 6785
6376 56659 1:0 6786
6376 56809 1:0 6803
6376 56673 1:0 6803
6376 56976 1:0 6803
6376 57180 1:0 7048
6376 57147 1:0 7176
6377 57356 1:0 6377
6384 56467 21:0 6387
6385 57258 1:0 6776
6385 57228 1:0 6803
6393 57227 1:0 6889
6394 56470 21:0 6415
6396 56748 1:0 6900
6396 56866 1:0 6900
6414 57344 1:0 6414
6414 56475 21:0 6415
6421 56488 21:0 6450
6423 57340 1:0 6423
6423 57342 1:0 6423
6424 57226 1:0 6896
6449 57336 1:0 6449
6456 56497 21:0 6459
6466 56499 21:0 6469
6476 57335 1:0 6476
6476 56502 21:0 6493
6481 57329 1:0 6481
6492 56506 21:0 6493
6504 56520 21:0 6509
6506 57080 1:0 6900
6506 56695 1:0 6906
6506 57111 1:0 6909
6506 56716 1:0 6917
6506 56730 1:0 6934
6506 75 1:0 7040
6507 57225 1:0 6907
6507 57195 1:0 6934
6508 57323 1:0 6508
6515 56524 21:0 6518
6516 56698 1:0 6916
6516 57105 1:0 6934
6516 57194 1:0 7020
6516 57092 1:0 7031
6516 57076 1:0 7031
6522 57193 1:0 7027
6525 57322 1:0 6525
6525 56527 21:0 6546
6530 57316 1:0 6530
6543 57192 1:0 7038
6545 57311 1:0 6545
6545 56532 21:0 6546
6552 56545 21:0 6581
6554 57307 1:0 6554
6555 56752 1:0 7037
6555 57072 1:0 7040
6580 57303 1:0 6580
6587 56554 21:0 6590
6597 56556 21:0 6600
6607 56559 21:0 6624
6612 57296 1:0 6612
6623 56563 21:0 6624
6635 56577 21:0 6640
6637 57162 1:0 7065
6638 79 1:0 7045
6638 56773 1:0 7048
6638 56784 1:0 7048
6638 56782 1:0 7048
6638 77 1:0 7048
6638 56805 1:0 7065
6638 57118 1:0 7065
6638 56787 1:0 7065
6638 57160 1:0 7151
6638 57112 1:0 7162
6638 63 1:0 7171
6639 57290 1:0 6639
6646 56581 21:0 6649
6647 57161 1:0 7159
6647 57124 1:0 7162
6647 56812 1:0 7171
6647 57098 1:0 7171
6647 61 1:0 7176
6647 56841 1:0 7176
6647 56844 1:0 7176
6647 59 1:0 7176
6647 56839 1:0 7180
6647 56862 1:0 7198
6647 56830 1:0 7198
6647 43 1:0 7302
6647 57114 1:0 7307
6647 41 1:0 7307
6653 57159 1:0 7169
6656 57289 1:0 6656
6656 56584 21:0 6677
6661 57283 1:0 6661
6674 57129 1:0 7198
6676 57278 1:0 6676
6676 56589 21:0 6677
6683 56602 21:0 6712
6685 57274 1:0 6685
6685 57277 1:0 6685
6685 57276 1:0 6685
6686 57113 1:0 7198
6686 45 1:0 7302
6686 39 1:0 7307
6686 56887 1:0 7311
6718 56611 21:0 6721
6728 56613 21:0 6731
6738 57269 1:0 6738
6738 56616 21:0 6755
6743 57263 1:0 6743
6754 56620 21:0 6755
6766 56634 21:0 6771
6768 57127 1:0 7282
6769 57128 1:0 7290
6769 57109 1:0 7293
6769 57078 1:0 7293
6769 56869 1:0 7302
6770 57257 1:0 6770
6777 56638 21:0 6780
6778 57126 1:0 7300
6778 57104 1:0 7302
6781 57096 1:0 7330
6784 56898 1:0 7307
6784 56896 1:0 7311
6784 56901 1:0 7330
6784 57079 1:0 7330
6784 56919 1:0 7330
6784 57091 1:0 7424
6784 57081 1:0 7438
6784 23 1:0 7438
6784 56953 1:0 7438
6784 25 1:0 7438
6784 56955 1:0 7442
6787 57256 1:0 6787
6787 56641 21:0 6808
6792 57250 1:0 6792
6805 57094 1:0 7413
6807 56646 21:0 6808
6814 56659 21:0 6843
6816 57243 1:0 6816
6816 57241 1:0 6816
6817 57071 1:0 7424
6817 56923 1:0 7430
6849 56668 21:0 6852
6859 56670 21:0 6862
6869 56673 21:0 6886
6874 57230 1:0 6874
6885 56677 21:0 6886
6897 56691 21:0 6902
6899 57095 1:0 7421
6900 57093 1:0 7431
6900 57065 1:0 7433
6900 56926 1:0 7440
6900 56958 1:0 7442
6900 57085 1:0 7446
6900 56944 1:0 7461
6900 9 1:0 7567
6900 57001 1:0 7567
6901 57224 1:0 6901
6908 56695 21:0 6911
6909 57063 1:0 7461
6909 57062 1:0 7544
6917 57061 1:0 7551
6918 56698 21:0 6939
6920 336 1:0 7555
6923 57217 1:0 6923
6935 57059 1:0 7555
6936 56980 1:0 7561
6936 57052 1:0 7564
6938 57212 1:0 6938
6938 56703 21:0 6939
6945 56716 21:0 6974
6947 57208 1:0 6947
6948 57058 1:0 7567
6948 7 1:0 7587
6948 57048 1:0 7587
6948 57010 1:0 7592
6948 5 1:0 7638
6948 57012 1:0 7643
6948 3 1:0 7646
6973 57204 1:0 6973
6980 56725 21:0 6983
6990 56727 21:0 6993
7000 57203 1:0 7000
7000 56730 21:0 7017
7005 57197 1:0 7005
7016 56734 21:0 7017
7028 56748 21:0 7033
7030 57060 1:0 7562
7031 56983 1:0 7567
7031 57047 1:0 7567
7031 57046 1:0 7592
7031 57045 1:0 7592
7031 57043 1:0 7592
7031 57039 1:0 7627
7031 335 1:0 7646
7031 57015 1:0 7653
7032 57191 1:0 7032
7039 56752 21:0 7042
7040 57038 1:0 7654
7049 57190 1:0 7049
7049 56755 21:0 7070
7054 57184 1:0 7054
7069 57179 1:0 7069
7069 56760 21:0 7070
7076 56773 21:0 7105
7078 57175 1:0 7078
7078 57177 1:0 7078
7078 57178 1:0 7078
7104 57171 1:0 7104
7111 56782 21:0 7114
7121 56784 21:0 7124
7131 57170 1:0 7131
7131 56787 21:0 7148
7147 56791 21:0 7148
7159 56805 21:0 7164
7170 56809 21:0 7173
7180 56812 21:0 7201
7185 57151 1:0 7185
7200 57146 1:0 7200
7200 56817 21:0 7201
7207 56830 21:0 7236
7209 57142 1:0 7209
7209 57144 1:0 7209
7242 56839 21:0 7245
7252 56841 21:0 7255
7262 57137 1:0 7262
7262 56844 21:0 7279
7267 57131 1:0 7267
7278 56848 21:0 7279
7290 56862 21:0 7295
7294 57125 1:0 7294
7301 56866 21:0 7304
7311 56869 21:0 7332
7331 56874 21:0 7332
7338 56887 21:0 7367
7373 56896 21:0 7376
7383 56898 21:0 7386
7393 56901 21:0 7410
7409 56905 21:0 7410
7421 56919 21:0 7426
7432 56923 21:0 7435
7442 56926 21:0 7463
7462 56931 21:0 7463
7469 56944 21:0 7498
7504 56953 21:0 7507
7514 56955 21:0 7517
7524 56958 21:0 7541
7540 56962 21:0 7541
7552 56976 21:0 7557
7563 56980 21:0 7566
7573 56983 21:0 7594
7593 56988 21:0 7594
7600 57001 21:0 7629
7635 57010 21:0 7638
7645 57012 21:0 7648
7655 57015 21:0 7672
7671 57019 21:0 7672
7681 58688 21:0 7682
7682 58689 21:0 7693
7692 3 21:0 7693
7692 17 21:0 7693
7693 58690 21:0 7721
7720 335 21:0 7726
7725 5 21:0 7726
7725 7 21:0 7726
7725 58699 21:0 7726
7728 336 21:0 7737
7736 58694 21:0 7737
7736 58697 21:0 7737
7736 58708 21:0 7737
7736 19 21:0 7737
7739 58711 21:0 7747
7746 58712 21:0 7797
7796 58713 21:0 7813
7812 58714 21:0 7823
7822 58744 21:0 7837
7834 58755 21:0 7834
7836 58745 21:0 7889
7873 58762 21:0 7873
7873 58763 21:0 7873
7878 58764 21:0 7878
7880 58749 21:0 7880
7888 58746 21:0 7894
7893 58747 21:0 7899
7898 58777 21:0 7954
7949 58793 21:0 7949
7949 58795 21:0 7949
7949 58796 21:0 7949
7953 58779 21:0 7970
7954 58797 21:0 7954
7956 58782 21:0 7956
7969 58778 21:0 7975
7974 58780 21:0 8025
7977 58802 21:0 7977
7997 58822 21:0 7997
8024 58810 21:0 8041
8025 58829 21:0 8025
8040 58811 21:0 8046
8045 58812 21:0 8065
8053 58835 21:0 8053
8064 58813 21:0 8117
8073 58855 21:0 8073
8108 58848 21:0 8108
8114 58874 21:0 8114
8116 58843 21:0 8122
8121 58845 21:0 8127
8126 58844 21:0 8182
8129 58868 21:0 8129
8138 58887 21:0 8138
8177 58895 21:0 8177
8177 58894 21:0 8177
8177 58892 21:0 8177
8181 58846 21:0 8198
8182 58896 21:0 8182
8190 58907 21:0 8190
8197 58876 21:0 8203
8202 58877 21:0 8253
8214 58920 21:0 8214
8225 58921 21:0 8225
8252 58878 21:0 8269
8253 58928 21:0 8253
8268 58879 21:0 8274
8273 58909 21:0 8293
8281 58934 21:0 8281
8292 58911 21:0 8345
8301 58954 21:0 8301
8344 58910 21:0 8350
8349 58912 21:0 8355
8350 58974 21:0 8350
8354 58942 21:0 8410
8357 58967 21:0 8357
8366 58986 21:0 8366
8377 58987 21:0 8377
8405 58991 21:0 8405
8405 58993 21:0 8405
8405 58994 21:0 8405
8409 58943 21:0 8426
8410 58995 21:0 8410
8412 58980 21:0 8412
8418 59006 21:0 8418
8425 58944 21:0 8431
8426 59007 21:0 8426
8430 58945 21:0 8481
8433 59000 21:0 8433
8442 59019 21:0 8442
8453 59020 21:0 8453
8480 58975 21:0 8497
8481 59026 21:0 8481
8481 59027 21:0 8481
8481 59024 21:0 8481
8482 199 1:0 8492
8482 191 1:0 8493
8486 59028 21:0 8486
8488 59013 21:0 8488
8494 59039 21:0 8494
8496 195 1:0 8498
8496 58976 21:0 8502
8501 193 1:0 8503
8501 58977 21:0 8521
8502 59040 21:0 8502
8506 201 1:0 8517
8509 59033 21:0 8509
8516 215 1:0 8516
8518 59052 21:0 8518
8520 203 1:0 8521
8520 58978 21:0 8573
8524 205 1:0 8525
8529 59053 21:0 8529
8556 207 1:0 8558
8557 59060 21:0 8557
8557 59059 21:0 8557
8557 59057 21:0 8557
8561 209 1:0 8569
8562 59061 21:0 8562
8564 59046 21:0 8564
8568 217 1:0 8568
8570 59072 21:0 8570
8572 213 1:0 8574
8572 59008 21:0 8578
8577 211 1:0 8579
8577 59009 21:0 8583
8578 59073 21:0 8578
8582 219 1:0 8593
8582 59010 21:0 8638
8585 59066 21:0 8585
8592 233 1:0 8592
8594 59085 21:0 8594
8596 221 1:0 8597
8600 223 1:0 8601
8605 59086 21:0 8605
8632 225 1:0 8634
8633 59090 21:0 8633
8633 59093 21:0 8633
8633 59092 21:0 8633
8637 227 1:0 8645
8637 59011 21:0 8654
8638 59094 21:0 8638
8640 59079 21:0 8640
8644 235 1:0 8644
8646 59105 21:0 8646
8648 231 1:0 8650
8653 229 1:0 8655
8653 59041 21:0 8659
8654 59106 21:0 8654
8658 237 1:0 8669
8658 59042 21:0 8709
8661 59099 21:0 8661
8668 251 1:0 8668
8670 59118 21:0 8670
8672 239 1:0 8673
8676 241 1:0 8677
8681 59119 21:0 8681
8708 243 1:0 8710
8708 59043 21:0 8725
8709 59126 21:0 8709
8709 59125 21:0 8709
8709 59123 21:0 8709
8713 245 1:0 8721
8714 59127 21:0 8714
8716 59112 21:0 8716
8720 253 1:0 8720
8722 59138 21:0 8722
8724 249 1:0 8726
8724 59044 21:0 8730
8729 247 1:0 8731
8729 59074 21:0 8749
8730 59139 21:0 8730
8734 255 1:0 8745
8744 269 1:0 8744
8748 257 1:0 8749
8748 59075 21:0 8801
8752 259 1:0 8753
8784 261 1:0 8786
8789 263 1:0 8797
8796 271 1:0 8796
8800 267 1:0 8802
8800 59076 21:0 8806
8805 265 1:0 8807
8805 59077 21:0 8811
8810 273 1:0 8821
8810 58709 21:0 8825
8811 59176 21:0 8811
8820 287 1:0 8820
8824 275 1:0 8825
8824 58696 21:0 8833
8828 277 1:0 8829
8832 58698 21:0 8861
8860 279 1:0 8862
8860 59107 21:0 8877
8865 281 1:0 8873
8872 289 1:0 8872
8876 285 1:0 8878
8876 59109 21:0 8887
8879 59206 21:0 8879
8881 283 1:0 8883
8884 59207 21:0 8884
8884 59208 21:0 8884
8886 291 1:0 8897
8886 59108 21:0 8905
8887 59209 21:0 8887
8896 305 1:0 8896
8900 293 1:0 8901
8904 295 1:0 8905
8904 59110 21:0 8953
8936 297 1:0 8938
8941 299 1:0 8949
8948 307 1:0 8948
8952 303 1:0 8954
8952 59140 21:0 8958
8955 59239 21:0 8955
8957 301 1:0 8959
8957 59141 21:0 8963
8960 59240 21:0 8960
8960 59241 21:0 8960
8962 309 1:0 8973
8962 59142 21:0 9018
8963 59242 21:0 8963
8972 323 1:0 8972
8976 311 1:0 8977
8980 313 1:0 8981
9012 315 1:0 9014
9017 317 1:0 9025
9017 58703 21:0 9029
9024 325 1:0 9024
9028 58742 21:0 9029
9028 58710 21:0 9029
9028 321 1:0 9030
9028 58716 21:0 9034
9031 59272 21:0 9031
9033 58730 21:0 9034
9033 58723 21:0 9034
9033 319 1:0 9035
9033 58736 21:0 9039
9038 58727 21:0 9039
9038 58731 21:0 9039
9038 329 1:0 9050
9038 58729 21:0 9054
9047 327 1:0 9047
9053 59095 21:0 9054
9053 255 21:0 9054
9053 207 21:0 9054
9053 58798 21:0 9054
9053 55381 1:0 9056
9053 23 21:0 9059
9058 109 21:0 9059
9058 35 21:0 9059
9058 199 21:0 9059
9058 253 21:0 9059
9058 217 21:0 9059
9058 91 21:0 9059
9058 58952 21:0 9059
9058 59137 21:0 9059
9058 59170 21:0 9059
9058 58774 21:0 9059
9058 235 21:0 9059
9058 59005 21:0 9059
9058 59038 21:0 9059
9058 58985 21:0 9059
9058 58886 21:0 9059
9058 58873 21:0 9059
9058 59104 21:0 9059
9058 58972 21:0 9059
9058 58741 21:0 9059
9058 58853 21:0 9059
9058 58820 21:0 9059
9058 58906 21:0 9059
9058 59051 21:0 9059
9058 58754 21:0 9059
9058 58939 21:0 9059
9058 58919 21:0 9059
9058 58721 21:0 9059
9058 58840 21:0 9059
9058 58787 21:0 9059
9058 59183 21:0 9059
9058 59071 21:0 9059
9058 59203 21:0 9059
9058 58807 21:0 9059
9058 59084 21:0 9059
9059 59285 21:0 9069
9068 55991 1:0 9070
9068 58722 21:0 9092
9075 55995 1:0 9075
9091 59143 21:0 9095
9094 56007 1:0 9096
9094 59173 21:0 9103
9102 59174 21:0 9112
9105 56011 1:0 9107
9109 59272 1:0 9109
9111 59175 21:0 9115
9114 58914 21:0 9115
9114 56014 1:0 9117
9114 58961 21:0 9140
9122 56019 1:0 9122
9139 58788 21:0 9175
9142 56032 1:0 9144
9174 58941 21:0 9194
9177 56041 1:0 9179
9186 56043 1:0 9189
9193 58760 21:0 9197
9196 56046 1:0 9199
9196 58901 21:0 9223
9204 56050 1:0 9204
9222 59242 1:0 9222
9222 58940 21:0 9223
9222 58973 21:0 9223
9222 58776 21:0 9226
9225 58908 21:0 9226
9225 58789 21:0 9226
9225 56064 1:0 9227
9225 58881 21:0 9234
9229 59240 1:0 9229
9230 59241 1:0 9230
9233 58826 21:0 9234
9233 58815 21:0 9234
9233 58960 21:0 9237
9236 58743 21:0 9237
9236 58842 21:0 9237
9236 56068 1:0 9238
9236 58962 21:0 9243
9240 59239 1:0 9240
9242 58830 21:0 9243
9242 58859 21:0 9243
9242 58769 21:0 9246
9245 58958 21:0 9246
9245 58861 21:0 9246
9245 56071 1:0 9248
9245 58809 21:0 9271
9253 56076 1:0 9253
9270 58925 21:0 9306
9273 56089 1:0 9275
9305 58863 21:0 9325
9308 56098 1:0 9310
9317 56100 1:0 9320
9324 58888 21:0 9328
9327 56103 1:0 9330
9327 58756 21:0 9354
9335 56107 1:0 9335
9353 59209 1:0 9353
9353 58875 21:0 9354
9353 58953 21:0 9354
9353 58927 21:0 9357
9356 58854 21:0 9357
9356 58828 21:0 9357
9356 56121 1:0 9358
9356 58821 21:0 9365
9360 59207 1:0 9360
9361 59208 1:0 9361
9364 58775 21:0 9365
9364 58862 21:0 9365
9364 58808 21:0 9368
9367 58929 21:0 9368
9367 58841 21:0 9368
9367 56125 1:0 9369
9367 58947 21:0 9374
9371 59206 1:0 9371
9372 56157 1:0 9377
9372 56128 1:0 9379
9372 56160 1:0 9381
9372 59203 1:0 9381
9372 56133 1:0 9381
9372 56155 1:0 9381
9372 56146 1:0 9400
9372 59183 1:0 9400
9372 56164 1:0 9400
9372 56805 1:0 9400
9372 59175 1:0 9483
9372 56217 1:0 9508
9372 56190 1:0 9512
9372 59170 1:0 9512
9372 56221 1:0 9531
9372 59137 1:0 9643
9372 253 1:0 9643
9372 56247 1:0 9643
9372 56278 1:0 9662
9372 59104 1:0 9770
9372 56304 1:0 9770
9372 235 1:0 9770
9372 56335 1:0 9791
9372 59084 1:0 9791
9372 56361 1:0 9904
9372 59071 1:0 9904
9372 217 1:0 9904
9372 56392 1:0 9921
9372 59051 1:0 9921
9372 199 1:0 10035
9372 59038 1:0 10035
9372 56418 1:0 10035
9372 56449 1:0 10052
9372 56475 1:0 10166
9372 59005 1:0 10166
9372 58985 1:0 10183
9372 56506 1:0 10183
9372 58972 1:0 10295
9372 56532 1:0 10297
9372 58952 1:0 10314
9372 56563 1:0 10314
9372 56589 1:0 10429
9372 58939 1:0 10429
9372 56620 1:0 10448
9372 58919 1:0 10448
9372 56646 1:0 10560
9372 58906 1:0 10560
9372 58886 1:0 10579
9372 56677 1:0 10579
9372 56703 1:0 10691
9372 109 1:0 10691
9372 58873 1:0 10691
9372 58853 1:0 10710
9372 56734 1:0 10710
9372 56760 1:0 10822
9372 91 1:0 10822
9373 56125 21:0 9374
9373 56121 21:0 9374
9373 56071 21:0 9374
9373 56068 21:0 9374
9373 56064 21:0 9377
9375 59174 1:0 9490
9376 56014 21:0 9377
9376 56011 21:0 9377
9376 56007 21:0 9377
9376 319 21:0 9377
9376 321 21:0 9381
9378 56178 1:0 9489
9378 56812 1:0 9494
9378 56577 1:0 9494
9378 56520 1:0 9494
9378 56292 1:0 9503
9380 56107 21:0 9381
9380 59018 21:0 9381
9380 56076 21:0 9381
9380 59150 21:0 9381
9380 59117 21:0 9381
9380 163 21:0 9381
9380 56019 21:0 9381
9380 181 21:0 9381
9380 145 21:0 9381
9380 197 21:0 9381
9380 59287 21:0 9381
9380 56050 21:0 9381
9380 327 21:0 9381
9380 127 21:0 9381
9380 125 21:0 9381
9380 55 21:0 9381
9380 233 21:0 9381
9380 71 21:0 9381
9380 307 21:0 9381
9380 179 21:0 9381
9380 55995 21:0 9381
9380 73 21:0 9381
9380 53 21:0 9381
9380 305 21:0 9381
9380 287 21:0 9381
9380 251 21:0 9381
9380 107 21:0 9381
9380 323 21:0 9381
9380 271 21:0 9381
9380 37 21:0 9381
9380 325 21:0 9381
9380 89 21:0 9381
9380 59173 1:0 9501
9381 56128 21:0 9402
9382 287 1:0 9398
9382 271 1:0 9512
9382 59150 1:0 9531
9382 251 1:0 9660
9382 59117 1:0 9662
9382 233 1:0 9791
9382 59018 1:0 10052
9382 197 1:0 10052
9382 181 1:0 10166
9382 179 1:0 10183
9382 163 1:0 10295
9382 145 1:0 10429
9382 127 1:0 10560
9382 125 1:0 10579
9382 107 1:0 10708
9383 56182 1:0 9500
9383 56470 1:0 9503
9398 56185 1:0 9510
9398 56926 1:0 9531
9399 56212 1:0 9508
9399 255 1:0 9508
9399 56214 1:0 9512
9399 56413 1:0 9531
9399 56203 1:0 9531
9399 56271 1:0 9639
9399 59095 1:0 9770
9401 317 21:0 9405
9404 301 21:0 9405
9404 303 21:0 9440
9411 59143 1:0 9531
9439 299 21:0 9456
9452 56235 1:0 9620
9452 56695 1:0 9625
9455 283 21:0 9456
9455 285 21:0 9459
9458 281 21:0 9464
9463 56146 21:0 9480
9465 59142 1:0 9614
9479 56155 21:0 9485
9480 56581 1:0 9625
9480 56752 1:0 9625
9481 56239 1:0 9631
9484 59176 1:0 9484
9484 56157 21:0 9485
9484 56160 21:0 9485
9484 315 21:0 9485
9484 56043 21:0 9485
9484 329 21:0 9485
9484 56103 21:0 9485
9484 313 21:0 9485
9484 55381 21:0 9485
9484 311 21:0 9485
9484 275 21:0 9485
9484 277 21:0 9485
9484 56046 21:0 9485
9484 279 21:0 9485
9484 56100 21:0 9485
9484 56041 21:0 9485
9484 56032 21:0 9485
9484 291 21:0 9485
9484 293 21:0 9485
9484 295 21:0 9485
9484 297 21:0 9485
9484 309 21:0 9485
9484 55991 21:0 9485
9484 43 21:0 9485
9484 56098 21:0 9485
9484 56089 21:0 9485
9484 273 21:0 9485
9484 147 21:0 9485
9484 261 21:0 9485
9484 111 21:0 9485
9484 93 21:0 9485
9484 27 21:0 9485
9484 79 21:0 9485
9484 58963 21:0 9485
9484 99 21:0 9485
9484 61 21:0 9485
9484 133 21:0 9485
9484 205 21:0 9485
9484 59128 21:0 9485
9484 153 21:0 9488
9486 261 1:0 9503
9486 59128 1:0 9639
9487 289 21:0 9488
9487 287 21:0 9488
9487 56164 21:0 9488
9487 221 21:0 9488
9487 237 21:0 9488
9487 59 21:0 9488
9487 56133 21:0 9488
9487 59161 21:0 9488
9487 81 21:0 9488
9487 169 21:0 9488
9487 165 21:0 9488
9487 131 21:0 9488
9487 225 21:0 9488
9487 58765 21:0 9488
9487 241 21:0 9488
9487 75 21:0 9488
9487 203 21:0 9488
9487 58930 21:0 9488
9487 59029 21:0 9488
9487 257 21:0 9488
9487 58897 21:0 9488
9487 117 21:0 9488
9487 97 21:0 9488
9487 59062 21:0 9488
9487 77 21:0 9488
9487 41 21:0 9488
9487 243 21:0 9488
9487 21 21:0 9488
9487 45 21:0 9488
9487 189 21:0 9488
9487 135 21:0 9488
9487 201 21:0 9488
9487 9 21:0 9488
9487 185 21:0 9488
9487 149 21:0 9488
9487 223 21:0 9488
9487 58996 21:0 9488
9487 259 21:0 9488
9487 58732 21:0 9488
9487 58864 21:0 9488
9487 57 21:0 9488
9487 187 21:0 9488
9487 239 21:0 9488
9487 215 21:0 9488
9487 183 21:0 9488
9487 161 21:0 9488
9487 25 21:0 9488
9487 113 21:0 9488
9487 143 21:0 9488
9487 39 21:0 9488
9487 171 21:0 9488
9487 95 21:0 9488
9489 257 1:0 9503
9489 259 1:0 9508
9489 59161 1:0 9508
9489 243 1:0 9634
9489 241 1:0 9634
9489 239 1:0 9639
9489 237 1:0 9639
9489 59062 1:0 9896
9489 215 1:0 9921
9489 161 1:0 10314
9489 143 1:0 10448
9491 56178 21:0 9496
9493 59141 1:0 9621
9494 59140 1:0 9632
9494 56349 1:0 9634
9494 56406 1:0 9634
9494 56242 1:0 9641
9494 56260 1:0 9643
9494 56269 1:0 9643
9494 58947 1:0 9662
9494 56274 1:0 9662
9494 221 1:0 9765
9494 223 1:0 9770
9494 56331 1:0 9770
9494 56328 1:0 9770
9495 265 21:0 9496
9502 56182 21:0 9505
9503 59110 1:0 9662
9503 59108 1:0 9745
9504 267 21:0 9505
9509 59109 1:0 9753
9511 58841 1:0 9756
9512 56185 21:0 9533
9514 58929 1:0 9756
9520 58840 1:0 10822
9521 58820 1:0 10841
9529 56296 1:0 9762
9529 225 1:0 9770
9529 59029 1:0 10035
9529 56791 1:0 10841
9529 89 1:0 10841
9529 73 1:0 10949
9529 56817 1:0 10949
9529 58807 1:0 10949
9532 263 21:0 9536
9535 56190 21:0 9536
9535 271 21:0 9536
9539 56203 21:0 9568
9542 59107 1:0 9763
9567 261 21:0 9571
9574 56212 21:0 9577
9576 259 21:0 9577
9584 56214 21:0 9587
9586 257 21:0 9587
9594 56217 21:0 9611
9610 255 21:0 9616
9615 269 21:0 9616
9615 56221 21:0 9616
9622 56235 21:0 9627
9624 58808 1:0 9765
9624 56299 1:0 9772
9624 56317 1:0 9788
9624 58775 1:0 9791
9624 56326 1:0 9791
9624 56353 1:0 9893
9624 203 1:0 9896
9624 201 1:0 9896
9624 56374 1:0 9904
9624 56383 1:0 9904
9624 205 1:0 9904
9625 59077 1:0 9791
9625 59076 1:0 9876
9626 59139 1:0 9626
9626 247 21:0 9627
9633 56239 21:0 9636
9634 59075 1:0 9883
9634 58821 1:0 9887
9634 58862 1:0 9887
9634 58828 1:0 9896
9634 58854 1:0 9921
9635 249 21:0 9636
9640 59074 1:0 9894
9642 56356 1:0 9903
9643 59138 1:0 9643
9643 56242 21:0 9664
9645 58787 1:0 10967
9661 59044 1:0 9921
9662 71 1:0 10972
9662 56848 1:0 10972
9663 59127 1:0 9663
9663 245 21:0 9667
9666 56247 21:0 9667
9666 253 21:0 9667
9670 56260 21:0 9699
9672 59126 1:0 9672
9672 59125 1:0 9672
9672 59123 1:0 9672
9673 207 1:0 9904
9673 56385 1:0 9904
9673 56388 1:0 9921
9673 58875 1:0 10018
9673 183 1:0 10027
9673 189 1:0 10027
9673 187 1:0 10032
9673 56442 1:0 10035
9673 56440 1:0 10035
9673 58996 1:0 10166
9673 56874 1:0 11084
9673 58774 1:0 11084
9673 55 1:0 11084
9698 59119 1:0 9698
9698 243 21:0 9702
9705 56269 21:0 9708
9707 241 21:0 9708
9715 56271 21:0 9718
9717 239 21:0 9718
9725 59118 1:0 9725
9725 56274 21:0 9742
9730 59112 1:0 9730
9741 237 21:0 9747
9746 251 21:0 9747
9746 56278 21:0 9747
9753 56292 21:0 9758
9755 59043 1:0 10007
9756 59042 1:0 10014
9756 58927 1:0 10018
9756 56410 1:0 10024
9756 58953 1:0 10027
9756 185 1:0 10032
9756 56445 1:0 10035
9756 56463 1:0 10052
9756 56431 1:0 10052
9756 169 1:0 10158
9756 171 1:0 10158
9756 56499 1:0 10166
9756 56497 1:0 10166
9757 59106 1:0 9757
9757 229 21:0 9758
9764 56296 21:0 9767
9765 59041 1:0 10025
9765 59011 1:0 10052
9766 231 21:0 9767
9768 58756 1:0 10052
9771 56502 1:0 10166
9771 58963 1:0 10297
9771 53 1:0 11103
9771 58754 1:0 11103
9771 56905 1:0 11103
9771 56962 1:0 11215
9771 58741 1:0 11215
9771 35 1:0 11215
9774 59105 1:0 9774
9774 56299 21:0 9795
9776 59010 1:0 10138
9779 59099 1:0 9779
9791 58863 1:0 10149
9794 59094 1:0 9794
9794 227 21:0 9798
9797 235 21:0 9798
9797 56304 21:0 9798
9801 56317 21:0 9830
9803 59090 1:0 9803
9803 59093 1:0 9803
9803 59092 1:0 9803
9804 59009 1:0 10145
9829 59086 1:0 9829
9829 225 21:0 9833
9836 56326 21:0 9839
9838 223 21:0 9839
9846 56328 21:0 9849
9848 221 21:0 9849
9856 59085 1:0 9856
9856 56331 21:0 9873
9861 59079 1:0 9861
9872 219 21:0 9878
9877 233 21:0 9878
9877 56335 21:0 9878
9884 56349 21:0 9889
9886 58888 1:0 10149
9886 56467 1:0 10155
9886 58925 1:0 10158
9886 165 1:0 10166
9886 56527 1:0 10183
9886 56488 1:0 10183
9886 149 1:0 10289
9886 153 1:0 10289
9886 56556 1:0 10297
9886 56554 1:0 10297
9886 131 1:0 10425
9887 59008 1:0 10156
9887 58978 1:0 10183
9888 59073 1:0 9888
9888 211 21:0 9889
9895 56353 21:0 9898
9896 58958 1:0 10183
9896 58977 1:0 10269
9897 213 21:0 9898
9899 58976 1:0 10276
9902 58962 1:0 10280
9902 58960 1:0 10280
9902 58973 1:0 10289
9904 56524 1:0 10286
9905 59072 1:0 9905
9905 56356 21:0 9926
9907 56931 1:0 11215
9907 37 1:0 11215
9910 59066 1:0 9910
9923 58975 1:0 10287
9924 58721 1:0 11215
9925 59061 1:0 9925
9925 209 21:0 9929
9928 56361 21:0 9929
9928 217 21:0 9929
9932 56374 21:0 9961
9934 59060 1:0 9934
9934 59059 1:0 9934
9934 59057 1:0 9934
9935 56559 1:0 10297
9935 147 1:0 10297
9935 56545 1:0 10314
9935 58961 1:0 10314
9935 135 1:0 10420
9935 133 1:0 10425
9935 56613 1:0 10425
9935 56611 1:0 10429
9935 58930 1:0 10448
9935 58897 1:0 10556
9935 19 1:0 11340
9935 56988 1:0 11340
9935 58708 1:0 11351
9935 17 1:0 11428
9935 57019 1:0 11431
9935 58688 1:0 11433
9960 59053 1:0 9960
9960 207 21:0 9964
9967 56383 21:0 9970
9969 205 21:0 9970
9977 56385 21:0 9980
9979 203 21:0 9980
9987 59052 1:0 9987
9987 56388 21:0 10004
9992 59046 1:0 9992
10003 201 21:0 10009
10008 56392 21:0 10009
10008 215 21:0 10009
10015 56406 21:0 10020
10017 58945 1:0 10314
10018 56584 1:0 10314
10018 58944 1:0 10400
10018 58941 1:0 10411
10018 58809 1:0 10411
10018 58940 1:0 10420
10019 59040 1:0 10019
10019 193 21:0 10020
10026 56410 21:0 10029
10027 58943 1:0 10407
10027 58942 1:0 10418
10028 195 21:0 10029
10030 56638 1:0 10420
10035 58912 1:0 10448
10036 59039 1:0 10036
10036 56413 21:0 10057
10038 58914 1:0 10448
10041 59033 1:0 10041
10053 56616 1:0 10429
10053 56634 1:0 10448
10053 56602 1:0 10448
10053 117 1:0 10551
10053 56668 1:0 10556
10053 113 1:0 10556
10053 56670 1:0 10560
10054 58861 1:0 10542
10054 58908 1:0 10542
10056 59028 1:0 10056
10056 191 21:0 10060
10059 56418 21:0 10060
10059 199 21:0 10060
10063 56431 21:0 10092
10065 59026 1:0 10065
10065 59027 1:0 10065
10065 59024 1:0 10065
10066 56641 1:0 10551
10091 59020 1:0 10091
10091 189 21:0 10095
10098 56440 21:0 10101
10108 56442 21:0 10111
10118 59019 1:0 10118
10118 56445 21:0 10135
10123 59013 1:0 10123
10134 56449 21:0 10135
10146 56463 21:0 10151
10148 58910 1:0 10531
10149 58911 1:0 10539
10149 58909 1:0 10549
10150 59007 1:0 10150
10157 56467 21:0 10160
10158 58881 1:0 10551
10158 111 1:0 10556
10158 56659 1:0 10560
10158 58901 1:0 10564
10158 56691 1:0 10579
10158 56673 1:0 10579
10158 58879 1:0 10579
10158 97 1:0 10682
10158 56748 1:0 10682
10158 95 1:0 10687
10158 58864 1:0 10687
10164 58878 1:0 10662
10167 59006 1:0 10167
10167 56470 21:0 10188
10172 59000 1:0 10172
10185 58877 1:0 10669
10187 58995 1:0 10187
10187 56475 21:0 10188
10194 56488 21:0 10223
10196 58991 1:0 10196
10196 58993 1:0 10196
10196 58994 1:0 10196
10197 58769 1:0 10673
10197 99 1:0 10682
10197 93 1:0 10687
10197 56730 1:0 10691
10222 58987 1:0 10222
10229 56497 21:0 10232
10239 56499 21:0 10242
10249 58986 1:0 10249
10249 56502 21:0 10266
10254 58980 1:0 10254
10265 56506 21:0 10266
10277 56520 21:0 10282
10279 58859 1:0 10673
10279 58830 1:0 10682
10279 58842 1:0 10710
10280 58876 1:0 10680
10280 58846 1:0 10710
10281 58974 1:0 10281
10288 56524 21:0 10291
10289 56725 1:0 10687
10289 56698 1:0 10689
10289 56727 1:0 10691
10289 56716 1:0 10710
10289 58844 1:0 10793
10289 58743 1:0 10804
10289 58815 1:0 10804
10289 56809 1:0 10813
10289 81 1:0 10813
10289 77 1:0 10813
10289 56782 1:0 10818
10289 56787 1:0 10822
10295 58845 1:0 10801
10298 56527 21:0 10319
10303 58967 1:0 10303
10316 58843 1:0 10811
10318 56532 21:0 10319
10325 56545 21:0 10354
10328 58826 1:0 10813
10328 79 1:0 10818
10328 75 1:0 10818
10328 56784 1:0 10822
10328 56773 1:0 10841
10328 58798 1:0 10972
10353 58954 1:0 10353
10360 56554 21:0 10363
10370 56556 21:0 10373
10380 56559 21:0 10397
10396 56563 21:0 10397
10408 56577 21:0 10413
10410 58813 1:0 10841
10411 56755 1:0 10820
10411 58789 1:0 10841
10411 58812 1:0 10924
10411 58760 1:0 10935
10419 56581 21:0 10422
10420 58811 1:0 10931
10420 58776 1:0 10935
10423 58810 1:0 10942
10426 58788 1:0 10944
10426 45 1:0 10944
10426 56862 1:0 10944
10426 59 1:0 10944
10426 39 1:0 10944
10426 61 1:0 10949
10426 56830 1:0 10949
10426 57 1:0 10949
10426 56839 1:0 10949
10426 56844 1:0 10967
10426 56869 1:0 10972
10426 56841 1:0 10972
10426 58765 1:0 11080
10426 43 1:0 11080
10426 56898 1:0 11080
10429 56584 21:0 10450
10434 58934 1:0 10434
10447 58780 1:0 10972
10449 56589 21:0 10450
10456 56602 21:0 10485
10458 58928 1:0 10458
10459 58722 1:0 10972
10459 56866 1:0 11072
10484 58921 1:0 10484
10491 56611 21:0 10494
10501 56613 21:0 10504
10511 58920 1:0 10511
10511 56616 21:0 10528
10527 56620 21:0 10528
10539 56634 21:0 10544
10541 58778 1:0 11055
10542 58779 1:0 11063
10542 58729 1:0 11066
10542 58727 1:0 11066
10542 58731 1:0 11075
10550 56638 21:0 10553
10551 58777 1:0 11073
10551 58747 1:0 11103
10554 41 1:0 11080
10554 56896 1:0 11084
10554 56901 1:0 11084
10554 56887 1:0 11103
10554 25 1:0 11206
10554 21 1:0 11206
10554 23 1:0 11211
10557 56919 1:0 11103
10557 58736 1:0 11103
10560 58907 1:0 10560
10560 56641 21:0 10581
10577 58746 1:0 11186
10578 58730 1:0 11197
10578 56923 1:0 11203
10580 58896 1:0 10580
10580 56646 21:0 10581
10587 56659 21:0 10616
10589 58895 1:0 10589
10589 58894 1:0 10589
10589 58892 1:0 10589
10590 58723 1:0 11197
10590 56955 1:0 11211
10590 27 1:0 11211
10590 56958 1:0 11211
10590 56953 1:0 11215
10590 58732 1:0 11234
10622 56668 21:0 10625
10632 56670 21:0 10635
10642 58887 1:0 10642
10642 56673 21:0 10659
10658 56677 21:0 10659
10670 56691 21:0 10675
10672 58745 1:0 11193
10673 58744 1:0 11204
10673 58716 1:0 11206
10673 58742 1:0 11214
10673 56944 1:0 11234
10673 56976 1:0 11234
10673 9 1:0 11340
10673 57001 1:0 11340
10673 7 1:0 11360
10673 57010 1:0 11365
10673 58699 1:0 11365
10673 5 1:0 11411
10681 56695 21:0 10684
10682 58714 1:0 11234
10682 58713 1:0 11317
10690 58712 1:0 11324
10691 58874 1:0 10691
10691 56698 21:0 10712
10693 58710 1:0 11328
10696 58868 1:0 10696
10708 337 1:0 11328
10709 56980 1:0 11334
10709 58703 1:0 11337
10711 56703 21:0 10712
10718 56716 21:0 10747
10721 58709 1:0 11340
10721 57012 1:0 11416
10721 3 1:0 11419
10721 57015 1:0 11426
10746 58855 1:0 10746
10753 56725 21:0 10756
10763 56727 21:0 10766
10773 56730 21:0 10790
10778 58848 1:0 10778
10789 56734 21:0 10790
10801 56748 21:0 10806
10803 58711 1:0 11335
10804 56983 1:0 11340
10804 58698 1:0 11340
10804 58697 1:0 11365
10804 58694 1:0 11365
10804 58696 1:0 11365
10804 58690 1:0 11400
10804 336 1:0 11419
10804 189 1:0 12255
10812 56752 21:0 10815
10813 58689 1:0 11427
10822 56755 21:0 10843
10827 58835 1:0 10827
10842 56760 21:0 10843
10849 56773 21:0 10878
10851 58829 1:0 10851
10877 58822 1:0 10877
10884 56782 21:0 10887
10894 56784 21:0 10897
10904 56787 21:0 10921
10920 56791 21:0 10921
10932 56805 21:0 10937
10943 56809 21:0 10946
10953 56812 21:0 10974
10958 58802 1:0 10958
10973 58797 1:0 10973
10973 56817 21:0 10974
10980 56830 21:0 11009
10982 58793 1:0 10982
10982 58795 1:0 10982
10982 58796 1:0 10982
11015 56839 21:0 11018
11025 56841 21:0 11028
11035 56844 21:0 11052
11040 58782 1:0 11040
11051 56848 21:0 11052
11063 56862 21:0 11068
11074 56866 21:0 11077
11084 56869 21:0 11105
11104 58764 1:0 11104
11104 56874 21:0 11105
11111 56887 21:0 11140
11113 58762 1:0 11113
11113 58763 1:0 11113
11146 56896 21:0 11149
11156 56898 21:0 11159
11166 58755 1:0 11166
11166 56901 21:0 11183
11171 58749 1:0 11171
11182 56905 21:0 11183
11194 56919 21:0 11199
11205 56923 21:0 11208
11215 56926 21:0 11236
11235 56931 21:0 11236
11242 56944 21:0 11271
11277 56953 21:0 11280
11287 56955 21:0 11290
11297 56958 21:0 11314
11313 56962 21:0 11314
11325 56976 21:0 11330
11336 56980 21:0 11339
11346 56983 21:0 11367
11366 56988 21:0 11367
11373 57001 21:0 11402
11408 57010 21:0 11411
11418 57012 21:0 11421
11428 57015 21:0 11445
11444 57019 21:0 11445
11454 60339 21:0 11455
11455 60340 21:0 11466
11465 3 21:0 11466
11465 17 21:0 11466
11466 60341 21:0 11494
11493 336 21:0 11499
11498 7 21:0 11499
11498 60350 21:0 11499
11498 5 21:0 11499
11501 337 21:0 11510
11509 60347 21:0 11510
11509 60359 21:0 11510
11509 60349 21:0 11510
11509 19 21:0 11510
11512 60362 21:0 11520
11519 60363 21:0 11570
11569 60364 21:0 11586
11585 60365 21:0 11591
11590 60395 21:0 11610
11591 60394 21:0 11591
11609 60397 21:0 11662
11646 60413 21:0 11646
11646 60414 21:0 11646
11651 60415 21:0 11651
11661 60396 21:0 11667
11666 60398 21:0 11672
11671 60428 21:0 11727
11674 60420 21:0 11674
11683 60439 21:0 11683
11722 60444 21:0 11722
11722 60447 21:0 11722
11722 60446 21:0 11722
11726 60430 21:0 11743
11729 60433 21:0 11729
11735 60459 21:0 11735
11742 60429 21:0 11748
11747 60431 21:0 11798
11770 60473 21:0 11770
11797 60461 21:0 11814
11798 60480 21:0 11798
11805 60466 21:0 11805
11813 60463 21:0 11819
11818 60462 21:0 11838
11819 60493 21:0 11819
11826 60486 21:0 11826
11835 60505 21:0 11835
11837 60464 21:0 11890
11879 60514 21:0 11879
11889 60494 21:0 11895
11894 60495 21:0 11900
11895 60526 21:0 11895
11899 60496 21:0 11955
11902 60519 21:0 11902
11950 60546 21:0 11950
11954 60497 21:0 11971
11955 60547 21:0 11955
11957 60532 21:0 11957
11963 60558 21:0 11963
11970 60527 21:0 11976
11975 60528 21:0 12026
12025 60529 21:0 12042
12033 60565 21:0 12033
12041 60530 21:0 12047
12046 60560 21:0 12066
12047 60592 21:0 12047
12054 60585 21:0 12054
12063 60604 21:0 12063
12065 60562 21:0 12118
12109 60598 21:0 12109
12117 60561 21:0 12123
12122 60563 21:0 12128
12123 60625 21:0 12123
12127 60593 21:0 12183
12130 60618 21:0 12130
12139 60637 21:0 12139
12150 60638 21:0 12150
12178 60645 21:0 12178
12178 60642 21:0 12178
12178 60644 21:0 12178
12182 60594 21:0 12196
12183 60646 21:0 12183
12185 60631 21:0 12185
12191 60657 21:0 12191
12195 60595 21:0 12204
12199 60658 21:0 12199
12203 60596 21:0 12254
12206 60651 21:0 12206
12215 60670 21:0 12215
12226 60671 21:0 12226
12253 60626 21:0 12270
12254 60675 21:0 12254
12254 60678 21:0 12254
12254 60677 21:0 12254
12255 199 1:0 12265
12255 191 1:0 12266
12259 60679 21:0 12259
12261 60664 21:0 12261
12267 60690 21:0 12267
12269 195 1:0 12271
12269 60627 21:0 12275
12274 193 1:0 12276
12274 60628 21:0 12294
12275 60691 21:0 12275
12279 201 1:0 12290
12282 60684 21:0 12282
12289 215 1:0 12289
12291 60703 21:0 12291
12293 203 1:0 12294
12293 60629 21:0 12346
12297 205 1:0 12298
12302 60704 21:0 12302
12329 207 1:0 12331
12330 60711 21:0 12330
12330 60708 21:0 12330
12330 60710 21:0 12330
12334 209 1:0 12342
12335 60712 21:0 12335
12337 60697 21:0 12337
12341 217 1:0 12341
12343 60723 21:0 12343
12345 213 1:0 12347
12345 60659 21:0 12351
12350 211 1:0 12352
12350 60661 21:0 12356
12351 60724 21:0 12351
12355 219 1:0 12366
12355 60660 21:0 12406
12358 60717 21:0 12358
12365 233 1:0 12365
12367 60736 21:0 12367
12369 221 1:0 12370
12373 223 1:0 12374
12378 60737 21:0 12378
12405 225 1:0 12407
12405 60662 21:0 12424
12406 60743 21:0 12406
12406 60741 21:0 12406
12406 60744 21:0 12406
12410 227 1:0 12418
12411 60745 21:0 12411
12413 60730 21:0 12413
12417 235 1:0 12417
12419 60756 21:0 12419
12421 231 1:0 12423
12423 60692 21:0 12432
12426 229 1:0 12428
12427 60757 21:0 12427
12431 237 1:0 12442
12431 60694 21:0 12482
12434 60750 21:0 12434
12441 251 1:0 12441
12443 60769 21:0 12443
12445 239 1:0 12446
12449 241 1:0 12450
12454 60770 21:0 12454
12481 243 1:0 12483
12481 60693 21:0 12498
12486 245 1:0 12494
12493 253 1:0 12493
12497 249 1:0 12499
12497 60695 21:0 12503
12502 247 1:0 12504
12502 60725 21:0 12522
12507 255 1:0 12518
12517 269 1:0 12517
12521 257 1:0 12522
12521 60727 21:0 12574
12525 259 1:0 12526
12557 261 1:0 12559
12562 263 1:0 12570
12569 271 1:0 12569
12573 267 1:0 12575
12573 60726 21:0 12579
12578 265 1:0 12580
12578 60728 21:0 12584
12583 60360 21:0 12584
12583 273 1:0 12594
12583 60348 21:0 12598
12584 60827 21:0 12584
12593 287 1:0 12593
12597 275 1:0 12598
12597 60345 21:0 12634
12601 277 1:0 12602
12633 279 1:0 12635
12633 60758 21:0 12650
12638 281 1:0 12646
12645 289 1:0 12645
12649 285 1:0 12651
12649 60759 21:0 12655
12652 60857 21:0 12652
12654 283 1:0 12656
12654 60760 21:0 12674
12657 60858 21:0 12657
12657 60859 21:0 12657
12659 291 1:0 12670
12660 60860 21:0 12660
12669 305 1:0 12669
12673 293 1:0 12674
12673 60761 21:0 12726
12677 295 1:0 12678
12709 297 1:0 12711
12714 299 1:0 12722
12721 307 1:0 12721
12725 303 1:0 12727
12725 60791 21:0 12731
12728 60890 21:0 12728
12730 301 1:0 12732
12730 60792 21:0 12736
12733 60891 21:0 12733
12733 60892 21:0 12733
12735 309 1:0 12746
12735 60793 21:0 12791
12736 60893 21:0 12736
12745 323 1:0 12745
12749 311 1:0 12750
12753 313 1:0 12754
12785 315 1:0 12787
12790 317 1:0 12798
12790 60354 21:0 12802
12797 325 1:0 12797
12801 60361 21:0 12802
12801 60378 21:0 12802
12801 321 1:0 12803
12801 60374 21:0 12807
12804 60924 21:0 12804
12804 60923 21:0 12804
12806 60393 21:0 12807
12806 60387 21:0 12807
12806 60380 21:0 12807
12806 319 1:0 12808
12806 60382 21:0 12812
12808 60924 1:0 12808
12809 60925 21:0 12809
12809 60924 21:0 12809
12811 60373 21:0 12812
12811 60381 21:0 12812
12811 329 1:0 12823
12811 177 21:0 12827
12820 327 1:0 12820
12826 63 21:0 12827
12826 60746 21:0 12827
12826 201 21:0 12827
12826 55381 1:0 12829
12826 60713 21:0 12831
12830 60812 21:0 12832
12831 60636 21:0 12832
12831 60372 21:0 12832
12831 251 21:0 12832
12831 37 21:0 12832
12831 60405 21:0 12832
12831 60702 21:0 12832
12831 60854 21:0 12832
12831 60524 21:0 12832
12831 60788 21:0 12832
12831 60821 21:0 12832
12831 60689 21:0 12832
12831 60768 21:0 12832
12831 60471 21:0 12832
12831 60755 21:0 12832
12831 60656 21:0 12832
12831 60504 21:0 12832
12831 89 21:0 12832
12832 60936 21:0 12842
12841 55991 1:0 12843
12841 60367 21:0 12865
12848 55995 1:0 12848
12864 60794 21:0 12868
12867 56007 1:0 12869
12867 60824 21:0 12876
12871 60924 1:0 12871
12872 60925 1:0 12872
12875 60826 21:0 12885
12878 56011 1:0 12880
12882 60923 1:0 12882
12884 60825 21:0 12888
12887 60492 21:0 12888
12887 56014 1:0 12890
12887 60612 21:0 12913
12895 56019 1:0 12895
12912 60591 21:0 12948
12915 56032 1:0 12917
12947 60613 21:0 12967
12950 56041 1:0 12952
12959 56043 1:0 12962
12966 60552 21:0 12970
12969 56046 1:0 12972
12969 60576 21:0 12996
12977 56050 1:0 12977
12995 60893 1:0 12995
12995 60543 21:0 12996
12995 60571 21:0 12996
12995 60407 21:0 12999
12998 60481 21:0 12999
12998 60572 21:0 12999
12998 56064 1:0 13000
12998 60448 21:0 13007
13002 60891 1:0 13002
13003 60892 1:0 13003
13006 60538 21:0 13007
13006 60609 21:0 13007
13006 60426 21:0 13010
13009 60477 21:0 13010
13009 60472 21:0 13010
13009 56068 1:0 13011
13009 60513 21:0 13016
13013 60890 1:0 13013
13015 60499 21:0 13016
13015 60512 21:0 13016
13015 60506 21:0 13019
13018 60453 21:0 13019
13018 60580 21:0 13019
13018 56071 1:0 13021
13018 60539 21:0 13044
13026 56076 1:0 13026
13043 60545 21:0 13079
13046 56089 1:0 13048
13078 60411 21:0 13098
13081 56098 1:0 13083
13090 56100 1:0 13093
13097 60510 21:0 13101
13100 56103 1:0 13103
13100 60440 21:0 13127
13108 56107 1:0 13108
13126 60860 1:0 13126
13126 60460 21:0 13127
13126 60578 21:0 13127
13126 60579 21:0 13130
13129 60400 21:0 13130
13129 60406 21:0 13130
13129 56121 1:0 13131
13129 60611 21:0 13138
13133 60858 1:0 13133
13134 60859 1:0 13134
13137 60479 21:0 13138
13137 60525 21:0 13138
13137 60559 21:0 13141
13140 60624 21:0 13141
13140 60605 21:0 13141
13140 56125 1:0 13142
13140 60427 21:0 13147
13144 60857 1:0 13144
13145 56160 1:0 13150
13145 56157 1:0 13150
13145 56128 1:0 13152
13145 56155 1:0 13154
13145 56133 1:0 13154
13145 60854 1:0 13154
13145 56178 1:0 13173
13145 177 1:0 13173
13145 56146 1:0 13173
13145 56164 1:0 13173
13145 60825 1:0 13256
13145 56190 1:0 13281
13145 60821 1:0 13281
13145 60812 1:0 13281
13145 56212 1:0 13281
13145 56214 1:0 13302
13145 56221 1:0 13302
13145 56271 1:0 13412
13145 56247 1:0 13416
13145 60788 1:0 13416
13145 60768 1:0 13435
13145 56278 1:0 13435
13145 251 1:0 13435
13145 60755 1:0 13547
13145 56304 1:0 13547
13145 56335 1:0 13566
13145 56361 1:0 13678
13145 56392 1:0 13697
13145 60702 1:0 13697
13145 60689 1:0 13805
13145 56418 1:0 13805
13145 56449 1:0 13828
13145 56475 1:0 13940
13145 60656 1:0 13940
13145 60636 1:0 13959
13145 56506 1:0 13959
13145 56532 1:0 14071
13145 56563 1:0 14090
13145 56589 1:0 14202
13145 56620 1:0 14221
13145 56646 1:0 14333
13145 56677 1:0 14352
13145 60524 1:0 14460
13145 56703 1:0 14460
13145 56734 1:0 14481
13145 60504 1:0 14483
13145 56760 1:0 14595
13146 56125 21:0 13147
13146 56071 21:0 13147
13146 56121 21:0 13147
13146 56068 21:0 13147
13146 56064 21:0 13150
13148 60826 1:0 13264
13149 56014 21:0 13150
13149 56011 21:0 13150
13149 56007 21:0 13150
13149 319 21:0 13150
13149 321 21:0 13154
13151 56182 1:0 13267
13151 56242 1:0 13267
13151 56185 1:0 13267
13151 56239 1:0 13267
13151 56406 1:0 13276
13153 56019 21:0 13154
13153 55995 21:0 13154
13153 60392 21:0 13154
13153 197 21:0 13154
13153 163 21:0 13154
13153 56050 21:0 13154
13153 60425 21:0 13154
13153 53 21:0 13154
13153 60537 21:0 13154
13153 325 21:0 13154
13153 253 21:0 13154
13153 235 21:0 13154
13153 181 21:0 13154
13153 305 21:0 13154
13153 145 21:0 13154
13153 60491 21:0 13154
13153 233 21:0 13154
13153 307 21:0 13154
13153 161 21:0 13154
13153 215 21:0 13154
13153 271 21:0 13154
13153 109 21:0 13154
13153 71 21:0 13154
13153 287 21:0 13154
13153 143 21:0 13154
13153 323 21:0 13154
13153 55 21:0 13154
13153 91 21:0 13154
13153 60801 21:0 13154
13153 107 21:0 13154
13153 56076 21:0 13154
13153 56107 21:0 13154
13153 60735 21:0 13154
13153 73 21:0 13154
13153 327 21:0 13154
13153 60938 21:0 13154
13153 269 21:0 13154
13153 127 21:0 13154
13153 60722 21:0 13154
13153 179 21:0 13154
13153 199 21:0 13154
13153 60557 21:0 13154
13153 217 21:0 13154
13153 125 21:0 13154
13153 60458 21:0 13154
13153 60669 21:0 13154
13153 60438 21:0 13154
13153 35 21:0 13154
13153 60824 1:0 13274
13154 56128 21:0 13175
13155 287 1:0 13173
13155 271 1:0 13281
13155 269 1:0 13302
13155 60801 1:0 13302
13155 253 1:0 13416
13155 235 1:0 13547
13155 233 1:0 13566
13155 60735 1:0 13566
13155 217 1:0 13678
13155 60722 1:0 13678
13155 215 1:0 13695
13155 199 1:0 13805
13155 60669 1:0 13823
13155 197 1:0 13828
13155 181 1:0 13940
13155 179 1:0 13957
13155 163 1:0 14071
13155 161 1:0 14090
13155 145 1:0 14202
13155 143 1:0 14221
13155 127 1:0 14333
13155 60557 1:0 14333
13155 125 1:0 14352
13155 60537 1:0 14352
13155 109 1:0 14460
13155 107 1:0 14481
13155 91 1:0 14595
13155 60491 1:0 14595
13156 56292 1:0 13276
13156 56235 1:0 13276
13171 56217 1:0 13281
13171 56203 1:0 13299
13171 56467 1:0 13302
13171 56269 1:0 13416
13171 56274 1:0 13416
13171 60746 1:0 13543
13171 56328 1:0 13543
13172 56641 1:0 13302
13172 56296 1:0 13302
13174 317 21:0 13178
13177 301 21:0 13178
13177 303 21:0 13213
13184 60794 1:0 13302
13212 299 21:0 13229
13225 56923 1:0 13398
13225 56634 1:0 13398
13228 283 21:0 13229
13228 285 21:0 13232
13231 281 21:0 13237
13236 56155 21:0 13239
13238 56146 21:0 13258
13238 60793 1:0 13387
13253 56299 1:0 13398
13257 60827 1:0 13257
13257 315 21:0 13258
13257 313 21:0 13258
13257 311 21:0 13258
13257 56089 21:0 13258
13257 56160 21:0 13258
13257 56157 21:0 13258
13257 25 21:0 13258
13257 187 21:0 13258
13257 135 21:0 13258
13257 21 21:0 13258
13257 56103 21:0 13258
13257 261 21:0 13258
13257 189 21:0 13258
13257 56100 21:0 13258
13257 117 21:0 13258
13257 59 21:0 13258
13257 153 21:0 13258
13257 56098 21:0 13258
13257 111 21:0 13258
13257 329 21:0 13258
13257 273 21:0 13258
13257 275 21:0 13258
13257 277 21:0 13258
13257 56046 21:0 13258
13257 56043 21:0 13258
13257 56041 21:0 13258
13257 56032 21:0 13258
13257 279 21:0 13258
13257 291 21:0 13258
13257 295 21:0 13258
13257 293 21:0 13258
13257 55991 21:0 13258
13257 297 21:0 13258
13257 55381 21:0 13258
13257 309 21:0 13258
13257 75 21:0 13261
13259 261 1:0 13281
13260 60581 21:0 13261
13260 60449 21:0 13261
13260 167 21:0 13261
13260 239 21:0 13261
13260 151 21:0 13261
13260 60383 21:0 13261
13260 221 21:0 13261
13260 171 21:0 13261
13260 60680 21:0 13261
13260 45 21:0 13261
13260 243 21:0 13261
13260 60647 21:0 13261
13260 113 21:0 13261
13260 56133 21:0 13261
13260 23 21:0 13261
13260 60548 21:0 13261
13260 93 21:0 13261
13260 56164 21:0 13261
13260 27 21:0 13261
13260 203 21:0 13261
13260 9 21:0 13261
13260 149 21:0 13261
13260 133 21:0 13261
13260 287 21:0 13261
13260 60515 21:0 13261
13260 255 21:0 13261
13260 129 21:0 13261
13260 131 21:0 13261
13260 185 21:0 13261
13260 97 21:0 13261
13260 60779 21:0 13261
13260 57 21:0 13261
13260 95 21:0 13261
13260 60482 21:0 13261
13260 165 21:0 13261
13260 41 21:0 13261
13260 259 21:0 13261
13260 289 21:0 13261
13262 255 1:0 13276
13262 259 1:0 13281
13262 239 1:0 13412
13262 243 1:0 13412
13262 60779 1:0 13412
13262 221 1:0 13543
13264 56178 21:0 13269
13266 60792 1:0 13394
13267 56862 1:0 13398
13267 60791 1:0 13405
13267 56349 1:0 13407
13267 56638 1:0 13407
13267 56748 1:0 13407
13267 56698 1:0 13435
13267 60427 1:0 13435
13268 265 21:0 13269
13275 56182 21:0 13278
13276 56260 1:0 13435
13276 60761 1:0 13435
13276 60713 1:0 13674
13276 89 1:0 14613
13276 60471 1:0 14613
13276 56791 1:0 14613
13276 73 1:0 14726
13276 60458 1:0 14726
13276 56817 1:0 14726
13277 267 21:0 13278
13279 60760 1:0 13518
13284 60759 1:0 13525
13285 56185 21:0 13306
13287 60605 1:0 13529
13302 60624 1:0 13529
13305 263 21:0 13309
13308 271 21:0 13309
13308 56190 21:0 13309
13312 56203 21:0 13341
13315 60758 1:0 13536
13340 261 21:0 13344
13347 56212 21:0 13350
13349 259 21:0 13350
13357 56214 21:0 13360
13359 257 21:0 13360
13367 56217 21:0 13384
13383 255 21:0 13389
13388 56221 21:0 13389
13388 269 21:0 13389
13395 56235 21:0 13400
13397 56524 1:0 13538
13397 60559 1:0 13538
13397 56331 1:0 13543
13397 56326 1:0 13547
13397 56317 1:0 13566
13397 60525 1:0 13566
13397 56356 1:0 13566
13397 56388 1:0 13674
13397 203 1:0 13674
13397 56383 1:0 13674
13397 56385 1:0 13678
13398 60728 1:0 13566
13398 60726 1:0 13649
13399 247 21:0 13400
13406 56239 21:0 13409
13407 60727 1:0 13657
13407 60479 1:0 13660
13407 60611 1:0 13660
13407 56353 1:0 13666
13407 60406 1:0 13669
13408 249 21:0 13409
13413 60725 1:0 13667
13415 60400 1:0 13697
13416 56242 21:0 13437
13418 71 1:0 14743
13418 56848 1:0 14745
13434 60695 1:0 13697
13435 60438 1:0 14745
13436 245 21:0 13440
13439 253 21:0 13440
13439 56247 21:0 13440
13443 56260 21:0 13472
13446 201 1:0 13674
13446 56463 1:0 13697
13446 56374 1:0 13697
13446 56410 1:0 13797
13446 185 1:0 13800
13446 187 1:0 13805
13446 189 1:0 13805
13446 56445 1:0 13805
13446 56440 1:0 13805
13446 60680 1:0 13828
13446 56442 1:0 13828
13446 60425 1:0 14857
13446 56874 1:0 14857
13446 55 1:0 14857
13471 60770 1:0 13471
13471 243 21:0 13475
13478 56269 21:0 13481
13480 241 21:0 13481
13488 56271 21:0 13491
13490 239 21:0 13491
13498 60769 1:0 13498
13498 56274 21:0 13515
13514 237 21:0 13520
13519 251 21:0 13520
13519 56278 21:0 13520
13526 56292 21:0 13531
13528 60693 1:0 13780
13529 60694 1:0 13788
13529 60579 1:0 13791
13529 60578 1:0 13791
13529 60460 1:0 13800
13529 56413 1:0 13807
13530 60757 1:0 13530
13530 229 21:0 13531
13537 56296 21:0 13540
13538 60692 1:0 13798
13538 60662 1:0 13828
13539 231 21:0 13540
13541 60440 1:0 13828
13544 56431 1:0 13823
13544 60647 1:0 13936
13544 56905 1:0 14876
13544 53 1:0 14876
13544 60405 1:0 14876
13544 56931 1:0 14988
13544 37 1:0 14988
13544 60392 1:0 14988
13547 60756 1:0 13547
13547 56299 21:0 13568
13549 60660 1:0 13911
13552 60750 1:0 13552
13564 60510 1:0 13922
13567 60745 1:0 13567
13567 227 21:0 13571
13570 56304 21:0 13571
13570 235 21:0 13571
13574 56317 21:0 13603
13576 60743 1:0 13576
13576 60741 1:0 13576
13576 60744 1:0 13576
13577 60661 1:0 13919
13602 60737 1:0 13602
13602 225 21:0 13606
13609 56326 21:0 13612
13611 223 21:0 13612
13619 56328 21:0 13622
13621 221 21:0 13622
13629 60736 1:0 13629
13629 56331 21:0 13646
13634 60730 1:0 13634
13645 219 21:0 13651
13650 56335 21:0 13651
13650 233 21:0 13651
13657 56349 21:0 13662
13659 60411 1:0 13922
13659 165 1:0 13931
13659 56520 1:0 13931
13659 60545 1:0 13931
13659 167 1:0 13936
13659 56499 1:0 13936
13659 56488 1:0 13936
13659 171 1:0 13936
13659 56470 1:0 13938
13659 56497 1:0 13940
13659 151 1:0 14062
13660 60659 1:0 13929
13660 60629 1:0 13959
13661 60724 1:0 13661
13661 211 21:0 13662
13668 56353 21:0 13671
13669 56502 1:0 13959
13669 60539 1:0 13959
13669 60628 1:0 14042
13669 60580 1:0 14053
13669 60609 1:0 14053
13669 153 1:0 14067
13669 149 1:0 14067
13669 56554 1:0 14067
13669 56556 1:0 14071
13669 56559 1:0 14071
13669 133 1:0 14193
13670 213 21:0 13671
13675 60627 1:0 14049
13677 60613 1:0 14062
13678 60723 1:0 13678
13678 56356 21:0 13699
13680 35 1:0 15005
13680 56962 1:0 15007
13683 60717 1:0 13683
13696 60626 1:0 14060
13697 60372 1:0 15007
13698 60712 1:0 13698
13698 209 21:0 13702
13701 217 21:0 13702
13701 56361 21:0 13702
13705 56374 21:0 13734
13707 60711 1:0 13707
13707 60708 1:0 13707
13707 60710 1:0 13707
13708 56527 1:0 14062
13708 60612 1:0 14090
13708 56545 1:0 14090
13708 60581 1:0 14198
13708 56988 1:0 15113
13708 19 1:0 15113
13733 60704 1:0 13733
13733 207 21:0 13737
13740 56383 21:0 13743
13742 205 21:0 13743
13750 56385 21:0 13753
13752 203 21:0 13753
13760 60703 1:0 13760
13760 56388 21:0 13777
13765 60697 1:0 13765
13776 201 21:0 13782
13781 56392 21:0 13782
13781 215 21:0 13782
13788 56406 21:0 13793
13790 60596 1:0 14090
13791 56577 1:0 14090
13791 60595 1:0 14173
13791 60572 1:0 14184
13791 60571 1:0 14184
13791 56581 1:0 14190
13791 129 1:0 14193
13791 56613 1:0 14198
13791 135 1:0 14198
13791 131 1:0 14198
13791 56602 1:0 14202
13791 56611 1:0 14202
13791 56670 1:0 14329
13792 60691 1:0 13792
13792 193 21:0 13793
13799 56410 21:0 13802
13800 60594 1:0 14180
13800 60593 1:0 14191
13801 195 21:0 13802
13803 60576 1:0 14193
13806 56584 1:0 14200
13809 60690 1:0 13809
13809 56413 21:0 13830
13811 60563 1:0 14221
13814 60684 1:0 13814
13817 60359 1:0 15124
13818 17 1:0 15201
13818 57019 1:0 15204
13826 60591 1:0 14201
13827 56616 1:0 14221
13827 60538 1:0 14315
13827 117 1:0 14324
13827 60548 1:0 14329
13827 111 1:0 14329
13827 113 1:0 14329
13827 56668 1:0 14333
13827 60339 1:0 15206
13829 60679 1:0 13829
13829 191 21:0 13833
13832 56418 21:0 13833
13832 199 21:0 13833
13836 56431 21:0 13865
13838 60675 1:0 13838
13838 60678 1:0 13838
13838 60677 1:0 13838
13839 60453 1:0 14315
13864 60671 1:0 13864
13864 189 21:0 13868
13871 56440 21:0 13874
13881 56442 21:0 13884
13891 60670 1:0 13891
13891 56445 21:0 13908
13896 60664 1:0 13896
13907 56449 21:0 13908
13919 56463 21:0 13924
13921 60561 1:0 14304
13922 60562 1:0 14312
13922 60560 1:0 14322
13923 60658 1:0 13923
13930 56467 21:0 13933
13931 60543 1:0 14324
13931 56805 1:0 14324
13931 56673 1:0 14329
13931 60552 1:0 14337
13931 56659 1:0 14352
13931 56691 1:0 14352
13931 60530 1:0 14352
13931 95 1:0 14455
13931 97 1:0 14460
13931 60515 1:0 14460
13937 60529 1:0 14435
13940 60657 1:0 13940
13940 56470 21:0 13961
13945 60651 1:0 13945
13958 60528 1:0 14442
13960 60646 1:0 13960
13960 56475 21:0 13961
13967 56488 21:0 13996
13969 60645 1:0 13969
13969 60642 1:0 13969
13969 60644 1:0 13969
13970 60506 1:0 14446
13970 56695 1:0 14452
13995 60638 1:0 13995
14002 56497 21:0 14005
14012 56499 21:0 14015
14022 60637 1:0 14022
14022 56502 21:0 14039
14027 60631 1:0 14027
14038 56506 21:0 14039
14050 56520 21:0 14055
14052 60499 1:0 14446
14052 60512 1:0 14455
14052 93 1:0 14460
14052 56727 1:0 14460
14052 56716 1:0 14460
14052 56730 1:0 14478
14052 56725 1:0 14483
14052 56869 1:0 14483
14052 56784 1:0 14591
14052 60482 1:0 14591
14053 60527 1:0 14453
14053 60497 1:0 14483
14054 60625 1:0 14054
14061 56524 21:0 14064
14062 60513 1:0 14483
14062 60496 1:0 14566
14062 60477 1:0 14577
14062 60472 1:0 14577
14062 56752 1:0 14583
14068 60495 1:0 14573
14071 56527 21:0 14092
14076 60618 1:0 14076
14089 60494 1:0 14584
14091 56532 21:0 14092
14098 56545 21:0 14127
14101 60481 1:0 14586
14101 56787 1:0 14591
14101 75 1:0 14591
14101 56782 1:0 14595
14101 59 1:0 14722
14101 56839 1:0 14722
14133 56554 21:0 14136
14143 56556 21:0 14146
14153 60604 1:0 14153
14153 56559 21:0 14170
14158 60598 1:0 14158
14169 56563 21:0 14170
14181 56577 21:0 14186
14183 60464 1:0 14613
14184 56755 1:0 14593
14184 60492 1:0 14594
14184 56773 1:0 14613
14184 60462 1:0 14697
14184 60426 1:0 14708
14184 57 1:0 14717
14184 63 1:0 14722
14184 56830 1:0 14726
14185 60592 1:0 14185
14192 56581 21:0 14195
14193 60463 1:0 14705
14193 60448 1:0 14708
14193 56809 1:0 14714
14193 60407 1:0 14717
14193 60449 1:0 14722
14193 56812 1:0 14724
14193 56841 1:0 14726
14193 56844 1:0 14745
14193 56901 1:0 14853
14193 56898 1:0 14853
14199 60461 1:0 14715
14202 56584 21:0 14223
14207 60585 1:0 14207
14220 60431 1:0 14745
14222 56589 21:0 14223
14229 56602 21:0 14258
14232 60367 1:0 14745
14232 56866 1:0 14845
14264 56611 21:0 14267
14274 56613 21:0 14277
14284 56616 21:0 14301
14289 60565 1:0 14289
14300 56620 21:0 14301
14312 56634 21:0 14317
14314 60429 1:0 14828
14315 60430 1:0 14836
14315 60373 1:0 14839
14315 60381 1:0 14839
14315 60382 1:0 14848
14323 56638 21:0 14326
14324 60428 1:0 14846
14324 60398 1:0 14876
14327 45 1:0 14853
14327 41 1:0 14853
14327 56896 1:0 14857
14327 56887 1:0 14876
14327 23 1:0 14979
14327 27 1:0 14979
14327 56953 1:0 14984
14330 56919 1:0 14876
14330 60380 1:0 14876
14333 60558 1:0 14333
14333 56641 21:0 14354
14350 60396 1:0 14959
14351 60393 1:0 14970
14351 56926 1:0 14979
14353 60547 1:0 14353
14353 56646 21:0 14354
14360 56659 21:0 14389
14362 60546 1:0 14362
14363 60387 1:0 14970
14363 56944 1:0 14984
14363 25 1:0 14984
14363 21 1:0 14984
14363 60383 1:0 14984
14363 56955 1:0 14988
14395 56668 21:0 14398
14405 56670 21:0 14408
14415 56673 21:0 14432
14420 60532 1:0 14420
14431 56677 21:0 14432
14443 56691 21:0 14448
14445 60397 1:0 14967
14446 60395 1:0 14977
14446 60374 1:0 14979
14446 60378 1:0 15007
14446 56976 1:0 15007
14446 56958 1:0 15007
14446 57001 1:0 15113
14446 9 1:0 15113
14446 57010 1:0 15132
14446 7 1:0 15135
14446 60350 1:0 15138
14446 5 1:0 15184
14447 60526 1:0 14447
14454 56695 21:0 14457
14455 60365 1:0 15007
14455 60364 1:0 15090
14463 60363 1:0 15097
14464 56698 21:0 14485
14466 338 1:0 15101
14469 60519 1:0 14469
14481 60361 1:0 15101
14482 56980 1:0 15107
14482 60354 1:0 15110
14484 60514 1:0 14484
14484 56703 21:0 14485
14491 56716 21:0 14520
14494 56983 1:0 15113
14494 57012 1:0 15189
14494 3 1:0 15192
14494 57015 1:0 15199
14494 189 1:0 16028
14526 56725 21:0 14529
14536 56727 21:0 14539
14546 60505 1:0 14546
14546 56730 21:0 14563
14562 56734 21:0 14563
14574 56748 21:0 14579
14576 60362 1:0 15108
14577 60360 1:0 15113
14577 60345 1:0 15113
14577 60348 1:0 15138
14577 60349 1:0 15138
14577 60347 1:0 15138
14577 60341 1:0 15173
14577 337 1:0 15192
14578 60493 1:0 14578
14585 56752 21:0 14588
14586 60340 1:0 15200
14595 56755 21:0 14616
14600 60486 1:0 14600
14615 56760 21:0 14616
14622 56773 21:0 14651
14624 60480 1:0 14624
14650 60473 1:0 14650
14657 56782 21:0 14660
14667 56784 21:0 14670
14677 56787 21:0 14694
14682 60466 1:0 14682
14693 56791 21:0 14694
14705 56805 21:0 14710
14716 56809 21:0 14719
14726 60459 1:0 14726
14726 56812 21:0 14747
14746 56817 21:0 14747
14753 56830 21:0 14782
14755 60444 1:0 14755
14755 60447 1:0 14755
14755 60446 1:0 14755
14788 56839 21:0 14791
14798 56841 21:0 14801
14808 60439 1:0 14808
14808 56844 21:0 14825
14813 60433 1:0 14813
14824 56848 21:0 14825
14836 56862 21:0 14841
14847 56866 21:0 14850
14857 56869 21:0 14878
14862 60420 1:0 14862
14877 60415 1:0 14877
14877 56874 21:0 14878
14884 56887 21:0 14913
14886 60413 1:0 14886
14886 60414 1:0 14886
14919 56896 21:0 14922
14929 56898 21:0 14932
14939 56901 21:0 14956
14955 56905 21:0 14956
14967 56919 21:0 14972
14971 60394 1:0 14971
14978 56923 21:0 14981
14988 56926 21:0 15009
15008 56931 21:0 15009
15015 56944 21:0 15044
15050 56953 21:0 15053
15060 56955 21:0 15063
15070 56958 21:0 15087
15086 56962 21:0 15087
15098 56976 21:0 15103
15109 56980 21:0 15112
15119 56983 21:0 15140
15139 56988 21:0 15140
15146 57001 21:0 15175
15181 57010 21:0 15184
15191 57012 21:0 15194
15201 57015 21:0 15218
15217 57019 21:0 15218
15227 61990 21:0 15228
15228 61991 21:0 15239
15238 3 21:0 15239
15238 17 21:0 15239
15239 61992 21:0 15267
15266 337 21:0 15272
15271 62001 21:0 15272
15271 7 21:0 15272
15271 5 21:0 15272
15274 338 21:0 15283
15282 61999 21:0 15283
15282 61996 21:0 15283
15282 19 21:0 15283
15282 62010 21:0 15283
15285 62013 21:0 15293
15292 62014 21:0 15343
15342 62015 21:0 15359
15358 62016 21:0 15364
15363 62046 21:0 15383
15364 62045 21:0 15364
15380 62057 21:0 15380
15382 62047 21:0 15435
15419 62064 21:0 15419
15419 62065 21:0 15419
15419 62062 21:0 15419
15426 62051 21:0 15426
15432 62077 21:0 15432
15434 62048 21:0 15440
15439 62049 21:0 15445
15440 62078 21:0 15440
15444 62079 21:0 15500
15467 62091 21:0 15467
15495 62097 21:0 15495
15499 62081 21:0 15516
15500 62099 21:0 15500
15508 62110 21:0 15508
15515 62080 21:0 15521
15516 62111 21:0 15516
15520 62082 21:0 15571
15523 62104 21:0 15523
15532 62123 21:0 15532
15543 62124 21:0 15543
15570 62112 21:0 15587
15571 62131 21:0 15571
15571 62128 21:0 15571
15578 62117 21:0 15578
15586 62114 21:0 15592
15591 62113 21:0 15611
15592 62144 21:0 15592
15599 62137 21:0 15599
15608 62156 21:0 15608
15610 62115 21:0 15663
15619 62157 21:0 15619
15647 62164 21:0 15647
15652 62165 21:0 15652
15654 62150 21:0 15654
15662 62145 21:0 15668
15667 62146 21:0 15673
15668 62177 21:0 15668
15672 62147 21:0 15728
15675 62170 21:0 15675
15684 62189 21:0 15684
15695 62190 21:0 15695
15723 62196 21:0 15723
15723 62194 21:0 15723
15723 62197 21:0 15723
15727 62148 21:0 15744
15728 62198 21:0 15728
15736 62209 21:0 15736
15743 62178 21:0 15749
15744 62210 21:0 15744
15748 62179 21:0 15799
15751 62203 21:0 15751
15760 62222 21:0 15760
15771 62223 21:0 15771
15798 62180 21:0 15815
15799 62227 21:0 15799
15799 62230 21:0 15799
15799 62229 21:0 15799
15804 62231 21:0 15804
15806 62216 21:0 15806
15812 62242 21:0 15812
15814 62181 21:0 15820
15819 62211 21:0 15839
15820 62243 21:0 15820
15827 62236 21:0 15827
15836 62255 21:0 15836
15838 62212 21:0 15891
15847 62256 21:0 15847
15875 62260 21:0 15875
15875 62262 21:0 15875
15875 62263 21:0 15875
15880 62264 21:0 15880
15882 62249 21:0 15882
15888 62275 21:0 15888
15890 62213 21:0 15896
15895 62214 21:0 15901
15896 62276 21:0 15896
15900 62244 21:0 15956
15903 62269 21:0 15903
15912 62288 21:0 15912
15923 62289 21:0 15923
15951 62295 21:0 15951
15951 62293 21:0 15951
15951 62296 21:0 15951
15955 62246 21:0 15972
15958 62282 21:0 15958
15964 62308 21:0 15964
15971 62245 21:0 15977
15972 62309 21:0 15972
15976 62247 21:0 16027
15979 62302 21:0 15979
15999 62322 21:0 15999
16026 62277 21:0 16043
16027 62328 21:0 16027
16028 199 1:0 16038
16028 191 1:0 16039
16032 62330 21:0 16032
16034 62315 21:0 16034
16040 62341 21:0 16040
16042 195 1:0 16044
16042 62278 21:0 16048
16047 193 1:0 16049
16047 62279 21:0 16067
16048 62342 21:0 16048
16052 201 1:0 16063
16055 62335 21:0 16055
16062 215 1:0 16062
16064 62354 21:0 16064
16066 203 1:0 16067
16066 62280 21:0 16119
16070 205 1:0 16071
16102 207 1:0 16104
16103 62361 21:0 16103
16103 62359 21:0 16103
16103 62362 21:0 16103
16107 209 1:0 16115
16110 62348 21:0 16110
16114 217 1:0 16114
16116 62374 21:0 16116
16118 213 1:0 16120
16118 62310 21:0 16124
16123 211 1:0 16125
16123 62312 21:0 16129
16124 62375 21:0 16124
16128 219 1:0 16139
16128 62311 21:0 16184
16138 233 1:0 16138
16140 62387 21:0 16140
16142 221 1:0 16143
16146 223 1:0 16147
16151 62388 21:0 16151
16178 225 1:0 16180
16179 62392 21:0 16179
16179 62395 21:0 16179
16183 227 1:0 16191
16183 62313 21:0 16195
16184 62396 21:0 16184
16186 62381 21:0 16186
16190 235 1:0 16190
16192 62407 21:0 16192
16194 231 1:0 16196
16194 62343 21:0 16205
16199 229 1:0 16201
16200 62408 21:0 16200
16204 237 1:0 16215
16204 62344 21:0 16255
16207 62401 21:0 16207
16214 251 1:0 16214
16216 62420 21:0 16216
16218 239 1:0 16219
16222 241 1:0 16223
16254 243 1:0 16256
16254 62345 21:0 16271
16255 62428 21:0 16255
16255 62427 21:0 16255
16259 245 1:0 16267
16262 62414 21:0 16262
16266 253 1:0 16266
16268 62440 21:0 16268
16270 249 1:0 16272
16270 62346 21:0 16276
16275 247 1:0 16277
16275 62376 21:0 16295
16280 255 1:0 16291
16283 62434 21:0 16283
16290 269 1:0 16290
16294 257 1:0 16295
16294 62378 21:0 16347
16298 259 1:0 16299
16330 261 1:0 16332
16331 62461 21:0 16331
16331 62460 21:0 16331
16331 62458 21:0 16331
16335 263 1:0 16343
16336 62462 21:0 16336
16338 62447 21:0 16338
16342 271 1:0 16342
16344 62473 21:0 16344
16346 267 1:0 16348
16346 62377 21:0 16352
16351 265 1:0 16353
16351 62379 21:0 16357
16356 61998 21:0 16357
16356 273 1:0 16367
16356 62000 21:0 16371
16366 287 1:0 16366
16370 275 1:0 16371
16370 62011 21:0 16407
16374 277 1:0 16375
16406 279 1:0 16408
16406 62409 21:0 16423
16411 281 1:0 16419
16418 289 1:0 16418
16422 285 1:0 16424
16422 62411 21:0 16428
16425 62508 21:0 16425
16427 283 1:0 16429
16427 62410 21:0 16447
16430 62509 21:0 16430
16430 62510 21:0 16430
16432 291 1:0 16443
16433 62511 21:0 16433
16442 305 1:0 16442
16446 293 1:0 16447
16446 62412 21:0 16499
16450 295 1:0 16451
16482 297 1:0 16484
16487 299 1:0 16495
16494 307 1:0 16494
16498 303 1:0 16500
16498 62442 21:0 16504
16501 62541 21:0 16501
16503 301 1:0 16505
16503 62444 21:0 16509
16506 62542 21:0 16506
16506 62543 21:0 16506
16508 309 1:0 16519
16508 62443 21:0 16564
16509 62544 21:0 16509
16518 323 1:0 16518
16522 311 1:0 16523
16526 313 1:0 16527
16558 315 1:0 16560
16563 317 1:0 16571
16563 62005 21:0 16575
16570 325 1:0 16570
16574 62012 21:0 16575
16574 62038 21:0 16575
16574 321 1:0 16576
16574 62033 21:0 16580
16577 62574 21:0 16577
16579 62024 21:0 16580
16579 62018 21:0 16580
16579 319 1:0 16581
16579 62031 21:0 16582
16581 62032 21:0 16585
16584 62044 21:0 16585
16584 62025 21:0 16585
16584 329 1:0 16596
16584 191 21:0 16600
16593 327 1:0 16593
16599 77 21:0 16600
16599 62430 21:0 16600
16599 257 21:0 16600
16599 185 21:0 16600
16599 21 21:0 16600
16599 62034 21:0 16601
16599 55381 1:0 16602
16600 62496 21:0 16605
16604 179 21:0 16605
16604 125 21:0 16605
16604 62386 21:0 16605
16604 62254 21:0 16605
16604 62188 21:0 16605
16604 62373 21:0 16605
16604 62472 21:0 16605
16604 62109 21:0 16605
16604 62208 21:0 16605
16604 62452 21:0 16605
16604 62485 21:0 16605
16604 62142 21:0 16605
16604 62023 21:0 16605
16604 62505 21:0 16605
16604 62043 21:0 16605
16604 62089 21:0 16605
16605 62587 21:0 16615
16614 55991 1:0 16616
16614 62029 21:0 16638
16621 55995 1:0 16621
16637 62098 21:0 16638
16637 62090 21:0 16638
16637 62066 21:0 16641
16640 62084 21:0 16641
16640 62071 21:0 16641
16640 56007 1:0 16642
16640 62095 21:0 16649
16648 62445 21:0 16652
16651 56011 1:0 16653
16651 62475 21:0 16658
16655 62574 1:0 16655
16657 62477 21:0 16686
16660 56014 1:0 16663
16668 56019 1:0 16668
16685 62476 21:0 16769
16688 56032 1:0 16690
16723 56041 1:0 16725
16732 56043 1:0 16735
16742 56046 1:0 16745
16750 56050 1:0 16750
16768 62544 1:0 16768
16768 56007 21:0 16769
16768 319 21:0 16769
16768 56011 21:0 16769
16768 56014 21:0 16769
16768 321 21:0 16772
16771 55381 21:0 16772
16771 62297 21:0 16772
16771 56046 21:0 16772
16771 62368 21:0 16772
16771 56032 21:0 16772
16771 317 21:0 16772
16771 56043 21:0 16772
16771 56041 21:0 16772
16771 62298 21:0 16773
16771 56064 1:0 16773
16772 62232 21:0 16775
16774 89 21:0 16775
16774 62589 21:0 16775
16774 323 21:0 16775
16774 325 21:0 16775
16774 56019 21:0 16775
16774 327 21:0 16775
16774 55995 21:0 16775
16774 56050 21:0 16775
16774 62439 21:0 16775
16774 62287 21:0 16775
16775 62542 1:0 16775
16775 56064 21:0 16780
16776 62543 1:0 16776
16779 62478 21:0 16783
16782 311 21:0 16783
16782 169 21:0 16783
16782 301 21:0 16783
16782 23 21:0 16783
16782 62100 21:0 16783
16782 62364 21:0 16783
16782 113 21:0 16783
16782 55991 21:0 16783
16782 313 21:0 16783
16782 13 21:0 16783
16782 315 21:0 16783
16782 329 21:0 16783
16782 56068 1:0 16784
16782 62133 21:0 16786
16785 62122 21:0 16786
16785 289 21:0 16786
16785 269 21:0 16786
16785 215 21:0 16786
16785 55 21:0 16786
16785 235 21:0 16786
16785 163 21:0 16786
16785 161 21:0 16786
16785 199 21:0 16786
16785 109 21:0 16786
16785 287 21:0 16786
16785 71 21:0 16786
16785 73 21:0 16786
16785 62175 21:0 16786
16785 62076 21:0 16786
16785 62406 21:0 16786
16785 233 21:0 16786
16785 62307 21:0 16786
16785 62353 21:0 16786
16785 62056 21:0 16786
16785 62221 21:0 16786
16785 62340 21:0 16786
16785 62155 21:0 16786
16785 251 21:0 16786
16785 35 21:0 16786
16785 217 21:0 16786
16785 305 21:0 16786
16785 107 21:0 16786
16785 143 21:0 16786
16785 181 21:0 16786
16785 271 21:0 16786
16785 62241 21:0 16786
16785 197 21:0 16786
16785 62518 21:0 16786
16785 37 21:0 16786
16785 145 21:0 16786
16785 127 21:0 16786
16785 307 21:0 16786
16785 62419 21:0 16786
16785 62274 21:0 16786
16785 62538 21:0 16786
16785 91 21:0 16786
16785 53 21:0 16786
16785 253 21:0 16786
16785 62320 21:0 16786
16786 62541 1:0 16786
16786 56068 21:0 16789
16788 303 21:0 16789
16788 62058 21:0 16789
16788 62163 21:0 16792
16791 67 21:0 16792
16791 39 21:0 16792
16791 131 21:0 16792
16791 62321 21:0 16792
16791 62329 21:0 16792
16791 223 21:0 16792
16791 309 21:0 16792
16791 56071 1:0 16794
16791 259 21:0 16796
16796 307 1:0 16796
16796 56071 21:0 16817
16799 56076 1:0 16799
16801 62538 1:0 16801
16816 299 21:0 16820
16819 56089 1:0 16821
16819 62132 21:0 16855
16854 56098 1:0 16856
16854 62143 21:0 16871
16863 56100 1:0 16866
16870 62130 21:0 16879
16873 56103 1:0 16876
16878 305 1:0 16878
16878 211 21:0 16900
16881 56107 1:0 16881
16883 62518 1:0 16883
16899 62511 1:0 16899
16899 29 21:0 16900
16899 231 21:0 16900
16899 31 21:0 16900
16899 83 21:0 16900
16899 11 21:0 16900
16899 15 21:0 16903
16902 101 21:0 16903
16902 56100 21:0 16903
16902 137 21:0 16903
16902 62166 21:0 16903
16902 213 21:0 16903
16902 103 21:0 16903
16902 193 21:0 16903
16902 56121 1:0 16904
16902 377 21:0 16906
16905 307 21:0 16906
16905 305 21:0 16906
16905 56107 21:0 16906
16905 56076 21:0 16906
16906 62509 1:0 16906
16906 56121 21:0 16911
16907 62510 1:0 16907
16910 139 21:0 16911
16910 283 21:0 16911
16910 69 21:0 16911
16910 51 21:0 16911
16910 155 21:0 16914
16913 56098 21:0 16914
16913 56103 21:0 16914
16913 33 21:0 16914
16913 56089 21:0 16914
16913 177 21:0 16914
16913 121 21:0 16914
16913 173 21:0 16914
16913 157 21:0 16914
16913 297 21:0 16914
16913 295 21:0 16914
16913 56125 1:0 16915
16913 62331 21:0 16917
16917 62508 1:0 16917
16917 56125 21:0 16920
16918 56128 1:0 16925
16918 289 1:0 16927
16918 56133 1:0 16930
16918 62505 1:0 16931
16918 377 1:0 16933
16918 62496 1:0 16933
16918 56146 1:0 16940
16918 56157 1:0 16940
16918 56160 1:0 16940
16918 62478 1:0 16943
16918 56155 1:0 16943
16918 56164 1:0 16943
16918 287 1:0 16943
16918 62485 1:0 16943
16918 56178 1:0 17035
16918 62472 1:0 17058
16918 56190 1:0 17058
16918 271 1:0 17058
16918 56221 1:0 17075
16918 269 1:0 17075
16918 62452 1:0 17077
16918 56247 1:0 17186
16918 62439 1:0 17186
16918 253 1:0 17186
16918 62430 1:0 17188
16918 56278 1:0 17205
16918 62419 1:0 17205
16918 251 1:0 17205
16918 235 1:0 17318
16918 56304 1:0 17321
16918 62406 1:0 17321
16918 233 1:0 17336
16918 62386 1:0 17336
16918 56335 1:0 17336
16918 62364 1:0 17447
16918 217 1:0 17451
16918 56361 1:0 17451
16918 62373 1:0 17451
16918 215 1:0 17468
16918 56392 1:0 17470
16918 62353 1:0 17470
16918 62340 1:0 17581
16918 56418 1:0 17581
16918 199 1:0 17581
16918 62320 1:0 17598
16918 197 1:0 17598
16918 56449 1:0 17598
16918 62307 1:0 17709
16918 56475 1:0 17709
16918 181 1:0 17709
16918 179 1:0 17730
16918 56506 1:0 17732
16918 62287 1:0 17732
16918 163 1:0 17844
16918 62274 1:0 17844
16918 56532 1:0 17844
16918 161 1:0 17861
16918 62254 1:0 17863
16918 56563 1:0 17863
16918 62241 1:0 17971
16918 145 1:0 17971
16918 56589 1:0 17971
16918 143 1:0 17992
16918 62221 1:0 17994
16918 56620 1:0 17994
16918 62208 1:0 18105
16918 56646 1:0 18105
16918 127 1:0 18105
16918 62188 1:0 18122
16918 56677 1:0 18122
16918 125 1:0 18122
16918 62175 1:0 18236
16918 109 1:0 18236
16918 56703 1:0 18236
16918 62155 1:0 18253
16918 56734 1:0 18253
16918 107 1:0 18253
16919 293 21:0 16920
16919 291 21:0 16920
16919 207 21:0 16920
16919 119 21:0 16920
16919 87 21:0 16920
16919 285 21:0 16920
16919 195 21:0 16920
16919 129 21:0 16923
16921 62476 1:0 17029
16922 95 21:0 16923
16922 201 21:0 16923
16922 221 21:0 16923
16922 243 21:0 16923
16922 111 21:0 16923
16922 62176 21:0 16923
16922 187 21:0 16923
16922 219 21:0 16923
16922 237 21:0 16923
16922 203 21:0 16923
16922 153 21:0 16923
16922 45 21:0 16923
16922 261 21:0 16923
16922 93 21:0 16923
16922 81 21:0 16923
16922 133 21:0 16923
16922 99 21:0 16923
16922 43 21:0 16923
16922 117 21:0 16923
16922 189 21:0 16923
16922 9 21:0 16927
16924 62477 1:0 17037
16927 56128 21:0 16948
16929 62475 1:0 17047
16944 56182 1:0 17046
16944 56212 1:0 17054
16944 259 1:0 17054
16944 261 1:0 17054
16944 257 1:0 17054
16944 56217 1:0 17058
16944 56214 1:0 17058
16944 56203 1:0 17077
16945 56185 1:0 17056
16947 281 21:0 16951
16950 289 21:0 16951
16950 165 21:0 16951
16950 149 21:0 16951
16950 175 21:0 16951
16950 56133 21:0 16951
16954 56146 21:0 16983
16957 62445 1:0 17077
16982 279 21:0 16986
16985 62397 21:0 16986
16985 27 21:0 16986
16985 239 21:0 16986
16987 62397 1:0 17318
16989 56155 21:0 16992
16991 241 21:0 16992
16991 62265 21:0 16992
16991 151 21:0 16992
16991 115 21:0 16992
16991 277 21:0 16992
16991 62199 21:0 16992
16991 183 21:0 16995
16994 62463 21:0 16995
16994 41 21:0 16995
16994 61 21:0 16995
16996 62463 1:0 17054
16999 56157 21:0 17002
17001 275 21:0 17002
17001 62363 21:0 17005
17006 62443 1:0 17160
17009 56160 21:0 17026
17011 239 1:0 17186
17011 241 1:0 17186
17011 243 1:0 17186
17011 56269 1:0 17188
17011 56271 1:0 17188
17011 56760 1:0 18367
17011 91 1:0 18367
17025 273 21:0 17031
17030 49 21:0 17031
17030 267 21:0 17031
17030 62161 21:0 17031
17030 287 21:0 17031
17030 85 21:0 17031
17030 56164 21:0 17031
17030 62441 21:0 17034
17032 267 1:0 17040
17033 62394 21:0 17034
17033 62183 21:0 17034
17035 62394 1:0 17049
17035 62441 1:0 17171
17037 56178 21:0 17042
17039 62444 1:0 17168
17040 56235 1:0 17166
17040 56239 1:0 17177
17040 62442 1:0 17178
17040 62183 1:0 17180
17040 49 1:0 17186
17040 237 1:0 17186
17040 56242 1:0 17187
17040 56274 1:0 17188
17040 56260 1:0 17205
17040 56317 1:0 17333
17041 265 21:0 17042
17041 245 21:0 17042
17041 159 21:0 17042
17043 159 1:0 17054
17043 245 1:0 17171
17048 56182 21:0 17051
17049 62412 1:0 17205
17049 62410 1:0 17291
17050 267 21:0 17051
17055 62411 1:0 17299
17057 231 1:0 17302
17058 62473 1:0 17058
17058 56185 21:0 17079
17060 62161 1:0 17302
17066 62142 1:0 18367
17067 56791 1:0 18384
17067 89 1:0 18384
17067 56817 1:0 18490
17067 73 1:0 18490
17075 56292 1:0 17297
17075 56331 1:0 17333
17075 62331 1:0 17573
17075 62122 1:0 18384
17075 62109 1:0 18490
17078 62462 1:0 17078
17078 263 21:0 17082
17081 56190 21:0 17082
17081 271 21:0 17082
17085 56203 21:0 17114
17087 62461 1:0 17087
17087 62460 1:0 17087
17087 62458 1:0 17087
17088 62409 1:0 17309
17113 261 21:0 17117
17120 56212 21:0 17123
17122 259 21:0 17123
17130 56214 21:0 17133
17132 257 21:0 17133
17140 56217 21:0 17157
17145 62447 1:0 17145
17156 255 21:0 17162
17161 269 21:0 17162
17161 56221 21:0 17162
17168 56235 21:0 17173
17170 56296 1:0 17308
17170 62363 1:0 17311
17170 56299 1:0 17318
17170 221 1:0 17321
17170 219 1:0 17321
17170 223 1:0 17326
17170 56326 1:0 17333
17170 211 1:0 17336
17170 56328 1:0 17336
17170 56349 1:0 17428
17170 201 1:0 17442
17170 203 1:0 17447
17170 56383 1:0 17447
17170 56385 1:0 17451
17170 187 1:0 17573
17171 62379 1:0 17336
17171 62377 1:0 17422
17172 247 21:0 17173
17179 56239 21:0 17182
17180 62378 1:0 17430
17180 213 1:0 17433
17180 62176 1:0 17433
17180 56353 1:0 17439
17180 193 1:0 17442
17180 85 1:0 17442
17180 207 1:0 17447
17180 56374 1:0 17447
17180 56356 1:0 17449
17180 56388 1:0 17470
17180 183 1:0 17570
17181 249 21:0 17182
17186 62376 1:0 17440
17188 56406 1:0 17559
17189 62440 1:0 17189
17189 56242 21:0 17210
17191 62089 1:0 18518
17194 62434 1:0 17194
17207 62346 1:0 17470
17208 71 1:0 18518
17208 56848 1:0 18518
17209 245 21:0 17213
17212 253 21:0 17213
17212 56247 21:0 17213
17216 56260 21:0 17245
17218 62428 1:0 17218
17218 62427 1:0 17218
17219 62368 1:0 17455
17219 175 1:0 17564
17219 56442 1:0 17581
17219 185 1:0 17581
17219 56440 1:0 17581
17219 169 1:0 17709
17219 62298 1:0 17709
17219 55 1:0 18626
17219 56874 1:0 18626
17244 243 21:0 17248
17251 56269 21:0 17254
17253 241 21:0 17254
17261 56271 21:0 17264
17263 239 21:0 17264
17271 62420 1:0 17271
17271 56274 21:0 17288
17276 62414 1:0 17276
17287 237 21:0 17293
17292 251 21:0 17293
17292 56278 21:0 17293
17299 56292 21:0 17304
17301 62345 1:0 17553
17302 62344 1:0 17560
17302 195 1:0 17564
17302 191 1:0 17564
17302 56410 1:0 17570
17302 62329 1:0 17573
17302 62321 1:0 17598
17303 62408 1:0 17303
17303 229 21:0 17304
17310 56296 21:0 17313
17311 62343 1:0 17571
17311 62313 1:0 17598
17312 231 21:0 17313
17314 56413 1:0 17580
17314 189 1:0 17581
17314 56431 1:0 17581
17314 56445 1:0 17598
17314 165 1:0 17709
17317 177 1:0 17695
17320 62407 1:0 17320
17320 56299 21:0 17341
17322 62311 1:0 17684
17325 62401 1:0 17325
17328 62076 1:0 18626
17329 62056 1:0 18649
17337 87 1:0 17695
17337 56497 1:0 17709
17337 56499 1:0 17732
17337 151 1:0 17835
17337 62265 1:0 17840
17337 149 1:0 17840
17337 53 1:0 18649
17337 56905 1:0 18649
17337 56931 1:0 18761
17337 62043 1:0 18761
17337 37 1:0 18761
17340 62396 1:0 17340
17340 227 21:0 17344
17343 235 21:0 17344
17343 56304 21:0 17344
17347 56317 21:0 17376
17349 62392 1:0 17349
17349 62395 1:0 17349
17350 62312 1:0 17692
17375 62388 1:0 17375
17375 225 21:0 17379
17382 56326 21:0 17385
17384 223 21:0 17385
17392 56328 21:0 17395
17394 221 21:0 17395
17402 62387 1:0 17402
17402 56331 21:0 17419
17407 62381 1:0 17407
17418 219 21:0 17424
17423 56335 21:0 17424
17423 233 21:0 17424
17430 56349 21:0 17435
17432 56463 1:0 17690
17432 119 1:0 17695
17432 56467 1:0 17701
17432 157 1:0 17704
17432 173 1:0 17704
17432 56502 1:0 17709
17432 56470 1:0 17711
17432 56488 1:0 17727
17432 56556 1:0 17840
17432 153 1:0 17840
17432 56554 1:0 17844
17432 133 1:0 17966
17432 56613 1:0 17971
17433 62310 1:0 17702
17433 62280 1:0 17732
17434 62375 1:0 17434
17434 211 21:0 17435
17441 56353 21:0 17444
17442 62297 1:0 17732
17442 62279 1:0 17815
17443 213 21:0 17444
17445 62278 1:0 17822
17448 56520 1:0 17821
17448 33 1:0 17826
17448 121 1:0 17826
17448 155 1:0 17826
17448 56524 1:0 17832
17448 139 1:0 17835
17450 69 1:0 17835
17451 62374 1:0 17451
17451 56356 21:0 17472
17453 62023 1:0 18780
17469 62277 1:0 17833
17470 35 1:0 18780
17470 56962 1:0 18780
17471 209 21:0 17475
17474 56361 21:0 17475
17474 217 21:0 17475
17478 56374 21:0 17507
17480 62361 1:0 17480
17480 62359 1:0 17480
17480 62362 1:0 17480
17481 56527 1:0 17842
17481 56545 1:0 17844
17481 51 1:0 17863
17481 137 1:0 17863
17481 62232 1:0 17971
17481 56988 1:0 18886
17481 19 1:0 18886
17481 62010 1:0 18897
17506 207 21:0 17510
17513 56383 21:0 17516
17515 205 21:0 17516
17523 56385 21:0 17526
17525 203 21:0 17526
17533 62354 1:0 17533
17533 56388 21:0 17550
17538 62348 1:0 17538
17549 201 21:0 17555
17554 215 21:0 17555
17554 56392 21:0 17555
17561 56406 21:0 17566
17563 62247 1:0 17863
17564 56559 1:0 17863
17564 62245 1:0 17946
17564 56577 1:0 17952
17564 103 1:0 17957
17564 15 1:0 17957
17564 101 1:0 17957
17564 11 1:0 17966
17564 83 1:0 17966
17564 129 1:0 17971
17564 131 1:0 17971
17564 56602 1:0 17971
17564 56611 1:0 17994
17564 115 1:0 18094
17564 62199 1:0 18097
17564 17 1:0 18974
17564 57019 1:0 18977
17564 61990 1:0 18979
17565 62342 1:0 17565
17565 193 21:0 17566
17572 56410 21:0 17575
17573 62246 1:0 17954
17573 62244 1:0 17964
17574 195 21:0 17575
17576 56581 1:0 17963
17581 62214 1:0 17994
17582 62341 1:0 17582
17582 56413 21:0 17603
17584 31 1:0 17994
17584 29 1:0 17994
17587 62335 1:0 17587
17599 56584 1:0 17973
17599 56616 1:0 17989
17599 111 1:0 18097
17599 56668 1:0 18105
17599 117 1:0 18105
17599 56670 1:0 18105
17599 113 1:0 18105
17600 56634 1:0 18083
17600 62130 1:0 18088
17600 67 1:0 18088
17602 62330 1:0 17602
17602 191 21:0 17606
17605 56418 21:0 17606
17605 199 21:0 17606
17609 56431 21:0 17638
17611 62328 1:0 17611
17612 56638 1:0 18094
17637 62322 1:0 17637
17637 189 21:0 17641
17644 56440 21:0 17647
17654 56442 21:0 17657
17664 56445 21:0 17681
17669 62315 1:0 17669
17680 56449 21:0 17681
17692 56463 21:0 17697
17694 62213 1:0 18077
17695 62212 1:0 18084
17695 62211 1:0 18095
17696 62309 1:0 17696
17703 56467 21:0 17706
17704 62143 1:0 18097
17704 56641 1:0 18104
17704 56659 1:0 18105
17704 62181 1:0 18122
17704 56673 1:0 18122
17704 62132 1:0 18122
17704 56691 1:0 18214
17704 62166 1:0 18228
17704 95 1:0 18236
17704 56727 1:0 18236
17710 62180 1:0 18208
17713 62308 1:0 17713
17713 56470 21:0 17734
17718 62302 1:0 17718
17731 62179 1:0 18215
17733 56475 21:0 17734
17740 56488 21:0 17769
17742 62295 1:0 17742
17742 62293 1:0 17742
17742 62296 1:0 17742
17743 62163 1:0 18219
17743 13 1:0 18219
17768 62289 1:0 17768
17775 56497 21:0 17778
17785 56499 21:0 17788
17795 62288 1:0 17795
17795 56502 21:0 17812
17800 62282 1:0 17800
17811 56506 21:0 17812
17823 56520 21:0 17828
17825 62178 1:0 18226
17826 56695 1:0 18225
17826 62058 1:0 18228
17826 99 1:0 18228
17826 56698 1:0 18235
17826 56725 1:0 18236
17826 93 1:0 18236
17826 56730 1:0 18236
17826 62148 1:0 18253
17826 56866 1:0 18253
17826 61 1:0 18356
17826 62133 1:0 18359
17826 56782 1:0 18367
17827 62276 1:0 17827
17834 56524 21:0 17837
17835 56716 1:0 18253
17835 56809 1:0 18253
17835 62147 1:0 18339
17835 56748 1:0 18345
17835 56805 1:0 18350
17835 56755 1:0 18350
17835 56976 1:0 18350
17835 56752 1:0 18356
17835 56787 1:0 18367
17835 56784 1:0 18367
17835 77 1:0 18367
17835 56839 1:0 18490
17841 62146 1:0 18346
17844 62275 1:0 17844
17844 56527 21:0 17865
17849 62269 1:0 17849
17862 62145 1:0 18357
17864 62264 1:0 17864
17864 56532 21:0 17865
17871 56545 21:0 17900
17873 62260 1:0 17873
17873 62262 1:0 17873
17873 62263 1:0 17873
17874 62095 1:0 18359
17874 56862 1:0 18384
17899 62256 1:0 17899
17906 56554 21:0 17909
17916 56556 21:0 17919
17926 62255 1:0 17926
17926 56559 21:0 17943
17931 62249 1:0 17931
17942 56563 21:0 17943
17954 56577 21:0 17959
17956 62115 1:0 18384
17957 81 1:0 18367
17957 62084 1:0 18384
17957 56773 1:0 18384
17957 62113 1:0 18470
17957 62066 1:0 18481
17957 56844 1:0 18490
17957 56841 1:0 18490
17957 62100 1:0 18490
17957 41 1:0 18621
17957 56898 1:0 18626
17958 62243 1:0 17958
17965 56581 21:0 17968
17966 62114 1:0 18478
17966 62071 1:0 18481
17969 62112 1:0 18488
17972 62090 1:0 18490
17972 56830 1:0 18490
17972 56812 1:0 18490
17972 62029 1:0 18518
17972 45 1:0 18621
17972 43 1:0 18626
17972 56896 1:0 18649
17972 23 1:0 18757
17975 62242 1:0 17975
17975 56584 21:0 17996
17980 62236 1:0 17980
17993 62082 1:0 18518
17995 62231 1:0 17995
17995 56589 21:0 17996
18002 56602 21:0 18031
18004 62227 1:0 18004
18004 62230 1:0 18004
18004 62229 1:0 18004
18005 62098 1:0 18518
18005 56869 1:0 18621
18030 62223 1:0 18030
18037 56611 21:0 18040
18047 56613 21:0 18050
18057 62222 1:0 18057
18057 56616 21:0 18074
18062 62216 1:0 18062
18073 56620 21:0 18074
18085 56634 21:0 18090
18087 62080 1:0 18601
18088 62081 1:0 18609
18088 62044 1:0 18612
18088 62025 1:0 18612
18088 62032 1:0 18621
18089 62210 1:0 18089
18096 56638 21:0 18099
18097 62079 1:0 18619
18097 62049 1:0 18649
18100 56919 1:0 18649
18103 56901 1:0 18626
18103 39 1:0 18626
18103 56887 1:0 18644
18103 62031 1:0 18649
18103 27 1:0 18752
18106 62209 1:0 18106
18106 56641 21:0 18127
18111 62203 1:0 18111
18123 62048 1:0 18732
18124 62024 1:0 18743
18124 56923 1:0 18749
18126 62198 1:0 18126
18126 56646 21:0 18127
18133 56659 21:0 18162
18135 62196 1:0 18135
18135 62194 1:0 18135
18135 62197 1:0 18135
18136 62018 1:0 18743
18136 56953 1:0 18757
18136 21 1:0 18757
18136 62034 1:0 18757
18136 56958 1:0 18761
18136 56955 1:0 18761
18161 62190 1:0 18161
18168 56668 21:0 18171
18178 56670 21:0 18181
18188 62189 1:0 18188
18188 56673 21:0 18205
18204 56677 21:0 18205
18216 56691 21:0 18221
18218 62047 1:0 18739
18219 62046 1:0 18750
18219 62033 1:0 18752
18219 56926 1:0 18759
18219 62038 1:0 18765
18219 56944 1:0 18780
18219 57001 1:0 18886
18219 9 1:0 18886
18219 62001 1:0 18899
18219 57010 1:0 18906
18219 7 1:0 18911
18219 5 1:0 18957
18220 62177 1:0 18220
18227 56695 21:0 18230
18228 62016 1:0 18780
18228 62015 1:0 18863
18236 62014 1:0 18870
18237 56698 21:0 18258
18239 62012 1:0 18874
18242 62170 1:0 18242
18254 339 1:0 18874
18255 56980 1:0 18880
18255 62005 1:0 18883
18257 62165 1:0 18257
18257 56703 21:0 18258
18264 56716 21:0 18293
18266 62164 1:0 18266
18267 56983 1:0 18886
18267 57012 1:0 18962
18267 3 1:0 18965
18267 57015 1:0 18972
18267 189 1:0 19801
18292 62157 1:0 18292
18299 56725 21:0 18302
18309 56727 21:0 18312
18319 62156 1:0 18319
18319 56730 21:0 18336
18324 62150 1:0 18324
18335 56734 21:0 18336
18347 56748 21:0 18352
18349 62013 1:0 18881
18350 62011 1:0 18886
18350 62000 1:0 18886
18350 61999 1:0 18911
18350 61996 1:0 18911
18350 61998 1:0 18911
18350 61992 1:0 18946
18350 338 1:0 18965
18351 62144 1:0 18351
18358 56752 21:0 18361
18359 61991 1:0 18973
18368 56755 21:0 18389
18373 62137 1:0 18373
18388 56760 21:0 18389
18395 56773 21:0 18424
18397 62131 1:0 18397
18397 62128 1:0 18397
18423 62124 1:0 18423
18430 56782 21:0 18433
18440 56784 21:0 18443
18450 62123 1:0 18450
18450 56787 21:0 18467
18455 62117 1:0 18455
18466 56791 21:0 18467
18478 56805 21:0 18483
18482 62111 1:0 18482
18489 56809 21:0 18492
18499 62110 1:0 18499
18499 56812 21:0 18520
18504 62104 1:0 18504
18519 62099 1:0 18519
18519 56817 21:0 18520
18526 56830 21:0 18555
18528 62097 1:0 18528
18554 62091 1:0 18554
18561 56839 21:0 18564
18571 56841 21:0 18574
18581 56844 21:0 18598
18597 56848 21:0 18598
18609 56862 21:0 18614
18613 62078 1:0 18613
18620 56866 21:0 18623
18630 62077 1:0 18630
18630 56869 21:0 18651
18650 56874 21:0 18651
18657 56887 21:0 18686
18659 62064 1:0 18659
18659 62065 1:0 18659
18659 62062 1:0 18659
18692 56896 21:0 18695
18702 56898 21:0 18705
18712 62057 1:0 18712
18712 56901 21:0 18729
18717 62051 1:0 18717
18728 56905 21:0 18729
18740 56919 21:0 18745
18744 62045 1:0 18744
18751 56923 21:0 18754
18761 56926 21:0 18782
18781 56931 21:0 18782
18788 56944 21:0 18817
18823 56953 21:0 18826
18833 56955 21:0 18836
18843 56958 21:0 18860
18859 56962 21:0 18860
18871 56976 21:0 18876
18882 56980 21:0 18885
18892 56983 21:0 18913
18912 56988 21:0 18913
18919 57001 21:0 18948
18954 57010 21:0 18957
18964 57012 21:0 18967
18974 57015 21:0 18991
18990 57019 21:0 18991
19000 63641 21:0 19001
19001 63642 21:0 19012
19011 17 21:0 19012
19011 3 21:0 19012
19012 63643 21:0 19040
19039 338 21:0 19045
19044 63652 21:0 19045
19044 7 21:0 19045
19044 5 21:0 19045
19047 339 21:0 19056
19055 19 21:0 19056
19055 63647 21:0 19056
19055 63650 21:0 19056
19055 63661 21:0 19056
19058 63664 21:0 19066
19065 63666 21:0 19116
19115 63665 21:0 19132
19131 63667 21:0 19137
19136 63697 21:0 19156
19155 63698 21:0 19208
19207 63699 21:0 19213
19212 63700 21:0 19218
19213 63729 21:0 19213
19217 63730 21:0 19273
19229 63741 21:0 19229
19240 63742 21:0 19240
19268 63748 21:0 19268
19268 63746 21:0 19268
19268 63749 21:0 19268
19272 63731 21:0 19289
19273 63750 21:0 19273
19288 63732 21:0 19294
19289 63762 21:0 19289
19293 63733 21:0 19344
19296 63755 21:0 19296
19305 63774 21:0 19305
19316 63775 21:0 19316
19343 63763 21:0 19360
19344 63782 21:0 19344
19344 63779 21:0 19344
19349 63783 21:0 19349
19351 63768 21:0 19351
19357 63794 21:0 19357
19359 63764 21:0 19365
19364 63765 21:0 19384
19372 63788 21:0 19372
19381 63807 21:0 19381
19383 63766 21:0 19436
19392 63808 21:0 19392
19420 63812 21:0 19420
19420 63814 21:0 19420
19427 63801 21:0 19427
19435 63796 21:0 19441
19440 63797 21:0 19446
19441 63828 21:0 19441
19445 63798 21:0 19501
19448 63821 21:0 19448
19457 63840 21:0 19457
19468 63841 21:0 19468
19496 63848 21:0 19496
19496 63847 21:0 19496
19500 63799 21:0 19517
19501 63849 21:0 19501
19503 63834 21:0 19503
19516 63829 21:0 19522
19517 63861 21:0 19517
19521 63830 21:0 19572
19524 63854 21:0 19524
19571 63831 21:0 19588
19572 63881 21:0 19572
19577 63882 21:0 19577
19579 63867 21:0 19579
19585 63893 21:0 19585
19587 63832 21:0 19593
19592 63862 21:0 19612
19593 63894 21:0 19593
19600 63887 21:0 19600
19609 63906 21:0 19609
19611 63864 21:0 19664
19620 63907 21:0 19620
19648 63913 21:0 19648
19648 63914 21:0 19648
19648 63911 21:0 19648
19653 63915 21:0 19653
19655 63900 21:0 19655
19661 63926 21:0 19661
19663 63863 21:0 19669
19668 63865 21:0 19674
19669 63927 21:0 19669
19673 63895 21:0 19725
19676 63920 21:0 19676
19685 63939 21:0 19685
19696 63940 21:0 19696
19724 63946 21:0 19724
19724 63897 21:0 19742
19737 63959 21:0 19737
19741 63896 21:0 19750
19745 63960 21:0 19745
19749 63898 21:0 19800
19772 63973 21:0 19772
19799 63928 21:0 19816
19800 63979 21:0 19800
19800 63980 21:0 19800
19800 63977 21:0 19800
19801 199 1:0 19811
19801 191 1:0 19812
19805 63981 21:0 19805
19807 63966 21:0 19807
19813 63992 21:0 19813
19815 195 1:0 19817
19815 63929 21:0 19821
19820 193 1:0 19822
19820 63930 21:0 19840
19821 63993 21:0 19821
19825 201 1:0 19836
19828 63986 21:0 19828
19835 215 1:0 19835
19837 64005 21:0 19837
19839 203 1:0 19840
19839 63931 21:0 19892
19843 205 1:0 19844
19848 64006 21:0 19848
19875 207 1:0 19877
19876 64013 21:0 19876
19880 209 1:0 19888
19881 64014 21:0 19881
19883 63999 21:0 19883
19887 217 1:0 19887
19889 64025 21:0 19889
19891 213 1:0 19893
19891 63961 21:0 19897
19896 211 1:0 19898
19896 63963 21:0 19902
19897 64026 21:0 19897
19901 219 1:0 19912
19901 63962 21:0 19952
19911 233 1:0 19911
19915 221 1:0 19916
19919 223 1:0 19920
19924 64039 21:0 19924
19951 225 1:0 19953
19951 63964 21:0 19968
19952 64043 21:0 19952
19952 64046 21:0 19952
19956 227 1:0 19964
19959 64032 21:0 19959
19963 235 1:0 19963
19965 64058 21:0 19965
19967 231 1:0 19969
19967 63994 21:0 19978
19972 229 1:0 19974
19973 64059 21:0 19973
19977 237 1:0 19988
19977 63995 21:0 20028
19980 64052 21:0 19980
19987 251 1:0 19987
19989 64071 21:0 19989
19991 239 1:0 19992
19995 241 1:0 19996
20000 64072 21:0 20000
20027 243 1:0 20029
20027 63996 21:0 20044
20028 64078 21:0 20028
20028 64076 21:0 20028
20028 64079 21:0 20028
20032 245 1:0 20040
20033 64080 21:0 20033
20035 64065 21:0 20035
20039 253 1:0 20039
20041 64091 21:0 20041
20043 249 1:0 20045
20043 63997 21:0 20049
20048 247 1:0 20050
20048 64027 21:0 20068
20049 64092 21:0 20049
20053 255 1:0 20064
20056 64085 21:0 20056
20063 269 1:0 20063
20065 64104 21:0 20065
20067 257 1:0 20068
20067 64029 21:0 20120
20071 259 1:0 20072
20076 64105 21:0 20076
20103 261 1:0 20105
20108 263 1:0 20116
20115 271 1:0 20115
20119 267 1:0 20121
20119 64028 21:0 20125
20124 265 1:0 20126
20124 64030 21:0 20130
20129 63651 21:0 20130
20129 273 1:0 20140
20129 63649 21:0 20144
20130 64129 21:0 20130
20139 287 1:0 20139
20143 275 1:0 20144
20143 63662 21:0 20180
20147 277 1:0 20148
20179 279 1:0 20181
20179 64060 21:0 20196
20184 281 1:0 20192
20191 289 1:0 20191
20195 285 1:0 20197
20195 64062 21:0 20201
20198 64159 21:0 20198
20200 283 1:0 20202
20200 64061 21:0 20220
20203 64160 21:0 20203
20203 64161 21:0 20203
20205 291 1:0 20216
20206 64162 21:0 20206
20215 305 1:0 20215
20219 293 1:0 20220
20219 64063 21:0 20272
20223 295 1:0 20224
20255 297 1:0 20257
20260 299 1:0 20268
20267 307 1:0 20267
20271 303 1:0 20273
20271 64093 21:0 20277
20274 64192 21:0 20274
20276 301 1:0 20278
20276 64094 21:0 20282
20279 64193 21:0 20279
20279 64194 21:0 20279
20281 309 1:0 20292
20281 64095 21:0 20332
20282 64195 21:0 20282
20291 323 1:0 20291
20295 311 1:0 20296
20299 313 1:0 20300
20331 315 1:0 20333
20331 63656 21:0 20348
20336 317 1:0 20344
20343 325 1:0 20343
20347 63680 21:0 20348
20347 63663 21:0 20348
20347 321 1:0 20349
20347 63682 21:0 20350
20349 63684 21:0 20353
20350 64225 21:0 20350
20352 63695 21:0 20353
20352 63713 21:0 20353
20352 319 1:0 20354
20352 63683 21:0 20358
20357 63716 21:0 20358
20357 63709 21:0 20358
20357 329 1:0 20369
20357 15 21:0 20373
20366 327 1:0 20366
20372 203 21:0 20373
20372 63 21:0 20373
20372 63916 21:0 20373
20372 277 21:0 20373
20372 241 21:0 20373
20372 261 21:0 20373
20372 205 21:0 20373
20372 64048 21:0 20373
20372 55381 1:0 20375
20372 63949 21:0 20378
20377 89 21:0 20378
20377 63793 21:0 20378
20377 64037 21:0 20378
20377 64156 21:0 20378
20377 63760 21:0 20378
20377 63694 21:0 20378
20377 64103 21:0 20378
20377 63892 21:0 20378
20377 63839 21:0 20378
20377 63958 21:0 20378
20377 63674 21:0 20378
20377 63991 21:0 20378
20377 64090 21:0 20378
20377 63971 21:0 20378
20377 63872 21:0 20378
20377 64004 21:0 20378
20377 63707 21:0 20378
20377 64136 21:0 20378
20377 63806 21:0 20378
20377 64070 21:0 20378
20377 64057 21:0 20378
20377 64024 21:0 20378
20377 63905 21:0 20378
20377 181 21:0 20378
20377 63727 21:0 20378
20377 63740 21:0 20378
20378 64238 21:0 20388
20387 55991 1:0 20389
20387 63702 21:0 20411
20394 55995 1:0 20394
20410 63722 21:0 20411
20410 63728 21:0 20411
20410 63675 21:0 20414
20413 63715 21:0 20414
20413 63708 21:0 20414
20413 56007 1:0 20415
20413 63689 21:0 20422
20421 63696 21:0 20422
20421 63717 21:0 20422
20421 63669 21:0 20425
20424 63676 21:0 20425
20424 56011 1:0 20426
20424 64096 21:0 20431
20428 64225 1:0 20428
20430 64126 21:0 20459
20433 56014 1:0 20436
20441 56019 1:0 20441
20458 64127 21:0 20542
20461 56032 1:0 20463
20496 56041 1:0 20498
20505 56043 1:0 20508
20515 56046 1:0 20518
20523 56050 1:0 20523
20541 64195 1:0 20541
20541 64128 21:0 20545
20544 55381 21:0 20545
20544 63784 21:0 20545
20544 56041 21:0 20545
20544 56032 21:0 20545
20544 56014 21:0 20545
20544 56046 21:0 20545
20544 56043 21:0 20545
20544 56011 21:0 20545
20544 56064 1:0 20546
20544 64081 21:0 20548
20547 145 21:0 20548
20547 289 21:0 20548
20547 127 21:0 20548
20547 163 21:0 20548
20547 109 21:0 20548
20547 179 21:0 20548
20547 73 21:0 20548
20547 251 21:0 20548
20547 55 21:0 20548
20547 91 21:0 20548
20547 53 21:0 20548
20547 161 21:0 20548
20547 253 21:0 20548
20547 35 21:0 20548
20547 199 21:0 20548
20547 271 21:0 20548
20547 125 21:0 20548
20547 37 21:0 20548
20547 197 21:0 20548
20547 287 21:0 20548
20547 217 21:0 20548
20547 305 21:0 20548
20547 307 21:0 20548
20547 64189 21:0 20548
20547 323 21:0 20548
20547 325 21:0 20548
20547 64169 21:0 20548
20547 327 21:0 20548
20547 64123 21:0 20548
20547 63773 21:0 20548
20547 269 21:0 20548
20547 143 21:0 20548
20547 235 21:0 20548
20547 55995 21:0 20548
20547 56019 21:0 20548
20547 215 21:0 20548
20547 233 21:0 20548
20547 71 21:0 20548
20547 107 21:0 20548
20547 56050 21:0 20548
20547 63925 21:0 20548
20547 63859 21:0 20548
20547 63826 21:0 20548
20547 63938 21:0 20548
20547 64240 21:0 20548
20548 64193 1:0 20548
20548 56064 21:0 20553
20549 64194 1:0 20549
20552 319 21:0 20553
20552 321 21:0 20553
20552 317 21:0 20553
20552 56007 21:0 20553
20552 301 21:0 20555
20554 63880 21:0 20556
20555 63718 21:0 20556
20555 157 21:0 20556
20555 63982 21:0 20556
20555 313 21:0 20556
20555 315 21:0 20556
20555 311 21:0 20556
20555 59 21:0 20556
20555 63735 21:0 20556
20555 55991 21:0 20556
20555 185 21:0 20556
20555 329 21:0 20556
20555 257 21:0 20556
20555 56068 1:0 20557
20555 64015 21:0 20559
20559 64192 1:0 20559
20559 56068 21:0 20562
20561 63795 21:0 20562
20561 303 21:0 20562
20561 63816 21:0 20565
20564 309 21:0 20565
20564 223 21:0 20565
20564 61 21:0 20565
20564 57 21:0 20565
20564 63878 21:0 20565
20564 64045 21:0 20565
20564 245 21:0 20565
20564 56071 1:0 20567
20564 43 21:0 20569
20569 307 1:0 20569
20569 56071 21:0 20590
20572 56076 1:0 20572
20574 64189 1:0 20574
20589 299 21:0 20593
20592 56089 1:0 20594
20592 63845 21:0 20628
20627 56098 1:0 20629
20627 63781 21:0 20644
20636 56100 1:0 20639
20643 64019 21:0 20652
20646 56103 1:0 20649
20651 305 1:0 20651
20651 64010 21:0 20673
20654 56107 1:0 20654
20656 64169 1:0 20656
20672 64162 1:0 20672
20672 63972 21:0 20673
20672 63953 21:0 20673
20672 63815 21:0 20676
20675 63860 21:0 20676
20675 63874 21:0 20676
20675 56100 21:0 20676
20675 63883 21:0 20676
20675 63850 21:0 20676
20675 56121 1:0 20677
20675 63685 21:0 20679
20678 56076 21:0 20679
20678 56107 21:0 20679
20678 307 21:0 20679
20678 305 21:0 20679
20679 64160 1:0 20679
20679 56121 21:0 20684
20680 64161 1:0 20680
20683 283 21:0 20684
20683 63827 21:0 20684
20683 63761 21:0 20687
20686 56098 21:0 20687
20686 83 21:0 20687
20686 63873 21:0 20687
20686 63933 21:0 20687
20686 56089 21:0 20687
20686 295 21:0 20687
20686 56103 21:0 20687
20686 297 21:0 20687
20686 56125 1:0 20688
20686 63751 21:0 20690
20690 64159 1:0 20690
20690 56125 21:0 20693
20691 277 1:0 20696
20691 56157 1:0 20696
20691 56128 1:0 20698
20691 56133 1:0 20700
20691 56146 1:0 20700
20691 64156 1:0 20700
20691 56155 1:0 20700
20691 289 1:0 20700
20691 56160 1:0 20719
20691 56164 1:0 20719
20691 287 1:0 20719
20691 64136 1:0 20719
20691 64128 1:0 20802
20691 56178 1:0 20808
20691 257 1:0 20827
20691 56212 1:0 20827
20691 261 1:0 20827
20691 271 1:0 20831
20691 56217 1:0 20831
20691 64123 1:0 20831
20691 56190 1:0 20831
20691 269 1:0 20848
20691 56221 1:0 20850
20691 64103 1:0 20850
20691 253 1:0 20962
20691 56247 1:0 20962
20691 64090 1:0 20962
20691 251 1:0 20981
20691 56278 1:0 20981
20691 64070 1:0 20981
20691 56304 1:0 21093
20691 235 1:0 21093
20691 64057 1:0 21098
20691 56335 1:0 21109
20691 64037 1:0 21109
20691 233 1:0 21109
20691 217 1:0 21221
20691 64024 1:0 21221
20691 56361 1:0 21223
20691 56392 1:0 21240
20691 215 1:0 21240
20691 64004 1:0 21240
20691 199 1:0 21355
20691 63991 1:0 21355
20691 56418 1:0 21355
20691 56449 1:0 21372
20691 197 1:0 21372
20691 63971 1:0 21372
20691 56475 1:0 21486
20691 181 1:0 21486
20691 63958 1:0 21486
20691 179 1:0 21503
20691 63938 1:0 21505
20691 56506 1:0 21505
20691 56532 1:0 21617
20691 63925 1:0 21617
20691 163 1:0 21617
20691 161 1:0 21636
20691 56563 1:0 21636
20691 63905 1:0 21636
20691 56589 1:0 21747
20691 145 1:0 21747
20691 63892 1:0 21747
20691 56620 1:0 21764
20691 63872 1:0 21764
20691 143 1:0 21764
20691 56646 1:0 21879
20691 127 1:0 21879
20691 63859 1:0 21879
20691 125 1:0 21896
20691 56677 1:0 21898
20691 63839 1:0 21898
20691 109 1:0 22007
20691 63826 1:0 22007
20691 56703 1:0 22009
20691 56734 1:0 22026
20691 107 1:0 22026
20691 63806 1:0 22026
20691 56760 1:0 22141
20691 91 1:0 22141
20692 64038 21:0 20693
20692 64012 21:0 20693
20692 64047 21:0 20696
20694 64127 1:0 20809
20695 63944 21:0 20696
20695 169 21:0 20696
20695 293 21:0 20696
20695 63947 21:0 20696
20695 39 21:0 20696
20695 291 21:0 20696
20695 115 21:0 20700
20697 56182 1:0 20819
20697 64126 1:0 20820
20697 63944 1:0 20822
20697 56185 1:0 20829
20697 56214 1:0 20831
20697 56203 1:0 20850
20700 56128 21:0 20721
20718 64096 1:0 20850
20720 63948 21:0 20724
20723 285 21:0 20759
20725 63948 1:0 20813
20730 63947 1:0 20850
20758 281 21:0 20775
20774 87 21:0 20775
20774 213 21:0 20778
20776 64095 1:0 20933
20777 191 21:0 20783
20779 64047 1:0 20944
20782 249 21:0 20804
20784 56235 1:0 20939
20784 245 1:0 20944
20784 56239 1:0 20950
20803 64129 1:0 20803
20803 21 21:0 20804
20803 93 21:0 20804
20803 56155 21:0 20804
20803 56157 21:0 20804
20803 9 21:0 20804
20803 131 21:0 20804
20803 56160 21:0 20804
20803 277 21:0 20804
20803 279 21:0 20804
20803 135 21:0 20804
20803 79 21:0 20804
20803 99 21:0 20804
20803 75 21:0 20804
20803 117 21:0 20804
20803 219 21:0 20804
20803 237 21:0 20804
20803 167 21:0 20804
20803 101 21:0 20804
20803 25 21:0 20804
20803 275 21:0 20804
20803 129 21:0 20804
20803 273 21:0 20804
20803 56146 21:0 20804
20803 81 21:0 20807
20805 249 1:0 20813
20806 225 21:0 20807
20806 147 21:0 20807
20806 187 21:0 20807
20806 221 21:0 20807
20806 239 21:0 20807
20806 183 21:0 20807
20806 77 21:0 20807
20806 56133 21:0 20807
20806 23 21:0 20807
20806 133 21:0 20807
20806 56164 21:0 20807
20806 27 21:0 20807
20806 289 21:0 20807
20806 255 21:0 20807
20806 149 21:0 20807
20806 201 21:0 20807
20806 45 21:0 20807
20806 287 21:0 20807
20806 41 21:0 20807
20806 64114 21:0 20807
20806 63817 21:0 20807
20806 95 21:0 20807
20806 151 21:0 20807
20806 189 21:0 20807
20808 255 1:0 20822
20808 64114 1:0 20827
20808 239 1:0 20953
20810 56178 21:0 20815
20812 64094 1:0 20940
20813 64093 1:0 20951
20813 64012 1:0 20953
20813 64081 1:0 20958
20813 56269 1:0 20958
20813 241 1:0 20958
20813 237 1:0 20958
20813 56242 1:0 20960
20813 56271 1:0 20962
20813 56274 1:0 20962
20813 56260 1:0 20981
20813 64038 1:0 20981
20813 56292 1:0 21070
20813 64048 1:0 21099
20813 64015 1:0 21223
20813 63982 1:0 21351
20814 265 21:0 20815
20821 56182 21:0 20824
20822 64063 1:0 20981
20822 64061 1:0 21064
20823 267 21:0 20824
20828 64062 1:0 21072
20830 101 1:0 21075
20831 56185 21:0 20852
20833 63873 1:0 21075
20839 63793 1:0 22141
20840 63773 1:0 22160
20848 219 1:0 21084
20848 225 1:0 21084
20848 221 1:0 21093
20848 223 1:0 21099
20848 56317 1:0 21106
20848 56328 1:0 21106
20848 56331 1:0 21106
20848 56326 1:0 21109
20848 63949 1:0 21482
20848 89 1:0 22160
20848 56791 1:0 22160
20848 73 1:0 22272
20848 63760 1:0 22272
20848 56817 1:0 22272
20851 263 21:0 20855
20854 56190 21:0 20855
20854 271 21:0 20855
20858 56203 21:0 20887
20861 64060 1:0 21082
20886 64105 1:0 20886
20886 261 21:0 20890
20893 56212 21:0 20896
20895 259 21:0 20896
20903 56214 21:0 20906
20905 257 21:0 20906
20913 64104 1:0 20913
20913 56217 21:0 20930
20929 255 21:0 20935
20934 56221 21:0 20935
20934 269 21:0 20935
20941 56235 21:0 20946
20943 56296 1:0 21081
20943 63933 1:0 21084
20943 56299 1:0 21091
20943 64045 1:0 21109
20943 56349 1:0 21201
20944 64030 1:0 21109
20944 64028 1:0 21195
20945 64092 1:0 20945
20945 247 21:0 20946
20952 56239 21:0 20955
20953 64029 1:0 21203
20953 63761 1:0 21206
20953 213 1:0 21206
20953 56353 1:0 21212
20953 201 1:0 21215
20953 64010 1:0 21215
20953 56356 1:0 21222
20953 56388 1:0 21223
20953 56383 1:0 21223
20953 203 1:0 21223
20953 205 1:0 21223
20953 56385 1:0 21223
20953 56374 1:0 21240
20954 249 21:0 20955
20959 64027 1:0 21213
20961 56406 1:0 21332
20962 64091 1:0 20962
20962 56242 21:0 20983
20964 56848 1:0 22289
20964 71 1:0 22289
20967 64085 1:0 20967
20980 63997 1:0 21240
20981 63740 1:0 22289
20982 64080 1:0 20982
20982 245 21:0 20986
20985 253 21:0 20986
20985 56247 21:0 20986
20989 56260 21:0 21018
20991 64078 1:0 20991
20991 64076 1:0 20991
20991 64079 1:0 20991
20992 64019 1:0 21228
20992 191 1:0 21337
20992 187 1:0 21346
20992 56440 1:0 21351
20992 185 1:0 21351
20992 56442 1:0 21355
20992 63916 1:0 21636
20992 55 1:0 22403
20992 56874 1:0 22403
21017 64072 1:0 21017
21017 243 21:0 21021
21024 56269 21:0 21027
21026 241 21:0 21027
21034 56271 21:0 21037
21036 239 21:0 21037
21044 64071 1:0 21044
21044 56274 21:0 21061
21049 64065 1:0 21049
21060 237 21:0 21066
21065 56278 21:0 21066
21065 251 21:0 21066
21072 56292 21:0 21077
21074 63996 1:0 21326
21075 63995 1:0 21333
21075 63827 1:0 21337
21075 56410 1:0 21343
21075 183 1:0 21346
21075 63860 1:0 21346
21075 189 1:0 21351
21075 56413 1:0 21353
21075 56431 1:0 21355
21075 56445 1:0 21372
21076 64059 1:0 21076
21076 229 21:0 21077
21083 56296 21:0 21086
21084 63994 1:0 21344
21084 63964 1:0 21372
21085 231 21:0 21086
21087 63972 1:0 21372
21090 56463 1:0 21463
21093 64058 1:0 21093
21093 56299 21:0 21114
21095 63962 1:0 21457
21098 64052 1:0 21098
21101 63727 1:0 22403
21102 63707 1:0 22422
21110 157 1:0 21468
21110 169 1:0 21482
21110 167 1:0 21482
21110 56499 1:0 21482
21110 56497 1:0 21486
21110 63883 1:0 21739
21110 56905 1:0 22422
21110 53 1:0 22422
21110 37 1:0 22534
21110 63694 1:0 22534
21110 56931 1:0 22534
21113 227 21:0 21117
21116 56304 21:0 21117
21116 235 21:0 21117
21120 56317 21:0 21149
21122 64043 1:0 21122
21122 64046 1:0 21122
21123 63963 1:0 21465
21148 64039 1:0 21148
21148 225 21:0 21152
21155 56326 21:0 21158
21157 223 21:0 21158
21165 56328 21:0 21168
21167 221 21:0 21168
21175 56331 21:0 21192
21180 64032 1:0 21180
21191 219 21:0 21197
21196 56335 21:0 21197
21196 233 21:0 21197
21203 56349 21:0 21208
21205 63874 1:0 21468
21205 56467 1:0 21474
21205 63815 1:0 21477
21205 63953 1:0 21490
21206 63961 1:0 21475
21206 63931 1:0 21505
21207 64026 1:0 21207
21207 211 21:0 21208
21214 56353 21:0 21217
21215 56502 1:0 21482
21215 56470 1:0 21484
21215 56488 1:0 21505
21215 63930 1:0 21588
21215 149 1:0 21608
21215 56556 1:0 21613
21215 151 1:0 21613
21215 56554 1:0 21617
21215 56559 1:0 21617
21216 213 21:0 21217
21218 63929 1:0 21595
21221 56520 1:0 21594
21221 87 1:0 21599
21221 63781 1:0 21599
21221 56524 1:0 21605
21223 63845 1:0 21608
21224 64025 1:0 21224
21224 56356 21:0 21245
21226 63674 1:0 22553
21242 63928 1:0 21606
21243 35 1:0 22553
21243 56962 1:0 22553
21244 64014 1:0 21244
21244 209 21:0 21248
21247 56361 21:0 21248
21247 217 21:0 21248
21251 56374 21:0 21280
21253 64013 1:0 21253
21254 147 1:0 21613
21254 56527 1:0 21615
21254 63878 1:0 21636
21254 63850 1:0 21875
21254 19 1:0 22659
21254 56988 1:0 22659
21279 64006 1:0 21279
21279 207 21:0 21283
21286 56383 21:0 21289
21288 205 21:0 21289
21296 56385 21:0 21299
21298 203 21:0 21299
21306 64005 1:0 21306
21306 56388 21:0 21323
21311 63999 1:0 21311
21322 201 21:0 21328
21327 215 21:0 21328
21327 56392 21:0 21328
21334 56406 21:0 21339
21336 63898 1:0 21636
21337 56545 1:0 21636
21337 63896 1:0 21719
21337 56577 1:0 21725
21337 63816 1:0 21730
21337 83 1:0 21730
21337 56581 1:0 21736
21337 133 1:0 21736
21337 129 1:0 21739
21337 131 1:0 21747
21337 56611 1:0 21747
21337 56613 1:0 21747
21337 56602 1:0 21747
21338 63993 1:0 21338
21338 193 21:0 21339
21345 56410 21:0 21348
21346 63897 1:0 21727
21346 63895 1:0 21737
21347 195 21:0 21348
21349 63795 1:0 21739
21354 63865 1:0 21764
21355 63992 1:0 21355
21355 56413 21:0 21376
21357 63880 1:0 21764
21360 63986 1:0 21360
21363 63661 1:0 22670
21364 17 1:0 22747
21364 57019 1:0 22750
21372 56584 1:0 21746
21372 135 1:0 21747
21372 56616 1:0 21764
21372 56670 1:0 21875
21372 115 1:0 21875
21372 63817 1:0 22009
21372 63641 1:0 22752
21373 56634 1:0 21856
21373 63735 1:0 21861
21373 15 1:0 21861
21375 63981 1:0 21375
21375 191 21:0 21379
21378 199 21:0 21379
21378 56418 21:0 21379
21382 56431 21:0 21411
21384 63979 1:0 21384
21384 63980 1:0 21384
21384 63977 1:0 21384
21385 56695 1:0 21870
21410 63973 1:0 21410
21417 56440 21:0 21420
21427 56442 21:0 21430
21437 56445 21:0 21454
21442 63966 1:0 21442
21453 56449 21:0 21454
21465 56463 21:0 21470
21467 63863 1:0 21850
21468 63864 1:0 21858
21468 63862 1:0 21868
21469 63960 1:0 21469
21476 56467 21:0 21479
21477 56638 1:0 21867
21477 56805 1:0 21870
21477 117 1:0 21875
21477 56641 1:0 21877
21477 56668 1:0 21879
21477 56659 1:0 21879
21477 63832 1:0 21898
21477 56691 1:0 21898
21477 56673 1:0 21898
21477 56812 1:0 21898
21477 56866 1:0 21992
21477 95 1:0 22001
21477 56725 1:0 22009
21477 56727 1:0 22009
21483 63831 1:0 21981
21486 63959 1:0 21486
21486 56470 21:0 21507
21504 63830 1:0 21988
21506 56475 21:0 21507
21513 56488 21:0 21542
21515 63946 1:0 21515
21516 63676 1:0 21992
21516 99 1:0 22001
21516 56730 1:0 22009
21516 77 1:0 22132
21516 79 1:0 22137
21516 63784 1:0 22137
21541 63940 1:0 21541
21548 56497 21:0 21551
21558 56499 21:0 21561
21568 63939 1:0 21568
21568 56502 21:0 21585
21584 56506 21:0 21585
21596 56520 21:0 21601
21598 56748 1:0 21992
21598 63669 1:0 22001
21598 56752 1:0 22001
21598 63696 1:0 22026
21599 63829 1:0 21999
21599 63799 1:0 22026
21600 63927 1:0 21600
21607 56524 21:0 21610
21608 56698 1:0 22008
21608 93 1:0 22009
21608 56716 1:0 22026
21608 63798 1:0 22112
21608 63689 1:0 22123
21608 63717 1:0 22123
21608 81 1:0 22132
21608 56755 1:0 22132
21608 56773 1:0 22141
21614 63797 1:0 22119
21617 63926 1:0 21617
21617 56527 21:0 21638
21622 63920 1:0 21622
21635 63796 1:0 22130
21637 63915 1:0 21637
21637 56532 21:0 21638
21644 56545 21:0 21673
21646 63913 1:0 21646
21646 63914 1:0 21646
21646 63911 1:0 21646
21647 63715 1:0 22132
21647 75 1:0 22137
21647 56782 1:0 22137
21647 56784 1:0 22141
21647 56787 1:0 22160
21647 63751 1:0 22268
21672 63907 1:0 21672
21679 56554 21:0 21682
21689 56556 21:0 21692
21699 63906 1:0 21699
21699 56559 21:0 21716
21704 63900 1:0 21704
21715 56563 21:0 21716
21727 56577 21:0 21732
21729 63766 1:0 22160
21730 63708 1:0 22160
21730 56869 1:0 22160
21730 63765 1:0 22243
21730 63675 1:0 22254
21731 63894 1:0 21731
21738 56581 21:0 21741
21739 63764 1:0 22250
21739 63722 1:0 22254
21742 63763 1:0 22261
21745 56809 1:0 22260
21745 61 1:0 22263
21745 63728 1:0 22263
21745 57 1:0 22263
21745 56839 1:0 22268
21745 59 1:0 22268
21745 63 1:0 22268
21745 56841 1:0 22272
21745 56830 1:0 22272
21745 63702 1:0 22289
21748 63893 1:0 21748
21748 56584 21:0 21769
21753 63887 1:0 21753
21766 63733 1:0 22289
21768 63882 1:0 21768
21768 56589 21:0 21769
21775 56602 21:0 21804
21777 63881 1:0 21777
21778 56844 1:0 22289
21778 56862 1:0 22289
21778 45 1:0 22394
21778 41 1:0 22394
21778 56976 1:0 22394
21778 63718 1:0 22399
21778 56898 1:0 22399
21810 56611 21:0 21813
21820 56613 21:0 21823
21830 56616 21:0 21847
21835 63867 1:0 21835
21846 56620 21:0 21847
21858 56634 21:0 21863
21860 63732 1:0 22374
21861 63731 1:0 22381
21861 63709 1:0 22385
21861 63716 1:0 22385
21861 63683 1:0 22394
21862 63861 1:0 21862
21869 56638 21:0 21872
21870 63730 1:0 22392
21870 63700 1:0 22422
21873 56919 1:0 22422
21876 43 1:0 22399
21876 39 1:0 22399
21876 56896 1:0 22403
21876 56901 1:0 22403
21876 56887 1:0 22422
21876 63713 1:0 22422
21876 23 1:0 22525
21876 25 1:0 22530
21879 56641 21:0 21900
21884 63854 1:0 21884
21896 63699 1:0 22505
21897 63695 1:0 22516
21897 27 1:0 22525
21897 63685 1:0 22530
21897 56953 1:0 22530
21897 56955 1:0 22534
21897 56944 1:0 22534
21899 63849 1:0 21899
21899 56646 21:0 21900
21906 56659 21:0 21935
21908 63848 1:0 21908
21908 63847 1:0 21908
21909 63684 1:0 22516
21909 56923 1:0 22522
21934 63841 1:0 21934
21941 56668 21:0 21944
21951 56670 21:0 21954
21961 63840 1:0 21961
21961 56673 21:0 21978
21966 63834 1:0 21966
21977 56677 21:0 21978
21989 56691 21:0 21994
21991 63698 1:0 22512
21992 63697 1:0 22523
21992 63682 1:0 22525
21992 21 1:0 22530
21992 56926 1:0 22532
21992 63680 1:0 22553
21992 56958 1:0 22553
21992 63652 1:0 22672
21992 7 1:0 22679
21992 57010 1:0 22684
21993 63828 1:0 21993
22000 56695 21:0 22003
22001 63667 1:0 22553
22001 63665 1:0 22636
22009 63666 1:0 22644
22010 56698 21:0 22031
22012 340 1:0 22647
22015 63821 1:0 22015
22027 63663 1:0 22647
22028 56980 1:0 22653
22028 63656 1:0 22656
22030 56703 21:0 22031
22037 56716 21:0 22066
22039 63812 1:0 22039
22039 63814 1:0 22039
22040 63662 1:0 22659
22040 56983 1:0 22659
22065 63808 1:0 22065
22072 56725 21:0 22075
22082 56727 21:0 22085
22092 63807 1:0 22092
22092 56730 21:0 22109
22097 63801 1:0 22097
22108 56734 21:0 22109
22120 56748 21:0 22125
22122 63664 1:0 22654
22123 9 1:0 22659
22123 57001 1:0 22659
22123 63649 1:0 22659
22123 63651 1:0 22684
22123 63650 1:0 22684
22123 63647 1:0 22684
22123 63643 1:0 22719
22123 5 1:0 22730
22123 57012 1:0 22735
22123 3 1:0 22738
22123 339 1:0 22738
22123 57015 1:0 22745
22131 56752 21:0 22134
22132 63642 1:0 22746
22141 63794 1:0 22141
22141 56755 21:0 22162
22146 63788 1:0 22146
22161 63783 1:0 22161
22161 56760 21:0 22162
22168 56773 21:0 22197
22170 63782 1:0 22170
22170 63779 1:0 22170
22196 63775 1:0 22196
22203 56782 21:0 22206
22213 56784 21:0 22216
22223 63774 1:0 22223
22223 56787 21:0 22240
22228 63768 1:0 22228
22239 56791 21:0 22240
22251 56805 21:0 22256
22255 63762 1:0 22255
22262 56809 21:0 22265
22272 56812 21:0 22293
22277 63755 1:0 22277
22292 63750 1:0 22292
22292 56817 21:0 22293
22299 56830 21:0 22328
22301 63748 1:0 22301
22301 63746 1:0 22301
22301 63749 1:0 22301
22327 63742 1:0 22327
22334 56839 21:0 22337
22344 56841 21:0 22347
22354 63741 1:0 22354
22354 56844 21:0 22371
22370 56848 21:0 22371
22382 56862 21:0 22387
22386 63729 1:0 22386
22393 56866 21:0 22396
22403 56869 21:0 22424
22423 56874 21:0 22424
22430 56887 21:0 22459
22465 56896 21:0 22468
22475 56898 21:0 22478
22485 56901 21:0 22502
22501 56905 21:0 22502
22513 56919 21:0 22518
22524 56923 21:0 22527
22534 56926 21:0 22555
22554 56931 21:0 22555
22561 56944 21:0 22590
22596 56953 21:0 22599
22606 56955 21:0 22609
22616 56958 21:0 22633
22632 56962 21:0 22633
22644 56976 21:0 22649
22655 56980 21:0 22658
22665 56983 21:0 22686
22685 56988 21:0 22686
22692 57001 21:0 22721
22727 57010 21:0 22730
22737 57012 21:0 22740
22747 57015 21:0 22764
22763 57019 21:0 22764
22773 65292 21:0 22774
22774 65293 21:0 22785
22784 17 21:0 22785
22784 3 21:0 22785
22785 65294 21:0 22813
22812 339 21:0 22818
22817 5 21:0 22818
22817 65303 21:0 22818
22817 7 21:0 22818
22820 340 21:0 22829
22828 65298 21:0 22829
22828 65300 21:0 22829
22828 65312 21:0 22829
22828 19 21:0 22829
22831 65315 21:0 22839
22838 65316 21:0 22889
22888 65317 21:0 22905
22904 65318 21:0 22912
22911 65348 21:0 22929
22928 65350 21:0 22981
22980 65349 21:0 22986
22985 65351 21:0 22991
22990 65381 21:0 23046
23002 65392 21:0 23002
23013 65393 21:0 23013
23041 65399 21:0 23041
23041 65400 21:0 23041
23045 65383 21:0 23062
23046 65401 21:0 23046
23048 65386 21:0 23048
23054 65412 21:0 23054
23061 65382 21:0 23067
23062 65413 21:0 23062
23066 65384 21:0 23117
23069 65406 21:0 23069
23089 65426 21:0 23089
23116 65414 21:0 23133
23117 65430 21:0 23117
23117 65432 21:0 23117
23117 65433 21:0 23117
23124 65419 21:0 23124
23130 65445 21:0 23130
23132 65416 21:0 23138
23137 65415 21:0 23157
23138 65446 21:0 23138
23145 65439 21:0 23145
23154 65458 21:0 23154
23156 65417 21:0 23209
23165 65459 21:0 23165
23193 65465 21:0 23193
23193 65463 21:0 23193
23200 65452 21:0 23200
23208 65447 21:0 23214
23213 65449 21:0 23219
23214 65479 21:0 23214
23218 65448 21:0 23274
23221 65472 21:0 23221
23241 65492 21:0 23241
23269 65496 21:0 23269
23269 65498 21:0 23269
23269 65499 21:0 23269
23273 65450 21:0 23290
23276 65485 21:0 23276
23282 65511 21:0 23282
23289 65480 21:0 23295
23294 65481 21:0 23345
23297 65505 21:0 23297
23306 65524 21:0 23306
23317 65525 21:0 23317
23344 65482 21:0 23361
23345 65529 21:0 23345
23345 65532 21:0 23345
23345 65531 21:0 23345
23352 65518 21:0 23352
23360 65483 21:0 23366
23365 65513 21:0 23385
23366 65545 21:0 23366
23373 65538 21:0 23373
23384 65514 21:0 23437
23421 65564 21:0 23421
23421 65562 21:0 23421
23421 65565 21:0 23421
23426 65566 21:0 23426
23434 65577 21:0 23434
23436 65515 21:0 23442
23441 65516 21:0 23447
23446 65546 21:0 23502
23449 65571 21:0 23449
23458 65590 21:0 23458
23469 65591 21:0 23469
23497 65598 21:0 23497
23497 65595 21:0 23497
23501 65547 21:0 23518
23504 65584 21:0 23504
23510 65610 21:0 23510
23517 65548 21:0 23523
23518 65611 21:0 23518
23522 65549 21:0 23573
23534 65623 21:0 23534
23545 65624 21:0 23545
23572 65579 21:0 23589
23573 65628 21:0 23573
23573 65631 21:0 23573
23573 65630 21:0 23573
23574 199 1:0 23584
23574 191 1:0 23585
23578 65632 21:0 23578
23580 65617 21:0 23580
23588 195 1:0 23590
23588 65580 21:0 23594
23593 193 1:0 23595
23593 65581 21:0 23613
23594 65644 21:0 23594
23598 201 1:0 23609
23601 65637 21:0 23601
23608 215 1:0 23608
23612 203 1:0 23613
23612 65582 21:0 23665
23616 205 1:0 23617
23621 65657 21:0 23621
23648 207 1:0 23650
23649 65663 21:0 23649
23649 65664 21:0 23649
23649 65661 21:0 23649
23653 209 1:0 23661
23654 65665 21:0 23654
23656 65650 21:0 23656
23660 217 1:0 23660
23662 65676 21:0 23662
23664 213 1:0 23666
23664 65612 21:0 23670
23669 211 1:0 23671
23669 65614 21:0 23675
23670 65677 21:0 23670
23674 219 1:0 23685
23674 65613 21:0 23730
23677 65670 21:0 23677
23684 233 1:0 23684
23688 221 1:0 23689
23692 223 1:0 23693
23724 225 1:0 23726
23725 65696 21:0 23725
23729 227 1:0 23737
23729 65615 21:0 23746
23730 65698 21:0 23730
23732 65683 21:0 23732
23736 235 1:0 23736
23738 65709 21:0 23738
23740 231 1:0 23742
23745 229 1:0 23747
23745 65645 21:0 23751
23746 65710 21:0 23746
23750 237 1:0 23761
23750 65646 21:0 23801
23753 65703 21:0 23753
23760 251 1:0 23760
23762 65722 21:0 23762
23764 239 1:0 23765
23768 241 1:0 23769
23773 65723 21:0 23773
23800 243 1:0 23802
23800 65647 21:0 23817
23801 65730 21:0 23801
23801 65727 21:0 23801
23801 65729 21:0 23801
23805 245 1:0 23813
23806 65731 21:0 23806
23808 65716 21:0 23808
23812 253 1:0 23812
23814 65742 21:0 23814
23816 249 1:0 23818
23816 65648 21:0 23822
23821 247 1:0 23823
23821 65678 21:0 23841
23822 65743 21:0 23822
23826 255 1:0 23837
23829 65736 21:0 23829
23836 269 1:0 23836
23838 65755 21:0 23838
23840 257 1:0 23841
23840 65679 21:0 23893
23844 259 1:0 23845
23849 65756 21:0 23849
23876 261 1:0 23878
23881 263 1:0 23889
23888 271 1:0 23888
23892 267 1:0 23894
23892 65680 21:0 23898
23897 265 1:0 23899
23897 65681 21:0 23903
23902 273 1:0 23913
23902 65301 21:0 23917
23903 65780 21:0 23903
23912 287 1:0 23912
23916 275 1:0 23917
23916 65302 21:0 23925
23920 277 1:0 23921
23924 65313 21:0 23953
23952 279 1:0 23954
23952 65711 21:0 23969
23957 281 1:0 23965
23964 289 1:0 23964
23968 285 1:0 23970
23968 65712 21:0 23976
23971 65810 21:0 23971
23973 283 1:0 23975
23975 65713 21:0 23993
23976 65811 21:0 23976
23976 65812 21:0 23976
23978 291 1:0 23989
23979 65813 21:0 23979
23988 305 1:0 23988
23992 293 1:0 23993
23992 65714 21:0 24045
23996 295 1:0 23997
24028 297 1:0 24030
24033 299 1:0 24041
24040 307 1:0 24040
24044 303 1:0 24046
24044 65744 21:0 24050
24047 65843 21:0 24047
24049 301 1:0 24051
24049 65745 21:0 24055
24052 65844 21:0 24052
24052 65845 21:0 24052
24054 309 1:0 24065
24054 65746 21:0 24110
24055 65846 21:0 24055
24064 323 1:0 24064
24068 311 1:0 24069
24072 313 1:0 24073
24104 315 1:0 24106
24109 317 1:0 24117
24109 65307 21:0 24121
24116 325 1:0 24116
24120 65346 21:0 24121
24120 65314 21:0 24121
24120 321 1:0 24122
24120 65326 21:0 24126
24123 65876 21:0 24123
24125 65327 21:0 24126
24125 65335 21:0 24126
24125 319 1:0 24127
24125 65353 21:0 24131
24130 65368 21:0 24131
24130 65320 21:0 24131
24130 65331 21:0 24141
24130 329 1:0 24142
24139 327 1:0 24139
24140 65435 21:0 24141
24140 65567 21:0 24146
24145 65798 21:0 24146
24145 65402 21:0 24146
24145 65732 21:0 24146
24145 65699 21:0 24146
24145 65468 21:0 24146
24145 65336 21:0 24146
24145 65600 21:0 24146
24145 65501 21:0 24146
24145 43 21:0 24146
24145 65765 21:0 24146
24145 115 21:0 24146
24145 65633 21:0 24146
24145 65369 21:0 24146
24145 65666 21:0 24146
24145 65534 21:0 24146
24145 189 21:0 24146
24145 273 21:0 24146
24145 275 21:0 24146
24145 55381 1:0 24148
24145 65831 21:0 24151
24150 197 21:0 24151
24150 65675 21:0 24151
24150 65688 21:0 24151
24150 65424 21:0 24151
24150 65543 21:0 24151
24150 65556 21:0 24151
24150 65774 21:0 24151
24150 65741 21:0 24151
24150 65622 21:0 24151
24150 65391 21:0 24151
24150 65510 21:0 24151
24150 65576 21:0 24151
24150 65642 21:0 24151
24150 65721 21:0 24151
24150 65864 21:0 24151
24150 235 21:0 24151
24150 251 21:0 24151
24150 215 21:0 24151
24150 89 21:0 24151
24151 65889 21:0 24161
24160 55991 1:0 24162
24160 65367 21:0 24184
24167 55995 1:0 24167
24183 65364 21:0 24184
24183 65366 21:0 24184
24183 65347 21:0 24187
24186 65359 21:0 24187
24186 65360 21:0 24187
24186 56007 1:0 24188
24186 65334 21:0 24195
24194 65373 21:0 24195
24194 65340 21:0 24195
24194 65333 21:0 24198
24197 65379 21:0 24198
24197 56011 1:0 24199
24197 65747 21:0 24204
24201 65876 1:0 24201
24203 65777 21:0 24232
24206 56014 1:0 24209
24214 56019 1:0 24214
24231 65779 21:0 24315
24234 56032 1:0 24236
24234 65864 1:0 24239
24269 56041 1:0 24271
24278 56043 1:0 24281
24288 56046 1:0 24291
24296 56050 1:0 24296
24314 65846 1:0 24314
24314 65778 21:0 24318
24317 56032 21:0 24318
24317 56046 21:0 24318
24317 56043 21:0 24318
24317 55381 21:0 24318
24317 56014 21:0 24318
24317 56041 21:0 24318
24317 56011 21:0 24318
24317 56064 1:0 24319
24317 313 21:0 24321
24320 65411 21:0 24321
24320 65477 21:0 24321
24320 55995 21:0 24321
24320 327 21:0 24321
24320 325 21:0 24321
24320 65891 21:0 24321
24320 65754 21:0 24321
24320 56019 21:0 24321
24320 65655 21:0 24321
24320 65490 21:0 24321
24320 65345 21:0 24321
24320 65358 21:0 24321
24320 65609 21:0 24321
24320 65787 21:0 24321
24320 56050 21:0 24321
24320 65325 21:0 24321
24320 65807 21:0 24321
24320 65708 21:0 24321
24320 65378 21:0 24321
24320 65589 21:0 24321
24320 65444 21:0 24321
24321 65844 1:0 24321
24321 56064 21:0 24326
24322 65845 1:0 24322
24325 317 21:0 24326
24325 319 21:0 24326
24325 321 21:0 24326
24325 56007 21:0 24326
24325 301 21:0 24329
24328 305 21:0 24329
24328 65544 21:0 24329
24328 217 21:0 24329
24328 65434 21:0 24329
24328 125 21:0 24329
24328 289 21:0 24329
24328 107 21:0 24329
24328 161 21:0 24329
24328 91 21:0 24329
24328 37 21:0 24329
24328 181 21:0 24329
24328 35 21:0 24329
24328 109 21:0 24329
24328 143 21:0 24329
24328 269 21:0 24329
24328 73 21:0 24329
24328 163 21:0 24329
24328 253 21:0 24329
24328 199 21:0 24329
24328 53 21:0 24329
24328 233 21:0 24329
24328 127 21:0 24329
24328 145 21:0 24329
24328 271 21:0 24329
24328 71 21:0 24329
24328 65820 21:0 24329
24328 55 21:0 24329
24328 179 21:0 24329
24328 287 21:0 24329
24328 323 21:0 24329
24328 65840 21:0 24329
24328 329 21:0 24329
24328 83 21:0 24329
24328 55991 21:0 24329
24328 309 21:0 24329
24328 377 21:0 24329
24328 65523 21:0 24329
24328 315 21:0 24329
24328 65457 21:0 24329
24328 311 21:0 24329
24328 307 21:0 24329
24328 56068 1:0 24330
24332 65843 1:0 24332
24332 56068 21:0 24335
24334 303 21:0 24335
24334 65689 21:0 24335
24334 65697 21:0 24338
24337 85 21:0 24338
24337 113 21:0 24338
24337 65694 21:0 24338
24337 65643 21:0 24338
24337 241 21:0 24338
24337 21 21:0 24338
24337 129 21:0 24338
24337 56071 1:0 24340
24337 61 21:0 24342
24342 307 1:0 24342
24342 56071 21:0 24363
24345 56076 1:0 24345
24347 65840 1:0 24347
24362 299 21:0 24366
24365 56089 1:0 24367
24365 65831 1:0 24370
24365 65467 21:0 24401
24375 377 1:0 24381
24400 56098 1:0 24402
24400 65597 21:0 24417
24409 56100 1:0 24412
24416 65599 21:0 24425
24419 56103 1:0 24422
24424 305 1:0 24424
24424 65656 21:0 24446
24427 56107 1:0 24427
24429 65820 1:0 24429
24445 65813 1:0 24445
24445 65533 21:0 24446
24445 65578 21:0 24446
24445 65397 21:0 24449
24448 56100 21:0 24449
24448 56107 21:0 24449
24448 305 21:0 24449
24448 65558 21:0 24449
24448 377 21:0 24449
24448 56076 21:0 24449
24448 307 21:0 24449
24448 65500 21:0 24449
24448 56121 1:0 24450
24452 65811 1:0 24452
24452 56121 21:0 24457
24453 65812 1:0 24453
24456 65512 21:0 24457
24456 283 21:0 24457
24456 65604 21:0 24460
24459 293 21:0 24460
24459 56098 21:0 24460
24459 56089 21:0 24460
24459 203 21:0 24460
24459 56103 21:0 24460
24459 297 21:0 24460
24459 131 21:0 24460
24459 133 21:0 24460
24459 295 21:0 24460
24459 135 21:0 24460
24459 147 21:0 24460
24459 291 21:0 24460
24459 65690 21:0 24460
24459 65491 21:0 24460
24459 56125 1:0 24461
24463 65810 1:0 24463
24463 56125 21:0 24466
24464 56157 1:0 24469
24464 65798 1:0 24469
24464 377 1:0 24469
24464 273 1:0 24469
24464 275 1:0 24469
24464 56128 1:0 24471
24464 56133 1:0 24473
24464 56160 1:0 24473
24464 56155 1:0 24473
24464 65807 1:0 24473
24464 289 1:0 24473
24464 65787 1:0 24491
24464 56164 1:0 24491
24464 287 1:0 24491
24464 56146 1:0 24491
24464 65778 1:0 24575
24464 65774 1:0 24601
24464 56190 1:0 24601
24464 271 1:0 24601
24464 56217 1:0 24603
24464 56214 1:0 24603
24464 65765 1:0 24603
24464 56212 1:0 24603
24464 56221 1:0 24620
24464 65754 1:0 24620
24464 269 1:0 24620
24464 253 1:0 24735
24464 56247 1:0 24735
24464 65741 1:0 24735
24464 65721 1:0 24752
24464 56278 1:0 24752
24464 251 1:0 24752
24464 56304 1:0 24866
24464 235 1:0 24866
24464 65708 1:0 24866
24464 56335 1:0 24885
24464 233 1:0 24885
24464 65688 1:0 24885
24464 217 1:0 24997
24464 65675 1:0 24997
24464 56361 1:0 24997
24464 215 1:0 25016
24464 56392 1:0 25016
24464 65655 1:0 25016
24464 199 1:0 25124
24464 65642 1:0 25124
24464 56418 1:0 25124
24464 197 1:0 25142
24464 65622 1:0 25142
24464 56449 1:0 25147
24464 56475 1:0 25259
24464 65609 1:0 25259
24464 181 1:0 25259
24464 65589 1:0 25278
24464 179 1:0 25278
24464 56506 1:0 25278
24464 163 1:0 25390
24464 56532 1:0 25390
24464 65576 1:0 25390
24464 65556 1:0 25409
24464 161 1:0 25409
24464 56563 1:0 25409
24464 65543 1:0 25521
24464 56589 1:0 25521
24464 145 1:0 25521
24464 65523 1:0 25540
24464 143 1:0 25540
24464 56620 1:0 25540
24464 127 1:0 25641
24464 65510 1:0 25643
24464 56646 1:0 25643
24464 65490 1:0 25671
24464 56677 1:0 25671
24464 125 1:0 25671
24464 56703 1:0 25779
24464 109 1:0 25779
24464 65477 1:0 25779
24464 107 1:0 25797
24464 65457 1:0 25797
24464 56734 1:0 25797
24464 56760 1:0 25914
24464 91 1:0 25914
24464 65444 1:0 25914
24465 65551 21:0 24466
24465 65478 21:0 24466
24465 65466 21:0 24469
24467 65779 1:0 24583
24468 111 21:0 24469
24468 65425 21:0 24469
24468 65557 21:0 24469
24468 221 21:0 24469
24468 59 21:0 24469
24468 237 21:0 24469
24468 259 21:0 24473
24470 56178 1:0 24581
24470 56182 1:0 24592
24470 65777 1:0 24593
24470 65557 1:0 24595
24470 56203 1:0 24620
24473 56128 21:0 24494
24474 259 1:0 24595
24491 65747 1:0 24620
24493 65380 21:0 24497
24496 285 21:0 24532
24498 65380 1:0 24586
24503 56185 1:0 24602
24503 65425 1:0 24620
24531 281 21:0 24548
24547 56157 21:0 24548
24547 56155 21:0 24548
24547 243 21:0 24548
24547 39 21:0 24548
24547 56146 21:0 24548
24547 275 21:0 24548
24547 277 21:0 24548
24547 279 21:0 24548
24547 207 21:0 24551
24549 65746 1:0 24706
24550 97 21:0 24551
24550 25 21:0 24551
24550 205 21:0 24551
24550 56133 21:0 24551
24550 261 21:0 24551
24550 219 21:0 24551
24550 223 21:0 24551
24550 41 21:0 24551
24550 77 21:0 24551
24550 151 21:0 24551
24550 239 21:0 24551
24550 185 21:0 24551
24550 117 21:0 24551
24550 23 21:0 24551
24550 95 21:0 24551
24550 289 21:0 24551
24552 261 1:0 24601
24552 65466 1:0 24717
24552 239 1:0 24726
24555 56160 21:0 24572
24557 56235 1:0 24712
24571 273 21:0 24577
24576 65780 1:0 24576
24576 287 21:0 24577
24576 121 21:0 24577
24576 177 21:0 24577
24576 69 21:0 24577
24576 56164 21:0 24577
24576 267 21:0 24577
24576 105 21:0 24577
24576 213 21:0 24580
24578 267 1:0 24586
24579 99 21:0 24580
24579 257 21:0 24580
24579 169 21:0 24580
24579 9 21:0 24580
24579 225 21:0 24580
24579 79 21:0 24580
24579 153 21:0 24580
24579 33 21:0 24580
24579 167 21:0 24580
24579 75 21:0 24580
24581 257 1:0 24595
24581 33 1:0 24717
24583 56178 21:0 24588
24585 65745 1:0 24713
24586 56239 1:0 24723
24586 65744 1:0 24724
24586 243 1:0 24726
24586 65551 1:0 24726
24586 237 1:0 24731
24586 241 1:0 24731
24586 65732 1:0 24731
24586 56271 1:0 24731
24586 56242 1:0 24733
24586 56269 1:0 24735
24586 56260 1:0 24735
24586 65690 1:0 24752
24586 89 1:0 25933
24586 56791 1:0 25933
24586 65424 1:0 25933
24586 73 1:0 26045
24586 65411 1:0 26045
24586 56817 1:0 26045
24587 265 21:0 24588
24594 56182 21:0 24597
24595 56274 1:0 24752
24595 65714 1:0 24752
24595 223 1:0 24857
24596 267 21:0 24597
24598 65713 1:0 24837
24603 65712 1:0 24844
24604 56185 21:0 24625
24606 56292 1:0 24843
24606 213 1:0 24848
24621 65694 1:0 24848
24624 263 21:0 24628
24627 271 21:0 24628
24627 56190 21:0 24628
24631 56203 21:0 24660
24634 65711 1:0 24855
24659 65756 1:0 24659
24659 261 21:0 24663
24666 56212 21:0 24669
24668 259 21:0 24669
24676 56214 21:0 24679
24678 257 21:0 24679
24686 65755 1:0 24686
24686 56217 21:0 24703
24702 255 21:0 24708
24707 269 21:0 24708
24707 56221 21:0 24708
24714 56235 21:0 24719
24716 56296 1:0 24854
24716 65697 1:0 24857
24716 225 1:0 24857
24716 65699 1:0 24862
24716 56326 1:0 24862
24716 219 1:0 24862
24716 221 1:0 24862
24716 56299 1:0 24864
24716 56331 1:0 24866
24716 56328 1:0 24866
24716 56317 1:0 24885
24716 65689 1:0 24885
24716 205 1:0 24988
24716 207 1:0 24993
24716 56385 1:0 24993
24716 203 1:0 24993
24716 65666 1:0 24993
24716 56388 1:0 24997
24716 56383 1:0 24997
24716 65633 1:0 25147
24716 65600 1:0 25255
24717 65681 1:0 24885
24717 56349 1:0 24974
24717 121 1:0 24979
24717 65478 1:0 24979
24717 56353 1:0 24985
24717 65491 1:0 24988
24718 65743 1:0 24718
24718 247 21:0 24719
24725 56239 21:0 24728
24726 65680 1:0 24968
24726 65679 1:0 24975
24727 249 21:0 24728
24732 65678 1:0 24986
24734 56356 1:0 24995
24735 65742 1:0 24735
24735 56242 21:0 24756
24737 65391 1:0 26064
24740 65736 1:0 24740
24753 65648 1:0 25016
24754 56848 1:0 26064
24754 71 1:0 26064
24755 65731 1:0 24755
24755 245 21:0 24759
24758 56247 21:0 24759
24758 253 21:0 24759
24762 56260 21:0 24791
24764 65730 1:0 24764
24764 65727 1:0 24764
24764 65729 1:0 24764
24765 56374 1:0 25016
24765 65656 1:0 25016
24765 177 1:0 25110
24765 65567 1:0 25386
24765 55 1:0 26176
24765 56874 1:0 26176
24790 65723 1:0 24790
24790 243 21:0 24794
24797 56269 21:0 24800
24799 241 21:0 24800
24807 56271 21:0 24810
24809 239 21:0 24810
24817 65722 1:0 24817
24817 56274 21:0 24834
24822 65716 1:0 24822
24833 237 21:0 24839
24838 251 21:0 24839
24838 56278 21:0 24839
24845 56292 21:0 24850
24847 65647 1:0 25099
24848 56406 1:0 25105
24848 65646 1:0 25106
24848 65604 1:0 25110
24848 56410 1:0 25116
24848 65512 1:0 25119
24848 56442 1:0 25124
24848 56431 1:0 25124
24848 189 1:0 25124
24848 185 1:0 25124
24848 56445 1:0 25142
24848 56440 1:0 25147
24848 56497 1:0 25255
24849 65710 1:0 24849
24849 229 21:0 24850
24856 56296 21:0 24859
24857 65645 1:0 25117
24857 65615 1:0 25147
24858 231 21:0 24859
24860 65643 1:0 25127
24863 56413 1:0 25126
24866 65709 1:0 24866
24866 56299 21:0 24887
24868 65613 1:0 25230
24871 65703 1:0 24871
24874 65378 1:0 26176
24875 65358 1:0 26195
24883 105 1:0 25241
24883 56488 1:0 25259
24883 65534 1:0 25517
24883 53 1:0 26195
24883 56905 1:0 26195
24883 56931 1:0 26307
24883 37 1:0 26307
24883 65345 1:0 26307
24886 65698 1:0 24886
24886 227 21:0 24890
24889 235 21:0 24890
24889 56304 21:0 24890
24893 56317 21:0 24922
24895 65696 1:0 24895
24896 65614 1:0 25238
24921 225 21:0 24925
24928 56326 21:0 24931
24930 223 21:0 24931
24938 56328 21:0 24941
24940 221 21:0 24941
24948 56331 21:0 24965
24953 65683 1:0 24953
24964 219 21:0 24970
24969 233 21:0 24970
24969 56335 21:0 24970
24976 56349 21:0 24981
24978 56463 1:0 25236
24978 65558 1:0 25241
24978 56467 1:0 25247
24978 65599 1:0 25250
24978 56470 1:0 25257
24979 65612 1:0 25248
24979 65582 1:0 25278
24980 65677 1:0 24980
24980 211 21:0 24981
24987 56353 21:0 24990
24988 169 1:0 25255
24988 167 1:0 25255
24988 56499 1:0 25259
24988 56502 1:0 25278
24988 65597 1:0 25278
24988 65581 1:0 25361
24988 56520 1:0 25367
24988 65578 1:0 25372
24988 69 1:0 25372
24988 56524 1:0 25378
24988 153 1:0 25381
24988 147 1:0 25386
24988 56556 1:0 25386
24989 213 21:0 24990
24994 65580 1:0 25368
24996 56545 1:0 25390
24996 65501 1:0 25643
24996 65325 1:0 26326
24996 35 1:0 26326
24996 56962 1:0 26326
24996 19 1:0 26432
24996 56988 1:0 26432
24997 65676 1:0 24997
24997 56356 21:0 25018
25002 65670 1:0 25002
25015 65579 1:0 25379
25017 65665 1:0 25017
25017 209 21:0 25021
25020 56361 21:0 25021
25020 217 21:0 25021
25024 56374 21:0 25053
25026 65663 1:0 25026
25026 65664 1:0 25026
25026 65661 1:0 25026
25027 65500 1:0 25381
25027 65397 1:0 25409
25052 65657 1:0 25052
25052 207 21:0 25056
25059 56383 21:0 25062
25061 205 21:0 25062
25069 56385 21:0 25072
25071 203 21:0 25072
25079 56388 21:0 25096
25084 65650 1:0 25084
25095 201 21:0 25101
25100 215 21:0 25101
25100 56392 21:0 25101
25107 56406 21:0 25112
25109 65549 1:0 25409
25110 151 1:0 25386
25110 56527 1:0 25388
25110 56554 1:0 25390
25110 56559 1:0 25409
25110 65548 1:0 25492
25110 56577 1:0 25498
25110 117 1:0 25500
25110 131 1:0 25503
25110 65533 1:0 25503
25110 133 1:0 25512
25110 113 1:0 25512
25110 65467 1:0 25512
25110 56611 1:0 25517
25110 115 1:0 25517
25110 56613 1:0 25521
25111 65644 1:0 25111
25111 193 21:0 25112
25118 56410 21:0 25121
25119 65547 1:0 25499
25119 65546 1:0 25510
25120 195 21:0 25121
25122 56581 1:0 25509
25122 135 1:0 25512
25122 111 1:0 25512
25122 129 1:0 25517
25122 56616 1:0 25521
25125 56584 1:0 25519
25128 56413 21:0 25149
25130 65516 1:0 25540
25133 65637 1:0 25133
25136 65312 1:0 26443
25137 17 1:0 26520
25137 57019 1:0 26523
25145 65544 1:0 25520
25146 56602 1:0 25540
25146 56634 1:0 25629
25146 65434 1:0 25634
25146 56670 1:0 25643
25146 56659 1:0 25643
25146 56668 1:0 25643
25146 65468 1:0 25802
25146 65292 1:0 26525
25148 65632 1:0 25148
25148 191 21:0 25152
25151 56418 21:0 25152
25151 199 21:0 25152
25155 56431 21:0 25184
25157 65628 1:0 25157
25157 65631 1:0 25157
25157 65630 1:0 25157
25158 85 1:0 25634
25183 65624 1:0 25183
25190 56440 21:0 25193
25200 56442 21:0 25203
25210 65623 1:0 25210
25210 56445 21:0 25227
25215 65617 1:0 25215
25226 56449 21:0 25227
25238 56463 21:0 25243
25240 65515 1:0 25623
25241 65514 1:0 25630
25241 65513 1:0 25641
25242 65611 1:0 25242
25249 56467 21:0 25252
25250 56638 1:0 25640
25250 56673 1:0 25643
25250 83 1:0 25643
25250 56862 1:0 25643
25250 56641 1:0 25650
25250 65483 1:0 25671
25250 56698 1:0 25671
25250 56866 1:0 25671
25250 56812 1:0 25671
25250 99 1:0 25774
25250 95 1:0 25779
25250 56727 1:0 25779
25250 65435 1:0 25910
25258 65482 1:0 25754
25259 65610 1:0 25259
25259 56470 21:0 25280
25261 56691 1:0 25760
25261 56805 1:0 25765
25279 56475 21:0 25280
25286 56488 21:0 25315
25288 65598 1:0 25288
25288 65595 1:0 25288
25289 65481 1:0 25761
25314 65591 1:0 25314
25321 56497 21:0 25324
25331 56499 21:0 25334
25341 65590 1:0 25341
25341 56502 21:0 25358
25346 65584 1:0 25346
25357 56506 21:0 25358
25369 56520 21:0 25374
25371 65379 1:0 25765
25371 56695 1:0 25771
25371 65333 1:0 25774
25371 56730 1:0 25779
25371 97 1:0 25779
25371 56716 1:0 25797
25371 56725 1:0 25802
25371 65402 1:0 26041
25372 65480 1:0 25772
25372 65450 1:0 25802
25380 56524 21:0 25383
25381 56748 1:0 25802
25381 65373 1:0 25802
25381 65448 1:0 25885
25381 65334 1:0 25896
25381 65340 1:0 25896
25387 65449 1:0 25893
25390 65577 1:0 25390
25390 56527 21:0 25411
25395 65571 1:0 25395
25408 65447 1:0 25903
25410 65566 1:0 25410
25410 56532 21:0 25411
25417 56545 21:0 25446
25419 65564 1:0 25419
25419 65562 1:0 25419
25419 65565 1:0 25419
25420 56752 1:0 25902
25420 65360 1:0 25905
25452 56554 21:0 25455
25462 56556 21:0 25465
25472 56559 21:0 25489
25488 56563 21:0 25489
25500 56577 21:0 25505
25502 75 1:0 25905
25502 77 1:0 25910
25502 56784 1:0 25910
25502 56787 1:0 25910
25502 79 1:0 25910
25502 56755 1:0 25912
25502 56782 1:0 25914
25502 65359 1:0 25933
25502 56773 1:0 25933
25502 65364 1:0 26027
25503 65417 1:0 25933
25503 65415 1:0 26016
25504 65545 1:0 25504
25511 56581 21:0 25514
25512 65416 1:0 26024
25512 65347 1:0 26027
25512 56809 1:0 26033
25512 65366 1:0 26036
25512 59 1:0 26041
25512 56841 1:0 26041
25512 61 1:0 26041
25512 56830 1:0 26045
25512 56839 1:0 26045
25512 56926 1:0 26064
25512 56844 1:0 26064
25512 41 1:0 26167
25512 43 1:0 26172
25512 56896 1:0 26172
25512 65369 1:0 26172
25518 65414 1:0 26034
25521 56584 21:0 25542
25526 65538 1:0 25526
25539 65384 1:0 26064
25541 56589 21:0 25542
25548 56602 21:0 25577
25550 65529 1:0 25550
25550 65532 1:0 25550
25550 65531 1:0 25550
25551 65367 1:0 26064
25551 39 1:0 26172
25551 56898 1:0 26176
25551 56887 1:0 26176
25551 23 1:0 26298
25551 56955 1:0 26303
25576 65525 1:0 25576
25583 56611 21:0 25586
25593 56613 21:0 25596
25603 65524 1:0 25603
25603 56616 21:0 25620
25608 65518 1:0 25608
25619 56620 21:0 25620
25631 56634 21:0 25636
25633 65382 1:0 26147
25634 65383 1:0 26155
25634 65331 1:0 26158
25634 65368 1:0 26158
25634 65320 1:0 26167
25642 56638 21:0 25645
25643 65381 1:0 26165
25643 56869 1:0 26167
25646 65351 1:0 26195
25649 65353 1:0 26195
25649 56919 1:0 26195
25649 56901 1:0 26195
25649 65335 1:0 26289
25649 25 1:0 26303
25649 56953 1:0 26307
25649 56944 1:0 26307
25649 65336 1:0 26326
25652 65511 1:0 25652
25652 56641 21:0 25673
25657 65505 1:0 25657
25670 65349 1:0 26278
25672 56646 21:0 25673
25679 56659 21:0 25708
25681 65496 1:0 25681
25681 65498 1:0 25681
25681 65499 1:0 25681
25682 65327 1:0 26289
25682 56923 1:0 26295
25707 65492 1:0 25707
25714 56668 21:0 25717
25724 56670 21:0 25727
25734 56673 21:0 25751
25739 65485 1:0 25739
25750 56677 21:0 25751
25762 56691 21:0 25767
25764 65350 1:0 26286
25765 65348 1:0 26296
25765 65326 1:0 26298
25765 21 1:0 26303
25765 65346 1:0 26306
25765 56976 1:0 26326
25765 56958 1:0 26326
25765 65303 1:0 26452
25765 7 1:0 26452
25765 57010 1:0 26457
25766 65479 1:0 25766
25773 56695 21:0 25776
25774 65318 1:0 26326
25774 65317 1:0 26409
25782 65316 1:0 26416
25783 56698 21:0 25804
25785 65314 1:0 26420
25788 65472 1:0 25788
25800 341 1:0 26420
25801 56980 1:0 26426
25801 65307 1:0 26429
25803 56703 21:0 25804
25810 56716 21:0 25839
25812 65465 1:0 25812
25812 65463 1:0 25812
25813 56983 1:0 26432
25813 65313 1:0 26432
25838 65459 1:0 25838
25845 56725 21:0 25848
25855 56727 21:0 25858
25865 65458 1:0 25865
25865 56730 21:0 25882
25870 65452 1:0 25870
25881 56734 21:0 25882
25893 56748 21:0 25898
25895 65315 1:0 26427
25896 65302 1:0 26432
25896 57001 1:0 26432
25896 9 1:0 26432
25896 65301 1:0 26457
25896 65300 1:0 26457
25896 65298 1:0 26457
25896 65294 1:0 26492
25896 5 1:0 26503
25896 57012 1:0 26508
25896 340 1:0 26511
25896 3 1:0 26511
25896 57015 1:0 26518
25897 65446 1:0 25897
25904 56752 21:0 25907
25905 65293 1:0 26519
25914 65445 1:0 25914
25914 56755 21:0 25935
25919 65439 1:0 25919
25934 56760 21:0 25935
25941 56773 21:0 25970
25943 65430 1:0 25943
25943 65432 1:0 25943
25943 65433 1:0 25943
25969 65426 1:0 25969
25976 56782 21:0 25979
25986 56784 21:0 25989
25996 56787 21:0 26013
26001 65419 1:0 26001
26012 56791 21:0 26013
26024 56805 21:0 26029
26028 65413 1:0 26028
26035 56809 21:0 26038
26045 65412 1:0 26045
26045 56812 21:0 26066
26050 65406 1:0 26050
26065 65401 1:0 26065
26065 56817 21:0 26066
26072 56830 21:0 26101
26074 65399 1:0 26074
26074 65400 1:0 26074
26100 65393 1:0 26100
26107 56839 21:0 26110
26117 56841 21:0 26120
26127 65392 1:0 26127
26127 56844 21:0 26144
26132 65386 1:0 26132
26143 56848 21:0 26144
26155 56862 21:0 26160
26166 56866 21:0 26169
26176 56869 21:0 26197
26196 56874 21:0 26197
26203 56887 21:0 26232
26238 56896 21:0 26241
26248 56898 21:0 26251
26258 56901 21:0 26275
26274 56905 21:0 26275
26286 56919 21:0 26291
26297 56923 21:0 26300
26307 56926 21:0 26328
26327 56931 21:0 26328
26334 56944 21:0 26363
26369 56953 21:0 26372
26379 56955 21:0 26382
26389 56958 21:0 26406
26405 56962 21:0 26406
26417 56976 21:0 26422
26428 56980 21:0 26431
26438 56983 21:0 26459
26458 56988 21:0 26459
26465 57001 21:0 26494
26500 57010 21:0 26503
26510 57012 21:0 26513
26520 57015 21:0 26537
26536 57019 21:0 26537
26546 66943 21:0 26547
26547 66944 21:0 26558
26557 3 21:0 26558
26557 17 21:0 26558
26558 66945 21:0 26586
26585 340 21:0 26591
26590 5 21:0 26591
26590 7 21:0 26591
26590 66954 21:0 26591
26593 341 21:0 26602
26601 66952 21:0 26602
26601 66951 21:0 26602
26601 66963 21:0 26602
26601 19 21:0 26602
26604 66966 21:0 26612
26611 66968 21:0 26662
26661 66967 21:0 26678
26677 66969 21:0 26683
26682 66999 21:0 26702
26683 66998 21:0 26683
26701 67001 21:0 26754
26710 67011 21:0 26710
26738 67015 21:0 26738
26743 67019 21:0 26743
26753 67000 21:0 26759
26758 67002 21:0 26764
26759 67031 21:0 26759
26763 67032 21:0 26814
26775 67043 21:0 26775
26786 67044 21:0 26786
26813 67034 21:0 26835
26814 67048 21:0 26814
26814 67051 21:0 26814
26814 67050 21:0 26814
26827 67063 21:0 26827
26834 67033 21:0 26840
26835 67064 21:0 26835
26839 67035 21:0 26890
26842 67057 21:0 26842
26862 67077 21:0 26862
26889 67065 21:0 26906
26890 67084 21:0 26890
26890 67081 21:0 26890
26890 67083 21:0 26890
26905 67067 21:0 26911
26910 67066 21:0 26930
26911 67097 21:0 26911
26918 67090 21:0 26918
26927 67109 21:0 26927
26929 67068 21:0 26982
26966 67116 21:0 26966
26966 67114 21:0 26966
26971 67118 21:0 26971
26979 67129 21:0 26979
26981 67098 21:0 26987
26986 67100 21:0 26992
26991 67099 21:0 27047
27014 67143 21:0 27014
27042 67149 21:0 27042
27042 67147 21:0 27042
27046 67101 21:0 27063
27047 67151 21:0 27047
27049 67136 21:0 27049
27062 67131 21:0 27068
27067 67132 21:0 27118
27070 67156 21:0 27070
27117 67133 21:0 27134
27118 67182 21:0 27118
27123 67184 21:0 27123
27125 67169 21:0 27125
27131 67195 21:0 27131
27133 67134 21:0 27139
27138 67164 21:0 27158
27146 67189 21:0 27146
27155 67208 21:0 27155
27157 67166 21:0 27210
27199 67217 21:0 27199
27209 67165 21:0 27215
27214 67167 21:0 27220
27215 67229 21:0 27215
27219 67197 21:0 27270
27231 67241 21:0 27231
27242 67242 21:0 27242
27269 67198 21:0 27286
27270 67246 21:0 27270
27270 67248 21:0 27270
27270 67249 21:0 27270
27275 67250 21:0 27275
27277 67235 21:0 27277
27283 67261 21:0 27283
27285 67199 21:0 27296
27291 67262 21:0 27291
27295 67200 21:0 27346
27298 67255 21:0 27298
27307 67274 21:0 27307
27318 67275 21:0 27318
27345 67230 21:0 27362
27346 67281 21:0 27346
27346 67279 21:0 27346
27346 67282 21:0 27346
27347 199 1:0 27357
27347 191 1:0 27358
27351 67283 21:0 27351
27353 67268 21:0 27353
27359 67294 21:0 27359
27361 195 1:0 27363
27361 67231 21:0 27367
27366 193 1:0 27368
27366 67232 21:0 27386
27367 67295 21:0 27367
27371 201 1:0 27382
27374 67288 21:0 27374
27381 215 1:0 27381
27383 67307 21:0 27383
27385 203 1:0 27386
27385 67233 21:0 27438
27389 205 1:0 27390
27394 67308 21:0 27394
27421 207 1:0 27423
27422 67312 21:0 27422
27422 67315 21:0 27422
27422 67314 21:0 27422
27426 209 1:0 27434
27427 67316 21:0 27427
27429 67301 21:0 27429
27433 217 1:0 27433
27435 67327 21:0 27435
27437 213 1:0 27439
27437 67263 21:0 27443
27442 211 1:0 27444
27442 67264 21:0 27448
27443 67328 21:0 27443
27447 219 1:0 27458
27447 67265 21:0 27498
27450 67321 21:0 27450
27457 233 1:0 27457
27459 67340 21:0 27459
27461 221 1:0 27462
27465 223 1:0 27466
27470 67341 21:0 27470
27497 225 1:0 27499
27497 67266 21:0 27514
27498 67348 21:0 27498
27498 67347 21:0 27498
27498 67345 21:0 27498
27502 227 1:0 27510
27503 67349 21:0 27503
27505 67334 21:0 27505
27509 235 1:0 27509
27511 67360 21:0 27511
27513 231 1:0 27515
27513 67296 21:0 27524
27518 229 1:0 27520
27519 67361 21:0 27519
27523 237 1:0 27534
27523 67298 21:0 27574
27526 67354 21:0 27526
27533 251 1:0 27533
27535 67373 21:0 27535
27537 239 1:0 27538
27541 241 1:0 27542
27546 67374 21:0 27546
27573 243 1:0 27575
27573 67297 21:0 27590
27578 245 1:0 27586
27585 253 1:0 27585
27589 249 1:0 27591
27589 67299 21:0 27595
27594 247 1:0 27596
27594 67329 21:0 27614
27599 255 1:0 27610
27609 269 1:0 27609
27613 257 1:0 27614
27613 67331 21:0 27666
27617 259 1:0 27618
27649 261 1:0 27651
27654 263 1:0 27662
27661 271 1:0 27661
27665 267 1:0 27667
27665 67330 21:0 27671
27670 265 1:0 27672
27670 67332 21:0 27676
27675 66953 21:0 27676
27675 273 1:0 27686
27675 66949 21:0 27690
27676 67431 21:0 27676
27685 287 1:0 27685
27689 275 1:0 27690
27689 66964 21:0 27726
27693 277 1:0 27694
27725 279 1:0 27727
27725 67362 21:0 27742
27730 281 1:0 27738
27737 289 1:0 27737
27741 285 1:0 27743
27741 67364 21:0 27747
27744 67461 21:0 27744
27746 283 1:0 27748
27746 67363 21:0 27766
27749 67462 21:0 27749
27749 67463 21:0 27749
27751 291 1:0 27762
27752 67464 21:0 27752
27761 305 1:0 27761
27765 293 1:0 27766
27765 67365 21:0 27818
27769 295 1:0 27770
27801 297 1:0 27803
27806 299 1:0 27814
27813 307 1:0 27813
27817 303 1:0 27819
27817 67395 21:0 27823
27820 67494 21:0 27820
27822 301 1:0 27824
27822 67397 21:0 27828
27825 67495 21:0 27825
27825 67496 21:0 27825
27827 309 1:0 27838
27827 67396 21:0 27878
27828 67497 21:0 27828
27837 323 1:0 27837
27841 311 1:0 27842
27845 313 1:0 27846
27877 315 1:0 27879
27877 66958 21:0 27894
27882 317 1:0 27890
27889 325 1:0 27889
27893 66985 21:0 27894
27893 66965 21:0 27894
27893 66978 21:0 27894
27893 321 1:0 27895
27893 66986 21:0 27899
27898 66997 21:0 27899
27898 66982 21:0 27899
27898 319 1:0 27900
27898 66991 21:0 27904
27903 66977 21:0 27904
27903 66971 21:0 27904
27903 329 1:0 27915
27903 265 21:0 27919
27912 327 1:0 27912
27918 255 21:0 27919
27918 59 21:0 27919
27918 21 21:0 27919
27918 221 21:0 27919
27918 67416 21:0 27919
27918 237 21:0 27919
27918 66987 21:0 27919
27918 55381 1:0 27921
27918 67020 21:0 27924
27923 67161 21:0 27924
27923 67009 21:0 27924
27923 67425 21:0 27924
27923 109 21:0 27924
27923 287 21:0 27924
27923 66996 21:0 27924
27923 37 21:0 27924
27923 53 21:0 27924
27923 67306 21:0 27924
27923 67141 21:0 27924
27923 67392 21:0 27924
27923 67372 21:0 27924
27923 67174 21:0 27924
27923 66976 21:0 27924
27923 233 21:0 27924
27923 215 21:0 27924
27923 235 21:0 27924
27923 67260 21:0 27924
27923 67458 21:0 27924
27923 67042 21:0 27924
27923 67207 21:0 27924
27923 67438 21:0 27924
27923 67405 21:0 27924
27923 67240 21:0 27924
27923 67075 21:0 27924
27923 67062 21:0 27924
27923 67227 21:0 27924
27923 67359 21:0 27924
27923 67293 21:0 27924
27923 67194 21:0 27924
27923 67029 21:0 27924
27924 67540 21:0 27934
27933 55991 1:0 27935
27933 66984 21:0 27957
27940 55995 1:0 27940
27956 67398 21:0 27960
27959 56007 1:0 27961
27959 67428 21:0 27968
27967 67429 21:0 27977
27970 56011 1:0 27972
27976 67430 21:0 27980
27979 67024 21:0 27980
27979 56014 1:0 27982
27979 67004 21:0 28005
27987 56019 1:0 27987
28004 67213 21:0 28040
28007 56032 1:0 28009
28039 67162 21:0 28059
28042 56041 1:0 28044
28051 56043 1:0 28054
28058 67117 21:0 28062
28061 56046 1:0 28064
28061 67150 21:0 28088
28069 56050 1:0 28069
28087 67497 1:0 28087
28087 67209 21:0 28088
28087 67175 21:0 28088
28087 67196 21:0 28091
28090 67017 21:0 28091
28090 67096 21:0 28091
28090 56064 1:0 28092
28090 67070 21:0 28099
28094 67495 1:0 28094
28095 67496 1:0 28095
28098 67123 21:0 28099
28098 67030 21:0 28099
28098 67130 21:0 28102
28101 67163 21:0 28102
28101 67176 21:0 28102
28101 56068 1:0 28103
28101 67215 21:0 28108
28105 67494 1:0 28105
28107 67228 21:0 28108
28107 67222 21:0 28108
28107 67085 21:0 28111
28110 67010 21:0 28111
28110 67142 21:0 28111
28110 56071 1:0 28113
28110 67018 21:0 28136
28118 56076 1:0 28118
28135 67110 21:0 28171
28138 56089 1:0 28140
28170 67216 21:0 28190
28173 56098 1:0 28175
28182 56100 1:0 28185
28189 67202 21:0 28193
28192 56103 1:0 28195
28192 67052 21:0 28219
28200 56107 1:0 28200
28218 67464 1:0 28218
28218 67183 21:0 28219
28218 67076 21:0 28219
28218 67180 21:0 28222
28221 56103 21:0 28222
28221 56100 21:0 28222
28221 56098 21:0 28222
28221 67037 21:0 28222
28221 67103 21:0 28222
28221 56121 1:0 28223
28221 55381 21:0 28225
28224 67108 21:0 28225
28224 127 21:0 28225
28224 179 21:0 28225
28224 253 21:0 28225
28224 67339 21:0 28225
28224 67128 21:0 28225
28224 67326 21:0 28225
28224 67273 21:0 28225
28224 67095 21:0 28225
28224 199 21:0 28225
28224 89 21:0 28225
28224 91 21:0 28225
28224 55 21:0 28225
28224 197 21:0 28225
28224 269 21:0 28225
28224 181 21:0 28225
28224 217 21:0 28225
28224 251 21:0 28225
28224 271 21:0 28225
28224 56107 21:0 28225
28224 145 21:0 28225
28224 35 21:0 28225
28224 143 21:0 28225
28224 289 21:0 28225
28224 163 21:0 28225
28224 161 21:0 28225
28224 107 21:0 28225
28224 323 21:0 28225
28224 56019 21:0 28225
28224 55995 21:0 28225
28224 327 21:0 28225
28224 325 21:0 28225
28224 56050 21:0 28225
28224 67542 21:0 28225
28224 73 21:0 28225
28224 307 21:0 28225
28224 56076 21:0 28225
28224 305 21:0 28225
28224 125 21:0 28225
28224 71 21:0 28225
28225 67462 1:0 28225
28225 56121 21:0 28230
28226 67463 1:0 28226
28229 56064 21:0 28230
28229 56014 21:0 28230
28229 56068 21:0 28230
28229 56071 21:0 28230
28229 56011 21:0 28231
28230 56007 21:0 28233
28232 56089 21:0 28233
28232 56046 21:0 28233
28232 56043 21:0 28233
28232 56041 21:0 28233
28232 56032 21:0 28233
28232 301 21:0 28233
28232 317 21:0 28233
28232 321 21:0 28233
28232 319 21:0 28233
28232 56125 1:0 28234
28232 67053 21:0 28236
28236 67461 1:0 28236
28236 56125 21:0 28239
28237 56155 1:0 28242
28237 56160 1:0 28242
28237 56128 1:0 28244
28237 56157 1:0 28246
28237 56133 1:0 28246
28237 289 1:0 28246
28237 67458 1:0 28246
28237 265 1:0 28265
28237 56146 1:0 28265
28237 67438 1:0 28265
28237 287 1:0 28265
28237 56164 1:0 28265
28237 67430 1:0 28348
28237 56212 1:0 28373
28237 67425 1:0 28373
28237 271 1:0 28373
28237 56190 1:0 28373
28237 56217 1:0 28373
28237 255 1:0 28373
28237 67416 1:0 28373
28237 67405 1:0 28396
28237 269 1:0 28396
28237 56221 1:0 28396
28237 56247 1:0 28504
28237 253 1:0 28504
28237 67392 1:0 28504
28237 251 1:0 28527
28237 67372 1:0 28527
28237 56278 1:0 28527
28237 67359 1:0 28639
28237 56304 1:0 28639
28237 235 1:0 28639
28237 56335 1:0 28658
28237 67339 1:0 28658
28237 233 1:0 28658
28237 56361 1:0 28770
28237 217 1:0 28770
28237 67326 1:0 28770
28237 56392 1:0 28789
28237 67306 1:0 28789
28237 215 1:0 28789
28237 199 1:0 28901
28237 56418 1:0 28901
28237 67293 1:0 28901
28237 56449 1:0 28920
28237 67273 1:0 28920
28237 197 1:0 28920
28237 56475 1:0 29032
28237 67260 1:0 29032
28237 181 1:0 29032
28237 179 1:0 29051
28237 56506 1:0 29051
28237 67240 1:0 29051
28237 56532 1:0 29162
28237 67227 1:0 29162
28237 163 1:0 29162
28237 56563 1:0 29179
28237 161 1:0 29179
28237 67207 1:0 29179
28237 145 1:0 29294
28237 56589 1:0 29294
28237 67194 1:0 29294
28237 56620 1:0 29313
28237 67174 1:0 29313
28237 143 1:0 29313
28237 67161 1:0 29425
28237 56646 1:0 29425
28237 127 1:0 29425
28237 125 1:0 29442
28237 67141 1:0 29444
28237 56677 1:0 29444
28237 67128 1:0 29555
28237 56703 1:0 29555
28237 109 1:0 29555
28237 56734 1:0 29572
28237 107 1:0 29572
28237 91 1:0 29687
28237 56760 1:0 29687
28238 303 21:0 28239
28238 285 21:0 28239
28238 283 21:0 28239
28238 299 21:0 28239
28238 141 21:0 28242
28240 67429 1:0 28355
28241 315 21:0 28242
28241 313 21:0 28242
28241 155 21:0 28242
28241 329 21:0 28242
28241 55991 21:0 28242
28241 11 21:0 28242
28241 47 21:0 28242
28241 31 21:0 28242
28241 311 21:0 28242
28241 15 21:0 28242
28241 67185 21:0 28244
28243 67152 21:0 28245
28243 56178 1:0 28354
28243 56182 1:0 28365
28243 67428 1:0 28366
28244 67317 21:0 28246
28246 56128 21:0 28267
28263 67398 1:0 28396
28264 56185 1:0 28375
28264 56203 1:0 28391
28264 56214 1:0 28396
28264 47 1:0 28490
28264 11 1:0 28490
28264 56269 1:0 28504
28264 56271 1:0 28527
28264 67108 1:0 29572
28266 281 21:0 28270
28269 211 21:0 28270
28269 177 21:0 28305
28271 211 1:0 28396
28304 121 21:0 28321
28306 177 1:0 28396
28317 67396 1:0 28479
28320 67 21:0 28321
28320 51 21:0 28324
28322 67 1:0 28368
28322 121 1:0 28368
28323 249 21:0 28329
28325 51 1:0 28359
28328 101 21:0 28350
28330 249 1:0 28359
28330 56235 1:0 28485
28330 15 1:0 28490
28349 67431 1:0 28349
28349 171 21:0 28350
28349 223 21:0 28350
28349 297 21:0 28350
28349 295 21:0 28350
28349 56155 21:0 28350
28349 56160 21:0 28350
28349 309 21:0 28350
28349 56146 21:0 28350
28349 56157 21:0 28350
28349 67350 21:0 28350
28349 275 21:0 28350
28349 97 21:0 28350
28349 115 21:0 28350
28349 273 21:0 28350
28349 133 21:0 28350
28349 63 21:0 28350
28349 149 21:0 28350
28349 187 21:0 28350
28349 131 21:0 28350
28349 277 21:0 28350
28349 39 21:0 28350
28349 293 21:0 28350
28349 93 21:0 28350
28349 135 21:0 28350
28349 279 21:0 28350
28349 167 21:0 28350
28349 185 21:0 28350
28349 79 21:0 28350
28349 257 21:0 28350
28349 113 21:0 28350
28349 291 21:0 28350
28349 241 21:0 28350
28349 243 21:0 28350
28349 41 21:0 28350
28349 99 21:0 28350
28349 27 21:0 28350
28349 201 21:0 28353
28351 101 1:0 28359
28351 257 1:0 28373
28351 243 1:0 28499
28351 241 1:0 28504
28352 25 21:0 28353
28352 56164 21:0 28353
28352 56133 21:0 28353
28352 169 21:0 28353
28352 153 21:0 28353
28352 9 21:0 28353
28352 183 21:0 28353
28352 61 21:0 28353
28352 225 21:0 28353
28352 219 21:0 28353
28352 67251 21:0 28353
28352 57 21:0 28353
28352 67218 21:0 28353
28352 261 21:0 28353
28352 259 21:0 28353
28352 23 21:0 28353
28352 111 21:0 28353
28352 147 21:0 28353
28352 81 21:0 28353
28352 287 21:0 28353
28352 289 21:0 28353
28354 259 1:0 28368
28354 261 1:0 28368
28356 56178 21:0 28361
28358 67397 1:0 28487
28359 56239 1:0 28496
28359 67395 1:0 28497
28359 155 1:0 28499
28359 31 1:0 28499
28359 237 1:0 28504
28359 56274 1:0 28504
28359 56242 1:0 28506
28359 56260 1:0 28522
28359 56527 1:0 28527
28359 141 1:0 28527
28359 225 1:0 28630
28360 265 21:0 28361
28367 56182 21:0 28370
28368 67365 1:0 28527
28368 67363 1:0 28610
28369 267 21:0 28370
28374 67364 1:0 28618
28376 56691 1:0 28621
28377 56185 21:0 28398
28379 56292 1:0 28616
28379 56866 1:0 28621
28385 67095 1:0 29687
28386 67075 1:0 29706
28394 56524 1:0 28621
28394 219 1:0 28630
28394 67350 1:0 28635
28394 89 1:0 29706
28394 56791 1:0 29706
28394 67062 1:0 29818
28394 73 1:0 29818
28394 56817 1:0 29818
28397 263 21:0 28401
28400 271 21:0 28401
28400 56190 21:0 28401
28404 56203 21:0 28433
28407 67362 1:0 28628
28432 261 21:0 28436
28439 56212 21:0 28442
28441 259 21:0 28442
28449 56214 21:0 28452
28451 257 21:0 28452
28459 56217 21:0 28476
28475 255 21:0 28481
28480 56221 21:0 28481
28480 269 21:0 28481
28487 56235 21:0 28492
28489 56296 1:0 28627
28489 56748 1:0 28630
28489 56869 1:0 28630
28489 223 1:0 28635
28489 221 1:0 28635
28489 56328 1:0 28635
28489 56331 1:0 28635
28489 56299 1:0 28637
28489 56326 1:0 28639
28489 56406 1:0 28658
28489 56470 1:0 28658
28489 56317 1:0 28658
28489 56385 1:0 28766
28489 67317 1:0 28766
28489 56383 1:0 28770
28489 185 1:0 28897
28489 67042 1:0 29837
28489 56848 1:0 29837
28489 71 1:0 29837
28489 56874 1:0 29949
28489 55 1:0 29949
28490 67332 1:0 28658
28490 67330 1:0 28741
28491 247 21:0 28492
28498 56239 21:0 28501
28499 56349 1:0 28747
28499 67331 1:0 28749
28499 56353 1:0 28752
28499 56812 1:0 28752
28499 56520 1:0 28752
28499 56410 1:0 28761
28499 67037 1:0 28761
28500 249 21:0 28501
28505 67329 1:0 28759
28507 67103 1:0 28789
28508 56242 21:0 28529
28526 67299 1:0 28789
28528 245 21:0 28532
28531 56247 21:0 28532
28531 253 21:0 28532
28535 56260 21:0 28564
28538 201 1:0 28766
28538 56388 1:0 28766
28538 56356 1:0 28768
28538 56374 1:0 28789
28538 183 1:0 28892
28538 56413 1:0 28892
28538 56442 1:0 28897
28538 187 1:0 28897
28538 56440 1:0 28901
28538 169 1:0 29023
28538 167 1:0 29028
28563 67374 1:0 28563
28563 243 21:0 28567
28570 56269 21:0 28573
28572 241 21:0 28573
28580 56271 21:0 28583
28582 239 21:0 28583
28590 67373 1:0 28590
28590 56274 21:0 28607
28606 237 21:0 28612
28611 251 21:0 28612
28611 56278 21:0 28612
28618 56292 21:0 28623
28620 67297 1:0 28872
28621 67298 1:0 28880
28621 67180 1:0 28883
28621 67183 1:0 28883
28621 67076 1:0 28892
28621 56463 1:0 28920
28622 67361 1:0 28622
28622 229 21:0 28623
28629 56296 21:0 28632
28630 67296 1:0 28890
28630 67266 1:0 28920
28631 231 21:0 28632
28633 56431 1:0 28901
28633 56445 1:0 28920
28633 56499 1:0 29028
28633 171 1:0 29028
28633 67251 1:0 29028
28633 56497 1:0 29032
28633 67218 1:0 29154
28633 149 1:0 29162
28633 67185 1:0 29290
28633 67152 1:0 29421
28636 67052 1:0 28920
28639 67360 1:0 28639
28639 56299 21:0 28660
28641 67265 1:0 29003
28644 67354 1:0 28644
28647 67029 1:0 29949
28648 67009 1:0 29968
28656 56467 1:0 29020
28656 56502 1:0 29032
28656 56905 1:0 29968
28656 53 1:0 29968
28656 56931 1:0 30076
28656 37 1:0 30076
28656 66996 1:0 30076
28656 56962 1:0 30099
28656 66976 1:0 30099
28656 35 1:0 30099
28656 19 1:0 30205
28656 56988 1:0 30205
28656 66963 1:0 30216
28656 17 1:0 30293
28656 57019 1:0 30296
28656 66943 1:0 30298
28659 67349 1:0 28659
28659 227 21:0 28663
28662 56304 21:0 28663
28662 235 21:0 28663
28666 56317 21:0 28695
28668 67348 1:0 28668
28668 67347 1:0 28668
28668 67345 1:0 28668
28669 67264 1:0 29010
28694 67341 1:0 28694
28694 225 21:0 28698
28701 56326 21:0 28704
28703 223 21:0 28704
28711 56328 21:0 28714
28713 221 21:0 28714
28721 67340 1:0 28721
28721 56331 21:0 28738
28726 67334 1:0 28726
28737 219 21:0 28743
28742 56335 21:0 28743
28742 233 21:0 28743
28749 56349 21:0 28754
28751 67202 1:0 29014
28751 67216 1:0 29014
28751 67110 1:0 29023
28751 56695 1:0 29051
28752 67263 1:0 29021
28752 67233 1:0 29051
28753 67328 1:0 28753
28753 211 21:0 28754
28760 56353 21:0 28763
28761 67222 1:0 29051
28761 56488 1:0 29051
28761 67232 1:0 29134
28761 67215 1:0 29145
28761 67228 1:0 29145
28761 147 1:0 29151
28761 56559 1:0 29162
28761 56556 1:0 29162
28761 56554 1:0 29162
28761 133 1:0 29285
28761 131 1:0 29290
28762 213 21:0 28763
28767 67231 1:0 29141
28769 67209 1:0 29154
28770 67327 1:0 28770
28770 56356 21:0 28791
28775 67321 1:0 28775
28788 67230 1:0 29152
28790 67316 1:0 28790
28790 209 21:0 28794
28793 56361 21:0 28794
28793 217 21:0 28794
28797 56374 21:0 28826
28799 67312 1:0 28799
28799 67315 1:0 28799
28799 67314 1:0 28799
28800 56584 1:0 29154
28800 153 1:0 29162
28800 56577 1:0 29179
28800 56545 1:0 29179
28800 135 1:0 29290
28800 56611 1:0 29290
28800 56616 1:0 29290
28800 56613 1:0 29294
28800 56670 1:0 29421
28800 113 1:0 29421
28825 67308 1:0 28825
28825 207 21:0 28829
28832 56383 21:0 28835
28834 205 21:0 28835
28842 56385 21:0 28845
28844 203 21:0 28845
28852 67307 1:0 28852
28852 56388 21:0 28869
28857 67301 1:0 28857
28868 201 21:0 28874
28873 56392 21:0 28874
28873 215 21:0 28874
28880 56406 21:0 28885
28882 67200 1:0 29179
28883 67213 1:0 29179
28883 67199 1:0 29265
28883 67196 1:0 29276
28883 67018 1:0 29276
28883 56581 1:0 29282
28884 67295 1:0 28884
28884 193 21:0 28885
28891 56410 21:0 28894
28892 67198 1:0 29272
28892 67197 1:0 29283
28893 195 21:0 28894
28895 67176 1:0 29285
28898 56634 1:0 29313
28901 67294 1:0 28901
28901 56413 21:0 28922
28903 67167 1:0 29313
28906 67288 1:0 28906
28918 67175 1:0 29313
28919 56602 1:0 29313
28919 67142 1:0 29407
28919 111 1:0 29416
28919 115 1:0 29421
28919 56668 1:0 29425
28919 56673 1:0 29425
28921 67283 1:0 28921
28921 191 21:0 28925
28924 199 21:0 28925
28924 56418 21:0 28925
28928 56431 21:0 28957
28930 67281 1:0 28930
28930 67279 1:0 28930
28930 67282 1:0 28930
28931 67163 1:0 29407
28956 67275 1:0 28956
28956 189 21:0 28960
28963 56440 21:0 28966
28973 56442 21:0 28976
28983 67274 1:0 28983
28983 56445 21:0 29000
28988 67268 1:0 28988
28999 56449 21:0 29000
29011 56463 21:0 29016
29013 67165 1:0 29396
29014 67166 1:0 29404
29014 67164 1:0 29414
29015 67262 1:0 29015
29022 56467 21:0 29025
29023 56638 1:0 29413
29023 67150 1:0 29416
29023 56641 1:0 29423
29023 67162 1:0 29424
29023 67134 1:0 29444
29023 56659 1:0 29444
29023 99 1:0 29547
29023 56727 1:0 29555
29023 97 1:0 29555
29023 56725 1:0 29555
29029 67133 1:0 29527
29032 67261 1:0 29032
29032 56470 21:0 29053
29037 67255 1:0 29037
29050 67132 1:0 29534
29052 67250 1:0 29052
29052 56475 21:0 29053
29059 56488 21:0 29088
29061 67246 1:0 29061
29061 67248 1:0 29061
29061 67249 1:0 29061
29062 67130 1:0 29538
29062 56755 1:0 29547
29087 67242 1:0 29087
29094 56497 21:0 29097
29104 56499 21:0 29107
29114 67241 1:0 29114
29114 56502 21:0 29131
29119 67235 1:0 29119
29130 56506 21:0 29131
29142 56520 21:0 29147
29144 67010 1:0 29538
29144 67123 1:0 29547
29144 56698 1:0 29554
29144 56730 1:0 29555
29144 93 1:0 29555
29144 56716 1:0 29572
29144 81 1:0 29683
29145 67131 1:0 29545
29145 67101 1:0 29572
29146 67229 1:0 29146
29153 56524 21:0 29156
29154 67117 1:0 29572
29154 67099 1:0 29658
29154 67085 1:0 29669
29154 67030 1:0 29669
29154 56752 1:0 29675
29160 67100 1:0 29666
29163 56527 21:0 29184
29181 67098 1:0 29676
29183 67217 1:0 29183
29183 56532 21:0 29184
29190 56545 21:0 29219
29193 67070 1:0 29678
29193 79 1:0 29683
29193 56782 1:0 29683
29193 56773 1:0 29683
29193 56784 1:0 29687
29193 61 1:0 29809
29193 67053 1:0 29814
29193 56839 1:0 29814
29193 59 1:0 29814
29225 56554 21:0 29228
29235 56556 21:0 29238
29245 67208 1:0 29245
29245 56559 21:0 29262
29261 56563 21:0 29262
29273 56577 21:0 29278
29275 67068 1:0 29706
29276 67096 1:0 29686
29276 56805 1:0 29706
29276 56787 1:0 29706
29276 67066 1:0 29789
29276 67017 1:0 29800
29276 57 1:0 29809
29276 63 1:0 29814
29276 56844 1:0 29814
29284 56581 21:0 29287
29285 67067 1:0 29797
29285 67004 1:0 29800
29285 56809 1:0 29806
29285 67024 1:0 29809
29285 66984 1:0 29837
29291 67065 1:0 29807
29294 67195 1:0 29294
29294 56584 21:0 29315
29299 67189 1:0 29299
29312 67035 1:0 29837
29314 67184 1:0 29314
29314 56589 21:0 29315
29321 56602 21:0 29350
29323 67182 1:0 29323
29324 56841 1:0 29818
29324 56862 1:0 29837
29324 56830 1:0 29837
29324 56923 1:0 29940
29324 56898 1:0 29945
29324 67020 1:0 29945
29324 56887 1:0 29949
29356 56611 21:0 29359
29366 56613 21:0 29369
29376 56616 21:0 29393
29381 67169 1:0 29381
29392 56620 21:0 29393
29404 56634 21:0 29409
29406 67033 1:0 29920
29407 67034 1:0 29928
29407 66971 1:0 29931
29407 66977 1:0 29931
29407 66991 1:0 29940
29415 56638 21:0 29418
29416 67032 1:0 29938
29416 67002 1:0 29968
29419 56919 1:0 29968
29422 41 1:0 29945
29422 39 1:0 29945
29422 56896 1:0 29949
29422 66997 1:0 29968
29422 56901 1:0 29968
29422 27 1:0 30071
29422 23 1:0 30071
29422 66987 1:0 30076
29425 56641 21:0 29446
29430 67156 1:0 29430
29442 67000 1:0 30051
29443 66986 1:0 30062
29443 56926 1:0 30071
29445 67151 1:0 29445
29445 56646 21:0 29446
29452 56659 21:0 29481
29454 67149 1:0 29454
29454 67147 1:0 29454
29455 66982 1:0 30062
29455 56955 1:0 30076
29455 56944 1:0 30076
29455 25 1:0 30076
29455 21 1:0 30076
29455 56953 1:0 30099
29480 67143 1:0 29480
29487 56668 21:0 29490
29497 56670 21:0 29500
29507 56673 21:0 29524
29512 67136 1:0 29512
29523 56677 21:0 29524
29535 56691 21:0 29540
29537 67001 1:0 30059
29538 66999 1:0 30069
29538 66978 1:0 30071
29538 56958 1:0 30094
29538 66985 1:0 30099
29538 56976 1:0 30099
29538 9 1:0 30205
29538 57001 1:0 30205
29538 66954 1:0 30218
29538 57010 1:0 30225
29538 7 1:0 30230
29538 5 1:0 30276
29546 56695 21:0 29549
29547 66969 1:0 30099
29547 66967 1:0 30182
29555 66968 1:0 30190
29556 67129 1:0 29556
29556 56698 21:0 29577
29558 342 1:0 30193
29573 66965 1:0 30193
29574 56980 1:0 30199
29574 66958 1:0 30202
29576 67118 1:0 29576
29576 56703 21:0 29577
29583 56716 21:0 29612
29585 67116 1:0 29585
29585 67114 1:0 29585
29586 66949 1:0 30205
29586 57012 1:0 30281
29586 3 1:0 30284
29586 57015 1:0 30291
29618 56725 21:0 29621
29628 56727 21:0 29631
29638 67109 1:0 29638
29638 56730 21:0 29655
29654 56734 21:0 29655
29666 56748 21:0 29671
29668 66966 1:0 30200
29669 56983 1:0 30205
29669 66964 1:0 30205
29669 66951 1:0 30230
29669 66952 1:0 30230
29669 66953 1:0 30230
29669 66945 1:0 30265
29669 341 1:0 30284
29669 189 1:0 31120
29670 67097 1:0 29670
29677 56752 21:0 29680
29678 66944 1:0 30292
29687 56755 21:0 29708
29692 67090 1:0 29692
29707 56760 21:0 29708
29714 56773 21:0 29743
29716 67084 1:0 29716
29716 67081 1:0 29716
29716 67083 1:0 29716
29742 67077 1:0 29742
29749 56782 21:0 29752
29759 56784 21:0 29762
29769 56787 21:0 29786
29785 56791 21:0 29786
29797 56805 21:0 29802
29801 67064 1:0 29801
29808 56809 21:0 29811
29818 67063 1:0 29818
29818 56812 21:0 29839
29823 67057 1:0 29823
29838 56817 21:0 29839
29845 56830 21:0 29874
29847 67048 1:0 29847
29847 67051 1:0 29847
29847 67050 1:0 29847
29873 67044 1:0 29873
29880 56839 21:0 29883
29890 56841 21:0 29893
29900 67043 1:0 29900
29900 56844 21:0 29917
29916 56848 21:0 29917
29928 56862 21:0 29933
29932 67031 1:0 29932
29939 56866 21:0 29942
29949 56869 21:0 29970
29969 67019 1:0 29969
29969 56874 21:0 29970
29976 56887 21:0 30005
29978 67015 1:0 29978
30004 67011 1:0 30004
30011 56896 21:0 30014
30021 56898 21:0 30024
30031 56901 21:0 30048
30047 56905 21:0 30048
30059 56919 21:0 30064
30063 66998 1:0 30063
30070 56923 21:0 30073
30080 56926 21:0 30101
30100 56931 21:0 30101
30107 56944 21:0 30136
30142 56953 21:0 30145
30152 56955 21:0 30155
30162 56958 21:0 30179
30178 56962 21:0 30179
30190 56976 21:0 30195
30201 56980 21:0 30204
30211 56983 21:0 30232
30231 56988 21:0 30232
30238 57001 21:0 30267
30273 57010 21:0 30276
30283 57012 21:0 30286
30293 57015 21:0 30310
30309 57019 21:0 30310
30319 68594 21:0 30320
30320 68595 21:0 30331
30330 17 21:0 30331
30330 3 21:0 30331
30331 68596 21:0 30359
30358 341 21:0 30364
30363 5 21:0 30364
30363 7 21:0 30364
30363 68605 21:0 30364
30366 342 21:0 30375
30374 19 21:0 30375
30374 68614 21:0 30375
30374 68602 21:0 30375
30374 68615 21:0 30375
30377 68617 21:0 30385
30384 68618 21:0 30435
30434 68619 21:0 30451
30450 68620 21:0 30456
30455 68650 21:0 30475
30474 68652 21:0 30527
30511 68668 21:0 30511
30511 68669 21:0 30511
30516 68670 21:0 30516
30518 68655 21:0 30518
30526 68651 21:0 30532
30531 68653 21:0 30537
30536 68683 21:0 30592
30539 68675 21:0 30539
30587 68701 21:0 30587
30591 68684 21:0 30608
30607 68685 21:0 30613
30608 68715 21:0 30608
30612 68686 21:0 30663
30615 68708 21:0 30615
30624 68727 21:0 30624
30635 68728 21:0 30635
30662 68716 21:0 30679
30663 68732 21:0 30663
30663 68734 21:0 30663
30678 68718 21:0 30684
30683 68717 21:0 30703
30691 68741 21:0 30691
30702 68719 21:0 30755
30711 68761 21:0 30711
30739 68768 21:0 30739
30739 68765 21:0 30739
30746 68754 21:0 30746
30754 68749 21:0 30760
30759 68750 21:0 30765
30764 68751 21:0 30820
30767 68774 21:0 30767
30787 68794 21:0 30787
30815 68798 21:0 30815
30815 68801 21:0 30815
30815 68800 21:0 30815
30819 68752 21:0 30836
30822 68787 21:0 30822
30835 68782 21:0 30841
30840 68784 21:0 30891
30852 68826 21:0 30852
30890 68783 21:0 30907
30891 68833 21:0 30891
30906 68785 21:0 30912
30911 68815 21:0 30931
30919 68840 21:0 30919
30930 68817 21:0 30983
30967 68864 21:0 30967
30972 68868 21:0 30972
30974 68853 21:0 30974
30982 68816 21:0 30988
30987 68818 21:0 30993
30988 68880 21:0 30988
30992 68848 21:0 31043
30995 68873 21:0 30995
31004 68892 21:0 31004
31015 68893 21:0 31015
31042 68850 21:0 31059
31043 68897 21:0 31043
31043 68899 21:0 31043
31043 68900 21:0 31043
31048 68901 21:0 31048
31050 68886 21:0 31050
31056 68912 21:0 31056
31058 68849 21:0 31069
31064 68913 21:0 31064
31068 68851 21:0 31119
31071 68906 21:0 31071
31080 68925 21:0 31080
31091 68926 21:0 31091
31118 68881 21:0 31135
31119 68933 21:0 31119
31119 68930 21:0 31119
31119 68932 21:0 31119
31120 199 1:0 31130
31120 191 1:0 31131
31124 68934 21:0 31124
31126 68919 21:0 31126
31132 68945 21:0 31132
31134 195 1:0 31136
31134 68883 21:0 31140
31139 193 1:0 31141
31139 68882 21:0 31159
31140 68946 21:0 31140
31144 201 1:0 31155
31147 68939 21:0 31147
31154 215 1:0 31154
31156 68958 21:0 31156
31158 203 1:0 31159
31158 68884 21:0 31211
31162 205 1:0 31163
31167 68959 21:0 31167
31194 207 1:0 31196
31195 68966 21:0 31195
31195 68965 21:0 31195
31195 68963 21:0 31195
31199 209 1:0 31207
31200 68967 21:0 31200
31202 68952 21:0 31202
31206 217 1:0 31206
31208 68978 21:0 31208
31210 213 1:0 31212
31210 68914 21:0 31216
31215 211 1:0 31217
31215 68915 21:0 31221
31216 68979 21:0 31216
31220 219 1:0 31231
31220 68916 21:0 31271
31223 68972 21:0 31223
31230 233 1:0 31230
31232 68991 21:0 31232
31234 221 1:0 31235
31238 223 1:0 31239
31243 68992 21:0 31243
31270 225 1:0 31272
31270 68917 21:0 31287
31271 68999 21:0 31271
31271 68996 21:0 31271
31271 68998 21:0 31271
31275 227 1:0 31283
31276 69000 21:0 31276
31278 68985 21:0 31278
31282 235 1:0 31282
31284 69011 21:0 31284
31286 231 1:0 31288
31286 68947 21:0 31297
31291 229 1:0 31293
31292 69012 21:0 31292
31296 237 1:0 31307
31296 68949 21:0 31347
31299 69005 21:0 31299
31306 251 1:0 31306
31308 69024 21:0 31308
31310 239 1:0 31311
31314 241 1:0 31315
31319 69025 21:0 31319
31346 243 1:0 31348
31346 68948 21:0 31363
31351 245 1:0 31359
31358 253 1:0 31358
31362 249 1:0 31364
31362 68950 21:0 31368
31367 247 1:0 31369
31367 68980 21:0 31375
31372 255 1:0 31383
31374 68981 21:0 31439
31382 269 1:0 31382
31386 257 1:0 31387
31390 259 1:0 31391
31422 261 1:0 31424
31427 263 1:0 31435
31434 271 1:0 31434
31438 267 1:0 31440
31438 68982 21:0 31444
31443 265 1:0 31445
31443 68983 21:0 31449
31448 68603 21:0 31449
31448 273 1:0 31459
31448 68604 21:0 31463
31449 69082 21:0 31449
31458 287 1:0 31458
31462 275 1:0 31463
31462 68600 21:0 31499
31466 277 1:0 31467
31498 279 1:0 31500
31498 69013 21:0 31515
31503 281 1:0 31511
31510 289 1:0 31510
31514 285 1:0 31516
31514 69015 21:0 31520
31517 69112 21:0 31517
31519 283 1:0 31521
31519 69014 21:0 31539
31522 69113 21:0 31522
31522 69114 21:0 31522
31524 291 1:0 31535
31525 69115 21:0 31525
31534 305 1:0 31534
31538 293 1:0 31539
31538 69016 21:0 31591
31542 295 1:0 31543
31574 297 1:0 31576
31579 299 1:0 31587
31586 307 1:0 31586
31590 303 1:0 31592
31590 69046 21:0 31596
31593 69145 21:0 31593
31595 301 1:0 31597
31595 69048 21:0 31601
31598 69146 21:0 31598
31598 69147 21:0 31598
31600 309 1:0 31611
31600 69047 21:0 31651
31601 69148 21:0 31601
31610 323 1:0 31610
31614 311 1:0 31615
31618 313 1:0 31619
31650 315 1:0 31652
31650 68609 21:0 31667
31655 317 1:0 31663
31662 325 1:0 31662
31666 68616 21:0 31667
31666 68636 21:0 31667
31666 68622 21:0 31667
31666 321 1:0 31668
31666 68633 21:0 31672
31669 69178 21:0 31669
31671 68635 21:0 31672
31671 68629 21:0 31672
31671 319 1:0 31673
31671 68642 21:0 31677
31674 69180 21:0 31674
31674 69179 21:0 31674
31676 68628 21:0 31677
31676 68648 21:0 31677
31676 329 1:0 31688
31676 68637 21:0 31692
31685 327 1:0 31685
31691 68638 21:0 31692
31691 69034 21:0 31692
31691 185 21:0 31692
31691 55381 1:0 31694
31691 68968 21:0 31697
31696 68779 21:0 31697
31696 91 21:0 31697
31696 163 21:0 31697
31696 235 21:0 31697
31696 35 21:0 31697
31696 145 21:0 31697
31696 68944 21:0 31697
31696 69056 21:0 31697
31696 271 21:0 31697
31696 68759 21:0 31697
31696 68660 21:0 31697
31696 68924 21:0 31697
31696 68713 21:0 31697
31696 68693 21:0 31697
31696 69010 21:0 31697
31696 68977 21:0 31697
31696 68680 21:0 31697
31696 68812 21:0 31697
31696 69089 21:0 31697
31696 68990 21:0 31697
31696 68627 21:0 31697
31696 69023 21:0 31697
31696 68911 21:0 31697
31696 68878 21:0 31697
31696 68726 21:0 31697
31696 68792 21:0 31697
31696 68825 21:0 31697
31696 68746 21:0 31697
31696 71 21:0 31697
31697 69191 21:0 31707
31706 55991 1:0 31708
31706 69049 21:0 31733
31713 55995 1:0 31713
31732 56007 1:0 31734
31732 69079 21:0 31741
31736 69179 1:0 31736
31737 69180 1:0 31737
31740 69080 21:0 31744
31743 56011 1:0 31745
31743 69081 21:0 31753
31747 69178 1:0 31747
31752 68662 21:0 31753
31752 68834 21:0 31753
31752 56014 1:0 31755
31752 68661 21:0 31778
31760 56019 1:0 31760
31777 68820 21:0 31813
31780 56032 1:0 31782
31812 68866 21:0 31832
31815 56041 1:0 31817
31824 56043 1:0 31827
31831 68831 21:0 31835
31834 56046 1:0 31837
31834 68807 21:0 31861
31842 56050 1:0 31842
31860 69148 1:0 31860
31860 68802 21:0 31861
31860 68760 21:0 31861
31860 68735 21:0 31864
31863 68702 21:0 31864
31863 68699 21:0 31864
31863 56064 1:0 31865
31863 68814 21:0 31872
31867 69146 1:0 31867
31868 69147 1:0 31868
31871 68688 21:0 31872
31871 68827 21:0 31872
31871 68879 21:0 31875
31874 68847 21:0 31875
31874 68694 21:0 31875
31874 56068 1:0 31876
31874 68793 21:0 31881
31878 69145 1:0 31878
31880 68682 21:0 31881
31880 68695 21:0 31881
31880 68813 21:0 31884
31883 68666 21:0 31884
31883 68860 21:0 31884
31883 56071 1:0 31886
31883 68736 21:0 31909
31891 56076 1:0 31891
31908 68835 21:0 31944
31911 56089 1:0 31913
31943 68649 21:0 31963
31946 56098 1:0 31948
31955 56100 1:0 31958
31962 68714 21:0 31966
31965 56103 1:0 31968
31965 68846 21:0 31992
31973 56107 1:0 31973
31991 69115 1:0 31991
31991 68867 21:0 31992
31991 68781 21:0 31992
31991 68767 21:0 31995
31994 68747 21:0 31995
31994 68769 21:0 31995
31994 56121 1:0 31996
31994 68721 21:0 32003
31998 69113 1:0 31998
31999 69114 1:0 31999
32002 68703 21:0 32003
32002 68780 21:0 32003
32002 68681 21:0 32006
32005 68748 21:0 32006
32005 68859 21:0 32006
32005 56103 21:0 32006
32005 56125 1:0 32007
32005 55381 21:0 32009
32008 68858 21:0 32009
32008 68845 21:0 32009
32008 68957 21:0 32009
32008 69193 21:0 32009
32008 69109 21:0 32009
32008 56107 21:0 32009
32008 56076 21:0 32009
32008 69043 21:0 32009
32008 56050 21:0 32009
32008 55995 21:0 32009
32008 327 21:0 32009
32008 68891 21:0 32009
32008 68647 21:0 32009
32008 56019 21:0 32009
32009 69112 1:0 32009
32009 56125 21:0 32012
32010 56155 1:0 32015
32010 56133 1:0 32015
32010 56146 1:0 32015
32010 69109 1:0 32015
32010 56128 1:0 32017
32010 56160 1:0 32033
32010 56157 1:0 32038
32010 56164 1:0 32038
32010 56413 1:0 32038
32010 69089 1:0 32038
32010 69081 1:0 32121
32010 56577 1:0 32132
32010 271 1:0 32150
32010 56190 1:0 32150
32010 56221 1:0 32169
32010 69056 1:0 32169
32010 56247 1:0 32277
32010 69043 1:0 32277
32010 69023 1:0 32295
32010 56278 1:0 32300
32010 56304 1:0 32412
32010 69010 1:0 32412
32010 235 1:0 32412
32010 56335 1:0 32431
32010 68990 1:0 32431
32010 56361 1:0 32543
32010 68977 1:0 32543
32010 56392 1:0 32562
32010 68957 1:0 32562
32010 68944 1:0 32674
32010 56418 1:0 32674
32010 56449 1:0 32693
32010 68924 1:0 32693
32010 68911 1:0 32801
32010 56475 1:0 32801
32010 68891 1:0 32824
32010 56506 1:0 32824
32010 56532 1:0 32936
32010 68878 1:0 32936
32010 163 1:0 32936
32010 56563 1:0 32955
32010 68858 1:0 32955
32010 68845 1:0 33067
32010 56589 1:0 33067
32010 145 1:0 33067
32010 56620 1:0 33086
32010 68825 1:0 33086
32010 68812 1:0 33194
32010 56646 1:0 33194
32010 68792 1:0 33212
32010 56677 1:0 33217
32010 56703 1:0 33325
32010 68779 1:0 33325
32010 56734 1:0 33348
32010 68759 1:0 33348
32010 91 1:0 33460
32010 56760 1:0 33460
32011 56064 21:0 32012
32011 56121 21:0 32012
32011 56071 21:0 32012
32011 56068 21:0 32012
32011 56014 21:0 32015
32013 69080 1:0 32128
32014 56089 21:0 32015
32014 56046 21:0 32015
32014 317 21:0 32015
32014 321 21:0 32015
32014 56100 21:0 32015
32014 319 21:0 32015
32014 56007 21:0 32015
32014 56011 21:0 32015
32014 56098 21:0 32015
32014 56043 21:0 32019
32016 56178 1:0 32127
32016 56748 1:0 32132
32016 56584 1:0 32132
32016 56182 1:0 32138
32016 69079 1:0 32139
32016 56212 1:0 32146
32016 56203 1:0 32150
32016 56214 1:0 32150
32016 56269 1:0 32277
32018 325 21:0 32019
32018 69076 21:0 32019
32018 199 21:0 32019
32018 127 21:0 32019
32018 217 21:0 32019
32018 305 21:0 32019
32018 323 21:0 32019
32018 197 21:0 32019
32018 125 21:0 32019
32018 73 21:0 32019
32018 307 21:0 32019
32018 107 21:0 32019
32018 37 21:0 32019
32018 251 21:0 32019
32018 161 21:0 32019
32018 109 21:0 32019
32018 253 21:0 32019
32018 55 21:0 32019
32018 181 21:0 32019
32018 179 21:0 32019
32018 215 21:0 32019
32018 53 21:0 32019
32018 233 21:0 32019
32018 89 21:0 32019
32018 269 21:0 32019
32018 143 21:0 32019
32018 287 21:0 32019
32018 56809 1:0 32141
32019 56128 21:0 32040
32020 287 1:0 32038
32020 69076 1:0 32150
32020 269 1:0 32169
32020 253 1:0 32277
32020 251 1:0 32295
32020 233 1:0 32429
32020 217 1:0 32543
32020 215 1:0 32562
32020 199 1:0 32674
32020 197 1:0 32693
32020 181 1:0 32801
32020 179 1:0 32824
32020 161 1:0 32955
32020 143 1:0 33086
32020 127 1:0 33194
32020 125 1:0 33217
32020 109 1:0 33325
32020 107 1:0 33348
32021 56638 1:0 32141
32038 69049 1:0 32169
32039 301 21:0 32043
32042 303 21:0 32043
32042 299 21:0 32078
32044 56217 1:0 32169
32049 56185 1:0 32148
32049 56919 1:0 32169
32049 56812 1:0 32169
32049 56235 1:0 32258
32049 56353 1:0 32263
32077 283 21:0 32094
32090 69034 1:0 32300
32090 68968 1:0 32562
32093 285 21:0 32094
32093 281 21:0 32097
32096 329 21:0 32097
32096 56157 21:0 32097
32096 56146 21:0 32097
32096 56155 21:0 32097
32096 55991 21:0 32097
32096 56041 21:0 32097
32096 56032 21:0 32097
32096 68671 21:0 32099
32098 289 21:0 32099
32098 56133 21:0 32099
32098 69067 21:0 32099
32098 69047 1:0 32252
32100 69067 1:0 32146
32101 56160 21:0 32118
32103 56274 1:0 32277
32103 56271 1:0 32300
32117 315 21:0 32123
32122 69082 1:0 32122
32122 77 21:0 32123
32122 68869 21:0 32123
32122 239 21:0 32123
32122 221 21:0 32123
32122 187 21:0 32123
32122 149 21:0 32123
32122 151 21:0 32123
32122 297 21:0 32123
32122 97 21:0 32123
32122 313 21:0 32123
32122 309 21:0 32123
32122 25 21:0 32123
32122 133 21:0 32123
32122 23 21:0 32123
32122 311 21:0 32123
32122 259 21:0 32123
32122 79 21:0 32123
32122 223 21:0 32123
32122 257 21:0 32123
32122 167 21:0 32123
32122 287 21:0 32123
32122 56164 21:0 32123
32122 131 21:0 32123
32122 291 21:0 32123
32122 277 21:0 32123
32122 169 21:0 32123
32122 43 21:0 32123
32122 203 21:0 32123
32122 68803 21:0 32123
32122 113 21:0 32123
32122 95 21:0 32123
32122 41 21:0 32123
32122 275 21:0 32123
32122 279 21:0 32123
32122 205 21:0 32123
32122 68770 21:0 32123
32122 68737 21:0 32123
32122 293 21:0 32123
32122 68935 21:0 32123
32122 61 21:0 32123
32122 273 21:0 32123
32122 68902 21:0 32123
32122 241 21:0 32123
32122 295 21:0 32123
32122 115 21:0 32123
32122 75 21:0 32123
32122 68704 21:0 32123
32122 147 21:0 32123
32122 39 21:0 32123
32122 261 21:0 32123
32122 27 21:0 32123
32122 165 21:0 32123
32122 111 21:0 32123
32122 183 21:0 32123
32122 153 21:0 32126
32124 261 1:0 32141
32124 257 1:0 32146
32124 259 1:0 32146
32124 241 1:0 32277
32124 239 1:0 32277
32124 221 1:0 32408
32125 201 21:0 32126
32125 135 21:0 32126
32125 57 21:0 32126
32125 237 21:0 32126
32127 237 1:0 32272
32129 56178 21:0 32134
32131 69048 1:0 32260
32132 56406 1:0 32263
32132 56299 1:0 32263
32132 56239 1:0 32269
32132 69046 1:0 32270
32132 56296 1:0 32272
32132 56292 1:0 32272
32132 56242 1:0 32279
32132 56260 1:0 32295
32132 56328 1:0 32408
32132 223 1:0 32408
32132 56331 1:0 32412
32132 56326 1:0 32412
32132 56317 1:0 32431
32132 203 1:0 32539
32133 265 21:0 32134
32140 56182 21:0 32143
32141 68859 1:0 32300
32141 69016 1:0 32300
32142 267 21:0 32143
32144 69014 1:0 32383
32147 56755 1:0 32403
32150 56185 21:0 32171
32152 69015 1:0 32391
32158 68746 1:0 33460
32159 89 1:0 33479
32159 56791 1:0 33479
32167 68681 1:0 32394
32168 68748 1:0 32394
32168 68703 1:0 32403
32169 68726 1:0 33479
32170 263 21:0 32174
32173 271 21:0 32174
32173 56190 21:0 32174
32177 56203 21:0 32206
32180 56349 1:0 32431
32180 68780 1:0 32431
32180 201 1:0 32534
32180 68935 1:0 32670
32180 56817 1:0 33591
32180 68713 1:0 33591
32180 73 1:0 33591
32205 261 21:0 32209
32212 56212 21:0 32215
32214 259 21:0 32215
32222 56214 21:0 32225
32224 257 21:0 32225
32232 56217 21:0 32249
32248 255 21:0 32254
32253 269 21:0 32254
32253 56221 21:0 32254
32260 56235 21:0 32265
32262 69013 1:0 32401
32263 68983 1:0 32431
32263 68747 1:0 32525
32263 68721 1:0 32525
32263 68769 1:0 32534
32263 56467 1:0 32534
32264 247 21:0 32265
32271 56239 21:0 32274
32272 68982 1:0 32514
32272 68981 1:0 32521
32273 249 21:0 32274
32278 68980 1:0 32532
32280 56383 1:0 32539
32280 205 1:0 32539
32280 56385 1:0 32543
32280 56388 1:0 32543
32280 56374 1:0 32562
32280 183 1:0 32665
32280 56442 1:0 32670
32281 56242 21:0 32302
32283 71 1:0 33610
32283 56848 1:0 33610
32299 68950 1:0 32562
32300 68693 1:0 33610
32301 245 21:0 32305
32304 56247 21:0 32305
32304 253 21:0 32305
32308 56260 21:0 32337
32311 56356 1:0 32541
32311 68767 1:0 32562
32311 185 1:0 32670
32311 187 1:0 32670
32311 56440 1:0 32674
32311 167 1:0 32801
32311 68902 1:0 32801
32311 55 1:0 33718
32311 56874 1:0 33718
32311 68680 1:0 33718
32336 69025 1:0 32336
32336 243 21:0 32340
32343 56269 21:0 32346
32345 241 21:0 32346
32353 56271 21:0 32356
32355 239 21:0 32356
32363 69024 1:0 32363
32363 56274 21:0 32380
32379 237 21:0 32385
32384 56278 21:0 32385
32384 251 21:0 32385
32391 56292 21:0 32396
32393 68948 1:0 32645
32394 68949 1:0 32653
32394 68781 1:0 32656
32394 68867 1:0 32656
32394 56410 1:0 32662
32394 68846 1:0 32665
32395 69012 1:0 32395
32395 229 21:0 32396
32402 56296 21:0 32405
32403 68947 1:0 32663
32403 68917 1:0 32693
32404 231 21:0 32405
32406 68714 1:0 32693
32409 56445 1:0 32674
32409 56431 1:0 32693
32409 56463 1:0 32693
32409 165 1:0 32796
32409 56497 1:0 32801
32409 169 1:0 32801
32409 56488 1:0 32801
32409 56499 1:0 32824
32409 68869 1:0 32932
32409 56556 1:0 32932
32409 53 1:0 33741
32409 56905 1:0 33741
32409 68660 1:0 33741
32409 37 1:0 33853
32409 68647 1:0 33853
32409 56931 1:0 33853
32412 69011 1:0 32412
32412 56299 21:0 32433
32417 69005 1:0 32417
32429 68916 1:0 32776
32432 69000 1:0 32432
32432 227 21:0 32436
32435 235 21:0 32436
32435 56304 21:0 32436
32439 56317 21:0 32468
32441 68999 1:0 32441
32441 68996 1:0 32441
32441 68998 1:0 32441
32442 68915 1:0 32783
32467 68992 1:0 32467
32467 225 21:0 32471
32474 56326 21:0 32477
32476 223 21:0 32477
32484 56328 21:0 32487
32486 221 21:0 32487
32494 68991 1:0 32494
32494 56331 21:0 32511
32499 68985 1:0 32499
32510 219 21:0 32516
32515 233 21:0 32516
32515 56335 21:0 32516
32522 56349 21:0 32527
32524 68835 1:0 32787
32524 68649 1:0 32787
32524 56470 1:0 32796
32524 68736 1:0 32796
32525 68914 1:0 32794
32525 68884 1:0 32824
32526 68979 1:0 32526
32526 211 21:0 32527
32533 56353 21:0 32536
32534 56502 1:0 32819
32534 68860 1:0 32824
32534 56520 1:0 32824
32534 68882 1:0 32907
32534 68847 1:0 32918
32534 68813 1:0 32918
32534 153 1:0 32927
32534 147 1:0 32927
32534 56545 1:0 32936
32535 213 21:0 32536
32540 68883 1:0 32915
32542 56524 1:0 32924
32543 68978 1:0 32543
32543 56356 21:0 32564
32545 68627 1:0 33872
32548 68972 1:0 32548
32561 68881 1:0 32925
32562 56962 1:0 33872
32562 35 1:0 33872
32563 68967 1:0 32563
32563 209 21:0 32567
32566 217 21:0 32567
32566 56361 21:0 32567
32570 56374 21:0 32599
32572 68966 1:0 32572
32572 68965 1:0 32572
32572 68963 1:0 32572
32573 68879 1:0 32927
32573 149 1:0 32932
32573 151 1:0 32932
32573 56527 1:0 32934
32573 56554 1:0 32936
32573 56611 1:0 33063
32573 68803 1:0 33217
32573 56988 1:0 33978
32573 19 1:0 33978
32598 68959 1:0 32598
32598 207 21:0 32602
32605 56383 21:0 32608
32607 205 21:0 32608
32615 56385 21:0 32618
32617 203 21:0 32618
32625 68958 1:0 32625
32625 56388 21:0 32642
32630 68952 1:0 32630
32641 201 21:0 32647
32646 56392 21:0 32647
32646 215 21:0 32647
32653 56406 21:0 32658
32655 68851 1:0 32955
32656 68866 1:0 32955
32656 56559 1:0 32955
32656 68849 1:0 33038
32656 68827 1:0 33049
32656 68831 1:0 33049
32656 135 1:0 33058
32656 133 1:0 33063
32656 131 1:0 33063
32656 56602 1:0 33067
32656 56613 1:0 33067
32656 56668 1:0 33194
32657 68946 1:0 32657
32657 193 21:0 32658
32664 56410 21:0 32667
32665 68850 1:0 33046
32665 68848 1:0 33056
32666 195 21:0 32667
32668 68820 1:0 33058
32671 56581 1:0 33055
32674 68945 1:0 32674
32674 56413 21:0 32695
32676 68818 1:0 33086
32679 68939 1:0 32679
32682 68614 1:0 33989
32683 17 1:0 34066
32683 57019 1:0 34069
32691 56634 1:0 33086
32691 56616 1:0 33086
32691 111 1:0 33189
32691 115 1:0 33194
32691 113 1:0 33194
32691 56659 1:0 33194
32691 68770 1:0 33325
32691 68594 1:0 34071
32692 68834 1:0 33086
32692 68814 1:0 33180
32694 68934 1:0 32694
32694 191 21:0 32698
32697 56418 21:0 32698
32697 199 21:0 32698
32701 56431 21:0 32730
32703 68933 1:0 32703
32703 68930 1:0 32703
32703 68932 1:0 32703
32704 68793 1:0 33180
32704 56641 1:0 33189
32729 68926 1:0 32729
32729 189 21:0 32733
32736 56440 21:0 32739
32746 56442 21:0 32749
32756 68925 1:0 32756
32756 56445 21:0 32773
32761 68919 1:0 32761
32772 56449 21:0 32773
32784 56463 21:0 32789
32786 68816 1:0 33169
32787 68817 1:0 33177
32787 68802 1:0 33189
32787 68807 1:0 33202
32787 56673 1:0 33212
32787 56670 1:0 33217
32787 56691 1:0 33217
32787 97 1:0 33325
32787 95 1:0 33325
32787 56725 1:0 33325
32787 56727 1:0 33348
32787 77 1:0 33456
32787 68737 1:0 33479
32788 68913 1:0 32788
32795 56467 21:0 32798
32796 68815 1:0 33187
32796 68785 1:0 33217
32804 68783 1:0 33300
32805 68912 1:0 32805
32805 56470 21:0 32826
32807 68695 1:0 33311
32810 68906 1:0 32810
32825 68901 1:0 32825
32825 56475 21:0 32826
32832 56488 21:0 32861
32834 68897 1:0 32834
32834 68899 1:0 32834
32834 68900 1:0 32834
32835 68784 1:0 33308
32860 68893 1:0 32860
32867 56497 21:0 32870
32877 56499 21:0 32880
32887 68892 1:0 32887
32887 56502 21:0 32904
32892 68886 1:0 32892
32903 56506 21:0 32904
32915 56520 21:0 32920
32917 68666 1:0 33311
32917 56695 1:0 33317
32917 68682 1:0 33320
32917 56698 1:0 33327
32918 68782 1:0 33318
32918 68752 1:0 33348
32919 68880 1:0 32919
32926 56524 21:0 32929
32927 56716 1:0 33325
32927 56730 1:0 33343
32927 68760 1:0 33348
32927 68751 1:0 33431
32927 68694 1:0 33442
32927 68688 1:0 33442
32927 75 1:0 33451
32927 56773 1:0 33456
32933 68750 1:0 33438
32936 56527 21:0 32957
32941 68873 1:0 32941
32954 68749 1:0 33449
32956 68868 1:0 32956
32956 56532 21:0 32957
32963 56545 21:0 32992
32965 68864 1:0 32965
32966 56752 1:0 33448
32966 79 1:0 33456
32966 56784 1:0 33456
32966 56782 1:0 33460
32966 56787 1:0 33479
32966 56805 1:0 33479
32966 61 1:0 33587
32966 56839 1:0 33587
32966 56841 1:0 33591
32966 68704 1:0 33608
32998 56554 21:0 33001
33008 56556 21:0 33011
33018 56559 21:0 33035
33023 68853 1:0 33023
33034 56563 21:0 33035
33046 56577 21:0 33051
33048 68699 1:0 33451
33048 68735 1:0 33479
33048 68661 1:0 33573
33049 68719 1:0 33479
33049 68717 1:0 33562
33057 56581 21:0 33060
33058 68718 1:0 33570
33058 68702 1:0 33573
33058 56923 1:0 33582
33058 68662 1:0 33582
33058 57 1:0 33587
33058 56830 1:0 33591
33058 56844 1:0 33610
33058 56862 1:0 33610
33058 39 1:0 33713
33064 68716 1:0 33580
33067 56584 21:0 33088
33072 68840 1:0 33072
33085 68686 1:0 33610
33087 56589 21:0 33088
33094 56602 21:0 33123
33096 68833 1:0 33096
33097 68637 1:0 33610
33097 43 1:0 33718
33097 68671 1:0 33718
33097 41 1:0 33718
33097 56901 1:0 33718
33097 56896 1:0 33718
33097 56898 1:0 33741
33097 68638 1:0 33849
33129 56611 21:0 33132
33139 56613 21:0 33142
33149 68826 1:0 33149
33149 56616 21:0 33166
33165 56620 21:0 33166
33177 56634 21:0 33182
33179 68685 1:0 33693
33180 68684 1:0 33700
33180 68648 1:0 33704
33180 68628 1:0 33704
33180 68642 1:0 33713
33188 56638 21:0 33191
33189 56866 1:0 33710
33189 68683 1:0 33711
33192 68653 1:0 33741
33195 56869 1:0 33720
33195 56887 1:0 33736
33195 68629 1:0 33741
33195 68635 1:0 33835
33195 27 1:0 33844
33195 56958 1:0 33853
33198 56641 21:0 33219
33216 68651 1:0 33824
33218 56646 21:0 33219
33225 56659 21:0 33254
33227 68798 1:0 33227
33227 68801 1:0 33227
33227 68800 1:0 33227
33228 68633 1:0 33835
33228 56926 1:0 33844
33253 68794 1:0 33253
33260 56668 21:0 33263
33270 56670 21:0 33273
33280 56673 21:0 33297
33285 68787 1:0 33285
33296 56677 21:0 33297
33308 56691 21:0 33313
33310 68652 1:0 33832
33311 68650 1:0 33842
33311 68622 1:0 33844
33311 56953 1:0 33849
33311 25 1:0 33849
33311 23 1:0 33849
33311 56955 1:0 33853
33311 56944 1:0 33872
33311 68636 1:0 33872
33311 56976 1:0 33872
33311 57001 1:0 33978
33311 7 1:0 33998
33311 68605 1:0 33998
33311 57010 1:0 34003
33311 5 1:0 34049
33319 56695 21:0 33322
33320 68620 1:0 33872
33320 68619 1:0 33955
33328 68618 1:0 33962
33329 56698 21:0 33350
33331 343 1:0 33966
33334 68774 1:0 33334
33346 68616 1:0 33966
33347 56980 1:0 33972
33347 68609 1:0 33975
33349 56703 21:0 33350
33356 56716 21:0 33385
33358 68768 1:0 33358
33358 68765 1:0 33358
33359 68604 1:0 33978
33359 57012 1:0 34054
33359 3 1:0 34057
33359 57015 1:0 34064
33384 68761 1:0 33384
33391 56725 21:0 33394
33401 56727 21:0 33404
33411 56730 21:0 33428
33416 68754 1:0 33416
33427 56734 21:0 33428
33439 56748 21:0 33444
33441 68617 1:0 33973
33442 68600 1:0 33978
33442 56983 1:0 33978
33442 68615 1:0 33983
33442 68603 1:0 34003
33442 68602 1:0 34003
33442 68596 1:0 34038
33442 342 1:0 34057
33442 189 1:0 34893
33450 56752 21:0 33453
33451 68595 1:0 34065
33460 56755 21:0 33481
33465 68741 1:0 33465
33480 56760 21:0 33481
33487 56773 21:0 33516
33489 68732 1:0 33489
33489 68734 1:0 33489
33515 68728 1:0 33515
33522 56782 21:0 33525
33532 56784 21:0 33535
33542 68727 1:0 33542
33542 56787 21:0 33559
33558 56791 21:0 33559
33570 56805 21:0 33575
33574 68715 1:0 33574
33581 56809 21:0 33584
33591 56812 21:0 33612
33596 68708 1:0 33596
33611 56817 21:0 33612
33618 56830 21:0 33647
33620 68701 1:0 33620
33653 56839 21:0 33656
33663 56841 21:0 33666
33673 56844 21:0 33690
33689 56848 21:0 33690
33701 56862 21:0 33706
33712 56866 21:0 33715
33722 56869 21:0 33743
33727 68675 1:0 33727
33742 68670 1:0 33742
33742 56874 21:0 33743
33749 56887 21:0 33778
33751 68668 1:0 33751
33751 68669 1:0 33751
33784 56896 21:0 33787
33794 56898 21:0 33797
33804 56901 21:0 33821
33809 68655 1:0 33809
33820 56905 21:0 33821
33832 56919 21:0 33837
33843 56923 21:0 33846
33853 56926 21:0 33874
33873 56931 21:0 33874
33880 56944 21:0 33909
33915 56953 21:0 33918
33925 56955 21:0 33928
33935 56958 21:0 33952
33951 56962 21:0 33952
33963 56976 21:0 33968
33974 56980 21:0 33977
33984 56983 21:0 34005
34004 56988 21:0 34005
34011 57001 21:0 34040
34046 57010 21:0 34049
34056 57012 21:0 34059
34066 57015 21:0 34083
34082 57019 21:0 34083
34092 70245 21:0 34093
34093 70246 21:0 34104
34103 17 21:0 34104
34103 5 21:0 34104
34103 3 21:0 34104
34104 70247 21:0 34132
34131 342 21:0 34137
34136 70256 21:0 34137
34136 7 21:0 34137
34139 343 21:0 34148
34147 19 21:0 34148
34147 70254 21:0 34148
34147 70255 21:0 34148
34147 70265 21:0 34148
34150 70268 21:0 34158
34157 70270 21:0 34208
34207 70269 21:0 34224
34223 70271 21:0 34229
34228 70301 21:0 34248
34245 70312 21:0 34245
34247 70302 21:0 34300
34256 70313 21:0 34256
34291 70306 21:0 34291
34297 70332 21:0 34297
34299 70303 21:0 34305
34304 70304 21:0 34310
34305 70333 21:0 34305
34309 70334 21:0 34360
34321 70345 21:0 34321
34332 70346 21:0 34332
34359 70336 21:0 34381
34365 70354 21:0 34365
34380 70335 21:0 34386
34385 70337 21:0 34436
34397 70378 21:0 34397
34435 70367 21:0 34452
34436 70386 21:0 34436
34441 70387 21:0 34441
34449 70398 21:0 34449
34451 70368 21:0 34457
34456 70369 21:0 34476
34464 70392 21:0 34464
34475 70370 21:0 34528
34512 70418 21:0 34512
34512 70416 21:0 34512
34527 70400 21:0 34533
34532 70402 21:0 34538
34537 70401 21:0 34593
34549 70444 21:0 34549
34588 70449 21:0 34588
34588 70451 21:0 34588
34588 70452 21:0 34588
34592 70403 21:0 34609
34593 70453 21:0 34593
34608 70433 21:0 34614
34613 70435 21:0 34664
34616 70458 21:0 34616
34625 70477 21:0 34625
34663 70434 21:0 34680
34664 70485 21:0 34664
34664 70482 21:0 34664
34671 70471 21:0 34671
34677 70497 21:0 34677
34679 70436 21:0 34685
34684 70466 21:0 34704
34685 70498 21:0 34685
34703 70468 21:0 34756
34740 70518 21:0 34740
34740 70517 21:0 34740
34745 70519 21:0 34745
34755 70467 21:0 34761
34760 70469 21:0 34766
34761 70531 21:0 34761
34765 70499 21:0 34816
34777 70543 21:0 34777
34788 70544 21:0 34788
34815 70501 21:0 34832
34816 70551 21:0 34816
34816 70550 21:0 34816
34816 70548 21:0 34816
34821 70552 21:0 34821
34823 70537 21:0 34823
34829 70563 21:0 34829
34831 70500 21:0 34842
34837 70564 21:0 34837
34841 70502 21:0 34892
34844 70557 21:0 34844
34853 70576 21:0 34853
34864 70577 21:0 34864
34891 70532 21:0 34908
34892 70581 21:0 34892
34892 70583 21:0 34892
34892 70584 21:0 34892
34893 199 1:0 34903
34893 191 1:0 34904
34897 70585 21:0 34897
34899 70570 21:0 34899
34905 70596 21:0 34905
34907 195 1:0 34909
34907 70534 21:0 34913
34912 193 1:0 34914
34912 70533 21:0 34932
34913 70597 21:0 34913
34917 201 1:0 34928
34920 70590 21:0 34920
34927 215 1:0 34927
34929 70609 21:0 34929
34931 203 1:0 34932
34931 70535 21:0 34984
34935 205 1:0 34936
34940 70610 21:0 34940
34967 207 1:0 34969
34968 70614 21:0 34968
34968 70617 21:0 34968
34968 70616 21:0 34968
34972 209 1:0 34980
34973 70618 21:0 34973
34975 70603 21:0 34975
34979 217 1:0 34979
34981 70629 21:0 34981
34983 213 1:0 34985
34983 70565 21:0 34989
34988 211 1:0 34990
34988 70566 21:0 34994
34989 70630 21:0 34989
34993 219 1:0 35004
34993 70567 21:0 35044
34996 70623 21:0 34996
35003 233 1:0 35003
35005 70642 21:0 35005
35007 221 1:0 35008
35011 223 1:0 35012
35016 70643 21:0 35016
35043 225 1:0 35045
35043 70568 21:0 35060
35044 70649 21:0 35044
35044 70647 21:0 35044
35044 70650 21:0 35044
35048 227 1:0 35056
35049 70651 21:0 35049
35051 70636 21:0 35051
35055 235 1:0 35055
35057 70662 21:0 35057
35059 231 1:0 35061
35059 70598 21:0 35070
35064 229 1:0 35066
35065 70663 21:0 35065
35069 237 1:0 35080
35069 70600 21:0 35120
35072 70656 21:0 35072
35079 251 1:0 35079
35081 70675 21:0 35081
35083 239 1:0 35084
35087 241 1:0 35088
35092 70676 21:0 35092
35119 243 1:0 35121
35119 70599 21:0 35136
35124 245 1:0 35132
35131 253 1:0 35131
35135 249 1:0 35137
35135 70601 21:0 35141
35140 247 1:0 35142
35140 70631 21:0 35146
35145 255 1:0 35156
35145 70632 21:0 35212
35155 269 1:0 35155
35159 257 1:0 35160
35163 259 1:0 35164
35195 261 1:0 35197
35200 263 1:0 35208
35207 271 1:0 35207
35211 267 1:0 35213
35211 70633 21:0 35217
35216 265 1:0 35218
35216 70634 21:0 35222
35221 70253 21:0 35222
35221 273 1:0 35232
35221 70251 21:0 35236
35222 70733 21:0 35222
35231 287 1:0 35231
35235 275 1:0 35236
35235 70266 21:0 35272
35239 277 1:0 35240
35271 279 1:0 35273
35271 70664 21:0 35288
35276 281 1:0 35284
35283 289 1:0 35283
35287 285 1:0 35289
35287 70665 21:0 35293
35290 70763 21:0 35290
35292 283 1:0 35294
35292 70666 21:0 35312
35295 70764 21:0 35295
35295 70765 21:0 35295
35297 291 1:0 35308
35298 70766 21:0 35298
35307 305 1:0 35307
35311 293 1:0 35312
35311 70667 21:0 35364
35315 295 1:0 35316
35347 297 1:0 35349
35352 299 1:0 35360
35359 307 1:0 35359
35363 303 1:0 35365
35363 70697 21:0 35369
35366 70796 21:0 35366
35368 301 1:0 35370
35368 70699 21:0 35374
35371 70797 21:0 35371
35371 70798 21:0 35371
35373 309 1:0 35384
35373 70698 21:0 35424
35374 70799 21:0 35374
35383 323 1:0 35383
35387 311 1:0 35388
35391 313 1:0 35392
35423 315 1:0 35425
35423 70260 21:0 35431
35428 317 1:0 35436
35430 70267 21:0 35440
35435 325 1:0 35435
35439 70279 21:0 35440
35439 70299 21:0 35440
35439 321 1:0 35441
35439 70273 21:0 35445
35442 70829 21:0 35442
35444 70287 21:0 35445
35444 70293 21:0 35445
35444 319 1:0 35446
35444 70280 21:0 35450
35447 70830 21:0 35447
35447 70831 21:0 35447
35449 70284 21:0 35450
35449 70286 21:0 35450
35449 329 1:0 35461
35449 70288 21:0 35465
35458 327 1:0 35458
35464 70619 21:0 35465
35464 95 21:0 35465
35464 70586 21:0 35465
35464 55381 1:0 35467
35464 70388 21:0 35470
35469 70520 21:0 35470
35469 215 21:0 35470
35469 70661 21:0 35470
35469 70476 21:0 35470
35469 70344 21:0 35470
35469 70443 21:0 35470
35469 70278 21:0 35470
35469 70377 21:0 35470
35469 70463 21:0 35470
35469 70410 21:0 35470
35469 107 21:0 35470
35469 55 21:0 35470
35469 145 21:0 35470
35470 70842 21:0 35480
35479 55991 1:0 35481
35479 70700 21:0 35506
35486 55995 1:0 35486
35505 56007 1:0 35507
35505 70730 21:0 35514
35509 70830 1:0 35509
35510 70831 1:0 35510
35513 70731 21:0 35517
35516 56011 1:0 35518
35516 70732 21:0 35526
35520 70829 1:0 35520
35525 70399 21:0 35526
35525 70515 21:0 35526
35525 56014 1:0 35528
35525 70465 21:0 35551
35533 56019 1:0 35533
35550 70524 21:0 35586
35553 56032 1:0 35555
35585 70326 21:0 35605
35588 56041 1:0 35590
35597 56043 1:0 35600
35604 70445 21:0 35608
35607 56046 1:0 35610
35607 70420 21:0 35634
35615 56050 1:0 35615
35633 70799 1:0 35633
35633 70359 21:0 35634
35633 70484 21:0 35634
35633 70491 21:0 35637
35636 70412 21:0 35637
35636 70411 21:0 35637
35636 56064 1:0 35638
35636 70366 21:0 35645
35640 70797 1:0 35640
35641 70798 1:0 35641
35644 70464 21:0 35645
35644 70339 21:0 35645
35644 70300 21:0 35648
35647 70432 21:0 35648
35647 70372 21:0 35648
35647 56068 1:0 35649
35647 70320 21:0 35654
35651 70796 1:0 35651
35653 70365 21:0 35654
35653 70504 21:0 35654
35653 70510 21:0 35657
35656 70352 21:0 35657
35656 70438 21:0 35657
35656 56071 1:0 35659
35656 70419 21:0 35682
35664 56076 1:0 35664
35681 70319 21:0 35717
35684 56089 1:0 35686
35716 70511 21:0 35736
35719 56098 1:0 35721
35728 56100 1:0 35731
35735 70353 21:0 35739
35738 56103 1:0 35741
35738 70425 21:0 35765
35746 56107 1:0 35746
35764 70766 1:0 35764
35764 70478 21:0 35765
35764 70379 21:0 35765
35764 70405 21:0 35768
35767 70350 21:0 35768
35767 70383 21:0 35768
35767 56121 1:0 35769
35767 70530 21:0 35776
35771 70764 1:0 35771
35772 70765 1:0 35772
35775 70317 21:0 35776
35775 70486 21:0 35776
35775 70321 21:0 35779
35778 56103 21:0 35779
35778 70431 21:0 35779
35778 70385 21:0 35779
35778 56125 1:0 35780
35778 56100 21:0 35782
35781 91 21:0 35782
35781 56107 21:0 35782
35781 53 21:0 35782
35781 73 21:0 35782
35781 217 21:0 35782
35781 179 21:0 35782
35781 271 21:0 35782
35781 251 21:0 35782
35781 305 21:0 35782
35781 197 21:0 35782
35781 269 21:0 35782
35781 323 21:0 35782
35781 109 21:0 35782
35781 199 21:0 35782
35781 56076 21:0 35782
35781 325 21:0 35782
35781 307 21:0 35782
35781 327 21:0 35782
35781 70844 21:0 35782
35781 70674 21:0 35782
35781 70727 21:0 35782
35781 55995 21:0 35782
35781 56050 21:0 35782
35781 56019 21:0 35782
35781 125 21:0 35782
35782 70763 1:0 35782
35782 56125 21:0 35785
35783 56155 1:0 35788
35783 56128 1:0 35790
35783 56133 1:0 35792
35783 56157 1:0 35792
35783 56146 1:0 35792
35783 56178 1:0 35811
35783 56164 1:0 35811
35783 56160 1:0 35811
35783 70732 1:0 35894
35783 56182 1:0 35905
35783 271 1:0 35922
35783 70727 1:0 35922
35783 56190 1:0 35922
35783 56214 1:0 35922
35783 56221 1:0 35939
35783 269 1:0 35939
35783 56247 1:0 36054
35783 251 1:0 36073
35783 70674 1:0 36073
35783 56278 1:0 36073
35783 56304 1:0 36188
35783 70661 1:0 36189
35783 56335 1:0 36204
35783 217 1:0 36316
35783 56361 1:0 36316
35783 70619 1:0 36335
35783 215 1:0 36335
35783 56392 1:0 36335
35783 199 1:0 36447
35783 56418 1:0 36447
35783 197 1:0 36465
35783 56449 1:0 36465
35783 56475 1:0 36581
35783 179 1:0 36597
35783 56506 1:0 36597
35783 56532 1:0 36705
35783 56563 1:0 36728
35783 56589 1:0 36840
35783 145 1:0 36840
35783 70476 1:0 36859
35783 56620 1:0 36859
35783 56646 1:0 36967
35783 70463 1:0 36967
35783 70443 1:0 36990
35783 56677 1:0 36990
35783 125 1:0 36990
35783 109 1:0 37102
35783 56703 1:0 37102
35783 107 1:0 37121
35783 56734 1:0 37121
35783 91 1:0 37229
35783 56760 1:0 37229
35784 56064 21:0 35785
35784 56068 21:0 35785
35784 56071 21:0 35785
35784 56121 21:0 35785
35784 56014 21:0 35788
35786 70731 1:0 35901
35787 56007 21:0 35788
35787 56046 21:0 35788
35787 317 21:0 35788
35787 56043 21:0 35788
35787 321 21:0 35788
35787 56098 21:0 35788
35787 319 21:0 35788
35787 56011 21:0 35788
35787 56089 21:0 35788
35787 56041 21:0 35792
35789 56185 1:0 35905
35789 56869 1:0 35905
35789 56235 1:0 35905
35789 70730 1:0 35912
35789 56866 1:0 35914
35789 56203 1:0 35922
35789 56212 1:0 35922
35789 56269 1:0 36050
35791 70509 21:0 35792
35791 70740 21:0 35792
35791 70331 21:0 35792
35791 70707 21:0 35792
35791 233 21:0 35792
35791 70575 21:0 35792
35791 70430 21:0 35792
35791 70641 21:0 35792
35791 70529 21:0 35792
35791 70608 21:0 35792
35791 70542 21:0 35792
35791 70311 21:0 35792
35791 70298 21:0 35792
35791 70562 21:0 35792
35791 70628 21:0 35792
35791 70397 21:0 35792
35791 70595 21:0 35792
35791 70496 21:0 35792
35791 235 21:0 35792
35791 37 21:0 35792
35791 89 21:0 35792
35791 35 21:0 35792
35791 71 21:0 35792
35791 287 21:0 35792
35791 163 21:0 35792
35791 253 21:0 35792
35791 161 21:0 35792
35791 127 21:0 35792
35791 181 21:0 35792
35791 143 21:0 35792
35791 56353 1:0 35914
35792 56128 21:0 35813
35793 70740 1:0 35811
35793 287 1:0 35811
35793 70707 1:0 35939
35793 253 1:0 36054
35793 235 1:0 36184
35793 70641 1:0 36204
35793 233 1:0 36204
35793 70628 1:0 36316
35793 70608 1:0 36335
35793 70595 1:0 36447
35793 70575 1:0 36465
35793 181 1:0 36577
35793 70562 1:0 36582
35793 70542 1:0 36597
35793 163 1:0 36705
35793 70529 1:0 36705
35793 70509 1:0 36728
35793 161 1:0 36728
35793 70496 1:0 36840
35793 143 1:0 36857
35793 127 1:0 36967
35793 70430 1:0 37102
35794 56695 1:0 35914
35811 70700 1:0 35939
35812 301 21:0 35816
35815 303 21:0 35816
35815 299 21:0 35851
35817 56217 1:0 35939
35822 56239 1:0 35939
35822 56748 1:0 35939
35822 56862 1:0 35939
35822 56470 1:0 36036
35822 56577 1:0 36036
35850 283 21:0 35867
35866 285 21:0 35867
35866 281 21:0 35870
35869 55991 21:0 35870
35869 56155 21:0 35870
35869 56146 21:0 35870
35869 56157 21:0 35870
35869 55381 21:0 35870
35869 329 21:0 35870
35869 56032 21:0 35870
35869 313 21:0 35872
35871 289 21:0 35872
35871 56133 21:0 35872
35871 70698 1:0 36025
35874 56160 21:0 35891
35890 315 21:0 35896
35895 70733 1:0 35895
35895 167 21:0 35896
35895 43 21:0 35896
35895 25 21:0 35896
35895 207 21:0 35896
35895 61 21:0 35896
35895 70355 21:0 35896
35895 131 21:0 35896
35895 203 21:0 35896
35895 23 21:0 35896
35895 277 21:0 35896
35895 165 21:0 35896
35895 297 21:0 35896
35895 279 21:0 35896
35895 237 21:0 35896
35895 27 21:0 35896
35895 243 21:0 35896
35895 261 21:0 35896
35895 287 21:0 35896
35895 295 21:0 35896
35895 273 21:0 35896
35895 309 21:0 35896
35895 293 21:0 35896
35895 275 21:0 35896
35895 135 21:0 35896
35895 21 21:0 35896
35895 70421 21:0 35896
35895 151 21:0 35896
35895 70718 21:0 35896
35895 70685 21:0 35896
35895 149 21:0 35896
35895 63 21:0 35896
35895 113 21:0 35896
35895 223 21:0 35896
35895 241 21:0 35896
35895 97 21:0 35896
35895 70322 21:0 35896
35895 187 21:0 35896
35895 56164 21:0 35896
35895 221 21:0 35896
35895 133 21:0 35896
35895 291 21:0 35896
35895 59 21:0 35896
35895 205 21:0 35896
35895 185 21:0 35896
35895 311 21:0 35896
35895 239 21:0 35896
35895 257 21:0 35896
35895 70652 21:0 35896
35895 169 21:0 35896
35895 70454 21:0 35896
35895 70487 21:0 35896
35895 77 21:0 35896
35895 115 21:0 35896
35895 70289 21:0 35896
35895 225 21:0 35899
35897 261 1:0 35914
35897 257 1:0 35919
35897 70718 1:0 35922
35897 237 1:0 36045
35897 70685 1:0 36050
35897 70652 1:0 36184
35898 41 21:0 35899
35898 129 21:0 35899
35902 56178 21:0 35907
35904 70699 1:0 36033
35905 56467 1:0 36036
35905 56292 1:0 36036
35905 70697 1:0 36043
35905 56413 1:0 36045
35905 56634 1:0 36045
35905 243 1:0 36045
35905 56242 1:0 36045
35905 241 1:0 36050
35905 239 1:0 36050
35905 56260 1:0 36054
35905 56271 1:0 36054
35905 56296 1:0 36073
35905 56274 1:0 36073
35905 221 1:0 36189
35906 265 21:0 35907
35913 56182 21:0 35916
35914 70667 1:0 36073
35914 70385 1:0 36073
35915 267 21:0 35916
35917 70666 1:0 36156
35920 225 1:0 36176
35920 56331 1:0 36192
35920 223 1:0 36192
35920 56317 1:0 36192
35920 56326 1:0 36199
35920 56328 1:0 36204
35920 203 1:0 36312
35923 56185 21:0 35944
35925 70665 1:0 36163
35931 70410 1:0 37121
35932 70397 1:0 37229
35940 70431 1:0 36167
35941 70321 1:0 36167
35941 70486 1:0 36176
35942 89 1:0 37247
35942 56791 1:0 37252
35943 263 21:0 35947
35946 271 21:0 35947
35946 56190 21:0 35947
35950 56203 21:0 35979
35953 56349 1:0 36176
35953 56299 1:0 36183
35953 207 1:0 36307
35953 70586 1:0 36443
35953 70377 1:0 37247
35953 56817 1:0 37360
35953 73 1:0 37360
35978 261 21:0 35982
35985 56212 21:0 35988
35987 259 21:0 35988
35995 56214 21:0 35998
35997 257 21:0 35998
36005 56217 21:0 36022
36021 255 21:0 36027
36026 269 21:0 36027
36026 56221 21:0 36027
36033 56235 21:0 36038
36035 70664 1:0 36174
36036 70317 1:0 36204
36036 70634 1:0 36204
36036 70530 1:0 36298
36036 70383 1:0 36298
36036 70350 1:0 36307
36037 247 21:0 36038
36044 56239 21:0 36047
36045 70633 1:0 36287
36045 70632 1:0 36294
36046 249 21:0 36047
36051 70631 1:0 36305
36053 56356 1:0 36307
36054 56242 21:0 36075
36056 70344 1:0 37383
36072 70601 1:0 36335
36073 71 1:0 37383
36073 56848 1:0 37383
36074 245 21:0 36078
36077 56247 21:0 36078
36077 253 21:0 36078
36081 56260 21:0 36110
36084 205 1:0 36312
36084 56383 1:0 36312
36084 56374 1:0 36316
36084 56385 1:0 36316
36084 56388 1:0 36335
36084 70405 1:0 36335
36084 187 1:0 36443
36084 56440 1:0 36443
36084 185 1:0 36443
36084 56445 1:0 36447
36084 56442 1:0 36447
36084 167 1:0 36582
36084 70520 1:0 36705
36084 70331 1:0 37495
36084 55 1:0 37495
36084 56874 1:0 37495
36109 70676 1:0 36109
36109 243 21:0 36113
36116 56269 21:0 36119
36118 241 21:0 36119
36126 56271 21:0 36129
36128 239 21:0 36129
36136 70675 1:0 36136
36136 56274 21:0 36153
36152 237 21:0 36158
36157 251 21:0 36158
36157 56278 21:0 36158
36164 56292 21:0 36169
36166 56406 1:0 36335
36166 70478 1:0 36429
36166 70379 1:0 36429
36166 56410 1:0 36435
36166 56463 1:0 36465
36167 70599 1:0 36418
36167 70600 1:0 36426
36168 70663 1:0 36168
36168 229 21:0 36169
36175 56296 21:0 36178
36176 70598 1:0 36436
36176 70425 1:0 36438
36177 231 21:0 36178
36179 70568 1:0 36465
36182 56431 1:0 36465
36182 70353 1:0 36465
36182 70487 1:0 36836
36182 70311 1:0 37514
36182 56905 1:0 37514
36182 53 1:0 37514
36182 70298 1:0 37626
36182 56931 1:0 37626
36182 37 1:0 37626
36185 70662 1:0 36185
36185 56299 21:0 36206
36190 70656 1:0 36190
36202 70567 1:0 36549
36205 70651 1:0 36205
36205 227 21:0 36209
36208 56304 21:0 36209
36208 235 21:0 36209
36212 56317 21:0 36241
36214 70649 1:0 36214
36214 70647 1:0 36214
36214 70650 1:0 36214
36215 70566 1:0 36556
36240 70643 1:0 36240
36240 225 21:0 36244
36247 56326 21:0 36250
36249 223 21:0 36250
36257 56328 21:0 36260
36259 221 21:0 36260
36267 70642 1:0 36267
36267 56331 21:0 36284
36272 70636 1:0 36272
36283 219 21:0 36289
36288 233 21:0 36289
36288 56335 21:0 36289
36295 56349 21:0 36300
36297 70511 1:0 36560
36297 70319 1:0 36560
36297 56641 1:0 36569
36297 165 1:0 36569
36297 70419 1:0 36569
36297 56502 1:0 36585
36297 169 1:0 36585
36297 56488 1:0 36585
36297 56497 1:0 36592
36297 56499 1:0 36597
36297 151 1:0 36705
36298 70565 1:0 36567
36298 56520 1:0 36597
36298 70438 1:0 36597
36298 70504 1:0 36691
36298 70510 1:0 36691
36299 70630 1:0 36299
36299 211 21:0 36300
36306 56353 21:0 36309
36307 70535 1:0 36597
36307 70533 1:0 36680
36308 213 21:0 36309
36313 70534 1:0 36688
36315 56524 1:0 36697
36316 70629 1:0 36316
36316 56356 21:0 36337
36318 70278 1:0 37645
36321 70623 1:0 36321
36334 70532 1:0 36698
36335 56962 1:0 37645
36335 35 1:0 37645
36336 70618 1:0 36336
36336 209 21:0 36340
36339 217 21:0 36340
36339 56361 21:0 36340
36343 56374 21:0 36372
36345 70614 1:0 36345
36345 70617 1:0 36345
36345 70616 1:0 36345
36346 70524 1:0 36700
36346 56556 1:0 36705
36346 56559 1:0 36705
36346 149 1:0 36705
36346 56545 1:0 36723
36346 56554 1:0 36728
36346 129 1:0 36831
36346 135 1:0 36831
36346 56613 1:0 36836
36346 70454 1:0 36967
36346 56988 1:0 37751
36346 19 1:0 37751
36371 70610 1:0 36371
36371 207 21:0 36375
36378 56383 21:0 36381
36380 205 21:0 36381
36388 56385 21:0 36391
36390 203 21:0 36391
36398 70609 1:0 36398
36398 56388 21:0 36415
36403 70603 1:0 36403
36414 201 21:0 36420
36419 56392 21:0 36420
36419 215 21:0 36420
36426 56406 21:0 36431
36428 70502 1:0 36728
36429 56527 1:0 36707
36429 70515 1:0 36728
36429 70500 1:0 36811
36429 70352 1:0 36822
36429 70365 1:0 36822
36430 70597 1:0 36430
36430 193 21:0 36431
36437 56410 21:0 36440
36438 70501 1:0 36819
36438 70499 1:0 36829
36439 195 21:0 36440
36441 70491 1:0 36831
36444 56581 1:0 36828
36447 70596 1:0 36447
36447 56413 21:0 36468
36449 70469 1:0 36859
36452 70590 1:0 36452
36455 70265 1:0 37762
36456 17 1:0 37839
36456 57019 1:0 37842
36464 133 1:0 36836
36464 56602 1:0 36836
36464 131 1:0 36836
36464 56584 1:0 36838
36464 56611 1:0 36840
36464 56616 1:0 36859
36464 113 1:0 36967
36464 115 1:0 36967
36464 56670 1:0 36967
36464 70421 1:0 37098
36464 70245 1:0 37844
36465 70484 1:0 36859
36465 70320 1:0 36953
36467 70585 1:0 36467
36467 191 21:0 36471
36470 56418 21:0 36471
36470 199 21:0 36471
36474 56431 21:0 36503
36476 70581 1:0 36476
36476 70583 1:0 36476
36476 70584 1:0 36476
36477 70465 1:0 36953
36477 56638 1:0 36959
36502 70577 1:0 36502
36502 189 21:0 36506
36509 56440 21:0 36512
36519 56442 21:0 36522
36529 70576 1:0 36529
36529 56445 21:0 36546
36534 70570 1:0 36534
36545 56449 21:0 36546
36557 56463 21:0 36562
36559 70467 1:0 36942
36560 70468 1:0 36950
36560 70464 1:0 36962
36560 56659 1:0 36967
36560 56673 1:0 36985
36560 70445 1:0 36990
36560 56691 1:0 36990
36560 56668 1:0 36990
36560 97 1:0 37098
36560 70388 1:0 37252
36561 70564 1:0 36561
36568 56467 21:0 36571
36569 70466 1:0 36960
36569 70436 1:0 36990
36577 70434 1:0 37073
36578 70563 1:0 36578
36578 56470 21:0 36599
36580 70411 1:0 37084
36583 70557 1:0 36583
36598 70552 1:0 36598
36598 56475 21:0 36599
36605 56488 21:0 36634
36607 70551 1:0 36607
36607 70550 1:0 36607
36607 70548 1:0 36607
36608 70435 1:0 37081
36633 70544 1:0 36633
36640 56497 21:0 36643
36650 56499 21:0 36653
36660 70543 1:0 36660
36660 56502 21:0 36677
36665 70537 1:0 36665
36676 56506 21:0 36677
36688 56520 21:0 36693
36690 70432 1:0 37084
36690 70412 1:0 37093
36690 56752 1:0 37093
36690 95 1:0 37098
36690 56727 1:0 37098
36690 56716 1:0 37102
36690 56725 1:0 37102
36690 56730 1:0 37121
36690 77 1:0 37229
36690 56787 1:0 37229
36691 70433 1:0 37091
36691 70403 1:0 37121
36692 70531 1:0 36692
36699 56524 21:0 36702
36700 56698 1:0 37100
36700 70420 1:0 37121
36700 70401 1:0 37204
36700 70372 1:0 37215
36700 70399 1:0 37215
36706 70402 1:0 37212
36709 56527 21:0 36730
36727 70400 1:0 37222
36729 70519 1:0 36729
36729 56532 21:0 36730
36736 56545 21:0 36765
36738 70518 1:0 36738
36738 70517 1:0 36738
36739 70300 1:0 37224
36739 56784 1:0 37229
36739 56773 1:0 37247
36739 56782 1:0 37252
36739 63 1:0 37355
36739 70355 1:0 37360
36771 56554 21:0 36774
36781 56556 21:0 36784
36791 56559 21:0 36808
36807 56563 21:0 36808
36819 56577 21:0 36824
36821 56755 1:0 37224
36821 56805 1:0 37252
36821 70339 1:0 37252
36821 70359 1:0 37346
36822 70370 1:0 37252
36822 70369 1:0 37335
36823 70498 1:0 36823
36830 56581 21:0 36833
36831 70368 1:0 37342
36831 70366 1:0 37346
36831 56809 1:0 37352
36831 70326 1:0 37355
36831 59 1:0 37360
36831 61 1:0 37360
36831 56841 1:0 37360
36831 56844 1:0 37360
36831 56812 1:0 37362
36831 56830 1:0 37378
36831 56839 1:0 37383
36831 43 1:0 37491
36831 41 1:0 37491
36831 56896 1:0 37491
36831 70322 1:0 37491
36837 70367 1:0 37353
36840 70497 1:0 36840
36840 56584 21:0 36861
36858 70337 1:0 37383
36860 56589 21:0 36861
36867 56602 21:0 36896
36869 70485 1:0 36869
36869 70482 1:0 36869
36870 70288 1:0 37383
36870 56898 1:0 37495
36870 56887 1:0 37495
36870 56901 1:0 37514
36870 25 1:0 37622
36870 23 1:0 37622
36902 56611 21:0 36905
36912 56613 21:0 36915
36922 70477 1:0 36922
36922 56616 21:0 36939
36927 70471 1:0 36927
36938 56620 21:0 36939
36950 56634 21:0 36955
36952 70335 1:0 37466
36953 70336 1:0 37474
36953 70286 1:0 37477
36953 70284 1:0 37477
36953 70280 1:0 37486
36961 56638 21:0 36964
36962 70334 1:0 37484
36962 56923 1:0 37486
36965 70304 1:0 37514
36968 70287 1:0 37514
36968 56919 1:0 37514
36971 56641 21:0 36992
36976 70458 1:0 36976
36988 70303 1:0 37597
36989 70273 1:0 37608
36989 27 1:0 37617
36989 21 1:0 37617
36989 70289 1:0 37622
36989 56953 1:0 37622
36989 56955 1:0 37626
36991 70453 1:0 36991
36991 56646 21:0 36992
36998 56659 21:0 37027
37000 70449 1:0 37000
37000 70451 1:0 37000
37000 70452 1:0 37000
37001 70293 1:0 37608
37001 56976 1:0 37617
37033 56668 21:0 37036
37043 56670 21:0 37046
37053 70444 1:0 37053
37053 56673 21:0 37070
37069 56677 21:0 37070
37081 56691 21:0 37086
37083 70302 1:0 37604
37084 70301 1:0 37615
37084 70299 1:0 37617
37084 56958 1:0 37622
37084 56926 1:0 37624
37084 56944 1:0 37645
37084 70279 1:0 37645
37084 57001 1:0 37751
37084 7 1:0 37770
37084 57010 1:0 37773
37084 70256 1:0 37776
37084 5 1:0 37822
37092 56695 21:0 37095
37093 70271 1:0 37645
37093 70269 1:0 37728
37101 70270 1:0 37736
37102 56698 21:0 37123
37104 70267 1:0 37739
37119 344 1:0 37739
37120 56980 1:0 37745
37120 70260 1:0 37748
37122 56703 21:0 37123
37129 56716 21:0 37158
37131 70418 1:0 37131
37131 70416 1:0 37131
37132 70251 1:0 37751
37132 57012 1:0 37827
37132 3 1:0 37830
37132 57015 1:0 37837
37164 56725 21:0 37167
37174 56727 21:0 37177
37184 56730 21:0 37201
37200 56734 21:0 37201
37212 56748 21:0 37217
37214 70268 1:0 37746
37215 56983 1:0 37751
37215 70266 1:0 37751
37215 70253 1:0 37776
37215 70255 1:0 37776
37215 70254 1:0 37776
37215 70247 1:0 37811
37215 343 1:0 37830
37215 189 1:0 38666
37223 56752 21:0 37226
37224 70246 1:0 37838
37233 70398 1:0 37233
37233 56755 21:0 37254
37238 70392 1:0 37238
37253 70387 1:0 37253
37253 56760 21:0 37254
37260 56773 21:0 37289
37262 70386 1:0 37262
37295 56782 21:0 37298
37305 56784 21:0 37308
37315 70378 1:0 37315
37315 56787 21:0 37331
37330 56791 21:0 37331
37343 56805 21:0 37348
37354 56809 21:0 37357
37364 56812 21:0 37385
37384 70354 1:0 37384
37384 56817 21:0 37385
37391 56830 21:0 37420
37419 70346 1:0 37419
37426 56839 21:0 37429
37436 56841 21:0 37439
37446 70345 1:0 37446
37446 56844 21:0 37463
37462 56848 21:0 37463
37474 56862 21:0 37479
37478 70333 1:0 37478
37485 56866 21:0 37488
37495 70332 1:0 37495
37495 56869 21:0 37516
37515 56874 21:0 37516
37522 56887 21:0 37551
37550 70313 1:0 37550
37557 56896 21:0 37560
37567 56898 21:0 37570
37577 70312 1:0 37577
37577 56901 21:0 37594
37582 70306 1:0 37582
37593 56905 21:0 37594
37605 56919 21:0 37610
37616 56923 21:0 37619
37626 56926 21:0 37647
37646 56931 21:0 37647
37653 56944 21:0 37682
37688 56953 21:0 37691
37698 56955 21:0 37701
37708 56958 21:0 37725
37724 56962 21:0 37725
37736 56976 21:0 37741
37747 56980 21:0 37750
37757 56983 21:0 37778
37777 56988 21:0 37778
37784 57001 21:0 37813
37819 57010 21:0 37822
37829 57012 21:0 37832
37839 57015 21:0 37856
37855 57019 21:0 37856
37865 71896 21:0 37866
37866 71897 21:0 37877
37876 17 21:0 37877
37876 3 21:0 37877
37877 71898 21:0 37905
37904 343 21:0 37910
37909 71907 21:0 37910
37909 7 21:0 37910
37909 5 21:0 37910
37912 344 21:0 37921
37920 71916 21:0 37921
37920 71904 21:0 37921
37920 71905 21:0 37921
37920 19 21:0 37921
37923 71919 21:0 37931
37930 71921 21:0 37981
37980 71920 21:0 37997
37996 71922 21:0 38002
38001 71952 21:0 38021
38020 71954 21:0 38073
38072 71953 21:0 38078
38077 71955 21:0 38083
38078 71984 21:0 38078
38082 71985 21:0 38138
38094 71996 21:0 38094
38105 71997 21:0 38105
38133 72001 21:0 38133
38133 72004 21:0 38133
38137 71986 21:0 38154
38138 72005 21:0 38138
38140 71990 21:0 38140
38146 72016 21:0 38146
38153 71987 21:0 38159
38158 71988 21:0 38209
38161 72010 21:0 38161
38170 72029 21:0 38170
38181 72030 21:0 38181
38208 72018 21:0 38225
38209 72036 21:0 38209
38209 72037 21:0 38209
38216 72023 21:0 38216
38222 72049 21:0 38222
38224 72019 21:0 38230
38229 72020 21:0 38249
38230 72050 21:0 38230
38246 72062 21:0 38246
38248 72021 21:0 38301
38257 72063 21:0 38257
38285 72069 21:0 38285
38285 72067 21:0 38285
38290 72071 21:0 38290
38300 72051 21:0 38306
38305 72053 21:0 38311
38306 72083 21:0 38306
38310 72052 21:0 38366
38322 72095 21:0 38322
38333 72096 21:0 38333
38361 72102 21:0 38361
38361 72103 21:0 38361
38365 72054 21:0 38382
38366 72104 21:0 38366
38368 72089 21:0 38368
38381 72084 21:0 38387
38382 72116 21:0 38382
38386 72086 21:0 38437
38389 72109 21:0 38389
38409 72129 21:0 38409
38436 72085 21:0 38453
38437 72135 21:0 38437
38437 72136 21:0 38437
38442 72137 21:0 38442
38444 72122 21:0 38444
38450 72148 21:0 38450
38452 72087 21:0 38458
38457 72117 21:0 38477
38458 72149 21:0 38458
38465 72142 21:0 38465
38474 72161 21:0 38474
38476 72119 21:0 38529
38485 72162 21:0 38485
38513 72166 21:0 38513
38513 72168 21:0 38513
38518 72170 21:0 38518
38526 72181 21:0 38526
38528 72118 21:0 38534
38533 72120 21:0 38539
38534 72182 21:0 38534
38538 72150 21:0 38589
38550 72194 21:0 38550
38588 72151 21:0 38605
38589 72199 21:0 38589
38589 72201 21:0 38589
38589 72202 21:0 38589
38594 72203 21:0 38594
38596 72188 21:0 38596
38602 72214 21:0 38602
38604 72152 21:0 38615
38614 72153 21:0 38665
38617 72208 21:0 38617
38626 72227 21:0 38626
38664 72183 21:0 38681
38665 72235 21:0 38665
38665 72232 21:0 38665
38665 72234 21:0 38665
38666 199 1:0 38676
38666 191 1:0 38677
38670 72236 21:0 38670
38672 72221 21:0 38672
38678 72247 21:0 38678
38680 195 1:0 38682
38680 72184 21:0 38686
38685 193 1:0 38687
38685 72185 21:0 38705
38686 72248 21:0 38686
38690 201 1:0 38701
38693 72241 21:0 38693
38700 215 1:0 38700
38704 203 1:0 38705
38704 72186 21:0 38757
38708 205 1:0 38709
38713 72261 21:0 38713
38740 207 1:0 38742
38741 72267 21:0 38741
38741 72268 21:0 38741
38741 72265 21:0 38741
38745 209 1:0 38753
38748 72254 21:0 38748
38752 217 1:0 38752
38754 72280 21:0 38754
38756 213 1:0 38758
38756 72216 21:0 38762
38761 211 1:0 38763
38761 72218 21:0 38767
38762 72281 21:0 38762
38766 219 1:0 38777
38766 72217 21:0 38817
38769 72274 21:0 38769
38776 233 1:0 38776
38778 72293 21:0 38778
38780 221 1:0 38781
38784 223 1:0 38785
38789 72294 21:0 38789
38816 225 1:0 38818
38816 72219 21:0 38833
38817 72301 21:0 38817
38821 227 1:0 38829
38828 235 1:0 38828
38830 72313 21:0 38830
38832 231 1:0 38834
38832 72249 21:0 38843
38837 229 1:0 38839
38838 72314 21:0 38838
38842 237 1:0 38853
38842 72250 21:0 38865
38845 72307 21:0 38845
38852 251 1:0 38852
38854 72326 21:0 38854
38856 239 1:0 38857
38860 241 1:0 38861
38864 72251 21:0 38909
38865 72327 21:0 38865
38892 243 1:0 38894
38893 72334 21:0 38893
38893 72333 21:0 38893
38893 72331 21:0 38893
38897 245 1:0 38905
38898 72335 21:0 38898
38900 72320 21:0 38900
38904 253 1:0 38904
38906 72346 21:0 38906
38908 249 1:0 38910
38908 72252 21:0 38914
38913 247 1:0 38915
38913 72282 21:0 38919
38914 72347 21:0 38914
38918 255 1:0 38929
38918 72283 21:0 38985
38921 72340 21:0 38921
38928 269 1:0 38928
38930 72359 21:0 38930
38932 257 1:0 38933
38936 259 1:0 38937
38941 72360 21:0 38941
38968 261 1:0 38970
38973 263 1:0 38981
38980 271 1:0 38980
38984 267 1:0 38986
38984 72284 21:0 38990
38989 265 1:0 38991
38989 72285 21:0 38995
38994 71902 21:0 38995
38994 273 1:0 39005
38994 71906 21:0 39009
38995 72384 21:0 38995
39004 287 1:0 39004
39008 275 1:0 39009
39008 71917 21:0 39045
39012 277 1:0 39013
39044 279 1:0 39046
39044 72315 21:0 39061
39049 281 1:0 39057
39056 289 1:0 39056
39060 285 1:0 39062
39060 72316 21:0 39066
39063 72414 21:0 39063
39065 283 1:0 39067
39065 72317 21:0 39085
39068 72415 21:0 39068
39068 72416 21:0 39068
39070 291 1:0 39081
39071 72417 21:0 39071
39080 305 1:0 39080
39084 293 1:0 39085
39084 72318 21:0 39137
39088 295 1:0 39089
39120 297 1:0 39122
39125 299 1:0 39133
39132 307 1:0 39132
39136 303 1:0 39138
39136 72348 21:0 39142
39139 72447 21:0 39139
39141 301 1:0 39143
39141 72350 21:0 39147
39144 72448 21:0 39144
39144 72449 21:0 39144
39146 309 1:0 39157
39146 72349 21:0 39197
39147 72450 21:0 39147
39156 323 1:0 39156
39160 311 1:0 39161
39164 313 1:0 39165
39196 315 1:0 39198
39196 71911 21:0 39202
39201 317 1:0 39209
39201 71918 21:0 39213
39208 325 1:0 39208
39212 71935 21:0 39213
39212 71944 21:0 39213
39212 321 1:0 39214
39212 71950 21:0 39218
39215 72480 21:0 39215
39217 71930 21:0 39218
39217 71957 21:0 39218
39217 319 1:0 39219
39217 71977 21:0 39223
39222 71924 21:0 39223
39222 71931 21:0 39223
39222 329 1:0 39234
39222 71971 21:0 39238
39231 327 1:0 39231
39237 21 21:0 39238
39237 55381 1:0 39240
39237 72204 21:0 39243
39242 72039 21:0 39243
39242 72279 21:0 39243
39242 145 21:0 39243
39243 72493 21:0 39253
39252 55991 1:0 39254
39252 71964 21:0 39276
39259 55995 1:0 39259
39275 71951 21:0 39276
39275 71968 21:0 39276
39275 71937 21:0 39279
39278 71938 21:0 39279
39278 71972 21:0 39279
39278 56007 1:0 39280
39278 71970 21:0 39287
39286 71963 21:0 39287
39286 71983 21:0 39287
39286 71939 21:0 39290
39289 56011 1:0 39291
39289 72351 21:0 39296
39293 72480 1:0 39293
39295 72381 21:0 39299
39298 56014 1:0 39301
39298 72382 21:0 39381
39306 56019 1:0 39306
39326 56032 1:0 39328
39361 56041 1:0 39363
39370 56043 1:0 39373
39380 56046 1:0 39383
39380 72383 21:0 39410
39388 56050 1:0 39388
39406 72450 1:0 39406
39409 56007 21:0 39410
39409 56032 21:0 39410
39409 56011 21:0 39410
39409 56041 21:0 39410
39409 55991 21:0 39410
39409 319 21:0 39410
39409 56043 21:0 39410
39409 56014 21:0 39410
39409 56046 21:0 39410
39409 56064 1:0 39411
39409 72402 21:0 39413
39412 72259 21:0 39413
39412 56019 21:0 39413
39412 327 21:0 39413
39412 55995 21:0 39413
39412 56050 21:0 39413
39412 72114 21:0 39413
39412 72015 21:0 39413
39412 72160 21:0 39413
39412 72127 21:0 39413
39412 72226 21:0 39413
39412 72312 21:0 39413
39412 72495 21:0 39413
39412 325 21:0 39413
39412 72345 21:0 39413
39412 72378 21:0 39413
39412 323 21:0 39413
39412 71949 21:0 39413
39412 72246 21:0 39413
39412 71962 21:0 39413
39412 71982 21:0 39413
39412 71995 21:0 39413
39412 72048 21:0 39413
39412 72193 21:0 39413
39412 72292 21:0 39413
39412 72180 21:0 39413
39413 72448 1:0 39413
39413 56064 21:0 39418
39414 72449 1:0 39414
39417 321 21:0 39418
39417 301 21:0 39418
39417 317 21:0 39418
39417 72260 21:0 39421
39420 311 21:0 39421
39420 315 21:0 39421
39420 185 21:0 39421
39420 313 21:0 39421
39420 72133 21:0 39421
39420 309 21:0 39421
39420 55381 21:0 39421
39420 72017 21:0 39421
39420 72105 21:0 39421
39420 329 21:0 39421
39420 11 21:0 39421
39420 56068 1:0 39422
39420 72237 21:0 39424
39423 72081 21:0 39424
39423 72028 21:0 39424
39423 72424 21:0 39424
39423 72213 21:0 39424
39423 72325 21:0 39424
39423 71929 21:0 39424
39423 72061 21:0 39424
39423 72411 21:0 39424
39423 72094 21:0 39424
39423 72147 21:0 39424
39423 72391 21:0 39424
39423 72358 21:0 39424
39423 109 21:0 39424
39424 72447 1:0 39424
39424 56068 21:0 39427
39426 303 21:0 39427
39426 72300 21:0 39427
39426 72128 21:0 39430
39429 207 21:0 39430
39429 279 21:0 39430
39429 72369 21:0 39430
39429 25 21:0 39430
39429 169 21:0 39430
39429 72003 21:0 39430
39429 177 21:0 39430
39429 72195 21:0 39430
39429 56071 1:0 39432
39429 72006 21:0 39432
39431 72303 21:0 39432
39431 72336 21:0 39434
39433 73 21:0 39434
39433 35 21:0 39434
39433 305 21:0 39434
39433 37 21:0 39434
39433 55 21:0 39434
39433 289 21:0 39434
39433 127 21:0 39434
39433 72444 21:0 39434
39433 163 21:0 39434
39433 217 21:0 39434
39433 253 21:0 39434
39433 181 21:0 39434
39433 233 21:0 39434
39433 125 21:0 39434
39433 91 21:0 39434
39433 179 21:0 39434
39433 287 21:0 39434
39433 161 21:0 39434
39433 71 21:0 39434
39433 53 21:0 39434
39433 251 21:0 39434
39433 143 21:0 39434
39433 197 21:0 39434
39433 235 21:0 39434
39433 199 21:0 39434
39433 271 21:0 39434
39433 89 21:0 39434
39433 107 21:0 39434
39433 269 21:0 39434
39433 215 21:0 39434
39434 56071 21:0 39455
39437 56076 1:0 39437
39439 72444 1:0 39439
39454 299 21:0 39458
39457 56089 1:0 39459
39457 72034 21:0 39493
39492 56098 1:0 39494
39492 72038 21:0 39509
39501 56100 1:0 39504
39508 72100 21:0 39517
39511 56103 1:0 39514
39516 305 1:0 39516
39516 72056 21:0 39538
39519 56107 1:0 39519
39521 72424 1:0 39521
39537 72417 1:0 39537
39537 72228 21:0 39538
39537 72070 21:0 39538
39537 72082 21:0 39541
39540 56100 21:0 39541
39540 71940 21:0 39541
39540 72175 21:0 39541
39540 72171 21:0 39541
39540 72155 21:0 39541
39540 56121 1:0 39542
39540 72138 21:0 39544
39543 307 21:0 39544
39543 305 21:0 39544
39543 56107 21:0 39544
39543 56076 21:0 39544
39544 72415 1:0 39544
39544 56121 21:0 39549
39545 72416 1:0 39545
39548 72298 21:0 39549
39548 283 21:0 39549
39548 72169 21:0 39550
39549 72287 21:0 39552
39551 293 21:0 39552
39551 41 21:0 39552
39551 149 21:0 39552
39551 241 21:0 39552
39551 56098 21:0 39552
39551 291 21:0 39552
39551 297 21:0 39552
39551 295 21:0 39552
39551 171 21:0 39552
39551 9 21:0 39552
39551 56103 21:0 39552
39551 72215 21:0 39552
39551 56089 21:0 39552
39551 56125 1:0 39553
39551 72072 21:0 39555
39555 72414 1:0 39555
39555 56125 21:0 39558
39556 56128 1:0 39563
39556 289 1:0 39565
39556 56133 1:0 39568
39556 72411 1:0 39570
39556 279 1:0 39571
39556 72402 1:0 39571
39556 56146 1:0 39578
39556 56160 1:0 39578
39556 56157 1:0 39578
39556 287 1:0 39581
39556 56164 1:0 39581
39556 72391 1:0 39581
39556 56155 1:0 39581
39556 72383 1:0 39667
39556 56178 1:0 39673
39556 56182 1:0 39684
39556 72369 1:0 39692
39556 72378 1:0 39696
39556 271 1:0 39696
39556 56190 1:0 39696
39556 72358 1:0 39715
39556 56221 1:0 39715
39556 269 1:0 39715
39556 72336 1:0 39823
39556 56247 1:0 39827
39556 253 1:0 39827
39556 72345 1:0 39827
39556 72325 1:0 39846
39556 56278 1:0 39846
39556 251 1:0 39846
39556 235 1:0 39958
39556 72292 1:0 39958
39556 72312 1:0 39958
39556 56304 1:0 39958
39556 56335 1:0 39977
39556 233 1:0 39977
39556 56361 1:0 40089
39556 72279 1:0 40089
39556 217 1:0 40089
39556 72259 1:0 40108
39556 56392 1:0 40108
39556 215 1:0 40108
39556 56418 1:0 40220
39556 199 1:0 40220
39556 72246 1:0 40220
39556 56449 1:0 40239
39556 197 1:0 40239
39556 72226 1:0 40239
39556 56475 1:0 40347
39556 181 1:0 40347
39556 72213 1:0 40347
39556 56506 1:0 40370
39556 72193 1:0 40370
39556 179 1:0 40370
39556 72180 1:0 40482
39556 56532 1:0 40482
39556 163 1:0 40482
39556 56563 1:0 40501
39556 161 1:0 40501
39556 72160 1:0 40501
39556 145 1:0 40613
39556 56589 1:0 40613
39556 72147 1:0 40613
39556 143 1:0 40632
39556 56620 1:0 40632
39556 72127 1:0 40632
39556 127 1:0 40741
39556 72114 1:0 40741
39556 56646 1:0 40743
39556 125 1:0 40760
39556 72094 1:0 40760
39556 56677 1:0 40760
39556 72081 1:0 40875
39556 56703 1:0 40875
39556 109 1:0 40875
39557 72269 21:0 39558
39557 72043 21:0 39558
39557 72076 21:0 39561
39559 72382 1:0 39674
39560 72302 21:0 39561
39560 201 21:0 39561
39560 81 21:0 39561
39560 79 21:0 39561
39560 113 21:0 39561
39560 72115 21:0 39561
39560 259 21:0 39565
39562 72115 1:0 39678
39562 72381 1:0 39685
39562 72302 1:0 39687
39562 56203 1:0 39692
39562 56214 1:0 39692
39562 56212 1:0 39696
39562 56217 1:0 39715
39564 56185 1:0 39694
39565 56128 21:0 39586
39566 259 1:0 39692
39567 72061 1:0 40894
39583 72351 1:0 39715
39584 56734 1:0 40894
39584 107 1:0 40894
39584 56760 1:0 41006
39584 72048 1:0 41006
39584 91 1:0 41006
39584 56791 1:0 41025
39584 89 1:0 41025
39584 72028 1:0 41025
39584 73 1:0 41137
39584 71995 1:0 41137
39584 56817 1:0 41137
39585 285 21:0 39589
39588 117 21:0 39589
39588 71973 21:0 39589
39588 289 21:0 39589
39588 56133 21:0 39589
39588 72270 21:0 39589
39588 281 21:0 39589
39592 56146 21:0 39621
39595 72076 1:0 39715
39620 279 21:0 39624
39623 237 21:0 39624
39623 133 21:0 39624
39627 56155 21:0 39630
39629 277 21:0 39630
39629 129 21:0 39633
39632 93 21:0 39633
39632 203 21:0 39633
39632 205 21:0 39633
39636 72349 1:0 39798
39637 56157 21:0 39640
39639 219 21:0 39640
39639 135 21:0 39640
39639 147 21:0 39640
39639 153 21:0 39640
39639 275 21:0 39640
39639 183 21:0 39640
39639 39 21:0 39643
39641 56235 1:0 39804
39642 75 21:0 39643
39642 95 21:0 39643
39642 187 21:0 39643
39642 43 21:0 39643
39642 167 21:0 39643
39642 151 21:0 39643
39642 45 21:0 39643
39642 63 21:0 39643
39642 57 21:0 39643
39642 115 21:0 39643
39644 72043 1:0 39809
39647 56160 21:0 39664
39649 56239 1:0 39815
39663 273 21:0 39669
39668 72384 1:0 39668
39668 56164 21:0 39669
39668 139 21:0 39669
39668 287 21:0 39669
39668 119 21:0 39669
39668 229 21:0 39669
39668 231 21:0 39669
39668 213 21:0 39669
39668 49 21:0 39672
39670 229 1:0 39809
39671 261 21:0 39672
39671 77 21:0 39672
39671 131 21:0 39672
39671 27 21:0 39672
39671 223 21:0 39672
39671 111 21:0 39672
39673 261 1:0 39692
39675 56178 21:0 39680
39677 72350 1:0 39806
39678 72348 1:0 39816
39678 72269 1:0 39818
39678 56271 1:0 39823
39678 241 1:0 39823
39678 237 1:0 39823
39678 56242 1:0 39825
39678 56274 1:0 39827
39678 56269 1:0 39827
39678 72215 1:0 39846
39678 56260 1:0 39846
39678 223 1:0 39954
39679 265 21:0 39680
39686 56182 21:0 39689
39687 72318 1:0 39846
39687 72317 1:0 39929
39688 267 21:0 39689
39693 72316 1:0 39936
39695 72287 1:0 39940
39696 56185 21:0 39717
39698 56292 1:0 39935
39698 231 1:0 39940
39713 56296 1:0 39946
39713 56328 1:0 39954
39713 56317 1:0 39958
39716 263 21:0 39720
39719 56190 21:0 39720
39719 271 21:0 39720
39723 56203 21:0 39752
39726 72315 1:0 39947
39751 72360 1:0 39751
39751 261 21:0 39755
39758 56212 21:0 39761
39760 259 21:0 39761
39768 56214 21:0 39771
39770 257 21:0 39771
39778 72359 1:0 39778
39778 56217 21:0 39795
39794 255 21:0 39800
39799 269 21:0 39800
39799 56221 21:0 39800
39806 56235 21:0 39811
39808 72298 1:0 39949
39808 219 1:0 39954
39808 56299 1:0 39956
39808 56326 1:0 39958
39808 56331 1:0 39977
39808 72303 1:0 39977
39808 72300 1:0 39977
39808 213 1:0 40071
39808 203 1:0 40080
39808 201 1:0 40080
39808 56383 1:0 40085
39808 72270 1:0 40085
39808 72237 1:0 40216
39808 72204 1:0 40347
39809 72285 1:0 39977
39809 72284 1:0 40060
39810 72347 1:0 39810
39810 247 21:0 39811
39817 56239 21:0 39820
39818 56349 1:0 40066
39818 72283 1:0 40067
39818 72169 1:0 40071
39818 56353 1:0 40077
39818 72175 1:0 40080
39818 207 1:0 40085
39818 205 1:0 40085
39818 56356 1:0 40087
39818 56374 1:0 40089
39818 56385 1:0 40089
39818 56388 1:0 40108
39818 187 1:0 40211
39818 56440 1:0 40216
39819 249 21:0 39820
39824 72282 1:0 40078
39826 49 1:0 40202
39827 72346 1:0 39827
39827 56242 21:0 39848
39829 72015 1:0 41137
39832 72340 1:0 39832
39845 72252 1:0 40108
39846 56848 1:0 41156
39846 71 1:0 41156
39847 72335 1:0 39847
39847 245 21:0 39851
39850 56247 21:0 39851
39850 253 21:0 39851
39854 56260 21:0 39883
39856 72334 1:0 39856
39856 72333 1:0 39856
39856 72331 1:0 39856
39857 72260 1:0 40108
39857 56406 1:0 40197
39857 185 1:0 40216
39857 56442 1:0 40220
39857 167 1:0 40342
39857 56499 1:0 40347
39857 72171 1:0 40478
39857 71982 1:0 41264
39857 55 1:0 41264
39857 56874 1:0 41264
39882 72327 1:0 39882
39882 243 21:0 39886
39889 56269 21:0 39892
39891 241 21:0 39892
39899 56271 21:0 39902
39901 239 21:0 39902
39909 72326 1:0 39909
39909 56274 21:0 39926
39914 72320 1:0 39914
39925 237 21:0 39931
39930 56278 21:0 39931
39930 251 21:0 39931
39937 56292 21:0 39942
39939 72251 1:0 40191
39940 72250 1:0 40198
39940 72155 1:0 40202
39940 56410 1:0 40208
39940 72082 1:0 40211
39940 72228 1:0 40239
39941 72314 1:0 39941
39941 229 21:0 39942
39948 56296 21:0 39951
39949 72249 1:0 40209
39949 72219 1:0 40239
39950 231 21:0 39951
39952 183 1:0 40216
39952 56413 1:0 40218
39952 56431 1:0 40220
39952 56445 1:0 40239
39952 171 1:0 40347
39955 169 1:0 40347
39955 56497 1:0 40370
39955 151 1:0 40473
39955 56554 1:0 40478
39955 72138 1:0 40609
39955 71962 1:0 41287
39955 56905 1:0 41287
39955 53 1:0 41287
39955 37 1:0 41398
39955 56931 1:0 41398
39955 71949 1:0 41398
39958 72313 1:0 39958
39958 56299 21:0 39979
39960 72217 1:0 40322
39963 72307 1:0 39963
39975 72070 1:0 40333
39978 227 21:0 39982
39981 56304 21:0 39982
39981 235 21:0 39982
39985 56317 21:0 40014
39987 72301 1:0 39987
39988 72218 1:0 40330
40013 72294 1:0 40013
40013 225 21:0 40017
40020 56326 21:0 40023
40022 223 21:0 40023
40030 56328 21:0 40033
40032 221 21:0 40033
40040 72293 1:0 40040
40040 56331 21:0 40057
40056 219 21:0 40062
40061 233 21:0 40062
40061 56335 21:0 40062
40068 56349 21:0 40073
40070 56463 1:0 40328
40070 177 1:0 40333
40070 56467 1:0 40339
40070 72056 1:0 40342
40070 72195 1:0 40370
40071 72216 1:0 40340
40071 72186 1:0 40370
40072 72281 1:0 40072
40072 211 21:0 40073
40079 56353 21:0 40082
40080 56488 1:0 40347
40080 56470 1:0 40349
40080 56502 1:0 40365
40080 72185 1:0 40453
40080 153 1:0 40473
40080 56559 1:0 40482
40081 213 21:0 40082
40083 72184 1:0 40460
40086 56520 1:0 40459
40086 139 1:0 40464
40086 72100 1:0 40464
40086 56524 1:0 40470
40088 72038 1:0 40473
40089 72280 1:0 40089
40089 56356 21:0 40110
40091 56962 1:0 41415
40091 35 1:0 41415
40094 72274 1:0 40094
40107 72183 1:0 40471
40108 71929 1:0 41415
40109 209 21:0 40113
40112 217 21:0 40113
40112 56361 21:0 40113
40116 56374 21:0 40145
40118 72267 1:0 40118
40118 72268 1:0 40118
40118 72265 1:0 40118
40119 149 1:0 40478
40119 56527 1:0 40480
40119 56556 1:0 40482
40119 72034 1:0 40501
40119 131 1:0 40604
40119 56611 1:0 40609
40119 72105 1:0 40743
40119 19 1:0 41524
40119 56988 1:0 41524
40144 72261 1:0 40144
40144 207 21:0 40148
40151 56383 21:0 40154
40153 205 21:0 40154
40161 56385 21:0 40164
40163 203 21:0 40164
40171 56388 21:0 40188
40176 72254 1:0 40176
40187 201 21:0 40193
40192 56392 21:0 40193
40192 215 21:0 40193
40199 56406 21:0 40204
40201 72153 1:0 40501
40202 147 1:0 40478
40202 56545 1:0 40501
40202 72152 1:0 40584
40202 56577 1:0 40590
40202 119 1:0 40595
40202 72003 1:0 40595
40202 72128 1:0 40604
40202 135 1:0 40604
40202 129 1:0 40609
40203 72248 1:0 40203
40203 193 21:0 40204
40210 56410 21:0 40213
40211 72151 1:0 40591
40211 72150 1:0 40602
40212 195 21:0 40213
40214 56581 1:0 40601
40219 72120 1:0 40632
40220 72247 1:0 40220
40220 56413 21:0 40241
40222 133 1:0 40609
40222 56584 1:0 40611
40222 56602 1:0 40613
40222 56613 1:0 40613
40222 56616 1:0 40632
40222 113 1:0 40735
40222 111 1:0 40735
40222 115 1:0 40735
40225 72241 1:0 40225
40228 71916 1:0 41535
40229 17 1:0 41612
40229 57019 1:0 41615
40237 72133 1:0 40632
40238 56634 1:0 40721
40238 11 1:0 40726
40238 72017 1:0 40726
40239 71896 1:0 41617
40240 72236 1:0 40240
40240 191 21:0 40244
40243 56418 21:0 40244
40243 199 21:0 40244
40247 56431 21:0 40276
40249 72235 1:0 40249
40249 72232 1:0 40249
40249 72234 1:0 40249
40250 56670 1:0 40743
40250 56659 1:0 40743
40250 117 1:0 40743
40250 56668 1:0 40743
40250 72072 1:0 40871
40282 56440 21:0 40285
40292 56442 21:0 40295
40302 72227 1:0 40302
40302 56445 21:0 40319
40307 72221 1:0 40307
40318 56449 21:0 40319
40330 56463 21:0 40335
40332 72118 1:0 40715
40333 72119 1:0 40723
40333 72117 1:0 40733
40341 56467 21:0 40344
40342 56638 1:0 40732
40342 56923 1:0 40735
40342 56695 1:0 40735
40342 56641 1:0 40742
40342 56673 1:0 40760
40342 56869 1:0 40760
40342 72087 1:0 40760
40342 56748 1:0 40760
40342 95 1:0 40871
40342 93 1:0 40871
40342 56727 1:0 40871
40342 72039 1:0 41002
40348 72085 1:0 40846
40351 72214 1:0 40351
40351 56470 21:0 40372
40356 72208 1:0 40356
40369 72086 1:0 40854
40371 72203 1:0 40371
40371 56475 21:0 40372
40378 56488 21:0 40407
40380 72199 1:0 40380
40380 72201 1:0 40380
40380 72202 1:0 40380
40381 56691 1:0 40852
40381 71939 1:0 40857
40413 56497 21:0 40416
40423 56499 21:0 40426
40433 72194 1:0 40433
40433 56502 21:0 40450
40438 72188 1:0 40438
40449 56506 21:0 40450
40461 56520 21:0 40466
40463 56862 1:0 40857
40463 71963 1:0 40866
40463 56755 1:0 40866
40463 56698 1:0 40873
40463 56725 1:0 40875
40463 56716 1:0 40875
40463 56730 1:0 40894
40463 77 1:0 40997
40463 75 1:0 40997
40463 79 1:0 41002
40463 56784 1:0 41002
40464 72084 1:0 40864
40464 72054 1:0 40894
40465 72182 1:0 40465
40472 56524 21:0 40475
40473 71983 1:0 40894
40473 72052 1:0 40977
40473 71970 1:0 40988
40473 71972 1:0 40988
40473 56752 1:0 40994
40479 72053 1:0 40985
40482 72181 1:0 40482
40482 56527 21:0 40503
40500 72051 1:0 40995
40502 72170 1:0 40502
40502 56532 21:0 40503
40509 56545 21:0 40538
40511 72166 1:0 40511
40511 72168 1:0 40511
40512 71938 1:0 40997
40512 81 1:0 41002
40512 56782 1:0 41006
40512 56773 1:0 41006
40512 56841 1:0 41133
40512 72006 1:0 41156
40537 72162 1:0 40537
40544 56554 21:0 40547
40554 56556 21:0 40557
40564 72161 1:0 40564
40564 56559 21:0 40581
40580 56563 21:0 40581
40592 56577 21:0 40597
40594 72021 1:0 41025
40595 56787 1:0 41025
40595 56805 1:0 41025
40595 71937 1:0 41025
40595 72020 1:0 41108
40595 71951 1:0 41119
40595 57 1:0 41128
40595 63 1:0 41133
40595 56844 1:0 41133
40596 72149 1:0 40596
40603 56581 21:0 40606
40604 72019 1:0 41115
40604 71968 1:0 41119
40604 56809 1:0 41125
40604 71964 1:0 41128
40604 56812 1:0 41135
40604 56839 1:0 41137
40604 56830 1:0 41156
40604 43 1:0 41259
40604 45 1:0 41259
40604 71973 1:0 41264
40610 72018 1:0 41126
40613 72148 1:0 40613
40613 56584 21:0 40634
40618 72142 1:0 40618
40631 71988 1:0 41156
40633 72137 1:0 40633
40633 56589 21:0 40634
40640 56602 21:0 40669
40642 72135 1:0 40642
40642 72136 1:0 40642
40643 71971 1:0 41156
40643 56866 1:0 41256
40668 72129 1:0 40668
40675 56611 21:0 40678
40685 56613 21:0 40688
40695 56616 21:0 40712
40700 72122 1:0 40700
40711 56620 21:0 40712
40723 56634 21:0 40728
40725 71987 1:0 41239
40726 71986 1:0 41246
40726 71924 1:0 41250
40726 71931 1:0 41250
40726 71977 1:0 41259
40727 72116 1:0 40727
40734 56638 21:0 40737
40735 71985 1:0 41257
40735 71955 1:0 41287
40738 56898 1:0 41264
40738 39 1:0 41264
40738 56887 1:0 41264
40738 41 1:0 41264
40738 56901 1:0 41282
40738 56896 1:0 41287
40738 71940 1:0 41390
40741 56919 1:0 41287
40741 71957 1:0 41287
40744 56641 21:0 40765
40749 72109 1:0 40749
40761 71953 1:0 41370
40762 71930 1:0 41381
40762 56976 1:0 41390
40764 72104 1:0 40764
40764 56646 21:0 40765
40771 56659 21:0 40800
40773 72102 1:0 40773
40773 72103 1:0 40773
40774 71950 1:0 41381
40774 27 1:0 41387
40774 56953 1:0 41398
40774 56955 1:0 41398
40774 25 1:0 41398
40774 56958 1:0 41398
40799 72096 1:0 40799
40806 56668 21:0 40809
40816 56670 21:0 40819
40826 72095 1:0 40826
40826 56673 21:0 40843
40831 72089 1:0 40831
40842 56677 21:0 40843
40854 56691 21:0 40859
40856 71954 1:0 41378
40857 71952 1:0 41388
40857 71935 1:0 41390
40857 56926 1:0 41397
40857 21 1:0 41398
40857 71944 1:0 41403
40857 56944 1:0 41415
40857 9 1:0 41524
40857 57001 1:0 41524
40858 72083 1:0 40858
40865 56695 21:0 40868
40866 71922 1:0 41415
40866 71920 1:0 41501
40874 71921 1:0 41509
40875 56698 21:0 40896
40877 345 1:0 41512
40892 71918 1:0 41512
40893 56980 1:0 41518
40893 71911 1:0 41521
40895 72071 1:0 40895
40895 56703 21:0 40896
40902 56716 21:0 40931
40904 72069 1:0 40904
40904 72067 1:0 40904
40905 71917 1:0 41524
40905 71907 1:0 41544
40905 57010 1:0 41544
40905 7 1:0 41549
40905 5 1:0 41595
40905 57012 1:0 41600
40905 3 1:0 41603
40930 72063 1:0 40930
40937 56725 21:0 40940
40947 56727 21:0 40950
40957 72062 1:0 40957
40957 56730 21:0 40974
40973 56734 21:0 40974
40985 56748 21:0 40990
40987 71919 1:0 41519
40988 71906 1:0 41524
40988 56983 1:0 41524
40988 71905 1:0 41549
40988 71904 1:0 41549
40988 71902 1:0 41549
40988 71898 1:0 41584
40988 344 1:0 41603
40988 57015 1:0 41610
40989 72050 1:0 40989
40996 56752 21:0 40999
40997 71897 1:0 41611
41006 72049 1:0 41006
41006 56755 21:0 41027
41026 56760 21:0 41027
41033 56773 21:0 41062
41035 72036 1:0 41035
41035 72037 1:0 41035
41061 72030 1:0 41061
41068 56782 21:0 41071
41078 56784 21:0 41081
41088 72029 1:0 41088
41088 56787 21:0 41105
41093 72023 1:0 41093
41104 56791 21:0 41105
41116 56805 21:0 41121
41127 56809 21:0 41130
41137 72016 1:0 41137
41137 56812 21:0 41158
41142 72010 1:0 41142
41157 72005 1:0 41157
41157 56817 21:0 41158
41164 56830 21:0 41193
41166 72001 1:0 41166
41166 72004 1:0 41166
41192 71997 1:0 41192
41199 56839 21:0 41202
41209 56841 21:0 41212
41219 71996 1:0 41219
41219 56844 21:0 41236
41224 71990 1:0 41224
41235 56848 21:0 41236
41247 56862 21:0 41252
41251 71984 1:0 41251
41258 56866 21:0 41261
41268 56869 21:0 41289
41288 56874 21:0 41289
41295 56887 21:0 41324
41330 56896 21:0 41333
41340 56898 21:0 41343
41350 56901 21:0 41367
41366 56905 21:0 41367
41378 56919 21:0 41383
41389 56923 21:0 41392
41399 56926 21:0 41420
41419 56931 21:0 41420
41426 56944 21:0 41455
41461 56953 21:0 41464
41471 56955 21:0 41474
41481 56958 21:0 41498
41497 56962 21:0 41498
41509 56976 21:0 41514
41520 56980 21:0 41523
41530 56983 21:0 41551
41550 56988 21:0 41551
41557 57001 21:0 41586
41592 57010 21:0 41595
41602 57012 21:0 41605
41612 57015 21:0 41629
41628 57019 21:0 41629
41638 73547 21:0 41639
41639 73548 21:0 41650
41649 17 21:0 41650
41649 5 21:0 41650
41650 73549 21:0 41678
41677 344 21:0 41683
41682 73558 21:0 41683
41682 3 21:0 41683
41682 7 21:0 41683
41685 345 21:0 41694
41693 73555 21:0 41694
41693 73557 21:0 41694
41693 19 21:0 41694
41693 73567 21:0 41694
41696 73570 21:0 41704
41703 73572 21:0 41754
41753 73571 21:0 41770
41769 73573 21:0 41775
41774 73603 21:0 41794
41793 73604 21:0 41846
41830 73621 21:0 41830
41830 73622 21:0 41830
41835 73623 21:0 41835
41837 73608 21:0 41837
41845 73605 21:0 41851
41850 73606 21:0 41856
41855 73636 21:0 41906
41867 73647 21:0 41867
41878 73648 21:0 41878
41905 73638 21:0 41927
41906 73655 21:0 41906
41906 73654 21:0 41906
41919 73667 21:0 41919
41926 73637 21:0 41932
41931 73639 21:0 41982
41981 73669 21:0 41998
41982 73685 21:0 41982
41997 73671 21:0 42003
42002 73670 21:0 42022
42010 73694 21:0 42010
42019 73713 21:0 42019
42021 73672 21:0 42074
42030 73714 21:0 42030
42058 73718 21:0 42058
42058 73720 21:0 42058
42065 73707 21:0 42065
42071 73733 21:0 42071
42073 73702 21:0 42079
42078 73704 21:0 42084
42079 73734 21:0 42079
42083 73703 21:0 42139
42134 73754 21:0 42134
42138 73705 21:0 42155
42139 73755 21:0 42139
42147 73766 21:0 42147
42154 73735 21:0 42160
42155 73767 21:0 42155
42159 73737 21:0 42210
42182 73780 21:0 42182
42209 73736 21:0 42226
42210 73784 21:0 42210
42210 73786 21:0 42210
42215 73788 21:0 42215
42225 73738 21:0 42231
42230 73768 21:0 42250
42231 73800 21:0 42231
42247 73812 21:0 42247
42249 73770 21:0 42302
42293 73806 21:0 42293
42301 73769 21:0 42307
42306 73771 21:0 42312
42307 73833 21:0 42307
42311 73801 21:0 42362
42314 73826 21:0 42314
42323 73845 21:0 42323
42334 73846 21:0 42334
42361 73802 21:0 42378
42362 73850 21:0 42362
42362 73853 21:0 42362
42362 73852 21:0 42362
42367 73854 21:0 42367
42369 73839 21:0 42369
42375 73865 21:0 42375
42377 73803 21:0 42388
42383 73866 21:0 42383
42387 73804 21:0 42438
42390 73859 21:0 42390
42399 73878 21:0 42399
42410 73879 21:0 42410
42437 73834 21:0 42454
42438 73886 21:0 42438
42438 73883 21:0 42438
42438 73885 21:0 42438
42439 199 1:0 42449
42439 191 1:0 42450
42443 73887 21:0 42443
42445 73872 21:0 42445
42451 73898 21:0 42451
42453 195 1:0 42455
42453 73836 21:0 42459
42458 193 1:0 42460
42458 73835 21:0 42478
42459 73899 21:0 42459
42463 201 1:0 42474
42466 73892 21:0 42466
42473 215 1:0 42473
42475 73911 21:0 42475
42477 203 1:0 42478
42477 73837 21:0 42530
42481 205 1:0 42482
42513 207 1:0 42515
42514 73916 21:0 42514
42514 73919 21:0 42514
42514 73918 21:0 42514
42518 209 1:0 42526
42521 73905 21:0 42521
42525 217 1:0 42525
42527 73931 21:0 42527
42529 213 1:0 42531
42529 73867 21:0 42535
42534 211 1:0 42536
42534 73868 21:0 42540
42535 73932 21:0 42535
42539 219 1:0 42550
42539 73869 21:0 42590
42549 233 1:0 42549
42551 73944 21:0 42551
42553 221 1:0 42554
42557 223 1:0 42558
42562 73945 21:0 42562
42589 225 1:0 42591
42589 73870 21:0 42606
42590 73952 21:0 42590
42590 73951 21:0 42590
42590 73949 21:0 42590
42594 227 1:0 42602
42595 73953 21:0 42595
42601 235 1:0 42601
42603 73964 21:0 42603
42605 231 1:0 42607
42605 73900 21:0 42616
42610 229 1:0 42612
42611 73965 21:0 42611
42615 237 1:0 42626
42615 73902 21:0 42666
42618 73958 21:0 42618
42625 251 1:0 42625
42627 73977 21:0 42627
42629 239 1:0 42630
42633 241 1:0 42634
42638 73978 21:0 42638
42665 243 1:0 42667
42665 73901 21:0 42682
42666 73985 21:0 42666
42666 73982 21:0 42666
42666 73984 21:0 42666
42670 245 1:0 42678
42671 73986 21:0 42671
42677 253 1:0 42677
42679 73997 21:0 42679
42681 249 1:0 42683
42681 73903 21:0 42687
42686 247 1:0 42688
42686 73933 21:0 42692
42687 73998 21:0 42687
42691 255 1:0 42702
42691 73935 21:0 42758
42701 269 1:0 42701
42705 257 1:0 42706
42709 259 1:0 42710
42741 261 1:0 42743
42746 263 1:0 42754
42753 271 1:0 42753
42757 267 1:0 42759
42757 73934 21:0 42763
42762 265 1:0 42764
42762 73936 21:0 42768
42767 73553 21:0 42768
42767 273 1:0 42778
42767 73568 21:0 42782
42768 74035 21:0 42768
42777 287 1:0 42777
42781 275 1:0 42782
42781 73556 21:0 42818
42785 277 1:0 42786
42817 279 1:0 42819
42817 73966 21:0 42834
42822 281 1:0 42830
42829 289 1:0 42829
42833 285 1:0 42835
42833 73968 21:0 42839
42836 74065 21:0 42836
42838 283 1:0 42840
42838 73967 21:0 42858
42841 74066 21:0 42841
42841 74067 21:0 42841
42843 291 1:0 42854
42844 74068 21:0 42844
42853 305 1:0 42853
42857 293 1:0 42858
42857 73969 21:0 42910
42861 295 1:0 42862
42893 297 1:0 42895
42898 299 1:0 42906
42905 307 1:0 42905
42909 303 1:0 42911
42909 73999 21:0 42915
42912 74098 21:0 42912
42914 301 1:0 42916
42914 74000 21:0 42920
42917 74099 21:0 42917
42917 74100 21:0 42917
42919 309 1:0 42930
42919 74001 21:0 42970
42920 74101 21:0 42920
42929 323 1:0 42929
42933 311 1:0 42934
42937 313 1:0 42938
42969 315 1:0 42971
42969 73562 21:0 42983
42974 317 1:0 42982
42981 325 1:0 42981
42982 73569 21:0 42986
42985 73582 21:0 42986
42985 73590 21:0 42986
42985 321 1:0 42987
42985 73588 21:0 42991
42988 74131 21:0 42988
42990 73589 21:0 42991
42990 73581 21:0 42991
42990 319 1:0 42992
42990 73601 21:0 42996
42995 73595 21:0 42996
42995 73575 21:0 42996
42995 329 1:0 43007
42995 73586 21:0 43011
43004 327 1:0 43004
43010 55381 1:0 43013
43010 73723 21:0 43016
43015 74042 21:0 43016
43015 233 21:0 43016
43015 74009 21:0 43016
43015 37 21:0 43016
43015 181 21:0 43016
43015 89 21:0 43016
43015 199 21:0 43016
43015 179 21:0 43016
43015 73756 21:0 43016
43015 73831 21:0 43016
43015 127 21:0 43016
43016 74144 21:0 43026
43025 55991 1:0 43027
43025 74002 21:0 43052
43032 55995 1:0 43032
43051 56007 1:0 43053
43051 74032 21:0 43060
43059 74033 21:0 43063
43062 56011 1:0 43064
43062 74034 21:0 43072
43066 74131 1:0 43066
43071 73614 21:0 43072
43071 73602 21:0 43072
43071 56014 1:0 43074
43071 73747 21:0 43097
43079 56019 1:0 43079
43096 73674 21:0 43132
43099 56032 1:0 43101
43131 73615 21:0 43151
43134 56041 1:0 43136
43143 56043 1:0 43146
43150 73619 21:0 43154
43153 56046 1:0 43156
43153 73821 21:0 43180
43161 56050 1:0 43161
43179 74101 1:0 43179
43179 73819 21:0 43180
43179 73635 21:0 43180
43179 73681 21:0 43183
43182 73820 21:0 43183
43182 73817 21:0 43183
43182 56064 1:0 43184
43182 73799 21:0 43191
43186 74099 1:0 43186
43187 74100 1:0 43187
43190 73656 21:0 43191
43190 73722 21:0 43191
43190 73700 21:0 43194
43193 73652 21:0 43194
43193 73760 21:0 43194
43193 56068 1:0 43195
43193 73628 21:0 43200
43197 74098 1:0 43197
43199 73727 21:0 43200
43199 73687 21:0 43200
43199 73793 21:0 43203
43202 73740 21:0 43203
43202 73688 21:0 43203
43202 56071 1:0 43205
43202 73753 21:0 43228
43210 56076 1:0 43210
43227 73721 21:0 43263
43230 56089 1:0 43232
43262 73787 21:0 43282
43265 56098 1:0 43267
43274 56100 1:0 43277
43281 73779 21:0 43285
43284 56103 1:0 43287
43284 73746 21:0 43311
43292 56107 1:0 43292
43310 74068 1:0 43310
43310 73641 21:0 43311
43310 73813 21:0 43311
43310 73701 21:0 43314
43313 73634 21:0 43314
43313 73773 21:0 43314
43313 56121 1:0 43315
43313 73661 21:0 43322
43317 74066 1:0 43317
43318 74067 1:0 43318
43321 73680 21:0 43322
43321 73668 21:0 43322
43321 73751 21:0 43325
43324 73832 21:0 43325
43324 56103 21:0 43325
43324 73689 21:0 43325
43324 55381 21:0 43325
43324 56125 1:0 43326
43324 74020 21:0 43328
43327 73996 21:0 43328
43327 56019 21:0 43328
43327 73580 21:0 43328
43327 73798 21:0 43328
43327 73712 21:0 43328
43327 73600 21:0 43328
43327 73679 21:0 43328
43327 73666 21:0 43328
43327 73930 21:0 43328
43327 73897 21:0 43328
43327 73844 21:0 43328
43327 73877 21:0 43328
43327 73976 21:0 43328
43327 73646 21:0 43328
43327 73963 21:0 43328
43327 73745 21:0 43328
43327 56050 21:0 43328
43327 56076 21:0 43328
43327 56107 21:0 43328
43327 73765 21:0 43328
43327 74062 21:0 43328
43327 55995 21:0 43328
43327 327 21:0 43328
43327 74146 21:0 43328
43328 74065 1:0 43328
43328 56125 21:0 43331
43329 56155 1:0 43334
43329 56128 1:0 43336
43329 74062 1:0 43338
43329 56133 1:0 43338
43329 56157 1:0 43338
43329 56146 1:0 43338
43329 56292 1:0 43357
43329 56164 1:0 43357
43329 74042 1:0 43357
43329 56160 1:0 43357
43329 74034 1:0 43440
43329 56214 1:0 43465
43329 74020 1:0 43465
43329 56190 1:0 43469
43329 56203 1:0 43469
43329 56212 1:0 43469
43329 74009 1:0 43488
43329 56221 1:0 43488
43329 56247 1:0 43600
43329 73996 1:0 43600
43329 73976 1:0 43619
43330 56121 21:0 43331
43330 56071 21:0 43331
43330 56068 21:0 43331
43330 56064 21:0 43331
43330 56014 21:0 43334
43332 74033 1:0 43447
43333 56007 21:0 43334
43333 56089 21:0 43334
43333 56098 21:0 43334
43333 56046 21:0 43334
43333 56011 21:0 43334
43333 317 21:0 43334
43333 321 21:0 43334
43333 56100 21:0 43334
43333 319 21:0 43334
43333 56043 21:0 43338
43335 56178 1:0 43446
43335 56809 1:0 43451
43335 56748 1:0 43451
43335 56463 1:0 43451
43335 74032 1:0 43458
43335 56812 1:0 43460
43337 73910 21:0 43338
43337 71 21:0 43338
43337 73699 21:0 43338
43337 73633 21:0 43338
43337 215 21:0 43338
43337 74029 21:0 43338
43337 143 21:0 43338
43337 73811 21:0 43338
43337 73943 21:0 43338
43337 323 21:0 43338
43337 325 21:0 43338
43337 235 21:0 43338
43337 125 21:0 43338
43337 73778 21:0 43338
43337 251 21:0 43338
43337 73613 21:0 43338
43337 91 21:0 43338
43337 35 21:0 43338
43337 269 21:0 43338
43337 107 21:0 43338
43337 161 21:0 43338
43337 55 21:0 43338
43337 197 21:0 43338
43337 145 21:0 43338
43337 109 21:0 43338
43337 53 21:0 43338
43337 287 21:0 43338
43337 217 21:0 43338
43337 163 21:0 43338
43337 305 21:0 43338
43337 307 21:0 43338
43337 271 21:0 43338
43337 73732 21:0 43338
43337 73864 21:0 43338
43337 73 21:0 43338
43337 253 21:0 43338
43337 56869 1:0 43460
43338 56128 21:0 43359
43339 287 1:0 43357
43339 271 1:0 43469
43339 74029 1:0 43469
43339 269 1:0 43488
43339 253 1:0 43600
43340 56182 1:0 43457
43357 74002 1:0 43488
43358 301 21:0 43362
43361 303 21:0 43362
43361 299 21:0 43397
43363 56217 1:0 43488
43368 56185 1:0 43467
43368 56356 1:0 43488
43368 56410 1:0 43488
43368 56235 1:0 43577
43368 56638 1:0 43582
43396 283 21:0 43413
43409 251 1:0 43619
43409 56278 1:0 43619
43409 235 1:0 43731
43409 56304 1:0 43731
43409 73963 1:0 43731
43409 56335 1:0 43750
43409 233 1:0 43750
43409 73943 1:0 43750
43409 217 1:0 43862
43409 56361 1:0 43862
43409 73930 1:0 43862
43409 215 1:0 43879
43409 56392 1:0 43879
43409 73910 1:0 43881
43409 73897 1:0 43990
43409 56418 1:0 43992
43409 199 1:0 43992
43409 73877 1:0 44009
43409 197 1:0 44009
43409 56449 1:0 44009
43409 73864 1:0 44121
43409 181 1:0 44121
43409 56475 1:0 44123
43409 179 1:0 44140
43409 56506 1:0 44140
43409 73844 1:0 44140
43409 73831 1:0 44255
43409 163 1:0 44255
43409 56532 1:0 44255
43409 161 1:0 44272
43409 73811 1:0 44274
43409 56563 1:0 44274
43409 73798 1:0 44386
43409 145 1:0 44386
43409 56589 1:0 44386
43409 143 1:0 44403
43409 73778 1:0 44405
43409 56620 1:0 44405
43409 73765 1:0 44513
43409 56646 1:0 44513
43409 127 1:0 44513
43409 125 1:0 44534
43409 73745 1:0 44534
43409 56677 1:0 44534
43409 73732 1:0 44648
43409 56703 1:0 44648
43409 109 1:0 44648
43409 56734 1:0 44665
43409 107 1:0 44665
43409 73712 1:0 44667
43409 56760 1:0 44775
43409 91 1:0 44775
43412 285 21:0 43413
43412 281 21:0 43416
43415 56157 21:0 43416
43415 56155 21:0 43416
43415 55991 21:0 43416
43415 56041 21:0 43416
43415 56146 21:0 43416
43415 329 21:0 43416
43415 56032 21:0 43416
43415 73921 21:0 43418
43417 289 21:0 43418
43417 56133 21:0 43418
43417 73789 21:0 43418
43417 74001 1:0 43571
43420 56160 21:0 43437
43422 56271 1:0 43596
43436 315 21:0 43442
43441 74035 1:0 43441
43441 57 21:0 43442
43441 275 21:0 43442
43441 297 21:0 43442
43441 151 21:0 43442
43441 73987 21:0 43442
43441 111 21:0 43442
43441 311 21:0 43442
43441 95 21:0 43442
43441 259 21:0 43442
43441 39 21:0 43442
43441 203 21:0 43442
43441 43 21:0 43442
43441 99 21:0 43442
43441 279 21:0 43442
43441 73855 21:0 43442
43441 313 21:0 43442
43441 73822 21:0 43442
43441 56164 21:0 43442
43441 23 21:0 43442
43441 73591 21:0 43442
43441 183 21:0 43442
43441 287 21:0 43442
43441 241 21:0 43442
43441 79 21:0 43442
43441 73954 21:0 43442
43441 277 21:0 43442
43441 73888 21:0 43442
43441 147 21:0 43442
43441 153 21:0 43442
43441 225 21:0 43442
43441 75 21:0 43442
43441 45 21:0 43442
43441 295 21:0 43442
43441 205 21:0 43442
43441 273 21:0 43442
43441 73690 21:0 43442
43441 309 21:0 43442
43441 73657 21:0 43442
43441 293 21:0 43442
43441 73624 21:0 43442
43441 257 21:0 43442
43441 21 21:0 43442
43441 291 21:0 43442
43441 255 21:0 43442
43441 117 21:0 43445
43443 255 1:0 43460
43443 259 1:0 43465
43443 257 1:0 43465
43443 241 1:0 43596
43444 63 21:0 43445
43444 169 21:0 43445
43444 261 21:0 43445
43446 261 1:0 43460
43448 56178 21:0 43453
43450 74000 1:0 43578
43451 56524 1:0 43582
43451 56299 1:0 43582
43451 56239 1:0 43588
43451 73999 1:0 43589
43451 56296 1:0 43591
43451 56577 1:0 43591
43451 73987 1:0 43596
43451 56242 1:0 43598
43451 56260 1:0 43600
43451 56269 1:0 43600
43451 56274 1:0 43619
43451 73954 1:0 43727
43451 56326 1:0 43727
43451 56328 1:0 43731
43451 56317 1:0 43731
43451 73921 1:0 43858
43451 73888 1:0 43992
43452 265 21:0 43453
43459 56182 21:0 43462
43460 73689 1:0 43619
43460 73969 1:0 43619
43461 267 21:0 43462
43463 73967 1:0 43702
43466 56755 1:0 43722
43469 56185 21:0 43490
43471 73968 1:0 43710
43477 73699 1:0 44775
43478 89 1:0 44796
43478 56791 1:0 44798
43486 73832 1:0 43713
43487 73751 1:0 43713
43487 73668 1:0 43722
43488 73679 1:0 44798
43489 263 21:0 43493
43492 56190 21:0 43493
43492 271 21:0 43493
43496 56203 21:0 43525
43499 225 1:0 43727
43499 56349 1:0 43750
43499 73680 1:0 43750
43499 73855 1:0 44123
43499 56817 1:0 44906
43499 73666 1:0 44906
43499 73 1:0 44906
43524 261 21:0 43528
43531 56212 21:0 43534
43533 259 21:0 43534
43541 56214 21:0 43544
43543 257 21:0 43544
43551 56217 21:0 43568
43567 255 21:0 43573
43572 269 21:0 43573
43572 56221 21:0 43573
43579 56235 21:0 43584
43581 73966 1:0 43720
43582 73936 1:0 43750
43582 56331 1:0 43750
43582 73773 1:0 43844
43582 73661 1:0 43844
43582 73634 1:0 43853
43582 56385 1:0 43858
43582 205 1:0 43858
43582 203 1:0 43858
43582 56383 1:0 43862
43582 56374 1:0 43862
43582 56388 1:0 43881
43583 73998 1:0 43583
43583 247 21:0 43584
43590 56239 21:0 43593
43591 73934 1:0 43833
43591 73935 1:0 43841
43592 249 21:0 43593
43597 73933 1:0 43851
43599 56353 1:0 43850
43600 73997 1:0 43600
43600 56242 21:0 43621
43602 73646 1:0 44929
43618 73903 1:0 43881
43619 71 1:0 44929
43619 56848 1:0 44929
43620 73986 1:0 43620
43620 245 21:0 43624
43623 56247 21:0 43624
43623 253 21:0 43624
43627 56260 21:0 43656
43629 73985 1:0 43629
43629 73982 1:0 43629
43629 73984 1:0 43629
43630 73701 1:0 43881
43630 56406 1:0 43881
43630 56440 1:0 43992
43630 56442 1:0 43992
43630 56497 1:0 44123
43630 56499 1:0 44123
43630 73822 1:0 44251
43630 56874 1:0 45037
43630 55 1:0 45037
43630 73633 1:0 45037
43655 73978 1:0 43655
43655 243 21:0 43659
43662 56269 21:0 43665
43664 241 21:0 43665
43672 56271 21:0 43675
43674 239 21:0 43675
43682 73977 1:0 43682
43682 56274 21:0 43699
43698 237 21:0 43704
43703 56278 21:0 43704
43703 251 21:0 43704
43710 56292 21:0 43715
43712 73901 1:0 43964
43713 73902 1:0 43972
43713 73641 1:0 43975
43713 73813 1:0 43975
43713 73746 1:0 43984
43713 56467 1:0 43984
43714 73965 1:0 43714
43714 229 21:0 43715
43721 56296 21:0 43724
43722 73900 1:0 43982
43722 73870 1:0 44009
43723 231 21:0 43724
43725 183 1:0 43990
43725 56413 1:0 43991
43725 56431 1:0 43992
43725 56445 1:0 44009
43725 56488 1:0 44123
43728 73779 1:0 44009
43728 169 1:0 44121
43728 56554 1:0 44251
43728 151 1:0 44251
43728 56556 1:0 44255
43728 73789 1:0 44382
43728 73613 1:0 45060
43728 56905 1:0 45060
43728 53 1:0 45060
43728 56931 1:0 45172
43728 73600 1:0 45172
43728 37 1:0 45172
43731 73964 1:0 43731
43731 56299 21:0 43752
43736 73958 1:0 43736
43748 73869 1:0 44095
43751 73953 1:0 43751
43751 227 21:0 43755
43754 235 21:0 43755
43754 56304 21:0 43755
43758 56317 21:0 43787
43760 73952 1:0 43760
43760 73951 1:0 43760
43760 73949 1:0 43760
43761 73868 1:0 44102
43786 73945 1:0 43786
43786 225 21:0 43790
43793 56326 21:0 43796
43795 223 21:0 43796
43803 56328 21:0 43806
43805 221 21:0 43806
43813 73944 1:0 43813
43813 56331 21:0 43830
43829 219 21:0 43835
43834 56335 21:0 43835
43834 233 21:0 43835
43841 56349 21:0 43846
43843 73787 1:0 44106
43843 73721 1:0 44106
43843 56470 1:0 44115
43843 73753 1:0 44115
43844 73867 1:0 44113
43844 73837 1:0 44140
43845 73932 1:0 43845
43845 211 21:0 43846
43852 56353 21:0 43855
43853 73688 1:0 44140
43853 56502 1:0 44140
43853 56520 1:0 44140
43853 73835 1:0 44226
43853 73817 1:0 44237
43853 73820 1:0 44237
43853 147 1:0 44246
43853 153 1:0 44251
43853 56559 1:0 44255
43854 213 21:0 43855
43859 73836 1:0 44234
43861 56634 1:0 44246
43862 73931 1:0 43862
43862 56356 21:0 43883
43864 73580 1:0 45191
43880 73834 1:0 44244
43881 56962 1:0 45191
43881 35 1:0 45191
43882 209 21:0 43886
43885 217 21:0 43886
43885 56361 21:0 43886
43889 56374 21:0 43918
43891 73916 1:0 43891
43891 73919 1:0 43891
43891 73918 1:0 43891
43892 73819 1:0 44246
43892 56527 1:0 44253
43892 56545 1:0 44274
43892 73756 1:0 44513
43892 56988 1:0 45297
43892 19 1:0 45297
43892 73567 1:0 45308
43917 207 21:0 43921
43924 56383 21:0 43927
43926 205 21:0 43927
43934 56385 21:0 43937
43936 203 21:0 43937
43944 73911 1:0 43944
43944 56388 21:0 43961
43949 73905 1:0 43949
43960 201 21:0 43966
43965 56392 21:0 43966
43965 215 21:0 43966
43972 56406 21:0 43977
43974 73804 1:0 44274
43975 73821 1:0 44274
43975 73803 1:0 44357
43975 73793 1:0 44368
43975 73740 1:0 44368
43975 56581 1:0 44374
43976 73899 1:0 43976
43976 193 21:0 43977
43983 56410 21:0 43986
43984 73802 1:0 44364
43984 73801 1:0 44375
43985 195 21:0 43986
43987 73687 1:0 44377
43990 56611 1:0 44382
43990 56613 1:0 44386
43990 56616 1:0 44386
43990 56602 1:0 44405
43990 117 1:0 44508
43990 73723 1:0 44644
43990 17 1:0 45385
43990 57019 1:0 45388
43990 73547 1:0 45390
43993 73898 1:0 43993
43993 56413 21:0 44014
43995 73771 1:0 44405
43998 73892 1:0 43998
44010 73799 1:0 44385
44011 56584 1:0 44384
44011 73628 1:0 44499
44013 73887 1:0 44013
44013 191 21:0 44017
44016 56418 21:0 44017
44016 199 21:0 44017
44020 56431 21:0 44049
44022 73886 1:0 44022
44022 73883 1:0 44022
44022 73885 1:0 44022
44023 73727 1:0 44499
44048 73879 1:0 44048
44048 189 21:0 44052
44055 56440 21:0 44058
44065 56442 21:0 44068
44075 73878 1:0 44075
44075 56445 21:0 44092
44080 73872 1:0 44080
44091 56449 21:0 44092
44103 56463 21:0 44108
44105 73769 1:0 44488
44106 73770 1:0 44496
44106 73768 1:0 44506
44107 73866 1:0 44107
44114 56467 21:0 44117
44115 56691 1:0 44508
44115 73760 1:0 44508
44115 56670 1:0 44513
44115 56659 1:0 44513
44115 111 1:0 44513
44115 56641 1:0 44515
44115 56673 1:0 44531
44115 73738 1:0 44534
44115 73747 1:0 44534
44115 56668 1:0 44534
44115 56725 1:0 44644
44115 95 1:0 44644
44121 73736 1:0 44619
44124 73865 1:0 44124
44124 56470 21:0 44145
44129 73859 1:0 44129
44142 73737 1:0 44627
44144 73854 1:0 44144
44144 56475 21:0 44145
44151 56488 21:0 44180
44153 73850 1:0 44153
44153 73853 1:0 44153
44153 73852 1:0 44153
44154 73700 1:0 44630
44154 99 1:0 44644
44154 56727 1:0 44648
44154 56716 1:0 44648
44154 56782 1:0 44775
44154 73690 1:0 44775
44179 73846 1:0 44179
44186 56497 21:0 44189
44196 56499 21:0 44199
44206 73845 1:0 44206
44206 56502 21:0 44223
44211 73839 1:0 44211
44222 56506 21:0 44223
44234 56520 21:0 44239
44236 73652 1:0 44630
44236 56695 1:0 44636
44236 73722 1:0 44639
44236 56698 1:0 44646
44237 73735 1:0 44637
44237 73705 1:0 44667
44238 73833 1:0 44238
44245 56524 21:0 44248
44246 73656 1:0 44667
44246 56730 1:0 44667
44246 73703 1:0 44750
44246 73635 1:0 44761
44246 73681 1:0 44761
44246 79 1:0 44775
44246 56787 1:0 44775
44246 56784 1:0 44798
44246 73657 1:0 44906
44252 73704 1:0 44758
44255 56527 21:0 44276
44260 73826 1:0 44260
44273 73702 1:0 44768
44275 56532 21:0 44276
44282 56545 21:0 44311
44285 56752 1:0 44767
44285 73619 1:0 44770
44317 56554 21:0 44320
44327 56556 21:0 44330
44337 73812 1:0 44337
44337 56559 21:0 44354
44342 73806 1:0 44342
44353 56563 21:0 44354
44365 56577 21:0 44370
44367 73672 1:0 44798
44368 75 1:0 44775
44368 56773 1:0 44793
44368 56805 1:0 44798
44368 73674 1:0 44798
44368 73670 1:0 44881
44368 73615 1:0 44892
44368 63 1:0 44901
44368 56844 1:0 44906
44369 73800 1:0 44369
44376 56581 21:0 44379
44377 73671 1:0 44889
44377 73614 1:0 44892
44377 56976 1:0 44901
44377 73602 1:0 44901
44377 57 1:0 44906
44377 56841 1:0 44906
44377 56830 1:0 44924
44377 56839 1:0 44929
44377 56862 1:0 44929
44377 73624 1:0 45037
44383 73669 1:0 44899
44386 56584 21:0 44407
44404 73639 1:0 44929
44406 73788 1:0 44406
44406 56589 21:0 44407
44413 56602 21:0 44442
44415 73784 1:0 44415
44415 73786 1:0 44415
44416 73586 1:0 44929
44416 56866 1:0 45029
44441 73780 1:0 44441
44448 56611 21:0 44451
44458 56613 21:0 44461
44468 56616 21:0 44485
44484 56620 21:0 44485
44496 56634 21:0 44501
44498 73637 1:0 45012
44499 73638 1:0 45020
44499 73575 1:0 45023
44499 73595 1:0 45023
44499 45 1:0 45032
44499 56896 1:0 45037
44499 39 1:0 45037
44499 56887 1:0 45037
44499 43 1:0 45037
44499 56898 1:0 45060
44499 73591 1:0 45168
44500 73767 1:0 44500
44507 56638 21:0 44510
44508 73636 1:0 45030
44508 73601 1:0 45032
44511 73606 1:0 45060
44514 56901 1:0 45055
44514 56919 1:0 45060
44514 73581 1:0 45060
44514 73589 1:0 45154
44514 23 1:0 45168
44514 21 1:0 45168
44514 56955 1:0 45168
44514 56953 1:0 45172
44517 73766 1:0 44517
44517 56641 21:0 44538
44535 73605 1:0 45143
44537 73755 1:0 44537
44537 56646 21:0 44538
44544 56659 21:0 44573
44546 73754 1:0 44546
44547 73588 1:0 45154
44547 56923 1:0 45160
44579 56668 21:0 44582
44589 56670 21:0 44592
44599 56673 21:0 44616
44615 56677 21:0 44616
44627 56691 21:0 44632
44629 73604 1:0 45150
44630 73603 1:0 45161
44630 73582 1:0 45163
44630 56926 1:0 45170
44630 56958 1:0 45172
44630 73590 1:0 45191
44630 56944 1:0 45191
44630 7 1:0 45316
44630 57010 1:0 45319
44630 73558 1:0 45322
44631 73734 1:0 44631
44638 56695 21:0 44641
44639 73573 1:0 45191
44639 73571 1:0 45274
44647 73572 1:0 45282
44648 73733 1:0 44648
44648 56698 21:0 44669
44650 346 1:0 45285
44665 73569 1:0 45285
44666 56980 1:0 45291
44666 73562 1:0 45294
44668 56703 21:0 44669
44675 56716 21:0 44704
44677 73718 1:0 44677
44677 73720 1:0 44677
44678 73556 1:0 45297
44678 56983 1:0 45297
44703 73714 1:0 44703
44710 56725 21:0 44713
44720 56727 21:0 44723
44730 73713 1:0 44730
44730 56730 21:0 44747
44735 73707 1:0 44735
44746 56734 21:0 44747
44758 56748 21:0 44763
44760 73570 1:0 45292
44761 73568 1:0 45297
44761 57001 1:0 45297
44761 73557 1:0 45322
44761 73553 1:0 45322
44761 73555 1:0 45322
44761 73549 1:0 45357
44761 5 1:0 45368
44761 57012 1:0 45373
44761 345 1:0 45376
44761 3 1:0 45376
44761 57015 1:0 45383
44761 189 1:0 46212
44769 56752 21:0 44772
44770 73548 1:0 45384
44779 56755 21:0 44800
44784 73694 1:0 44784
44799 56760 21:0 44800
44806 56773 21:0 44835
44808 73685 1:0 44808
44841 56782 21:0 44844
44851 56784 21:0 44854
44861 56787 21:0 44878
44877 56791 21:0 44878
44889 56805 21:0 44894
44900 56809 21:0 44903
44910 73667 1:0 44910
44910 56812 21:0 44931
44930 56817 21:0 44931
44937 56830 21:0 44966
44939 73655 1:0 44939
44939 73654 1:0 44939
44965 73648 1:0 44965
44972 56839 21:0 44975
44982 56841 21:0 44985
44992 73647 1:0 44992
44992 56844 21:0 45009
45008 56848 21:0 45009
45020 56862 21:0 45025
45031 56866 21:0 45034
45041 56869 21:0 45062
45061 73623 1:0 45061
45061 56874 21:0 45062
45068 56887 21:0 45097
45070 73621 1:0 45070
45070 73622 1:0 45070
45103 56896 21:0 45106
45113 56898 21:0 45116
45123 56901 21:0 45140
45128 73608 1:0 45128
45139 56905 21:0 45140
45151 56919 21:0 45156
45162 56923 21:0 45165
45172 56926 21:0 45193
45192 56931 21:0 45193
45199 56944 21:0 45228
45234 56953 21:0 45237
45244 56955 21:0 45247
45254 56958 21:0 45271
45270 56962 21:0 45271
45282 56976 21:0 45287
45293 56980 21:0 45296
45303 56983 21:0 45324
45323 56988 21:0 45324
45330 57001 21:0 45359
45365 57010 21:0 45368
45375 57012 21:0 45378
45385 57015 21:0 45402
45401 57019 21:0 45402
45411 75198 21:0 45412
45412 75199 21:0 45423
45422 3 21:0 45423
45422 17 21:0 45423
45423 75200 21:0 45451
45450 345 21:0 45456
45455 75209 21:0 45456
45455 5 21:0 45456
45455 7 21:0 45456
45458 346 21:0 45467
45466 75206 21:0 45467
45466 75219 21:0 45467
45466 75218 21:0 45467
45466 19 21:0 45467
45469 75221 21:0 45477
45476 75223 21:0 45527
45526 75222 21:0 45543
45542 75224 21:0 45548
45547 75254 21:0 45567
45566 75256 21:0 45619
45618 75255 21:0 45624
45623 75257 21:0 45629
45628 75287 21:0 45684
45683 75289 21:0 45700
45692 75318 21:0 45692
45699 75288 21:0 45705
45704 75290 21:0 45755
45707 75312 21:0 45707
45727 75332 21:0 45727
45754 75320 21:0 45771
45755 75339 21:0 45755
45760 75340 21:0 45760
45762 75325 21:0 45762
45768 75351 21:0 45768
45770 75322 21:0 45776
45775 75321 21:0 45795
45776 75352 21:0 45776
45783 75345 21:0 45783
45792 75364 21:0 45792
45794 75323 21:0 45847
45803 75365 21:0 45803
45831 75371 21:0 45831
45831 75369 21:0 45831
45831 75372 21:0 45831
45836 75373 21:0 45836
45838 75358 21:0 45838
45846 75353 21:0 45852
45851 75354 21:0 45857
45852 75385 21:0 45852
45856 75355 21:0 45912
45859 75378 21:0 45859
45868 75397 21:0 45868
45879 75398 21:0 45879
45907 75404 21:0 45907
45907 75405 21:0 45907
45911 75356 21:0 45928
45920 75417 21:0 45920
45927 75386 21:0 45933
45928 75418 21:0 45928
45932 75388 21:0 45983
45935 75411 21:0 45935
45944 75430 21:0 45944
45955 75431 21:0 45955
45982 75387 21:0 45999
45983 75438 21:0 45983
45983 75435 21:0 45983
45983 75437 21:0 45983
45988 75439 21:0 45988
45990 75424 21:0 45990
45996 75450 21:0 45996
45998 75389 21:0 46004
46003 75419 21:0 46023
46004 75451 21:0 46004
46011 75444 21:0 46011
46020 75463 21:0 46020
46022 75421 21:0 46075
46031 75464 21:0 46031
46059 75470 21:0 46059
46059 75468 21:0 46059
46064 75472 21:0 46064
46066 75457 21:0 46066
46072 75483 21:0 46072
46074 75420 21:0 46080
46079 75422 21:0 46085
46084 75452 21:0 46135
46087 75477 21:0 46087
46096 75496 21:0 46096
46107 75497 21:0 46107
46134 75453 21:0 46151
46135 75504 21:0 46135
46135 75503 21:0 46135
46135 75501 21:0 46135
46142 75490 21:0 46142
46148 75516 21:0 46148
46150 75454 21:0 46161
46156 75517 21:0 46156
46160 75455 21:0 46211
46163 75510 21:0 46163
46172 75529 21:0 46172
46210 75485 21:0 46227
46211 75537 21:0 46211
46211 75534 21:0 46211
46211 75536 21:0 46211
46212 199 1:0 46222
46212 191 1:0 46223
46218 75523 21:0 46218
46224 75549 21:0 46224
46226 195 1:0 46228
46226 75487 21:0 46232
46231 193 1:0 46233
46231 75488 21:0 46251
46236 201 1:0 46247
46246 215 1:0 46246
46248 75562 21:0 46248
46250 203 1:0 46251
46250 75486 21:0 46303
46254 205 1:0 46255
46259 75563 21:0 46259
46286 207 1:0 46288
46287 75570 21:0 46287
46287 75567 21:0 46287
46287 75569 21:0 46287
46291 209 1:0 46299
46292 75571 21:0 46292
46294 75556 21:0 46294
46298 217 1:0 46298
46300 75582 21:0 46300
46302 213 1:0 46304
46302 75518 21:0 46308
46307 211 1:0 46309
46307 75519 21:0 46313
46308 75583 21:0 46308
46312 219 1:0 46323
46312 75520 21:0 46363
46322 233 1:0 46322
46326 221 1:0 46327
46330 223 1:0 46331
46335 75596 21:0 46335
46362 225 1:0 46364
46362 75521 21:0 46379
46363 75603 21:0 46363
46363 75600 21:0 46363
46363 75602 21:0 46363
46367 227 1:0 46375
46368 75604 21:0 46368
46370 75589 21:0 46370
46374 235 1:0 46374
46376 75615 21:0 46376
46378 231 1:0 46380
46378 75551 21:0 46389
46383 229 1:0 46385
46384 75616 21:0 46384
46388 237 1:0 46399
46388 75553 21:0 46411
46398 251 1:0 46398
46400 75628 21:0 46400
46402 239 1:0 46403
46406 241 1:0 46407
46410 75552 21:0 46455
46411 75629 21:0 46411
46438 243 1:0 46440
46439 75633 21:0 46439
46439 75636 21:0 46439
46443 245 1:0 46451
46444 75637 21:0 46444
46446 75622 21:0 46446
46450 253 1:0 46450
46452 75648 21:0 46452
46454 249 1:0 46456
46454 75554 21:0 46460
46459 247 1:0 46461
46459 75584 21:0 46465
46460 75649 21:0 46460
46464 255 1:0 46475
46464 75585 21:0 46531
46474 269 1:0 46474
46478 257 1:0 46479
46482 259 1:0 46483
46514 261 1:0 46516
46519 263 1:0 46527
46526 271 1:0 46526
46530 267 1:0 46532
46530 75586 21:0 46536
46535 265 1:0 46537
46535 75587 21:0 46541
46540 75208 21:0 46541
46540 273 1:0 46551
46540 75617 21:0 46596
46541 75686 21:0 46541
46550 287 1:0 46550
46554 275 1:0 46555
46558 277 1:0 46559
46590 279 1:0 46592
46595 281 1:0 46603
46595 75619 21:0 46612
46602 289 1:0 46602
46606 285 1:0 46608
46609 75716 21:0 46609
46611 283 1:0 46613
46611 75618 21:0 46617
46614 75717 21:0 46614
46614 75718 21:0 46614
46616 291 1:0 46627
46616 75620 21:0 46667
46617 75719 21:0 46617
46626 305 1:0 46626
46630 293 1:0 46631
46634 295 1:0 46635
46666 297 1:0 46668
46666 75650 21:0 46683
46671 299 1:0 46679
46678 307 1:0 46678
46682 303 1:0 46684
46682 75651 21:0 46688
46685 75749 21:0 46685
46687 301 1:0 46689
46687 75652 21:0 46707
46690 75750 21:0 46690
46690 75751 21:0 46690
46692 309 1:0 46703
46693 75752 21:0 46693
46702 323 1:0 46702
46706 311 1:0 46707
46706 75213 21:0 46743
46710 313 1:0 46711
46742 75207 21:0 46743
46742 315 1:0 46744
46742 75204 21:0 46748
46747 317 1:0 46755
46747 75220 21:0 46759
46754 325 1:0 46754
46758 75233 21:0 46759
46758 75246 21:0 46759
46758 321 1:0 46760
46758 75239 21:0 46764
46761 75782 21:0 46761
46763 75240 21:0 46764
46763 75252 21:0 46764
46763 319 1:0 46765
46763 75226 21:0 46769
46768 75232 21:0 46769
46768 75241 21:0 46769
46768 329 1:0 46780
46768 75237 21:0 46784
46777 327 1:0 46777
46783 75572 21:0 46784
46783 135 21:0 46784
46783 205 21:0 46784
46783 75704 21:0 46784
46783 185 21:0 46784
46783 75308 21:0 46784
46783 75473 21:0 46784
46783 55381 1:0 46786
46783 25 21:0 46789
46788 75363 21:0 46789
46788 75297 21:0 46789
46788 75528 21:0 46789
46788 75396 21:0 46789
46788 75647 21:0 46789
46788 75284 21:0 46789
46788 75482 21:0 46789
46788 75251 21:0 46789
46788 75231 21:0 46789
46788 75495 21:0 46789
46788 75581 21:0 46789
46788 75561 21:0 46789
46788 75614 21:0 46789
46788 75594 21:0 46789
46788 75680 21:0 46789
46788 75449 21:0 46789
46788 75383 21:0 46789
46788 75660 21:0 46789
46788 75627 21:0 46789
46788 75416 21:0 46789
46788 75462 21:0 46789
46788 75264 21:0 46789
46789 75795 21:0 46799
46798 55991 1:0 46800
46798 75259 21:0 46822
46805 55995 1:0 46805
46821 75303 21:0 46822
46821 75292 21:0 46822
46821 75299 21:0 46825
46824 75266 21:0 46825
46824 75298 21:0 46825
46824 56007 1:0 46826
46824 75286 21:0 46833
46832 75279 21:0 46833
46832 75265 21:0 46833
46832 75273 21:0 46836
46835 75307 21:0 46836
46835 75305 21:0 46836
46835 56011 1:0 46837
46835 75285 21:0 46842
46839 75782 1:0 46839
46841 75253 21:0 46842
46841 75272 21:0 46842
46841 75274 21:0 46845
46844 75270 21:0 46845
46844 75306 21:0 46845
46844 56014 1:0 46847
46844 75653 21:0 46927
46852 56019 1:0 46852
46872 56032 1:0 46874
46907 56041 1:0 46909
46916 56043 1:0 46919
46926 56046 1:0 46929
46926 75683 21:0 46956
46934 56050 1:0 46934
46952 75752 1:0 46952
46955 56064 1:0 46957
46955 75684 21:0 46964
46959 75750 1:0 46959
46960 75751 1:0 46960
46963 75685 21:0 46967
46966 56046 21:0 46967
46966 56043 21:0 46967
46966 56068 1:0 46968
46966 75539 21:0 46970
46969 215 21:0 46970
46969 55 21:0 46970
46969 181 21:0 46970
46969 269 21:0 46970
46969 233 21:0 46970
46969 163 21:0 46970
46969 289 21:0 46970
46969 71 21:0 46970
46969 37 21:0 46970
46969 307 21:0 46970
46969 143 21:0 46970
46969 35 21:0 46970
46969 197 21:0 46970
46969 235 21:0 46970
46969 109 21:0 46970
46969 127 21:0 46970
46969 125 21:0 46970
46969 107 21:0 46970
46969 161 21:0 46970
46969 251 21:0 46970
46969 89 21:0 46970
46969 323 21:0 46970
46969 75693 21:0 46970
46969 75350 21:0 46970
46969 75548 21:0 46970
46969 75713 21:0 46970
46969 75317 21:0 46970
46969 75429 21:0 46970
46969 75515 21:0 46970
46969 75330 21:0 46970
46969 75726 21:0 46970
46969 75746 21:0 46970
46969 145 21:0 46970
46969 325 21:0 46970
46969 327 21:0 46970
46969 55995 21:0 46970
46969 56019 21:0 46970
46969 56050 21:0 46970
46969 271 21:0 46970
46969 199 21:0 46970
46969 253 21:0 46970
46969 91 21:0 46970
46969 73 21:0 46970
46969 53 21:0 46970
46969 217 21:0 46970
46969 179 21:0 46970
46969 287 21:0 46970
46969 305 21:0 46970
46969 75797 21:0 46970
46970 75749 1:0 46970
46970 56068 21:0 46973
46972 56014 21:0 46973
46972 56011 21:0 46973
46972 56007 21:0 46973
46972 56064 21:0 46973
46972 319 21:0 46976
46975 321 21:0 46976
46975 317 21:0 46976
46975 56032 21:0 46976
46975 303 21:0 46976
46975 55991 21:0 46976
46975 101 21:0 46976
46975 329 21:0 46976
46975 55381 21:0 46976
46975 56041 21:0 46976
46975 301 21:0 46976
46975 56071 1:0 46978
46975 313 21:0 46978
46977 75638 21:0 46980
46980 307 1:0 46980
46980 56071 21:0 47001
46983 56076 1:0 46983
46985 75746 1:0 46985
47000 299 21:0 47004
47003 56089 1:0 47005
47003 75484 21:0 47039
47038 56098 1:0 47040
47038 75543 21:0 47055
47047 56100 1:0 47050
47054 75319 21:0 47063
47057 56103 1:0 47060
47062 305 1:0 47062
47062 75530 21:0 47084
47065 56107 1:0 47065
47067 75726 1:0 47067
47083 75719 1:0 47083
47083 75609 21:0 47084
47083 75338 21:0 47084
47083 75331 21:0 47087
47086 75550 21:0 47087
47086 75506 21:0 47087
47086 75576 21:0 47087
47086 75440 21:0 47087
47086 56100 21:0 47087
47086 56121 1:0 47088
47086 75407 21:0 47090
47089 305 21:0 47090
47089 56107 21:0 47090
47089 307 21:0 47090
47089 56076 21:0 47090
47090 75717 1:0 47090
47090 56121 21:0 47095
47091 75718 1:0 47091
47094 283 21:0 47095
47094 75595 21:0 47095
47094 75505 21:0 47098
47097 75402 21:0 47098
47097 75471 21:0 47098
47097 203 21:0 47098
47097 293 21:0 47098
47097 56089 21:0 47098
47097 309 21:0 47098
47097 56103 21:0 47098
47097 295 21:0 47098
47097 149 21:0 47098
47097 297 21:0 47098
47097 56098 21:0 47098
47097 311 21:0 47098
47097 291 21:0 47098
47097 315 21:0 47098
47097 56125 1:0 47099
47097 75275 21:0 47101
47101 75716 1:0 47101
47101 56125 21:0 47104
47102 56157 1:0 47107
47102 56160 1:0 47107
47102 75704 1:0 47107
47102 289 1:0 47107
47102 56133 1:0 47107
47102 75713 1:0 47107
47102 56128 1:0 47109
47102 56146 1:0 47125
47102 56164 1:0 47130
47102 287 1:0 47130
47102 75693 1:0 47130
47102 56155 1:0 47130
47102 75685 1:0 47213
47102 56178 1:0 47219
47102 56212 1:0 47238
47102 75680 1:0 47242
47102 56214 1:0 47242
47102 56190 1:0 47242
47102 271 1:0 47242
47102 269 1:0 47259
47102 75660 1:0 47261
47102 56221 1:0 47261
47102 75647 1:0 47373
47102 56247 1:0 47373
47102 253 1:0 47373
47102 75627 1:0 47392
47102 251 1:0 47392
47102 56278 1:0 47392
47102 56304 1:0 47503
47102 75614 1:0 47503
47102 235 1:0 47503
47102 75594 1:0 47520
47102 56335 1:0 47520
47102 233 1:0 47520
47102 217 1:0 47635
47102 75581 1:0 47635
47102 56361 1:0 47635
47102 56392 1:0 47654
47102 75561 1:0 47654
47102 215 1:0 47654
47102 199 1:0 47766
47102 56418 1:0 47766
47102 75548 1:0 47766
47102 75528 1:0 47785
47102 197 1:0 47785
47102 56449 1:0 47785
47102 181 1:0 47897
47102 56475 1:0 47897
47102 75515 1:0 47897
47102 56506 1:0 47916
47102 179 1:0 47916
47102 75495 1:0 47916
47102 75482 1:0 48028
47102 56532 1:0 48028
47102 163 1:0 48028
47102 161 1:0 48047
47102 56563 1:0 48047
47102 75462 1:0 48047
47102 75449 1:0 48159
47102 145 1:0 48159
47102 56589 1:0 48159
47102 143 1:0 48178
47102 75429 1:0 48178
47102 56620 1:0 48178
47102 127 1:0 48290
47102 75416 1:0 48290
47102 56646 1:0 48290
47102 125 1:0 48307
47102 56677 1:0 48309
47102 75396 1:0 48309
47102 75383 1:0 48421
47102 109 1:0 48421
47102 56703 1:0 48421
47102 75363 1:0 48440
47103 285 21:0 47104
47103 75406 21:0 47104
47103 75384 21:0 47107
47105 75684 1:0 47220
47106 81 21:0 47107
47106 257 21:0 47107
47106 111 21:0 47107
47106 75391 21:0 47107
47106 187 21:0 47107
47106 75336 21:0 47107
47106 261 21:0 47107
47106 225 21:0 47107
47106 95 21:0 47107
47106 223 21:0 47107
47106 63 21:0 47107
47106 133 21:0 47107
47106 97 21:0 47107
47106 259 21:0 47111
47108 56182 1:0 47230
47108 75683 1:0 47231
47108 257 1:0 47238
47108 56217 1:0 47238
47108 261 1:0 47238
47108 56185 1:0 47240
47111 56128 21:0 47132
47112 259 1:0 47233
47128 75653 1:0 47261
47129 56203 1:0 47261
47129 75391 1:0 47261
47131 281 21:0 47135
47134 75635 21:0 47170
47169 75538 21:0 47186
47171 75635 1:0 47233
47182 75652 1:0 47344
47185 56157 21:0 47186
47185 56155 21:0 47186
47185 56146 21:0 47186
47185 279 21:0 47189
47187 75538 1:0 47224
47187 75336 1:0 47355
47188 221 21:0 47189
47188 75341 21:0 47189
47188 275 21:0 47189
47188 277 21:0 47189
47188 129 21:0 47189
47188 117 21:0 47189
47188 201 21:0 47189
47188 183 21:0 47189
47188 239 21:0 47189
47188 41 21:0 47189
47188 75242 21:0 47191
47190 289 21:0 47191
47190 56133 21:0 47191
47190 75671 21:0 47191
47190 56235 1:0 47350
47190 239 1:0 47369
47190 56734 1:0 48440
47190 107 1:0 48440
47190 56760 1:0 48552
47190 91 1:0 48552
47192 75671 1:0 47238
47193 56160 21:0 47210
47195 56239 1:0 47361
47209 273 21:0 47215
47214 75686 1:0 47214
47214 79 21:0 47215
47214 207 21:0 47215
47214 21 21:0 47215
47214 45 21:0 47215
47214 209 21:0 47215
47214 121 21:0 47215
47214 57 21:0 47215
47214 147 21:0 47215
47214 213 21:0 47215
47214 59 21:0 47215
47214 75605 21:0 47215
47214 159 21:0 47215
47214 56164 21:0 47215
47214 75374 21:0 47215
47214 287 21:0 47215
47214 167 21:0 47215
47214 169 21:0 47215
47214 9 21:0 47218
47216 121 1:0 47355
47217 27 21:0 47218
47217 39 21:0 47218
47217 115 21:0 47218
47217 171 21:0 47218
47217 23 21:0 47218
47217 151 21:0 47218
47221 56178 21:0 47226
47223 75651 1:0 47351
47224 75650 1:0 47362
47224 75384 1:0 47364
47224 56274 1:0 47369
47224 56269 1:0 47369
47224 56242 1:0 47371
47224 56271 1:0 47373
47224 56260 1:0 47392
47224 75638 1:0 47392
47224 75406 1:0 47392
47224 213 1:0 47486
47224 221 1:0 47495
47224 75605 1:0 47495
47224 225 1:0 47503
47224 75572 1:0 47631
47224 75539 1:0 47762
47225 265 21:0 47226
47232 56182 21:0 47235
47233 75620 1:0 47392
47233 75618 1:0 47475
47234 267 21:0 47235
47239 75619 1:0 47483
47241 56292 1:0 47481
47242 56185 21:0 47263
47244 75402 1:0 47486
47250 75350 1:0 48552
47251 75330 1:0 48571
47259 56296 1:0 47492
47259 56331 1:0 47503
47259 75506 1:0 47893
47259 89 1:0 48571
47259 56791 1:0 48571
47259 73 1:0 48672
47259 56817 1:0 48674
47259 75317 1:0 48674
47262 263 21:0 47266
47265 271 21:0 47266
47265 56190 21:0 47266
47269 56203 21:0 47298
47272 75617 1:0 47493
47297 261 21:0 47301
47304 56212 21:0 47307
47306 259 21:0 47307
47314 56214 21:0 47317
47316 257 21:0 47317
47324 56217 21:0 47341
47340 255 21:0 47346
47345 56221 21:0 47346
47345 269 21:0 47346
47352 56235 21:0 47357
47354 75595 1:0 47495
47354 56299 1:0 47502
47354 56328 1:0 47503
47354 223 1:0 47503
47354 56326 1:0 47503
47354 75609 1:0 47508
47354 56317 1:0 47520
47354 56349 1:0 47612
47354 201 1:0 47626
47354 207 1:0 47626
47354 205 1:0 47631
47355 75587 1:0 47520
47355 75586 1:0 47606
47356 75649 1:0 47356
47356 247 21:0 47357
47363 56239 21:0 47366
47364 75585 1:0 47613
47364 209 1:0 47617
47364 75471 1:0 47617
47364 56353 1:0 47623
47364 75505 1:0 47626
47364 75576 1:0 47639
47365 249 21:0 47366
47370 75584 1:0 47624
47372 56385 1:0 47631
47372 203 1:0 47631
47372 56388 1:0 47631
47372 56383 1:0 47635
47372 56374 1:0 47654
47372 183 1:0 47757
47372 185 1:0 47762
47373 75648 1:0 47373
47373 56242 21:0 47394
47375 75297 1:0 48702
47391 75554 1:0 47654
47392 71 1:0 48702
47392 56848 1:0 48702
47393 75637 1:0 47393
47393 245 21:0 47397
47396 253 21:0 47397
47396 56247 21:0 47397
47400 56260 21:0 47429
47402 75633 1:0 47402
47402 75636 1:0 47402
47403 56356 1:0 47633
47403 56406 1:0 47743
47403 159 1:0 47748
47403 56431 1:0 47766
47403 75473 1:0 48024
47403 56874 1:0 48810
47403 75284 1:0 48810
47403 55 1:0 48810
47428 75629 1:0 47428
47428 243 21:0 47432
47435 56269 21:0 47438
47437 241 21:0 47438
47445 56271 21:0 47448
47447 239 21:0 47448
47455 75628 1:0 47455
47455 56274 21:0 47472
47460 75622 1:0 47460
47471 237 21:0 47477
47476 56278 21:0 47477
47476 251 21:0 47477
47483 56292 21:0 47488
47485 75552 1:0 47737
47486 75553 1:0 47745
47486 75550 1:0 47748
47486 56410 1:0 47754
47486 75530 1:0 47757
47486 187 1:0 47762
47486 56440 1:0 47762
47486 56413 1:0 47764
47486 56442 1:0 47766
47486 56445 1:0 47785
47486 171 1:0 47888
47486 56502 1:0 47893
47486 169 1:0 47893
47487 75616 1:0 47487
47487 229 21:0 47488
47494 56296 21:0 47497
47495 75551 1:0 47755
47495 75521 1:0 47785
47496 231 21:0 47497
47498 75543 1:0 47770
47501 56497 1:0 47893
47501 167 1:0 47893
47501 56499 1:0 47897
47501 151 1:0 48019
47501 75440 1:0 48155
47501 53 1:0 48833
47501 56905 1:0 48833
47501 75264 1:0 48833
47501 37 1:0 48944
47501 56931 1:0 48944
47501 75251 1:0 48944
47504 75615 1:0 47504
47504 56299 21:0 47525
47506 75520 1:0 47868
47521 75331 1:0 47879
47524 75604 1:0 47524
47524 227 21:0 47528
47527 235 21:0 47528
47527 56304 21:0 47528
47531 56317 21:0 47560
47533 75603 1:0 47533
47533 75600 1:0 47533
47533 75602 1:0 47533
47534 75519 1:0 47875
47559 75596 1:0 47559
47559 225 21:0 47563
47566 56326 21:0 47569
47568 223 21:0 47569
47576 56328 21:0 47579
47578 221 21:0 47579
47586 56331 21:0 47603
47591 75589 1:0 47591
47602 219 21:0 47608
47607 233 21:0 47608
47607 56335 21:0 47608
47614 56349 21:0 47619
47616 56463 1:0 47874
47616 101 1:0 47879
47616 56467 1:0 47885
47616 75338 1:0 47888
47616 75319 1:0 47916
47617 75518 1:0 47886
47617 75486 1:0 47916
47618 75583 1:0 47618
47618 211 21:0 47619
47625 56353 21:0 47628
47626 56470 1:0 47895
47626 56488 1:0 47916
47626 75488 1:0 47999
47626 147 1:0 48024
47626 56559 1:0 48024
47626 149 1:0 48024
47626 56554 1:0 48024
47626 56556 1:0 48028
47626 56613 1:0 48155
47627 213 21:0 47628
47629 75487 1:0 48007
47632 56520 1:0 48005
47632 56755 1:0 48010
47632 75484 1:0 48010
47632 56809 1:0 48019
47632 56812 1:0 48019
47634 56524 1:0 48016
47635 75582 1:0 47635
47635 56356 21:0 47656
47637 75231 1:0 48961
47653 75485 1:0 48017
47654 56962 1:0 48961
47654 35 1:0 48961
47655 75571 1:0 47655
47655 209 21:0 47659
47658 56361 21:0 47659
47658 217 21:0 47659
47662 56374 21:0 47691
47664 75570 1:0 47664
47664 75567 1:0 47664
47664 75569 1:0 47664
47665 56527 1:0 48026
47665 56581 1:0 48047
47665 56545 1:0 48047
47665 56869 1:0 48047
47665 75407 1:0 48286
47665 56988 1:0 49070
47665 19 1:0 49070
47665 75218 1:0 49081
47690 75563 1:0 47690
47690 207 21:0 47694
47697 56383 21:0 47700
47699 205 21:0 47700
47707 56385 21:0 47710
47709 203 21:0 47710
47717 75562 1:0 47717
47717 56388 21:0 47734
47722 75556 1:0 47722
47733 201 21:0 47739
47738 56392 21:0 47739
47738 215 21:0 47739
47745 56406 21:0 47750
47747 75455 1:0 48047
47748 75454 1:0 48130
47748 56577 1:0 48136
47748 56748 1:0 48141
47748 56641 1:0 48141
47748 56866 1:0 48141
47748 129 1:0 48150
47748 56584 1:0 48150
47748 135 1:0 48155
47748 133 1:0 48155
47748 56602 1:0 48159
47748 56611 1:0 48159
47748 115 1:0 48286
47748 56668 1:0 48286
47749 193 21:0 47750
47756 56410 21:0 47759
47757 75453 1:0 48137
47757 75452 1:0 48148
47758 195 21:0 47759
47760 75270 1:0 48150
47765 75422 1:0 48178
47766 75549 1:0 47766
47766 56413 21:0 47787
47768 56634 1:0 48178
47768 56616 1:0 48178
47768 117 1:0 48281
47768 56673 1:0 48286
47768 56670 1:0 48290
47768 75374 1:0 48417
47768 56727 1:0 48417
47768 17 1:0 49158
47768 57019 1:0 49161
47768 75198 1:0 49163
47783 75306 1:0 48178
47784 75272 1:0 48272
47784 75274 1:0 48272
47786 191 21:0 47790
47789 56418 21:0 47790
47789 199 21:0 47790
47793 56431 21:0 47822
47795 75537 1:0 47795
47795 75534 1:0 47795
47795 75536 1:0 47795
47796 56638 1:0 48278
47821 189 21:0 47825
47828 56440 21:0 47831
47838 56442 21:0 47841
47848 75529 1:0 47848
47848 56445 21:0 47865
47853 75523 1:0 47853
47864 56449 21:0 47865
47876 56463 21:0 47881
47878 75420 1:0 48261
47879 75421 1:0 48269
47879 75419 1:0 48279
47880 75517 1:0 47880
47887 56467 21:0 47890
47888 75253 1:0 48281
47888 111 1:0 48286
47888 75389 1:0 48309
47888 75285 1:0 48309
47888 56691 1:0 48309
47888 56659 1:0 48309
47888 95 1:0 48417
47888 97 1:0 48417
47888 75341 1:0 48548
47894 75387 1:0 48392
47897 75516 1:0 47897
47897 56470 21:0 47918
47902 75510 1:0 47902
47915 75388 1:0 48400
47917 56475 21:0 47918
47924 56488 21:0 47953
47926 75504 1:0 47926
47926 75503 1:0 47926
47926 75501 1:0 47926
47927 75307 1:0 48403
47927 75305 1:0 48403
47952 75497 1:0 47952
47959 56497 21:0 47962
47969 56499 21:0 47972
47979 75496 1:0 47979
47979 56502 21:0 47996
47984 75490 1:0 47984
47995 56506 21:0 47996
48007 56520 21:0 48012
48009 75386 1:0 48410
48010 56695 1:0 48409
48010 75273 1:0 48412
48010 56730 1:0 48417
48010 56698 1:0 48419
48010 56725 1:0 48421
48010 56716 1:0 48440
48010 75356 1:0 48440
48010 59 1:0 48543
48010 57 1:0 48543
48010 56782 1:0 48548
48010 79 1:0 48548
48018 56524 21:0 48021
48019 75279 1:0 48440
48019 75355 1:0 48523
48022 75354 1:0 48530
48025 75265 1:0 48534
48025 75286 1:0 48534
48025 56752 1:0 48540
48025 63 1:0 48543
48025 81 1:0 48548
48025 56784 1:0 48552
48025 56839 1:0 48674
48025 75308 1:0 48674
48028 75483 1:0 48028
48028 56527 21:0 48049
48033 75477 1:0 48033
48046 75353 1:0 48541
48048 75472 1:0 48048
48048 56532 21:0 48049
48055 56545 21:0 48084
48057 75470 1:0 48057
48057 75468 1:0 48057
48058 75298 1:0 48543
48058 56805 1:0 48571
48083 75464 1:0 48083
48090 56554 21:0 48093
48100 56556 21:0 48103
48110 75463 1:0 48110
48110 56559 21:0 48127
48115 75457 1:0 48115
48126 56563 21:0 48127
48138 56577 21:0 48143
48140 75323 1:0 48571
48141 56787 1:0 48548
48141 56773 1:0 48571
48141 75266 1:0 48571
48141 75321 1:0 48654
48141 75299 1:0 48665
48141 56830 1:0 48674
48141 56844 1:0 48674
48142 75451 1:0 48142
48149 56581 21:0 48152
48150 75322 1:0 48662
48150 75292 1:0 48665
48153 75320 1:0 48672
48156 75303 1:0 48674
48156 56862 1:0 48674
48156 56841 1:0 48674
48156 75259 1:0 48702
48156 39 1:0 48805
48156 75275 1:0 48810
48156 56898 1:0 48810
48156 56887 1:0 48810
48159 75450 1:0 48159
48159 56584 21:0 48180
48164 75444 1:0 48164
48177 75290 1:0 48702
48179 75439 1:0 48179
48179 56589 21:0 48180
48186 56602 21:0 48215
48188 75438 1:0 48188
48188 75435 1:0 48188
48188 75437 1:0 48188
48189 75237 1:0 48702
48189 56926 1:0 48805
48214 75431 1:0 48214
48221 56611 21:0 48224
48231 56613 21:0 48234
48241 75430 1:0 48241
48241 56616 21:0 48258
48246 75424 1:0 48246
48257 56620 21:0 48258
48269 56634 21:0 48274
48271 75288 1:0 48785
48272 75289 1:0 48793
48272 75232 1:0 48796
48272 75241 1:0 48796
48272 75226 1:0 48805
48273 75418 1:0 48273
48280 56638 21:0 48283
48281 75287 1:0 48803
48281 75257 1:0 48833
48284 56919 1:0 48833
48287 41 1:0 48810
48287 45 1:0 48810
48287 56901 1:0 48828
48287 75252 1:0 48833
48287 56896 1:0 48833
48287 75242 1:0 48936
48290 75417 1:0 48290
48290 56641 21:0 48311
48295 75411 1:0 48295
48307 75255 1:0 48916
48308 75239 1:0 48927
48310 56646 21:0 48311
48317 56659 21:0 48346
48319 75404 1:0 48319
48319 75405 1:0 48319
48320 75240 1:0 48927
48320 75233 1:0 48936
48345 75398 1:0 48345
48352 56668 21:0 48355
48362 56670 21:0 48365
48372 75397 1:0 48372
48372 56673 21:0 48389
48388 56677 21:0 48389
48400 56691 21:0 48405
48402 75256 1:0 48924
48403 23 1:0 48933
48403 56923 1:0 48933
48403 27 1:0 48933
48403 75254 1:0 48934
48403 56955 1:0 48944
48403 56953 1:0 48944
48403 56944 1:0 48944
48403 21 1:0 48944
48403 25 1:0 48944
48403 75246 1:0 48949
48403 56958 1:0 48961
48403 56976 1:0 48961
48403 9 1:0 49070
48403 75209 1:0 49083
48403 7 1:0 49090
48403 57010 1:0 49095
48404 75385 1:0 48404
48411 56695 21:0 48414
48412 75224 1:0 48961
48412 75222 1:0 49047
48420 75223 1:0 49055
48421 56698 21:0 48442
48423 75220 1:0 49058
48426 75378 1:0 48426
48438 347 1:0 49058
48439 56980 1:0 49064
48439 75204 1:0 49067
48441 75373 1:0 48441
48441 56703 21:0 48442
48448 56716 21:0 48477
48450 75371 1:0 48450
48450 75369 1:0 48450
48450 75372 1:0 48450
48451 75207 1:0 49070
48451 56983 1:0 49070
48476 75365 1:0 48476
48483 56725 21:0 48486
48493 56727 21:0 48496
48503 75364 1:0 48503
48503 56730 21:0 48520
48508 75358 1:0 48508
48519 56734 21:0 48520
48531 56748 21:0 48536
48533 75221 1:0 49065
48534 57001 1:0 49070
48534 75213 1:0 49070
48534 75219 1:0 49075
48534 75206 1:0 49095
48534 75208 1:0 49095
48534 75200 1:0 49130
48534 5 1:0 49141
48534 57012 1:0 49146
48534 346 1:0 49149
48534 3 1:0 49149
48534 57015 1:0 49156
48534 189 1:0 49985
48535 75352 1:0 48535
48542 56752 21:0 48545
48543 75199 1:0 49157
48552 75351 1:0 48552
48552 56755 21:0 48573
48557 75345 1:0 48557
48572 75340 1:0 48572
48572 56760 21:0 48573
48579 56773 21:0 48608
48581 75339 1:0 48581
48607 75332 1:0 48607
48614 56782 21:0 48617
48624 56784 21:0 48627
48634 56787 21:0 48651
48639 75325 1:0 48639
48650 56791 21:0 48651
48662 56805 21:0 48667
48673 56809 21:0 48676
48683 75318 1:0 48683
48683 56812 21:0 48704
48688 75312 1:0 48688
48703 56817 21:0 48704
48710 56830 21:0 48739
48745 56839 21:0 48748
48755 56841 21:0 48758
48765 56844 21:0 48782
48781 56848 21:0 48782
48793 56862 21:0 48798
48804 56866 21:0 48807
48814 56869 21:0 48835
48834 56874 21:0 48835
48841 56887 21:0 48870
48876 56896 21:0 48879
48886 56898 21:0 48889
48896 56901 21:0 48913
48912 56905 21:0 48913
48924 56919 21:0 48929
48935 56923 21:0 48938
48945 56926 21:0 48966
48965 56931 21:0 48966
48972 56944 21:0 49001
49007 56953 21:0 49010
49017 56955 21:0 49020
49027 56958 21:0 49044
49043 56962 21:0 49044
49055 56976 21:0 49060
49066 56980 21:0 49069
49076 56983 21:0 49097
49096 56988 21:0 49097
49103 57001 21:0 49132
49138 57010 21:0 49141
49148 57012 21:0 49151
49158 57015 21:0 49175
49174 57019 21:0 49175
49184 76849 21:0 49185
49185 76850 21:0 49196
49195 17 21:0 49196
49195 3 21:0 49196
49196 76851 21:0 49224
49223 346 21:0 49229
49228 76860 21:0 49229
49228 5 21:0 49229
49228 7 21:0 49229
49231 347 21:0 49240
49239 76869 21:0 49240
49239 19 21:0 49240
49239 76855 21:0 49240
49239 76858 21:0 49240
49242 76872 21:0 49250
49249 76873 21:0 49300
49299 76874 21:0 49316
49315 76875 21:0 49321
49320 76905 21:0 49340
49321 76904 21:0 49321
49337 76916 21:0 49337
49339 76906 21:0 49392
49348 76917 21:0 49348
49376 76921 21:0 49376
49383 76910 21:0 49383
49389 76936 21:0 49389
49391 76907 21:0 49397
49396 76908 21:0 49402
49401 76938 21:0 49452
49404 76930 21:0 49404
49413 76949 21:0 49413
49424 76950 21:0 49424
49451 76939 21:0 49473
49452 76956 21:0 49452
49452 76954 21:0 49452
49452 76957 21:0 49452
49457 76958 21:0 49457
49459 76943 21:0 49459
49465 76969 21:0 49465
49472 76940 21:0 49478
49473 76970 21:0 49473
49477 76941 21:0 49528
49480 76963 21:0 49480
49527 76971 21:0 49544
49528 76989 21:0 49528
49528 76987 21:0 49528
49541 77002 21:0 49541
49543 76972 21:0 49549
49548 76973 21:0 49568
49549 77003 21:0 49549
49556 76996 21:0 49556
49567 76974 21:0 49620
49604 77023 21:0 49604
49604 77022 21:0 49604
49604 77020 21:0 49604
49609 77024 21:0 49609
49611 77009 21:0 49611
49617 77035 21:0 49617
49619 77004 21:0 49625
49624 77005 21:0 49630
49629 77006 21:0 49685
49680 77055 21:0 49680
49684 77007 21:0 49701
49685 77057 21:0 49685
49693 77068 21:0 49693
49700 77037 21:0 49706
49705 77039 21:0 49756
49717 77081 21:0 49717
49755 77038 21:0 49772
49756 77089 21:0 49756
49761 77090 21:0 49761
49763 77075 21:0 49763
49769 77101 21:0 49769
49771 77040 21:0 49777
49776 77070 21:0 49796
49784 77095 21:0 49784
49795 77071 21:0 49848
49804 77115 21:0 49804
49832 77122 21:0 49832
49832 77121 21:0 49832
49839 77108 21:0 49839
49845 77134 21:0 49845
49847 77072 21:0 49853
49852 77073 21:0 49858
49853 77135 21:0 49853
49857 77103 21:0 49908
49860 77128 21:0 49860
49907 77104 21:0 49924
49908 77152 21:0 49908
49908 77154 21:0 49908
49913 77156 21:0 49913
49915 77141 21:0 49915
49921 77167 21:0 49921
49923 77105 21:0 49934
49929 77168 21:0 49929
49933 77106 21:0 49984
49945 77180 21:0 49945
49956 77181 21:0 49956
49983 77136 21:0 50000
49984 77187 21:0 49984
49984 77185 21:0 49984
49984 77188 21:0 49984
49985 199 1:0 49995
49985 191 1:0 49996
49989 77189 21:0 49989
49991 77174 21:0 49991
49997 77200 21:0 49997
49999 195 1:0 50001
49999 77137 21:0 50005
50004 193 1:0 50006
50004 77138 21:0 50016
50009 201 1:0 50020
50012 77194 21:0 50012
50015 77139 21:0 50076
50019 215 1:0 50019
50021 77213 21:0 50021
50023 203 1:0 50024
50027 205 1:0 50028
50032 77214 21:0 50032
50059 207 1:0 50061
50060 77218 21:0 50060
50064 209 1:0 50072
50065 77222 21:0 50065
50067 77207 21:0 50067
50071 217 1:0 50071
50073 77233 21:0 50073
50075 213 1:0 50077
50075 77169 21:0 50081
50080 211 1:0 50082
50080 77170 21:0 50086
50081 77234 21:0 50081
50085 219 1:0 50096
50085 77171 21:0 50136
50088 77227 21:0 50088
50095 233 1:0 50095
50097 77246 21:0 50097
50099 221 1:0 50100
50103 223 1:0 50104
50108 77247 21:0 50108
50135 225 1:0 50137
50135 77172 21:0 50152
50136 77251 21:0 50136
50136 77253 21:0 50136
50136 77254 21:0 50136
50140 227 1:0 50148
50141 77255 21:0 50141
50143 77240 21:0 50143
50147 235 1:0 50147
50149 77266 21:0 50149
50151 231 1:0 50153
50151 77202 21:0 50162
50156 229 1:0 50158
50157 77267 21:0 50157
50161 237 1:0 50172
50161 77203 21:0 50184
50164 77260 21:0 50164
50171 251 1:0 50171
50173 77279 21:0 50173
50175 239 1:0 50176
50179 241 1:0 50180
50183 77204 21:0 50228
50184 77280 21:0 50184
50211 243 1:0 50213
50212 77284 21:0 50212
50212 77286 21:0 50212
50212 77287 21:0 50212
50216 245 1:0 50224
50217 77288 21:0 50217
50219 77273 21:0 50219
50223 253 1:0 50223
50225 77299 21:0 50225
50227 249 1:0 50229
50227 77205 21:0 50233
50232 247 1:0 50234
50232 77235 21:0 50238
50233 77300 21:0 50233
50237 255 1:0 50248
50237 77236 21:0 50304
50240 77293 21:0 50240
50247 269 1:0 50247
50249 77312 21:0 50249
50251 257 1:0 50252
50255 259 1:0 50256
50260 77313 21:0 50260
50287 261 1:0 50289
50288 77319 21:0 50288
50288 77317 21:0 50288
50288 77320 21:0 50288
50292 263 1:0 50300
50293 77321 21:0 50293
50295 77306 21:0 50295
50299 271 1:0 50299
50301 77332 21:0 50301
50303 267 1:0 50305
50303 77237 21:0 50309
50308 265 1:0 50310
50308 77238 21:0 50314
50309 77333 21:0 50309
50313 76857 21:0 50314
50313 273 1:0 50324
50313 76859 21:0 50328
50316 77326 21:0 50316
50323 287 1:0 50323
50325 77345 21:0 50325
50327 275 1:0 50328
50327 76870 21:0 50364
50331 277 1:0 50332
50336 77346 21:0 50336
50363 279 1:0 50365
50363 77268 21:0 50380
50368 281 1:0 50376
50375 289 1:0 50375
50379 285 1:0 50381
50379 77270 21:0 50385
50382 77367 21:0 50382
50384 283 1:0 50386
50384 77269 21:0 50404
50387 77368 21:0 50387
50387 77369 21:0 50387
50389 291 1:0 50400
50390 77370 21:0 50390
50399 305 1:0 50399
50403 293 1:0 50404
50403 77271 21:0 50456
50407 295 1:0 50408
50439 297 1:0 50441
50444 299 1:0 50452
50451 307 1:0 50451
50455 303 1:0 50457
50455 77301 21:0 50461
50458 77400 21:0 50458
50460 301 1:0 50462
50460 77303 21:0 50466
50463 77401 21:0 50463
50463 77402 21:0 50463
50465 309 1:0 50476
50465 77302 21:0 50516
50466 77403 21:0 50466
50475 323 1:0 50475
50479 311 1:0 50480
50483 313 1:0 50484
50515 315 1:0 50517
50515 76864 21:0 50521
50520 317 1:0 50528
50520 76871 21:0 50532
50527 325 1:0 50527
50531 76883 21:0 50532
50531 76897 21:0 50532
50531 321 1:0 50533
50531 76890 21:0 50537
50534 77433 21:0 50534
50536 76903 21:0 50537
50536 76892 21:0 50537
50536 319 1:0 50538
50536 76888 21:0 50542
50541 76877 21:0 50542
50541 76891 21:0 50542
50541 329 1:0 50553
50541 76884 21:0 50557
50550 327 1:0 50550
50556 61 21:0 50557
50556 45 21:0 50557
50556 77 21:0 50557
50556 76893 21:0 50557
50556 55381 1:0 50559
50556 239 21:0 50562
50561 77080 21:0 50562
50561 76948 21:0 50562
50561 77047 21:0 50562
50561 76968 21:0 50562
50561 77278 21:0 50562
50561 77232 21:0 50562
50561 77344 21:0 50562
50561 77100 21:0 50562
50561 127 21:0 50562
50561 287 21:0 50562
50561 269 21:0 50562
50561 235 21:0 50562
50561 145 21:0 50562
50561 143 21:0 50562
50561 197 21:0 50562
50561 77265 21:0 50562
50561 77311 21:0 50562
50562 77446 21:0 50572
50571 55991 1:0 50573
50571 77304 21:0 50598
50578 55995 1:0 50578
50597 56007 1:0 50599
50597 77334 21:0 50606
50605 77336 21:0 50609
50608 56011 1:0 50610
50608 77335 21:0 50618
50612 77433 1:0 50612
50617 56007 21:0 50618
50617 55991 21:0 50618
50617 319 21:0 50618
50617 56011 21:0 50618
50617 329 21:0 50618
50617 55381 21:0 50618
50617 321 21:0 50618
50617 56014 1:0 50620
50617 171 21:0 50622
50621 77331 21:0 50622
50621 77113 21:0 50622
50621 77146 21:0 50622
50621 76882 21:0 50622
50621 77014 21:0 50622
50621 76915 21:0 50622
50621 77166 21:0 50622
50621 77133 21:0 50622
50621 77067 21:0 50622
50621 77034 21:0 50622
50621 76902 21:0 50622
50621 77001 21:0 50622
50621 77245 21:0 50622
50621 77298 21:0 50622
50621 77364 21:0 50622
50621 77179 21:0 50622
50621 77199 21:0 50622
50621 76935 21:0 50622
50621 76981 21:0 50622
50621 77212 21:0 50622
50621 233 21:0 50622
50621 181 21:0 50622
50621 91 21:0 50622
50621 327 21:0 50622
50621 55995 21:0 50622
50621 77448 21:0 50622
50622 56014 21:0 50643
50625 56019 1:0 50625
50642 77337 21:0 50726
50645 56032 1:0 50647
50680 56041 1:0 50682
50689 56043 1:0 50692
50699 56046 1:0 50702
50707 56050 1:0 50707
50725 77403 1:0 50725
50725 317 21:0 50726
50725 77082 21:0 50726
50725 77220 21:0 50726
50725 77155 21:0 50729
50728 77124 21:0 50729
50728 56043 21:0 50729
50728 76976 21:0 50729
50728 77016 21:0 50729
50728 76926 21:0 50729
50728 56064 1:0 50730
50728 77322 21:0 50732
50731 323 21:0 50732
50731 179 21:0 50732
50731 77397 21:0 50732
50731 251 21:0 50732
50731 125 21:0 50732
50731 77377 21:0 50732
50731 305 21:0 50732
50731 307 21:0 50732
50731 56050 21:0 50732
50731 56019 21:0 50732
50731 55 21:0 50732
50731 289 21:0 50732
50731 107 21:0 50732
50731 217 21:0 50732
50731 35 21:0 50732
50731 37 21:0 50732
50731 89 21:0 50732
50731 53 21:0 50732
50731 109 21:0 50732
50731 199 21:0 50732
50731 253 21:0 50732
50731 161 21:0 50732
50731 271 21:0 50732
50731 163 21:0 50732
50731 73 21:0 50732
50731 71 21:0 50732
50731 215 21:0 50732
50731 325 21:0 50732
50732 77401 1:0 50732
50732 56064 21:0 50737
50733 77402 1:0 50733
50736 76937 21:0 50737
50736 77102 21:0 50737
50736 77221 21:0 50740
50739 77114 21:0 50740
50739 56046 21:0 50740
50739 77069 21:0 50740
50739 313 21:0 50740
50739 56032 21:0 50740
50739 315 21:0 50740
50739 56041 21:0 50740
50739 56068 1:0 50741
50739 77223 21:0 50743
50743 77400 1:0 50743
50743 56068 21:0 50746
50745 77123 21:0 50746
50745 77147 21:0 50746
50745 77036 21:0 50749
50748 311 21:0 50749
50748 77201 21:0 50749
50748 151 21:0 50749
50748 76982 21:0 50749
50748 225 21:0 50749
50748 309 21:0 50749
50748 56071 1:0 50751
50748 95 21:0 50753
50753 307 1:0 50753
50753 56071 21:0 50774
50756 56076 1:0 50756
50758 77397 1:0 50758
50773 77062 21:0 50777
50776 56089 1:0 50778
50776 77048 21:0 50828
50811 56098 1:0 50813
50820 56100 1:0 50823
50827 77042 21:0 50831
50830 56103 1:0 50833
50830 77161 21:0 50857
50835 305 1:0 50835
50838 56107 1:0 50838
50840 77377 1:0 50840
50856 77370 1:0 50856
50856 77148 21:0 50857
50856 77053 21:0 50857
50856 77119 21:0 50860
50859 76991 21:0 50860
50859 301 21:0 50860
50859 77056 21:0 50860
50859 56100 21:0 50860
50859 77157 21:0 50860
50859 77355 21:0 50860
50859 56121 1:0 50861
50859 77058 21:0 50863
50862 305 21:0 50863
50862 307 21:0 50863
50862 56076 21:0 50863
50862 56107 21:0 50863
50863 77368 1:0 50863
50863 56121 21:0 50868
50864 77369 1:0 50864
50867 76983 21:0 50868
50867 76990 21:0 50868
50867 76924 21:0 50871
50870 295 21:0 50871
50870 56103 21:0 50871
50870 297 21:0 50871
50870 56089 21:0 50871
50870 56098 21:0 50871
50870 76925 21:0 50871
50870 77029 21:0 50871
50870 56125 1:0 50872
50870 77190 21:0 50874
50874 77367 1:0 50874
50874 56125 21:0 50877
50875 77355 1:0 50880
50875 56155 1:0 50880
50875 56160 1:0 50880
50875 56128 1:0 50882
50875 56157 1:0 50884
50875 289 1:0 50884
50875 77364 1:0 50884
50875 56133 1:0 50884
50875 77337 1:0 50903
50875 287 1:0 50903
50875 56164 1:0 50903
50875 56146 1:0 50903
50875 77344 1:0 50903
50875 56178 1:0 50992
50875 56182 1:0 51003
50875 77322 1:0 51011
50875 56190 1:0 51015
50875 77331 1:0 51015
50875 271 1:0 51015
50875 269 1:0 51032
50875 56221 1:0 51034
50875 77311 1:0 51034
50875 77298 1:0 51142
50875 253 1:0 51142
50875 56247 1:0 51142
50875 56278 1:0 51165
50875 251 1:0 51165
50875 77278 1:0 51165
50875 77265 1:0 51277
50875 56304 1:0 51277
50875 235 1:0 51277
50875 233 1:0 51296
50875 56335 1:0 51296
50875 77245 1:0 51296
50875 217 1:0 51408
50875 56361 1:0 51408
50875 77232 1:0 51408
50875 56392 1:0 51427
50875 77212 1:0 51427
50875 215 1:0 51427
50875 77199 1:0 51539
50875 56418 1:0 51539
50875 199 1:0 51539
50875 77179 1:0 51558
50875 56449 1:0 51558
50875 197 1:0 51558
50875 56475 1:0 51670
50875 77166 1:0 51670
50875 181 1:0 51670
50875 179 1:0 51687
50875 77146 1:0 51689
50875 56506 1:0 51689
50875 163 1:0 51801
50875 56532 1:0 51801
50875 77133 1:0 51801
50875 161 1:0 51818
50875 77113 1:0 51820
50875 56563 1:0 51820
50875 145 1:0 51932
50875 77100 1:0 51932
50875 56589 1:0 51932
50875 143 1:0 51949
50875 56620 1:0 51951
50875 77080 1:0 51951
50875 77067 1:0 52063
50875 127 1:0 52063
50875 56646 1:0 52063
50875 56677 1:0 52082
50875 77047 1:0 52082
50875 125 1:0 52082
50875 109 1:0 52194
50875 56703 1:0 52194
50875 77034 1:0 52194
50875 107 1:0 52211
50875 77014 1:0 52213
50875 56734 1:0 52213
50875 56760 1:0 52324
50875 77001 1:0 52324
50875 91 1:0 52324
50876 77015 21:0 50877
50876 77088 21:0 50877
50876 76923 21:0 50880
50878 77335 1:0 50986
50879 135 21:0 50880
50879 149 21:0 50880
50879 291 21:0 50880
50879 77049 21:0 50880
50879 77086 21:0 50880
50879 293 21:0 50880
50879 97 21:0 50884
50881 77336 1:0 50994
50881 77049 1:0 50997
50884 56128 21:0 50905
50901 77334 1:0 51004
50902 77086 1:0 51006
50902 56203 1:0 51011
50902 56214 1:0 51011
50902 56185 1:0 51013
50902 56212 1:0 51015
50902 56217 1:0 51034
50904 303 21:0 50908
50907 299 21:0 50908
50907 283 21:0 50943
50914 76923 1:0 51034
50939 77346 1:0 50939
50942 285 21:0 50959
50955 77304 1:0 51034
50958 56155 21:0 50959
50958 281 21:0 50959
50958 56146 21:0 50959
50958 56157 21:0 50959
50958 279 21:0 50962
50961 153 21:0 50962
50961 183 21:0 50962
50961 81 21:0 50962
50961 275 21:0 50962
50961 79 21:0 50962
50961 113 21:0 50962
50961 133 21:0 50962
50961 277 21:0 50962
50961 25 21:0 50962
50961 75 21:0 50966
50965 289 21:0 50966
50965 56133 21:0 50966
50966 77345 1:0 50966
50966 56160 21:0 50983
50982 273 21:0 50988
50983 77302 1:0 51117
50984 77088 1:0 51128
50987 287 21:0 50988
50987 139 21:0 50988
50987 43 21:0 50988
50987 23 21:0 50988
50987 201 21:0 50988
50987 56164 21:0 50988
50987 189 21:0 50988
50987 159 21:0 50988
50987 9 21:0 50988
50987 205 21:0 50988
50987 219 21:0 50988
50987 167 21:0 50988
50987 255 21:0 50988
50987 237 21:0 50988
50987 223 21:0 50988
50987 131 21:0 50988
50987 165 21:0 50988
50987 187 21:0 50988
50987 21 21:0 50988
50987 207 21:0 50988
50987 137 21:0 50991
50989 255 1:0 51011
50990 195 21:0 50991
50990 261 21:0 50991
50990 115 21:0 50991
50990 65 21:0 50991
50990 29 21:0 50991
50990 39 21:0 50991
50990 77025 21:0 50991
50990 41 21:0 50991
50990 213 21:0 50991
50990 93 21:0 50991
50990 76959 21:0 50991
50990 31 21:0 50991
50992 261 1:0 51006
50994 56178 21:0 50999
50996 77303 1:0 51125
50997 56235 1:0 51123
50997 56239 1:0 51134
50997 77301 1:0 51135
50997 77015 1:0 51137
50997 56271 1:0 51142
50997 237 1:0 51142
50997 56260 1:0 51142
50997 239 1:0 51142
50997 56242 1:0 51144
50997 56274 1:0 51160
50997 56269 1:0 51165
50997 219 1:0 51268
50997 223 1:0 51273
50998 77333 1:0 50998
50998 209 21:0 50999
50998 11 21:0 50999
50998 111 21:0 50999
50998 265 21:0 50999
51000 209 1:0 51128
51000 76925 1:0 51165
51005 56182 21:0 51008
51006 77271 1:0 51165
51006 77269 1:0 51248
51007 267 21:0 51008
51012 77270 1:0 51256
51014 56292 1:0 51254
51015 77332 1:0 51015
51015 56185 21:0 51036
51017 11 1:0 51259
51017 56331 1:0 51273
51017 77223 1:0 51404
51017 76981 1:0 52341
51017 89 1:0 52341
51017 56791 1:0 52341
51017 73 1:0 52452
51017 56817 1:0 52452
51017 76968 1:0 52452
51020 77326 1:0 51020
51032 77029 1:0 51259
51035 77321 1:0 51035
51035 263 21:0 51039
51038 271 21:0 51039
51038 56190 21:0 51039
51042 56203 21:0 51071
51044 77319 1:0 51044
51044 77317 1:0 51044
51044 77320 1:0 51044
51045 77268 1:0 51266
51070 77313 1:0 51070
51070 261 21:0 51074
51077 56212 21:0 51080
51079 259 21:0 51080
51087 56214 21:0 51090
51089 257 21:0 51090
51097 77312 1:0 51097
51097 56217 21:0 51114
51102 77306 1:0 51102
51113 255 21:0 51119
51118 269 21:0 51119
51118 56221 21:0 51119
51125 56235 21:0 51130
51127 56296 1:0 51265
51127 76924 1:0 51268
51127 225 1:0 51273
51127 56326 1:0 51273
51127 56299 1:0 51275
51127 56328 1:0 51277
51127 56317 1:0 51296
51127 76983 1:0 51296
51127 207 1:0 51399
51127 205 1:0 51404
51127 56385 1:0 51404
51128 77238 1:0 51296
51128 77237 1:0 51379
51129 77300 1:0 51129
51129 247 21:0 51130
51136 56239 21:0 51139
51137 56349 1:0 51385
51137 77236 1:0 51386
51137 77056 1:0 51390
51137 213 1:0 51390
51137 56353 1:0 51396
51137 77221 1:0 51399
51137 201 1:0 51404
51137 56383 1:0 51408
51137 56388 1:0 51408
51137 56374 1:0 51427
51137 56440 1:0 51535
51137 187 1:0 51535
51137 77190 1:0 51535
51137 71 1:0 52473
51137 76948 1:0 52475
51137 56848 1:0 52475
51137 56874 1:0 52587
51137 55 1:0 52587
51138 249 21:0 51139
51143 77235 1:0 51397
51145 56356 1:0 51406
51146 77299 1:0 51146
51146 56242 21:0 51167
51151 77293 1:0 51151
51164 77205 1:0 51427
51166 77288 1:0 51166
51166 245 21:0 51170
51169 253 21:0 51170
51169 56247 21:0 51170
51173 56260 21:0 51202
51175 77284 1:0 51175
51175 77286 1:0 51175
51175 77287 1:0 51175
51176 77220 1:0 51427
51176 56406 1:0 51516
51176 189 1:0 51530
51176 56442 1:0 51539
51201 77280 1:0 51201
51201 243 21:0 51205
51208 56269 21:0 51211
51210 241 21:0 51211
51218 56271 21:0 51221
51220 239 21:0 51221
51228 77279 1:0 51228
51228 56274 21:0 51245
51233 77273 1:0 51233
51244 237 21:0 51250
51249 251 21:0 51250
51249 56278 21:0 51250
51256 56292 21:0 51261
51258 77204 1:0 51510
51259 77203 1:0 51517
51259 77201 1:0 51521
51259 195 1:0 51521
51259 56410 1:0 51527
51259 77119 1:0 51530
51259 183 1:0 51535
51259 56445 1:0 51539
51259 56431 1:0 51558
51259 165 1:0 51661
51260 77267 1:0 51260
51260 229 21:0 51261
51267 56296 21:0 51270
51268 77202 1:0 51528
51268 77172 1:0 51558
51269 231 21:0 51270
51271 77148 1:0 51558
51274 56413 1:0 51537
51277 77266 1:0 51277
51277 56299 21:0 51298
51279 77171 1:0 51641
51282 77260 1:0 51282
51285 76935 1:0 52587
51286 53 1:0 52604
51286 56905 1:0 52606
51286 37 1:0 52714
51286 56931 1:0 52714
51294 139 1:0 51652
51294 167 1:0 51666
51294 56499 1:0 51666
51294 77157 1:0 51666
51294 56497 1:0 51670
51294 151 1:0 51797
51294 76915 1:0 52606
51294 76902 1:0 52714
51297 77255 1:0 51297
51297 227 21:0 51301
51300 56304 21:0 51301
51300 235 21:0 51301
51304 56317 21:0 51333
51306 77251 1:0 51306
51306 77253 1:0 51306
51306 77254 1:0 51306
51307 77170 1:0 51648
51332 77247 1:0 51332
51332 225 21:0 51336
51339 56326 21:0 51342
51341 223 21:0 51342
51349 56328 21:0 51352
51351 221 21:0 51352
51359 77246 1:0 51359
51359 56331 21:0 51376
51364 77240 1:0 51364
51375 219 21:0 51381
51380 56335 21:0 51381
51380 233 21:0 51381
51387 56349 21:0 51392
51389 56463 1:0 51647
51389 77161 1:0 51652
51389 56467 1:0 51658
51389 77147 1:0 51661
51389 56488 1:0 51666
51389 171 1:0 51666
51389 56502 1:0 51689
51389 153 1:0 51792
51390 77169 1:0 51659
51390 77139 1:0 51689
51391 77234 1:0 51391
51391 211 21:0 51392
51398 56353 21:0 51401
51399 56470 1:0 51668
51399 77155 1:0 51689
51399 77138 1:0 51772
51399 56520 1:0 51778
51399 77053 1:0 51783
51399 159 1:0 51783
51399 56524 1:0 51789
51400 213 21:0 51401
51405 77137 1:0 51779
51407 56554 1:0 51797
51407 77124 1:0 51797
51407 149 1:0 51797
51407 56556 1:0 51801
51407 56545 1:0 51801
51407 56559 1:0 51820
51407 131 1:0 51923
51407 35 1:0 52735
51407 76882 1:0 52737
51407 56962 1:0 52737
51407 56988 1:0 52843
51407 19 1:0 52843
51408 77233 1:0 51408
51408 56356 21:0 51429
51413 77227 1:0 51413
51426 77136 1:0 51790
51428 77222 1:0 51428
51428 209 21:0 51432
51431 56361 21:0 51432
51431 217 21:0 51432
51435 56374 21:0 51464
51437 77218 1:0 51437
51438 77123 1:0 51792
51438 56527 1:0 51799
51438 135 1:0 51928
51438 56602 1:0 51932
51463 77214 1:0 51463
51463 207 21:0 51467
51470 56383 21:0 51473
51472 205 21:0 51473
51480 56385 21:0 51483
51482 203 21:0 51483
51490 77213 1:0 51490
51490 56388 21:0 51507
51495 77207 1:0 51495
51506 201 21:0 51512
51511 56392 21:0 51512
51511 215 21:0 51512
51518 56406 21:0 51523
51520 77106 1:0 51820
51521 77114 1:0 51820
51521 77105 1:0 51903
51521 56577 1:0 51909
51521 77102 1:0 51914
51521 137 1:0 51914
51521 56581 1:0 51920
51522 193 21:0 51523
51529 56410 21:0 51532
51530 77104 1:0 51910
51530 77103 1:0 51921
51531 195 21:0 51532
51533 77042 1:0 51923
51536 56584 1:0 51930
51539 77200 1:0 51539
51539 56413 21:0 51560
51541 77073 1:0 51951
51544 77194 1:0 51544
51547 76869 1:0 52854
51548 17 1:0 52931
51548 57019 1:0 52934
51556 133 1:0 51928
51556 56611 1:0 51928
51556 56613 1:0 51932
51556 56616 1:0 51951
51556 29 1:0 52045
51556 111 1:0 52054
51556 56670 1:0 52059
51556 77058 1:0 52059
51556 113 1:0 52059
51556 115 1:0 52059
51556 76849 1:0 52936
51557 77082 1:0 51951
51557 77069 1:0 52045
51559 77189 1:0 51559
51559 191 21:0 51563
51562 199 21:0 51563
51562 56418 21:0 51563
51566 56431 21:0 51595
51568 77187 1:0 51568
51568 77185 1:0 51568
51568 77188 1:0 51568
51569 56634 1:0 52040
51594 77181 1:0 51594
51594 189 21:0 51598
51601 56440 21:0 51604
51611 56442 21:0 51614
51621 77180 1:0 51621
51621 56445 21:0 51638
51626 77174 1:0 51626
51637 56449 21:0 51638
51649 56463 21:0 51654
51651 77072 1:0 52034
51652 77071 1:0 52041
51652 77070 1:0 52052
51653 77168 1:0 51653
51660 56467 21:0 51663
51661 56638 1:0 52051
51661 77048 1:0 52054
51661 56641 1:0 52061
51661 56673 1:0 52063
51661 56668 1:0 52063
51661 77062 1:0 52067
51661 56659 1:0 52082
51661 77040 1:0 52082
51661 93 1:0 52185
51661 95 1:0 52190
51661 97 1:0 52190
51661 56725 1:0 52190
51667 77038 1:0 52165
51670 77167 1:0 51670
51670 56470 21:0 51691
51688 77039 1:0 52173
51690 77156 1:0 51690
51690 56475 21:0 51691
51697 56488 21:0 51726
51699 77152 1:0 51699
51699 77154 1:0 51699
51700 56691 1:0 52171
51700 65 1:0 52176
51700 77025 1:0 52190
51700 56727 1:0 52194
51700 56730 1:0 52194
51700 56716 1:0 52213
51700 56782 1:0 52324
51732 56497 21:0 51735
51742 56499 21:0 51745
51752 56502 21:0 51769
51757 77141 1:0 51757
51768 56506 21:0 51769
51780 56520 21:0 51785
51782 77036 1:0 52176
51782 56695 1:0 52182
51782 76990 1:0 52185
51782 56698 1:0 52192
51783 77037 1:0 52183
51783 77007 1:0 52213
51784 77135 1:0 51784
51791 56524 21:0 51794
51792 77016 1:0 52213
51792 77006 1:0 52296
51792 56748 1:0 52302
51792 76991 1:0 52307
51792 31 1:0 52307
51792 81 1:0 52316
51792 75 1:0 52316
51792 79 1:0 52324
51792 56784 1:0 52324
51792 76959 1:0 52452
51798 77005 1:0 52303
51801 77134 1:0 51801
51801 56527 21:0 51822
51806 77128 1:0 51806
51819 77004 1:0 52314
51821 56532 21:0 51822
51828 56545 21:0 51857
51830 77122 1:0 51830
51830 77121 1:0 51830
51831 56752 1:0 52313
51831 76982 1:0 52316
51856 77115 1:0 51856
51863 56554 21:0 51866
51873 56556 21:0 51876
51883 56559 21:0 51900
51888 77108 1:0 51888
51899 56563 21:0 51900
51911 56577 21:0 51916
51913 76974 1:0 52341
51914 56755 1:0 52323
51914 77 1:0 52324
51914 56787 1:0 52324
51914 56773 1:0 52341
51914 76976 1:0 52341
51914 76973 1:0 52427
51914 76937 1:0 52438
51914 56841 1:0 52452
51914 61 1:0 52452
51914 56830 1:0 52452
51914 56839 1:0 52475
51922 56581 21:0 51925
51923 56805 1:0 52433
51923 76972 1:0 52434
51923 56866 1:0 52438
51923 56809 1:0 52444
51923 56812 1:0 52447
51923 56976 1:0 52447
51923 56844 1:0 52470
51923 56862 1:0 52475
51923 41 1:0 52578
51923 39 1:0 52578
51923 76926 1:0 52583
51923 43 1:0 52583
51929 76971 1:0 52445
51932 77101 1:0 51932
51932 56584 21:0 51953
51937 77095 1:0 51937
51950 76941 1:0 52475
51952 77090 1:0 51952
51952 56589 21:0 51953
51959 56602 21:0 51988
51961 77089 1:0 51961
51962 76884 1:0 52475
51962 56919 1:0 52578
51994 56611 21:0 51997
52004 56613 21:0 52007
52014 77081 1:0 52014
52014 56616 21:0 52031
52019 77075 1:0 52019
52030 56620 21:0 52031
52042 56634 21:0 52047
52044 76940 1:0 52558
52045 76939 1:0 52565
52045 76891 1:0 52569
52045 76877 1:0 52569
52045 76888 1:0 52578
52053 56638 21:0 52056
52054 76938 1:0 52576
52054 76908 1:0 52606
52057 56901 1:0 52583
52057 45 1:0 52583
52057 56898 1:0 52583
52057 56896 1:0 52587
52057 56887 1:0 52606
52057 76893 1:0 52714
52057 23 1:0 52714
52060 56869 1:0 52585
52060 76903 1:0 52606
52063 77068 1:0 52063
52063 56641 21:0 52084
52080 76907 1:0 52689
52081 76892 1:0 52700
52081 56923 1:0 52706
52083 77057 1:0 52083
52083 56646 21:0 52084
52090 56659 21:0 52119
52092 77055 1:0 52092
52093 76890 1:0 52700
52093 21 1:0 52709
52093 25 1:0 52714
52093 56944 1:0 52714
52093 56955 1:0 52714
52093 56953 1:0 52737
52125 56668 21:0 52128
52135 56670 21:0 52138
52145 56673 21:0 52162
52161 56677 21:0 52162
52173 56691 21:0 52178
52175 76906 1:0 52696
52176 76905 1:0 52707
52176 76897 1:0 52709
52176 56926 1:0 52716
52176 56958 1:0 52732
52176 76883 1:0 52737
52176 57001 1:0 52843
52176 9 1:0 52843
52176 76860 1:0 52856
52176 57010 1:0 52863
52176 7 1:0 52868
52176 5 1:0 52914
52184 56695 21:0 52187
52185 76875 1:0 52737
52185 76874 1:0 52820
52193 76873 1:0 52827
52194 77035 1:0 52194
52194 56698 21:0 52215
52196 348 1:0 52831
52211 76871 1:0 52831
52212 56980 1:0 52837
52212 76864 1:0 52840
52214 77024 1:0 52214
52214 56703 21:0 52215
52221 56716 21:0 52250
52223 77023 1:0 52223
52223 77022 1:0 52223
52223 77020 1:0 52223
52224 76859 1:0 52843
52224 57012 1:0 52919
52224 3 1:0 52922
52224 57015 1:0 52929
52256 56725 21:0 52259
52266 56727 21:0 52269
52276 56730 21:0 52293
52281 77009 1:0 52281
52292 56734 21:0 52293
52304 56748 21:0 52309
52306 76872 1:0 52838
52307 56983 1:0 52843
52307 76870 1:0 52843
52307 76855 1:0 52868
52307 76858 1:0 52868
52307 76857 1:0 52868
52307 76851 1:0 52903
52307 347 1:0 52922
52307 189 1:0 53758
52308 77003 1:0 52308
52315 56752 21:0 52318
52316 76850 1:0 52930
52325 77002 1:0 52325
52325 56755 21:0 52346
52330 76996 1:0 52330
52345 56760 21:0 52346
52352 56773 21:0 52381
52354 76989 1:0 52354
52354 76987 1:0 52354
52387 56782 21:0 52390
52397 56784 21:0 52400
52407 56787 21:0 52424
52423 56791 21:0 52424
52435 56805 21:0 52440
52439 76970 1:0 52439
52446 56809 21:0 52449
52456 76969 1:0 52456
52456 56812 21:0 52477
52461 76963 1:0 52461
52476 76958 1:0 52476
52476 56817 21:0 52477
52483 56830 21:0 52512
52485 76956 1:0 52485
52485 76954 1:0 52485
52485 76957 1:0 52485
52511 76950 1:0 52511
52518 56839 21:0 52521
52528 56841 21:0 52531
52538 76949 1:0 52538
52538 56844 21:0 52555
52543 76943 1:0 52543
52554 56848 21:0 52555
52566 56862 21:0 52571
52577 56866 21:0 52580
52587 76936 1:0 52587
52587 56869 21:0 52608
52592 76930 1:0 52592
52607 56874 21:0 52608
52614 56887 21:0 52643
52616 76921 1:0 52616
52642 76917 1:0 52642
52649 56896 21:0 52652
52659 56898 21:0 52662
52669 76916 1:0 52669
52669 56901 21:0 52686
52674 76910 1:0 52674
52685 56905 21:0 52686
52697 56919 21:0 52702
52701 76904 1:0 52701
52708 56923 21:0 52711
52718 56926 21:0 52739
52738 56931 21:0 52739
52745 56944 21:0 52774
52780 56953 21:0 52783
52790 56955 21:0 52793
52800 56958 21:0 52817
52816 56962 21:0 52817
52828 56976 21:0 52833
52839 56980 21:0 52842
52849 56983 21:0 52870
52869 56988 21:0 52870
52876 57001 21:0 52905
52911 57010 21:0 52914
52921 57012 21:0 52924
52931 57015 21:0 52948
52947 57019 21:0 52948
52957 78500 21:0 52958
52958 78501 21:0 52969
52968 17 21:0 52969
52968 3 21:0 52969
52969 78502 21:0 52997
52996 347 21:0 53002
53001 7 21:0 53002
53001 78511 21:0 53002
53001 5 21:0 53002
53004 348 21:0 53013
53012 78520 21:0 53013
53012 78508 21:0 53013
53012 78521 21:0 53013
53012 19 21:0 53013
53015 78523 21:0 53023
53022 78525 21:0 53073
53072 78524 21:0 53089
53088 78526 21:0 53094
53093 78556 21:0 53113
53110 78567 21:0 53110
53112 78557 21:0 53165
53149 78574 21:0 53149
53154 78576 21:0 53154
53156 78561 21:0 53156
53164 78558 21:0 53170
53169 78559 21:0 53175
53170 78588 21:0 53170
53174 78589 21:0 53225
53177 78581 21:0 53177
53224 78590 21:0 53246
53225 78605 21:0 53225
53225 78608 21:0 53225
53225 78607 21:0 53225
53238 78620 21:0 53238
53245 78591 21:0 53251
53246 78621 21:0 53246
53250 78592 21:0 53301
53253 78614 21:0 53253
53262 78633 21:0 53262
53273 78634 21:0 53273
53300 78622 21:0 53317
53301 78641 21:0 53301
53301 78640 21:0 53301
53306 78642 21:0 53306
53316 78624 21:0 53322
53321 78623 21:0 53341
53322 78654 21:0 53322
53329 78647 21:0 53329
53338 78666 21:0 53338
53340 78625 21:0 53393
53377 78673 21:0 53377
53377 78671 21:0 53377
53384 78660 21:0 53384
53390 78686 21:0 53390
53392 78655 21:0 53398
53397 78657 21:0 53403
53402 78656 21:0 53453
53405 78680 21:0 53405
53452 78658 21:0 53474
53453 78704 21:0 53453
53453 78707 21:0 53453
53458 78708 21:0 53458
53473 78688 21:0 53479
53474 78720 21:0 53474
53478 78689 21:0 53529
53481 78713 21:0 53481
53490 78732 21:0 53490
53528 78690 21:0 53545
53529 78737 21:0 53529
53534 78741 21:0 53534
53536 78726 21:0 53536
53542 78752 21:0 53542
53544 78691 21:0 53550
53549 78721 21:0 53569
53550 78753 21:0 53550
53568 78723 21:0 53621
53577 78766 21:0 53577
53605 78773 21:0 53605
53605 78772 21:0 53605
53605 78770 21:0 53605
53610 78774 21:0 53610
53612 78759 21:0 53612
53620 78722 21:0 53626
53625 78724 21:0 53631
53630 78754 21:0 53681
53633 78779 21:0 53633
53642 78798 21:0 53642
53653 78799 21:0 53653
53680 78756 21:0 53697
53681 78803 21:0 53681
53681 78805 21:0 53681
53686 78807 21:0 53686
53694 78818 21:0 53694
53696 78755 21:0 53707
53706 78757 21:0 53757
53709 78812 21:0 53709
53718 78831 21:0 53718
53729 78832 21:0 53729
53756 78787 21:0 53773
53757 78838 21:0 53757
53757 78836 21:0 53757
53757 78839 21:0 53757
53758 199 1:0 53768
53758 191 1:0 53769
53762 78840 21:0 53762
53770 78851 21:0 53770
53772 195 1:0 53774
53772 78788 21:0 53778
53777 193 1:0 53779
53777 78789 21:0 53797
53778 78852 21:0 53778
53782 201 1:0 53793
53792 215 1:0 53792
53794 78864 21:0 53794
53796 203 1:0 53797
53796 78790 21:0 53849
53800 205 1:0 53801
53805 78865 21:0 53805
53832 207 1:0 53834
53833 78872 21:0 53833
53833 78869 21:0 53833
53837 209 1:0 53845
53838 78873 21:0 53838
53844 217 1:0 53844
53846 78884 21:0 53846
53848 213 1:0 53850
53848 78820 21:0 53854
53853 211 1:0 53855
53853 78822 21:0 53859
53854 78885 21:0 53854
53858 219 1:0 53869
53858 78821 21:0 53909
53861 78878 21:0 53861
53868 233 1:0 53868
53870 78897 21:0 53870
53872 221 1:0 53873
53876 223 1:0 53877
53881 78898 21:0 53881
53908 225 1:0 53910
53908 78823 21:0 53925
53909 78904 21:0 53909
53909 78902 21:0 53909
53909 78905 21:0 53909
53913 227 1:0 53921
53914 78906 21:0 53914
53916 78891 21:0 53916
53920 235 1:0 53920
53922 78917 21:0 53922
53924 231 1:0 53926
53924 78853 21:0 53935
53929 229 1:0 53931
53930 78918 21:0 53930
53934 237 1:0 53945
53934 78855 21:0 53957
53937 78911 21:0 53937
53944 251 1:0 53944
53946 78930 21:0 53946
53948 239 1:0 53949
53952 241 1:0 53953
53956 78854 21:0 54001
53957 78931 21:0 53957
53984 243 1:0 53986
53985 78937 21:0 53985
53985 78935 21:0 53985
53985 78938 21:0 53985
53989 245 1:0 53997
53990 78939 21:0 53990
53992 78924 21:0 53992
53996 253 1:0 53996
53998 78950 21:0 53998
54000 249 1:0 54002
54000 78856 21:0 54006
54005 247 1:0 54007
54005 78886 21:0 54011
54006 78951 21:0 54006
54010 255 1:0 54021
54010 78887 21:0 54073
54020 269 1:0 54020
54024 257 1:0 54025
54028 259 1:0 54029
54060 261 1:0 54062
54065 263 1:0 54073
54072 271 1:0 54072
54072 78888 21:0 54082
54076 267 1:0 54078
54081 265 1:0 54083
54081 78889 21:0 54087
54086 78509 21:0 54087
54086 273 1:0 54097
54086 78510 21:0 54101
54096 287 1:0 54096
54100 275 1:0 54101
54100 78506 21:0 54137
54104 277 1:0 54105
54136 279 1:0 54138
54136 78919 21:0 54153
54141 281 1:0 54149
54148 289 1:0 54148
54152 285 1:0 54154
54152 78920 21:0 54158
54155 79018 21:0 54155
54157 283 1:0 54159
54157 78921 21:0 54177
54160 79019 21:0 54160
54160 79020 21:0 54160
54162 291 1:0 54173
54163 79021 21:0 54163
54172 305 1:0 54172
54176 293 1:0 54177
54176 78922 21:0 54229
54180 295 1:0 54181
54212 297 1:0 54214
54217 299 1:0 54225
54224 307 1:0 54224
54228 303 1:0 54230
54228 78952 21:0 54234
54231 79051 21:0 54231
54233 301 1:0 54235
54233 78954 21:0 54239
54236 79052 21:0 54236
54236 79053 21:0 54236
54238 309 1:0 54249
54238 78953 21:0 54289
54239 79054 21:0 54239
54248 323 1:0 54248
54252 311 1:0 54253
54256 313 1:0 54257
54288 315 1:0 54290
54288 78515 21:0 54294
54293 317 1:0 54301
54293 78522 21:0 54305
54300 325 1:0 54300
54304 78528 21:0 54305
54304 78535 21:0 54305
54304 321 1:0 54306
54304 78548 21:0 54310
54307 79084 21:0 54307
54309 78539 21:0 54310
54309 78543 21:0 54310
54309 319 1:0 54311
54309 78541 21:0 54315
54314 78534 21:0 54315
54314 78542 21:0 54315
54314 329 1:0 54326
54314 78554 21:0 54330
54323 327 1:0 54323
54329 171 21:0 54330
54329 207 21:0 54330
54329 55381 1:0 54332
54329 79006 21:0 54335
54334 78566 21:0 54335
54334 78883 21:0 54335
54334 78962 21:0 54335
54334 78784 21:0 54335
54334 78533 21:0 54335
54334 78916 21:0 54335
54334 78995 21:0 54335
54334 78685 21:0 54335
54334 78863 21:0 54335
54334 78586 21:0 54335
54334 78817 21:0 54335
54334 79015 21:0 54335
54334 78665 21:0 54335
54334 78982 21:0 54335
54334 78619 21:0 54335
54334 78830 21:0 54335
54334 78764 21:0 54335
54334 78553 21:0 54335
54334 73 21:0 54335
54334 125 21:0 54335
54334 78797 21:0 54335
54334 78632 21:0 54335
54334 78896 21:0 54335
54334 287 21:0 54335
54334 78731 21:0 54335
54334 78929 21:0 54335
54334 78599 21:0 54335
54334 78949 21:0 54335
54334 181 21:0 54335
54334 78751 21:0 54335
54334 78850 21:0 54335
54334 78718 21:0 54335
54334 78652 21:0 54335
54334 161 21:0 54335
54335 79097 21:0 54345
54344 55991 1:0 54346
54344 78955 21:0 54371
54351 55995 1:0 54351
54370 56007 1:0 54372
54370 78985 21:0 54379
54378 78986 21:0 54382
54381 56011 1:0 54383
54381 78987 21:0 54391
54385 79084 1:0 54385
54390 56011 21:0 54391
54390 221 21:0 54391
54390 55991 21:0 54391
54390 203 21:0 54391
54390 56007 21:0 54391
54390 55381 21:0 54391
54390 321 21:0 54391
54390 151 21:0 54391
54390 319 21:0 54391
54390 169 21:0 54391
54390 329 21:0 54391
54390 259 21:0 54393
54390 56014 1:0 54393
54392 78610 21:0 54393
54392 78907 21:0 54395
54394 251 21:0 54395
54394 163 21:0 54395
54394 179 21:0 54395
54394 233 21:0 54395
54394 253 21:0 54395
54394 197 21:0 54395
54394 199 21:0 54395
54394 323 21:0 54395
54394 107 21:0 54395
54394 89 21:0 54395
54394 53 21:0 54395
54394 79081 21:0 54395
54394 215 21:0 54395
54394 79028 21:0 54395
54394 79048 21:0 54395
54394 235 21:0 54395
54394 79099 21:0 54395
54394 55995 21:0 54395
54394 327 21:0 54395
54394 37 21:0 54395
54394 305 21:0 54395
54394 217 21:0 54395
54394 78698 21:0 54395
54394 79061 21:0 54395
54394 55 21:0 54395
54394 269 21:0 54395
54394 109 21:0 54395
54394 35 21:0 54395
54394 71 21:0 54395
54394 127 21:0 54395
54394 91 21:0 54395
54394 271 21:0 54395
54394 145 21:0 54395
54394 143 21:0 54395
54394 289 21:0 54395
54394 307 21:0 54395
54395 56014 21:0 54416
54398 56019 1:0 54398
54400 79081 1:0 54400
54415 317 21:0 54419
54418 56032 1:0 54420
54418 78988 21:0 54499
54453 56041 1:0 54455
54462 56043 1:0 54465
54472 56046 1:0 54475
54477 323 1:0 54477
54480 56050 1:0 54480
54482 79061 1:0 54482
54498 79054 1:0 54498
54498 78674 21:0 54499
54498 78786 21:0 54499
54498 78653 21:0 54502
54501 56043 21:0 54502
54501 78600 21:0 54502
54501 78765 21:0 54502
54501 78874 21:0 54502
54501 78643 21:0 54502
54501 56064 1:0 54503
54501 78676 21:0 54505
54504 56050 21:0 54505
54504 325 21:0 54505
54504 56019 21:0 54505
54504 323 21:0 54505
54505 79052 1:0 54505
54505 56064 21:0 54510
54506 79053 1:0 54506
54509 78733 21:0 54510
54509 78587 21:0 54510
54509 78572 21:0 54513
54512 313 21:0 54513
54512 78609 21:0 54513
54512 56032 21:0 54513
54512 56046 21:0 54513
54512 78819 21:0 54513
54512 56041 21:0 54513
54512 315 21:0 54513
54512 56068 1:0 54514
54512 78742 21:0 54516
54516 79051 1:0 54516
54516 56068 21:0 54519
54518 78845 21:0 54519
54518 78739 21:0 54519
54518 78871 21:0 54522
54521 223 21:0 54522
54521 117 21:0 54522
54521 309 21:0 54522
54521 311 21:0 54522
54521 78568 21:0 54522
54521 78675 21:0 54522
54521 56071 1:0 54524
54521 241 21:0 54526
54526 307 1:0 54526
54526 56071 21:0 54547
54529 56076 1:0 54529
54531 79048 1:0 54531
54546 78785 21:0 54550
54549 56089 1:0 54551
54549 78699 21:0 54601
54584 56098 1:0 54586
54593 56100 1:0 54596
54600 78627 21:0 54604
54603 56103 1:0 54606
54603 78746 21:0 54630
54608 305 1:0 54608
54611 56107 1:0 54611
54613 79028 1:0 54613
54629 79021 1:0 54629
54629 78575 21:0 54630
54629 78687 21:0 54630
54629 78594 21:0 54633
54632 56100 21:0 54633
54632 78808 21:0 54633
54632 78577 21:0 54633
54632 301 21:0 54633
54632 78601 21:0 54633
54632 78667 21:0 54633
54632 56121 1:0 54634
54632 78775 21:0 54636
54635 307 21:0 54636
54635 56076 21:0 54636
54635 305 21:0 54636
54635 56107 21:0 54636
54636 79019 1:0 54636
54636 56121 21:0 54641
54637 79020 1:0 54637
54640 78555 21:0 54641
54640 78638 21:0 54641
54640 78740 21:0 54644
54643 78825 21:0 54644
54643 297 21:0 54644
54643 56103 21:0 54644
54643 56098 21:0 54644
54643 295 21:0 54644
54643 56089 21:0 54644
54643 78858 21:0 54644
54643 56125 1:0 54645
54643 78940 21:0 54647
54643 78988 1:0 54651
54647 79018 1:0 54647
54647 56125 21:0 54650
54648 56133 1:0 54651
54648 289 1:0 54651
54648 79015 1:0 54651
54648 56146 1:0 54651
54648 56128 1:0 54655
54648 79006 1:0 54685
54648 56155 1:0 54717
54648 56157 1:0 54727
54648 78995 1:0 54730
54648 287 1:0 54730
54648 56160 1:0 54730
54648 56164 1:0 54730
54648 56178 1:0 54762
54648 56182 1:0 54773
54648 259 1:0 54784
54648 56212 1:0 54784
54648 271 1:0 54788
54648 56190 1:0 54788
54648 78982 1:0 54788
54648 56221 1:0 54807
54648 269 1:0 54807
54648 78962 1:0 54807
54648 78940 1:0 54915
54648 253 1:0 54919
54648 56247 1:0 54919
54648 78949 1:0 54919
54648 56278 1:0 54938
54648 251 1:0 54938
54648 78929 1:0 54938
54648 235 1:0 55050
54648 56304 1:0 55050
54648 78916 1:0 55050
54648 233 1:0 55069
54648 56335 1:0 55069
54648 78896 1:0 55069
54648 78883 1:0 55181
54648 217 1:0 55181
54648 56361 1:0 55181
54648 215 1:0 55200
54648 56392 1:0 55200
54648 78863 1:0 55200
54648 199 1:0 55312
54648 56418 1:0 55312
54648 78850 1:0 55312
54648 78830 1:0 55331
54648 197 1:0 55331
54648 56449 1:0 55331
54648 78817 1:0 55443
54648 56475 1:0 55443
54648 181 1:0 55443
54648 179 1:0 55462
54648 78797 1:0 55462
54648 56506 1:0 55462
54648 56532 1:0 55570
54648 78784 1:0 55570
54648 163 1:0 55570
54648 78764 1:0 55593
54648 56563 1:0 55593
54648 161 1:0 55593
54648 56589 1:0 55704
54648 145 1:0 55704
54648 78751 1:0 55704
54648 78731 1:0 55721
54648 56620 1:0 55721
54648 143 1:0 55721
54648 78718 1:0 55832
54648 56646 1:0 55832
54648 127 1:0 55832
54648 125 1:0 55853
54648 56677 1:0 55855
54648 78698 1:0 55855
54648 78685 1:0 55967
54648 109 1:0 55967
54648 56703 1:0 55967
54648 78665 1:0 55986
54649 78792 21:0 54650
54649 78693 21:0 54650
54649 78706 21:0 54653
54651 78987 1:0 54730
54652 43 21:0 54653
54652 293 21:0 54653
54652 291 21:0 54653
54652 78700 21:0 54653
54652 153 21:0 54653
54652 78719 21:0 54653
54652 115 21:0 54657
54654 78986 1:0 54762
54657 56128 21:0 54678
54659 78985 1:0 54773
54674 78700 1:0 54782
54677 78806 21:0 54681
54680 303 21:0 54716
54682 78806 1:0 54773
54687 78955 1:0 54782
54715 299 21:0 54732
54728 56185 1:0 54786
54728 56217 1:0 54788
54728 56214 1:0 54788
54728 78719 1:0 54807
54728 56203 1:0 54807
54728 241 1:0 54915
54728 56269 1:0 54915
54728 56271 1:0 54919
54728 78907 1:0 55046
54728 78874 1:0 55177
54728 56734 1:0 55986
54728 107 1:0 55986
54728 91 1:0 56098
54728 56760 1:0 56098
54731 283 21:0 54732
54731 285 21:0 54735
54733 78706 1:0 54807
54734 281 21:0 54740
54739 56160 21:0 54756
54755 56157 21:0 54761
54757 78953 1:0 54890
54760 287 21:0 54761
54760 279 21:0 54761
54760 78973 21:0 54761
54760 75 21:0 54761
54760 243 21:0 54761
54760 27 21:0 54761
54760 129 21:0 54761
54760 277 21:0 54761
54760 63 21:0 54761
54760 78544 21:0 54761
54760 93 21:0 54761
54760 57 21:0 54761
54760 131 21:0 54761
54760 257 21:0 54761
54760 189 21:0 54761
54760 147 21:0 54761
54760 45 21:0 54761
54760 56155 21:0 54761
54760 275 21:0 54761
54760 56133 21:0 54761
54760 78841 21:0 54761
54760 99 21:0 54761
54760 56146 21:0 54761
54760 273 21:0 54761
54760 183 21:0 54761
54760 261 21:0 54761
54760 21 21:0 54761
54760 78709 21:0 54761
54760 225 21:0 54761
54760 135 21:0 54761
54760 9 21:0 54761
54760 56164 21:0 54761
54760 289 21:0 54761
54760 123 21:0 54764
54762 261 1:0 54784
54762 257 1:0 54784
54762 78973 1:0 54784
54762 78841 1:0 55308
54763 213 21:0 54764
54763 133 21:0 54764
54763 175 21:0 54764
54763 187 21:0 54764
54763 61 21:0 54764
54763 185 21:0 54764
54763 219 21:0 54764
54763 25 21:0 54764
54763 139 21:0 54764
54763 165 21:0 54764
54763 79 21:0 54764
54763 111 21:0 54764
54763 41 21:0 54764
54763 85 21:0 54764
54763 77 21:0 54764
54763 23 21:0 54764
54763 59 21:0 54764
54767 56178 21:0 54772
54769 78954 1:0 54898
54770 56235 1:0 54896
54770 78693 1:0 54901
54770 56239 1:0 54907
54770 78952 1:0 54908
54770 78792 1:0 54910
54770 243 1:0 54915
54770 56260 1:0 54919
54770 56274 1:0 54938
54770 223 1:0 55041
54771 49 21:0 54772
54771 265 21:0 54772
54771 105 21:0 54772
54771 33 21:0 54772
54771 191 21:0 54773
54772 249 21:0 54775
54773 56242 1:0 54917
54773 78825 1:0 54938
54774 229 21:0 54775
54774 95 21:0 54775
54774 191 1:0 55032
54776 229 1:0 54782
54776 249 1:0 54901
54776 219 1:0 55041
54778 56182 21:0 54781
54779 78922 1:0 54938
54779 78921 1:0 55021
54780 267 21:0 54781
54785 78920 1:0 55028
54787 56292 1:0 55027
54788 56185 21:0 54809
54790 78858 1:0 55032
54796 78652 1:0 56098
54797 78632 1:0 56117
54805 56296 1:0 55038
54805 225 1:0 55046
54805 78808 1:0 55439
54805 89 1:0 56117
54805 56791 1:0 56117
54805 73 1:0 56225
54805 56817 1:0 56225
54805 78619 1:0 56225
54808 263 21:0 54812
54811 271 21:0 54812
54811 56190 21:0 54812
54815 56203 21:0 54844
54818 78919 1:0 55039
54843 261 21:0 54847
54850 56212 21:0 54853
54852 259 21:0 54853
54860 56214 21:0 54863
54862 257 21:0 54863
54870 56217 21:0 54887
54886 255 21:0 54892
54891 56221 21:0 54892
54891 269 21:0 54892
54898 56235 21:0 54903
54900 78740 1:0 55041
54900 221 1:0 55046
54900 56328 1:0 55046
54900 56299 1:0 55048
54900 56326 1:0 55050
54900 56317 1:0 55050
54900 56331 1:0 55069
54900 78638 1:0 55069
54900 213 1:0 55163
54900 56385 1:0 55177
54900 56388 1:0 55181
54901 78889 1:0 55069
54901 78888 1:0 55152
54902 78951 1:0 54902
54902 247 21:0 54903
54909 56239 21:0 54912
54910 56349 1:0 55158
54910 78887 1:0 55159
54910 78555 1:0 55163
54910 56353 1:0 55169
54910 78667 1:0 55172
54910 207 1:0 55177
54910 203 1:0 55177
54910 56356 1:0 55179
54910 56383 1:0 55181
54910 56374 1:0 55200
54910 187 1:0 55303
54910 189 1:0 55303
54910 56440 1:0 55308
54911 249 21:0 54912
54916 78886 1:0 55170
54918 56406 1:0 55289
54919 78950 1:0 54919
54919 56242 21:0 54940
54921 71 1:0 56246
54921 56848 1:0 56248
54937 78856 1:0 55200
54938 78599 1:0 56248
54939 78939 1:0 54939
54939 245 21:0 54943
54942 56247 21:0 54943
54942 253 21:0 54943
54946 56260 21:0 54975
54948 78937 1:0 54948
54948 78935 1:0 54948
54948 78938 1:0 54948
54949 78871 1:0 55200
54949 175 1:0 55294
54949 183 1:0 55308
54949 78775 1:0 55570
54949 55 1:0 56360
54949 78586 1:0 56360
54949 56874 1:0 56360
54974 78931 1:0 54974
54974 243 21:0 54978
54981 56269 21:0 54984
54983 241 21:0 54984
54991 56271 21:0 54994
54993 239 21:0 54994
55001 78930 1:0 55001
55001 56274 21:0 55018
55006 78924 1:0 55006
55017 237 21:0 55023
55022 56278 21:0 55023
55022 251 21:0 55023
55029 56292 21:0 55034
55031 78854 1:0 55283
55032 78855 1:0 55291
55032 78601 1:0 55294
55032 56410 1:0 55300
55032 78594 1:0 55303
55032 78845 1:0 55316
55033 78918 1:0 55033
55033 229 21:0 55034
55040 56296 21:0 55043
55041 78853 1:0 55301
55041 78823 1:0 55331
55042 231 21:0 55043
55044 185 1:0 55308
55044 56413 1:0 55310
55044 56442 1:0 55312
55044 56445 1:0 55312
55044 56431 1:0 55331
55044 165 1:0 55434
55044 56497 1:0 55439
55044 169 1:0 55439
55047 56502 1:0 55443
55047 78742 1:0 55696
55047 53 1:0 56379
55047 78566 1:0 56379
55047 56905 1:0 56379
55047 78553 1:0 56491
55047 37 1:0 56491
55047 56931 1:0 56491
55050 78917 1:0 55050
55050 56299 21:0 55071
55052 78821 1:0 55414
55055 78911 1:0 55055
55067 78819 1:0 55425
55070 78906 1:0 55070
55070 227 21:0 55074
55073 56304 21:0 55074
55073 235 21:0 55074
55077 56317 21:0 55106
55079 78904 1:0 55079
55079 78902 1:0 55079
55079 78905 1:0 55079
55080 78822 1:0 55422
55105 78898 1:0 55105
55105 225 21:0 55109
55112 56326 21:0 55115
55114 223 21:0 55115
55122 56328 21:0 55125
55124 221 21:0 55125
55132 78897 1:0 55132
55132 56331 21:0 55149
55137 78891 1:0 55137
55148 219 21:0 55154
55153 56335 21:0 55154
55153 233 21:0 55154
55160 56349 21:0 55165
55162 56463 1:0 55420
55162 33 1:0 55425
55162 56467 1:0 55431
55162 78687 1:0 55434
55162 78575 1:0 55462
55163 78820 1:0 55432
55163 78790 1:0 55462
55164 78885 1:0 55164
55164 211 21:0 55165
55171 56353 21:0 55174
55172 171 1:0 55439
55172 56470 1:0 55441
55172 56499 1:0 55443
55172 56488 1:0 55462
55172 78789 1:0 55545
55172 147 1:0 55565
55172 151 1:0 55570
55172 56554 1:0 55570
55172 56556 1:0 55593
55173 213 21:0 55174
55175 78788 1:0 55552
55178 56520 1:0 55551
55178 139 1:0 55556
55178 78786 1:0 55556
55178 78785 1:0 55565
55180 56524 1:0 55562
55181 78884 1:0 55181
55181 56356 21:0 55202
55183 78533 1:0 56510
55186 78878 1:0 55186
55199 78787 1:0 55563
55200 35 1:0 56510
55200 56962 1:0 56510
55201 78873 1:0 55201
55201 209 21:0 55205
55204 217 21:0 55205
55204 56361 21:0 55205
55208 56374 21:0 55237
55210 78872 1:0 55210
55210 78869 1:0 55210
55211 56559 1:0 55570
55211 153 1:0 55570
55211 56545 1:0 55588
55211 78765 1:0 55593
55211 133 1:0 55693
55211 129 1:0 55696
55211 131 1:0 55704
55211 56613 1:0 55704
55211 56611 1:0 55704
55211 78709 1:0 55832
55211 19 1:0 56616
55211 56988 1:0 56616
55236 78865 1:0 55236
55236 207 21:0 55240
55243 56383 21:0 55246
55245 205 21:0 55246
55253 56385 21:0 55256
55255 203 21:0 55256
55263 78864 1:0 55263
55263 56388 21:0 55280
55279 201 21:0 55285
55284 215 21:0 55285
55284 56392 21:0 55285
55291 56406 21:0 55296
55293 78757 1:0 55593
55294 56527 1:0 55572
55294 78755 1:0 55676
55294 56577 1:0 55682
55294 78746 1:0 55687
55294 105 1:0 55687
55294 78739 1:0 55696
55295 78852 1:0 55295
55295 193 21:0 55296
55302 56410 21:0 55305
55303 78756 1:0 55684
55303 78754 1:0 55694
55304 195 21:0 55305
55306 56581 1:0 55693
55311 78724 1:0 55721
55312 78851 1:0 55312
55312 56413 21:0 55333
55314 56584 1:0 55703
55314 135 1:0 55704
55314 56616 1:0 55704
55314 56602 1:0 55721
55314 111 1:0 55827
55320 78520 1:0 56627
55321 17 1:0 56704
55321 57019 1:0 56707
55329 78733 1:0 55721
55330 56634 1:0 55813
55330 78627 1:0 55818
55330 123 1:0 55818
55331 78500 1:0 56709
55332 78840 1:0 55332
55332 191 21:0 55336
55335 56418 21:0 55336
55335 199 21:0 55336
55339 56431 21:0 55368
55341 78838 1:0 55341
55341 78836 1:0 55341
55341 78839 1:0 55341
55342 56670 1:0 55832
55342 56659 1:0 55832
55342 115 1:0 55832
55342 117 1:0 55832
55342 78676 1:0 55963
55367 78832 1:0 55367
55374 56440 21:0 55377
55384 56442 21:0 55387
55394 78831 1:0 55394
55394 56445 21:0 55411
55410 56449 21:0 55411
55422 56463 21:0 55427
55424 78722 1:0 55807
55425 78723 1:0 55815
55425 78721 1:0 55825
55433 56467 21:0 55436
55434 56638 1:0 55824
55434 78699 1:0 55827
55434 56641 1:0 55834
55434 56673 1:0 55850
55434 78691 1:0 55855
55434 78568 1:0 55855
55434 56668 1:0 55855
55434 93 1:0 55958
55434 56727 1:0 55963
55434 78643 1:0 56094
55440 78690 1:0 55938
55443 78818 1:0 55443
55443 56470 21:0 55464
55448 78812 1:0 55448
55461 78689 1:0 55945
55463 78807 1:0 55463
55463 56475 21:0 55464
55470 56488 21:0 55499
55472 78803 1:0 55472
55472 78805 1:0 55472
55473 56691 1:0 55944
55473 78675 1:0 55949
55498 78799 1:0 55498
55505 56497 21:0 55508
55515 56499 21:0 55518
55525 78798 1:0 55525
55525 56502 21:0 55542
55541 56506 21:0 55542
55553 56520 21:0 55558
55555 85 1:0 55949
55555 56695 1:0 55955
55555 78609 1:0 55958
55555 78674 1:0 55986
55556 78688 1:0 55956
55556 78658 1:0 55986
55564 56524 21:0 55567
55565 95 1:0 55963
55565 99 1:0 55963
55565 56698 1:0 55965
55565 56725 1:0 55967
55565 56730 1:0 55967
55565 56716 1:0 55986
55565 78656 1:0 56069
55565 56748 1:0 56075
55565 49 1:0 56080
55565 78572 1:0 56080
55565 56752 1:0 56086
55565 77 1:0 56089
55565 56784 1:0 56094
55571 78657 1:0 56077
55574 56527 21:0 55595
55579 78779 1:0 55579
55592 78655 1:0 56087
55594 78774 1:0 55594
55594 56532 21:0 55595
55601 56545 21:0 55630
55603 78773 1:0 55603
55603 78772 1:0 55603
55603 78770 1:0 55603
55604 78587 1:0 56089
55604 75 1:0 56094
55604 79 1:0 56094
55604 56773 1:0 56094
55604 56782 1:0 56098
55604 78610 1:0 56225
55629 78766 1:0 55629
55636 56554 21:0 55639
55646 56556 21:0 55649
55656 56559 21:0 55673
55661 78759 1:0 55661
55672 56563 21:0 55673
55684 56577 21:0 55689
55686 78625 1:0 56117
55687 56755 1:0 56096
55687 78653 1:0 56097
55687 56787 1:0 56117
55687 78623 1:0 56200
55687 56805 1:0 56206
55687 56976 1:0 56211
55687 61 1:0 56220
55687 57 1:0 56220
55687 56844 1:0 56225
55687 56839 1:0 56225
55687 59 1:0 56225
55687 56841 1:0 56248
55688 78753 1:0 55688
55695 56581 21:0 55698
55696 78624 1:0 56208
55696 78600 1:0 56211
55696 56809 1:0 56217
55696 56862 1:0 56220
55696 56866 1:0 56220
55696 63 1:0 56225
55696 56812 1:0 56227
55696 56830 1:0 56243
55696 41 1:0 56351
55696 43 1:0 56356
55696 78577 1:0 56356
55702 78622 1:0 56218
55705 78752 1:0 55705
55705 56584 21:0 55726
55723 78592 1:0 56248
55725 78741 1:0 55725
55725 56589 21:0 55726
55732 56602 21:0 55761
55734 78737 1:0 55734
55735 78554 1:0 56248
55735 56919 1:0 56351
55767 56611 21:0 55770
55777 56613 21:0 55780
55787 78732 1:0 55787
55787 56616 21:0 55804
55792 78726 1:0 55792
55803 56620 21:0 55804
55815 56634 21:0 55820
55817 78591 1:0 56331
55818 78590 1:0 56338
55818 78534 1:0 56342
55818 78542 1:0 56342
55818 78541 1:0 56351
55819 78720 1:0 55819
55826 56638 21:0 55829
55827 78589 1:0 56349
55827 78559 1:0 56379
55830 45 1:0 56356
55830 56898 1:0 56356
55830 56896 1:0 56360
55830 56887 1:0 56360
55830 56901 1:0 56379
55830 25 1:0 56482
55830 23 1:0 56487
55833 56869 1:0 56358
55833 78539 1:0 56379
55836 56641 21:0 55857
55841 78713 1:0 55841
55853 78558 1:0 56462
55854 78548 1:0 56473
55854 56923 1:0 56479
55856 78708 1:0 55856
55856 56646 21:0 55857
55863 56659 21:0 55892
55865 78704 1:0 55865
55865 78707 1:0 55865
55866 78543 1:0 56473
55866 27 1:0 56482
55866 56955 1:0 56487
55866 21 1:0 56487
55866 78544 1:0 56487
55866 56953 1:0 56491
55898 56668 21:0 55901
55908 56670 21:0 55911
55918 56673 21:0 55935
55934 56677 21:0 55935
55946 56691 21:0 55951
55948 78557 1:0 56469
55949 78556 1:0 56480
55949 78535 1:0 56482
55949 56926 1:0 56489
55949 56958 1:0 56491
55949 56944 1:0 56510
55949 78528 1:0 56510
55949 9 1:0 56616
55949 57001 1:0 56616
55957 56695 21:0 55960
55958 78526 1:0 56510
55958 78524 1:0 56593
55966 78525 1:0 56601
55967 78686 1:0 55967
55967 56698 21:0 55988
55969 349 1:0 56604
55972 78680 1:0 55972
55984 78522 1:0 56604
55985 56980 1:0 56610
55985 78515 1:0 56613
55987 56703 21:0 55988
55994 56716 21:0 56023
55996 78673 1:0 55996
55996 78671 1:0 55996
55997 78506 1:0 56616
55997 7 1:0 56635
55997 57010 1:0 56638
55997 78511 1:0 56641
55997 5 1:0 56687
55997 57012 1:0 56692
55997 3 1:0 56695
56029 56725 21:0 56032
56039 56727 21:0 56042
56049 78666 1:0 56049
56049 56730 21:0 56066
56054 78660 1:0 56054
56065 56734 21:0 56066
56077 56748 21:0 56082
56079 78523 1:0 56611
56080 78510 1:0 56616
56080 56983 1:0 56616
56080 78521 1:0 56621
56080 78508 1:0 56641
56080 78509 1:0 56641
56080 78502 1:0 56676
56080 348 1:0 56695
56080 57015 1:0 56702
56081 78654 1:0 56081
56088 56752 21:0 56091
56089 78501 1:0 56703
56098 56755 21:0 56119
56103 78647 1:0 56103
56118 78642 1:0 56118
56118 56760 21:0 56119
56125 56773 21:0 56154
56127 78641 1:0 56127
56127 78640 1:0 56127
56153 78634 1:0 56153
56160 56782 21:0 56163
56170 56784 21:0 56173
56180 78633 1:0 56180
56180 56787 21:0 56197
56196 56791 21:0 56197
56208 56805 21:0 56213
56212 78621 1:0 56212
56219 56809 21:0 56222
56229 78620 1:0 56229
56229 56812 21:0 56250
56234 78614 1:0 56234
56249 56817 21:0 56250
56256 56830 21:0 56285
56258 78605 1:0 56258
56258 78608 1:0 56258
56258 78607 1:0 56258
56291 56839 21:0 56294
56301 56841 21:0 56304
56311 56844 21:0 56328
56327 56848 21:0 56328
56339 56862 21:0 56344
56343 78588 1:0 56343
56350 56866 21:0 56353
56360 56869 21:0 56381
56365 78581 1:0 56365
56380 78576 1:0 56380
56380 56874 21:0 56381
56387 56887 21:0 56416
56389 78574 1:0 56389
56422 56896 21:0 56425
56432 56898 21:0 56435
56442 78567 1:0 56442
56442 56901 21:0 56459
56447 78561 1:0 56447
56458 56905 21:0 56459
56470 56919 21:0 56475
56481 56923 21:0 56484
56491 56926 21:0 56512
56511 56931 21:0 56512
56518 56944 21:0 56547
56553 56953 21:0 56556
56563 56955 21:0 56566
56573 56958 21:0 56590
56589 56962 21:0 56590
56601 56976 21:0 56606
56612 56980 21:0 56615
56622 56983 21:0 56643
56642 56988 21:0 56643
56649 57001 21:0 56678
56684 57010 21:0 56687
56694 57012 21:0 56697
56704 57015 21:0 56721
56720 57019 21:0 56721
56730 80151 21:0 56731
56731 80152 21:0 56742
56741 17 21:0 56742
56741 5 21:0 56742
56742 80153 21:0 56770
56769 348 21:0 56775
56774 7 21:0 56775
56774 80162 21:0 56775
56774 3 21:0 56775
56777 349 21:0 56786
56785 19 21:0 56786
56785 80160 21:0 56786
56785 80157 21:0 56786
56785 80171 21:0 56786
56788 80174 21:0 56796
56795 80176 21:0 56846
56845 80175 21:0 56862
56861 80177 21:0 56867
56866 80207 21:0 56886
56883 80218 21:0 56883
56885 80209 21:0 56938
56894 80219 21:0 56894
56922 80225 21:0 56922
56922 80226 21:0 56922
56922 80223 21:0 56922
56927 80227 21:0 56927
56929 80212 21:0 56929
56935 80238 21:0 56935
56937 80208 21:0 56943
56942 80210 21:0 56948
56947 80240 21:0 57003
56959 80251 21:0 56959
56970 80252 21:0 56970
56998 80256 21:0 56998
56998 80258 21:0 56998
57002 80242 21:0 57019
57003 80260 21:0 57003
57018 80241 21:0 57024
57019 80272 21:0 57019
57023 80243 21:0 57074
57026 80265 21:0 57026
57035 80284 21:0 57035
57073 80273 21:0 57090
57074 80292 21:0 57074
57074 80291 21:0 57074
57074 80289 21:0 57074
57081 80278 21:0 57081
57087 80304 21:0 57087
57089 80275 21:0 57095
57094 80274 21:0 57114
57113 80276 21:0 57166
57150 80324 21:0 57150
57150 80325 21:0 57150
57155 80326 21:0 57155
57157 80311 21:0 57157
57163 80337 21:0 57163
57165 80306 21:0 57171
57170 80307 21:0 57176
57171 80338 21:0 57171
57175 80308 21:0 57231
57187 80350 21:0 57187
57226 80358 21:0 57226
57226 80357 21:0 57226
57230 80309 21:0 57247
57231 80359 21:0 57231
57233 80344 21:0 57233
57239 80370 21:0 57239
57246 80339 21:0 57252
57247 80371 21:0 57247
57251 80341 21:0 57302
57254 80364 21:0 57254
57301 80340 21:0 57318
57302 80388 21:0 57302
57302 80390 21:0 57302
57302 80391 21:0 57302
57317 80342 21:0 57323
57322 80372 21:0 57342
57330 80397 21:0 57330
57341 80374 21:0 57394
57378 80421 21:0 57378
57378 80424 21:0 57378
57383 80425 21:0 57383
57391 80436 21:0 57391
57393 80373 21:0 57399
57398 80375 21:0 57404
57399 80437 21:0 57399
57403 80405 21:0 57454
57406 80430 21:0 57406
57415 80449 21:0 57415
57426 80450 21:0 57426
57453 80407 21:0 57470
57454 80457 21:0 57454
57454 80454 21:0 57454
57459 80458 21:0 57459
57461 80443 21:0 57461
57467 80469 21:0 57467
57469 80406 21:0 57480
57475 80470 21:0 57475
57479 80408 21:0 57530
57482 80463 21:0 57482
57491 80482 21:0 57491
57502 80483 21:0 57502
57529 80438 21:0 57546
57530 80490 21:0 57530
57530 80489 21:0 57530
57530 80487 21:0 57530
57531 199 1:0 57541
57531 191 1:0 57542
57543 80502 21:0 57543
57545 195 1:0 57547
57545 80439 21:0 57551
57550 193 1:0 57552
57550 80440 21:0 57568
57555 201 1:0 57566
57565 215 1:0 57565
57567 80441 21:0 57622
57569 203 1:0 57570
57573 205 1:0 57574
57578 80516 21:0 57578
57605 207 1:0 57607
57606 80523 21:0 57606
57610 209 1:0 57618
57611 80524 21:0 57611
57617 217 1:0 57617
57621 213 1:0 57623
57621 80471 21:0 57627
57626 211 1:0 57628
57626 80473 21:0 57632
57627 80536 21:0 57627
57631 219 1:0 57642
57631 80472 21:0 57682
57641 233 1:0 57641
57645 221 1:0 57646
57649 223 1:0 57650
57654 80549 21:0 57654
57681 225 1:0 57683
57681 80474 21:0 57698
57682 80556 21:0 57682
57682 80553 21:0 57682
57686 227 1:0 57694
57687 80557 21:0 57687
57693 235 1:0 57693
57695 80568 21:0 57695
57697 231 1:0 57699
57697 80504 21:0 57708
57702 229 1:0 57704
57703 80569 21:0 57703
57707 237 1:0 57718
57707 80505 21:0 57730
57717 251 1:0 57717
57721 239 1:0 57722
57725 241 1:0 57726
57729 80506 21:0 57774
57730 80582 21:0 57730
57757 243 1:0 57759
57758 80589 21:0 57758
57758 80586 21:0 57758
57762 245 1:0 57770
57763 80590 21:0 57763
57769 253 1:0 57769
57771 80601 21:0 57771
57773 249 1:0 57775
57773 80507 21:0 57779
57778 247 1:0 57780
57778 80537 21:0 57784
57779 80602 21:0 57779
57783 255 1:0 57794
57783 80538 21:0 57846
57786 80595 21:0 57786
57793 269 1:0 57793
57795 80614 21:0 57795
57797 257 1:0 57798
57801 259 1:0 57802
57806 80615 21:0 57806
57833 261 1:0 57835
57834 80619 21:0 57834
57834 80622 21:0 57834
57834 80621 21:0 57834
57838 263 1:0 57846
57845 271 1:0 57845
57845 80539 21:0 57855
57849 267 1:0 57851
57854 265 1:0 57856
57854 80540 21:0 57860
57859 80161 21:0 57860
57859 273 1:0 57870
57859 80172 21:0 57874
57869 287 1:0 57869
57873 275 1:0 57874
57873 80159 21:0 57910
57877 277 1:0 57878
57909 279 1:0 57911
57909 80570 21:0 57926
57914 281 1:0 57922
57921 289 1:0 57921
57925 285 1:0 57927
57925 80572 21:0 57931
57928 80669 21:0 57928
57930 283 1:0 57932
57930 80571 21:0 57950
57933 80670 21:0 57933
57933 80671 21:0 57933
57935 291 1:0 57946
57936 80672 21:0 57936
57945 305 1:0 57945
57949 293 1:0 57950
57949 80573 21:0 58002
57953 295 1:0 57954
57985 297 1:0 57987
57990 299 1:0 57998
57997 307 1:0 57997
58001 303 1:0 58003
58001 80603 21:0 58007
58004 80702 21:0 58004
58006 301 1:0 58008
58006 80605 21:0 58012
58009 80703 21:0 58009
58009 80704 21:0 58009
58011 309 1:0 58022
58011 80604 21:0 58062
58012 80705 21:0 58012
58021 323 1:0 58021
58025 311 1:0 58026
58029 313 1:0 58030
58061 315 1:0 58063
58061 80166 21:0 58067
58066 317 1:0 58074
58066 80173 21:0 58078
58073 325 1:0 58073
58077 80186 21:0 58078
58077 80193 21:0 58078
58077 321 1:0 58079
58077 80205 21:0 58083
58080 80735 21:0 58080
58082 80179 21:0 58083
58082 80192 21:0 58083
58082 319 1:0 58084
58082 80190 21:0 58088
58087 80194 21:0 58088
58087 80185 21:0 58088
58087 329 1:0 58099
58087 80199 21:0 58103
58096 327 1:0 58096
58102 207 21:0 58103
58102 23 21:0 58103
58102 80525 21:0 58103
58102 97 21:0 58103
58102 55381 1:0 58105
58102 79 21:0 58108
58107 80316 21:0 58108
58107 179 21:0 58108
58107 80217 21:0 58108
58107 80448 21:0 58108
58107 80646 21:0 58108
58107 80666 21:0 58108
58108 80748 21:0 58118
58117 55991 1:0 58119
58117 80606 21:0 58144
58124 55995 1:0 58124
58143 56007 1:0 58145
58143 80636 21:0 58152
58151 80637 21:0 58155
58154 56011 1:0 58156
58154 80638 21:0 58164
58158 80735 1:0 58158
58163 56007 21:0 58164
58163 55381 21:0 58164
58163 56011 21:0 58164
58163 151 21:0 58164
58163 321 21:0 58164
58163 319 21:0 58164
58163 55991 21:0 58164
58163 329 21:0 58164
58163 243 21:0 58164
58163 56014 1:0 58166
58163 203 21:0 58168
58167 80750 21:0 58168
58167 80567 21:0 58168
58167 80204 21:0 58168
58167 55995 21:0 58168
58167 327 21:0 58168
58168 56014 21:0 58189
58171 56019 1:0 58171
58188 317 21:0 58192
58191 56032 1:0 58193
58191 80639 21:0 58272
58226 56041 1:0 58228
58235 56043 1:0 58238
58245 56046 1:0 58248
58253 56050 1:0 58253
58271 80705 1:0 58271
58271 80232 21:0 58272
58271 80456 21:0 58272
58271 80351 21:0 58275
58274 80195 21:0 58275
58274 80410 21:0 58275
58274 80383 21:0 58275
58274 56043 21:0 58275
58274 80591 21:0 58275
58274 56064 1:0 58276
58274 80228 21:0 58278
58277 80349 21:0 58278
58277 80501 21:0 58278
58277 80402 21:0 58278
58277 323 21:0 58278
58277 325 21:0 58278
58277 80369 21:0 58278
58277 80415 21:0 58278
58277 80435 21:0 58278
58277 80382 21:0 58278
58277 80184 21:0 58278
58277 80481 21:0 58278
58277 80250 21:0 58278
58277 80534 21:0 58278
58277 56019 21:0 58278
58277 56050 21:0 58278
58277 80468 21:0 58278
58278 80703 1:0 58278
58278 56064 21:0 58283
58279 80704 1:0 58279
58282 80491 21:0 58283
58282 301 21:0 58283
58282 80285 21:0 58285
58284 80293 21:0 58286
58285 315 21:0 58286
58285 56046 21:0 58286
58285 56032 21:0 58286
58285 80417 21:0 58286
58285 313 21:0 58286
58285 56041 21:0 58286
58285 101 21:0 58286
58285 56068 1:0 58287
58285 80294 21:0 58289
58288 80283 21:0 58289
58288 289 21:0 58289
58288 287 21:0 58289
58288 37 21:0 58289
58288 197 21:0 58289
58288 253 21:0 58289
58288 181 21:0 58289
58288 80514 21:0 58289
58288 80237 21:0 58289
58288 235 21:0 58289
58288 80547 21:0 58289
58288 80679 21:0 58289
58288 80600 21:0 58289
58288 80633 21:0 58289
58288 80270 21:0 58289
58288 80613 21:0 58289
58288 80580 21:0 58289
58288 80303 21:0 58289
58288 80336 21:0 58289
58289 80702 1:0 58289
58289 56068 21:0 58292
58291 80377 21:0 58292
58291 80239 21:0 58292
58291 80496 21:0 58295
58294 111 21:0 58295
58294 311 21:0 58295
58294 275 21:0 58295
58294 80503 21:0 58295
58294 309 21:0 58295
58294 80423 21:0 58295
58294 56071 1:0 58297
58294 257 21:0 58299
58298 143 21:0 58299
58298 305 21:0 58299
58298 91 21:0 58299
58298 80699 21:0 58299
58298 35 21:0 58299
58298 127 21:0 58299
58298 73 21:0 58299
58298 53 21:0 58299
58298 55 21:0 58299
58298 89 21:0 58299
58298 199 21:0 58299
58298 163 21:0 58299
58298 125 21:0 58299
58298 215 21:0 58299
58298 145 21:0 58299
58298 269 21:0 58299
58298 251 21:0 58299
58298 271 21:0 58299
58298 109 21:0 58299
58298 71 21:0 58299
58298 107 21:0 58299
58298 161 21:0 58299
58298 233 21:0 58299
58298 217 21:0 58299
58299 56071 21:0 58320
58302 56076 1:0 58302
58304 80699 1:0 58304
58319 80259 21:0 58323
58322 56089 1:0 58324
58322 80206 21:0 58374
58357 56098 1:0 58359
58366 56100 1:0 58369
58373 80305 21:0 58377
58376 56103 1:0 58379
58376 80392 21:0 58403
58381 305 1:0 58381
58384 56107 1:0 58384
58386 80679 1:0 58386
58402 80672 1:0 58402
58402 80322 21:0 58403
58402 80245 21:0 58403
58402 80271 21:0 58406
58405 303 21:0 58406
58405 80261 21:0 58406
58405 80492 21:0 58406
58405 80535 21:0 58406
58405 80403 21:0 58406
58405 56100 21:0 58406
58405 56121 1:0 58407
58405 80624 21:0 58409
58408 307 21:0 58409
58408 56107 21:0 58409
58408 305 21:0 58409
58408 56076 21:0 58409
58409 80670 1:0 58409
58409 56121 21:0 58414
58410 80671 1:0 58410
58413 80404 21:0 58414
58413 80416 21:0 58414
58413 80298 21:0 58417
58416 56103 21:0 58417
58416 297 21:0 58417
58416 80317 21:0 58417
58416 295 21:0 58417
58416 283 21:0 58417
58416 56089 21:0 58417
58416 56098 21:0 58417
58416 299 21:0 58417
58416 56125 1:0 58418
58416 80459 21:0 58420
58416 80639 1:0 58424
58420 80669 1:0 58420
58420 56125 21:0 58423
58421 56146 1:0 58424
58421 80666 1:0 58424
58421 56133 1:0 58424
58421 289 1:0 58424
58421 56128 1:0 58428
58421 56155 1:0 58490
58421 275 1:0 58495
58421 56157 1:0 58500
58421 56160 1:0 58503
58421 56164 1:0 58503
58421 80646 1:0 58503
58421 287 1:0 58503
58421 56178 1:0 58535
58421 56182 1:0 58546
58421 56212 1:0 58557
58421 80633 1:0 58561
58421 271 1:0 58561
58421 56190 1:0 58561
58421 80613 1:0 58580
58421 56221 1:0 58580
58421 269 1:0 58580
58421 56247 1:0 58692
58421 80600 1:0 58692
58421 253 1:0 58692
58421 251 1:0 58709
58421 80580 1:0 58711
58421 56278 1:0 58711
58421 235 1:0 58823
58421 56304 1:0 58826
58421 80567 1:0 58828
58421 233 1:0 58839
58421 80547 1:0 58839
58421 56335 1:0 58839
58421 217 1:0 58951
58421 80534 1:0 58951
58421 56361 1:0 58953
58421 56392 1:0 58970
58421 80514 1:0 58970
58421 215 1:0 58970
58421 56418 1:0 59081
58421 80501 1:0 59081
58421 199 1:0 59081
58421 80481 1:0 59099
58421 56449 1:0 59104
58421 197 1:0 59104
58421 56475 1:0 59216
58421 181 1:0 59216
58421 80468 1:0 59216
58421 179 1:0 59233
58421 56506 1:0 59233
58421 80448 1:0 59235
58421 56532 1:0 59343
58421 80435 1:0 59343
58421 163 1:0 59343
58421 161 1:0 59361
58421 80415 1:0 59361
58421 56563 1:0 59361
58421 145 1:0 59478
58421 56589 1:0 59478
58421 80402 1:0 59478
58421 143 1:0 59495
58421 56620 1:0 59495
58421 80382 1:0 59497
58421 56646 1:0 59609
58421 80369 1:0 59609
58421 127 1:0 59609
58421 125 1:0 59628
58421 56677 1:0 59628
58421 80349 1:0 59628
58421 109 1:0 59740
58421 56703 1:0 59740
58422 191 21:0 58423
58422 285 21:0 58423
58422 80318 21:0 58423
58422 80628 21:0 58426
58424 80638 1:0 58503
58425 80393 21:0 58426
58425 291 21:0 58426
58425 80426 21:0 58426
58425 80558 21:0 58426
58425 80327 21:0 58426
58425 39 21:0 58426
58425 261 21:0 58426
58425 80657 21:0 58426
58425 201 21:0 58426
58425 80562 21:0 58426
58425 293 21:0 58426
58425 80360 21:0 58426
58425 171 21:0 58426
58425 255 21:0 58426
58425 213 21:0 58428
58427 377 21:0 58430
58427 80657 1:0 58458
58427 80637 1:0 58535
58430 56128 21:0 58451
58431 377 1:0 58469
58432 80636 1:0 58546
58438 80336 1:0 59740
58439 80316 1:0 59759
58447 80628 1:0 58565
58448 257 1:0 58557
58448 255 1:0 58557
58448 261 1:0 58557
58448 80624 1:0 58557
58448 56217 1:0 58557
58448 56185 1:0 58559
58448 56214 1:0 58561
58448 56203 1:0 58580
58448 80591 1:0 58688
58448 80558 1:0 58829
58448 80525 1:0 58953
58448 80492 1:0 59104
58448 107 1:0 59759
58448 56734 1:0 59759
58448 91 1:0 59871
58448 56760 1:0 59871
58450 281 21:0 58454
58453 289 21:0 58454
58453 56133 21:0 58454
58453 81 21:0 58454
58453 61 21:0 58454
58453 149 21:0 58454
58453 225 21:0 58454
58453 117 21:0 58454
58453 205 21:0 58454
58453 95 21:0 58454
58453 135 21:0 58454
58453 77 21:0 58454
58457 56146 21:0 58486
58460 80606 1:0 58555
58485 279 21:0 58489
58488 41 21:0 58489
58488 25 21:0 58489
58488 133 21:0 58489
58488 115 21:0 58489
58488 185 21:0 58489
58492 56155 21:0 58495
58494 277 21:0 58495
58494 165 21:0 58498
58497 169 21:0 58498
58497 75 21:0 58498
58502 56157 21:0 58505
58504 275 21:0 58505
58504 67 21:0 58505
58504 83 21:0 58508
58507 99 21:0 58508
58507 219 21:0 58508
58507 129 21:0 58508
58512 56160 21:0 58529
58514 80604 1:0 58663
58528 273 21:0 58534
58533 80355 21:0 58534
58533 80384 21:0 58534
58533 65 21:0 58534
58533 287 21:0 58534
58533 56164 21:0 58534
58533 80331 21:0 58537
58536 229 21:0 58537
58536 80515 21:0 58537
58536 49 21:0 58537
58538 80515 1:0 58546
58538 80331 1:0 58555
58538 229 1:0 58674
58540 56178 21:0 58545
58542 80605 1:0 58671
58543 56235 1:0 58669
58543 80384 1:0 58674
58543 56239 1:0 58680
58543 80603 1:0 58681
58543 80355 1:0 58683
58543 243 1:0 58688
58543 56260 1:0 58688
58543 56271 1:0 58688
58543 56269 1:0 58692
58543 56274 1:0 58711
58543 56326 1:0 58836
58543 56328 1:0 58839
58544 265 21:0 58545
58544 139 21:0 58545
58544 119 21:0 58545
58544 11 21:0 58545
58544 159 21:0 58547
58546 11 1:0 58557
58546 56242 1:0 58690
58548 159 1:0 58555
58551 56182 21:0 58554
58552 80562 1:0 58688
58552 80573 1:0 58711
58553 267 21:0 58554
58555 80571 1:0 58794
58560 80572 1:0 58802
58561 56185 21:0 58582
58563 56292 1:0 58800
58563 139 1:0 58805
58569 80303 1:0 59871
58570 89 1:0 59888
58570 56791 1:0 59890
58578 80318 1:0 58805
58579 56296 1:0 58811
58579 225 1:0 58814
58579 219 1:0 58814
58579 80317 1:0 58814
58579 56317 1:0 58836
58579 56331 1:0 58836
58580 80283 1:0 59890
58581 263 21:0 58585
58584 271 21:0 58585
58584 56190 21:0 58585
58588 56203 21:0 58617
58590 80619 1:0 58590
58590 80622 1:0 58590
58590 80621 1:0 58590
58591 56299 1:0 58821
58591 80298 1:0 58839
58591 205 1:0 58945
58591 203 1:0 58945
58591 56383 1:0 58953
58591 56385 1:0 58953
58591 80459 1:0 59212
58591 80270 1:0 60002
58591 73 1:0 60002
58591 56817 1:0 60002
58616 80615 1:0 58616
58616 261 21:0 58620
58623 56212 21:0 58626
58625 259 21:0 58626
58633 56214 21:0 58636
58635 257 21:0 58636
58643 80614 1:0 58643
58643 56217 21:0 58660
58659 255 21:0 58665
58664 269 21:0 58665
58664 56221 21:0 58665
58671 56235 21:0 58676
58673 80570 1:0 58812
58674 80540 1:0 58839
58674 56349 1:0 58931
58674 213 1:0 58936
58674 80416 1:0 58936
58674 56353 1:0 58942
58674 80404 1:0 58945
58675 80602 1:0 58675
58675 247 21:0 58676
58682 56239 21:0 58685
58683 80539 1:0 58925
58683 80538 1:0 58932
58684 249 21:0 58685
58689 80537 1:0 58943
58691 201 1:0 58945
58691 207 1:0 58953
58691 56374 1:0 58953
58691 56388 1:0 58970
58692 80601 1:0 58692
58692 56242 21:0 58713
58694 56848 1:0 60019
58694 71 1:0 60019
58697 80595 1:0 58697
58710 80507 1:0 58970
58711 80250 1:0 60021
58712 80590 1:0 58712
58712 245 21:0 58716
58715 56247 21:0 58716
58715 253 21:0 58716
58719 56260 21:0 58748
58721 80589 1:0 58721
58721 80586 1:0 58721
58722 56356 1:0 58952
58722 80535 1:0 58953
58722 56431 1:0 59081
58722 80426 1:0 59366
58722 55 1:0 60133
58722 56874 1:0 60133
58722 80237 1:0 60133
58747 80582 1:0 58747
58747 243 21:0 58751
58754 56269 21:0 58757
58756 241 21:0 58757
58764 56271 21:0 58767
58766 239 21:0 58767
58774 56274 21:0 58791
58790 237 21:0 58796
58795 251 21:0 58796
58795 56278 21:0 58796
58802 56292 21:0 58807
58804 80506 1:0 59056
58805 56406 1:0 59062
58805 80505 1:0 59063
58805 80503 1:0 59067
58805 191 1:0 59067
58805 56410 1:0 59073
58805 80496 1:0 59076
58806 80569 1:0 58806
58806 229 21:0 58807
58813 56296 21:0 58816
58814 80504 1:0 59074
58814 80474 1:0 59104
58815 231 21:0 58816
58817 56440 1:0 59081
58817 185 1:0 59081
58817 56413 1:0 59083
58817 56445 1:0 59099
58817 56442 1:0 59104
58817 165 1:0 59207
58817 56497 1:0 59212
58817 169 1:0 59212
58817 56499 1:0 59216
58817 56556 1:0 59343
58817 151 1:0 59343
58820 80491 1:0 59104
58820 56502 1:0 59216
58820 80393 1:0 59474
58820 80217 1:0 60152
58820 56905 1:0 60152
58820 53 1:0 60152
58820 37 1:0 60264
58820 80204 1:0 60264
58820 56931 1:0 60264
58823 80568 1:0 58823
58823 56299 21:0 58844
58840 80472 1:0 59187
58843 80557 1:0 58843
58843 227 21:0 58847
58846 235 21:0 58847
58846 56304 21:0 58847
58850 56317 21:0 58879
58852 80556 1:0 58852
58852 80553 1:0 58852
58853 80473 1:0 59195
58878 80549 1:0 58878
58878 225 21:0 58882
58885 56326 21:0 58888
58887 223 21:0 58888
58895 56328 21:0 58898
58897 221 21:0 58898
58905 56331 21:0 58922
58921 219 21:0 58927
58926 56335 21:0 58927
58926 233 21:0 58927
58933 56349 21:0 58938
58935 56463 1:0 59193
58935 119 1:0 59198
58935 80403 1:0 59198
58935 56467 1:0 59204
58935 80271 1:0 59207
58936 80471 1:0 59205
58936 80441 1:0 59235
58937 80536 1:0 58937
58937 211 21:0 58938
58944 56353 21:0 58947
58945 171 1:0 59212
58945 56470 1:0 59214
58945 80456 1:0 59235
58945 56488 1:0 59235
58945 80440 1:0 59318
58945 56520 1:0 59324
58945 80423 1:0 59329
58945 49 1:0 59329
58945 56545 1:0 59343
58945 149 1:0 59343
58945 56554 1:0 59366
58945 133 1:0 59474
58945 56613 1:0 59474
58946 213 21:0 58947
58951 80439 1:0 59325
58953 56524 1:0 59335
58954 56356 21:0 58975
58956 80184 1:0 60283
58972 80438 1:0 59336
58973 56962 1:0 60283
58973 35 1:0 60283
58974 80524 1:0 58974
58974 209 21:0 58978
58977 217 21:0 58978
58977 56361 21:0 58978
58981 56374 21:0 59010
58983 80523 1:0 58983
58984 80417 1:0 59338
58984 56527 1:0 59345
58984 56559 1:0 59361
58984 80360 1:0 59628
58984 19 1:0 60389
58984 56988 1:0 60389
59009 80516 1:0 59009
59009 207 21:0 59013
59016 56383 21:0 59019
59018 205 21:0 59019
59026 56385 21:0 59029
59028 203 21:0 59029
59036 56388 21:0 59053
59052 201 21:0 59058
59057 56392 21:0 59058
59057 215 21:0 59058
59064 56406 21:0 59069
59066 80408 1:0 59366
59067 80410 1:0 59366
59067 80406 1:0 59449
59067 56577 1:0 59455
59067 80392 1:0 59460
59067 65 1:0 59460
59067 129 1:0 59469
59067 135 1:0 59474
59067 56616 1:0 59474
59067 56611 1:0 59478
59067 56668 1:0 59605
59067 115 1:0 59605
59067 56670 1:0 59609
59068 193 21:0 59069
59075 56410 21:0 59078
59076 80407 1:0 59457
59076 80405 1:0 59467
59077 195 21:0 59078
59079 80377 1:0 59469
59082 56581 1:0 59466
59085 80502 1:0 59085
59085 56413 21:0 59106
59087 80375 1:0 59497
59093 80171 1:0 60400
59094 17 1:0 60477
59094 57019 1:0 60480
59102 56584 1:0 59476
59102 56602 1:0 59497
59102 117 1:0 59600
59102 56673 1:0 59605
59102 80327 1:0 59736
59102 80294 1:0 59867
59102 80151 1:0 60482
59103 80383 1:0 59497
59103 56634 1:0 59586
59103 83 1:0 59591
59105 191 21:0 59109
59108 56418 21:0 59109
59108 199 21:0 59109
59112 56431 21:0 59141
59114 80490 1:0 59114
59114 80489 1:0 59114
59114 80487 1:0 59114
59115 80245 1:0 59591
59115 56638 1:0 59597
59140 80483 1:0 59140
59140 189 21:0 59144
59147 56440 21:0 59150
59157 56442 21:0 59160
59167 80482 1:0 59167
59167 56445 21:0 59184
59183 56449 21:0 59184
59195 56463 21:0 59200
59197 80373 1:0 59580
59198 80374 1:0 59588
59198 80322 1:0 59600
59198 111 1:0 59605
59198 56641 1:0 59607
59198 56659 1:0 59628
59198 80351 1:0 59628
59198 99 1:0 59731
59199 80470 1:0 59199
59206 56467 21:0 59209
59207 80372 1:0 59598
59207 80342 1:0 59628
59215 80340 1:0 59711
59216 80469 1:0 59216
59216 56470 21:0 59237
59218 56691 1:0 59717
59218 101 1:0 59722
59221 80463 1:0 59221
59236 80458 1:0 59236
59236 56475 21:0 59237
59243 56488 21:0 59272
59245 80457 1:0 59245
59245 80454 1:0 59245
59246 80341 1:0 59719
59271 80450 1:0 59271
59278 56497 21:0 59281
59288 56499 21:0 59291
59298 80449 1:0 59298
59298 56502 21:0 59315
59303 80443 1:0 59303
59314 56506 21:0 59315
59326 56520 21:0 59331
59328 80305 1:0 59722
59328 56695 1:0 59728
59328 80206 1:0 59731
59328 56725 1:0 59736
59328 95 1:0 59736
59328 97 1:0 59736
59328 56727 1:0 59740
59328 56716 1:0 59740
59328 56730 1:0 59759
59328 81 1:0 59862
59329 80339 1:0 59729
59329 80309 1:0 59759
59330 80437 1:0 59330
59337 56524 21:0 59340
59338 56698 1:0 59738
59338 80259 1:0 59759
59338 80308 1:0 59842
59338 56748 1:0 59848
59338 67 1:0 59853
59338 80239 1:0 59853
59344 80307 1:0 59849
59347 80436 1:0 59347
59347 56527 21:0 59368
59352 80430 1:0 59352
59365 80306 1:0 59860
59367 80425 1:0 59367
59367 56532 21:0 59368
59374 56545 21:0 59403
59376 80421 1:0 59376
59376 80424 1:0 59376
59377 56752 1:0 59859
59377 75 1:0 59862
59377 56784 1:0 59867
59377 79 1:0 59867
59377 77 1:0 59867
59377 56755 1:0 59869
59377 56782 1:0 59871
59377 56841 1:0 59998
59377 61 1:0 59998
59377 80261 1:0 59998
59409 56554 21:0 59412
59419 56556 21:0 59422
59429 56559 21:0 59446
59445 56563 21:0 59446
59457 56577 21:0 59462
59459 80293 1:0 59862
59459 56787 1:0 59871
59459 56773 1:0 59890
59459 80285 1:0 59890
59459 56976 1:0 59984
59459 56830 1:0 59998
59459 56839 1:0 60002
59459 80228 1:0 60129
59459 56898 1:0 60129
59460 80276 1:0 59890
59460 80274 1:0 59973
59468 56581 21:0 59471
59469 56805 1:0 59979
59469 80275 1:0 59981
59469 80232 1:0 59984
59469 56809 1:0 59990
59469 56866 1:0 59993
59469 56862 1:0 59993
59469 56812 1:0 60000
59475 80273 1:0 59991
59478 56584 21:0 59499
59483 80397 1:0 59483
59496 80243 1:0 60021
59498 56589 21:0 59499
59505 56602 21:0 59534
59507 80388 1:0 59507
59507 80390 1:0 59507
59507 80391 1:0 59507
59508 80199 1:0 60021
59508 56844 1:0 60021
59508 39 1:0 60129
59508 56901 1:0 60133
59540 56611 21:0 59543
59550 56613 21:0 59553
59560 56616 21:0 59577
59576 56620 21:0 59577
59588 56634 21:0 59593
59590 80241 1:0 60104
59591 80242 1:0 60112
59591 80185 1:0 60115
59591 80194 1:0 60115
59591 80190 1:0 60124
59592 80371 1:0 59592
59599 56638 21:0 59602
59600 80240 1:0 60122
59600 56919 1:0 60124
59603 80210 1:0 60152
59606 41 1:0 60129
59606 56869 1:0 60131
59606 56896 1:0 60133
59606 56887 1:0 60152
59606 80179 1:0 60152
59606 80205 1:0 60246
59606 80195 1:0 60260
59606 56953 1:0 60260
59606 23 1:0 60260
59606 25 1:0 60260
59606 56955 1:0 60264
59609 80370 1:0 59609
59609 56641 21:0 59630
59614 80364 1:0 59614
59627 80208 1:0 60235
59629 80359 1:0 59629
59629 56646 21:0 59630
59636 56659 21:0 59665
59638 80358 1:0 59638
59638 80357 1:0 59638
59639 80192 1:0 60246
59639 56923 1:0 60252
59671 56668 21:0 59674
59681 56670 21:0 59684
59691 80350 1:0 59691
59691 56673 21:0 59708
59696 80344 1:0 59696
59707 56677 21:0 59708
59719 56691 21:0 59724
59721 80209 1:0 60243
59722 80207 1:0 60253
59722 80186 1:0 60255
59722 56958 1:0 60260
59722 56926 1:0 60262
59722 56944 1:0 60283
59722 80193 1:0 60283
59722 57001 1:0 60389
59722 57010 1:0 60408
59722 7 1:0 60411
59722 80162 1:0 60414
59722 5 1:0 60460
59723 80338 1:0 59723
59730 56695 21:0 59733
59731 80177 1:0 60283
59731 80175 1:0 60366
59739 80176 1:0 60374
59740 80337 1:0 59740
59740 56698 21:0 59761
59742 80173 1:0 60377
59757 350 1:0 60377
59758 56980 1:0 60383
59758 80166 1:0 60386
59760 80326 1:0 59760
59760 56703 21:0 59761
59767 56716 21:0 59796
59769 80324 1:0 59769
59769 80325 1:0 59769
59770 56983 1:0 60389
59770 57012 1:0 60465
59770 3 1:0 60468
59770 57015 1:0 60475
59770 189 1:0 61304
59802 56725 21:0 59805
59812 56727 21:0 59815
59822 56730 21:0 59839
59827 80311 1:0 59827
59838 56734 21:0 59839
59850 56748 21:0 59855
59852 80174 1:0 60384
59853 80172 1:0 60389
59853 80159 1:0 60389
59853 80157 1:0 60414
59853 80160 1:0 60414
59853 80161 1:0 60414
59853 80153 1:0 60449
59853 349 1:0 60468
59861 56752 21:0 59864
59862 80152 1:0 60476
59871 80304 1:0 59871
59871 56755 21:0 59892
59891 56760 21:0 59892
59898 56773 21:0 59927
59900 80292 1:0 59900
59900 80291 1:0 59900
59900 80289 1:0 59900
59933 56782 21:0 59936
59943 56784 21:0 59946
59953 80284 1:0 59953
59953 56787 21:0 59970
59958 80278 1:0 59958
59969 56791 21:0 59970
59981 56805 21:0 59986
59985 80272 1:0 59985
59992 56809 21:0 59995
60002 56812 21:0 60023
60007 80265 1:0 60007
60022 80260 1:0 60022
60022 56817 21:0 60023
60029 56830 21:0 60058
60031 80256 1:0 60031
60031 80258 1:0 60031
60057 80252 1:0 60057
60064 56839 21:0 60067
60074 56841 21:0 60077
60084 80251 1:0 60084
60084 56844 21:0 60101
60100 56848 21:0 60101
60112 56862 21:0 60117
60123 56866 21:0 60126
60133 80238 1:0 60133
60133 56869 21:0 60154
60153 80227 1:0 60153
60153 56874 21:0 60154
60160 56887 21:0 60189
60162 80225 1:0 60162
60162 80226 1:0 60162
60162 80223 1:0 60162
60188 80219 1:0 60188
60195 56896 21:0 60198
60205 56898 21:0 60208
60215 80218 1:0 60215
60215 56901 21:0 60232
60220 80212 1:0 60220
60231 56905 21:0 60232
60243 56919 21:0 60248
60254 56923 21:0 60257
60264 56926 21:0 60285
60284 56931 21:0 60285
60291 56944 21:0 60320
60326 56953 21:0 60329
60336 56955 21:0 60339
60346 56958 21:0 60363
60362 56962 21:0 60363
60374 56976 21:0 60379
60385 56980 21:0 60388
60395 56983 21:0 60416
60415 56988 21:0 60416
60422 57001 21:0 60451
60457 57010 21:0 60460
60467 57012 21:0 60470
60477 57015 21:0 60494
60493 57019 21:0 60494
60503 81802 21:0 60504
60504 81803 21:0 60515
60514 5 21:0 60515
60514 17 21:0 60515
60515 81804 21:0 60543
60542 349 21:0 60548
60547 3 21:0 60548
60547 81813 21:0 60548
60547 7 21:0 60548
60550 350 21:0 60559
60558 81823 21:0 60559
60558 81810 21:0 60559
60558 19 21:0 60559
60558 81822 21:0 60559
60561 81825 21:0 60569
60568 81827 21:0 60619
60580 81836 21:0 60580
60618 81826 21:0 60635
60632 81856 21:0 60632
60634 81828 21:0 60640
60639 81858 21:0 60659
60658 81859 21:0 60711
60695 81877 21:0 60695
60710 81860 21:0 60716
60715 81861 21:0 60721
60720 81891 21:0 60776
60732 81902 21:0 60732
60743 81903 21:0 60743
60771 81907 21:0 60771
60771 81909 21:0 60771
60771 81910 21:0 60771
60775 81892 21:0 60792
60778 81896 21:0 60778
60784 81922 21:0 60784
60791 81893 21:0 60797
60792 81923 21:0 60792
60796 81894 21:0 60847
60799 81916 21:0 60799
60808 81935 21:0 60808
60819 81936 21:0 60819
60846 81924 21:0 60863
60847 81943 21:0 60847
60847 81940 21:0 60847
60847 81942 21:0 60847
60852 81944 21:0 60852
60854 81929 21:0 60854
60860 81955 21:0 60860
60862 81925 21:0 60868
60867 81926 21:0 60887
60868 81956 21:0 60868
60884 81968 21:0 60884
60886 81927 21:0 60939
60895 81969 21:0 60895
60923 81973 21:0 60923
60923 81975 21:0 60923
60923 81976 21:0 60923
60928 81977 21:0 60928
60938 81957 21:0 60944
60943 81958 21:0 60949
60944 81989 21:0 60944
60948 81959 21:0 61004
60951 81982 21:0 60951
60999 82006 21:0 60999
60999 82009 21:0 60999
60999 82008 21:0 60999
61003 81960 21:0 61020
61012 82021 21:0 61012
61019 81990 21:0 61025
61024 81991 21:0 61075
61027 82015 21:0 61027
61047 82035 21:0 61047
61074 81992 21:0 61091
61075 82041 21:0 61075
61075 82042 21:0 61075
61075 82039 21:0 61075
61080 82043 21:0 61080
61082 82028 21:0 61082
61088 82054 21:0 61088
61090 81993 21:0 61096
61095 82023 21:0 61115
61096 82055 21:0 61096
61112 82067 21:0 61112
61114 82024 21:0 61167
61123 82068 21:0 61123
61151 82072 21:0 61151
61151 82075 21:0 61151
61158 82061 21:0 61158
61164 82087 21:0 61164
61166 82025 21:0 61172
61171 82026 21:0 61177
61172 82088 21:0 61172
61176 82056 21:0 61227
61199 82101 21:0 61199
61226 82057 21:0 61243
61227 82105 21:0 61227
61227 82107 21:0 61227
61227 82108 21:0 61227
61234 82094 21:0 61234
61242 82058 21:0 61253
61248 82121 21:0 61248
61252 82059 21:0 61303
61255 82114 21:0 61255
61264 82133 21:0 61264
61275 82134 21:0 61275
61302 82089 21:0 61319
61303 82141 21:0 61303
61303 82140 21:0 61303
61303 82138 21:0 61303
61304 199 1:0 61314
61304 191 1:0 61315
61308 82142 21:0 61308
61318 195 1:0 61320
61318 82090 21:0 61324
61323 193 1:0 61325
61323 82091 21:0 61339
61324 82154 21:0 61324
61328 201 1:0 61339
61338 215 1:0 61338
61338 82092 21:0 61395
61342 203 1:0 61343
61346 205 1:0 61347
61378 207 1:0 61380
61379 82173 21:0 61379
61383 209 1:0 61391
61384 82175 21:0 61384
61390 217 1:0 61390
61394 213 1:0 61396
61394 82122 21:0 61400
61399 211 1:0 61401
61399 82123 21:0 61405
61400 82187 21:0 61400
61404 219 1:0 61415
61404 82124 21:0 61455
61407 82180 21:0 61407
61414 233 1:0 61414
61416 82199 21:0 61416
61418 221 1:0 61419
61422 223 1:0 61423
61427 82200 21:0 61427
61454 225 1:0 61456
61454 82125 21:0 61471
61455 82204 21:0 61455
61455 82207 21:0 61455
61459 227 1:0 61467
61460 82208 21:0 61460
61462 82193 21:0 61462
61466 235 1:0 61466
61468 82219 21:0 61468
61470 231 1:0 61472
61470 82155 21:0 61481
61475 229 1:0 61477
61480 237 1:0 61491
61480 82157 21:0 61503
61490 251 1:0 61490
61494 239 1:0 61495
61498 241 1:0 61499
61502 82156 21:0 61547
61530 243 1:0 61532
61535 245 1:0 61543
61542 253 1:0 61542
61546 249 1:0 61548
61546 82158 21:0 61552
61551 247 1:0 61553
61551 82188 21:0 61557
61556 255 1:0 61567
61556 82189 21:0 61623
61566 269 1:0 61566
61570 257 1:0 61571
61574 259 1:0 61575
61606 261 1:0 61608
61611 263 1:0 61619
61618 271 1:0 61618
61622 267 1:0 61624
61622 82190 21:0 61628
61627 265 1:0 61629
61627 82191 21:0 61633
61632 81811 21:0 61633
61632 273 1:0 61643
61632 81812 21:0 61647
61633 82290 21:0 61633
61642 287 1:0 61642
61646 275 1:0 61647
61646 81808 21:0 61683
61650 277 1:0 61651
61682 279 1:0 61684
61682 82221 21:0 61699
61687 281 1:0 61695
61694 289 1:0 61694
61698 285 1:0 61700
61698 82222 21:0 61704
61701 82320 21:0 61701
61703 283 1:0 61705
61703 82223 21:0 61723
61706 82321 21:0 61706
61706 82322 21:0 61706
61708 291 1:0 61719
61709 82323 21:0 61709
61718 305 1:0 61718
61722 293 1:0 61723
61722 82224 21:0 61775
61726 295 1:0 61727
61758 297 1:0 61760
61763 299 1:0 61771
61770 307 1:0 61770
61774 303 1:0 61776
61774 82254 21:0 61780
61777 82353 21:0 61777
61779 301 1:0 61781
61779 82255 21:0 61785
61782 82354 21:0 61782
61782 82355 21:0 61782
61784 309 1:0 61795
61784 82256 21:0 61835
61785 82356 21:0 61785
61794 323 1:0 61794
61798 311 1:0 61799
61802 313 1:0 61803
61834 315 1:0 61836
61834 81817 21:0 61840
61839 317 1:0 61847
61839 81824 21:0 61851
61846 325 1:0 61846
61850 81830 21:0 61851
61850 81850 21:0 61851
61850 321 1:0 61852
61850 81844 21:0 61856
61853 82386 21:0 61853
61855 81878 21:0 61856
61855 81837 21:0 61856
61855 319 1:0 61857
61855 81874 21:0 61861
61858 82388 21:0 61858
61858 82387 21:0 61858
61860 81845 21:0 61861
61860 81869 21:0 61861
61860 329 1:0 61872
61860 81841 21:0 61876
61869 327 1:0 61869
61875 82143 21:0 61876
61875 81879 21:0 61876
61875 81978 21:0 61876
61875 241 21:0 61876
61875 82044 21:0 61876
61875 205 21:0 61876
61875 189 21:0 61876
61875 81912 21:0 61876
61875 82242 21:0 61876
61875 81846 21:0 61876
61875 55381 1:0 61878
61875 82209 21:0 61881
61880 81967 21:0 61881
61880 253 21:0 61881
61880 179 21:0 61881
61880 81921 21:0 61881
61880 81954 21:0 61881
61880 82165 21:0 61881
61880 215 21:0 61881
61880 81835 21:0 61881
61880 81901 21:0 61881
61880 82152 21:0 61881
61880 82185 21:0 61881
61880 82218 21:0 61881
61880 82317 21:0 61881
61880 127 21:0 61881
61880 82231 21:0 61881
61880 233 21:0 61881
61880 82066 21:0 61881
61880 82198 21:0 61881
61880 82119 21:0 61881
61880 37 21:0 61881
61880 82086 21:0 61881
61880 82000 21:0 61881
61880 82033 21:0 61881
61880 82099 21:0 61881
61881 82399 21:0 61891
61890 55991 1:0 61892
61890 81857 21:0 61914
61897 55995 1:0 61897
61913 81889 21:0 61914
61913 81863 21:0 61914
61913 81890 21:0 61917
61916 81876 21:0 61917
61916 81870 21:0 61917
61916 56007 1:0 61918
61916 81843 21:0 61925
61920 82387 1:0 61920
61921 82388 1:0 61921
61924 82257 21:0 61928
61927 56011 1:0 61929
61927 82287 21:0 61934
61931 82386 1:0 61931
61933 56011 21:0 61937
61936 55381 21:0 61937
61936 321 21:0 61937
61936 319 21:0 61937
61936 55991 21:0 61937
61936 329 21:0 61937
61936 56007 21:0 61937
61936 82153 21:0 61937
61936 56014 1:0 61939
61936 171 21:0 61941
61940 82264 21:0 61941
61940 217 21:0 61941
61940 81934 21:0 61941
61940 82401 21:0 61941
61940 82132 21:0 61941
61940 81868 21:0 61941
61940 55995 21:0 61941
61940 327 21:0 61941
61940 82297 21:0 61941
61940 82020 21:0 61941
61941 56014 21:0 61962
61944 56019 1:0 61944
61961 82288 21:0 62045
61964 56032 1:0 61966
61999 56041 1:0 62001
62008 56043 1:0 62011
62018 56046 1:0 62021
62026 56050 1:0 62026
62044 82356 1:0 62044
62044 82289 21:0 62048
62047 82077 21:0 62048
62047 82110 21:0 62048
62047 82109 21:0 62048
62047 317 21:0 62048
62047 56043 21:0 62048
62047 56064 1:0 62049
62047 82011 21:0 62051
62050 109 21:0 62051
62050 145 21:0 62051
62050 71 21:0 62051
62050 81987 21:0 62051
62050 305 21:0 62051
62050 307 21:0 62051
62050 163 21:0 62051
62050 197 21:0 62051
62050 289 21:0 62051
62050 107 21:0 62051
62050 181 21:0 62051
62050 125 21:0 62051
62050 91 21:0 62051
62050 55 21:0 62051
62050 235 21:0 62051
62050 143 21:0 62051
62050 89 21:0 62051
62050 269 21:0 62051
62050 251 21:0 62051
62050 35 21:0 62051
62050 271 21:0 62051
62050 287 21:0 62051
62050 53 21:0 62051
62050 199 21:0 62051
62050 161 21:0 62051
62050 325 21:0 62051
62050 82251 21:0 62051
62050 82053 21:0 62051
62050 81855 21:0 62051
62050 56050 21:0 62051
62050 56019 21:0 62051
62050 82330 21:0 62051
62050 323 21:0 62051
62050 81888 21:0 62051
62050 82284 21:0 62051
62050 82350 21:0 62051
62050 73 21:0 62051
62051 82354 1:0 62051
62051 56064 21:0 62056
62052 82355 1:0 62052
62055 301 21:0 62056
62055 82120 21:0 62056
62055 82002 21:0 62057
62056 82022 21:0 62059
62058 56032 21:0 62059
62058 56046 21:0 62059
62058 56041 21:0 62059
62058 87 21:0 62059
62058 313 21:0 62059
62058 315 21:0 62059
62058 81988 21:0 62059
62058 56068 1:0 62060
62058 82176 21:0 62062
62062 82353 1:0 62062
62062 56068 21:0 62065
62064 81883 21:0 62065
62064 82081 21:0 62065
62064 82010 21:0 62068
62067 129 21:0 62068
62067 115 21:0 62068
62067 311 21:0 62068
62067 309 21:0 62068
62067 82206 21:0 62068
62067 82074 21:0 62068
62067 56071 1:0 62070
62067 185 21:0 62072
62072 307 1:0 62072
62072 56071 21:0 62093
62075 56076 1:0 62075
62077 82350 1:0 62077
62092 82001 21:0 62096
62095 56089 1:0 62097
62095 82213 21:0 62147
62130 56098 1:0 62132
62139 56100 1:0 62142
62146 82174 21:0 62150
62149 56103 1:0 62152
62149 82147 21:0 62176
62154 305 1:0 62154
62157 56107 1:0 62157
62159 82330 1:0 62159
62175 82323 1:0 62175
62175 82171 21:0 62176
62175 81962 21:0 62176
62175 82160 21:0 62179
62178 56100 21:0 62179
62178 303 21:0 62179
62178 81949 21:0 62179
62178 82166 21:0 62179
62178 56121 1:0 62180
62178 56098 21:0 62182
62181 56107 21:0 62182
62181 56076 21:0 62182
62181 307 21:0 62182
62181 305 21:0 62182
62182 82321 1:0 62182
62182 56121 21:0 62187
62183 82322 1:0 62183
62186 82186 21:0 62187
62186 81911 21:0 62187
62186 82100 21:0 62190
62189 56103 21:0 62190
62189 295 21:0 62190
62189 293 21:0 62190
62189 82076 21:0 62190
62189 82167 21:0 62190
62189 297 21:0 62190
62189 56089 21:0 62190
62189 56125 1:0 62191
62189 82308 21:0 62193
62193 82320 1:0 62193
62193 56125 21:0 62196
62194 82317 1:0 62197
62194 56146 1:0 62197
62194 56133 1:0 62197
62194 289 1:0 62197
62194 56128 1:0 62201
62194 82308 1:0 62231
62194 56155 1:0 62263
62194 56157 1:0 62273
62194 82289 1:0 62276
62194 56160 1:0 62276
62194 56164 1:0 62276
62194 287 1:0 62276
62194 82297 1:0 62276
62194 56178 1:0 62308
62194 56182 1:0 62319
62194 271 1:0 62330
62194 82284 1:0 62330
62194 56212 1:0 62330
62194 56190 1:0 62330
62194 269 1:0 62353
62194 56221 1:0 62353
62194 82264 1:0 62353
62194 56247 1:0 62461
62194 82251 1:0 62461
62194 253 1:0 62461
62194 251 1:0 62482
62194 56278 1:0 62484
62194 82231 1:0 62484
62194 235 1:0 62592
62194 56304 1:0 62592
62194 82218 1:0 62592
62194 233 1:0 62613
62194 82198 1:0 62615
62194 56335 1:0 62615
62194 82185 1:0 62723
62194 56361 1:0 62723
62194 217 1:0 62723
62194 56392 1:0 62746
62194 215 1:0 62746
62194 82165 1:0 62746
62194 56418 1:0 62858
62194 82132 1:0 62858
62194 199 1:0 62858
62194 82152 1:0 62858
62194 56449 1:0 62877
62194 197 1:0 62877
62194 82119 1:0 62989
62194 56475 1:0 62989
62194 181 1:0 62989
62194 179 1:0 63006
62194 82099 1:0 63008
62194 56506 1:0 63008
62194 56532 1:0 63120
62194 163 1:0 63120
62194 82086 1:0 63120
62194 56563 1:0 63139
62194 82066 1:0 63139
62194 161 1:0 63139
62194 145 1:0 63242
62194 56589 1:0 63254
62194 82053 1:0 63256
62194 143 1:0 63270
62194 56620 1:0 63270
62194 82033 1:0 63270
62194 56646 1:0 63378
62194 127 1:0 63378
62194 82020 1:0 63378
62194 82000 1:0 63396
62194 125 1:0 63396
62194 56677 1:0 63401
62194 109 1:0 63509
62194 56703 1:0 63509
62194 81987 1:0 63509
62194 56734 1:0 63532
62194 107 1:0 63532
62194 81967 1:0 63532
62195 82034 21:0 62196
62195 81995 21:0 62196
62195 82048 21:0 62199
62197 82288 1:0 62308
62198 283 21:0 62199
62198 299 21:0 62199
62198 291 21:0 62199
62198 82127 21:0 62199
62198 261 21:0 62199
62198 187 21:0 62199
62198 61 21:0 62199
62198 77 21:0 62203
62200 82127 1:0 62319
62200 82287 1:0 62319
62203 56128 21:0 62224
62220 82257 1:0 62328
62221 82048 1:0 62328
62221 261 1:0 62330
62221 56217 1:0 62330
62221 56203 1:0 62348
62222 81995 1:0 62353
62223 285 21:0 62227
62226 79 21:0 62227
62226 289 21:0 62227
62226 219 21:0 62227
62226 281 21:0 62227
62226 56133 21:0 62227
62228 56214 1:0 62353
62230 56146 21:0 62259
62233 56185 1:0 62332
62233 82034 1:0 62353
62258 279 21:0 62262
62261 97 21:0 62262
62261 117 21:0 62262
62261 82275 21:0 62262
62263 82275 1:0 62330
62265 56155 21:0 62268
62267 277 21:0 62268
62267 201 21:0 62271
62270 25 21:0 62271
62270 259 21:0 62271
62270 75 21:0 62271
62270 81945 21:0 62273
62272 259 1:0 62330
62275 56157 21:0 62278
62277 93 21:0 62278
62277 59 21:0 62278
62277 63 21:0 62278
62277 135 21:0 62278
62277 149 21:0 62278
62277 45 21:0 62278
62277 275 21:0 62278
62277 81 21:0 62281
62279 82256 1:0 62436
62280 239 21:0 62281
62280 95 21:0 62281
62280 113 21:0 62281
62280 41 21:0 62281
62280 237 21:0 62281
62280 103 21:0 62281
62282 82076 1:0 62447
62282 239 1:0 62456
62285 56160 21:0 62302
62287 56235 1:0 62442
62287 241 1:0 62461
62287 56269 1:0 62461
62287 82242 1:0 62461
62287 56274 1:0 62461
62287 56271 1:0 62484
62287 82209 1:0 62592
62287 82176 1:0 62723
62287 82143 1:0 62877
62287 91 1:0 63644
62287 56760 1:0 63644
62301 273 21:0 62307
62306 82290 1:0 62306
62306 175 21:0 62307
62306 56164 21:0 62307
62306 31 21:0 62307
62306 21 21:0 62307
62306 57 21:0 62307
62306 123 21:0 62307
62306 257 21:0 62307
62306 191 21:0 62307
62306 287 21:0 62307
62306 263 21:0 62307
62306 51 21:0 62310
62308 263 1:0 62327
62308 257 1:0 62330
62309 9 21:0 62310
62309 49 21:0 62310
62309 167 21:0 62310
62309 223 21:0 62310
62309 23 21:0 62310
62309 131 21:0 62310
62309 207 21:0 62310
62309 111 21:0 62310
62309 137 21:0 62310
62309 27 21:0 62310
62309 153 21:0 62310
62311 49 1:0 62319
62311 137 1:0 62447
62313 56178 21:0 62318
62315 82255 1:0 62443
62316 56239 1:0 62453
62316 82254 1:0 62454
62316 82167 1:0 62456
62316 237 1:0 62461
62316 56242 1:0 62463
62316 56260 1:0 62479
62316 82186 1:0 62484
62316 56326 1:0 62592
62316 219 1:0 62592
62316 223 1:0 62592
62316 56328 1:0 62615
62316 56385 1:0 62723
62317 265 21:0 62318
62324 56182 21:0 62327
62325 82224 1:0 62484
62325 82223 1:0 62567
62326 267 21:0 62327
62331 82222 1:0 62574
62333 51 1:0 62578
62334 56185 21:0 62355
62336 82166 1:0 62578
62342 81954 1:0 63644
62343 81934 1:0 63663
62351 56292 1:0 62573
62351 56331 1:0 62592
62351 82110 1:0 62985
62351 56791 1:0 63663
62351 89 1:0 63663
62351 81921 1:0 63775
62351 73 1:0 63775
62351 56817 1:0 63775
62354 263 21:0 62358
62357 271 21:0 62358
62357 56190 21:0 62358
62361 56203 21:0 62390
62364 82221 1:0 62585
62389 261 21:0 62393
62396 56212 21:0 62399
62398 259 21:0 62399
62406 56214 21:0 62409
62408 257 21:0 62409
62416 56217 21:0 62433
62432 255 21:0 62438
62437 56221 21:0 62438
62437 269 21:0 62438
62444 56235 21:0 62449
62446 56296 1:0 62584
62446 82213 1:0 62587
62446 56299 1:0 62594
62446 56317 1:0 62610
62446 82206 1:0 62615
62446 207 1:0 62718
62446 205 1:0 62723
62446 201 1:0 62723
62446 56383 1:0 62746
62446 187 1:0 62849
62446 185 1:0 62854
62447 82191 1:0 62615
62447 82190 1:0 62698
62448 247 21:0 62449
62455 56239 21:0 62458
62456 56349 1:0 62704
62456 82189 1:0 62705
62456 191 1:0 62709
62456 82160 1:0 62709
62456 56353 1:0 62715
62456 82171 1:0 62718
62457 249 21:0 62458
62462 82188 1:0 62716
62464 82174 1:0 62746
62465 56242 21:0 62486
62467 81901 1:0 63794
62483 82158 1:0 62746
62484 71 1:0 63794
62484 56848 1:0 63794
62485 245 21:0 62489
62488 56247 21:0 62489
62488 253 21:0 62489
62492 56260 21:0 62521
62495 56374 1:0 62723
62495 56356 1:0 62725
62495 56388 1:0 62741
62495 56406 1:0 62835
62495 189 1:0 62854
62495 56442 1:0 62854
62495 56445 1:0 62854
62495 56440 1:0 62858
62495 167 1:0 62985
62495 56497 1:0 62985
62495 82077 1:0 63116
62495 55 1:0 63906
62495 81888 1:0 63906
62495 56874 1:0 63906
62520 243 21:0 62524
62527 56269 21:0 62530
62529 241 21:0 62530
62537 56271 21:0 62540
62539 239 21:0 62540
62547 56274 21:0 62564
62563 237 21:0 62569
62568 251 21:0 62569
62568 56278 21:0 62569
62575 56292 21:0 62580
62577 82156 1:0 62829
62578 82157 1:0 62837
62578 175 1:0 62840
62578 82100 1:0 62840
62578 56410 1:0 62846
62578 82147 1:0 62849
62578 56413 1:0 62856
62579 229 21:0 62580
62586 56296 21:0 62589
62587 82155 1:0 62847
62587 82125 1:0 62877
62588 231 21:0 62589
62590 82153 1:0 62857
62593 56431 1:0 62877
62593 82044 1:0 63258
62593 81868 1:0 63925
62593 56905 1:0 63925
62593 53 1:0 63925
62593 37 1:0 64037
62593 56931 1:0 64037
62593 81855 1:0 64042
62596 82219 1:0 62596
62596 56299 21:0 62617
62598 82124 1:0 62960
62613 56463 1:0 62966
62613 123 1:0 62971
62616 82208 1:0 62616
62616 227 21:0 62620
62619 235 21:0 62620
62619 56304 21:0 62620
62623 56317 21:0 62652
62625 82204 1:0 62625
62625 82207 1:0 62625
62626 82123 1:0 62967
62651 82200 1:0 62651
62651 225 21:0 62655
62658 56326 21:0 62661
62660 223 21:0 62661
62668 56328 21:0 62671
62670 221 21:0 62671
62678 82199 1:0 62678
62678 56331 21:0 62695
62683 82193 1:0 62683
62694 219 21:0 62700
62699 56335 21:0 62700
62699 233 21:0 62700
62706 56349 21:0 62711
62708 81911 1:0 62971
62708 56467 1:0 62977
62708 82120 1:0 62980
62708 82109 1:0 63008
62709 82122 1:0 62978
62709 82092 1:0 63008
62710 82187 1:0 62710
62710 211 21:0 62711
62717 56353 21:0 62720
62718 171 1:0 62985
62718 56502 1:0 62985
62718 56470 1:0 62987
62718 56499 1:0 62989
62718 56488 1:0 63008
62718 82091 1:0 63091
62718 149 1:0 63116
62718 56556 1:0 63116
62718 56554 1:0 63120
62719 213 21:0 62720
62721 82090 1:0 63098
62724 56520 1:0 63097
62724 81949 1:0 63102
62724 31 1:0 63102
62724 82074 1:0 63111
62726 56524 1:0 63108
62727 56356 21:0 62748
62729 81835 1:0 64056
62732 82180 1:0 62732
62745 82089 1:0 63109
62746 35 1:0 64056
62746 56962 1:0 64056
62747 82175 1:0 62747
62747 209 21:0 62751
62750 217 21:0 62751
62750 56361 21:0 62751
62754 56374 21:0 62783
62756 82173 1:0 62756
62757 153 1:0 63116
62757 56527 1:0 63118
62757 56545 1:0 63120
62757 56559 1:0 63139
62757 56577 1:0 63228
62757 135 1:0 63242
62757 131 1:0 63242
62757 56613 1:0 63265
62757 56611 1:0 63270
62757 113 1:0 63373
62757 82011 1:0 63401
62757 19 1:0 64162
62757 56988 1:0 64162
62757 81822 1:0 64173
62782 207 21:0 62786
62789 56383 21:0 62792
62791 205 21:0 62792
62799 56385 21:0 62802
62801 203 21:0 62802
62809 56388 21:0 62826
62825 201 21:0 62831
62830 215 21:0 62831
62830 56392 21:0 62831
62837 56406 21:0 62842
62839 82059 1:0 63139
62840 82081 1:0 63124
62840 82058 1:0 63222
62840 81962 1:0 63233
62840 103 1:0 63233
62840 82001 1:0 63242
62841 82154 1:0 62841
62841 193 21:0 62842
62848 56410 21:0 62851
62849 82057 1:0 63229
62849 82056 1:0 63240
62850 195 21:0 62851
62852 56581 1:0 63239
62857 82026 1:0 63270
62858 56413 21:0 62879
62860 56584 1:0 63249
62860 129 1:0 63256
62860 56616 1:0 63258
62860 56602 1:0 63258
62860 115 1:0 63378
62860 56670 1:0 63378
62860 81978 1:0 63509
62860 17 1:0 64250
62860 57019 1:0 64253
62860 81802 1:0 64255
62875 82010 1:0 63270
62876 56634 1:0 63359
62876 87 1:0 63364
62876 82022 1:0 63364
62878 82142 1:0 62878
62878 191 21:0 62882
62881 56418 21:0 62882
62881 199 21:0 62882
62885 56431 21:0 62914
62887 82141 1:0 62887
62887 82140 1:0 62887
62887 82138 1:0 62887
62888 56638 1:0 63370
62913 82134 1:0 62913
62913 189 21:0 62917
62920 56440 21:0 62923
62930 56442 21:0 62933
62940 82133 1:0 62940
62940 56445 21:0 62957
62956 56449 21:0 62957
62968 56463 21:0 62973
62970 82025 1:0 63353
62971 82024 1:0 63360
62971 82023 1:0 63371
62972 82121 1:0 62972
62979 56467 21:0 62982
62980 81883 1:0 63373
62980 111 1:0 63373
62980 56659 1:0 63378
62980 117 1:0 63378
62980 56641 1:0 63380
62980 56673 1:0 63396
62980 56668 1:0 63401
62980 81993 1:0 63401
62980 82002 1:0 63401
62980 95 1:0 63504
62980 97 1:0 63509
62980 56725 1:0 63509
62980 56730 1:0 63509
62980 56727 1:0 63532
62980 79 1:0 63640
62980 81945 1:0 63640
62986 81992 1:0 63484
62989 56470 21:0 63010
62994 82114 1:0 62994
63007 81991 1:0 63491
63009 56475 21:0 63010
63016 56488 21:0 63045
63018 82105 1:0 63018
63018 82107 1:0 63018
63018 82108 1:0 63018
63019 81988 1:0 63495
63019 56752 1:0 63495
63044 82101 1:0 63044
63051 56497 21:0 63054
63061 56499 21:0 63064
63071 56502 21:0 63088
63076 82094 1:0 63076
63087 56506 21:0 63088
63099 56520 21:0 63104
63101 56691 1:0 63490
63101 56695 1:0 63501
63101 56919 1:0 63504
63101 56923 1:0 63504
63101 56698 1:0 63511
63101 56805 1:0 63532
63102 81990 1:0 63502
63102 81960 1:0 63532
63103 82088 1:0 63103
63110 56524 21:0 63113
63111 93 1:0 63509
63111 56716 1:0 63527
63111 56748 1:0 63532
63111 81959 1:0 63615
63111 81843 1:0 63626
63111 81876 1:0 63626
63111 81 1:0 63635
63111 56809 1:0 63635
63111 75 1:0 63635
63117 81958 1:0 63622
63120 82087 1:0 63120
63120 56527 21:0 63141
63138 81957 1:0 63633
63140 56532 21:0 63141
63147 56545 21:0 63176
63149 82072 1:0 63149
63149 82075 1:0 63149
63150 81870 1:0 63635
63150 77 1:0 63640
63150 56782 1:0 63640
63150 56773 1:0 63644
63150 56784 1:0 63644
63150 59 1:0 63766
63150 56839 1:0 63771
63150 81912 1:0 63771
63150 61 1:0 63771
63175 82068 1:0 63175
63182 56554 21:0 63185
63192 56556 21:0 63195
63202 82067 1:0 63202
63202 56559 21:0 63219
63207 82061 1:0 63207
63218 56563 21:0 63219
63230 56577 21:0 63235
63232 81927 1:0 63663
63233 56755 1:0 63642
63233 56787 1:0 63663
63233 81890 1:0 63663
63233 81926 1:0 63746
63233 81863 1:0 63757
63233 57 1:0 63766
63233 63 1:0 63771
63233 56830 1:0 63771
63234 82055 1:0 63234
63241 56581 21:0 63244
63242 81925 1:0 63753
63242 81889 1:0 63757
63242 56862 1:0 63766
63242 81857 1:0 63766
63242 56812 1:0 63773
63242 56841 1:0 63775
63242 56844 1:0 63794
63242 45 1:0 63902
63242 56898 1:0 63902
63242 81879 1:0 63902
63248 81924 1:0 63764
63251 82054 1:0 63251
63251 56584 21:0 63272
63269 81894 1:0 63794
63271 82043 1:0 63271
63271 56589 21:0 63272
63278 56602 21:0 63307
63280 82041 1:0 63280
63280 82042 1:0 63280
63280 82039 1:0 63280
63281 81841 1:0 63794
63281 56866 1:0 63894
63306 82035 1:0 63306
63313 56611 21:0 63316
63323 56613 21:0 63326
63333 56616 21:0 63350
63338 82028 1:0 63338
63349 56620 21:0 63350
63361 56634 21:0 63366
63363 81893 1:0 63877
63364 81892 1:0 63884
63364 81869 1:0 63888
63364 81845 1:0 63888
63364 81874 1:0 63897
63372 56638 21:0 63375
63373 81891 1:0 63895
63373 81861 1:0 63925
63376 56869 1:0 63904
63379 41 1:0 63902
63379 56896 1:0 63906
63379 56887 1:0 63906
63379 56901 1:0 63925
63379 81878 1:0 63925
63379 81846 1:0 64044
63382 82021 1:0 63382
63382 56641 21:0 63403
63387 82015 1:0 63387
63399 81860 1:0 64008
63400 81837 1:0 64019
63402 56646 21:0 63403
63409 56659 21:0 63438
63411 82006 1:0 63411
63411 82009 1:0 63411
63411 82008 1:0 63411
63412 81844 1:0 64019
63412 81830 1:0 64028
63444 56668 21:0 63447
63454 56670 21:0 63457
63464 56673 21:0 63481
63480 56677 21:0 63481
63492 56691 21:0 63497
63494 81859 1:0 64015
63495 81858 1:0 64026
63495 21 1:0 64028
63495 56976 1:0 64028
63495 27 1:0 64028
63495 56926 1:0 64035
63495 23 1:0 64037
63495 81850 1:0 64041
63495 25 1:0 64042
63495 56944 1:0 64044
63495 56958 1:0 64044
63495 56953 1:0 64051
63495 56955 1:0 64056
63495 9 1:0 64162
63495 57010 1:0 64182
63495 81813 1:0 64182
63495 7 1:0 64187
63496 81989 1:0 63496
63503 56695 21:0 63506
63504 81828 1:0 64056
63504 81826 1:0 64139
63512 81827 1:0 64147
63513 56698 21:0 63534
63515 81824 1:0 64150
63518 81982 1:0 63518
63530 351 1:0 64150
63531 56980 1:0 64156
63531 81817 1:0 64159
63533 81977 1:0 63533
63533 56703 21:0 63534
63540 56716 21:0 63569
63542 81973 1:0 63542
63542 81975 1:0 63542
63542 81976 1:0 63542
63543 56983 1:0 64162
63543 81812 1:0 64162
63568 81969 1:0 63568
63575 56725 21:0 63578
63585 56727 21:0 63588
63595 81968 1:0 63595
63595 56730 21:0 63612
63611 56734 21:0 63612
63623 56748 21:0 63628
63625 81825 1:0 64157
63626 57001 1:0 64162
63626 81808 1:0 64162
63626 81823 1:0 64167
63626 81810 1:0 64187
63626 81811 1:0 64187
63626 81804 1:0 64222
63626 5 1:0 64233
63626 57012 1:0 64238
63626 3 1:0 64241
63626 350 1:0 64241
63626 57015 1:0 64248
63626 189 1:0 65077
63627 81956 1:0 63627
63634 56752 21:0 63637
63635 81803 1:0 64249
63644 81955 1:0 63644
63644 56755 21:0 63665
63664 81944 1:0 63664
63664 56760 21:0 63665
63671 56773 21:0 63700
63673 81943 1:0 63673
63673 81940 1:0 63673
63673 81942 1:0 63673
63699 81936 1:0 63699
63706 56782 21:0 63709
63716 56784 21:0 63719
63726 81935 1:0 63726
63726 56787 21:0 63743
63731 81929 1:0 63731
63742 56791 21:0 63743
63754 56805 21:0 63759
63758 81923 1:0 63758
63765 56809 21:0 63768
63775 81922 1:0 63775
63775 56812 21:0 63796
63780 81916 1:0 63780
63795 56817 21:0 63796
63802 56830 21:0 63831
63804 81907 1:0 63804
63804 81909 1:0 63804
63804 81910 1:0 63804
63830 81903 1:0 63830
63837 56839 21:0 63840
63847 56841 21:0 63850
63857 81902 1:0 63857
63857 56844 21:0 63874
63862 81896 1:0 63862
63873 56848 21:0 63874
63885 56862 21:0 63890
63896 56866 21:0 63899
63906 56869 21:0 63927
63926 56874 21:0 63927
63933 56887 21:0 63962
63935 81877 1:0 63935
63968 56896 21:0 63971
63978 56898 21:0 63981
63988 56901 21:0 64005
64004 56905 21:0 64005
64016 56919 21:0 64021
64027 56923 21:0 64030
64037 81856 1:0 64037
64037 56926 21:0 64058
64057 56931 21:0 64058
64064 56944 21:0 64093
64099 56953 21:0 64102
64109 56955 21:0 64112
64119 81836 1:0 64119
64119 56958 21:0 64136
64135 56962 21:0 64136
64147 56976 21:0 64152
64158 56980 21:0 64161
64168 56983 21:0 64189
64188 56988 21:0 64189
64195 57001 21:0 64224
64230 57010 21:0 64233
64240 57012 21:0 64243
64250 57015 21:0 64267
64266 57019 21:0 64267
64276 83453 21:0 64277
64277 83454 21:0 64288
64287 17 21:0 64288
64287 3 21:0 64288
64288 83455 21:0 64316
64315 350 21:0 64321
64320 83464 21:0 64321
64320 5 21:0 64321
64320 7 21:0 64321
64323 351 21:0 64332
64331 83461 21:0 64332
64331 83473 21:0 64332
64331 19 21:0 64332
64331 83459 21:0 64332
64334 83476 21:0 64342
64341 83477 21:0 64392
64391 83478 21:0 64408
64407 83479 21:0 64413
64412 83509 21:0 64432
64413 83508 21:0 64413
64429 83520 21:0 64429
64431 83511 21:0 64484
64440 83521 21:0 64440
64468 83528 21:0 64468
64468 83525 21:0 64468
64475 83514 21:0 64475
64481 83540 21:0 64481
64483 83510 21:0 64489
64488 83512 21:0 64494
64493 83542 21:0 64544
64505 83553 21:0 64505
64516 83554 21:0 64516
64543 83543 21:0 64565
64544 83560 21:0 64544
64544 83561 21:0 64544
64549 83562 21:0 64549
64551 83547 21:0 64551
64557 83573 21:0 64557
64564 83544 21:0 64570
64565 83574 21:0 64565
64569 83545 21:0 64620
64581 83586 21:0 64581
64592 83587 21:0 64592
64619 83575 21:0 64636
64620 83591 21:0 64620
64625 83595 21:0 64625
64633 83606 21:0 64633
64635 83577 21:0 64641
64640 83576 21:0 64660
64648 83600 21:0 64648
64657 83619 21:0 64657
64659 83578 21:0 64712
64668 83620 21:0 64668
64696 83624 21:0 64696
64696 83626 21:0 64696
64709 83639 21:0 64709
64711 83608 21:0 64717
64716 83609 21:0 64722
64717 83640 21:0 64717
64721 83610 21:0 64772
64724 83633 21:0 64724
64733 83652 21:0 64733
64744 83653 21:0 64744
64771 83611 21:0 64790
64772 83657 21:0 64772
64772 83659 21:0 64772
64777 83661 21:0 64777
64785 83672 21:0 64785
64789 83641 21:0 64798
64797 83642 21:0 64848
64800 83666 21:0 64800
64809 83685 21:0 64809
64820 83686 21:0 64820
64847 83643 21:0 64864
64848 83690 21:0 64848
64855 83679 21:0 64855
64863 83644 21:0 64869
64868 83674 21:0 64884
64883 83676 21:0 64940
64885 83718 21:0 64885
64924 83723 21:0 64924
64929 83727 21:0 64929
64931 83712 21:0 64931
64939 83675 21:0 64945
64944 83677 21:0 64950
64945 83739 21:0 64945
64949 83707 21:0 65000
64961 83751 21:0 64961
64999 83708 21:0 65016
65000 83758 21:0 65000
65005 83760 21:0 65005
65013 83771 21:0 65013
65015 83709 21:0 65026
65021 83772 21:0 65021
65025 83710 21:0 65076
65028 83765 21:0 65028
65037 83784 21:0 65037
65048 83785 21:0 65048
65075 83740 21:0 65092
65076 83792 21:0 65076
65076 83791 21:0 65076
65077 199 1:0 65087
65077 191 1:0 65088
65081 83793 21:0 65081
65083 83778 21:0 65083
65089 83804 21:0 65089
65091 195 1:0 65093
65091 83741 21:0 65097
65096 193 1:0 65098
65096 83742 21:0 65102
65097 83805 21:0 65097
65101 201 1:0 65112
65101 83743 21:0 65168
65104 83798 21:0 65104
65111 215 1:0 65111
65115 203 1:0 65116
65119 205 1:0 65120
65124 83818 21:0 65124
65151 207 1:0 65153
65152 83825 21:0 65152
65152 83824 21:0 65152
65156 209 1:0 65164
65157 83826 21:0 65157
65163 217 1:0 65163
65165 83837 21:0 65165
65167 213 1:0 65169
65167 83773 21:0 65173
65172 211 1:0 65174
65172 83775 21:0 65178
65173 83838 21:0 65173
65177 219 1:0 65188
65177 83774 21:0 65228
65180 83831 21:0 65180
65187 233 1:0 65187
65189 83850 21:0 65189
65191 221 1:0 65192
65195 223 1:0 65196
65200 83851 21:0 65200
65227 225 1:0 65229
65227 83776 21:0 65244
65228 83855 21:0 65228
65228 83857 21:0 65228
65228 83858 21:0 65228
65232 227 1:0 65240
65233 83859 21:0 65233
65235 83844 21:0 65235
65239 235 1:0 65239
65241 83870 21:0 65241
65243 231 1:0 65245
65243 83806 21:0 65254
65248 229 1:0 65250
65249 83871 21:0 65249
65253 237 1:0 65264
65253 83808 21:0 65276
65256 83864 21:0 65256
65263 251 1:0 65263
65265 83883 21:0 65265
65267 239 1:0 65268
65271 241 1:0 65272
65275 83807 21:0 65320
65276 83884 21:0 65276
65303 243 1:0 65305
65304 83888 21:0 65304
65304 83890 21:0 65304
65304 83891 21:0 65304
65308 245 1:0 65316
65309 83892 21:0 65309
65311 83877 21:0 65311
65315 253 1:0 65315
65317 83903 21:0 65317
65319 249 1:0 65321
65319 83809 21:0 65325
65324 247 1:0 65326
65324 83839 21:0 65330
65325 83904 21:0 65325
65329 255 1:0 65340
65329 83840 21:0 65387
65339 269 1:0 65339
65343 257 1:0 65344
65347 259 1:0 65348
65379 261 1:0 65381
65384 263 1:0 65392
65386 83841 21:0 65401
65391 271 1:0 65391
65395 267 1:0 65397
65400 265 1:0 65402
65400 83842 21:0 65406
65405 83474 21:0 65406
65405 273 1:0 65416
65405 83462 21:0 65420
65415 287 1:0 65415
65419 275 1:0 65420
65419 83463 21:0 65456
65423 277 1:0 65424
65455 279 1:0 65457
65455 83872 21:0 65472
65460 281 1:0 65468
65467 289 1:0 65467
65471 285 1:0 65473
65471 83874 21:0 65477
65474 83971 21:0 65474
65476 283 1:0 65478
65476 83873 21:0 65493
65479 83972 21:0 65479
65479 83973 21:0 65479
65481 291 1:0 65492
65482 83974 21:0 65482
65491 305 1:0 65491
65492 83875 21:0 65548
65495 293 1:0 65496
65499 295 1:0 65500
65531 297 1:0 65533
65536 299 1:0 65544
65543 307 1:0 65543
65547 303 1:0 65549
65547 83905 21:0 65553
65550 84004 21:0 65550
65552 301 1:0 65554
65552 83907 21:0 65558
65555 84005 21:0 65555
65555 84006 21:0 65555
65557 309 1:0 65568
65557 83906 21:0 65608
65558 84007 21:0 65558
65567 323 1:0 65567
65571 311 1:0 65572
65575 313 1:0 65576
65607 315 1:0 65609
65607 83468 21:0 65613
65612 317 1:0 65620
65612 83475 21:0 65624
65619 325 1:0 65619
65623 83494 21:0 65624
65623 83501 21:0 65624
65623 321 1:0 65625
65623 83507 21:0 65629
65626 84037 21:0 65626
65628 83492 21:0 65629
65628 83495 21:0 65629
65628 319 1:0 65630
65628 83481 21:0 65634
65633 83488 21:0 65634
65633 83496 21:0 65634
65633 329 1:0 65645
65633 83487 21:0 65649
65642 327 1:0 65642
65648 273 21:0 65649
65648 225 21:0 65649
65648 55381 1:0 65651
65648 43 21:0 65654
65653 253 21:0 65654
65653 83783 21:0 65654
65653 83539 21:0 65654
65653 83827 21:0 65654
65653 83737 21:0 65654
65653 35 21:0 65654
65653 83935 21:0 65654
65653 83552 21:0 65654
65653 179 21:0 65654
65653 83803 21:0 65654
65653 83770 21:0 65654
65653 83684 21:0 65654
65653 83572 21:0 65654
65653 83948 21:0 65654
65653 83836 21:0 65654
65654 84050 21:0 65664
65663 55991 1:0 65665
65663 83908 21:0 65690
65670 55995 1:0 65670
65689 56007 1:0 65691
65689 83938 21:0 65698
65697 83939 21:0 65701
65700 56011 1:0 65702
65700 83940 21:0 65710
65704 84037 1:0 65704
65709 56011 21:0 65710
65709 171 21:0 65710
65709 55991 21:0 65710
65709 41 21:0 65710
65709 55381 21:0 65710
65709 319 21:0 65710
65709 329 21:0 65710
65709 321 21:0 65710
65709 56007 21:0 65710
65709 56014 1:0 65712
65709 241 21:0 65714
65713 181 21:0 65714
65713 83506 21:0 65714
65713 127 21:0 65714
65713 71 21:0 65714
65713 289 21:0 65714
65713 55 21:0 65714
65713 55995 21:0 65714
65713 327 21:0 65714
65713 83605 21:0 65714
65713 83968 21:0 65714
65713 84052 21:0 65714
65714 56014 21:0 65735
65717 56019 1:0 65717
65734 317 21:0 65738
65737 56032 1:0 65739
65737 83941 21:0 65818
65772 56041 1:0 65774
65781 56043 1:0 65784
65791 56046 1:0 65794
65799 56050 1:0 65799
65817 84007 1:0 65817
65817 83527 21:0 65818
65817 83738 21:0 65818
65817 83646 21:0 65821
65820 83628 21:0 65821
65820 83719 21:0 65821
65820 56043 21:0 65821
65820 83530 21:0 65821
65820 83860 21:0 65821
65820 56064 1:0 65822
65820 83926 21:0 65824
65823 83882 21:0 65824
65823 83651 21:0 65824
65823 83869 21:0 65824
65823 83717 21:0 65824
65823 56050 21:0 65824
65823 83671 21:0 65824
65823 83849 21:0 65824
65823 56019 21:0 65824
65823 83750 21:0 65824
65823 83638 21:0 65824
65823 83618 21:0 65824
65823 325 21:0 65824
65823 83486 21:0 65824
65823 83704 21:0 65824
65823 83816 21:0 65824
65823 83915 21:0 65824
65823 83519 21:0 65824
65823 83585 21:0 65824
65823 83902 21:0 65824
65824 84005 1:0 65824
65824 56064 21:0 65829
65825 84006 1:0 65825
65828 83706 21:0 65829
65828 83534 21:0 65829
65828 83692 21:0 65832
65831 56032 21:0 65832
65831 83745 21:0 65832
65831 56041 21:0 65832
65831 56046 21:0 65832
65831 83694 21:0 65832
65831 313 21:0 65832
65831 315 21:0 65832
65831 56068 1:0 65833
65831 83497 21:0 65835
65834 269 21:0 65835
65834 305 21:0 65835
65834 73 21:0 65835
65834 89 21:0 65835
65834 233 21:0 65835
65834 161 21:0 65835
65834 163 21:0 65835
65834 307 21:0 65835
65834 84001 21:0 65835
65834 53 21:0 65835
65834 323 21:0 65835
65834 199 21:0 65835
65834 271 21:0 65835
65834 109 21:0 65835
65834 197 21:0 65835
65834 125 21:0 65835
65834 251 21:0 65835
65834 215 21:0 65835
65834 143 21:0 65835
65834 217 21:0 65835
65834 287 21:0 65835
65834 107 21:0 65835
65834 145 21:0 65835
65834 37 21:0 65835
65834 235 21:0 65835
65834 83981 21:0 65835
65834 91 21:0 65835
65835 84004 1:0 65835
65835 56068 21:0 65838
65837 83699 21:0 65838
65837 83594 21:0 65838
65837 83725 21:0 65841
65840 83732 21:0 65841
65840 23 21:0 65841
65840 165 21:0 65841
65840 309 21:0 65841
65840 311 21:0 65841
65840 83752 21:0 65841
65840 56071 1:0 65843
65840 115 21:0 65845
65845 307 1:0 65845
65845 56071 21:0 65866
65848 56076 1:0 65848
65850 84001 1:0 65850
65865 83822 21:0 65869
65868 56089 1:0 65870
65868 83593 21:0 65920
65903 56098 1:0 65905
65912 56100 1:0 65915
65919 83705 21:0 65923
65922 56103 1:0 65925
65922 83541 21:0 65949
65927 305 1:0 65927
65930 56107 1:0 65930
65932 83981 1:0 65932
65948 83974 1:0 65948
65948 83759 21:0 65949
65948 83558 21:0 65949
65948 83693 21:0 65952
65951 83761 21:0 65952
65951 83959 21:0 65952
65951 56100 21:0 65952
65951 83580 21:0 65952
65951 301 21:0 65952
65951 83613 21:0 65952
65951 56121 1:0 65953
65951 83794 21:0 65955
65954 307 21:0 65955
65954 56107 21:0 65955
65954 56076 21:0 65955
65954 305 21:0 65955
65955 83972 1:0 65955
65955 56121 21:0 65960
65956 83973 1:0 65956
65959 83817 21:0 65960
65959 83567 21:0 65960
65959 83660 21:0 65963
65962 56098 21:0 65963
65962 56103 21:0 65963
65962 56089 21:0 65963
65962 297 21:0 65963
65962 295 21:0 65963
65962 83529 21:0 65963
65962 83811 21:0 65963
65962 56125 1:0 65964
65962 83563 21:0 65966
65962 83941 1:0 65970
65966 83971 1:0 65966
65966 56125 21:0 65969
65967 83968 1:0 65970
65967 56146 1:0 65970
65967 56133 1:0 65970
65967 289 1:0 65970
65967 56128 1:0 65974
65967 83959 1:0 66004
65967 56155 1:0 66036
65967 273 1:0 66042
65967 56157 1:0 66046
65967 287 1:0 66049
65967 56160 1:0 66049
65967 83948 1:0 66049
65967 56164 1:0 66049
65967 56178 1:0 66081
65967 56182 1:0 66092
65967 83926 1:0 66103
65967 271 1:0 66107
65967 83935 1:0 66107
65967 56190 1:0 66107
65967 269 1:0 66126
65967 83915 1:0 66126
65967 56221 1:0 66126
65967 253 1:0 66234
65967 56247 1:0 66234
65967 83902 1:0 66234
65967 56278 1:0 66254
65967 83882 1:0 66254
65967 251 1:0 66254
65967 235 1:0 66366
65967 83869 1:0 66366
65967 56304 1:0 66368
65967 83849 1:0 66385
65967 233 1:0 66385
65967 56335 1:0 66385
65967 56361 1:0 66500
65967 217 1:0 66500
65967 83836 1:0 66500
65967 215 1:0 66519
65967 83816 1:0 66519
65967 56392 1:0 66519
65967 56418 1:0 66627
65967 199 1:0 66627
65967 83803 1:0 66627
65967 197 1:0 66648
65967 56449 1:0 66648
65967 83783 1:0 66650
65967 181 1:0 66758
65967 83770 1:0 66758
65967 56475 1:0 66758
65967 56506 1:0 66779
65967 179 1:0 66779
65967 83750 1:0 66781
65967 56532 1:0 66889
65967 83737 1:0 66889
65967 163 1:0 66889
65967 161 1:0 66912
65967 83717 1:0 66912
65967 56563 1:0 66912
65967 145 1:0 67024
65967 56589 1:0 67024
65967 83704 1:0 67024
65967 56620 1:0 67041
65967 143 1:0 67041
65967 83684 1:0 67043
65967 127 1:0 67146
65967 56646 1:0 67157
65967 83671 1:0 67159
65967 125 1:0 67172
65967 56677 1:0 67174
65967 83651 1:0 67174
65967 83638 1:0 67286
65967 109 1:0 67286
65967 56703 1:0 67286
65967 83618 1:0 67305
65967 107 1:0 67305
65967 56734 1:0 67305
65967 91 1:0 67414
65967 83605 1:0 67414
65967 56760 1:0 67416
65967 56791 1:0 67433
65967 83585 1:0 67433
65967 89 1:0 67433
65967 56817 1:0 67548
65967 83572 1:0 67548
65967 73 1:0 67548
65968 83607 21:0 65969
65968 83726 21:0 65969
65968 83673 21:0 65972
65970 83940 1:0 66049
65971 183 21:0 65972
65971 83627 21:0 65972
65971 79 21:0 65972
65971 291 21:0 65972
65971 83756 21:0 65972
65971 293 21:0 65972
65971 205 21:0 65976
65973 83939 1:0 66081
65976 56128 21:0 65997
65978 83938 1:0 66092
65993 56212 1:0 66103
65993 56185 1:0 66105
65993 56214 1:0 66107
65993 56203 1:0 66107
65993 56217 1:0 66126
65993 241 1:0 66234
65996 83789 21:0 66000
65999 303 21:0 66035
66001 83789 1:0 66092
66006 83908 1:0 66101
66034 299 21:0 66051
66047 83756 1:0 66101
66047 83627 1:0 66126
66050 283 21:0 66051
66050 285 21:0 66054
66052 83673 1:0 66126
66053 281 21:0 66059
66055 56235 1:0 66215
66058 56155 21:0 66061
66060 56160 21:0 66080
66060 83607 1:0 66220
66075 83726 1:0 66229
66079 83893 21:0 66080
66079 201 21:0 66080
66079 56146 21:0 66080
66079 56164 21:0 66080
66079 83662 21:0 66080
66079 56133 21:0 66080
66079 83629 21:0 66080
66079 277 21:0 66080
66079 131 21:0 66080
66079 289 21:0 66080
66079 275 21:0 66080
66079 279 21:0 66080
66079 273 21:0 66080
66079 63 21:0 66080
66079 21 21:0 66080
66079 223 21:0 66080
66079 167 21:0 66080
66079 117 21:0 66080
66079 83728 21:0 66080
66079 61 21:0 66080
66079 257 21:0 66080
66079 259 21:0 66080
66079 83695 21:0 66080
66079 153 21:0 66080
66079 93 21:0 66080
66079 207 21:0 66080
66079 83596 21:0 66080
66079 151 21:0 66080
66079 99 21:0 66080
66079 287 21:0 66080
66079 255 21:0 66080
66079 133 21:0 66080
66079 189 21:0 66080
66079 77 21:0 66080
66079 173 21:0 66080
66079 56157 21:0 66080
66079 111 21:0 66080
66079 141 21:0 66083
66081 255 1:0 66103
66081 259 1:0 66103
66081 257 1:0 66103
66081 83893 1:0 66234
66082 185 21:0 66083
66082 243 21:0 66083
66082 177 21:0 66083
66082 25 21:0 66083
66082 247 21:0 66083
66082 237 21:0 66083
66082 149 21:0 66083
66082 81 21:0 66083
66082 49 21:0 66083
66082 219 21:0 66083
66082 27 21:0 66083
66082 229 21:0 66083
66084 247 1:0 66101
66084 229 1:0 66220
66086 56178 21:0 66091
66088 83906 1:0 66209
66089 83907 1:0 66217
66089 83905 1:0 66227
66090 213 21:0 66091
66090 123 21:0 66091
66090 13 21:0 66091
66090 265 21:0 66091
66090 15 21:0 66094
66092 56239 1:0 66226
66092 237 1:0 66229
66092 56274 1:0 66234
66092 56269 1:0 66234
66092 243 1:0 66234
66092 56242 1:0 66236
66092 56271 1:0 66254
66092 223 1:0 66360
66092 56328 1:0 66368
66093 129 21:0 66094
66093 135 21:0 66094
66093 239 21:0 66094
66093 39 21:0 66094
66093 119 21:0 66094
66095 239 1:0 66229
66095 56260 1:0 66252
66095 83811 1:0 66254
66095 219 1:0 66360
66095 56331 1:0 66368
66097 56182 21:0 66100
66098 83875 1:0 66254
66098 83873 1:0 66340
66099 267 21:0 66100
66104 83874 1:0 66348
66106 56292 1:0 66346
66107 56185 21:0 66128
66109 83529 1:0 66351
66124 119 1:0 66351
66124 56326 1:0 66368
66124 225 1:0 66368
66127 263 21:0 66131
66130 271 21:0 66131
66130 56190 21:0 66131
66134 56203 21:0 66163
66137 83872 1:0 66358
66162 261 21:0 66166
66169 56212 21:0 66172
66171 259 21:0 66172
66179 56214 21:0 66182
66181 257 21:0 66182
66189 56217 21:0 66206
66205 255 21:0 66211
66210 269 21:0 66211
66210 56221 21:0 66211
66217 56235 21:0 66222
66219 56296 1:0 66357
66219 83660 1:0 66360
66219 56299 1:0 66367
66219 83860 1:0 66368
66219 83567 1:0 66385
66219 56317 1:0 66385
66219 201 1:0 66491
66219 56383 1:0 66496
66219 205 1:0 66496
66219 83827 1:0 66496
66219 56388 1:0 66496
66219 56385 1:0 66500
66219 83794 1:0 66627
66219 83761 1:0 66758
66220 83842 1:0 66385
66220 83841 1:0 66471
66221 83904 1:0 66221
66221 247 21:0 66222
66228 56239 21:0 66231
66229 56349 1:0 66477
66229 83840 1:0 66478
66229 213 1:0 66482
66229 83817 1:0 66482
66229 56353 1:0 66488
66229 83693 1:0 66491
66229 56356 1:0 66498
66230 249 21:0 66231
66235 83839 1:0 66489
66237 207 1:0 66496
66237 56374 1:0 66519
66237 189 1:0 66622
66237 183 1:0 66627
66238 83903 1:0 66238
66238 56242 21:0 66259
66240 83552 1:0 67567
66256 83809 1:0 66519
66257 71 1:0 67567
66257 56848 1:0 67567
66258 83892 1:0 66258
66258 245 21:0 66262
66261 56247 21:0 66262
66261 253 21:0 66262
66265 56260 21:0 66294
66267 83888 1:0 66267
66267 83890 1:0 66267
66267 83891 1:0 66267
66268 83822 1:0 66519
66268 56406 1:0 66608
66268 185 1:0 66627
66268 56440 1:0 66627
66268 56442 1:0 66650
66268 56497 1:0 66758
66268 83728 1:0 66889
66268 56874 1:0 67679
66268 55 1:0 67679
66293 83884 1:0 66293
66293 243 21:0 66297
66300 56269 21:0 66303
66302 241 21:0 66303
66310 56271 21:0 66313
66312 239 21:0 66313
66320 83883 1:0 66320
66320 56274 21:0 66337
66325 83877 1:0 66325
66336 237 21:0 66342
66341 251 21:0 66342
66341 56278 21:0 66342
66348 56292 21:0 66353
66350 83807 1:0 66602
66351 83808 1:0 66610
66351 177 1:0 66613
66351 83759 1:0 66613
66351 56410 1:0 66619
66351 83705 1:0 66622
66351 56413 1:0 66629
66352 83871 1:0 66352
66352 229 21:0 66353
66359 56296 21:0 66362
66360 83806 1:0 66620
66360 83776 1:0 66650
66361 231 21:0 66362
66363 83732 1:0 66650
66366 56445 1:0 66627
66366 56431 1:0 66645
66366 165 1:0 66753
66366 171 1:0 66758
66369 83870 1:0 66369
66369 56299 21:0 66390
66371 83774 1:0 66733
66374 83864 1:0 66374
66377 83539 1:0 67679
66378 53 1:0 67698
66378 56905 1:0 67698
66378 56931 1:0 67810
66378 37 1:0 67810
66386 173 1:0 66744
66386 56502 1:0 66758
66386 83695 1:0 67020
66386 83519 1:0 67698
66386 83506 1:0 67810
66389 83859 1:0 66389
66389 227 21:0 66393
66392 235 21:0 66393
66392 56304 21:0 66393
66396 56317 21:0 66425
66398 83855 1:0 66398
66398 83857 1:0 66398
66398 83858 1:0 66398
66399 83775 1:0 66741
66424 83851 1:0 66424
66424 225 21:0 66428
66431 56326 21:0 66434
66433 223 21:0 66434
66441 56328 21:0 66444
66443 221 21:0 66444
66451 83850 1:0 66451
66451 56331 21:0 66468
66456 83844 1:0 66456
66467 219 21:0 66473
66472 233 21:0 66473
66472 56335 21:0 66473
66479 56349 21:0 66484
66481 56463 1:0 66739
66481 83752 1:0 66744
66481 56467 1:0 66750
66481 83725 1:0 66753
66481 56470 1:0 66760
66482 83773 1:0 66751
66482 83743 1:0 66781
66483 83838 1:0 66483
66483 211 21:0 66484
66490 56353 21:0 66493
66491 167 1:0 66758
66491 56488 1:0 66776
66491 56499 1:0 66781
66491 83745 1:0 66781
66491 83742 1:0 66864
66491 56520 1:0 66870
66491 15 1:0 66875
66491 83699 1:0 66875
66491 56524 1:0 66881
66491 149 1:0 66884
66491 151 1:0 66889
66491 56545 1:0 66889
66491 56554 1:0 66889
66491 56556 1:0 66912
66491 131 1:0 67020
66491 133 1:0 67020
66492 213 21:0 66493
66497 83741 1:0 66871
66499 56527 1:0 66891
66500 83837 1:0 66500
66500 56356 21:0 66521
66502 83486 1:0 67829
66505 83831 1:0 66505
66518 83740 1:0 66882
66519 56962 1:0 67829
66519 35 1:0 67829
66520 83826 1:0 66520
66520 209 21:0 66524
66523 217 21:0 66524
66523 56361 21:0 66524
66527 56374 21:0 66556
66529 83825 1:0 66529
66529 83824 1:0 66529
66530 83719 1:0 66884
66530 153 1:0 66889
66530 56559 1:0 66907
66530 129 1:0 67015
66530 135 1:0 67015
66530 56616 1:0 67024
66530 83662 1:0 67159
66530 19 1:0 67935
66530 56988 1:0 67935
66555 83818 1:0 66555
66555 207 21:0 66559
66562 56383 21:0 66565
66564 205 21:0 66565
66572 56385 21:0 66575
66574 203 21:0 66575
66582 56388 21:0 66599
66598 201 21:0 66604
66603 215 21:0 66604
66603 56392 21:0 66604
66610 56406 21:0 66615
66612 83710 1:0 66912
66613 83738 1:0 66892
66613 83709 1:0 66995
66613 56577 1:0 67001
66613 141 1:0 67006
66613 83706 1:0 67006
66613 56581 1:0 67012
66614 83805 1:0 66614
66614 193 21:0 66615
66621 56410 21:0 66624
66622 83708 1:0 67002
66622 83707 1:0 67013
66623 195 21:0 66624
66625 83694 1:0 67015
66628 56584 1:0 67022
66631 83804 1:0 66631
66631 56413 21:0 66652
66633 83677 1:0 67043
66636 83798 1:0 66636
66639 83473 1:0 67946
66640 17 1:0 68023
66640 57019 1:0 68026
66648 83692 1:0 67043
66649 56613 1:0 67020
66649 56611 1:0 67024
66649 56602 1:0 67043
66649 56634 1:0 67132
66649 123 1:0 67137
66649 111 1:0 67146
66649 56659 1:0 67162
66649 83629 1:0 67282
66649 83453 1:0 68028
66651 83793 1:0 66651
66651 191 21:0 66655
66654 56418 21:0 66655
66654 199 21:0 66655
66658 56431 21:0 66687
66660 83792 1:0 66660
66660 83791 1:0 66660
66661 83613 1:0 67137
66686 83785 1:0 66686
66686 189 21:0 66690
66693 56440 21:0 66696
66703 56442 21:0 66706
66713 83784 1:0 66713
66713 56445 21:0 66730
66718 83778 1:0 66718
66729 56449 21:0 66730
66741 56463 21:0 66746
66743 83675 1:0 67126
66744 83676 1:0 67134
66744 83674 1:0 67144
66745 83772 1:0 66745
66752 56467 21:0 66755
66753 56638 1:0 67143
66753 83580 1:0 67146
66753 56641 1:0 67153
66753 117 1:0 67159
66753 115 1:0 67162
66753 56673 1:0 67162
66753 56670 1:0 67169
66753 56668 1:0 67174
66753 83644 1:0 67174
66753 83646 1:0 67174
66753 99 1:0 67277
66753 56725 1:0 67282
66759 83643 1:0 67257
66762 83771 1:0 66762
66762 56470 21:0 66783
66767 83765 1:0 66767
66780 83642 1:0 67264
66782 83760 1:0 66782
66782 56475 21:0 66783
66789 56488 21:0 66818
66791 83758 1:0 66791
66792 56691 1:0 67263
66792 13 1:0 67268
66792 93 1:0 67282
66792 56716 1:0 67286
66792 56727 1:0 67286
66792 77 1:0 67416
66792 83596 1:0 67416
66824 56497 21:0 66827
66834 56499 21:0 66837
66844 83751 1:0 66844
66844 56502 21:0 66861
66860 56506 21:0 66861
66872 56520 21:0 66877
66874 83558 1:0 67268
66874 56695 1:0 67274
66874 83541 1:0 67277
66874 56698 1:0 67284
66875 83641 1:0 67275
66875 83611 1:0 67305
66876 83739 1:0 66876
66883 56524 21:0 66886
66884 56730 1:0 67305
66884 83628 1:0 67305
66884 83610 1:0 67388
66884 56748 1:0 67394
66884 49 1:0 67399
66884 83593 1:0 67399
66884 81 1:0 67408
66884 56784 1:0 67416
66884 79 1:0 67416
66884 83563 1:0 67544
66890 83609 1:0 67395
66893 56527 21:0 66914
66911 83608 1:0 67406
66913 83727 1:0 66913
66913 56532 21:0 66914
66920 56545 21:0 66949
66922 83723 1:0 66922
66923 56752 1:0 67405
66923 83594 1:0 67408
66955 56554 21:0 66958
66965 56556 21:0 66968
66975 83718 1:0 66975
66975 56559 21:0 66992
66980 83712 1:0 66980
66991 56563 21:0 66992
67003 56577 21:0 67008
67005 83578 1:0 67433
67006 56755 1:0 67415
67006 56782 1:0 67416
67006 56787 1:0 67416
67006 83534 1:0 67433
67006 56773 1:0 67433
67006 83576 1:0 67519
67006 83527 1:0 67530
67006 61 1:0 67544
67006 56839 1:0 67544
67006 56841 1:0 67548
67006 56830 1:0 67548
67014 56581 21:0 67017
67015 56805 1:0 67525
67015 83577 1:0 67527
67015 56976 1:0 67530
67015 56809 1:0 67536
67015 56862 1:0 67539
67015 56919 1:0 67539
67015 83487 1:0 67567
67021 83575 1:0 67537
67024 56584 21:0 67045
67042 83545 1:0 67567
67044 56589 21:0 67045
67051 56602 21:0 67080
67053 83690 1:0 67053
67054 63 1:0 67544
67054 56812 1:0 67546
67054 56844 1:0 67567
67054 39 1:0 67670
67054 83530 1:0 67675
67054 43 1:0 67675
67054 41 1:0 67675
67054 56898 1:0 67675
67054 56901 1:0 67679
67054 56896 1:0 67679
67054 56887 1:0 67698
67054 25 1:0 67801
67054 56955 1:0 67806
67079 83686 1:0 67079
67086 56611 21:0 67089
67096 56613 21:0 67099
67106 83685 1:0 67106
67106 56616 21:0 67123
67111 83679 1:0 67111
67122 56620 21:0 67123
67134 56634 21:0 67139
67136 83544 1:0 67650
67137 83543 1:0 67657
67137 83496 1:0 67661
67137 83488 1:0 67661
67137 83481 1:0 67670
67145 56638 21:0 67148
67146 56866 1:0 67667
67146 83542 1:0 67668
67149 83512 1:0 67698
67152 56869 1:0 67677
67152 83492 1:0 67698
67155 83672 1:0 67155
67155 56641 21:0 67176
67160 83666 1:0 67160
67172 83510 1:0 67781
67173 83495 1:0 67792
67173 27 1:0 67801
67173 56944 1:0 67806
67173 83497 1:0 67806
67173 23 1:0 67806
67173 56953 1:0 67810
67175 83661 1:0 67175
67175 56646 21:0 67176
67182 56659 21:0 67211
67184 83657 1:0 67184
67184 83659 1:0 67184
67185 83507 1:0 67792
67185 56923 1:0 67798
67210 83653 1:0 67210
67217 56668 21:0 67220
67227 56670 21:0 67230
67237 83652 1:0 67237
67237 56673 21:0 67254
67253 56677 21:0 67254
67265 56691 21:0 67270
67267 83511 1:0 67789
67268 83509 1:0 67799
67268 83494 1:0 67801
67268 21 1:0 67806
67268 56926 1:0 67808
67268 83501 1:0 67814
67268 56958 1:0 67829
67268 57001 1:0 67935
67268 7 1:0 67955
67268 83464 1:0 67955
67268 57010 1:0 67960
67268 5 1:0 68006
67269 83640 1:0 67269
67276 56695 21:0 67279
67277 83479 1:0 67829
67277 83478 1:0 67912
67285 83477 1:0 67919
67286 83639 1:0 67286
67286 56698 21:0 67307
67288 83475 1:0 67923
67291 83633 1:0 67291
67303 352 1:0 67923
67304 56980 1:0 67929
67304 83468 1:0 67932
67306 56703 21:0 67307
67313 56716 21:0 67342
67315 83624 1:0 67315
67315 83626 1:0 67315
67316 83474 1:0 67935
67316 57012 1:0 68011
67316 3 1:0 68014
67316 57015 1:0 68021
67341 83620 1:0 67341
67348 56725 21:0 67351
67358 56727 21:0 67361
67368 83619 1:0 67368
67368 56730 21:0 67385
67384 56734 21:0 67385
67396 56748 21:0 67401
67398 83476 1:0 67930
67399 56983 1:0 67935
67399 83463 1:0 67935
67399 83459 1:0 67960
67399 83461 1:0 67960
67399 83462 1:0 67960
67399 83455 1:0 67995
67399 351 1:0 68014
67399 189 1:0 68850
67407 56752 21:0 67410
67408 83454 1:0 68022
67417 83606 1:0 67417
67417 56755 21:0 67438
67422 83600 1:0 67422
67437 83595 1:0 67437
67437 56760 21:0 67438
67444 56773 21:0 67473
67446 83591 1:0 67446
67472 83587 1:0 67472
67479 56782 21:0 67482
67489 56784 21:0 67492
67499 83586 1:0 67499
67499 56787 21:0 67516
67515 56791 21:0 67516
67527 56805 21:0 67532
67531 83574 1:0 67531
67538 56809 21:0 67541
67548 83573 1:0 67548
67548 56812 21:0 67569
67568 83562 1:0 67568
67568 56817 21:0 67569
67575 56830 21:0 67604
67577 83560 1:0 67577
67577 83561 1:0 67577
67603 83554 1:0 67603
67610 56839 21:0 67613
67620 56841 21:0 67623
67630 83553 1:0 67630
67630 56844 21:0 67647
67635 83547 1:0 67635
67646 56848 21:0 67647
67658 56862 21:0 67663
67669 56866 21:0 67672
67679 83540 1:0 67679
67679 56869 21:0 67700
67699 56874 21:0 67700
67706 56887 21:0 67735
67708 83528 1:0 67708
67708 83525 1:0 67708
67734 83521 1:0 67734
67741 56896 21:0 67744
67751 56898 21:0 67754
67761 83520 1:0 67761
67761 56901 21:0 67778
67766 83514 1:0 67766
67777 56905 21:0 67778
67789 56919 21:0 67794
67793 83508 1:0 67793
67800 56923 21:0 67803
67810 56926 21:0 67831
67830 56931 21:0 67831
67837 56944 21:0 67866
67872 56953 21:0 67875
67882 56955 21:0 67885
67892 56958 21:0 67909
67908 56962 21:0 67909
67920 56976 21:0 67925
67931 56980 21:0 67934
67941 56983 21:0 67962
67961 56988 21:0 67962
67968 57001 21:0 67997
68003 57010 21:0 68006
68013 57012 21:0 68016
68023 57015 21:0 68040
68039 57019 21:0 68040
68049 85104 21:0 68050
68050 85105 21:0 68061
68060 17 21:0 68061
68060 3 21:0 68061
68061 85106 21:0 68089
68088 351 21:0 68094
68093 7 21:0 68094
68093 5 21:0 68094
68093 85115 21:0 68094
68096 352 21:0 68105
68104 85124 21:0 68105
68104 85125 21:0 68105
68104 19 21:0 68105
68104 85113 21:0 68105
68105 11 21:0 68105
68107 85127 21:0 68115
68110 15 21:0 68110
68114 85129 21:0 68165
68115 13 21:0 68115
68164 85128 21:0 68181
68180 85130 21:0 68186
68185 85160 21:0 68205
68191 31 21:0 68191
68202 85171 21:0 68202
68204 85161 21:0 68257
68241 85178 21:0 68241
68256 85162 21:0 68262
68257 47 21:0 68257
68261 85163 21:0 68267
68262 51 21:0 68262
68266 85193 21:0 68317
68267 49 21:0 68267
68278 85204 21:0 68278
68316 85195 21:0 68338
68322 85213 21:0 68322
68333 65 21:0 68333
68337 85194 21:0 68343
68338 69 21:0 68338
68338 85225 21:0 68338
68342 85196 21:0 68393
68343 67 21:0 68343
68354 85237 21:0 68354
68365 85238 21:0 68365
68392 85226 21:0 68409
68393 85242 21:0 68393
68393 85244 21:0 68393
68398 85246 21:0 68398
68400 85231 21:0 68400
68406 85257 21:0 68406
68408 85227 21:0 68419
68409 83 21:0 68409
68414 87 21:0 68414
68414 85258 21:0 68414
68418 85228 21:0 68433
68419 85 21:0 68419
68421 85251 21:0 68421
68430 85270 21:0 68430
68432 85229 21:0 68485
68441 85271 21:0 68441
68469 85277 21:0 68469
68469 85275 21:0 68469
68469 85278 21:0 68469
68474 85279 21:0 68474
68476 85264 21:0 68476
68482 85290 21:0 68482
68484 85259 21:0 68490
68485 101 21:0 68485
68489 85260 21:0 68495
68490 105 21:0 68490
68490 85291 21:0 68490
68494 85261 21:0 68550
68497 85284 21:0 68497
68506 85303 21:0 68506
68545 85308 21:0 68545
68545 85310 21:0 68545
68549 85262 21:0 68566
68552 85297 21:0 68552
68558 85323 21:0 68558
68561 119 21:0 68561
68565 85292 21:0 68571
68566 123 21:0 68566
68566 85324 21:0 68566
68570 85294 21:0 68621
68571 121 21:0 68571
68573 85317 21:0 68573
68582 85336 21:0 68582
68593 85337 21:0 68593
68620 85293 21:0 68637
68621 85341 21:0 68621
68621 85343 21:0 68621
68621 85344 21:0 68621
68628 85330 21:0 68628
68634 85356 21:0 68634
68636 85295 21:0 68642
68637 137 21:0 68637
68641 85325 21:0 68661
68642 141 21:0 68642
68642 85357 21:0 68642
68647 139 21:0 68647
68649 85350 21:0 68649
68658 85369 21:0 68658
68660 85326 21:0 68713
68669 85370 21:0 68669
68697 85376 21:0 68697
68702 85378 21:0 68702
68704 85363 21:0 68704
68710 85389 21:0 68710
68712 85327 21:0 68718
68713 155 21:0 68713
68717 85328 21:0 68723
68718 159 21:0 68718
68718 85390 21:0 68718
68722 85358 21:0 68778
68723 157 21:0 68723
68725 85383 21:0 68725
68734 85402 21:0 68734
68745 85403 21:0 68745
68773 85409 21:0 68773
68773 85410 21:0 68773
68777 85360 21:0 68794
68778 85411 21:0 68778
68780 85396 21:0 68780
68786 85422 21:0 68786
68793 85359 21:0 68799
68794 177 21:0 68794
68794 85423 21:0 68794
68798 85361 21:0 68849
68799 175 21:0 68799
68801 85416 21:0 68801
68810 85435 21:0 68810
68821 85436 21:0 68821
68848 85391 21:0 68865
68849 85443 21:0 68849
68849 85442 21:0 68849
68849 85440 21:0 68849
68850 199 1:0 68860
68850 191 1:0 68861
68854 85444 21:0 68854
68856 85429 21:0 68856
68864 195 1:0 68866
68864 85392 21:0 68870
68865 191 21:0 68865
68869 193 1:0 68871
68869 85393 21:0 68889
68870 195 21:0 68870
68874 201 1:0 68885
68875 193 21:0 68875
68884 215 1:0 68884
68888 203 1:0 68889
68888 85394 21:0 68941
68892 205 1:0 68893
68897 85469 21:0 68897
68924 207 1:0 68926
68925 85475 21:0 68925
68925 85473 21:0 68925
68929 209 1:0 68937
68930 85477 21:0 68930
68932 85462 21:0 68932
68936 217 1:0 68936
68938 85488 21:0 68938
68940 213 1:0 68942
68940 85424 21:0 68946
68941 209 21:0 68941
68945 211 1:0 68947
68945 85426 21:0 68951
68946 213 21:0 68946
68946 85489 21:0 68946
68950 219 1:0 68961
68950 85425 21:0 69006
68951 211 21:0 68951
68960 233 1:0 68960
68962 85501 21:0 68962
68964 221 1:0 68965
68968 223 1:0 68969
68973 85502 21:0 68973
69000 225 1:0 69002
69001 85506 21:0 69001
69005 227 1:0 69013
69005 85427 21:0 69022
69006 85510 21:0 69006
69012 235 1:0 69012
69016 231 1:0 69018
69021 229 1:0 69023
69021 85457 21:0 69027
69022 231 21:0 69022
69026 237 1:0 69037
69026 85459 21:0 69077
69029 85515 21:0 69029
69036 251 1:0 69036
69038 85534 21:0 69038
69040 239 1:0 69041
69044 241 1:0 69045
69049 85535 21:0 69049
69076 243 1:0 69078
69076 85458 21:0 69093
69077 85542 21:0 69077
69077 85541 21:0 69077
69077 85539 21:0 69077
69081 245 1:0 69089
69084 85528 21:0 69084
69088 253 1:0 69088
69092 249 1:0 69094
69092 85460 21:0 69098
69093 245 21:0 69093
69097 247 1:0 69099
69097 85490 21:0 69117
69098 249 21:0 69098
69098 85555 21:0 69098
69102 255 1:0 69113
69103 247 21:0 69103
69105 85548 21:0 69105
69112 269 1:0 69112
69114 85567 21:0 69114
69116 257 1:0 69117
69116 85492 21:0 69169
69120 259 1:0 69121
69125 85568 21:0 69125
69152 261 1:0 69154
69153 85574 21:0 69153
69153 85575 21:0 69153
69153 85572 21:0 69153
69157 263 1:0 69165
69158 85576 21:0 69158
69160 85561 21:0 69160
69164 271 1:0 69164
69166 85587 21:0 69166
69168 267 1:0 69170
69168 85491 21:0 69174
69169 263 21:0 69169
69171 85590 21:0 69171
69173 265 1:0 69175
69173 85493 21:0 69179
69174 267 21:0 69174
69174 85588 21:0 69174
69175 85590 1:0 69175
69178 273 1:0 69189
69178 85114 21:0 69193
69179 265 21:0 69179
69179 85592 21:0 69179
69181 85581 21:0 69181
69188 287 1:0 69188
69190 85600 21:0 69190
69192 275 1:0 69193
69192 85110 21:0 69201
69196 277 1:0 69197
69200 85112 21:0 69229
69201 85601 21:0 69201
69228 279 1:0 69230
69228 85523 21:0 69245
69229 85608 21:0 69229
69229 85607 21:0 69229
69229 85605 21:0 69229
69233 281 1:0 69241
69234 85609 21:0 69234
69236 85594 21:0 69236
69240 289 1:0 69240
69242 85614 21:0 69242
69242 85620 21:0 69242
69244 285 1:0 69246
69244 85525 21:0 69255
69245 281 21:0 69245
69247 85623 21:0 69247
69247 85622 21:0 69247
69249 283 1:0 69251
69250 285 21:0 69250
69250 85621 21:0 69250
69251 85623 1:0 69251
69252 85623 21:0 69252
69252 85624 21:0 69252
69254 291 1:0 69265
69254 85524 21:0 69269
69255 283 21:0 69255
69255 85625 21:0 69255
69256 85614 1:0 69256
69257 85614 21:0 69257
69264 305 1:0 69264
69266 85633 21:0 69266
69268 293 1:0 69269
69268 85526 21:0 69321
69272 295 1:0 69273
69277 85634 21:0 69277
69304 297 1:0 69306
69305 85641 21:0 69305
69305 85638 21:0 69305
69305 85640 21:0 69305
69309 299 1:0 69317
69310 85642 21:0 69310
69312 85627 21:0 69312
69316 307 1:0 69316
69318 85647 21:0 69318
69318 85653 21:0 69318
69320 303 1:0 69322
69320 85556 21:0 69326
69321 299 21:0 69321
69323 85656 21:0 69323
69323 85655 21:0 69323
69325 301 1:0 69327
69325 85558 21:0 69331
69326 303 21:0 69326
69326 85654 21:0 69326
69327 85656 1:0 69327
69328 85656 21:0 69328
69328 85657 21:0 69328
69330 309 1:0 69341
69330 85119 21:0 69345
69331 301 21:0 69331
69331 85658 21:0 69331
69332 85647 1:0 69332
69333 85647 21:0 69333
69340 323 1:0 69340
69342 85666 21:0 69342
69344 311 1:0 69345
69344 85126 21:0 69381
69348 313 1:0 69349
69353 85667 21:0 69353
69380 85132 21:0 69381
69380 315 1:0 69382
69380 85152 21:0 69386
69381 85671 21:0 69381
69381 85673 21:0 69381
69381 85674 21:0 69381
69385 317 1:0 69393
69385 85145 21:0 69397
69386 85675 21:0 69386
69388 85660 21:0 69388
69392 325 1:0 69392
69394 85680 21:0 69394
69394 85686 21:0 69394
69396 85139 21:0 69397
69396 85147 21:0 69397
69396 321 1:0 69398
69396 85158 21:0 69402
69399 85689 21:0 69399
69399 85688 21:0 69399
69401 85146 21:0 69402
69401 85143 21:0 69402
69401 319 1:0 69403
69401 85138 21:0 69407
69402 85687 21:0 69402
69403 85689 1:0 69403
69404 85689 21:0 69404
69404 85690 21:0 69404
69406 85212 21:0 69407
69406 85224 21:0 69407
69406 85179 21:0 69417
69406 329 1:0 69418
69408 85680 1:0 69408
69415 327 1:0 69415
69416 85445 21:0 69419
69418 85478 21:0 69422
69421 85214 21:0 69422
69421 85313 21:0 69422
69421 85511 21:0 69422
69421 85247 21:0 69422
69421 85280 21:0 69422
69421 85610 21:0 69422
69421 85412 21:0 69422
69421 85181 21:0 69422
69421 85379 21:0 69422
69421 279 21:0 69422
69421 223 21:0 69422
69421 85148 21:0 69422
69421 85346 21:0 69422
69421 85577 21:0 69422
69421 85544 21:0 69422
69421 133 21:0 69422
69421 99 21:0 69422
69421 55381 1:0 69424
69421 115 21:0 69427
69426 85256 21:0 69427
69426 85322 21:0 69427
69426 85157 21:0 69427
69426 85335 21:0 69427
69426 85566 21:0 69427
69426 85355 21:0 69427
69426 85269 21:0 69427
69426 85190 21:0 69427
69426 85223 21:0 69427
69426 85289 21:0 69427
69426 85586 21:0 69427
69426 85487 21:0 69427
69426 85599 21:0 69427
69426 85434 21:0 69427
69426 53 21:0 69427
69426 85170 21:0 69427
69426 85236 21:0 69427
69426 85454 21:0 69427
69426 85137 21:0 69427
69426 85388 21:0 69427
69426 85553 21:0 69427
69426 85302 21:0 69427
69426 85619 21:0 69427
69426 85203 21:0 69427
69426 85520 21:0 69427
69426 85467 21:0 69427
69426 85500 21:0 69427
69426 85533 21:0 69427
69426 85421 21:0 69427
69426 145 21:0 69427
69426 85401 21:0 69427
69426 35 21:0 69427
69426 85368 21:0 69427
69427 85701 21:0 69437
69436 55991 1:0 69438
69436 85159 21:0 69460
69443 55995 1:0 69443
69459 85180 21:0 69460
69459 85198 21:0 69460
69459 85165 21:0 69463
69462 85209 21:0 69463
69462 85172 21:0 69463
69462 56007 1:0 69464
69462 85218 21:0 69471
69466 85689 1:0 69466
69467 85690 1:0 69467
69470 85687 1:0 69470
69470 85192 21:0 69471
69470 85191 21:0 69471
69470 85176 21:0 69474
69473 85205 21:0 69474
69473 85185 21:0 69474
69473 56011 1:0 69475
69473 85559 21:0 69483
69477 85688 1:0 69477
69482 56014 1:0 69485
69482 85557 21:0 69543
69487 85686 1:0 69487
69490 56019 1:0 69490
69507 85675 1:0 69507
69510 56032 1:0 69512
69516 85671 1:0 69516
69516 85673 1:0 69516
69516 85674 1:0 69516
69542 85667 1:0 69542
69542 85589 21:0 69591
69545 56041 1:0 69547
69554 56043 1:0 69557
69564 56046 1:0 69567
69569 85666 1:0 69569
69572 56050 1:0 69572
69574 85660 1:0 69574
69590 85658 1:0 69590
69590 56014 21:0 69591
69590 56011 21:0 69591
69590 56007 21:0 69594
69592 301 1:0 69592
69593 55381 21:0 69594
69593 319 21:0 69594
69593 321 21:0 69594
69593 317 21:0 69594
69593 56046 21:0 69594
69593 56043 21:0 69594
69593 56041 21:0 69594
69593 85476 21:0 69594
69593 56032 21:0 69594
69593 56064 1:0 69595
69593 85643 21:0 69597
69596 199 21:0 69597
69596 289 21:0 69597
69596 251 21:0 69597
69596 181 21:0 69597
69596 71 21:0 69597
69596 325 21:0 69597
69596 179 21:0 69597
69596 55 21:0 69597
69596 125 21:0 69597
69596 109 21:0 69597
69596 107 21:0 69597
69596 91 21:0 69597
69596 197 21:0 69597
69596 233 21:0 69597
69596 55995 21:0 69597
69596 269 21:0 69597
69596 143 21:0 69597
69596 127 21:0 69597
69596 85652 21:0 69597
69596 307 21:0 69597
69596 85703 21:0 69597
69596 215 21:0 69597
69596 305 21:0 69597
69596 56050 21:0 69597
69596 89 21:0 69597
69596 163 21:0 69597
69596 271 21:0 69597
69596 56019 21:0 69597
69596 85632 21:0 69597
69596 327 21:0 69597
69596 161 21:0 69597
69596 217 21:0 69597
69596 73 21:0 69597
69596 253 21:0 69597
69596 37 21:0 69597
69596 323 21:0 69597
69596 235 21:0 69597
69596 287 21:0 69597
69597 85656 1:0 69597
69597 56064 21:0 69602
69598 85657 1:0 69598
69601 85654 1:0 69601
69601 85591 21:0 69605
69603 303 1:0 69603
69604 311 21:0 69605
69604 329 21:0 69605
69604 55991 21:0 69605
69604 259 21:0 69605
69604 313 21:0 69605
69604 315 21:0 69605
69604 131 21:0 69605
69604 377 21:0 69605
69604 203 21:0 69605
69604 301 21:0 69605
69604 229 21:0 69605
69604 56068 1:0 69606
69608 85655 1:0 69608
69608 56068 21:0 69611
69610 85590 21:0 69614
69612 299 1:0 69612
69613 129 21:0 69614
69613 303 21:0 69614
69613 309 21:0 69614
69613 277 21:0 69614
69613 221 21:0 69614
69613 173 21:0 69614
69613 56071 1:0 69616
69613 23 21:0 69618
69618 85653 1:0 69618
69618 307 1:0 69618
69618 56071 21:0 69639
69621 56076 1:0 69621
69623 85647 1:0 69623
69623 85652 1:0 69623
69638 85642 1:0 69638
69638 299 21:0 69642
69641 56089 1:0 69643
69641 85643 1:0 69646
69641 85455 21:0 69677
69647 85641 1:0 69647
69647 85638 1:0 69647
69647 85640 1:0 69647
69651 377 1:0 69657
69673 85634 1:0 69673
69676 56098 1:0 69678
69676 85377 21:0 69693
69685 56100 1:0 69688
69692 85495 21:0 69701
69695 56103 1:0 69698
69700 85633 1:0 69700
69700 305 1:0 69700
69700 85509 21:0 69722
69703 56107 1:0 69703
69705 85627 1:0 69705
69705 85632 1:0 69705
69721 85625 1:0 69721
69721 85456 21:0 69722
69721 85374 21:0 69722
69721 85543 21:0 69725
69723 283 1:0 69723
69724 305 21:0 69725
69724 307 21:0 69725
69724 56107 21:0 69725
69724 85211 21:0 69725
69724 56076 21:0 69725
69724 85304 21:0 69725
69724 56100 21:0 69725
69724 377 21:0 69725
69724 56121 1:0 69726
69728 85623 1:0 69728
69728 56121 21:0 69733
69729 85624 1:0 69729
69732 85621 1:0 69732
69732 85311 21:0 69733
69732 283 21:0 69733
69732 85449 21:0 69734
69733 85554 21:0 69736
69734 285 1:0 69734
69735 56103 21:0 69736
69735 85407 21:0 69736
69735 41 21:0 69736
69735 56098 21:0 69736
69735 79 21:0 69736
69735 56089 21:0 69736
69735 189 21:0 69736
69735 237 21:0 69736
69735 297 21:0 69736
69735 295 21:0 69736
69735 293 21:0 69736
69735 291 21:0 69736
69735 113 21:0 69736
69735 56125 1:0 69737
69739 85622 1:0 69739
69739 56125 21:0 69742
69740 289 1:0 69743
69740 56133 1:0 69743
69740 85619 1:0 69743
69740 279 1:0 69743
69740 56146 1:0 69743
69740 56128 1:0 69747
69740 85610 1:0 69777
69740 377 1:0 69788
69740 277 1:0 69805
69740 56155 1:0 69809
69740 56157 1:0 69819
69740 85590 1:0 69822
69740 56160 1:0 69822
69740 85599 1:0 69822
69740 287 1:0 69822
69740 56164 1:0 69822
69740 56178 1:0 69857
69740 56182 1:0 69868
69740 85577 1:0 69876
69740 56190 1:0 69880
69740 271 1:0 69880
69740 85586 1:0 69880
69740 269 1:0 69897
69740 56221 1:0 69899
69740 85566 1:0 69899
69740 85544 1:0 70007
69740 85553 1:0 70011
69740 56247 1:0 70011
69740 253 1:0 70011
69740 56278 1:0 70030
69740 85533 1:0 70030
69740 251 1:0 70030
69740 85520 1:0 70142
69740 235 1:0 70142
69740 56304 1:0 70142
69740 56335 1:0 70159
69740 233 1:0 70159
69740 85500 1:0 70161
69740 217 1:0 70273
69740 85487 1:0 70273
69740 56361 1:0 70273
69740 215 1:0 70292
69740 85467 1:0 70292
69740 56392 1:0 70292
69740 85454 1:0 70401
69740 199 1:0 70401
69740 56418 1:0 70403
69740 85434 1:0 70420
69740 197 1:0 70420
69740 56449 1:0 70420
69740 56475 1:0 70535
69740 181 1:0 70535
69740 85421 1:0 70535
69740 179 1:0 70552
69740 85401 1:0 70554
69740 56506 1:0 70554
69740 163 1:0 70662
69740 56532 1:0 70662
69740 85388 1:0 70662
69740 161 1:0 70680
69740 85368 1:0 70680
69740 56563 1:0 70680
69740 56589 1:0 70797
69740 85355 1:0 70797
69740 145 1:0 70797
69740 56620 1:0 70814
69740 85335 1:0 70814
69740 143 1:0 70814
69740 127 1:0 70927
69740 56646 1:0 70927
69740 85322 1:0 70927
69740 56677 1:0 70944
69740 125 1:0 70944
69740 85302 1:0 70944
69740 85289 1:0 71055
69740 109 1:0 71055
69740 56703 1:0 71055
69740 56734 1:0 71076
69740 107 1:0 71076
69740 85269 1:0 71078
69740 85256 1:0 71190
69740 56760 1:0 71190
69740 91 1:0 71190
69740 89 1:0 71209
69740 85236 1:0 71209
69740 56791 1:0 71209
69740 73 1:0 71321
69740 56817 1:0 71324
69740 85223 1:0 71326
69741 285 21:0 69742
69741 85345 21:0 69742
69741 85468 21:0 69745
69743 281 1:0 69743
69744 39 21:0 69745
69744 85522 21:0 69745
69744 85508 21:0 69745
69744 93 21:0 69745
69744 43 21:0 69745
69744 185 21:0 69745
69744 243 21:0 69745
69744 27 21:0 69745
69744 171 21:0 69745
69744 135 21:0 69745
69744 167 21:0 69749
69746 85591 1:0 69854
69746 85589 1:0 69869
69749 85620 1:0 69749
69749 56128 21:0 69770
69754 85614 1:0 69754
69766 85557 1:0 69899
69767 56203 1:0 69876
69767 56212 1:0 69876
69767 259 1:0 69876
69767 56185 1:0 69878
69767 56214 1:0 69880
69767 56217 1:0 69899
69767 56235 1:0 69988
69767 229 1:0 69993
69767 56269 1:0 70007
69769 85609 1:0 69769
69769 281 21:0 69773
69772 85245 21:0 69808
69778 85608 1:0 69778
69778 85607 1:0 69778
69778 85605 1:0 69778
69804 85601 1:0 69804
69807 85521 21:0 69824
69809 85245 1:0 69899
69820 85559 1:0 69982
69823 85482 21:0 69831
69825 85521 1:0 69871
69830 85312 21:0 69853
69831 85600 1:0 69831
69832 85482 1:0 69862
69833 85522 1:0 69993
69836 85594 1:0 69836
69848 56239 1:0 69999
69852 85592 1:0 69852
69852 261 21:0 69853
69852 257 21:0 69853
69852 81 21:0 69853
69852 241 21:0 69853
69852 149 21:0 69853
69852 147 21:0 69853
69852 207 21:0 69853
69852 56155 21:0 69853
69852 56146 21:0 69853
69852 201 21:0 69853
69852 56164 21:0 69853
69852 277 21:0 69853
69852 279 21:0 69853
69852 275 21:0 69853
69852 273 21:0 69853
69852 287 21:0 69853
69852 289 21:0 69853
69852 56157 21:0 69853
69852 56133 21:0 69853
69852 219 21:0 69853
69852 111 21:0 69853
69852 153 21:0 69853
69852 75 21:0 69853
69852 56160 21:0 69853
69852 21 21:0 69853
69852 255 21:0 69856
69854 265 1:0 69854
69854 85312 1:0 69862
69854 261 1:0 69871
69854 257 1:0 69876
69855 63 21:0 69856
69855 29 21:0 69856
69855 227 21:0 69856
69855 61 21:0 69856
69855 117 21:0 69856
69855 95 21:0 69856
69855 103 21:0 69856
69855 151 21:0 69856
69855 97 21:0 69856
69855 33 21:0 69856
69855 183 21:0 69856
69855 169 21:0 69856
69855 205 21:0 69856
69857 255 1:0 69871
69859 56178 21:0 69864
69861 85558 1:0 69990
69862 85556 1:0 70000
69862 243 1:0 70002
69862 85554 1:0 70002
69862 237 1:0 70007
69862 241 1:0 70007
69862 56260 1:0 70007
69862 56242 1:0 70009
69862 56271 1:0 70011
69862 85543 1:0 70030
69862 56274 1:0 70030
69862 221 1:0 70138
69862 56328 1:0 70138
69862 223 1:0 70138
69863 85588 1:0 69863
69863 265 21:0 69864
69865 267 1:0 69865
69870 56182 21:0 69873
69871 85526 1:0 70030
69871 85524 1:0 70113
69872 267 21:0 69873
69874 263 1:0 69874
69877 85525 1:0 70121
69879 56292 1:0 70119
69880 85587 1:0 69880
69880 56185 21:0 69901
69882 85508 1:0 70124
69885 85581 1:0 69885
69897 227 1:0 70124
69897 56296 1:0 70130
69900 85576 1:0 69900
69900 263 21:0 69904
69903 271 21:0 69904
69903 56190 21:0 69904
69907 56203 21:0 69936
69909 85574 1:0 69909
69909 85575 1:0 69909
69909 85572 1:0 69909
69910 85523 1:0 70131
69935 85568 1:0 69935
69935 261 21:0 69939
69942 56212 21:0 69945
69944 259 21:0 69945
69952 56214 21:0 69955
69954 257 21:0 69955
69962 85567 1:0 69962
69962 56217 21:0 69979
69967 85561 1:0 69967
69978 255 21:0 69984
69983 56221 21:0 69984
69983 269 21:0 69984
69985 247 1:0 69985
69990 56235 21:0 69995
69992 219 1:0 70133
69992 85509 1:0 70133
69992 85511 1:0 70138
69992 56317 1:0 70138
69992 56299 1:0 70140
69992 56326 1:0 70142
69992 56331 1:0 70161
69992 85495 1:0 70161
69992 56349 1:0 70250
69992 205 1:0 70264
69992 56385 1:0 70269
69992 85478 1:0 70269
69992 85445 1:0 70403
69992 85412 1:0 70531
69993 85493 1:0 70161
69993 85491 1:0 70244
69994 85555 1:0 69994
69994 247 21:0 69995
69996 249 1:0 69996
70001 56239 21:0 70004
70002 85492 1:0 70252
70002 33 1:0 70255
70002 85468 1:0 70255
70002 56353 1:0 70261
70002 85345 1:0 70264
70002 207 1:0 70264
70002 203 1:0 70269
70002 201 1:0 70269
70002 56388 1:0 70269
70002 56383 1:0 70273
70002 185 1:0 70395
70002 56440 1:0 70403
70003 249 21:0 70004
70005 245 1:0 70005
70008 85490 1:0 70262
70010 85476 1:0 70292
70011 56242 21:0 70032
70013 71 1:0 71337
70013 56848 1:0 71337
70016 85548 1:0 70016
70029 85460 1:0 70292
70030 85203 1:0 71337
70031 245 21:0 70035
70034 253 21:0 70035
70034 56247 21:0 70035
70038 56260 21:0 70067
70040 85542 1:0 70040
70040 85541 1:0 70040
70040 85539 1:0 70040
70041 56356 1:0 70271
70041 56374 1:0 70292
70041 56406 1:0 70381
70041 103 1:0 70386
70041 85379 1:0 70685
70041 55 1:0 71443
70041 56874 1:0 71455
70041 85190 1:0 71457
70066 85535 1:0 70066
70066 243 21:0 70070
70073 56269 21:0 70076
70075 241 21:0 70076
70083 56271 21:0 70086
70085 239 21:0 70086
70093 85534 1:0 70093
70093 56274 21:0 70110
70098 85528 1:0 70098
70109 237 21:0 70115
70114 56278 21:0 70115
70114 251 21:0 70115
70121 56292 21:0 70126
70123 85458 1:0 70375
70124 85459 1:0 70383
70124 85456 1:0 70386
70124 56410 1:0 70392
70124 85449 1:0 70395
70124 183 1:0 70395
70124 189 1:0 70401
70124 56413 1:0 70402
70124 56442 1:0 70403
70124 56431 1:0 70403
70124 169 1:0 70526
70124 56499 1:0 70531
70124 167 1:0 70531
70125 229 21:0 70126
70127 231 1:0 70127
70132 56296 21:0 70135
70133 85457 1:0 70393
70133 85427 1:0 70420
70134 231 21:0 70135
70136 85455 1:0 70403
70139 56445 1:0 70420
70139 85346 1:0 70793
70139 85170 1:0 71468
70139 53 1:0 71468
70139 56905 1:0 71468
70139 85157 1:0 71583
70139 37 1:0 71583
70139 56931 1:0 71583
70142 56299 21:0 70163
70144 85425 1:0 70506
70147 85515 1:0 70147
70159 85407 1:0 70517
70162 85510 1:0 70162
70162 227 21:0 70166
70165 56304 21:0 70166
70165 235 21:0 70166
70169 56317 21:0 70198
70171 85506 1:0 70171
70172 85426 1:0 70514
70197 85502 1:0 70197
70197 225 21:0 70201
70204 56326 21:0 70207
70206 223 21:0 70207
70214 56328 21:0 70217
70216 221 21:0 70217
70224 85501 1:0 70224
70224 56331 21:0 70241
70240 219 21:0 70246
70245 233 21:0 70246
70245 56335 21:0 70246
70247 211 1:0 70247
70252 56349 21:0 70257
70254 56463 1:0 70512
70254 173 1:0 70517
70254 56467 1:0 70523
70254 85311 1:0 70526
70254 171 1:0 70531
70254 56470 1:0 70533
70254 56488 1:0 70535
70254 56497 1:0 70535
70254 56502 1:0 70554
70254 151 1:0 70657
70254 149 1:0 70662
70254 56556 1:0 70662
70255 85424 1:0 70524
70255 85394 1:0 70554
70256 85489 1:0 70256
70256 211 21:0 70257
70258 213 1:0 70258
70263 56353 21:0 70266
70264 85304 1:0 70554
70264 85393 1:0 70637
70265 213 21:0 70266
70267 209 1:0 70267
70267 85392 1:0 70644
70270 56520 1:0 70643
70270 29 1:0 70648
70270 85211 1:0 70648
70270 56524 1:0 70654
70270 153 1:0 70657
70270 56559 1:0 70662
70270 147 1:0 70662
70270 56545 1:0 70680
70272 56527 1:0 70664
70273 85488 1:0 70273
70273 56356 21:0 70294
70275 35 1:0 71600
70275 56962 1:0 71602
70291 85391 1:0 70655
70292 85137 1:0 71602
70293 85477 1:0 70293
70293 209 21:0 70297
70296 56361 21:0 70297
70296 217 21:0 70297
70300 56374 21:0 70329
70302 85475 1:0 70302
70302 85473 1:0 70302
70303 85374 1:0 70657
70303 56554 1:0 70685
70303 56691 1:0 70779
70303 131 1:0 70788
70303 56611 1:0 70793
70303 133 1:0 70793
70303 85313 1:0 70927
70303 19 1:0 71708
70303 56988 1:0 71708
70303 85124 1:0 71719
70328 85469 1:0 70328
70328 207 21:0 70332
70335 56383 21:0 70338
70337 205 21:0 70338
70345 56385 21:0 70348
70347 203 21:0 70348
70355 56388 21:0 70372
70360 85462 1:0 70360
70371 201 21:0 70377
70376 215 21:0 70377
70376 56392 21:0 70377
70378 193 1:0 70378
70383 56406 21:0 70388
70385 85361 1:0 70685
70386 85377 1:0 70685
70386 85359 1:0 70768
70386 56577 1:0 70774
70386 56869 1:0 70779
70386 56748 1:0 70779
70386 56976 1:0 70788
70386 135 1:0 70788
70386 56602 1:0 70793
70386 129 1:0 70793
70386 56613 1:0 70797
70386 56670 1:0 70927
70386 85280 1:0 71055
70386 17 1:0 71796
70386 57019 1:0 71799
70386 85104 1:0 71801
70387 193 21:0 70388
70389 195 1:0 70389
70394 56410 21:0 70397
70395 85360 1:0 70776
70395 85358 1:0 70786
70396 195 21:0 70397
70398 191 1:0 70398
70398 56581 1:0 70785
70398 56641 1:0 70788
70401 56634 1:0 70814
70404 56413 21:0 70425
70406 85328 1:0 70814
70421 56584 1:0 70795
70421 56695 1:0 70814
70422 56616 1:0 70814
70422 85185 1:0 70910
70422 117 1:0 70919
70422 111 1:0 70919
70424 85444 1:0 70424
70424 191 21:0 70428
70427 56418 21:0 70428
70431 56431 21:0 70460
70433 85443 1:0 70433
70433 85442 1:0 70433
70433 85440 1:0 70433
70434 85205 1:0 70910
70459 85436 1:0 70459
70466 56440 21:0 70469
70476 56442 21:0 70479
70486 85435 1:0 70486
70486 56445 21:0 70503
70491 85429 1:0 70491
70502 56449 21:0 70503
70509 175 1:0 70509
70514 56463 21:0 70519
70516 85327 1:0 70899
70517 85326 1:0 70906
70517 85325 1:0 70917
70518 85423 1:0 70518
70520 177 1:0 70520
70525 56467 21:0 70528
70526 56638 1:0 70916
70526 85176 1:0 70919
70526 115 1:0 70924
70526 113 1:0 70924
70526 56668 1:0 70927
70526 56673 1:0 70927
70526 85295 1:0 70944
70526 56659 1:0 70944
70526 56862 1:0 70944
70526 85192 1:0 70944
70526 93 1:0 71050
70526 95 1:0 71050
70532 85293 1:0 71030
70535 85422 1:0 70535
70535 56470 21:0 70556
70540 85416 1:0 70540
70553 85294 1:0 71038
70555 85411 1:0 70555
70555 56475 21:0 70556
70562 56488 21:0 70591
70564 85409 1:0 70564
70564 85410 1:0 70564
70565 85218 1:0 71041
70565 99 1:0 71055
70565 97 1:0 71055
70565 56716 1:0 71055
70565 56727 1:0 71055
70565 85247 1:0 71186
70590 85403 1:0 70590
70597 56497 21:0 70600
70607 56499 21:0 70610
70617 85402 1:0 70617
70617 56502 21:0 70634
70622 85396 1:0 70622
70633 56506 21:0 70634
70640 157 1:0 70640
70645 56520 21:0 70650
70647 85191 1:0 71041
70647 56698 1:0 71050
70647 85172 1:0 71050
70647 56755 1:0 71078
70648 85292 1:0 71048
70648 85262 1:0 71078
70649 85390 1:0 70649
70651 159 1:0 70651
70656 56524 21:0 70659
70657 56730 1:0 71073
70657 85209 1:0 71078
70657 56725 1:0 71078
70657 85261 1:0 71161
70657 85165 1:0 71172
70657 85180 1:0 71172
70657 81 1:0 71181
70657 79 1:0 71186
70657 85214 1:0 71327
70660 155 1:0 70660
70663 85260 1:0 71168
70666 85389 1:0 70666
70666 56527 21:0 70687
70671 85383 1:0 70671
70684 85259 1:0 71179
70686 85378 1:0 70686
70686 56532 21:0 70687
70693 56545 21:0 70722
70695 85376 1:0 70695
70696 56752 1:0 71178
70696 85198 1:0 71181
70721 85370 1:0 70721
70728 56554 21:0 70731
70738 56556 21:0 70741
70748 85369 1:0 70748
70748 56559 21:0 70765
70753 85363 1:0 70753
70764 56563 21:0 70765
70771 139 1:0 70771
70776 56577 21:0 70781
70778 85229 1:0 71209
70779 56782 1:0 71186
70779 75 1:0 71186
70779 56784 1:0 71190
70779 56773 1:0 71190
70779 56805 1:0 71209
70779 85159 1:0 71209
70779 56787 1:0 71209
70779 85228 1:0 71292
70779 85179 1:0 71303
70779 61 1:0 71323
70779 56841 1:0 71334
70780 85357 1:0 70780
70782 141 1:0 70782
70787 56581 21:0 70790
70788 85227 1:0 71299
70788 85224 1:0 71303
70788 56809 1:0 71309
70788 63 1:0 71312
70788 85212 1:0 71312
70788 56812 1:0 71319
70788 56844 1:0 71334
70788 56830 1:0 71334
70788 56839 1:0 71337
70788 41 1:0 71443
70788 43 1:0 71443
70788 85181 1:0 71458
70791 137 1:0 70791
70794 85226 1:0 71310
70797 85356 1:0 70797
70797 56584 21:0 70818
70802 85350 1:0 70802
70815 85196 1:0 71337
70817 56589 21:0 70818
70824 56602 21:0 70853
70826 85341 1:0 70826
70826 85343 1:0 70826
70826 85344 1:0 70826
70827 85138 1:0 71337
70827 39 1:0 71458
70827 56901 1:0 71465
70827 56896 1:0 71465
70827 56898 1:0 71468
70827 23 1:0 71579
70852 85337 1:0 70852
70859 56611 21:0 70862
70869 56613 21:0 70872
70879 85336 1:0 70879
70879 56616 21:0 70896
70884 85330 1:0 70884
70895 56620 21:0 70896
70902 121 1:0 70902
70907 56634 21:0 70912
70909 85194 1:0 71423
70910 85195 1:0 71431
70910 85146 1:0 71434
70910 85143 1:0 71434
70910 56866 1:0 71440
70911 85324 1:0 70911
70913 123 1:0 70913
70918 56638 21:0 70921
70919 85193 1:0 71441
70919 85158 1:0 71443
70922 119 1:0 70922
70922 85163 1:0 71468
70925 56887 1:0 71465
70925 56919 1:0 71468
70925 85139 1:0 71468
70925 85147 1:0 71565
70925 21 1:0 71574
70925 56955 1:0 71579
70925 85148 1:0 71579
70925 56953 1:0 71583
70928 85323 1:0 70928
70928 56641 21:0 70949
70933 85317 1:0 70933
70946 85162 1:0 71554
70948 56646 21:0 70949
70955 56659 21:0 70984
70957 85308 1:0 70957
70957 85310 1:0 70957
70958 85145 1:0 71565
70958 56923 1:0 71571
70990 56668 21:0 70993
71000 56670 21:0 71003
71010 85303 1:0 71010
71010 56673 21:0 71027
71015 85297 1:0 71015
71026 56677 21:0 71027
71038 56691 21:0 71043
71040 85161 1:0 71561
71041 85160 1:0 71572
71041 85152 1:0 71574
71041 56944 1:0 71579
71041 27 1:0 71579
71041 56926 1:0 71581
71041 85132 1:0 71602
71041 56958 1:0 71602
71041 57001 1:0 71708
71042 85291 1:0 71042
71044 105 1:0 71044
71049 56695 21:0 71052
71050 85130 1:0 71602
71050 85128 1:0 71685
71053 101 1:0 71053
71058 85129 1:0 71693
71059 85290 1:0 71059
71059 56698 21:0 71080
71061 353 1:0 71696
71064 85284 1:0 71064
71076 85126 1:0 71696
71077 56980 1:0 71702
71077 85119 1:0 71705
71079 85279 1:0 71079
71079 56703 21:0 71080
71086 56716 21:0 71115
71088 85277 1:0 71088
71088 85275 1:0 71088
71088 85278 1:0 71088
71089 56983 1:0 71708
71089 57010 1:0 71727
71089 7 1:0 71730
71089 85115 1:0 71733
71089 5 1:0 71779
71089 57012 1:0 71784
71089 3 1:0 71787
71089 57015 1:0 71794
71114 85271 1:0 71114
71121 56725 21:0 71124
71131 56727 21:0 71134
71141 85270 1:0 71141
71141 56730 21:0 71158
71146 85264 1:0 71146
71157 56734 21:0 71158
71164 85 1:0 71164
71169 56748 21:0 71174
71171 85127 1:0 71703
71172 85112 1:0 71708
71172 85110 1:0 71708
71172 85125 1:0 71713
71172 85114 1:0 71733
71172 85113 1:0 71733
71172 85106 1:0 71768
71172 352 1:0 71787
71173 85258 1:0 71173
71175 87 1:0 71175
71180 56752 21:0 71183
71181 85105 1:0 71795
71181 191 1:0 72634
71184 83 1:0 71184
71190 85257 1:0 71190
71190 56755 21:0 71211
71195 85251 1:0 71195
71210 85246 1:0 71210
71210 56760 21:0 71211
71217 56773 21:0 71246
71219 85242 1:0 71219
71219 85244 1:0 71219
71245 85238 1:0 71245
71252 56782 21:0 71255
71262 56784 21:0 71265
71272 85237 1:0 71272
71272 56787 21:0 71289
71277 85231 1:0 71277
71288 56791 21:0 71289
71295 67 1:0 71295
71300 56805 21:0 71305
71304 85225 1:0 71304
71306 69 1:0 71306
71311 56809 21:0 71314
71315 65 1:0 71315
71321 56812 21:0 71342
71341 85213 1:0 71341
71341 56817 21:0 71342
71348 56830 21:0 71377
71383 56839 21:0 71386
71393 56841 21:0 71396
71403 85204 1:0 71403
71403 56844 21:0 71420
71419 56848 21:0 71420
71426 49 1:0 71426
71431 56862 21:0 71436
71437 51 1:0 71437
71442 56866 21:0 71445
71446 47 1:0 71446
71452 56869 21:0 71473
71472 56874 21:0 71473
71479 56887 21:0 71508
71481 85178 1:0 71481
71514 56896 21:0 71517
71524 56898 21:0 71527
71534 85171 1:0 71534
71534 56901 21:0 71551
71550 56905 21:0 71551
71557 31 1:0 71557
71562 56919 21:0 71567
71573 56923 21:0 71576
71583 56926 21:0 71604
71603 56931 21:0 71604
71610 56944 21:0 71639
71645 56953 21:0 71648
71655 56955 21:0 71658
71665 56958 21:0 71682
71681 56962 21:0 71682
71688 13 1:0 71688
71693 56976 21:0 71698
71699 15 1:0 71699
71704 56980 21:0 71707
71708 11 1:0 71708
71714 56983 21:0 71735
71734 56988 21:0 71735
71741 57001 21:0 71770
71776 57010 21:0 71779
71786 57012 21:0 71789
71796 57015 21:0 71813
71812 57019 21:0 71813
71822 86755 21:0 71823
71823 86756 21:0 71834
71833 3 21:0 71834
71833 17 21:0 71834
71834 86757 21:0 71862
71861 352 21:0 71867
71866 7 21:0 71867
71866 5 21:0 71867
71866 86766 21:0 71867
71869 353 21:0 71878
71877 86763 21:0 71878
71877 86776 21:0 71878
71877 86775 21:0 71878
71877 19 21:0 71878
71880 86778 21:0 71888
71887 86779 21:0 71938
71937 86780 21:0 71954
71953 86781 21:0 71959
71958 86811 21:0 71978
71977 86813 21:0 72030
71986 86823 21:0 71986
72021 86816 21:0 72021
72029 86812 21:0 72035
72034 86814 21:0 72040
72039 86844 21:0 72090
72089 86846 21:0 72111
72090 86860 21:0 72090
72097 86849 21:0 72097
72110 86845 21:0 72116
72111 86876 21:0 72111
72115 86847 21:0 72166
72118 86869 21:0 72118
72127 86888 21:0 72127
72138 86889 21:0 72138
72165 86877 21:0 72182
72166 86895 21:0 72166
72166 86896 21:0 72166
72171 86897 21:0 72171
72173 86882 21:0 72173
72179 86908 21:0 72179
72181 86879 21:0 72187
72186 86878 21:0 72206
72194 86902 21:0 72194
72205 86880 21:0 72258
72247 86930 21:0 72247
72257 86910 21:0 72263
72262 86912 21:0 72268
72267 86911 21:0 72323
72290 86955 21:0 72290
72318 86961 21:0 72318
72318 86962 21:0 72318
72322 86913 21:0 72339
72323 86963 21:0 72323
72325 86948 21:0 72325
72331 86974 21:0 72331
72338 86943 21:0 72344
72343 86944 21:0 72394
72355 86987 21:0 72355
72393 86945 21:0 72410
72394 86994 21:0 72394
72394 86992 21:0 72394
72407 87007 21:0 72407
72409 86946 21:0 72415
72414 86976 21:0 72434
72422 87001 21:0 72422
72431 87020 21:0 72431
72433 86977 21:0 72486
72470 87028 21:0 72470
72470 87027 21:0 72470
72475 87029 21:0 72475
72485 86978 21:0 72491
72490 86979 21:0 72496
72491 87041 21:0 72491
72495 87009 21:0 72546
72507 87053 21:0 72507
72518 87054 21:0 72518
72545 87011 21:0 72562
72546 87058 21:0 72546
72546 87060 21:0 72546
72546 87061 21:0 72546
72551 87062 21:0 72551
72553 87047 21:0 72553
72559 87073 21:0 72559
72561 87010 21:0 72572
72567 87074 21:0 72567
72571 87012 21:0 72594
72574 87067 21:0 72574
72583 87086 21:0 72583
72593 87042 21:0 72638
72594 87087 21:0 72594
72622 87094 21:0 72622
72622 87093 21:0 72622
72622 87091 21:0 72622
72627 87095 21:0 72627
72629 87080 21:0 72629
72635 87106 21:0 72635
72637 195 1:0 72639
72637 87044 21:0 72643
72642 193 1:0 72644
72642 87043 21:0 72658
72643 87107 21:0 72643
72647 201 1:0 72658
72650 87100 21:0 72650
72657 215 1:0 72657
72657 87045 21:0 72714
72659 87119 21:0 72659
72661 203 1:0 72662
72665 205 1:0 72666
72670 87120 21:0 72670
72697 207 1:0 72699
72698 87124 21:0 72698
72698 87127 21:0 72698
72698 87126 21:0 72698
72702 209 1:0 72710
72703 87128 21:0 72703
72705 87113 21:0 72705
72709 217 1:0 72709
72711 87139 21:0 72711
72713 213 1:0 72715
72713 87075 21:0 72719
72718 211 1:0 72720
72718 87076 21:0 72724
72719 87140 21:0 72719
72723 219 1:0 72734
72723 87077 21:0 72774
72726 87133 21:0 72726
72733 233 1:0 72733
72735 87152 21:0 72735
72737 221 1:0 72738
72741 223 1:0 72742
72746 87153 21:0 72746
72773 225 1:0 72775
72773 87078 21:0 72790
72774 87157 21:0 72774
72774 87160 21:0 72774
72774 87159 21:0 72774
72778 227 1:0 72786
72779 87161 21:0 72779
72781 87146 21:0 72781
72785 235 1:0 72785
72787 87172 21:0 72787
72789 231 1:0 72791
72789 87108 21:0 72800
72794 229 1:0 72796
72795 87173 21:0 72795
72799 237 1:0 72810
72799 87110 21:0 72822
72802 87166 21:0 72802
72809 251 1:0 72809
72811 87185 21:0 72811
72813 239 1:0 72814
72817 241 1:0 72818
72821 87109 21:0 72866
72822 87186 21:0 72822
72849 243 1:0 72851
72850 87193 21:0 72850
72850 87190 21:0 72850
72850 87192 21:0 72850
72854 245 1:0 72862
72855 87194 21:0 72855
72857 87179 21:0 72857
72861 253 1:0 72861
72863 87205 21:0 72863
72865 249 1:0 72867
72865 87111 21:0 72871
72870 247 1:0 72872
72870 87141 21:0 72876
72871 87206 21:0 72871
72875 255 1:0 72886
72875 87142 21:0 72938
72878 87199 21:0 72878
72885 269 1:0 72885
72887 87218 21:0 72887
72889 257 1:0 72890
72893 259 1:0 72894
72898 87219 21:0 72898
72925 261 1:0 72927
72926 87225 21:0 72926
72926 87226 21:0 72926
72926 87223 21:0 72926
72930 263 1:0 72938
72931 87227 21:0 72931
72933 87212 21:0 72933
72937 271 1:0 72937
72937 87143 21:0 72947
72939 87238 21:0 72939
72941 267 1:0 72943
72946 265 1:0 72948
72946 87144 21:0 72952
72947 87239 21:0 72947
72951 86761 21:0 72952
72951 273 1:0 72962
72951 86765 21:0 72966
72952 87243 21:0 72952
72954 87232 21:0 72954
72961 287 1:0 72961
72963 87251 21:0 72963
72965 275 1:0 72966
72965 86764 21:0 73002
72969 277 1:0 72970
72974 87252 21:0 72974
73001 279 1:0 73003
73001 87174 21:0 73018
73006 281 1:0 73014
73013 289 1:0 73013
73017 285 1:0 73019
73017 87176 21:0 73023
73020 87273 21:0 73020
73022 283 1:0 73024
73022 87175 21:0 73039
73025 87274 21:0 73025
73025 87275 21:0 73025
73027 291 1:0 73038
73028 87276 21:0 73028
73037 305 1:0 73037
73038 87177 21:0 73094
73041 293 1:0 73042
73045 295 1:0 73046
73077 297 1:0 73079
73082 299 1:0 73090
73089 307 1:0 73089
73093 303 1:0 73095
73093 87207 21:0 73099
73096 87306 21:0 73096
73098 301 1:0 73100
73098 87209 21:0 73104
73101 87307 21:0 73101
73101 87308 21:0 73101
73103 309 1:0 73114
73103 87208 21:0 73154
73104 87309 21:0 73104
73113 323 1:0 73113
73117 311 1:0 73118
73121 313 1:0 73122
73153 315 1:0 73155
73153 86770 21:0 73159
73158 317 1:0 73166
73158 86777 21:0 73170
73165 325 1:0 73165
73169 86809 21:0 73170
73169 86783 21:0 73170
73169 321 1:0 73171
73169 86798 21:0 73175
73172 87339 21:0 73172
73174 86803 21:0 73175
73174 86797 21:0 73175
73174 319 1:0 73176
73174 86794 21:0 73180
73179 86790 21:0 73180
73179 86796 21:0 73180
73179 329 1:0 73191
73179 86789 21:0 73195
73188 327 1:0 73188
73194 243 21:0 73195
73194 86964 21:0 73195
73194 87261 21:0 73195
73194 87063 21:0 73195
73194 86997 21:0 73195
73194 275 21:0 73195
73194 86898 21:0 73195
73194 55381 1:0 73197
73194 86832 21:0 73200
73199 87250 21:0 73200
73199 87228 21:0 73200
73200 87352 21:0 73210
73209 55991 1:0 73211
73209 87210 21:0 73236
73216 55995 1:0 73216
73235 56007 1:0 73237
73235 87240 21:0 73244
73243 87242 21:0 73247
73246 56011 1:0 73248
73246 87241 21:0 73256
73250 87339 1:0 73250
73255 86921 21:0 73256
73255 86996 21:0 73256
73255 56014 1:0 73258
73255 86810 21:0 73281
73263 56019 1:0 73263
73280 86864 21:0 73316
73283 56032 1:0 73285
73315 87021 21:0 73335
73318 56041 1:0 73320
73327 56043 1:0 73330
73334 86988 21:0 73338
73337 56046 1:0 73340
73337 86995 21:0 73364
73345 56050 1:0 73345
73363 87309 1:0 73363
73363 86929 21:0 73364
73363 86855 21:0 73364
73363 86926 21:0 73367
73366 86856 21:0 73367
73366 86830 21:0 73367
73366 56064 1:0 73368
73366 86954 21:0 73375
73370 87307 1:0 73370
73371 87308 1:0 73371
73374 86922 21:0 73375
73374 87040 21:0 73375
73374 86893 21:0 73378
73377 86822 21:0 73378
73377 86862 21:0 73378
73377 56068 1:0 73379
73377 86942 21:0 73384
73381 87306 1:0 73381
73383 86863 21:0 73384
73383 86941 21:0 73384
73383 86875 21:0 73387
73386 86959 21:0 73387
73386 86831 21:0 73387
73386 56071 1:0 73389
73386 87014 21:0 73412
73394 56076 1:0 73394
73411 86842 21:0 73447
73414 56089 1:0 73416
73446 87025 21:0 73466
73449 56098 1:0 73451
73458 56100 1:0 73461
73465 86909 21:0 73469
73468 56103 1:0 73471
73468 86975 21:0 73495
73476 56107 1:0 73476
73494 87276 1:0 73494
73494 86928 21:0 73495
73494 86935 21:0 73495
73494 86829 21:0 73498
73497 86827 21:0 73498
73497 87034 21:0 73498
73497 56121 1:0 73499
73497 86981 21:0 73506
73501 87274 1:0 73501
73502 87275 1:0 73502
73505 86836 21:0 73506
73505 86968 21:0 73506
73505 86915 21:0 73509
73508 86843 21:0 73509
73508 56089 21:0 73509
73508 87008 21:0 73509
73508 56125 1:0 73510
73508 55381 21:0 73512
73511 87354 21:0 73512
73511 86907 21:0 73512
73511 86841 21:0 73512
73511 86808 21:0 73512
73511 87138 21:0 73512
73511 86887 21:0 73512
73511 86953 21:0 73512
73511 86973 21:0 73512
73511 87039 21:0 73512
73511 86940 21:0 73512
73511 56019 21:0 73512
73511 56050 21:0 73512
73511 56076 21:0 73512
73511 87171 21:0 73512
73511 87204 21:0 73512
73511 56107 21:0 73512
73511 86986 21:0 73512
73511 86854 21:0 73512
73512 87273 1:0 73512
73512 56125 21:0 73515
73513 56133 1:0 73519
73513 275 1:0 73519
73513 56128 1:0 73520
73513 56160 1:0 73521
73513 56155 1:0 73521
73513 56157 1:0 73521
73513 87261 1:0 73521
73513 56146 1:0 73538
73513 87250 1:0 73538
73513 56164 1:0 73538
73513 56752 1:0 73538
73513 87241 1:0 73624
73513 56520 1:0 73635
73513 56203 1:0 73649
73513 87228 1:0 73649
73513 56190 1:0 73653
73513 56221 1:0 73672
73513 56247 1:0 73780
73513 87204 1:0 73780
73513 56278 1:0 73801
73513 87171 1:0 73912
73513 56304 1:0 73914
73513 56335 1:0 73931
73513 56361 1:0 74043
73513 87138 1:0 74043
73513 56392 1:0 74062
73513 56418 1:0 74176
73513 56449 1:0 74193
73513 56475 1:0 74308
73513 56506 1:0 74324
73513 87039 1:0 74438
73513 56532 1:0 74438
73513 56563 1:0 74455
73513 56589 1:0 74570
73513 56620 1:0 74589
73513 86986 1:0 74589
73513 56646 1:0 74701
73513 86973 1:0 74706
73513 86953 1:0 74717
73513 56677 1:0 74717
73513 86940 1:0 74829
73513 56703 1:0 74831
73513 56734 1:0 74848
73514 56121 21:0 73515
73514 56071 21:0 73515
73514 56068 21:0 73515
73514 56064 21:0 73515
73514 56014 21:0 73518
73516 87242 1:0 73632
73517 56011 21:0 73518
73517 56007 21:0 73518
73517 319 21:0 73518
73517 321 21:0 73518
73517 317 21:0 73518
73517 56046 21:0 73518
73517 56098 21:0 73518
73517 56100 21:0 73518
73517 56103 21:0 73518
73517 56043 21:0 73522
73519 56178 1:0 73630
73519 56577 1:0 73635
73519 56413 1:0 73635
73519 87240 1:0 73642
73519 56866 1:0 73644
73519 56214 1:0 73649
73519 56212 1:0 73653
73519 56217 1:0 73672
73521 107 21:0 73522
73521 55 21:0 73522
73521 87237 21:0 73522
73521 251 21:0 73522
73521 125 21:0 73522
73521 91 21:0 73522
73521 179 21:0 73522
73521 323 21:0 73522
73521 87217 21:0 73522
73521 87006 21:0 73522
73521 163 21:0 73522
73521 287 21:0 73522
73521 161 21:0 73522
73521 87151 21:0 73522
73521 87019 21:0 73522
73521 305 21:0 73522
73521 199 21:0 73522
73521 307 21:0 73522
73521 87085 21:0 73522
73521 71 21:0 73522
73521 37 21:0 73522
73521 87184 21:0 73522
73521 253 21:0 73522
73521 87072 21:0 73522
73521 87105 21:0 73522
73521 143 21:0 73522
73521 127 21:0 73522
73521 217 21:0 73522
73521 235 21:0 73522
73521 86874 21:0 73522
73521 53 21:0 73522
73521 109 21:0 73522
73521 233 21:0 73522
73521 181 21:0 73522
73521 87118 21:0 73522
73521 197 21:0 73522
73521 73 21:0 73522
73521 86788 21:0 73522
73521 86821 21:0 73522
73521 55995 21:0 73522
73521 325 21:0 73522
73521 86920 21:0 73522
73521 87052 21:0 73522
73521 327 21:0 73522
73521 56926 1:0 73644
73522 56128 21:0 73543
73523 287 1:0 73538
73523 87237 1:0 73653
73523 87217 1:0 73672
73523 253 1:0 73780
73523 251 1:0 73801
73523 87184 1:0 73801
73523 235 1:0 73914
73523 87151 1:0 73931
73523 233 1:0 73931
73523 217 1:0 74043
73523 87118 1:0 74062
73523 87105 1:0 74174
73523 199 1:0 74176
73523 197 1:0 74193
73523 87085 1:0 74193
73523 181 1:0 74308
73523 87072 1:0 74313
73523 87052 1:0 74324
73523 179 1:0 74324
73523 163 1:0 74438
73523 161 1:0 74455
73523 87019 1:0 74455
73523 87006 1:0 74570
73523 143 1:0 74587
73523 127 1:0 74701
73523 125 1:0 74717
73523 109 1:0 74831
73523 107 1:0 74848
73523 86920 1:0 74848
73523 91 1:0 74963
73524 56182 1:0 73641
73541 87210 1:0 73672
73542 301 21:0 73546
73545 303 21:0 73546
73545 299 21:0 73581
73552 56185 1:0 73651
73552 56470 1:0 73672
73552 56805 1:0 73672
73577 87252 1:0 73577
73580 283 21:0 73597
73596 285 21:0 73597
73596 281 21:0 73600
73598 87208 1:0 73755
73599 55991 21:0 73600
73599 56157 21:0 73600
73599 329 21:0 73600
73599 56032 21:0 73600
73599 56041 21:0 73600
73599 56155 21:0 73600
73599 56146 21:0 73600
73599 86799 21:0 73602
73601 87096 21:0 73604
73601 56410 1:0 73766
73601 56292 1:0 73766
73603 89 21:0 73604
73603 145 21:0 73604
73603 289 21:0 73604
73603 215 21:0 73604
73603 56133 21:0 73604
73603 271 21:0 73604
73603 269 21:0 73604
73604 87251 1:0 73604
73604 56160 21:0 73621
73605 271 1:0 73653
73605 269 1:0 73670
73605 215 1:0 74062
73605 145 1:0 74570
73606 56235 1:0 73761
73620 315 21:0 73626
73625 87243 1:0 73625
73625 259 21:0 73626
73625 77 21:0 73626
73625 313 21:0 73626
73625 25 21:0 73626
73625 309 21:0 73626
73625 311 21:0 73626
73625 219 21:0 73626
73625 39 21:0 73626
73625 189 21:0 73626
73625 201 21:0 73626
73625 87030 21:0 73626
73625 86931 21:0 73626
73625 237 21:0 73626
73625 97 21:0 73626
73625 169 21:0 73626
73625 95 21:0 73626
73625 287 21:0 73626
73625 135 21:0 73626
73625 203 21:0 73626
73625 275 21:0 73626
73625 239 21:0 73626
73625 56164 21:0 73626
73625 273 21:0 73626
73625 41 21:0 73626
73625 93 21:0 73626
73625 27 21:0 73626
73625 277 21:0 73626
73625 61 21:0 73626
73625 223 21:0 73626
73625 205 21:0 73626
73625 115 21:0 73626
73625 87162 21:0 73626
73625 23 21:0 73626
73625 113 21:0 73626
73625 79 21:0 73626
73625 185 21:0 73626
73625 43 21:0 73626
73625 241 21:0 73626
73625 87129 21:0 73626
73625 149 21:0 73626
73625 59 21:0 73626
73625 297 21:0 73626
73625 151 21:0 73626
73625 295 21:0 73626
73625 187 21:0 73626
73625 293 21:0 73626
73625 257 21:0 73626
73625 291 21:0 73626
73625 279 21:0 73626
73625 221 21:0 73626
73625 133 21:0 73626
73625 87195 21:0 73626
73625 86865 21:0 73626
73625 99 21:0 73629
73627 257 1:0 73649
73627 259 1:0 73649
73627 237 1:0 73775
73627 239 1:0 73775
73627 241 1:0 73780
73628 165 21:0 73629
73628 167 21:0 73629
73628 153 21:0 73629
73628 207 21:0 73629
73628 255 21:0 73629
73628 81 21:0 73629
73630 255 1:0 73644
73632 56178 21:0 73637
73634 87209 1:0 73763
73635 56695 1:0 73766
73635 56239 1:0 73772
73635 87207 1:0 73773
73635 56299 1:0 73775
73635 56296 1:0 73775
73635 56242 1:0 73782
73635 87008 1:0 73801
73636 87239 1:0 73636
73636 265 21:0 73637
73643 56182 21:0 73646
73644 87195 1:0 73780
73644 56271 1:0 73780
73644 243 1:0 73780
73644 56260 1:0 73780
73644 56274 1:0 73798
73644 56269 1:0 73801
73644 87177 1:0 73801
73644 223 1:0 73914
73644 87162 1:0 73914
73644 87129 1:0 74045
73644 87096 1:0 74176
73645 267 21:0 73646
73647 87175 1:0 73886
73652 87176 1:0 73894
73653 87238 1:0 73653
73653 56185 21:0 73674
73655 86843 1:0 73897
73658 87232 1:0 73658
73661 56760 1:0 74963
73661 89 1:0 74979
73661 56791 1:0 74979
73661 56817 1:0 75091
73662 86907 1:0 74968
73670 86915 1:0 73897
73671 56353 1:0 73906
73671 219 1:0 73906
73671 86968 1:0 73906
73671 221 1:0 73912
73671 56328 1:0 73914
73671 56326 1:0 73914
73671 56331 1:0 73914
73671 56317 1:0 73931
73671 56385 1:0 74045
73673 87227 1:0 73673
73673 263 21:0 73677
73676 56190 21:0 73677
73676 271 21:0 73677
73680 56203 21:0 73709
73682 87225 1:0 73682
73682 87226 1:0 73682
73682 87223 1:0 73682
73683 56349 1:0 73931
73683 86836 1:0 73931
73683 201 1:0 74037
73683 87063 1:0 74314
73683 86887 1:0 74979
73683 86874 1:0 75091
73708 87219 1:0 73708
73708 261 21:0 73712
73715 56212 21:0 73718
73717 259 21:0 73718
73725 56214 21:0 73728
73727 257 21:0 73728
73735 87218 1:0 73735
73735 56217 21:0 73752
73740 87212 1:0 73740
73751 255 21:0 73757
73756 269 21:0 73757
73756 56221 21:0 73757
73763 56235 21:0 73768
73765 87174 1:0 73904
73766 87144 1:0 73931
73766 86981 1:0 74028
73766 87034 1:0 74028
73766 86827 1:0 74037
73766 56356 1:0 74037
73767 87206 1:0 73767
73767 247 21:0 73768
73774 56239 21:0 73777
73775 87143 1:0 74017
73775 87142 1:0 74024
73776 249 21:0 73777
73781 87141 1:0 74035
73783 207 1:0 74037
73783 56383 1:0 74045
73783 203 1:0 74045
73783 205 1:0 74045
73783 56388 1:0 74045
73783 56374 1:0 74062
73783 56440 1:0 74176
73784 87205 1:0 73784
73784 56242 21:0 73805
73786 73 1:0 75091
73786 71 1:0 75110
73789 87199 1:0 73789
73802 87111 1:0 74062
73803 86854 1:0 75110
73804 87194 1:0 73804
73804 245 21:0 73808
73807 56247 21:0 73808
73807 253 21:0 73808
73811 56260 21:0 73840
73813 87193 1:0 73813
73813 87190 1:0 73813
73813 87192 1:0 73813
73814 56406 1:0 74062
73814 86829 1:0 74062
73814 189 1:0 74168
73814 87030 1:0 74438
73814 56848 1:0 75110
73814 55 1:0 75222
73814 56874 1:0 75222
73814 56905 1:0 75241
73814 53 1:0 75241
73814 37 1:0 75356
73814 56931 1:0 75356
73814 56962 1:0 75375
73839 87186 1:0 73839
73839 243 21:0 73843
73846 56269 21:0 73849
73848 241 21:0 73849
73856 56271 21:0 73859
73858 239 21:0 73859
73866 87185 1:0 73866
73866 56274 21:0 73883
73871 87179 1:0 73871
73882 237 21:0 73888
73887 56278 21:0 73888
73887 251 21:0 73888
73894 56292 21:0 73899
73896 87109 1:0 74148
73897 87110 1:0 74156
73897 86935 1:0 74159
73897 86928 1:0 74159
73897 86975 1:0 74168
73897 56527 1:0 74168
73898 87173 1:0 73898
73898 229 21:0 73899
73905 56296 21:0 73908
73906 87108 1:0 74166
73906 87078 1:0 74193
73907 231 21:0 73908
73909 86909 1:0 74193
73912 185 1:0 74174
73912 187 1:0 74176
73912 56442 1:0 74176
73912 56431 1:0 74176
73912 56463 1:0 74193
73912 56445 1:0 74193
73912 165 1:0 74299
73912 167 1:0 74308
73912 56502 1:0 74321
73912 86997 1:0 74566
73912 86841 1:0 75222
73912 86821 1:0 75241
73915 87172 1:0 73915
73915 56299 21:0 73936
73920 87166 1:0 73920
73932 87077 1:0 74279
73935 87161 1:0 73935
73935 227 21:0 73939
73938 56304 21:0 73939
73938 235 21:0 73939
73942 56317 21:0 73971
73944 87157 1:0 73944
73944 87160 1:0 73944
73944 87159 1:0 73944
73945 87076 1:0 74286
73970 87153 1:0 73970
73970 225 21:0 73974
73977 56326 21:0 73980
73979 223 21:0 73980
73987 56328 21:0 73990
73989 221 21:0 73990
73997 87152 1:0 73997
73997 56331 21:0 74014
74002 87146 1:0 74002
74013 219 21:0 74019
74018 56335 21:0 74019
74018 233 21:0 74019
74025 56349 21:0 74030
74027 87025 1:0 74290
74027 86842 1:0 74290
74027 56467 1:0 74296
74027 87014 1:0 74299
74028 87075 1:0 74297
74028 87045 1:0 74324
74029 87140 1:0 74029
74029 211 21:0 74030
74036 56353 21:0 74039
74037 169 1:0 74314
74037 56497 1:0 74321
74037 56488 1:0 74321
74037 86959 1:0 74324
74037 56641 1:0 74324
74037 56499 1:0 74324
74037 87043 1:0 74410
74037 86831 1:0 74421
74037 86875 1:0 74421
74037 153 1:0 74430
74037 56559 1:0 74438
74037 151 1:0 74438
74038 213 21:0 74039
74043 87044 1:0 74418
74045 56524 1:0 74427
74046 87139 1:0 74046
74046 56356 21:0 74067
74048 86808 1:0 75356
74051 87133 1:0 74051
74064 87042 1:0 74428
74065 86788 1:0 75375
74066 87128 1:0 74066
74066 209 21:0 74070
74069 217 21:0 74070
74069 56361 21:0 74070
74073 56374 21:0 74102
74075 87124 1:0 74075
74075 87127 1:0 74075
74075 87126 1:0 74075
74076 87040 1:0 74430
74076 56554 1:0 74438
74076 149 1:0 74438
74076 56556 1:0 74438
74076 56634 1:0 74455
74076 56611 1:0 74566
74076 86964 1:0 74707
74076 19 1:0 75481
74076 56988 1:0 75481
74076 86775 1:0 75492
74101 87120 1:0 74101
74101 207 21:0 74105
74108 56383 21:0 74111
74110 205 21:0 74111
74118 56385 21:0 74121
74120 203 21:0 74121
74128 87119 1:0 74128
74128 56388 21:0 74145
74133 87113 1:0 74133
74144 201 21:0 74150
74149 215 21:0 74150
74149 56392 21:0 74150
74156 56406 21:0 74161
74158 87012 1:0 74455
74159 56545 1:0 74455
74159 87021 1:0 74455
74159 87010 1:0 74541
74159 86995 1:0 74552
74159 86863 1:0 74552
74159 133 1:0 74566
74159 135 1:0 74566
74159 56613 1:0 74570
74159 56616 1:0 74570
74159 86931 1:0 74831
74159 17 1:0 75569
74159 57019 1:0 75572
74159 86755 1:0 75574
74160 87107 1:0 74160
74160 193 21:0 74161
74167 56410 21:0 74170
74168 87011 1:0 74549
74168 87009 1:0 74559
74169 195 21:0 74170
74171 56581 1:0 74558
74174 86988 1:0 74561
74177 87106 1:0 74177
74177 56413 21:0 74198
74179 86979 1:0 74589
74182 87100 1:0 74182
74194 86996 1:0 74589
74195 56584 1:0 74568
74195 56602 1:0 74589
74195 86941 1:0 74683
74195 56659 1:0 74714
74195 56673 1:0 74714
74197 87095 1:0 74197
74197 191 21:0 74201
74200 56418 21:0 74201
74200 199 21:0 74201
74204 56431 21:0 74233
74206 87094 1:0 74206
74206 87093 1:0 74206
74206 87091 1:0 74206
74207 86942 1:0 74683
74207 56638 1:0 74689
74232 87087 1:0 74232
74239 56440 21:0 74242
74249 56442 21:0 74252
74259 87086 1:0 74259
74259 56445 21:0 74276
74264 87080 1:0 74264
74275 56449 21:0 74276
74287 56463 21:0 74292
74289 86978 1:0 74672
74290 86977 1:0 74679
74290 86822 1:0 74692
74290 113 1:0 74701
74290 115 1:0 74707
74290 56668 1:0 74714
74290 56670 1:0 74717
74290 56691 1:0 74717
74290 86954 1:0 74717
74290 99 1:0 74823
74290 95 1:0 74831
74290 97 1:0 74831
74290 86898 1:0 74969
74291 87074 1:0 74291
74298 56467 21:0 74301
74299 86976 1:0 74690
74299 86946 1:0 74717
74307 86945 1:0 74803
74308 87073 1:0 74308
74308 56470 21:0 74329
74310 86922 1:0 74814
74313 87067 1:0 74313
74328 87062 1:0 74328
74328 56475 21:0 74329
74335 56488 21:0 74364
74337 87058 1:0 74337
74337 87060 1:0 74337
74337 87061 1:0 74337
74338 86944 1:0 74810
74363 87054 1:0 74363
74370 56497 21:0 74373
74380 56499 21:0 74383
74390 87053 1:0 74390
74390 56502 21:0 74407
74395 87047 1:0 74395
74406 56506 21:0 74407
74418 56520 21:0 74423
74420 86926 1:0 74814
74420 56698 1:0 74823
74420 93 1:0 74823
74420 86929 1:0 74823
74420 56730 1:0 74831
74420 56725 1:0 74831
74420 56727 1:0 74831
74420 56716 1:0 74848
74420 86865 1:0 75093
74421 86943 1:0 74821
74421 86913 1:0 74848
74422 87041 1:0 74422
74429 56524 21:0 74432
74430 86921 1:0 74848
74430 56748 1:0 74848
74430 86911 1:0 74934
74430 86893 1:0 74945
74430 86862 1:0 74945
74436 86912 1:0 74942
74439 56527 21:0 74460
74457 86910 1:0 74952
74459 87029 1:0 74459
74459 56532 21:0 74460
74466 56545 21:0 74495
74468 87028 1:0 74468
74468 87027 1:0 74468
74469 81 1:0 74954
74469 86830 1:0 74954
74469 56787 1:0 74976
74469 56773 1:0 74976
74501 56554 21:0 74504
74511 56556 21:0 74514
74521 87020 1:0 74521
74521 56559 21:0 74538
74537 56563 21:0 74538
74549 56577 21:0 74554
74551 56862 1:0 74954
74551 56755 1:0 74961
74551 79 1:0 74963
74551 77 1:0 74969
74551 56784 1:0 74976
74551 86856 1:0 74979
74551 56782 1:0 74979
74551 56809 1:0 75082
74551 59 1:0 75091
74551 56830 1:0 75093
74551 56839 1:0 75093
74551 61 1:0 75093
74551 56841 1:0 75093
74551 56844 1:0 75110
74552 86880 1:0 74979
74552 86878 1:0 75065
74560 56581 21:0 74563
74561 86879 1:0 75073
74561 86855 1:0 75076
74561 86864 1:0 75076
74561 86810 1:0 75085
74561 56812 1:0 75092
74567 86877 1:0 75083
74570 87007 1:0 74570
74570 56584 21:0 74591
74575 87001 1:0 74575
74588 86847 1:0 75110
74590 56589 21:0 74591
74597 56602 21:0 74626
74599 86994 1:0 74599
74599 86992 1:0 74599
74600 86789 1:0 75110
74600 39 1:0 75216
74600 41 1:0 75222
74600 43 1:0 75222
74600 86832 1:0 75224
74600 56896 1:0 75224
74600 56898 1:0 75224
74600 86799 1:0 75352
74632 56611 21:0 74635
74642 56613 21:0 74645
74652 86987 1:0 74652
74652 56616 21:0 74669
74668 56620 21:0 74669
74680 56634 21:0 74685
74682 86845 1:0 75196
74683 86846 1:0 75204
74683 86790 1:0 75207
74683 86796 1:0 75207
74683 86794 1:0 75216
74691 56638 21:0 74694
74692 86844 1:0 75214
74692 56919 1:0 75216
74695 86814 1:0 75241
74698 56869 1:0 75223
74698 56887 1:0 75224
74698 56901 1:0 75241
74698 86797 1:0 75241
74698 86803 1:0 75338
74698 27 1:0 75347
74701 86974 1:0 74701
74701 56641 21:0 74722
74719 86812 1:0 75327
74721 86963 1:0 74721
74721 56646 21:0 74722
74728 56659 21:0 74757
74730 86961 1:0 74730
74730 86962 1:0 74730
74731 86798 1:0 75338
74731 56923 1:0 75344
74756 86955 1:0 74756
74763 56668 21:0 74766
74773 56670 21:0 74776
74783 56673 21:0 74800
74788 86948 1:0 74788
74799 56677 21:0 74800
74811 56691 21:0 74816
74813 86813 1:0 75335
74814 86811 1:0 75345
74814 86809 1:0 75347
74814 23 1:0 75352
74814 56955 1:0 75352
74814 25 1:0 75352
74814 56953 1:0 75356
74814 56958 1:0 75356
74814 56944 1:0 75375
74814 86783 1:0 75375
74814 56976 1:0 75375
74814 57001 1:0 75481
74822 56695 21:0 74825
74823 86781 1:0 75375
74823 86780 1:0 75458
74831 86779 1:0 75465
74832 56698 21:0 74853
74834 86777 1:0 75469
74849 354 1:0 75469
74850 56980 1:0 75475
74850 86770 1:0 75478
74852 86930 1:0 74852
74852 56703 21:0 74853
74859 56716 21:0 74888
74862 56983 1:0 75481
74862 86766 1:0 75494
74862 7 1:0 75501
74862 57010 1:0 75506
74862 5 1:0 75552
74862 57012 1:0 75557
74862 3 1:0 75560
74862 57015 1:0 75567
74894 56725 21:0 74897
74904 56727 21:0 74907
74914 56730 21:0 74931
74930 56734 21:0 74931
74942 56748 21:0 74947
74944 86778 1:0 75476
74945 86765 1:0 75481
74945 86764 1:0 75481
74945 86776 1:0 75486
74945 86763 1:0 75506
74945 86761 1:0 75506
74945 86757 1:0 75541
74945 353 1:0 75560
74953 56752 21:0 74956
74954 86756 1:0 75568
74963 86908 1:0 74963
74963 56755 21:0 74984
74968 86902 1:0 74968
74983 86897 1:0 74983
74983 56760 21:0 74984
74990 56773 21:0 75019
74992 86895 1:0 74992
74992 86896 1:0 74992
75018 86889 1:0 75018
75025 56782 21:0 75028
75035 56784 21:0 75038
75045 86888 1:0 75045
75045 56787 21:0 75062
75050 86882 1:0 75050
75061 56791 21:0 75062
75073 56805 21:0 75078
75077 86876 1:0 75077
75084 56809 21:0 75087
75094 56812 21:0 75115
75099 86869 1:0 75099
75114 56817 21:0 75115
75121 56830 21:0 75150
75123 86860 1:0 75123
75156 56839 21:0 75159
75166 56841 21:0 75169
75176 56844 21:0 75193
75181 86849 1:0 75181
75192 56848 21:0 75193
75204 56862 21:0 75209
75215 56866 21:0 75218
75225 56869 21:0 75246
75245 56874 21:0 75246
75252 56887 21:0 75281
75280 86823 1:0 75280
75287 56896 21:0 75290
75297 56898 21:0 75300
75307 56901 21:0 75324
75312 86816 1:0 75312
75323 56905 21:0 75324
75335 56919 21:0 75340
75346 56923 21:0 75349
75356 56926 21:0 75377
75376 56931 21:0 75377
75383 56944 21:0 75412
75418 56953 21:0 75421
75428 56955 21:0 75431
75438 56958 21:0 75455
75454 56962 21:0 75455
75466 56976 21:0 75471
75477 56980 21:0 75480
75487 56983 21:0 75508
75507 56988 21:0 75508
75514 57001 21:0 75543
75549 57010 21:0 75552
75559 57012 21:0 75562
75569 57015 21:0 75586
75585 57019 21:0 75586
75595 88406 21:0 75596
75596 88407 21:0 75607
75606 3 21:0 75607
75606 17 21:0 75607
75607 88408 21:0 75635
75634 353 21:0 75640
75639 88417 21:0 75640
75639 5 21:0 75640
75639 7 21:0 75640
75647 88426 21:0 75648
75648 88427 21:0 75651
75650 88416 21:0 75651
75650 88412 21:0 75651
75650 19 21:0 75651
75653 88429 21:0 75661
75660 88430 21:0 75711
75710 88431 21:0 75727
75726 88432 21:0 75732
75731 88462 21:0 75751
75750 88464 21:0 75803
75802 88463 21:0 75808
75807 88465 21:0 75813
75808 88494 21:0 75808
75812 88495 21:0 75868
75824 88506 21:0 75824
75835 88507 21:0 75835
75863 88513 21:0 75863
75863 88511 21:0 75863
75863 88514 21:0 75863
75867 88497 21:0 75884
75870 88500 21:0 75870
75876 88526 21:0 75876
75883 88496 21:0 75889
75884 88527 21:0 75884
75888 88498 21:0 75939
75900 88539 21:0 75900
75911 88540 21:0 75911
75938 88528 21:0 75955
75939 88547 21:0 75939
75939 88544 21:0 75939
75944 88548 21:0 75944
75946 88533 21:0 75946
75952 88559 21:0 75952
75954 88529 21:0 75960
75959 88530 21:0 75979
75960 88560 21:0 75960
75967 88553 21:0 75967
75976 88572 21:0 75976
75978 88531 21:0 76031
75987 88573 21:0 75987
76015 88580 21:0 76015
76020 88581 21:0 76020
76022 88566 21:0 76022
76030 88561 21:0 76036
76035 88563 21:0 76041
76036 88593 21:0 76036
76040 88562 21:0 76096
76063 88606 21:0 76063
76091 88612 21:0 76091
76091 88613 21:0 76091
76095 88564 21:0 76112
76096 88614 21:0 76096
76098 88599 21:0 76098
76104 88625 21:0 76104
76111 88594 21:0 76117
76112 88626 21:0 76112
76116 88595 21:0 76167
76119 88619 21:0 76119
76128 88638 21:0 76128
76139 88639 21:0 76139
76166 88596 21:0 76183
76167 88646 21:0 76167
76167 88645 21:0 76167
76180 88658 21:0 76180
76182 88597 21:0 76188
76187 88627 21:0 76207
76188 88659 21:0 76188
76195 88652 21:0 76195
76204 88671 21:0 76204
76206 88628 21:0 76259
76215 88672 21:0 76215
76243 88676 21:0 76243
76243 88679 21:0 76243
76250 88665 21:0 76250
76256 88691 21:0 76256
76258 88629 21:0 76264
76263 88630 21:0 76269
76264 88692 21:0 76264
76268 88660 21:0 76319
76271 88685 21:0 76271
76280 88704 21:0 76280
76291 88705 21:0 76291
76318 88662 21:0 76335
76319 88712 21:0 76319
76319 88711 21:0 76319
76319 88709 21:0 76319
76324 88713 21:0 76324
76332 88724 21:0 76332
76334 88661 21:0 76345
76344 88663 21:0 76395
76347 88718 21:0 76347
76356 88737 21:0 76356
76367 88738 21:0 76367
76394 88693 21:0 76411
76395 88744 21:0 76395
76395 88742 21:0 76395
76396 199 1:0 76406
76396 191 1:0 76407
76402 88731 21:0 76402
76408 88757 21:0 76408
76410 195 1:0 76412
76410 88695 21:0 76416
76415 193 1:0 76417
76415 88694 21:0 76435
76420 201 1:0 76431
76430 215 1:0 76430
76432 88770 21:0 76432
76434 203 1:0 76435
76434 88696 21:0 76487
76438 205 1:0 76439
76443 88771 21:0 76443
76470 207 1:0 76472
76471 88775 21:0 76471
76471 88777 21:0 76471
76475 209 1:0 76483
76476 88779 21:0 76476
76478 88764 21:0 76478
76482 217 1:0 76482
76484 88790 21:0 76484
76486 213 1:0 76488
76486 88726 21:0 76492
76491 211 1:0 76493
76491 88727 21:0 76497
76492 88791 21:0 76492
76496 219 1:0 76507
76496 88728 21:0 76547
76499 88784 21:0 76499
76506 233 1:0 76506
76508 88803 21:0 76508
76510 221 1:0 76511
76514 223 1:0 76515
76519 88804 21:0 76519
76546 225 1:0 76548
76546 88729 21:0 76563
76547 88808 21:0 76547
76547 88811 21:0 76547
76551 227 1:0 76559
76554 88797 21:0 76554
76558 235 1:0 76558
76560 88823 21:0 76560
76562 231 1:0 76564
76562 88759 21:0 76573
76567 229 1:0 76569
76568 88824 21:0 76568
76572 237 1:0 76583
76572 88760 21:0 76618
76575 88817 21:0 76575
76582 251 1:0 76582
76586 239 1:0 76587
76590 241 1:0 76591
76595 88837 21:0 76595
76617 88761 21:0 76639
76622 243 1:0 76624
76623 88844 21:0 76623
76623 88843 21:0 76623
76623 88841 21:0 76623
76627 245 1:0 76635
76628 88845 21:0 76628
76630 88830 21:0 76630
76634 253 1:0 76634
76636 88856 21:0 76636
76638 249 1:0 76640
76638 88762 21:0 76644
76643 247 1:0 76645
76643 88792 21:0 76649
76644 88857 21:0 76644
76648 255 1:0 76659
76648 88794 21:0 76715
76651 88850 21:0 76651
76658 269 1:0 76658
76660 88869 21:0 76660
76662 257 1:0 76663
76666 259 1:0 76667
76671 88870 21:0 76671
76698 261 1:0 76700
76699 88877 21:0 76699
76699 88874 21:0 76699
76699 88876 21:0 76699
76703 263 1:0 76711
76704 88878 21:0 76704
76706 88863 21:0 76706
76710 271 1:0 76710
76712 88889 21:0 76712
76714 267 1:0 76716
76714 88793 21:0 76720
76719 265 1:0 76721
76719 88795 21:0 76725
76720 88890 21:0 76720
76724 88414 21:0 76725
76724 273 1:0 76735
76724 88415 21:0 76739
76725 88894 21:0 76725
76734 287 1:0 76734
76738 275 1:0 76739
76738 354 21:0 76775
76742 277 1:0 76743
76774 279 1:0 76776
76774 88825 21:0 76791
76779 281 1:0 76787
76786 289 1:0 76786
76790 285 1:0 76792
76790 88827 21:0 76796
76793 88924 21:0 76793
76795 283 1:0 76797
76795 88826 21:0 76815
76798 88925 21:0 76798
76798 88926 21:0 76798
76800 291 1:0 76811
76801 88927 21:0 76801
76810 305 1:0 76810
76814 293 1:0 76815
76814 88828 21:0 76867
76818 295 1:0 76819
76850 297 1:0 76852
76855 299 1:0 76863
76862 307 1:0 76862
76866 303 1:0 76868
76866 88858 21:0 76872
76869 88957 21:0 76869
76871 301 1:0 76873
76871 88860 21:0 76877
76874 88958 21:0 76874
76874 88959 21:0 76874
76876 309 1:0 76887
76876 88859 21:0 76927
76877 88960 21:0 76877
76886 323 1:0 76886
76890 311 1:0 76891
76894 313 1:0 76895
76926 315 1:0 76928
76926 88421 21:0 76932
76931 317 1:0 76939
76931 88428 21:0 76943
76938 325 1:0 76938
76942 88449 21:0 76943
76942 88454 21:0 76943
76942 321 1:0 76944
76942 88447 21:0 76948
76945 88990 21:0 76945
76947 88448 21:0 76948
76947 88434 21:0 76948
76947 319 1:0 76949
76947 88441 21:0 76953
76952 88445 21:0 76953
76952 88460 21:0 76953
76952 329 1:0 76964
76952 88440 21:0 76968
76961 327 1:0 76961
76967 88912 21:0 76968
76967 88780 21:0 76968
76967 221 21:0 76968
76967 133 21:0 76968
76967 205 21:0 76968
76967 55381 1:0 76970
76967 88681 21:0 76973
76972 88901 21:0 76973
76972 125 21:0 76973
76972 88637 21:0 76973
76972 88723 21:0 76973
76972 88459 21:0 76973
76972 88855 21:0 76973
76972 88802 21:0 76973
76972 88822 21:0 76973
76972 88538 21:0 76973
76972 88549 21:0 76973
76973 89003 21:0 76983
76982 55991 1:0 76984
76982 88461 21:0 77006
76989 55995 1:0 76989
77005 88478 21:0 77006
77005 88474 21:0 77006
77005 88493 21:0 77009
77008 88487 21:0 77009
77008 88480 21:0 77009
77008 56007 1:0 77010
77008 88467 21:0 77017
77016 88482 21:0 77017
77016 88481 21:0 77017
77016 88473 21:0 77020
77019 56011 1:0 77021
77019 88861 21:0 77026
77023 88990 1:0 77023
77025 88891 21:0 77029
77028 56014 1:0 77031
77028 88893 21:0 77111
77036 56019 1:0 77036
77056 56032 1:0 77058
77091 56041 1:0 77093
77100 56043 1:0 77103
77110 56046 1:0 77113
77110 88892 21:0 77140
77118 56050 1:0 77118
77136 88960 1:0 77136
77139 56043 21:0 77140
77139 56014 21:0 77140
77139 56046 21:0 77140
77139 56041 21:0 77140
77139 56032 21:0 77140
77139 56011 21:0 77140
77139 319 21:0 77140
77139 56007 21:0 77140
77139 56064 1:0 77141
77139 55991 21:0 77143
77142 89005 21:0 77143
77142 88492 21:0 77143
77142 88439 21:0 77143
77142 88558 21:0 77143
77142 88571 21:0 77143
77142 88769 21:0 77143
77143 88958 1:0 77143
77143 56064 21:0 77148
77144 88959 1:0 77144
77147 321 21:0 77148
77147 317 21:0 77148
77147 301 21:0 77148
77147 88751 21:0 77149
77148 88586 21:0 77151
77150 309 21:0 77151
77150 88812 21:0 77151
77150 95 21:0 77151
77150 101 21:0 77151
77150 311 21:0 77151
77150 313 21:0 77151
77150 329 21:0 77151
77150 315 21:0 77151
77150 88747 21:0 77151
77150 55381 21:0 77151
77150 56068 1:0 77152
77150 88582 21:0 77154
77153 88703 21:0 77154
77153 56050 21:0 77154
77153 56019 21:0 77154
77153 88657 21:0 77154
77153 88736 21:0 77154
77153 88604 21:0 77154
77153 88835 21:0 77154
77153 88472 21:0 77154
77153 88670 21:0 77154
77153 88690 21:0 77154
77153 88868 21:0 77154
77153 88591 21:0 77154
77153 88921 21:0 77154
77153 88756 21:0 77154
77153 88505 21:0 77154
77153 88525 21:0 77154
77154 88957 1:0 77154
77154 56068 21:0 77157
77156 88746 21:0 77157
77156 303 21:0 77157
77156 88647 21:0 77160
77159 97 21:0 77160
77159 88515 21:0 77160
77159 88758 21:0 77160
77159 77 21:0 77160
77159 113 21:0 77160
77159 151 21:0 77160
77159 193 21:0 77160
77159 259 21:0 77160
77159 61 21:0 77160
77159 149 21:0 77160
77159 115 21:0 77160
77159 23 21:0 77160
77159 239 21:0 77160
77159 56071 1:0 77162
77159 223 21:0 77164
77163 269 21:0 77164
77163 109 21:0 77164
77163 89 21:0 77164
77163 91 21:0 77164
77163 235 21:0 77164
77163 161 21:0 77164
77163 127 21:0 77164
77163 253 21:0 77164
77163 53 21:0 77164
77163 217 21:0 77164
77163 37 21:0 77164
77163 88954 21:0 77164
77163 143 21:0 77164
77163 107 21:0 77164
77163 55 21:0 77164
77163 197 21:0 77164
77163 71 21:0 77164
77163 233 21:0 77164
77163 289 21:0 77164
77163 73 21:0 77164
77163 163 21:0 77164
77163 215 21:0 77164
77163 145 21:0 77164
77163 35 21:0 77164
77163 271 21:0 77164
77163 181 21:0 77164
77163 199 21:0 77164
77163 88934 21:0 77164
77163 287 21:0 77164
77163 179 21:0 77164
77163 305 21:0 77164
77163 251 21:0 77164
77163 323 21:0 77164
77163 325 21:0 77164
77163 327 21:0 77164
77163 88624 21:0 77164
77163 88789 21:0 77164
77163 55995 21:0 77164
77163 88888 21:0 77164
77164 56071 21:0 77185
77167 56076 1:0 77167
77169 88954 1:0 77169
77184 299 21:0 77188
77187 56089 1:0 77189
77187 88605 21:0 77223
77222 56098 1:0 77224
77222 88592 21:0 77239
77231 56100 1:0 77234
77238 88725 21:0 77247
77241 56103 1:0 77244
77246 305 1:0 77246
77246 88579 21:0 77268
77249 56107 1:0 77249
77251 88934 1:0 77251
77267 88927 1:0 77267
77267 88680 21:0 77268
77267 88810 21:0 77268
77267 88610 21:0 77271
77270 88813 21:0 77271
77270 56100 21:0 77271
77270 88698 21:0 77271
77270 88678 21:0 77271
77270 88714 21:0 77271
77270 56121 1:0 77272
77270 88846 21:0 77274
77273 307 21:0 77274
77273 305 21:0 77274
77273 56076 21:0 77274
77273 56107 21:0 77274
77274 88925 1:0 77274
77274 56121 21:0 77279
77275 88926 1:0 77275
77278 283 21:0 77279
77278 88836 21:0 77279
77278 88778 21:0 77282
77281 56098 21:0 77282
77281 88520 21:0 77282
77281 88577 21:0 77282
77281 295 21:0 77282
77281 297 21:0 77282
77281 56089 21:0 77282
77281 56103 21:0 77282
77281 123 21:0 77282
77281 56125 1:0 77283
77281 88615 21:0 77285
77285 88924 1:0 77285
77285 56125 21:0 77288
77286 88921 1:0 77292
77286 289 1:0 77292
77286 56128 1:0 77293
77286 56160 1:0 77294
77286 56157 1:0 77294
77286 56155 1:0 77294
77286 88912 1:0 77294
77286 56133 1:0 77294
77286 287 1:0 77311
77286 88901 1:0 77311
77286 56164 1:0 77311
77286 56146 1:0 77311
77286 88892 1:0 77397
77286 56178 1:0 77403
77286 259 1:0 77422
77286 56212 1:0 77422
77286 56214 1:0 77426
77286 271 1:0 77426
77286 56190 1:0 77426
77286 88888 1:0 77426
77286 269 1:0 77445
77286 88868 1:0 77445
77286 56221 1:0 77445
77286 56247 1:0 77557
77286 253 1:0 77557
77286 88855 1:0 77557
77286 251 1:0 77574
77286 56278 1:0 77574
77286 88835 1:0 77576
77286 56304 1:0 77688
77286 88822 1:0 77688
77286 235 1:0 77688
77286 56335 1:0 77705
77286 233 1:0 77705
77286 88802 1:0 77707
77286 56361 1:0 77819
77286 217 1:0 77819
77286 88789 1:0 77819
77286 215 1:0 77836
77286 56392 1:0 77836
77286 88769 1:0 77838
77286 88756 1:0 77950
77286 199 1:0 77950
77286 56418 1:0 77950
77286 197 1:0 77967
77286 88736 1:0 77969
77286 56449 1:0 77969
77286 181 1:0 78081
77286 56475 1:0 78081
77286 88723 1:0 78081
77286 88703 1:0 78100
77286 179 1:0 78100
77286 56506 1:0 78100
77286 163 1:0 78212
77286 56532 1:0 78212
77286 88690 1:0 78212
77286 161 1:0 78229
77286 56563 1:0 78231
77286 88670 1:0 78231
77286 145 1:0 78343
77286 56589 1:0 78343
77286 88657 1:0 78343
77286 56620 1:0 78360
77286 143 1:0 78360
77286 88637 1:0 78362
77286 127 1:0 78474
77286 88624 1:0 78474
77286 56646 1:0 78474
77286 56677 1:0 78493
77286 125 1:0 78493
77286 88604 1:0 78493
77286 109 1:0 78605
77286 88591 1:0 78605
77286 56703 1:0 78605
77287 88745 21:0 77288
77287 285 21:0 77288
77287 88643 21:0 77291
77289 88893 1:0 77405
77290 241 21:0 77291
77290 43 21:0 77291
77290 88483 21:0 77291
77290 59 21:0 77291
77290 88632 21:0 77291
77290 88546 21:0 77291
77290 169 21:0 77291
77290 203 21:0 77291
77290 185 21:0 77291
77290 291 21:0 77291
77290 257 21:0 77291
77290 79 21:0 77291
77290 25 21:0 77291
77290 167 21:0 77291
77290 131 21:0 77291
77290 187 21:0 77291
77290 293 21:0 77291
77290 57 21:0 77291
77290 27 21:0 77291
77292 88632 1:0 77408
77292 56182 1:0 77414
77292 88891 1:0 77415
77292 88546 1:0 77417
77292 257 1:0 77422
77292 56217 1:0 77422
77292 56203 1:0 77445
77292 241 1:0 77548
77294 56185 1:0 77424
77295 56128 21:0 77316
77297 107 1:0 78622
77297 56734 1:0 78624
77297 91 1:0 78732
77297 56760 1:0 78732
77313 88861 1:0 77445
77314 88846 1:0 77553
77314 88571 1:0 78624
77315 281 21:0 77319
77318 56133 21:0 77319
77318 289 21:0 77319
77318 155 21:0 77319
77318 171 21:0 77319
77322 56146 21:0 77351
77325 88643 1:0 77445
77350 279 21:0 77354
77353 75 21:0 77354
77357 56155 21:0 77360
77359 277 21:0 77360
77359 21 21:0 77363
77362 207 21:0 77363
77366 88859 1:0 77528
77367 56157 21:0 77370
77369 177 21:0 77370
77369 255 21:0 77370
77369 275 21:0 77370
77369 9 21:0 77373
77371 255 1:0 77417
77372 243 21:0 77373
77372 51 21:0 77373
77377 56160 21:0 77394
77393 273 21:0 77399
77398 88894 1:0 77398
77398 153 21:0 77399
77398 135 21:0 77399
77398 261 21:0 77399
77398 189 21:0 77399
77398 56164 21:0 77399
77398 287 21:0 77399
77398 229 21:0 77399
77398 227 21:0 77399
77398 45 21:0 77399
77398 237 21:0 77399
77398 137 21:0 77399
77398 201 21:0 77399
77400 137 1:0 77408
77400 261 1:0 77417
77400 229 1:0 77539
77400 237 1:0 77548
77405 56178 21:0 77410
77407 88860 1:0 77536
77408 56235 1:0 77534
77408 88745 1:0 77539
77408 56239 1:0 77545
77408 88858 1:0 77546
77408 88577 1:0 77548
77408 243 1:0 77553
77408 56260 1:0 77553
77408 56269 1:0 77553
77408 239 1:0 77553
77408 56271 1:0 77557
77408 56274 1:0 77576
77408 221 1:0 77684
77409 88890 1:0 77409
77409 265 21:0 77410
77416 56182 21:0 77419
77417 56242 1:0 77555
77417 88828 1:0 77576
77417 88836 1:0 77576
77418 267 21:0 77419
77423 88826 1:0 77659
77426 88889 1:0 77426
77426 56185 21:0 77447
77428 88827 1:0 77667
77434 88558 1:0 78732
77435 88538 1:0 78754
77443 56292 1:0 77665
77443 227 1:0 77670
77444 88520 1:0 77670
77444 56296 1:0 77676
77444 56299 1:0 77686
77445 56791 1:0 78754
77445 89 1:0 78754
77446 88878 1:0 77446
77446 263 21:0 77450
77449 271 21:0 77450
77449 56190 21:0 77450
77453 56203 21:0 77482
77455 88877 1:0 77455
77455 88874 1:0 77455
77455 88876 1:0 77455
77456 88810 1:0 77679
77456 88813 1:0 77684
77456 56326 1:0 77684
77456 223 1:0 77684
77456 56317 1:0 77688
77456 56328 1:0 77688
77456 56331 1:0 77707
77456 207 1:0 77810
77456 201 1:0 77810
77456 205 1:0 77815
77456 73 1:0 78863
77456 56817 1:0 78863
77481 88870 1:0 77481
77481 261 21:0 77485
77488 56212 21:0 77491
77490 259 21:0 77491
77498 56214 21:0 77501
77500 257 21:0 77501
77508 88869 1:0 77508
77508 56217 21:0 77525
77513 88863 1:0 77513
77524 255 21:0 77530
77529 269 21:0 77530
77529 56221 21:0 77530
77536 56235 21:0 77541
77538 88825 1:0 77677
77539 88795 1:0 77707
77539 88812 1:0 77707
77539 56349 1:0 77796
77539 193 1:0 77801
77539 88778 1:0 77801
77539 56353 1:0 77807
77540 88857 1:0 77540
77540 247 21:0 77541
77547 56239 21:0 77550
77548 88793 1:0 77790
77548 88794 1:0 77798
77549 249 21:0 77550
77554 88792 1:0 77808
77556 56356 1:0 77817
77557 88856 1:0 77557
77557 56242 21:0 77578
77559 88698 1:0 77810
77562 88850 1:0 77562
77565 88525 1:0 78863
77566 88505 1:0 78885
77574 88780 1:0 77815
77574 56383 1:0 77815
77574 56388 1:0 77815
77574 203 1:0 77815
77574 56385 1:0 77819
77574 56374 1:0 77838
77574 189 1:0 77941
77574 88747 1:0 77946
77574 185 1:0 77946
77574 56442 1:0 77946
77574 187 1:0 77946
77574 56440 1:0 77950
77574 88714 1:0 78077
77574 56848 1:0 78885
77574 71 1:0 78885
77574 56874 1:0 78998
77574 55 1:0 78998
77574 88492 1:0 78998
77574 53 1:0 79015
77574 56905 1:0 79015
77574 88472 1:0 79017
77574 56931 1:0 79129
77574 88459 1:0 79129
77574 37 1:0 79129
77574 35 1:0 79146
77574 56962 1:0 79146
77574 88439 1:0 79146
77574 56988 1:0 79254
77574 19 1:0 79254
77574 88426 1:0 79265
77577 88845 1:0 77577
77577 245 21:0 77581
77580 253 21:0 77581
77580 56247 21:0 77581
77584 56260 21:0 77613
77586 88844 1:0 77586
77586 88843 1:0 77586
77586 88841 1:0 77586
77587 88762 1:0 77838
77612 88837 1:0 77612
77612 243 21:0 77616
77619 56269 21:0 77622
77621 241 21:0 77622
77629 56271 21:0 77632
77631 239 21:0 77632
77639 56274 21:0 77656
77644 88830 1:0 77644
77655 237 21:0 77661
77660 56278 21:0 77661
77660 251 21:0 77661
77667 56292 21:0 77672
77669 88678 1:0 77838
77669 56406 1:0 77927
77669 88758 1:0 77932
77669 51 1:0 77932
77669 56410 1:0 77938
77670 88761 1:0 77921
77670 88760 1:0 77928
77671 88824 1:0 77671
77671 229 21:0 77672
77678 56296 21:0 77681
77679 88759 1:0 77939
77679 88746 1:0 77941
77680 231 21:0 77681
77682 88729 1:0 77969
77685 56445 1:0 77946
77685 56413 1:0 77948
77685 88751 1:0 77954
77685 56431 1:0 77969
77685 56463 1:0 78058
77685 171 1:0 78072
77685 56499 1:0 78077
77685 167 1:0 78077
77685 169 1:0 78077
77685 56497 1:0 78081
77687 88725 1:0 78063
77688 88823 1:0 77688
77688 56299 21:0 77709
77693 88817 1:0 77693
77706 88728 1:0 78052
77708 227 21:0 77712
77711 235 21:0 77712
77711 56304 21:0 77712
77715 56317 21:0 77744
77717 88808 1:0 77717
77717 88811 1:0 77717
77718 177 1:0 78063
77718 88610 1:0 78072
77718 56502 1:0 78081
77743 88804 1:0 77743
77743 225 21:0 77747
77750 56326 21:0 77753
77752 223 21:0 77753
77760 56328 21:0 77763
77762 221 21:0 77763
77770 88803 1:0 77770
77770 56331 21:0 77787
77775 88797 1:0 77775
77786 219 21:0 77792
77791 233 21:0 77792
77791 56335 21:0 77792
77798 56349 21:0 77803
77800 88727 1:0 78059
77801 56467 1:0 78069
77801 88726 1:0 78070
77801 56470 1:0 78079
77801 88680 1:0 78100
77801 56488 1:0 78100
77801 88579 1:0 78194
77801 56554 1:0 78208
77802 88791 1:0 77802
77802 211 21:0 77803
77809 56353 21:0 77812
77810 88696 1:0 78100
77810 88694 1:0 78183
77811 213 21:0 77812
77816 88695 1:0 78191
77818 155 1:0 78194
77819 88790 1:0 77819
77819 56356 21:0 77840
77821 56520 1:0 78189
77821 56524 1:0 78200
77824 88784 1:0 77824
77836 88592 1:0 78203
77839 88779 1:0 77839
77839 209 21:0 77843
77842 217 21:0 77843
77842 56361 21:0 77843
77846 56374 21:0 77875
77848 88775 1:0 77848
77848 88777 1:0 77848
77849 88693 1:0 78201
77874 88771 1:0 77874
77874 207 21:0 77878
77881 56383 21:0 77884
77883 205 21:0 77884
77891 56385 21:0 77894
77893 203 21:0 77894
77901 88770 1:0 77901
77901 56388 21:0 77918
77906 88764 1:0 77906
77917 201 21:0 77923
77922 56392 21:0 77923
77922 215 21:0 77923
77929 56406 21:0 77934
77931 153 1:0 78203
77931 151 1:0 78208
77931 149 1:0 78208
77931 88681 1:0 78208
77931 56527 1:0 78210
77931 56556 1:0 78212
77931 56545 1:0 78212
77931 88605 1:0 78231
77931 56559 1:0 78231
77931 56577 1:0 78320
77931 88515 1:0 78325
77931 88615 1:0 78470
77931 88582 1:0 78601
77931 88549 1:0 78732
77932 88663 1:0 78231
77932 88661 1:0 78314
77933 193 21:0 77934
77940 56410 21:0 77943
77941 88662 1:0 78322
77941 123 1:0 78325
77941 135 1:0 78334
77941 56613 1:0 78339
77941 131 1:0 78339
77941 133 1:0 78339
77941 56616 1:0 78339
77941 56611 1:0 78343
77941 56602 1:0 78362
77942 195 21:0 77943
77944 88660 1:0 78332
77947 56581 1:0 78331
77947 88647 1:0 78334
77947 17 1:0 79342
77947 57019 1:0 79345
77950 88757 1:0 77950
77950 56413 21:0 77971
77967 88630 1:0 78362
77968 56584 1:0 78341
77968 88586 1:0 78362
77968 56919 1:0 78456
77970 191 21:0 77974
77973 56418 21:0 77974
77977 56431 21:0 78006
77979 88744 1:0 77979
77979 88742 1:0 77979
77980 56634 1:0 78451
77980 101 1:0 78456
77980 115 1:0 78470
77980 56670 1:0 78470
77980 113 1:0 78470
77980 56668 1:0 78474
77980 56659 1:0 78474
77980 56725 1:0 78601
77980 97 1:0 78601
77980 88406 1:0 79347
78005 88738 1:0 78005
78012 56440 21:0 78015
78022 56442 21:0 78025
78032 88737 1:0 78032
78032 56445 21:0 78049
78037 88731 1:0 78037
78048 56449 21:0 78049
78060 56463 21:0 78065
78062 88629 1:0 78445
78063 88628 1:0 78452
78063 56641 1:0 78456
78063 56638 1:0 78462
78063 56695 1:0 78465
78063 56862 1:0 78465
78063 56805 1:0 78493
78063 56923 1:0 78493
78071 56467 21:0 78074
78072 88627 1:0 78463
78072 88597 1:0 78493
78075 56691 1:0 78493
78078 56673 1:0 78493
78078 95 1:0 78601
78078 56727 1:0 78605
78078 56716 1:0 78605
78081 88724 1:0 78081
78081 56470 21:0 78102
78083 88596 1:0 78576
78086 88718 1:0 78086
78101 88713 1:0 78101
78101 56475 21:0 78102
78108 56488 21:0 78137
78110 88712 1:0 78110
78110 88711 1:0 78110
78110 88709 1:0 78110
78111 88595 1:0 78583
78136 88705 1:0 78136
78143 56497 21:0 78146
78153 56499 21:0 78156
78163 88704 1:0 78163
78163 56502 21:0 78180
78179 56506 21:0 78180
78191 56520 21:0 78196
78193 88482 1:0 78587
78193 88473 1:0 78587
78193 56748 1:0 78596
78193 88481 1:0 78596
78193 56698 1:0 78603
78194 88594 1:0 78594
78194 88467 1:0 78624
78194 56730 1:0 78624
78194 88480 1:0 78718
78194 75 1:0 78727
78194 77 1:0 78732
78194 79 1:0 78732
78195 88692 1:0 78195
78202 56524 21:0 78205
78203 88564 1:0 78624
78203 88562 1:0 78707
78209 88563 1:0 78715
78211 56752 1:0 78724
78212 88691 1:0 78212
78212 56527 21:0 78233
78214 88487 1:0 78718
78217 88685 1:0 78217
78232 56532 21:0 78233
78239 56545 21:0 78268
78241 88676 1:0 78241
78241 88679 1:0 78241
78242 88561 1:0 78725
78267 88672 1:0 78267
78274 56554 21:0 78277
78284 56556 21:0 78287
78294 88671 1:0 78294
78294 56559 21:0 78311
78299 88665 1:0 78299
78310 56563 21:0 78311
78322 56577 21:0 78327
78324 88493 1:0 78727
78324 56782 1:0 78732
78324 56787 1:0 78732
78324 56755 1:0 78734
78324 56773 1:0 78750
78324 88474 1:0 78754
78324 56784 1:0 78754
78324 57 1:0 78858
78324 59 1:0 78863
78324 61 1:0 78863
78325 88531 1:0 78754
78325 88530 1:0 78838
78326 88659 1:0 78326
78333 56581 21:0 78336
78334 88529 1:0 78845
78334 88478 1:0 78849
78334 88461 1:0 78849
78334 56809 1:0 78855
78334 88440 1:0 78858
78340 88528 1:0 78856
78343 88658 1:0 78343
78343 56584 21:0 78364
78348 88652 1:0 78348
78361 88498 1:0 78885
78363 56589 21:0 78364
78370 56602 21:0 78399
78372 88646 1:0 78372
78372 88645 1:0 78372
78373 56830 1:0 78863
78373 56839 1:0 78863
78373 56812 1:0 78865
78373 56844 1:0 78881
78373 56841 1:0 78885
78373 56866 1:0 78986
78373 43 1:0 78994
78398 88639 1:0 78398
78405 56611 21:0 78408
78415 56613 21:0 78418
78425 88638 1:0 78425
78425 56616 21:0 78442
78441 56620 21:0 78442
78453 56634 21:0 78458
78455 88445 1:0 78885
78455 88460 1:0 78980
78455 88441 1:0 78980
78456 88496 1:0 78969
78456 88497 1:0 78977
78457 88626 1:0 78457
78464 56638 21:0 78467
78465 88495 1:0 78987
78465 88448 1:0 78989
78465 45 1:0 78994
78465 56896 1:0 78994
78465 88483 1:0 78994
78465 56869 1:0 78996
78465 56887 1:0 78998
78465 56898 1:0 78998
78465 88434 1:0 79017
78465 56901 1:0 79017
78465 27 1:0 79120
78465 21 1:0 79120
78465 56955 1:0 79125
78465 25 1:0 79125
78465 23 1:0 79125
78465 56953 1:0 79129
78471 88465 1:0 79017
78474 88625 1:0 78474
78474 56641 21:0 78495
78479 88619 1:0 78479
78492 88463 1:0 79100
78494 88614 1:0 78494
78494 56646 21:0 78495
78501 56659 21:0 78530
78503 88612 1:0 78503
78503 88613 1:0 78503
78504 88447 1:0 79111
78504 56926 1:0 79120
78529 88606 1:0 78529
78536 56668 21:0 78539
78546 56670 21:0 78549
78556 56673 21:0 78573
78561 88599 1:0 78561
78572 56677 21:0 78573
78584 56691 21:0 78589
78586 88464 1:0 79108
78587 88449 1:0 79111
78587 88462 1:0 79118
78587 88454 1:0 79120
78587 56944 1:0 79129
78587 56976 1:0 79146
78587 56958 1:0 79146
78587 88417 1:0 79282
78587 7 1:0 79282
78587 57010 1:0 79320
78588 88593 1:0 78588
78595 56695 21:0 78598
78596 88432 1:0 79146
78596 88428 1:0 79146
78602 88431 1:0 79231
78605 56698 21:0 78626
78607 88430 1:0 79238
78622 88421 1:0 79242
78623 354 1:0 79242
78623 56980 1:0 79248
78625 88581 1:0 78625
78625 56703 21:0 78626
78632 56716 21:0 78661
78634 88580 1:0 78634
78635 88415 1:0 79251
78635 56983 1:0 79254
78660 88573 1:0 78660
78667 56725 21:0 78670
78677 56727 21:0 78680
78687 88572 1:0 78687
78687 56730 21:0 78704
78692 88566 1:0 78692
78703 56734 21:0 78704
78715 56748 21:0 78720
78717 88429 1:0 79249
78718 88412 1:0 79254
78718 88414 1:0 79254
78718 88427 1:0 79259
78718 88416 1:0 79279
78718 9 1:0 79281
78718 88408 1:0 79282
78718 57001 1:0 79282
78718 5 1:0 79325
78718 57012 1:0 79330
78718 3 1:0 79333
78718 88407 1:0 79333
78718 57015 1:0 79340
78719 88560 1:0 78719
78726 56752 21:0 78729
78727 191 1:0 80180
78727 355 1:0 79360
78736 88559 1:0 78736
78736 56755 21:0 78757
78741 88553 1:0 78741
78756 88548 1:0 78756
78756 56760 21:0 78757
78763 56773 21:0 78792
78765 88547 1:0 78765
78765 88544 1:0 78765
78791 88540 1:0 78791
78798 56782 21:0 78801
78808 56784 21:0 78811
78818 88539 1:0 78818
78818 56787 21:0 78835
78823 88533 1:0 78823
78834 56791 21:0 78835
78846 56805 21:0 78851
78850 88527 1:0 78850
78857 56809 21:0 78860
78867 88526 1:0 78867
78867 56812 21:0 78888
78887 56817 21:0 78888
78894 56830 21:0 78923
78896 88513 1:0 78896
78896 88511 1:0 78896
78896 88514 1:0 78896
78922 88507 1:0 78922
78929 56839 21:0 78932
78939 56841 21:0 78942
78949 88506 1:0 78949
78949 56844 21:0 78966
78954 88500 1:0 78954
78965 56848 21:0 78966
78977 56862 21:0 78982
78981 88494 1:0 78981
78988 56866 21:0 78991
78998 56869 21:0 79019
79018 56874 21:0 79019
79025 56887 21:0 79054
79060 56896 21:0 79063
79070 56898 21:0 79073
79080 56901 21:0 79096
79095 56905 21:0 79096
79108 56919 21:0 79113
79119 56923 21:0 79122
79129 56926 21:0 79150
79149 56931 21:0 79150
79156 56944 21:0 79185
79191 56953 21:0 79194
79201 56955 21:0 79204
79211 56958 21:0 79228
79227 56962 21:0 79228
79239 56976 21:0 79244
79250 56980 21:0 79253
79260 56983 21:0 79281
79280 56988 21:0 79281
79287 57001 21:0 79316
79322 57010 21:0 79325
79332 57012 21:0 79335
79342 57015 21:0 79359
79358 57019 21:0 79359
79368 90057 21:0 79369
79369 90058 21:0 79380
79379 17 21:0 79380
79379 3 21:0 79380
79380 90059 21:0 79408
79407 354 21:0 79413
79412 5 21:0 79413
79412 7 21:0 79413
79412 90068 21:0 79413
79415 355 21:0 79424
79423 19 21:0 79424
79423 90067 21:0 79424
79423 90077 21:0 79424
79423 90066 21:0 79424
79426 90080 21:0 79434
79433 90081 21:0 79484
79483 90082 21:0 79500
79499 90083 21:0 79505
79504 90113 21:0 79524
79523 90115 21:0 79576
79560 90131 21:0 79560
79573 90144 21:0 79573
79575 90114 21:0 79581
79580 90116 21:0 79586
79581 90145 21:0 79581
79585 90146 21:0 79636
79608 90158 21:0 79608
79635 90148 21:0 79657
79641 90166 21:0 79641
79649 90177 21:0 79649
79656 90147 21:0 79662
79657 90178 21:0 79657
79661 90149 21:0 79712
79711 90179 21:0 79728
79712 90197 21:0 79712
79712 90198 21:0 79712
79717 90199 21:0 79717
79719 90184 21:0 79719
79725 90210 21:0 79725
79727 90181 21:0 79733
79732 90180 21:0 79752
79740 90204 21:0 79740
79751 90182 21:0 79804
79760 90224 21:0 79760
79788 90228 21:0 79788
79793 90232 21:0 79793
79795 90217 21:0 79795
79801 90243 21:0 79801
79803 90212 21:0 79809
79808 90213 21:0 79814
79809 90244 21:0 79809
79813 90214 21:0 79869
79868 90215 21:0 79885
79871 90250 21:0 79871
79877 90276 21:0 79877
79884 90245 21:0 79890
79889 90246 21:0 79940
79901 90289 21:0 79901
79939 90247 21:0 79956
79940 90297 21:0 79940
79947 90283 21:0 79947
79955 90248 21:0 79961
79960 90278 21:0 79980
79961 90310 21:0 79961
79968 90303 21:0 79968
79977 90322 21:0 79977
79979 90280 21:0 80032
80016 90327 21:0 80016
80021 90331 21:0 80021
80029 90342 21:0 80029
80031 90279 21:0 80037
80036 90281 21:0 80042
80037 90343 21:0 80037
80041 90311 21:0 80092
80053 90355 21:0 80053
80064 90356 21:0 80064
80091 90313 21:0 80108
80092 90363 21:0 80092
80092 90362 21:0 80092
80092 90360 21:0 80092
80097 90364 21:0 80097
80099 90349 21:0 80099
80105 90375 21:0 80105
80107 90312 21:0 80118
80113 90376 21:0 80113
80117 90314 21:0 80154
80120 90369 21:0 80120
80129 90388 21:0 80129
80140 90389 21:0 80140
80153 90344 21:0 80184
80168 90393 21:0 80168
80168 90396 21:0 80168
80168 90395 21:0 80168
80173 90397 21:0 80173
80175 90382 21:0 80175
80181 90408 21:0 80181
80183 195 1:0 80185
80183 90346 21:0 80189
80188 193 1:0 80190
80188 90345 21:0 80208
80189 90409 21:0 80189
80193 201 1:0 80204
80196 90402 21:0 80196
80203 215 1:0 80203
80205 90421 21:0 80205
80207 203 1:0 80208
80207 90347 21:0 80260
80211 205 1:0 80212
80216 90422 21:0 80216
80243 207 1:0 80245
80244 90428 21:0 80244
80244 90429 21:0 80244
80244 90426 21:0 80244
80248 209 1:0 80256
80249 90430 21:0 80249
80251 90415 21:0 80251
80255 217 1:0 80255
80257 90441 21:0 80257
80259 213 1:0 80261
80259 90377 21:0 80265
80264 211 1:0 80266
80264 90378 21:0 80270
80265 90442 21:0 80265
80269 219 1:0 80280
80269 90379 21:0 80320
80272 90435 21:0 80272
80279 233 1:0 80279
80281 90454 21:0 80281
80283 221 1:0 80284
80287 223 1:0 80288
80292 90455 21:0 80292
80319 225 1:0 80321
80319 90380 21:0 80336
80320 90462 21:0 80320
80320 90459 21:0 80320
80320 90461 21:0 80320
80324 227 1:0 80332
80325 90463 21:0 80325
80327 90448 21:0 80327
80331 235 1:0 80331
80333 90474 21:0 80333
80335 231 1:0 80337
80335 90410 21:0 80346
80340 229 1:0 80342
80341 90475 21:0 80341
80345 237 1:0 80356
80345 90412 21:0 80387
80348 90468 21:0 80348
80355 251 1:0 80355
80357 90487 21:0 80357
80359 239 1:0 80360
80363 241 1:0 80364
80368 90488 21:0 80368
80386 90411 21:0 80412
80395 243 1:0 80397
80396 90495 21:0 80396
80396 90494 21:0 80396
80396 90492 21:0 80396
80400 245 1:0 80408
80401 90496 21:0 80401
80403 90481 21:0 80403
80407 253 1:0 80407
80409 90507 21:0 80409
80411 249 1:0 80413
80411 90413 21:0 80417
80416 247 1:0 80418
80416 90443 21:0 80422
80417 90508 21:0 80417
80421 255 1:0 80432
80421 90444 21:0 80488
80431 269 1:0 80431
80435 257 1:0 80436
80439 259 1:0 80440
80471 261 1:0 80473
80476 263 1:0 80484
80483 271 1:0 80483
80487 267 1:0 80489
80487 90445 21:0 80493
80492 265 1:0 80494
80492 90446 21:0 80498
80497 90063 21:0 80498
80497 273 1:0 80508
80497 90078 21:0 80512
80498 90545 21:0 80498
80507 287 1:0 80507
80511 275 1:0 80512
80511 90065 21:0 80548
80515 277 1:0 80516
80547 279 1:0 80549
80547 90476 21:0 80564
80552 281 1:0 80560
80559 289 1:0 80559
80563 285 1:0 80565
80563 90478 21:0 80569
80566 90575 21:0 80566
80568 283 1:0 80570
80568 90477 21:0 80588
80571 90576 21:0 80571
80571 90577 21:0 80571
80573 291 1:0 80584
80574 90578 21:0 80574
80583 305 1:0 80583
80587 293 1:0 80588
80587 90479 21:0 80640
80591 295 1:0 80592
80623 297 1:0 80625
80628 299 1:0 80636
80635 307 1:0 80635
80639 303 1:0 80641
80639 90509 21:0 80645
80642 90608 21:0 80642
80644 301 1:0 80646
80644 90511 21:0 80650
80647 90609 21:0 80647
80647 90610 21:0 80647
80649 309 1:0 80660
80649 90510 21:0 80700
80650 90611 21:0 80650
80659 323 1:0 80659
80663 311 1:0 80664
80667 313 1:0 80668
80699 315 1:0 80701
80699 90072 21:0 80705
80704 317 1:0 80712
80704 90079 21:0 80716
80711 325 1:0 80711
80715 90100 21:0 80716
80715 90096 21:0 80716
80715 321 1:0 80717
80715 90098 21:0 80721
80718 90641 21:0 80718
80720 90092 21:0 80721
80720 90105 21:0 80721
80720 319 1:0 80722
80720 90085 21:0 80726
80725 90111 21:0 80726
80725 90099 21:0 80726
80725 329 1:0 80737
80725 90091 21:0 80741
80734 327 1:0 80734
80740 187 21:0 80741
80740 205 21:0 80741
80740 55381 1:0 80743
80740 95 21:0 80746
80745 90539 21:0 80746
80745 90308 21:0 80746
80745 90530 21:0 80746
80745 90486 21:0 80746
80746 90654 21:0 80756
80755 55991 1:0 80757
80755 90512 21:0 80782
80762 55995 1:0 80762
80781 56007 1:0 80783
80781 90542 21:0 80790
80789 90543 21:0 80793
80792 56011 1:0 80794
80792 90544 21:0 80802
80796 90641 1:0 80796
80801 90191 21:0 80802
80801 90151 21:0 80802
80801 56014 1:0 80804
80801 90190 21:0 80827
80809 56019 1:0 80809
80826 90223 21:0 80862
80829 56032 1:0 80831
80861 90171 21:0 80881
80864 56041 1:0 80866
80873 56043 1:0 80876
80880 90162 21:0 80884
80883 56046 1:0 80886
80883 90309 21:0 80910
80891 56050 1:0 80891
80909 90611 1:0 80909
80909 90290 21:0 80910
80909 90211 21:0 80910
80909 90129 21:0 80913
80912 90261 21:0 80913
80912 90112 21:0 80913
80912 56064 1:0 80914
80912 90124 21:0 80921
80916 90609 1:0 80916
80917 90610 1:0 80917
80920 90237 21:0 80921
80920 90336 21:0 80921
80920 90133 21:0 80924
80923 90264 21:0 80924
80923 90294 21:0 80924
80923 56068 1:0 80925
80923 90157 21:0 80930
80927 90608 1:0 80927
80929 90138 21:0 80930
80929 90296 21:0 80930
80929 90323 21:0 80933
80932 90125 21:0 80933
80932 90257 21:0 80933
80932 56071 1:0 80935
80932 90270 21:0 80958
80940 56076 1:0 80940
80957 90118 21:0 80993
80960 56089 1:0 80962
80992 90298 21:0 81012
80995 56098 1:0 80997
81004 56100 1:0 81007
81011 90256 21:0 81015
81014 56103 1:0 81017
81014 90231 21:0 81041
81022 56107 1:0 81022
81040 90578 1:0 81040
81040 90230 21:0 81041
81040 90316 21:0 81041
81040 90165 21:0 81044
81043 90195 21:0 81044
81043 90132 21:0 81044
81043 56121 1:0 81045
81043 90263 21:0 81052
81047 90576 1:0 81047
81048 90577 1:0 81048
81051 90164 21:0 81052
81051 90330 21:0 81052
81051 90277 21:0 81055
81054 90329 21:0 81055
81054 56103 21:0 81055
81054 90265 21:0 81055
81054 56125 1:0 81056
81054 90134 21:0 81058
81057 90143 21:0 81058
81057 56076 21:0 81058
81057 90288 21:0 81058
81057 90552 21:0 81058
81057 90354 21:0 81058
81057 90440 21:0 81058
81057 90506 21:0 81058
81057 90255 21:0 81058
81057 90473 21:0 81058
81057 90519 21:0 81058
81057 90453 21:0 81058
81057 90387 21:0 81058
81057 56019 21:0 81058
81057 56107 21:0 81058
81057 90656 21:0 81058
81057 56050 21:0 81058
81057 90222 21:0 81058
81057 325 21:0 81058
81057 327 21:0 81058
81057 55995 21:0 81058
81057 90123 21:0 81058
81057 90420 21:0 81058
81057 90572 21:0 81058
81057 90275 21:0 81058
81057 90209 21:0 81058
81057 90110 21:0 81058
81057 90374 21:0 81058
81057 90407 21:0 81058
81057 90156 21:0 81058
81058 90575 1:0 81058
81058 56125 21:0 81061
81059 56128 1:0 81066
81059 56133 1:0 81071
81059 90572 1:0 81073
81059 56157 1:0 81081
81059 56160 1:0 81081
81059 56146 1:0 81081
81059 56164 1:0 81084
81059 90552 1:0 81084
81059 56292 1:0 81084
81059 56155 1:0 81084
81059 90544 1:0 81170
81059 56178 1:0 81176
81059 90539 1:0 81196
81059 56214 1:0 81198
81059 56212 1:0 81198
81059 56190 1:0 81198
81059 90519 1:0 81215
81059 56221 1:0 81215
81059 56247 1:0 81329
81059 90506 1:0 81329
81059 90486 1:0 81346
81059 56278 1:0 81346
81059 90473 1:0 81462
81059 56304 1:0 81462
81059 56335 1:0 81477
81059 90453 1:0 81477
81059 90440 1:0 81593
81059 56361 1:0 81593
81059 90420 1:0 81608
81059 56392 1:0 81608
81059 56418 1:0 81723
81059 90407 1:0 81723
81059 56449 1:0 81742
81059 90387 1:0 81742
81059 90374 1:0 81851
81059 56475 1:0 81853
81059 90354 1:0 81870
81059 56506 1:0 81870
81059 56532 1:0 81986
81059 56563 1:0 82001
81059 90308 1:0 82117
81059 56589 1:0 82117
81059 90288 1:0 82132
81059 56620 1:0 82132
81059 56646 1:0 82247
81059 90275 1:0 82252
81059 56677 1:0 82263
81059 90255 1:0 82263
81059 56703 1:0 82377
81059 90222 1:0 82394
81059 56734 1:0 82394
81059 56760 1:0 82508
81060 56068 21:0 81061
81060 56121 21:0 81061
81060 56064 21:0 81061
81060 56071 21:0 81061
81060 56014 21:0 81064
81062 90543 1:0 81177
81063 56089 21:0 81064
81063 56046 21:0 81064
81063 56100 21:0 81064
81063 56098 21:0 81064
81063 321 21:0 81064
81063 319 21:0 81064
81063 56007 21:0 81064
81063 56011 21:0 81064
81063 317 21:0 81064
81063 56043 21:0 81068
81065 56413 1:0 81181
81065 56866 1:0 81181
81065 56527 1:0 81181
81065 90542 1:0 81188
81065 56805 1:0 81190
81065 90530 1:0 81198
81065 56217 1:0 81198
81065 56271 1:0 81329
81067 90341 21:0 81068
81067 145 21:0 81068
81067 90321 21:0 81068
81067 89 21:0 81068
81067 179 21:0 81068
81067 251 21:0 81068
81067 90090 21:0 81068
81067 305 21:0 81068
81067 90189 21:0 81068
81067 233 21:0 81068
81067 55 21:0 81068
81067 307 21:0 81068
81067 181 21:0 81068
81067 91 21:0 81068
81067 253 21:0 81068
81067 71 21:0 81068
81067 90242 21:0 81068
81067 90176 21:0 81068
81067 37 21:0 81068
81067 125 21:0 81068
81067 199 21:0 81068
81067 35 21:0 81068
81067 215 21:0 81068
81067 127 21:0 81068
81067 73 21:0 81068
81067 109 21:0 81068
81067 53 21:0 81068
81067 217 21:0 81068
81067 271 21:0 81068
81067 161 21:0 81068
81067 323 21:0 81068
81067 163 21:0 81068
81067 197 21:0 81068
81067 143 21:0 81068
81067 56182 1:0 81187
81068 56128 21:0 81089
81069 271 1:0 81198
81069 253 1:0 81329
81069 251 1:0 81346
81069 233 1:0 81477
81069 217 1:0 81592
81069 215 1:0 81608
81069 199 1:0 81723
81069 197 1:0 81742
81069 181 1:0 81853
81069 179 1:0 81870
81069 163 1:0 81985
81069 90341 1:0 81986
81069 90321 1:0 82001
81069 161 1:0 82001
81069 145 1:0 82116
81069 143 1:0 82132
81069 127 1:0 82247
81069 125 1:0 82263
81069 90242 1:0 82377
81069 109 1:0 82377
81069 91 1:0 82508
81070 56809 1:0 81190
81087 90512 1:0 81215
81088 301 21:0 81092
81091 303 21:0 81092
81091 299 21:0 81127
81093 56203 1:0 81215
81098 56185 1:0 81197
81098 56349 1:0 81215
81098 56752 1:0 81215
81098 56235 1:0 81307
81098 56581 1:0 81312
81126 283 21:0 81143
81142 285 21:0 81143
81142 281 21:0 81146
81145 56041 21:0 81146
81145 56157 21:0 81146
81145 56155 21:0 81146
81145 56146 21:0 81146
81145 55381 21:0 81146
81145 56032 21:0 81146
81145 55991 21:0 81146
81145 329 21:0 81150
81147 90510 1:0 81301
81149 289 21:0 81150
81149 56133 21:0 81150
81150 56160 21:0 81167
81152 56584 1:0 81312
81166 315 21:0 81172
81171 90545 1:0 81171
81171 277 21:0 81172
81171 90101 21:0 81172
81171 115 21:0 81172
81171 59 21:0 81172
81171 43 21:0 81172
81171 79 21:0 81172
81171 183 21:0 81172
81171 131 21:0 81172
81171 90167 21:0 81172
81171 149 21:0 81172
81171 147 21:0 81172
81171 25 21:0 81172
81171 90233 21:0 81172
81171 90299 21:0 81172
81171 203 21:0 81172
81171 90464 21:0 81172
81171 295 21:0 81172
81171 9 21:0 81172
81171 313 21:0 81172
81171 311 21:0 81172
81171 27 21:0 81172
81171 309 21:0 81172
81171 297 21:0 81172
81171 151 21:0 81172
81171 97 21:0 81172
81171 90398 21:0 81172
81171 287 21:0 81172
81171 239 21:0 81172
81171 293 21:0 81172
81171 167 21:0 81172
81171 90332 21:0 81172
81171 241 21:0 81172
81171 273 21:0 81172
81171 291 21:0 81172
81171 90266 21:0 81172
81171 185 21:0 81172
81171 189 21:0 81172
81171 45 21:0 81172
81171 90200 21:0 81172
81171 169 21:0 81172
81171 113 21:0 81172
81171 259 21:0 81172
81171 223 21:0 81172
81171 117 21:0 81172
81171 279 21:0 81172
81171 56164 21:0 81172
81171 275 21:0 81172
81171 257 21:0 81172
81171 90497 21:0 81172
81171 221 21:0 81172
81171 81 21:0 81172
81171 61 21:0 81172
81171 165 21:0 81172
81171 133 21:0 81172
81171 90365 21:0 81172
81171 41 21:0 81172
81171 90431 21:0 81172
81171 23 21:0 81173
81172 99 21:0 81175
81173 259 1:0 81196
81173 257 1:0 81196
81173 241 1:0 81326
81174 201 21:0 81175
81174 255 21:0 81175
81174 129 21:0 81175
81174 207 21:0 81175
81176 255 1:0 81190
81178 56178 21:0 81183
81180 90511 1:0 81309
81181 56524 1:0 81312
81181 56239 1:0 81318
81181 90509 1:0 81319
81181 56463 1:0 81321
81181 56296 1:0 81321
81181 239 1:0 81326
81181 56242 1:0 81328
81181 90497 1:0 81329
81181 56260 1:0 81329
81181 56269 1:0 81329
81181 56274 1:0 81346
81181 223 1:0 81462
81181 90464 1:0 81462
81181 56331 1:0 81474
81181 90431 1:0 81593
81181 90398 1:0 81742
81182 265 21:0 81183
81189 56182 21:0 81192
81190 90329 1:0 81346
81190 90479 1:0 81346
81191 267 21:0 81192
81193 90477 1:0 81432
81198 90478 1:0 81440
81199 56185 21:0 81220
81201 90265 1:0 81443
81207 90209 1:0 82508
81208 89 1:0 82525
81208 56791 1:0 82525
81216 90277 1:0 81443
81217 56353 1:0 81452
81217 90330 1:0 81452
81217 56299 1:0 81459
81218 90189 1:0 82525
81219 263 21:0 81223
81222 56190 21:0 81223
81222 271 21:0 81223
81226 56203 21:0 81255
81229 221 1:0 81467
81229 56317 1:0 81467
81229 56326 1:0 81474
81229 90164 1:0 81477
81229 56328 1:0 81477
81229 207 1:0 81583
81229 201 1:0 81583
81229 203 1:0 81593
81229 56388 1:0 81605
81229 90365 1:0 81853
81229 90176 1:0 82637
81229 73 1:0 82637
81229 56817 1:0 82637
81254 261 21:0 81258
81261 56212 21:0 81264
81263 259 21:0 81264
81271 56214 21:0 81274
81273 257 21:0 81274
81281 56217 21:0 81298
81297 255 21:0 81303
81302 56221 21:0 81303
81302 269 21:0 81303
81309 56235 21:0 81314
81311 90476 1:0 81450
81312 90446 1:0 81477
81312 90263 1:0 81574
81312 90195 1:0 81574
81312 56406 1:0 81583
81312 90132 1:0 81583
81313 90508 1:0 81313
81313 247 21:0 81314
81320 56239 21:0 81323
81321 90445 1:0 81563
81321 90444 1:0 81570
81322 249 21:0 81323
81327 90443 1:0 81581
81329 205 1:0 81598
81329 56374 1:0 81605
81329 56383 1:0 81605
81329 56385 1:0 81608
81329 189 1:0 81714
81329 183 1:0 81714
81329 185 1:0 81719
81330 90507 1:0 81330
81330 56242 21:0 81351
81332 71 1:0 82656
81332 56848 1:0 82656
81348 90413 1:0 81608
81349 90156 1:0 82656
81350 90496 1:0 81350
81350 245 21:0 81354
81353 253 21:0 81354
81353 56247 21:0 81354
81357 56260 21:0 81386
81359 90495 1:0 81359
81359 90494 1:0 81359
81359 90492 1:0 81359
81360 56356 1:0 81590
81360 90165 1:0 81608
81360 56431 1:0 81723
81360 90332 1:0 81986
81360 56874 1:0 82771
81360 55 1:0 82771
81360 90143 1:0 82776
81385 90488 1:0 81385
81385 243 21:0 81389
81392 56269 21:0 81395
81394 241 21:0 81395
81402 56271 21:0 81405
81404 239 21:0 81405
81412 90487 1:0 81412
81412 56274 21:0 81429
81417 90481 1:0 81417
81428 237 21:0 81434
81433 251 21:0 81434
81433 56278 21:0 81434
81440 56292 21:0 81445
81442 90411 1:0 81694
81443 90412 1:0 81702
81443 90230 1:0 81705
81443 90316 1:0 81705
81443 56410 1:0 81711
81443 90231 1:0 81714
81444 90475 1:0 81444
81444 229 21:0 81445
81451 56296 21:0 81454
81452 90410 1:0 81712
81452 90380 1:0 81742
81453 231 21:0 81454
81455 90256 1:0 81742
81458 187 1:0 81719
81458 56442 1:0 81719
81458 56440 1:0 81723
81458 56445 1:0 81742
81458 56520 1:0 81742
81458 165 1:0 81845
81458 167 1:0 81851
81458 169 1:0 81853
81458 56502 1:0 81853
81458 56497 1:0 81853
81458 56499 1:0 81853
81458 151 1:0 81986
81458 90299 1:0 82117
81458 56905 1:0 82787
81458 90123 1:0 82787
81458 53 1:0 82787
81458 56931 1:0 82899
81458 37 1:0 82899
81458 90110 1:0 82899
81461 90474 1:0 81461
81461 56299 21:0 81482
81466 90468 1:0 81466
81478 90379 1:0 81825
81481 90463 1:0 81481
81481 227 21:0 81485
81484 56304 21:0 81485
81484 235 21:0 81485
81488 56317 21:0 81517
81490 90462 1:0 81490
81490 90459 1:0 81490
81490 90461 1:0 81490
81491 90378 1:0 81832
81516 90455 1:0 81516
81516 225 21:0 81520
81523 56326 21:0 81526
81525 223 21:0 81526
81533 56328 21:0 81536
81535 221 21:0 81536
81543 90454 1:0 81543
81543 56331 21:0 81560
81548 90448 1:0 81548
81559 219 21:0 81565
81564 56335 21:0 81565
81564 233 21:0 81565
81571 56349 21:0 81576
81573 90118 1:0 81836
81573 90298 1:0 81836
81573 56467 1:0 81842
81573 90270 1:0 81845
81574 90377 1:0 81843
81574 90347 1:0 81870
81575 90442 1:0 81575
81575 211 21:0 81576
81582 56353 21:0 81585
81583 56470 1:0 81852
81583 56488 1:0 81870
81583 90125 1:0 81870
81583 90345 1:0 81956
81583 90323 1:0 81967
81583 90257 1:0 81967
81583 147 1:0 81976
81583 56559 1:0 81998
81583 56545 1:0 81998
81584 213 21:0 81585
81589 90346 1:0 81964
81591 56638 1:0 81976
81592 90441 1:0 81592
81592 56356 21:0 81613
81594 90090 1:0 82918
81597 90435 1:0 81597
81610 90344 1:0 81974
81611 56962 1:0 82918
81611 35 1:0 82918
81612 90430 1:0 81612
81612 209 21:0 81616
81615 56361 21:0 81616
81615 217 21:0 81616
81619 56374 21:0 81648
81621 90428 1:0 81621
81621 90429 1:0 81621
81621 90426 1:0 81621
81622 90296 1:0 81976
81622 149 1:0 81991
81622 56554 1:0 81998
81622 56556 1:0 82001
81622 56577 1:0 82001
81622 131 1:0 82117
81622 90266 1:0 82253
81622 19 1:0 83027
81622 56988 1:0 83027
81647 90422 1:0 81647
81647 207 21:0 81651
81654 56383 21:0 81657
81656 205 21:0 81657
81664 56385 21:0 81667
81666 203 21:0 81667
81674 90421 1:0 81674
81674 56388 21:0 81691
81679 90415 1:0 81679
81690 201 21:0 81696
81695 56392 21:0 81696
81695 215 21:0 81696
81702 56406 21:0 81707
81704 90314 1:0 82001
81705 90336 1:0 81989
81705 90312 1:0 82087
81705 90138 1:0 82098
81705 90294 1:0 82098
81705 129 1:0 82107
81705 133 1:0 82122
81705 56616 1:0 82129
81705 56602 1:0 82129
81705 56613 1:0 82129
81705 56611 1:0 82132
81705 115 1:0 82247
81706 90409 1:0 81706
81706 193 21:0 81707
81713 56410 21:0 81716
81714 90313 1:0 82095
81714 90311 1:0 82105
81715 195 21:0 81716
81717 90290 1:0 82107
81720 56691 1:0 82107
81723 90408 1:0 81723
81723 56413 21:0 81744
81725 90281 1:0 82132
81728 90402 1:0 81728
81731 90077 1:0 83038
81732 17 1:0 83115
81732 57019 1:0 83118
81740 90309 1:0 82115
81741 56634 1:0 82132
81741 90157 1:0 82229
81741 56748 1:0 82238
81742 90057 1:0 83120
81743 90397 1:0 81743
81743 191 21:0 81747
81746 199 21:0 81747
81746 56418 21:0 81747
81750 56431 21:0 81779
81752 90393 1:0 81752
81752 90396 1:0 81752
81752 90395 1:0 81752
81753 90264 1:0 82229
81753 117 1:0 82238
81753 56673 1:0 82253
81753 113 1:0 82253
81753 56668 1:0 82260
81753 56659 1:0 82260
81753 90233 1:0 82377
81778 90389 1:0 81778
81778 189 21:0 81782
81785 56440 21:0 81788
81795 56442 21:0 81798
81805 90388 1:0 81805
81805 56445 21:0 81822
81810 90382 1:0 81810
81821 56449 21:0 81822
81833 56463 21:0 81838
81835 90279 1:0 82218
81836 90280 1:0 82226
81836 90133 1:0 82238
81836 56641 1:0 82245
81836 56670 1:0 82263
81836 90261 1:0 82263
81836 99 1:0 82369
81836 97 1:0 82374
81836 56727 1:0 82377
81836 95 1:0 82377
81836 56725 1:0 82377
81836 90200 1:0 82508
81836 56782 1:0 82508
81837 90376 1:0 81837
81844 56467 21:0 81847
81845 90278 1:0 82236
81845 90248 1:0 82263
81853 90247 1:0 82349
81854 90375 1:0 81854
81854 56470 21:0 81875
81856 90237 1:0 82360
81859 90369 1:0 81859
81874 90364 1:0 81874
81874 56475 21:0 81875
81881 56488 21:0 81910
81883 90363 1:0 81883
81883 90362 1:0 81883
81883 90360 1:0 81883
81884 90246 1:0 82356
81909 90356 1:0 81909
81916 56497 21:0 81919
81926 56499 21:0 81929
81936 90355 1:0 81936
81936 56502 21:0 81953
81941 90349 1:0 81941
81952 56506 21:0 81953
81964 56520 21:0 81969
81966 90124 1:0 82360
81966 56695 1:0 82366
81966 90112 1:0 82369
81966 56698 1:0 82376
81967 90245 1:0 82367
81967 90215 1:0 82394
81968 90343 1:0 81968
81975 56524 21:0 81978
81976 56730 1:0 82377
81976 90223 1:0 82394
81976 56716 1:0 82394
81976 90214 1:0 82480
81976 90211 1:0 82491
81976 90129 1:0 82491
81976 81 1:0 82500
81976 56787 1:0 82508
81982 90213 1:0 82487
81985 90342 1:0 81985
81985 56527 21:0 82006
82003 90212 1:0 82498
82005 90331 1:0 82005
82005 56532 21:0 82006
82012 56545 21:0 82041
82014 90327 1:0 82014
82015 56923 1:0 82500
82015 79 1:0 82505
82015 56755 1:0 82507
82015 56784 1:0 82508
82015 56773 1:0 82525
82015 90167 1:0 82639
82015 56830 1:0 82639
82047 56554 21:0 82050
82057 56556 21:0 82060
82067 90322 1:0 82067
82067 56559 21:0 82084
82083 56563 21:0 82084
82095 56577 21:0 82100
82097 90190 1:0 82500
82097 90191 1:0 82525
82097 90162 1:0 82622
82098 90182 1:0 82525
82098 90180 1:0 82611
82099 90310 1:0 82099
82106 56581 21:0 82109
82107 90181 1:0 82619
82107 90171 1:0 82622
82107 56862 1:0 82631
82107 90151 1:0 82631
82107 59 1:0 82637
82107 56812 1:0 82638
82107 56839 1:0 82639
82107 61 1:0 82639
82107 56841 1:0 82639
82107 56844 1:0 82656
82107 45 1:0 82762
82107 56901 1:0 82784
82113 90179 1:0 82629
82116 56584 21:0 82137
82121 90303 1:0 82121
82134 90149 1:0 82656
82136 56589 21:0 82137
82143 56602 21:0 82172
82145 90297 1:0 82145
82146 90091 1:0 82656
82146 43 1:0 82771
82146 56887 1:0 82777
82146 41 1:0 82777
82146 90134 1:0 82777
82146 56896 1:0 82784
82146 56898 1:0 82787
82146 23 1:0 82899
82146 56953 1:0 82901
82178 56611 21:0 82181
82188 56613 21:0 82191
82198 90289 1:0 82198
82198 56616 21:0 82215
82203 90283 1:0 82203
82214 56620 21:0 82215
82226 56634 21:0 82231
82228 90147 1:0 82742
82229 90148 1:0 82750
82229 90099 1:0 82753
82229 90111 1:0 82753
82229 90085 1:0 82762
82237 56638 21:0 82240
82238 90146 1:0 82760
82238 56919 1:0 82762
82241 90116 1:0 82787
82244 56869 1:0 82769
82244 90105 1:0 82787
82247 90276 1:0 82247
82247 56641 21:0 82268
82264 90114 1:0 82873
82265 90092 1:0 82884
82265 56976 1:0 82893
82267 56646 21:0 82268
82274 56659 21:0 82303
82277 90098 1:0 82884
82277 27 1:0 82893
82277 25 1:0 82899
82277 56955 1:0 82901
82277 90101 1:0 82901
82277 56944 1:0 82901
82309 56668 21:0 82312
82319 56670 21:0 82322
82329 56673 21:0 82346
82334 90250 1:0 82334
82345 56677 21:0 82346
82357 56691 21:0 82362
82359 90115 1:0 82881
82360 90113 1:0 82891
82360 90096 1:0 82893
82360 56926 1:0 82900
82360 90100 1:0 82918
82360 56958 1:0 82918
82360 9 1:0 83027
82360 57010 1:0 83046
82360 7 1:0 83049
82360 90068 1:0 83052
82361 90244 1:0 82361
82368 56695 21:0 82371
82369 90083 1:0 82918
82369 90082 1:0 83004
82377 90081 1:0 83011
82378 90243 1:0 82378
82378 56698 21:0 82399
82380 356 1:0 83015
82395 90079 1:0 83015
82396 56980 1:0 83021
82396 90072 1:0 83024
82398 90232 1:0 82398
82398 56703 21:0 82399
82405 56716 21:0 82434
82407 90228 1:0 82407
82408 90078 1:0 83027
82408 56983 1:0 83027
82433 90224 1:0 82433
82440 56725 21:0 82443
82450 56727 21:0 82453
82460 56730 21:0 82477
82465 90217 1:0 82465
82476 56734 21:0 82477
82488 56748 21:0 82493
82490 90080 1:0 83022
82491 57001 1:0 83027
82491 90065 1:0 83027
82491 90066 1:0 83052
82491 90063 1:0 83052
82491 90067 1:0 83052
82491 90059 1:0 83087
82491 5 1:0 83098
82491 57012 1:0 83103
82491 3 1:0 83106
82491 355 1:0 83106
82491 57015 1:0 83113
82491 189 1:0 83942
82499 56752 21:0 82502
82500 90058 1:0 83114
82509 90210 1:0 82509
82509 56755 21:0 82530
82514 90204 1:0 82514
82529 90199 1:0 82529
82529 56760 21:0 82530
82536 56773 21:0 82565
82538 90197 1:0 82538
82538 90198 1:0 82538
82571 56782 21:0 82574
82581 56784 21:0 82584
82591 56787 21:0 82608
82596 90184 1:0 82596
82607 56791 21:0 82608
82619 56805 21:0 82624
82623 90178 1:0 82623
82630 56809 21:0 82633
82640 90177 1:0 82640
82640 56812 21:0 82661
82660 90166 1:0 82660
82660 56817 21:0 82661
82667 56830 21:0 82696
82695 90158 1:0 82695
82702 56839 21:0 82705
82712 56841 21:0 82715
82722 56844 21:0 82739
82738 56848 21:0 82739
82750 56862 21:0 82755
82754 90145 1:0 82754
82761 56866 21:0 82764
82771 90144 1:0 82771
82771 56869 21:0 82792
82791 56874 21:0 82792
82798 56887 21:0 82827
82800 90131 1:0 82800
82833 56896 21:0 82836
82843 56898 21:0 82846
82853 56901 21:0 82870
82869 56905 21:0 82870
82881 56919 21:0 82886
82892 56923 21:0 82895
82902 56926 21:0 82923
82922 56931 21:0 82923
82929 56944 21:0 82958
82964 56953 21:0 82967
82974 56955 21:0 82977
82984 56958 21:0 83001
83000 56962 21:0 83001
83012 56976 21:0 83017
83023 56980 21:0 83026
83033 56983 21:0 83054
83053 56988 21:0 83054
83060 57001 21:0 83089
83095 57010 21:0 83098
83105 57012 21:0 83108
83120 57019 21:0 83121
83131 355 21:0 83149
83148 91709 21:0 83181
83180 91710 21:0 83186
83185 17 21:0 83186
83185 91708 21:0 83186
83185 5 21:0 83186
83185 7 21:0 83186
83185 57015 21:0 83186
83185 3 21:0 83186
83185 91719 21:0 83186
83188 356 21:0 83197
83196 91728 21:0 83197
83196 19 21:0 83197
83196 91729 21:0 83197
83196 91718 21:0 83197
83199 91731 21:0 83207
83206 91733 21:0 83257
83256 91732 21:0 83273
83272 91734 21:0 83278
83277 91764 21:0 83297
83294 91775 21:0 83294
83296 91766 21:0 83349
83333 91780 21:0 83333
83338 91784 21:0 83338
83340 91769 21:0 83340
83346 91795 21:0 83346
83348 91765 21:0 83354
83353 91767 21:0 83359
83358 91797 21:0 83414
83361 91789 21:0 83361
83409 91815 21:0 83409
83409 91816 21:0 83409
83413 91799 21:0 83430
83416 91802 21:0 83416
83422 91828 21:0 83422
83429 91798 21:0 83435
83430 91829 21:0 83430
83434 91800 21:0 83485
83446 91841 21:0 83446
83457 91842 21:0 83457
83484 91830 21:0 83501
83485 91846 21:0 83485
83490 91850 21:0 83490
83492 91835 21:0 83492
83500 91831 21:0 83506
83505 91832 21:0 83525
83513 91855 21:0 83513
83522 91874 21:0 83522
83524 91833 21:0 83577
83533 91875 21:0 83533
83561 91881 21:0 83561
83561 91882 21:0 83561
83566 91883 21:0 83566
83568 91868 21:0 83568
83574 91894 21:0 83574
83576 91863 21:0 83582
83581 91864 21:0 83587
83586 91865 21:0 83642
83589 91888 21:0 83589
83598 91907 21:0 83598
83637 91914 21:0 83637
83637 91912 21:0 83637
83641 91866 21:0 83658
83644 91901 21:0 83644
83650 91927 21:0 83650
83657 91896 21:0 83663
83658 91928 21:0 83658
83662 91897 21:0 83713
83665 91921 21:0 83665
83712 91898 21:0 83729
83713 91947 21:0 83713
83713 91945 21:0 83713
83718 91949 21:0 83718
83720 91934 21:0 83720
83726 91960 21:0 83726
83728 91899 21:0 83734
83733 91929 21:0 83753
83734 91961 21:0 83734
83741 91954 21:0 83741
83752 91931 21:0 83805
83761 91974 21:0 83761
83789 91981 21:0 83789
83789 91980 21:0 83789
83794 91982 21:0 83794
83796 91967 21:0 83796
83802 91993 21:0 83802
83804 91930 21:0 83810
83809 91932 21:0 83815
83810 91994 21:0 83810
83814 91962 21:0 83865
83826 92006 21:0 83826
83864 91963 21:0 83881
83865 92014 21:0 83865
83865 92011 21:0 83865
83870 92015 21:0 83870
83878 92026 21:0 83878
83880 91964 21:0 83891
83886 92027 21:0 83886
83890 91965 21:0 83941
83902 92039 21:0 83902
83913 92040 21:0 83913
83940 91995 21:0 83957
83941 92047 21:0 83941
83941 92044 21:0 83941
83942 199 1:0 83952
83942 191 1:0 83953
83954 92059 21:0 83954
83956 195 1:0 83958
83956 91996 21:0 83962
83961 193 1:0 83963
83961 91997 21:0 83981
83962 92060 21:0 83962
83966 201 1:0 83977
83969 92053 21:0 83969
83976 215 1:0 83976
83978 92072 21:0 83978
83980 203 1:0 83981
83980 91998 21:0 84033
83984 205 1:0 83985
83989 92073 21:0 83989
84016 207 1:0 84018
84017 92080 21:0 84017
84021 209 1:0 84029
84022 92081 21:0 84022
84024 92066 21:0 84024
84028 217 1:0 84028
84032 213 1:0 84034
84032 92028 21:0 84038
84037 211 1:0 84039
84037 92030 21:0 84043
84038 92093 21:0 84038
84042 219 1:0 84053
84042 92029 21:0 84093
84045 92086 21:0 84045
84052 233 1:0 84052
84054 92105 21:0 84054
84056 221 1:0 84057
84060 223 1:0 84061
84065 92106 21:0 84065
84092 225 1:0 84094
84092 92031 21:0 84109
84093 92113 21:0 84093
84093 92112 21:0 84093
84093 92110 21:0 84093
84097 227 1:0 84105
84098 92114 21:0 84098
84100 92099 21:0 84100
84104 235 1:0 84104
84106 92125 21:0 84106
84108 231 1:0 84110
84108 92061 21:0 84119
84113 229 1:0 84115
84114 92126 21:0 84114
84118 237 1:0 84129
84118 92063 21:0 84169
84121 92119 21:0 84121
84128 251 1:0 84128
84130 92138 21:0 84130
84132 239 1:0 84133
84136 241 1:0 84137
84141 92139 21:0 84141
84168 243 1:0 84170
84168 92062 21:0 84185
84169 92145 21:0 84169
84169 92146 21:0 84169
84169 92143 21:0 84169
84173 245 1:0 84181
84174 92147 21:0 84174
84176 92132 21:0 84176
84180 253 1:0 84180
84182 92158 21:0 84182
84184 249 1:0 84186
84184 92064 21:0 84190
84189 247 1:0 84191
84189 92094 21:0 84209
84190 92159 21:0 84190
84194 255 1:0 84205
84197 92152 21:0 84197
84204 269 1:0 84204
84206 92171 21:0 84206
84208 257 1:0 84209
84208 92095 21:0 84261
84212 259 1:0 84213
84244 261 1:0 84246
84249 263 1:0 84257
84256 271 1:0 84256
84260 267 1:0 84262
84260 92096 21:0 84266
84265 265 1:0 84267
84265 92097 21:0 84271
84270 91714 21:0 84271
84270 273 1:0 84281
84270 91717 21:0 84285
84280 287 1:0 84280
84284 275 1:0 84285
84284 91716 21:0 84321
84288 277 1:0 84289
84320 279 1:0 84322
84320 92127 21:0 84337
84325 281 1:0 84333
84332 289 1:0 84332
84336 285 1:0 84338
84336 92128 21:0 84342
84339 92226 21:0 84339
84341 283 1:0 84343
84341 92129 21:0 84361
84344 92227 21:0 84344
84344 92228 21:0 84344
84346 291 1:0 84357
84347 92229 21:0 84347
84356 305 1:0 84356
84360 293 1:0 84361
84360 92130 21:0 84413
84364 295 1:0 84365
84396 297 1:0 84398
84401 299 1:0 84409
84408 307 1:0 84408
84412 303 1:0 84414
84412 92160 21:0 84418
84415 92259 21:0 84415
84417 301 1:0 84419
84417 92162 21:0 84423
84420 92260 21:0 84420
84420 92261 21:0 84420
84422 309 1:0 84433
84422 92161 21:0 84473
84423 92262 21:0 84423
84432 323 1:0 84432
84436 311 1:0 84437
84440 313 1:0 84441
84472 315 1:0 84474
84472 91723 21:0 84489
84477 317 1:0 84485
84484 325 1:0 84484
84488 91730 21:0 84489
84488 91736 21:0 84489
84488 321 1:0 84490
84488 91743 21:0 84494
84491 92292 21:0 84491
84493 91756 21:0 84494
84493 91762 21:0 84494
84493 91749 21:0 84494
84493 319 1:0 84495
84493 91751 21:0 84499
84498 91742 21:0 84499
84498 91750 21:0 84499
84498 329 1:0 84510
84498 87 21:0 84514
84507 327 1:0 84507
84513 149 21:0 84514
84513 185 21:0 84514
84513 81 21:0 84514
84513 165 21:0 84514
84513 61 21:0 84514
84513 91950 21:0 84514
84513 55381 1:0 84516
84513 91884 21:0 84519
84518 92025 21:0 84519
84518 91917 21:0 84519
84518 92091 21:0 84519
84518 91860 21:0 84519
84518 91959 21:0 84519
84518 92124 21:0 84519
84519 92305 21:0 84529
84528 55991 1:0 84530
84528 91747 21:0 84552
84535 55995 1:0 84535
84551 92163 21:0 84555
84554 56007 1:0 84556
84554 92193 21:0 84563
84562 92194 21:0 84572
84565 56011 1:0 84567
84569 92292 1:0 84569
84571 92195 21:0 84575
84574 56014 1:0 84577
84574 92196 21:0 84654
84582 56019 1:0 84582
84602 56032 1:0 84604
84637 56041 1:0 84639
84646 56043 1:0 84649
84653 56014 21:0 84657
84656 56011 21:0 84657
84656 56046 1:0 84659
84656 56007 21:0 84683
84664 56050 1:0 84664
84682 92262 1:0 84682
84682 319 21:0 84683
84682 321 21:0 84683
84682 317 21:0 84683
84682 92013 21:0 84683
84682 91940 21:0 84686
84685 56043 21:0 84686
84685 91848 21:0 84686
84685 91879 21:0 84686
84685 56032 21:0 84686
84685 56046 21:0 84686
84685 56041 21:0 84686
84685 56064 1:0 84687
84685 55381 21:0 84689
84688 56019 21:0 84689
84688 91906 21:0 84689
84688 91840 21:0 84689
84688 91939 21:0 84689
84688 73 21:0 84689
84688 325 21:0 84689
84688 323 21:0 84689
84688 91827 21:0 84689
84688 327 21:0 84689
84688 92223 21:0 84689
84688 55995 21:0 84689
84688 92157 21:0 84689
84688 56050 21:0 84689
84688 92307 21:0 84689
84689 92260 1:0 84689
84689 56064 21:0 84694
84690 92261 1:0 84690
84693 91782 21:0 84694
84693 91978 21:0 84694
84693 91809 21:0 84697
84696 25 21:0 84697
84696 91752 21:0 84697
84696 311 21:0 84697
84696 313 21:0 84697
84696 315 21:0 84697
84696 329 21:0 84697
84696 92079 21:0 84697
84696 92000 21:0 84697
84696 55991 21:0 84697
84696 91785 21:0 84697
84696 277 21:0 84697
84696 115 21:0 84697
84696 56068 1:0 84698
84696 92181 21:0 84700
84699 92071 21:0 84700
84699 92038 21:0 84700
84699 91741 21:0 84700
84699 92005 21:0 84700
84699 253 21:0 84700
84699 179 21:0 84700
84699 91992 21:0 84700
84699 92137 21:0 84700
84699 91873 21:0 84700
84699 91761 21:0 84700
84699 91774 21:0 84700
84699 92104 21:0 84700
84699 91893 21:0 84700
84699 91926 21:0 84700
84699 91794 21:0 84700
84699 92203 21:0 84700
84699 92170 21:0 84700
84699 91807 21:0 84700
84699 92190 21:0 84700
84700 92259 1:0 84700
84700 56068 21:0 84703
84702 91948 21:0 84703
84702 92020 21:0 84703
84702 91908 21:0 84706
84705 275 21:0 84706
84705 113 21:0 84706
84705 147 21:0 84706
84705 91849 21:0 84706
84705 91915 21:0 84706
84705 309 21:0 84706
84705 56071 1:0 84708
84705 41 21:0 84710
84709 217 21:0 84710
84709 287 21:0 84710
84709 53 21:0 84710
84709 55 21:0 84710
84709 109 21:0 84710
84709 161 21:0 84710
84709 91 21:0 84710
84709 143 21:0 84710
84709 197 21:0 84710
84709 92236 21:0 84710
84709 71 21:0 84710
84709 215 21:0 84710
84709 127 21:0 84710
84709 107 21:0 84710
84709 271 21:0 84710
84709 125 21:0 84710
84709 163 21:0 84710
84709 89 21:0 84710
84709 251 21:0 84710
84709 91972 21:0 84710
84709 92058 21:0 84710
84709 145 21:0 84710
84709 305 21:0 84710
84709 92256 21:0 84710
84709 233 21:0 84710
84709 199 21:0 84710
84709 35 21:0 84710
84709 289 21:0 84710
84709 181 21:0 84710
84709 37 21:0 84710
84709 235 21:0 84710
84709 269 21:0 84710
84710 56071 21:0 84731
84713 56076 1:0 84713
84715 92256 1:0 84715
84730 92046 21:0 84734
84733 56089 1:0 84735
84733 91796 21:0 84785
84768 56098 1:0 84770
84777 56100 1:0 84780
84784 92077 21:0 84788
84787 56103 1:0 84790
84787 91916 21:0 84814
84792 305 1:0 84792
84795 56107 1:0 84795
84797 92236 1:0 84797
84813 92229 1:0 84813
84813 91776 21:0 84814
84813 91973 21:0 84814
84813 91822 21:0 84817
84816 301 21:0 84817
84816 92148 21:0 84817
84816 91818 21:0 84817
84816 56100 21:0 84817
84816 92033 21:0 84817
84816 91817 21:0 84817
84816 56121 1:0 84818
84816 91851 21:0 84820
84819 56107 21:0 84820
84819 307 21:0 84820
84819 305 21:0 84820
84819 56076 21:0 84820
84820 92227 1:0 84820
84820 56121 21:0 84825
84821 92228 1:0 84821
84824 91808 21:0 84825
84824 91813 21:0 84825
84824 91941 21:0 84828
84827 91783 21:0 84828
84827 297 21:0 84828
84827 295 21:0 84828
84827 56089 21:0 84828
84827 56098 21:0 84828
84827 56103 21:0 84828
84827 92048 21:0 84828
84827 56125 1:0 84829
84827 92115 21:0 84831
84831 92226 1:0 84831
84831 56125 21:0 84834
84832 56128 1:0 84839
84832 275 1:0 84840
84832 56155 1:0 84840
84832 277 1:0 84840
84832 289 1:0 84840
84832 92223 1:0 84840
84832 56133 1:0 84840
84832 56157 1:0 84840
84832 56146 1:0 84840
84832 287 1:0 84857
84832 56160 1:0 84857
84832 56164 1:0 84857
84832 56178 1:0 84857
84832 92196 1:0 84857
84832 92203 1:0 84857
84832 271 1:0 84963
84832 56190 1:0 84975
84832 92190 1:0 84977
84832 92181 1:0 84978
84832 56212 1:0 84985
84832 92170 1:0 84988
84832 56221 1:0 84988
84832 269 1:0 84988
84832 56214 1:0 84988
84832 92148 1:0 85099
84832 92157 1:0 85099
84832 56247 1:0 85099
84832 253 1:0 85099
84832 251 1:0 85120
84832 56278 1:0 85120
84832 92137 1:0 85122
84832 92115 1:0 85233
84832 56304 1:0 85233
84832 235 1:0 85233
84832 92124 1:0 85233
84832 92104 1:0 85250
84832 56335 1:0 85250
84832 233 1:0 85250
84832 92091 1:0 85365
84832 56361 1:0 85365
84832 217 1:0 85365
84832 56392 1:0 85382
84832 215 1:0 85382
84832 92071 1:0 85384
84832 199 1:0 85496
84832 56418 1:0 85496
84832 92058 1:0 85496
84832 56449 1:0 85513
84832 197 1:0 85513
84832 92038 1:0 85515
84832 181 1:0 85618
84832 56475 1:0 85628
84832 92025 1:0 85628
84832 179 1:0 85643
84832 56506 1:0 85643
84832 92005 1:0 85643
84832 163 1:0 85749
84832 91992 1:0 85759
84832 56532 1:0 85759
84832 161 1:0 85774
84832 56563 1:0 85774
84832 91972 1:0 85774
84832 56589 1:0 85886
84832 145 1:0 85886
84832 91959 1:0 85886
84832 91939 1:0 85905
84832 56620 1:0 85905
84832 143 1:0 85905
84832 91926 1:0 86017
84832 56646 1:0 86019
84832 127 1:0 86019
84832 56677 1:0 86036
84832 91906 1:0 86036
84832 125 1:0 86036
84832 56703 1:0 86148
84832 91893 1:0 86148
84832 109 1:0 86148
84832 56734 1:0 86167
84832 107 1:0 86167
84832 91873 1:0 86167
84832 91860 1:0 86281
84832 91 1:0 86281
84832 56760 1:0 86281
84833 91763 21:0 84834
84833 92092 21:0 84834
84833 92007 21:0 84837
84835 92195 1:0 84943
84836 293 21:0 84837
84836 291 21:0 84837
84836 129 21:0 84837
84836 91987 21:0 84837
84836 91862 21:0 84837
84836 205 21:0 84837
84836 23 21:0 84841
84838 92194 1:0 84950
84841 56128 21:0 84862
84843 92193 1:0 84961
84858 56182 1:0 84960
84858 56217 1:0 84978
84858 56203 1:0 84985
84858 56271 1:0 85099
84858 56269 1:0 85122
84859 91862 1:0 84963
84861 91895 21:0 84865
84864 91861 21:0 84916
84866 91895 1:0 84954
84912 92163 1:0 84988
84915 303 21:0 84916
84915 299 21:0 84919
84917 91861 1:0 84954
84917 91987 1:0 84988
84918 283 21:0 84924
84920 56185 1:0 84970
84920 56260 1:0 85099
84923 285 21:0 84945
84925 56235 1:0 85080
84925 92007 1:0 85085
84940 92092 1:0 85094
84941 56274 1:0 85117
84944 119 21:0 84945
84944 281 21:0 84945
84944 85 21:0 84945
84944 231 21:0 84945
84944 33 21:0 84945
84944 177 21:0 84948
84947 229 21:0 84948
84947 279 21:0 84948
84947 69 21:0 84948
84947 56146 21:0 84948
84947 29 21:0 84948
84947 92082 21:0 84948
84947 92049 21:0 84948
84947 13 21:0 84948
84947 56160 21:0 84948
84947 277 21:0 84948
84947 56155 21:0 84948
84947 275 21:0 84948
84947 56157 21:0 84948
84947 79 21:0 84948
84947 92016 21:0 84951
84949 229 1:0 85085
84949 92082 1:0 85361
84950 56133 21:0 84951
84950 289 21:0 84951
84950 287 21:0 84951
84950 56164 21:0 84951
84951 56178 21:0 84956
84953 92161 1:0 85074
84954 92162 1:0 85082
84954 92160 1:0 85092
84955 91983 21:0 84956
84955 273 21:0 84956
84955 237 21:0 84956
84955 183 21:0 84956
84955 261 21:0 84956
84955 265 21:0 84956
84955 21 21:0 84956
84955 99 21:0 84956
84955 45 21:0 84956
84955 255 21:0 84956
84955 203 21:0 84956
84955 131 21:0 84956
84955 167 21:0 84956
84955 133 21:0 84956
84955 59 21:0 84956
84955 201 21:0 84956
84955 225 21:0 84956
84955 257 21:0 84956
84955 97 21:0 84956
84955 43 21:0 84956
84955 77 21:0 84956
84955 169 21:0 84956
84955 135 21:0 84956
84955 63 21:0 84956
84955 117 21:0 84956
84955 75 21:0 84959
84957 255 1:0 84963
84957 257 1:0 84963
84957 261 1:0 84978
84957 56239 1:0 85091
84957 237 1:0 85099
84957 91763 1:0 85122
84957 56328 1:0 85233
84957 92049 1:0 85492
84958 39 21:0 84959
84958 27 21:0 84959
84958 151 21:0 84959
84958 153 21:0 84959
84958 243 21:0 84959
84958 239 21:0 84959
84958 171 21:0 84959
84958 57 21:0 84959
84958 9 21:0 84959
84958 241 21:0 84959
84960 243 1:0 85094
84960 241 1:0 85094
84960 239 1:0 85099
84960 56242 1:0 85101
84960 56326 1:0 85233
84960 92016 1:0 85618
84960 91840 1:0 86298
84960 89 1:0 86298
84960 56791 1:0 86298
84960 56817 1:0 86413
84960 91827 1:0 86413
84960 73 1:0 86413
84962 56182 21:0 84965
84963 92130 1:0 85122
84963 92129 1:0 85205
84964 267 21:0 84965
84969 92128 1:0 85212
84971 231 1:0 85216
84972 56185 21:0 84993
84974 91783 1:0 85216
84989 56292 1:0 85211
84989 56296 1:0 85222
84992 263 21:0 84996
84995 56190 21:0 84996
84995 271 21:0 84996
84999 56203 21:0 85028
85002 92127 1:0 85223
85027 261 21:0 85031
85034 56212 21:0 85037
85036 259 21:0 85037
85044 56214 21:0 85047
85046 257 21:0 85047
85054 92171 1:0 85054
85054 56217 21:0 85071
85070 255 21:0 85076
85075 56221 21:0 85076
85075 269 21:0 85076
85082 56235 21:0 85087
85084 92048 1:0 85225
85084 56299 1:0 85232
85084 225 1:0 85233
85084 56331 1:0 85233
85084 56317 1:0 85250
85084 91941 1:0 85250
85084 56349 1:0 85342
85084 203 1:0 85356
85084 205 1:0 85361
85084 56383 1:0 85361
85084 56385 1:0 85365
85085 92097 1:0 85250
85085 92096 1:0 85336
85086 92159 1:0 85086
85086 247 21:0 85087
85093 56239 21:0 85096
85094 92095 1:0 85343
85094 69 1:0 85347
85094 91813 1:0 85347
85094 56353 1:0 85353
85094 92077 1:0 85356
85094 56356 1:0 85363
85095 249 21:0 85096
85100 92094 1:0 85354
85102 92079 1:0 85384
85103 92158 1:0 85103
85103 56242 21:0 85124
85105 56848 1:0 86430
85105 71 1:0 86430
85108 92152 1:0 85108
85121 92064 1:0 85384
85122 91807 1:0 86432
85123 92147 1:0 85123
85123 245 21:0 85127
85126 253 21:0 85127
85126 56247 21:0 85127
85130 56260 21:0 85159
85132 92145 1:0 85132
85132 92146 1:0 85132
85132 92143 1:0 85132
85133 201 1:0 85361
85133 56374 1:0 85365
85133 56388 1:0 85384
85133 56406 1:0 85473
85133 29 1:0 85478
85133 56442 1:0 85492
85133 185 1:0 85492
85133 56440 1:0 85496
85133 56445 1:0 85496
85133 169 1:0 85618
85133 91983 1:0 85749
85133 55 1:0 86543
85133 56874 1:0 86543
85158 92139 1:0 85158
85158 243 21:0 85162
85165 56269 21:0 85168
85167 241 21:0 85168
85175 56271 21:0 85178
85177 239 21:0 85178
85185 92138 1:0 85185
85185 56274 21:0 85202
85190 92132 1:0 85190
85201 237 21:0 85207
85206 56278 21:0 85207
85206 251 21:0 85207
85213 56292 21:0 85218
85215 92062 1:0 85467
85216 92063 1:0 85475
85216 91808 1:0 85478
85216 56410 1:0 85484
85216 92033 1:0 85487
85216 183 1:0 85492
85216 56413 1:0 85494
85216 56431 1:0 85515
85216 171 1:0 85615
85216 165 1:0 85633
85217 92126 1:0 85217
85217 229 21:0 85218
85224 56296 21:0 85227
85225 92061 1:0 85485
85225 92031 1:0 85515
85226 231 21:0 85227
85228 92046 1:0 85515
85231 177 1:0 85609
85234 92125 1:0 85234
85234 56299 21:0 85255
85236 92029 1:0 85598
85239 92119 1:0 85239
85242 91794 1:0 86541
85243 53 1:0 86560
85243 56905 1:0 86560
85243 37 1:0 86672
85243 56931 1:0 86674
85251 56463 1:0 85604
85251 56502 1:0 85633
85251 91950 1:0 85888
85251 91774 1:0 86560
85251 91761 1:0 86672
85254 92114 1:0 85254
85254 227 21:0 85258
85257 235 21:0 85258
85257 56304 21:0 85258
85261 56317 21:0 85290
85263 92113 1:0 85263
85263 92112 1:0 85263
85263 92110 1:0 85263
85264 92030 1:0 85606
85289 92106 1:0 85289
85289 225 21:0 85293
85296 56326 21:0 85299
85298 223 21:0 85299
85306 56328 21:0 85309
85308 221 21:0 85309
85316 92105 1:0 85316
85316 56331 21:0 85333
85321 92099 1:0 85321
85332 219 21:0 85338
85337 56335 21:0 85338
85337 233 21:0 85338
85344 56349 21:0 85349
85346 92020 1:0 85609
85346 56467 1:0 85615
85346 92000 1:0 85618
85346 56470 1:0 85625
85346 167 1:0 85633
85346 56488 1:0 85633
85346 56497 1:0 85640
85346 56499 1:0 85643
85346 151 1:0 85746
85346 153 1:0 85746
85346 56559 1:0 85771
85347 92028 1:0 85616
85347 91998 1:0 85643
85348 92093 1:0 85348
85348 211 21:0 85349
85355 56353 21:0 85358
85356 92013 1:0 85643
85356 91997 1:0 85729
85357 213 21:0 85358
85359 91996 1:0 85736
85362 56520 1:0 85735
85362 13 1:0 85740
85362 91817 1:0 85740
85362 91973 1:0 85749
85364 56524 1:0 85746
85365 56356 21:0 85386
85367 35 1:0 86691
85367 56962 1:0 86691
85370 92086 1:0 85370
85383 91995 1:0 85747
85384 91741 1:0 86691
85385 92081 1:0 85385
85385 209 21:0 85389
85388 56361 21:0 85389
85388 217 21:0 85389
85392 56374 21:0 85421
85394 92080 1:0 85394
85395 147 1:0 85759
85395 56545 1:0 85764
85395 149 1:0 85764
85395 56556 1:0 85771
85395 91978 1:0 85774
85395 56554 1:0 85774
85395 131 1:0 85880
85395 133 1:0 85880
85395 135 1:0 85880
85395 56611 1:0 85888
85395 56613 1:0 85888
85395 56668 1:0 86019
85395 91917 1:0 86019
85395 56988 1:0 86800
85395 19 1:0 86800
85420 92073 1:0 85420
85420 207 21:0 85424
85427 56383 21:0 85430
85429 205 21:0 85430
85437 56385 21:0 85440
85439 203 21:0 85440
85447 92072 1:0 85447
85447 56388 21:0 85464
85452 92066 1:0 85452
85463 201 21:0 85469
85468 56392 21:0 85469
85468 215 21:0 85469
85475 56406 21:0 85480
85477 91965 1:0 85774
85478 56527 1:0 85756
85478 91964 1:0 85860
85478 56577 1:0 85866
85478 91822 1:0 85871
85478 85 1:0 85871
85478 56581 1:0 85877
85479 92060 1:0 85479
85479 193 21:0 85480
85486 56410 21:0 85489
85487 91963 1:0 85867
85487 91962 1:0 85878
85488 195 21:0 85489
85490 91948 1:0 85880
85495 91932 1:0 85905
85496 92059 1:0 85496
85496 56413 21:0 85517
85498 129 1:0 85886
85498 56584 1:0 85887
85498 56602 1:0 85888
85498 56616 1:0 85905
85498 117 1:0 86011
85501 92053 1:0 85501
85504 91728 1:0 86811
85505 17 1:0 86888
85505 57019 1:0 86891
85513 91940 1:0 85905
85514 56634 1:0 85997
85514 119 1:0 86002
85514 91916 1:0 86002
85515 91708 1:0 86893
85516 191 21:0 85520
85519 199 21:0 85520
85519 56418 21:0 85520
85523 56431 21:0 85552
85525 92047 1:0 85525
85525 92044 1:0 85525
85526 56670 1:0 86019
85526 56659 1:0 86019
85526 115 1:0 86019
85526 113 1:0 86019
85526 56673 1:0 86036
85526 97 1:0 86142
85526 56727 1:0 86150
85526 56725 1:0 86150
85526 91884 1:0 86150
85551 92040 1:0 85551
85551 189 21:0 85555
85558 56440 21:0 85561
85568 56442 21:0 85571
85578 92039 1:0 85578
85578 56445 21:0 85595
85594 56449 21:0 85595
85606 56463 21:0 85611
85608 91930 1:0 85991
85609 91931 1:0 85999
85609 91929 1:0 86009
85610 92027 1:0 85610
85617 56467 21:0 85620
85618 56638 1:0 86008
85618 91915 1:0 86011
85618 56641 1:0 86018
85618 91899 1:0 86036
85618 91908 1:0 86036
85618 56691 1:0 86128
85624 91898 1:0 86122
85627 92026 1:0 85627
85627 56470 21:0 85648
85645 91897 1:0 86129
85647 92015 1:0 85647
85647 56475 21:0 85648
85654 56488 21:0 85683
85656 92014 1:0 85656
85656 92011 1:0 85656
85657 91776 1:0 86133
85657 99 1:0 86148
85657 56716 1:0 86150
85657 77 1:0 86270
85657 91851 1:0 86273
85657 56784 1:0 86281
85689 56497 21:0 85692
85699 56499 21:0 85702
85709 92006 1:0 85709
85709 56502 21:0 85726
85725 56506 21:0 85726
85737 56520 21:0 85742
85739 33 1:0 86133
85739 56695 1:0 86139
85739 91796 1:0 86142
85739 91879 1:0 86167
85740 91896 1:0 86140
85740 91866 1:0 86167
85741 91994 1:0 85741
85748 56524 21:0 85751
85749 56698 1:0 86149
85749 56730 1:0 86167
85749 91865 1:0 86253
85749 56748 1:0 86259
85749 91849 1:0 86264
85749 87 1:0 86264
85749 75 1:0 86270
85749 56752 1:0 86270
85749 56773 1:0 86281
85749 81 1:0 86281
85755 91864 1:0 86260
85758 91993 1:0 85758
85758 56527 21:0 85779
85776 91863 1:0 86271
85778 91982 1:0 85778
85778 56532 21:0 85779
85785 56545 21:0 85814
85787 91981 1:0 85787
85787 91980 1:0 85787
85788 91809 1:0 86273
85788 79 1:0 86281
85788 56782 1:0 86281
85788 56787 1:0 86298
85788 57 1:0 86404
85788 91818 1:0 86409
85813 91974 1:0 85813
85820 56554 21:0 85823
85830 56556 21:0 85833
85840 56559 21:0 85857
85845 91967 1:0 85845
85856 56563 21:0 85857
85868 56577 21:0 85873
85870 91833 1:0 86298
85871 56755 1:0 86280
85871 91848 1:0 86298
85871 91832 1:0 86384
85871 56805 1:0 86390
85871 56866 1:0 86395
85872 91961 1:0 85872
85879 56581 21:0 85882
85880 91831 1:0 86391
85880 91782 1:0 86395
85883 91830 1:0 86402
85886 56809 1:0 86401
85886 56976 1:0 86404
85886 56812 1:0 86404
85886 63 1:0 86404
85886 61 1:0 86409
85886 56841 1:0 86409
85886 59 1:0 86409
85886 56830 1:0 86409
85886 56839 1:0 86413
85886 91747 1:0 86432
85886 56844 1:0 86432
85889 91960 1:0 85889
85889 56584 21:0 85910
85894 91954 1:0 85894
85907 91800 1:0 86432
85909 91949 1:0 85909
85909 56589 21:0 85910
85916 56602 21:0 85945
85918 91947 1:0 85918
85918 91945 1:0 85918
85919 56862 1:0 86432
85919 56869 1:0 86535
85919 45 1:0 86535
85919 39 1:0 86535
85919 43 1:0 86541
85919 91785 1:0 86543
85919 56896 1:0 86543
85951 56611 21:0 85954
85961 56613 21:0 85964
85971 56616 21:0 85988
85976 91934 1:0 85976
85987 56620 21:0 85988
85999 56634 21:0 86004
86001 91798 1:0 86515
86002 91799 1:0 86523
86002 91742 1:0 86526
86002 91750 1:0 86526
86002 91751 1:0 86535
86003 91928 1:0 86003
86010 56638 21:0 86013
86011 91797 1:0 86533
86011 91767 1:0 86560
86014 56919 1:0 86560
86017 41 1:0 86543
86017 56901 1:0 86543
86017 56898 1:0 86543
86017 56887 1:0 86560
86017 91749 1:0 86560
86017 21 1:0 86666
86017 23 1:0 86672
86017 56955 1:0 86674
86020 91927 1:0 86020
86020 56641 21:0 86041
86025 91921 1:0 86025
86037 91765 1:0 86646
86038 91762 1:0 86657
86038 56923 1:0 86663
86040 56646 21:0 86041
86047 56659 21:0 86076
86049 91914 1:0 86049
86049 91912 1:0 86049
86050 91756 1:0 86657
86050 27 1:0 86666
86050 56953 1:0 86674
86050 91752 1:0 86674
86050 56944 1:0 86674
86050 25 1:0 86674
86082 56668 21:0 86085
86092 56670 21:0 86095
86102 91907 1:0 86102
86102 56673 21:0 86119
86107 91901 1:0 86107
86118 56677 21:0 86119
86130 56691 21:0 86135
86132 91766 1:0 86654
86133 91764 1:0 86664
86133 91743 1:0 86666
86133 56926 1:0 86673
86133 91736 1:0 86691
86133 56958 1:0 86691
86133 9 1:0 86800
86133 57010 1:0 86820
86133 7 1:0 86825
86133 91719 1:0 86825
86141 56695 21:0 86144
86142 91734 1:0 86691
86142 91732 1:0 86777
86150 91733 1:0 86785
86151 91894 1:0 86151
86151 56698 21:0 86172
86153 91730 1:0 86788
86156 91888 1:0 86156
86168 357 1:0 86788
86169 56980 1:0 86794
86169 91723 1:0 86797
86171 91883 1:0 86171
86171 56703 21:0 86172
86178 56716 21:0 86207
86180 91881 1:0 86180
86180 91882 1:0 86180
86181 56983 1:0 86800
86181 91717 1:0 86800
86206 91875 1:0 86206
86213 56725 21:0 86216
86223 56727 21:0 86226
86233 91874 1:0 86233
86233 56730 21:0 86250
86238 91868 1:0 86238
86249 56734 21:0 86250
86261 56748 21:0 86266
86263 91731 1:0 86795
86264 57001 1:0 86800
86264 91716 1:0 86800
86264 91729 1:0 86805
86264 91718 1:0 86825
86264 91714 1:0 86825
86264 91710 1:0 86860
86264 5 1:0 86871
86264 57012 1:0 86876
86264 356 1:0 86879
86264 3 1:0 86879
86264 57015 1:0 86886
86264 189 1:0 87715
86272 56752 21:0 86275
86273 91709 1:0 86887
86282 56755 21:0 86303
86287 91855 1:0 86287
86302 91850 1:0 86302
86302 56760 21:0 86303
86309 56773 21:0 86338
86311 91846 1:0 86311
86337 91842 1:0 86337
86344 56782 21:0 86347
86354 56784 21:0 86357
86364 91841 1:0 86364
86364 56787 21:0 86381
86369 91835 1:0 86369
86380 56791 21:0 86381
86392 56805 21:0 86397
86396 91829 1:0 86396
86403 56809 21:0 86406
86413 91828 1:0 86413
86413 56812 21:0 86434
86433 56817 21:0 86434
86440 56830 21:0 86469
86442 91815 1:0 86442
86442 91816 1:0 86442
86475 56839 21:0 86478
86485 56841 21:0 86488
86495 56844 21:0 86512
86500 91802 1:0 86500
86511 56848 21:0 86512
86523 56862 21:0 86528
86534 56866 21:0 86537
86544 91795 1:0 86544
86544 56869 21:0 86565
86549 91789 1:0 86549
86564 91784 1:0 86564
86564 56874 21:0 86565
86571 56887 21:0 86600
86573 91780 1:0 86573
86606 56896 21:0 86609
86616 56898 21:0 86619
86626 91775 1:0 86626
86626 56901 21:0 86643
86631 91769 1:0 86631
86642 56905 21:0 86643
86654 56919 21:0 86659
86665 56923 21:0 86668
86675 56926 21:0 86696
86695 56931 21:0 86696
86702 56944 21:0 86731
86737 56953 21:0 86740
86747 56955 21:0 86750
86757 56958 21:0 86774
86773 56962 21:0 86774
86785 56976 21:0 86790
86796 56980 21:0 86799
86806 56983 21:0 86827
86826 56988 21:0 86827
86833 57001 21:0 86862
86868 57010 21:0 86871
86878 57012 21:0 86881
86888 57015 21:0 86905
86904 57019 21:0 86905
86914 93359 21:0 86915
86915 93360 21:0 86926
86925 3 21:0 86926
86925 17 21:0 86926
86926 93361 21:0 86954
86953 356 21:0 86959
86958 7 21:0 86959
86958 93370 21:0 86959
86958 5 21:0 86959
86961 357 21:0 86970
86969 93367 21:0 86970
86969 93379 21:0 86970
86969 19 21:0 86970
86969 93380 21:0 86970
86972 93382 21:0 86980
86979 93384 21:0 87030
87029 93383 21:0 87046
87045 93385 21:0 87051
87050 93415 21:0 87070
87067 93426 21:0 87067
87069 93416 21:0 87122
87078 93427 21:0 87078
87106 93433 21:0 87106
87106 93431 21:0 87106
87111 93435 21:0 87111
87113 93420 21:0 87113
87119 93446 21:0 87119
87121 93417 21:0 87127
87126 93418 21:0 87132
87131 93448 21:0 87187
87134 93440 21:0 87134
87182 93466 21:0 87182
87182 93464 21:0 87182
87186 93449 21:0 87203
87187 93468 21:0 87187
87189 93453 21:0 87189
87195 93479 21:0 87195
87202 93450 21:0 87208
87207 93451 21:0 87258
87210 93473 21:0 87210
87219 93492 21:0 87219
87230 93493 21:0 87230
87257 93481 21:0 87274
87258 93499 21:0 87258
87258 93497 21:0 87258
87265 93486 21:0 87265
87273 93483 21:0 87279
87278 93482 21:0 87298
87279 93513 21:0 87279
87286 93506 21:0 87286
87295 93525 21:0 87295
87297 93484 21:0 87350
87334 93530 21:0 87334
87334 93533 21:0 87334
87341 93519 21:0 87341
87347 93545 21:0 87347
87349 93514 21:0 87355
87354 93516 21:0 87360
87355 93546 21:0 87355
87359 93515 21:0 87415
87362 93539 21:0 87362
87371 93558 21:0 87371
87410 93566 21:0 87410
87410 93565 21:0 87410
87414 93517 21:0 87431
87415 93567 21:0 87415
87423 93578 21:0 87423
87430 93547 21:0 87436
87435 93548 21:0 87486
87438 93572 21:0 87438
87447 93591 21:0 87447
87458 93592 21:0 87458
87485 93549 21:0 87502
87486 93599 21:0 87486
87491 93600 21:0 87491
87493 93585 21:0 87493
87499 93611 21:0 87499
87501 93550 21:0 87507
87506 93580 21:0 87526
87514 93605 21:0 87514
87525 93582 21:0 87578
87562 93631 21:0 87562
87562 93632 21:0 87562
87562 93629 21:0 87562
87577 93581 21:0 87583
87582 93583 21:0 87588
87587 93613 21:0 87643
87590 93638 21:0 87590
87599 93657 21:0 87599
87638 93665 21:0 87638
87642 93614 21:0 87656
87643 93666 21:0 87643
87645 93651 21:0 87645
87651 93677 21:0 87651
87655 93615 21:0 87664
87659 93678 21:0 87659
87663 93616 21:0 87714
87666 93671 21:0 87666
87675 93690 21:0 87675
87686 93691 21:0 87686
87713 93646 21:0 87730
87714 93695 21:0 87714
87715 199 1:0 87725
87715 191 1:0 87726
87719 93699 21:0 87719
87721 93684 21:0 87721
87729 195 1:0 87731
87729 93647 21:0 87735
87734 193 1:0 87736
87734 93648 21:0 87754
87735 93711 21:0 87735
87739 201 1:0 87750
87742 93704 21:0 87742
87749 215 1:0 87749
87753 203 1:0 87754
87753 93649 21:0 87806
87757 205 1:0 87758
87789 207 1:0 87791
87790 93728 21:0 87790
87790 93731 21:0 87790
87790 93730 21:0 87790
87794 209 1:0 87802
87795 93732 21:0 87795
87797 93717 21:0 87797
87801 217 1:0 87801
87803 93743 21:0 87803
87805 213 1:0 87807
87805 93679 21:0 87811
87810 211 1:0 87812
87810 93680 21:0 87816
87811 93744 21:0 87811
87815 219 1:0 87826
87815 93681 21:0 87866
87818 93737 21:0 87818
87825 233 1:0 87825
87827 93756 21:0 87827
87829 221 1:0 87830
87833 223 1:0 87834
87838 93757 21:0 87838
87865 225 1:0 87867
87865 93682 21:0 87882
87866 93764 21:0 87866
87866 93763 21:0 87866
87866 93761 21:0 87866
87870 227 1:0 87878
87871 93765 21:0 87871
87873 93750 21:0 87873
87877 235 1:0 87877
87879 93776 21:0 87879
87881 231 1:0 87883
87881 93712 21:0 87892
87886 229 1:0 87888
87887 93777 21:0 87887
87891 237 1:0 87902
87891 93714 21:0 87942
87894 93770 21:0 87894
87901 251 1:0 87901
87903 93789 21:0 87903
87905 239 1:0 87906
87909 241 1:0 87910
87914 93790 21:0 87914
87941 243 1:0 87943
87941 93713 21:0 87958
87942 93794 21:0 87942
87942 93797 21:0 87942
87942 93796 21:0 87942
87946 245 1:0 87954
87947 93798 21:0 87947
87949 93783 21:0 87949
87953 253 1:0 87953
87955 93809 21:0 87955
87957 249 1:0 87959
87957 93715 21:0 87963
87962 247 1:0 87964
87962 93745 21:0 87982
87963 93810 21:0 87963
87967 255 1:0 87978
87977 269 1:0 87977
87981 257 1:0 87982
87981 93746 21:0 88034
87985 259 1:0 87986
88017 261 1:0 88019
88022 263 1:0 88030
88029 271 1:0 88029
88033 267 1:0 88035
88033 93747 21:0 88039
88038 265 1:0 88040
88038 93748 21:0 88044
88043 93368 21:0 88044
88043 273 1:0 88054
88043 93369 21:0 88058
88053 287 1:0 88053
88057 275 1:0 88058
88057 93365 21:0 88094
88061 277 1:0 88062
88093 279 1:0 88095
88093 93778 21:0 88110
88098 281 1:0 88106
88105 289 1:0 88105
88109 285 1:0 88111
88109 93780 21:0 88115
88112 93877 21:0 88112
88114 283 1:0 88116
88114 93779 21:0 88134
88117 93878 21:0 88117
88117 93879 21:0 88117
88119 291 1:0 88130
88120 93880 21:0 88120
88129 305 1:0 88129
88133 293 1:0 88134
88133 93781 21:0 88186
88137 295 1:0 88138
88169 297 1:0 88171
88174 299 1:0 88182
88181 307 1:0 88181
88185 303 1:0 88187
88185 93811 21:0 88191
88188 93910 21:0 88188
88190 301 1:0 88192
88190 93812 21:0 88196
88193 93911 21:0 88193
88193 93912 21:0 88193
88195 309 1:0 88206
88195 93813 21:0 88251
88196 93913 21:0 88196
88205 323 1:0 88205
88209 311 1:0 88210
88213 313 1:0 88214
88245 315 1:0 88247
88250 317 1:0 88258
88250 93374 21:0 88262
88257 325 1:0 88257
88261 93402 21:0 88262
88261 93381 21:0 88262
88261 321 1:0 88263
88261 93407 21:0 88267
88264 93943 21:0 88264
88266 93387 21:0 88267
88266 93394 21:0 88267
88266 93393 21:0 88267
88266 319 1:0 88268
88266 93401 21:0 88272
88271 93413 21:0 88272
88271 93398 21:0 88272
88271 329 1:0 88283
88271 11 21:0 88287
88280 327 1:0 88280
88286 93469 21:0 88287
88286 189 21:0 88287
88286 257 21:0 88287
88286 241 21:0 88287
88286 129 21:0 88287
88286 55381 1:0 88289
88286 113 21:0 88292
88291 93854 21:0 88292
88291 93590 21:0 88292
88291 93742 21:0 88292
88291 55 21:0 88292
88291 93709 21:0 88292
88291 35 21:0 88292
88291 215 21:0 88292
88291 127 21:0 88292
88291 53 21:0 88292
88291 93491 21:0 88292
88291 287 21:0 88292
88291 143 21:0 88292
88291 93821 21:0 88292
88291 93841 21:0 88292
88291 93755 21:0 88292
88291 93577 21:0 88292
88291 93511 21:0 88292
88291 93392 21:0 88292
88291 93544 21:0 88292
88291 93874 21:0 88292
88291 93478 21:0 88292
88291 93623 21:0 88292
88291 93643 21:0 88292
88291 93458 21:0 88292
88291 93656 21:0 88292
88291 93676 21:0 88292
88291 93722 21:0 88292
88291 93808 21:0 88292
88291 93610 21:0 88292
88291 93775 21:0 88292
88291 93524 21:0 88292
88291 93689 21:0 88292
88291 93557 21:0 88292
88291 93788 21:0 88292
88291 93445 21:0 88292
88292 93956 21:0 88302
88301 55991 1:0 88303
88301 93400 21:0 88325
88308 55995 1:0 88308
88324 93814 21:0 88328
88327 56007 1:0 88329
88327 93844 21:0 88336
88335 93845 21:0 88345
88338 56011 1:0 88340
88342 93943 1:0 88342
88344 93846 21:0 88348
88347 56014 1:0 88350
88347 93847 21:0 88427
88355 56019 1:0 88355
88375 56032 1:0 88377
88410 56041 1:0 88412
88419 56043 1:0 88422
88426 56014 21:0 88427
88426 56011 21:0 88430
88429 56046 1:0 88432
88429 56007 21:0 88456
88437 56050 1:0 88437
88455 93913 1:0 88455
88455 93500 21:0 88456
88455 321 21:0 88456
88455 319 21:0 88456
88455 317 21:0 88456
88455 93434 21:0 88459
88458 93552 21:0 88459
88458 56041 21:0 88459
88458 56043 21:0 88459
88458 56046 21:0 88459
88458 56032 21:0 88459
88458 93612 21:0 88459
88458 56064 1:0 88460
88458 55991 21:0 88462
88461 93958 21:0 88462
88461 327 21:0 88462
88461 56050 21:0 88462
88461 55995 21:0 88462
88461 56019 21:0 88462
88462 93911 1:0 88462
88462 56064 21:0 88467
88463 93912 1:0 88463
88466 93579 21:0 88467
88466 93526 21:0 88467
88466 93662 21:0 88470
88469 315 21:0 88470
88469 55381 21:0 88470
88469 309 21:0 88470
88469 93697 21:0 88470
88469 329 21:0 88470
88469 93459 21:0 88470
88469 313 21:0 88470
88469 311 21:0 88470
88469 93832 21:0 88470
88469 93502 21:0 88470
88469 93766 21:0 88470
88469 93667 21:0 88470
88469 93733 21:0 88470
88469 56068 1:0 88471
88469 93568 21:0 88473
88472 163 21:0 88473
88472 233 21:0 88473
88472 125 21:0 88473
88472 325 21:0 88473
88472 323 21:0 88473
88472 271 21:0 88473
88472 251 21:0 88473
88472 107 21:0 88473
88472 37 21:0 88473
88472 269 21:0 88473
88472 73 21:0 88473
88472 145 21:0 88473
88472 91 21:0 88473
88472 235 21:0 88473
88472 89 21:0 88473
88472 181 21:0 88473
88472 307 21:0 88473
88472 305 21:0 88473
88472 93425 21:0 88473
88472 93412 21:0 88473
88472 93887 21:0 88473
88472 161 21:0 88473
88472 93907 21:0 88473
88472 289 21:0 88473
88472 179 21:0 88473
88472 217 21:0 88473
88472 253 21:0 88473
88472 199 21:0 88473
88472 197 21:0 88473
88472 109 21:0 88473
88472 71 21:0 88473
88473 93910 1:0 88473
88473 56068 21:0 88476
88475 93710 21:0 88476
88475 93447 21:0 88476
88475 93633 21:0 88479
88478 147 21:0 88479
88478 135 21:0 88479
88478 93598 21:0 88479
88478 93460 21:0 88479
88478 41 21:0 88479
88478 239 21:0 88479
88478 56071 1:0 88481
88478 223 21:0 88483
88483 307 1:0 88483
88483 56071 21:0 88504
88486 56076 1:0 88486
88488 93907 1:0 88488
88503 93664 21:0 88507
88506 56089 1:0 88508
88506 93563 21:0 88558
88541 56098 1:0 88543
88550 56100 1:0 88553
88557 93658 21:0 88561
88560 56103 1:0 88563
88560 93644 21:0 88587
88565 305 1:0 88565
88568 56107 1:0 88568
88570 93887 1:0 88570
88586 93880 1:0 88586
88586 93698 21:0 88587
88586 93559 21:0 88587
88586 93534 21:0 88590
88589 93414 21:0 88590
88589 56100 21:0 88590
88589 93799 21:0 88590
88589 93436 21:0 88590
88589 93532 21:0 88590
88589 301 21:0 88590
88589 56121 1:0 88591
88589 93535 21:0 88593
88592 307 21:0 88593
88592 56076 21:0 88593
88592 56107 21:0 88593
88592 305 21:0 88593
88593 93878 1:0 88593
88593 56121 21:0 88598
88594 93879 1:0 88594
88597 93512 21:0 88598
88597 93724 21:0 88598
88597 93625 21:0 88601
88600 56098 21:0 88601
88600 93645 21:0 88601
88600 56089 21:0 88601
88600 295 21:0 88601
88600 297 21:0 88601
88600 93467 21:0 88601
88600 56103 21:0 88601
88600 56125 1:0 88602
88600 93601 21:0 88604
88604 93877 1:0 88604
88604 56125 21:0 88607
88605 56128 1:0 88612
88605 93874 1:0 88613
88605 56133 1:0 88613
88605 289 1:0 88613
88605 56155 1:0 88613
88605 56160 1:0 88613
88605 56157 1:0 88613
88605 93847 1:0 88630
88605 56146 1:0 88630
88605 56164 1:0 88630
88605 93854 1:0 88630
88605 287 1:0 88630
88605 56178 1:0 88722
88605 93832 1:0 88736
88605 56190 1:0 88744
88605 56214 1:0 88744
88605 56217 1:0 88744
88605 271 1:0 88744
88605 93841 1:0 88744
88605 56212 1:0 88744
88605 269 1:0 88761
88605 93821 1:0 88761
88605 56221 1:0 88761
88605 56247 1:0 88876
88605 253 1:0 88876
88605 93808 1:0 88876
88605 251 1:0 88894
88605 56278 1:0 88894
88605 93788 1:0 88894
88605 235 1:0 88998
88605 56304 1:0 89010
88605 93775 1:0 89012
88605 233 1:0 89023
88605 93755 1:0 89023
88605 56335 1:0 89023
88605 217 1:0 89137
88605 93722 1:0 89137
88605 93742 1:0 89137
88605 56361 1:0 89137
88605 56392 1:0 89154
88605 215 1:0 89154
88605 93709 1:0 89269
88605 56418 1:0 89269
88605 199 1:0 89269
88605 56449 1:0 89288
88605 197 1:0 89288
88605 93689 1:0 89288
88605 181 1:0 89400
88605 56475 1:0 89400
88605 93676 1:0 89400
88605 179 1:0 89417
88605 56506 1:0 89417
88605 93656 1:0 89419
88605 56532 1:0 89527
88605 163 1:0 89527
88605 93643 1:0 89527
88605 93623 1:0 89550
88605 56563 1:0 89550
88605 161 1:0 89550
88605 56589 1:0 89659
88605 145 1:0 89659
88605 93610 1:0 89659
88605 93590 1:0 89678
88605 56620 1:0 89678
88605 143 1:0 89678
88605 93577 1:0 89790
88605 56646 1:0 89792
88605 127 1:0 89792
88605 125 1:0 89809
88605 93557 1:0 89809
88605 56677 1:0 89809
88605 109 1:0 89915
88605 56703 1:0 89925
88606 93480 21:0 88607
88606 93618 21:0 88607
88606 93501 21:0 88610
88608 93846 1:0 88716
88609 291 21:0 88610
88609 293 21:0 88610
88609 93723 21:0 88610
88609 187 21:0 88610
88609 93624 21:0 88610
88609 237 21:0 88610
88609 95 21:0 88614
88611 93845 1:0 88723
88614 56128 21:0 88635
88616 93844 1:0 88734
88622 93544 1:0 89925
88623 93524 1:0 89940
88631 93723 1:0 88736
88632 56182 1:0 88733
88632 93624 1:0 88761
88634 93596 21:0 88638
88637 303 21:0 88673
88639 93596 1:0 88727
88644 257 1:0 88744
88644 56203 1:0 88761
88644 239 1:0 88867
88644 93799 1:0 88872
88644 237 1:0 88872
88644 241 1:0 88872
88644 56269 1:0 88872
88672 299 21:0 88689
88685 93814 1:0 88761
88688 283 21:0 88689
88688 285 21:0 88692
88690 56185 1:0 88743
88690 56271 1:0 88876
88690 56734 1:0 89940
88690 107 1:0 89940
88690 93511 1:0 90055
88690 91 1:0 90055
88690 56760 1:0 90055
88690 56791 1:0 90073
88690 93491 1:0 90073
88690 89 1:0 90073
88690 56817 1:0 90182
88690 73 1:0 90182
88690 93478 1:0 90182
88691 281 21:0 88697
88696 175 21:0 88718
88714 93813 1:0 88847
88717 267 21:0 88718
88717 65 21:0 88718
88717 231 21:0 88718
88717 83 21:0 88718
88717 249 21:0 88718
88717 139 21:0 88721
88719 267 1:0 88727
88720 93634 21:0 88721
88720 141 21:0 88721
88720 56160 21:0 88721
88720 201 21:0 88721
88720 56155 21:0 88721
88720 39 21:0 88721
88720 61 21:0 88721
88720 93403 21:0 88721
88720 209 21:0 88721
88720 277 21:0 88721
88720 275 21:0 88721
88720 279 21:0 88721
88720 56146 21:0 88721
88720 273 21:0 88721
88720 173 21:0 88721
88720 56157 21:0 88721
88720 261 21:0 88721
88720 93700 21:0 88724
88722 261 1:0 88744
88723 289 21:0 88724
88723 287 21:0 88724
88723 56133 21:0 88724
88723 56164 21:0 88724
88724 56178 21:0 88729
88726 93812 1:0 88854
88727 56235 1:0 88853
88727 93501 1:0 88858
88727 249 1:0 88858
88727 56239 1:0 88864
88727 93811 1:0 88865
88727 93480 1:0 88867
88728 115 21:0 88729
88728 265 21:0 88729
88728 63 21:0 88729
88728 225 21:0 88729
88728 57 21:0 88729
88728 117 21:0 88729
88728 45 21:0 88729
88728 79 21:0 88729
88728 81 21:0 88729
88728 93 21:0 88729
88728 255 21:0 88729
88728 207 21:0 88729
88728 165 21:0 88729
88728 205 21:0 88729
88728 111 21:0 88729
88728 171 21:0 88729
88728 219 21:0 88729
88728 75 21:0 88729
88728 27 21:0 88729
88728 243 21:0 88732
88730 255 1:0 88736
88730 56260 1:0 88872
88730 56242 1:0 88874
88730 93618 1:0 88894
88730 56274 1:0 88894
88730 223 1:0 88998
88731 9 21:0 88732
88731 131 21:0 88732
88731 99 21:0 88732
88731 221 21:0 88732
88731 21 21:0 88732
88731 23 21:0 88732
88731 185 21:0 88732
88731 203 21:0 88732
88731 43 21:0 88732
88731 151 21:0 88732
88731 25 21:0 88732
88731 97 21:0 88732
88731 153 21:0 88732
88731 59 21:0 88732
88733 243 1:0 88867
88733 56292 1:0 88984
88733 221 1:0 88998
88733 219 1:0 88998
88733 56317 1:0 89020
88735 56182 21:0 88738
88736 93781 1:0 88894
88736 93779 1:0 88978
88737 267 21:0 88738
88742 93780 1:0 88986
88744 231 1:0 88989
88745 56185 21:0 88766
88747 93645 1:0 88989
88762 56296 1:0 88995
88762 225 1:0 89013
88762 56331 1:0 89020
88765 263 21:0 88769
88768 271 21:0 88769
88768 56190 21:0 88769
88772 56203 21:0 88801
88775 93778 1:0 88996
88800 261 21:0 88804
88807 56212 21:0 88810
88809 259 21:0 88810
88817 56214 21:0 88820
88819 257 21:0 88820
88827 56217 21:0 88844
88843 255 21:0 88849
88848 269 21:0 88849
88848 56221 21:0 88849
88855 56235 21:0 88860
88857 93467 1:0 88998
88857 56299 1:0 89005
88857 93766 1:0 89013
88857 56326 1:0 89020
88857 93625 1:0 89023
88857 56328 1:0 89023
88857 56349 1:0 89115
88857 203 1:0 89129
88857 207 1:0 89129
88857 56385 1:0 89137
88857 56383 1:0 89137
88857 205 1:0 89137
88857 201 1:0 89137
88857 93733 1:0 89154
88857 185 1:0 89260
88857 93700 1:0 89265
88857 93667 1:0 89396
88858 93748 1:0 89023
88858 93747 1:0 89109
88859 93810 1:0 88859
88859 247 21:0 88860
88866 56239 21:0 88869
88867 93746 1:0 89116
88867 209 1:0 89120
88867 93512 1:0 89120
88867 56353 1:0 89126
88867 93724 1:0 89129
88867 93414 1:0 89154
88868 249 21:0 88869
88873 93745 1:0 89127
88875 56374 1:0 89137
88875 56388 1:0 89154
88875 189 1:0 89265
88875 56431 1:0 89269
88876 93809 1:0 88876
88876 56242 21:0 88897
88878 71 1:0 90203
88878 56848 1:0 90205
88894 93715 1:0 89154
88895 93458 1:0 90205
88896 93798 1:0 88896
88896 245 21:0 88900
88899 253 21:0 88900
88899 56247 21:0 88900
88903 56260 21:0 88932
88905 93794 1:0 88905
88905 93797 1:0 88905
88905 93796 1:0 88905
88906 56356 1:0 89136
88906 56406 1:0 89246
88906 175 1:0 89251
88906 187 1:0 89265
88906 56442 1:0 89265
88906 56440 1:0 89269
88906 56499 1:0 89396
88906 93634 1:0 89527
88906 55 1:0 90308
88906 93445 1:0 90318
88906 56874 1:0 90318
88931 93790 1:0 88931
88931 243 21:0 88935
88938 56269 21:0 88941
88940 241 21:0 88941
88948 56271 21:0 88951
88950 239 21:0 88951
88958 93789 1:0 88958
88958 56274 21:0 88975
88963 93783 1:0 88963
88974 237 21:0 88980
88979 251 21:0 88980
88979 56278 21:0 88980
88986 56292 21:0 88991
88988 93713 1:0 89240
88989 93714 1:0 89248
88989 93698 1:0 89251
88989 56410 1:0 89257
88989 93710 1:0 89260
88989 56413 1:0 89267
88989 56445 1:0 89288
88989 93601 1:0 89661
88989 93425 1:0 90333
88989 53 1:0 90333
88989 56905 1:0 90333
88989 93412 1:0 90445
88989 37 1:0 90445
88989 56931 1:0 90447
88990 93777 1:0 88990
88990 229 21:0 88991
88997 56296 21:0 89000
88998 93712 1:0 89258
88998 93682 1:0 89288
88999 231 21:0 89000
89001 93697 1:0 89288
89004 173 1:0 89382
89007 93776 1:0 89007
89007 56299 21:0 89028
89009 93681 1:0 89371
89012 93770 1:0 89012
89024 93658 1:0 89382
89027 93765 1:0 89027
89027 227 21:0 89031
89030 235 21:0 89031
89030 56304 21:0 89031
89034 56317 21:0 89063
89036 93764 1:0 89036
89036 93763 1:0 89036
89036 93761 1:0 89036
89037 93680 1:0 89378
89062 93757 1:0 89062
89062 225 21:0 89066
89069 56326 21:0 89072
89071 223 21:0 89072
89079 56328 21:0 89082
89081 221 21:0 89082
89089 93756 1:0 89089
89089 56331 21:0 89106
89094 93750 1:0 89094
89105 219 21:0 89111
89110 56335 21:0 89111
89110 233 21:0 89111
89117 56349 21:0 89122
89119 56463 1:0 89377
89119 56467 1:0 89388
89119 93664 1:0 89391
89119 165 1:0 89391
89119 171 1:0 89396
89119 56488 1:0 89396
89119 56470 1:0 89398
89119 56497 1:0 89400
89119 56502 1:0 89419
89119 153 1:0 89522
89119 56559 1:0 89527
89119 56554 1:0 89527
89119 147 1:0 89527
89119 151 1:0 89527
89119 56556 1:0 89550
89120 93679 1:0 89389
89120 93649 1:0 89419
89121 93744 1:0 89121
89121 211 21:0 89122
89128 56353 21:0 89131
89129 93662 1:0 89419
89129 93648 1:0 89502
89130 213 21:0 89131
89132 93647 1:0 89509
89135 56520 1:0 89508
89135 93532 1:0 89513
89135 139 1:0 89513
89135 93644 1:0 89522
89137 56524 1:0 89519
89138 93743 1:0 89138
89138 56356 21:0 89159
89140 35 1:0 90464
89140 56962 1:0 90464
89143 93737 1:0 89143
89156 93646 1:0 89520
89157 93392 1:0 90464
89158 93732 1:0 89158
89158 209 21:0 89162
89161 56361 21:0 89162
89161 217 21:0 89162
89165 56374 21:0 89194
89167 93728 1:0 89167
89167 93731 1:0 89167
89167 93730 1:0 89167
89168 56527 1:0 89529
89168 56545 1:0 89545
89168 93633 1:0 89550
89168 93568 1:0 89792
89168 19 1:0 90573
89168 56988 1:0 90573
89168 93379 1:0 90584
89193 207 21:0 89197
89200 56383 21:0 89203
89202 205 21:0 89203
89210 56385 21:0 89213
89212 203 21:0 89213
89220 56388 21:0 89237
89225 93717 1:0 89225
89236 201 21:0 89242
89241 56392 21:0 89242
89241 215 21:0 89242
89248 56406 21:0 89253
89250 93616 1:0 89550
89251 93615 1:0 89633
89251 56577 1:0 89639
89251 141 1:0 89644
89251 93612 1:0 89644
89251 93559 1:0 89653
89251 131 1:0 89653
89251 135 1:0 89653
89251 56613 1:0 89661
89251 129 1:0 89661
89251 56611 1:0 89661
89251 56616 1:0 89661
89251 56668 1:0 89792
89252 93711 1:0 89252
89252 193 21:0 89253
89259 56410 21:0 89262
89260 93614 1:0 89640
89260 93613 1:0 89651
89261 195 21:0 89262
89263 56581 1:0 89650
89268 93583 1:0 89678
89269 56413 21:0 89290
89271 56584 1:0 89660
89271 56602 1:0 89678
89271 111 1:0 89784
89271 117 1:0 89784
89271 115 1:0 89790
89271 113 1:0 89792
89271 93535 1:0 89915
89271 17 1:0 90661
89271 57019 1:0 90664
89271 93359 1:0 90666
89274 93704 1:0 89274
89286 93598 1:0 89678
89287 56634 1:0 89770
89287 65 1:0 89775
89287 93579 1:0 89775
89289 93699 1:0 89289
89289 191 21:0 89293
89292 56418 21:0 89293
89292 199 21:0 89293
89296 56431 21:0 89325
89298 93695 1:0 89298
89299 56638 1:0 89781
89324 93691 1:0 89324
89324 189 21:0 89328
89331 56440 21:0 89334
89341 56442 21:0 89344
89351 93690 1:0 89351
89351 56445 21:0 89368
89356 93684 1:0 89356
89367 56449 21:0 89368
89379 56463 21:0 89384
89381 93581 1:0 89764
89382 93582 1:0 89772
89382 93580 1:0 89782
89383 93678 1:0 89383
89390 56467 21:0 89393
89391 93563 1:0 89784
89391 56641 1:0 89791
89391 56670 1:0 89792
89391 56673 1:0 89792
89391 93550 1:0 89809
89391 93552 1:0 89809
89391 56659 1:0 89809
89391 56691 1:0 89901
89391 97 1:0 89912
89391 93502 1:0 90051
89397 93549 1:0 89895
89400 93677 1:0 89400
89400 56470 21:0 89421
89405 93671 1:0 89405
89418 93548 1:0 89902
89420 93666 1:0 89420
89420 56475 21:0 89421
89427 56488 21:0 89456
89429 93665 1:0 89429
89430 83 1:0 89906
89430 93534 1:0 89906
89462 56497 21:0 89465
89472 56499 21:0 89475
89482 93657 1:0 89482
89482 56502 21:0 89499
89487 93651 1:0 89487
89498 56506 21:0 89499
89510 56520 21:0 89515
89512 93547 1:0 89913
89513 99 1:0 89912
89513 56695 1:0 89912
89513 93460 1:0 89915
89513 93 1:0 89930
89513 56730 1:0 89937
89513 56716 1:0 89937
89513 93517 1:0 89940
89513 93526 1:0 89940
89521 56524 21:0 89524
89522 56698 1:0 89922
89522 95 1:0 89930
89522 56725 1:0 89937
89522 56727 1:0 89940
89522 93515 1:0 90026
89522 56748 1:0 90032
89522 93447 1:0 90037
89522 11 1:0 90037
89522 56752 1:0 90043
89522 75 1:0 90046
89522 81 1:0 90051
89522 56782 1:0 90051
89522 56773 1:0 90055
89528 93516 1:0 90034
89531 56527 21:0 89552
89536 93638 1:0 89536
89549 93514 1:0 90044
89551 56532 21:0 89552
89558 56545 21:0 89587
89560 93631 1:0 89560
89560 93632 1:0 89560
89560 93629 1:0 89560
89561 93459 1:0 90046
89561 79 1:0 90051
89561 56784 1:0 90055
89561 56787 1:0 90073
89561 57 1:0 90177
89561 93469 1:0 90182
89593 56554 21:0 89596
89603 56556 21:0 89606
89613 56559 21:0 89630
89629 56563 21:0 89630
89641 56577 21:0 89646
89643 93484 1:0 90073
89644 56755 1:0 90053
89644 93500 1:0 90073
89644 93482 1:0 90157
89644 56805 1:0 90163
89644 93434 1:0 90168
89652 56581 21:0 89655
89653 93483 1:0 90165
89653 56923 1:0 90168
89656 93481 1:0 90175
89659 56809 1:0 90174
89659 56866 1:0 90177
89659 56812 1:0 90177
89659 59 1:0 90177
89659 63 1:0 90182
89659 56844 1:0 90182
89659 56839 1:0 90182
89659 61 1:0 90182
89659 56830 1:0 90200
89659 56841 1:0 90205
89659 93400 1:0 90205
89662 93611 1:0 89662
89662 56584 21:0 89683
89667 93605 1:0 89667
89680 93451 1:0 90205
89682 93600 1:0 89682
89682 56589 21:0 89683
89689 56602 21:0 89718
89691 93599 1:0 89691
89692 56862 1:0 90205
89692 43 1:0 90305
89692 93436 1:0 90308
89692 56869 1:0 90308
89692 45 1:0 90308
89692 39 1:0 90323
89692 41 1:0 90323
89717 93592 1:0 89717
89724 56611 21:0 89727
89734 56613 21:0 89737
89744 93591 1:0 89744
89744 56616 21:0 89761
89749 93585 1:0 89749
89760 56620 21:0 89761
89772 56634 21:0 89777
89774 93450 1:0 90288
89775 93449 1:0 90295
89775 93413 1:0 90299
89775 93398 1:0 90299
89775 93401 1:0 90308
89783 56638 21:0 89786
89784 93448 1:0 90306
89784 93418 1:0 90333
89787 56901 1:0 90323
89787 56887 1:0 90323
89787 56896 1:0 90330
89787 56898 1:0 90333
89787 23 1:0 90439
89787 21 1:0 90439
89787 25 1:0 90439
89790 56919 1:0 90333
89790 93394 1:0 90333
89793 93578 1:0 89793
89793 56641 21:0 89814
89798 93572 1:0 89798
89810 93417 1:0 90419
89811 93387 1:0 90430
89811 56976 1:0 90439
89813 93567 1:0 89813
89813 56646 21:0 89814
89820 56659 21:0 89849
89822 93566 1:0 89822
89822 93565 1:0 89822
89823 93393 1:0 90430
89823 56944 1:0 90447
89823 56953 1:0 90447
89823 56955 1:0 90447
89823 27 1:0 90447
89823 93403 1:0 90447
89855 56668 21:0 89858
89865 56670 21:0 89868
89875 93558 1:0 89875
89875 56673 21:0 89892
89891 56677 21:0 89892
89903 56691 21:0 89908
89905 93416 1:0 90426
89906 93415 1:0 90437
89906 93407 1:0 90439
89906 56926 1:0 90446
89906 93402 1:0 90464
89906 56958 1:0 90464
89906 9 1:0 90573
89906 57001 1:0 90573
89906 93370 1:0 90593
89906 57010 1:0 90593
89906 7 1:0 90598
89906 5 1:0 90644
89907 93546 1:0 89907
89914 56695 21:0 89917
89915 93385 1:0 90464
89915 93383 1:0 90550
89923 93384 1:0 90558
89924 93545 1:0 89924
89924 56698 21:0 89945
89926 358 1:0 90561
89929 93539 1:0 89929
89941 93381 1:0 90561
89942 56980 1:0 90567
89942 93374 1:0 90570
89944 56703 21:0 89945
89951 56716 21:0 89980
89953 93530 1:0 89953
89953 93533 1:0 89953
89954 93365 1:0 90573
89954 57012 1:0 90649
89954 3 1:0 90652
89954 57015 1:0 90659
89986 56725 21:0 89989
89996 56727 21:0 89999
90006 93525 1:0 90006
90006 56730 21:0 90023
90011 93519 1:0 90011
90022 56734 21:0 90023
90034 56748 21:0 90039
90036 93382 1:0 90568
90037 93369 1:0 90573
90037 56983 1:0 90573
90037 93380 1:0 90578
90037 93367 1:0 90598
90037 93368 1:0 90598
90037 93361 1:0 90633
90037 357 1:0 90652
90037 189 1:0 91488
90038 93513 1:0 90038
90045 56752 21:0 90048
90046 93360 1:0 90660
90055 56755 21:0 90076
90060 93506 1:0 90060
90075 56760 21:0 90076
90082 56773 21:0 90111
90084 93499 1:0 90084
90084 93497 1:0 90084
90110 93493 1:0 90110
90117 56782 21:0 90120
90127 56784 21:0 90130
90137 93492 1:0 90137
90137 56787 21:0 90154
90142 93486 1:0 90142
90153 56791 21:0 90154
90165 56805 21:0 90170
90176 56809 21:0 90179
90186 93479 1:0 90186
90186 56812 21:0 90207
90191 93473 1:0 90191
90206 93468 1:0 90206
90206 56817 21:0 90207
90213 56830 21:0 90242
90215 93466 1:0 90215
90215 93464 1:0 90215
90248 56839 21:0 90251
90258 56841 21:0 90261
90268 56844 21:0 90285
90273 93453 1:0 90273
90284 56848 21:0 90285
90296 56862 21:0 90301
90307 56866 21:0 90310
90317 93446 1:0 90317
90317 56869 21:0 90338
90322 93440 1:0 90322
90337 93435 1:0 90337
90337 56874 21:0 90338
90344 56887 21:0 90373
90346 93433 1:0 90346
90346 93431 1:0 90346
90372 93427 1:0 90372
90379 56896 21:0 90382
90389 56898 21:0 90392
90399 93426 1:0 90399
90399 56901 21:0 90416
90404 93420 1:0 90404
90415 56905 21:0 90416
90427 56919 21:0 90432
90438 56923 21:0 90441
90448 56926 21:0 90469
90468 56931 21:0 90469
90475 56944 21:0 90504
90510 56953 21:0 90513
90520 56955 21:0 90523
90530 56958 21:0 90547
90546 56962 21:0 90547
90558 56976 21:0 90563
90569 56980 21:0 90572
90579 56983 21:0 90600
90599 56988 21:0 90600
90606 57001 21:0 90635
90641 57010 21:0 90644
90651 57012 21:0 90654
90661 57015 21:0 90678
90677 57019 21:0 90678
90687 95010 21:0 90688
90688 95011 21:0 90699
90698 5 21:0 90699
90698 17 21:0 90699
90699 95012 21:0 90727
90726 357 21:0 90732
90731 7 21:0 90732
90731 95021 21:0 90732
90731 3 21:0 90732
90734 358 21:0 90743
90742 19 21:0 90743
90742 95031 21:0 90743
90742 95030 21:0 90743
90742 95018 21:0 90743
90745 95033 21:0 90753
90752 95035 21:0 90803
90802 95034 21:0 90819
90818 95036 21:0 90824
90823 95066 21:0 90843
90831 95058 21:0 90831
90842 95068 21:0 90895
90894 95067 21:0 90900
90899 95069 21:0 90905
90900 95098 21:0 90900
90904 95099 21:0 90960
90907 95091 21:0 90907
90916 95110 21:0 90916
90927 95111 21:0 90927
90955 95117 21:0 90955
90955 95115 21:0 90955
90955 95118 21:0 90955
90959 95101 21:0 90976
90960 95119 21:0 90960
90968 95130 21:0 90968
90975 95100 21:0 90981
90976 95131 21:0 90976
90980 95102 21:0 91031
90992 95143 21:0 90992
91003 95144 21:0 91003
91030 95132 21:0 91047
91031 95150 21:0 91031
91036 95152 21:0 91036
91038 95137 21:0 91038
91044 95163 21:0 91044
91046 95133 21:0 91052
91051 95134 21:0 91071
91052 95164 21:0 91052
91059 95157 21:0 91059
91068 95176 21:0 91068
91070 95135 21:0 91123
91107 95184 21:0 91107
91107 95183 21:0 91107
91107 95181 21:0 91107
91114 95170 21:0 91114
91122 95165 21:0 91128
91127 95166 21:0 91133
91132 95167 21:0 91188
91135 95190 21:0 91135
91144 95209 21:0 91144
91155 95210 21:0 91155
91183 95216 21:0 91183
91183 95214 21:0 91183
91187 95168 21:0 91204
91188 95218 21:0 91188
91203 95198 21:0 91209
91204 95230 21:0 91204
91208 95199 21:0 91259
91211 95223 21:0 91211
91220 95242 21:0 91220
91258 95200 21:0 91275
91259 95250 21:0 91259
91259 95247 21:0 91259
91264 95251 21:0 91264
91266 95236 21:0 91266
91274 95201 21:0 91280
91279 95231 21:0 91299
91280 95263 21:0 91280
91287 95256 21:0 91287
91296 95275 21:0 91296
91298 95232 21:0 91351
91335 95280 21:0 91335
91340 95284 21:0 91340
91342 95269 21:0 91342
91348 95295 21:0 91348
91350 95233 21:0 91356
91355 95234 21:0 91361
91356 95296 21:0 91356
91360 95264 21:0 91416
91383 95309 21:0 91383
91411 95313 21:0 91411
91411 95316 21:0 91411
91411 95315 21:0 91411
91415 95266 21:0 91427
91416 95317 21:0 91416
91418 95302 21:0 91418
91426 95265 21:0 91437
91432 95329 21:0 91432
91436 95267 21:0 91487
91439 95322 21:0 91439
91448 95341 21:0 91448
91459 95342 21:0 91459
91486 95297 21:0 91503
91487 95349 21:0 91487
91488 199 1:0 91498
91488 191 1:0 91499
91492 95350 21:0 91492
91494 95335 21:0 91494
91500 95361 21:0 91500
91502 195 1:0 91504
91502 95298 21:0 91508
91507 193 1:0 91509
91507 95299 21:0 91527
91508 95362 21:0 91508
91512 201 1:0 91523
91515 95355 21:0 91515
91522 215 1:0 91522
91524 95374 21:0 91524
91526 203 1:0 91527
91526 95300 21:0 91579
91530 205 1:0 91531
91535 95375 21:0 91535
91562 207 1:0 91564
91563 95382 21:0 91563
91563 95381 21:0 91563
91563 95379 21:0 91563
91567 209 1:0 91575
91574 217 1:0 91574
91576 95394 21:0 91576
91578 213 1:0 91580
91578 95330 21:0 91584
91583 211 1:0 91585
91583 95332 21:0 91589
91584 95395 21:0 91584
91588 219 1:0 91599
91588 95331 21:0 91639
91591 95388 21:0 91591
91598 233 1:0 91598
91600 95407 21:0 91600
91602 221 1:0 91603
91606 223 1:0 91607
91611 95408 21:0 91611
91638 225 1:0 91640
91638 95333 21:0 91655
91639 95414 21:0 91639
91639 95415 21:0 91639
91643 227 1:0 91651
91644 95416 21:0 91644
91646 95401 21:0 91646
91650 235 1:0 91650
91654 231 1:0 91656
91654 95363 21:0 91665
91659 229 1:0 91661
91660 95428 21:0 91660
91664 237 1:0 91675
91664 95365 21:0 91715
91667 95421 21:0 91667
91674 251 1:0 91674
91676 95440 21:0 91676
91678 239 1:0 91679
91682 241 1:0 91683
91687 95441 21:0 91687
91714 243 1:0 91716
91714 95364 21:0 91731
91719 245 1:0 91727
91726 253 1:0 91726
91730 249 1:0 91732
91730 95366 21:0 91736
91735 247 1:0 91737
91735 95396 21:0 91755
91740 255 1:0 91751
91750 269 1:0 91750
91754 257 1:0 91755
91754 95397 21:0 91807
91758 259 1:0 91759
91790 261 1:0 91792
91795 263 1:0 91803
91802 271 1:0 91802
91806 267 1:0 91808
91806 95398 21:0 91812
91811 265 1:0 91813
91811 95399 21:0 91817
91816 95016 21:0 91817
91816 273 1:0 91827
91816 95020 21:0 91831
91817 95498 21:0 91817
91826 287 1:0 91826
91830 275 1:0 91831
91830 95429 21:0 91883
91834 277 1:0 91835
91866 279 1:0 91868
91871 281 1:0 91879
91878 289 1:0 91878
91882 285 1:0 91884
91882 95430 21:0 91888
91885 95528 21:0 91885
91887 283 1:0 91889
91887 95431 21:0 91893
91890 95529 21:0 91890
91890 95530 21:0 91890
91892 291 1:0 91903
91892 95432 21:0 91948
91893 95531 21:0 91893
91902 305 1:0 91902
91906 293 1:0 91907
91910 295 1:0 91911
91942 297 1:0 91944
91947 299 1:0 91955
91947 95462 21:0 91964
91954 307 1:0 91954
91958 303 1:0 91960
91961 95561 21:0 91961
91963 301 1:0 91965
91963 95464 21:0 91969
91966 95562 21:0 91966
91966 95563 21:0 91966
91968 309 1:0 91979
91968 95463 21:0 92019
91969 95564 21:0 91969
91978 323 1:0 91978
91982 311 1:0 91983
91986 313 1:0 91987
92018 315 1:0 92020
92018 95019 21:0 92024
92023 317 1:0 92031
92023 95025 21:0 92035
92030 325 1:0 92030
92034 95052 21:0 92035
92034 95032 21:0 92035
92034 321 1:0 92036
92034 95044 21:0 92040
92039 95064 21:0 92040
92039 95045 21:0 92040
92039 95038 21:0 92040
92039 319 1:0 92041
92039 95084 21:0 92045
92044 95065 21:0 92045
92044 95086 21:0 92045
92044 329 1:0 92056
92044 65 21:0 92060
92053 327 1:0 92053
92059 95120 21:0 92060
92059 171 21:0 92060
92059 9 21:0 92060
92059 55381 1:0 92062
92059 95285 21:0 92062
92061 95384 21:0 92065
92064 109 21:0 92065
92064 163 21:0 92065
92064 95525 21:0 92065
92064 95195 21:0 92065
92064 95063 21:0 92065
92064 269 21:0 92065
92064 95327 21:0 92065
92064 95076 21:0 92065
92064 95492 21:0 92065
92064 95109 21:0 92065
92064 95393 21:0 92065
92064 95043 21:0 92065
92064 95175 21:0 92065
92064 217 21:0 92065
92064 95505 21:0 92065
92064 287 21:0 92065
92064 95274 21:0 92065
92064 95439 21:0 92065
92064 95208 21:0 92065
92064 95472 21:0 92065
92065 95607 21:0 92075
92074 55991 1:0 92076
92074 95077 21:0 92098
92081 55995 1:0 92081
92097 95051 21:0 92098
92097 95078 21:0 92098
92097 95071 21:0 92101
92100 95085 21:0 92101
92100 95082 21:0 92101
92100 56007 1:0 92102
92100 95465 21:0 92112
92111 56011 1:0 92113
92111 95495 21:0 92118
92117 95496 21:0 92121
92120 56014 1:0 92123
92120 95497 21:0 92203
92128 56019 1:0 92128
92148 56032 1:0 92150
92183 56041 1:0 92185
92192 56043 1:0 92195
92202 56046 1:0 92205
92202 56014 21:0 92229
92210 56050 1:0 92210
92228 95564 1:0 92228
92228 56011 21:0 92229
92228 317 21:0 92229
92228 321 21:0 92229
92228 319 21:0 92229
92228 56007 21:0 92229
92228 95197 21:0 92232
92231 56041 21:0 92232
92231 56043 21:0 92232
92231 56046 21:0 92232
92231 95217 21:0 92232
92231 95097 21:0 92232
92231 56032 21:0 92232
92231 56064 1:0 92233
92231 55381 21:0 92235
92234 199 21:0 92235
92234 179 21:0 92235
92234 325 21:0 92235
92234 56050 21:0 92235
92234 95609 21:0 92235
92234 95294 21:0 92235
92234 95406 21:0 92235
92234 95129 21:0 92235
92234 95307 21:0 92235
92234 95426 21:0 92235
92234 95261 21:0 92235
92234 95373 21:0 92235
92234 95459 21:0 92235
92234 95228 21:0 92235
92234 95360 21:0 92235
92234 323 21:0 92235
92234 95538 21:0 92235
92234 56019 21:0 92235
92234 55995 21:0 92235
92234 307 21:0 92235
92234 305 21:0 92235
92234 95162 21:0 92235
92234 95142 21:0 92235
92234 327 21:0 92235
92234 95096 21:0 92235
92234 95241 21:0 92235
92234 95340 21:0 92235
92234 107 21:0 92235
92234 35 21:0 92235
92234 145 21:0 92235
92234 91 21:0 92235
92234 251 21:0 92235
92234 71 21:0 92235
92234 235 21:0 92235
92234 289 21:0 92235
92234 181 21:0 92235
92234 55 21:0 92235
92234 271 21:0 92235
92234 233 21:0 92235
92234 197 21:0 92235
92234 143 21:0 92235
92234 125 21:0 92235
92234 161 21:0 92235
92234 253 21:0 92235
92234 37 21:0 92235
92234 89 21:0 92235
92234 73 21:0 92235
92234 53 21:0 92235
92234 127 21:0 92235
92234 215 21:0 92235
92234 95558 21:0 92235
92235 95562 1:0 92235
92235 56064 21:0 92240
92236 95563 1:0 92236
92239 95148 21:0 92240
92239 301 21:0 92240
92239 95283 21:0 92243
92242 315 21:0 92243
92242 59 21:0 92243
92242 11 21:0 92243
92242 329 21:0 92243
92242 95243 21:0 92243
92242 95328 21:0 92243
92242 313 21:0 92243
92242 55991 21:0 92243
92242 311 21:0 92243
92242 95186 21:0 92243
92242 95351 21:0 92243
92242 131 21:0 92243
92242 221 21:0 92243
92242 56068 1:0 92244
92242 95054 21:0 92246
92246 95561 1:0 92246
92246 56068 21:0 92249
92248 303 21:0 92249
92248 95348 21:0 92249
92248 95262 21:0 92252
92251 309 21:0 92252
92251 95383 21:0 92252
92251 95229 21:0 92252
92251 45 21:0 92252
92251 223 21:0 92252
92251 77 21:0 92252
92251 175 21:0 92252
92251 56071 1:0 92254
92251 43 21:0 92256
92256 307 1:0 92256
92256 56071 21:0 92277
92259 56076 1:0 92259
92261 95558 1:0 92261
92276 299 21:0 92280
92279 56089 1:0 92281
92279 95203 21:0 92315
92314 56098 1:0 92316
92314 95289 21:0 92331
92323 56100 1:0 92326
92330 95427 21:0 92339
92333 56103 1:0 92336
92338 305 1:0 92338
92338 95282 21:0 92360
92341 56107 1:0 92341
92343 95538 1:0 92343
92359 95531 1:0 92359
92359 95185 21:0 92360
92359 95368 21:0 92360
92359 95049 21:0 92363
92362 95124 21:0 92363
92362 95249 21:0 92363
92362 56100 21:0 92363
92362 95450 21:0 92363
92362 95516 21:0 92363
92362 56121 1:0 92364
92362 95219 21:0 92366
92365 56076 21:0 92366
92365 56107 21:0 92366
92365 307 21:0 92366
92365 305 21:0 92366
92366 95529 1:0 92366
92366 56121 21:0 92371
92367 95530 1:0 92367
92370 95196 21:0 92371
92370 283 21:0 92371
92370 95177 21:0 92374
92373 56103 21:0 92374
92373 95308 21:0 92374
92373 95053 21:0 92374
92373 56098 21:0 92374
92373 155 21:0 92374
92373 295 21:0 92374
92373 297 21:0 92374
92373 56089 21:0 92374
92373 56125 1:0 92375
92373 95483 21:0 92377
92377 95528 1:0 92377
92377 56125 21:0 92380
92378 56133 1:0 92384
92378 289 1:0 92384
92378 56128 1:0 92385
92378 56157 1:0 92386
92378 95516 1:0 92386
92378 56160 1:0 92386
92378 56155 1:0 92386
92378 95525 1:0 92386
92378 95505 1:0 92403
92378 287 1:0 92403
92378 56164 1:0 92403
92378 56146 1:0 92403
92378 95497 1:0 92489
92378 56178 1:0 92495
92378 95483 1:0 92517
92378 271 1:0 92517
92378 95492 1:0 92517
92378 56190 1:0 92517
92378 56221 1:0 92534
92378 269 1:0 92534
92378 95472 1:0 92534
92378 95450 1:0 92640
92378 56247 1:0 92648
92378 253 1:0 92648
92378 95459 1:0 92648
92378 251 1:0 92665
92378 95439 1:0 92665
92378 56278 1:0 92665
92378 95426 1:0 92780
92378 56304 1:0 92780
92378 235 1:0 92780
92378 233 1:0 92797
92378 56335 1:0 92799
92378 95406 1:0 92799
92378 95384 1:0 92907
92378 56361 1:0 92911
92378 95393 1:0 92911
92378 217 1:0 92911
92378 215 1:0 92928
92378 56392 1:0 92930
92378 95373 1:0 92930
92378 199 1:0 93042
92378 56418 1:0 93045
92378 95360 1:0 93046
92378 95340 1:0 93059
92378 56449 1:0 93059
92378 197 1:0 93059
92378 95327 1:0 93173
92378 56475 1:0 93173
92378 181 1:0 93173
92378 179 1:0 93190
92378 95307 1:0 93192
92378 56506 1:0 93192
92378 163 1:0 93295
92378 56532 1:0 93307
92378 95294 1:0 93309
92378 161 1:0 93321
92378 95274 1:0 93321
92378 56563 1:0 93321
92378 95261 1:0 93431
92378 56589 1:0 93431
92378 145 1:0 93431
92378 56620 1:0 93452
92378 143 1:0 93452
92378 95241 1:0 93454
92378 95228 1:0 93565
92378 56646 1:0 93565
92378 127 1:0 93565
92378 95208 1:0 93582
92378 125 1:0 93582
92378 56677 1:0 93582
92378 95195 1:0 93694
92378 109 1:0 93694
92378 56703 1:0 93696
92379 95412 21:0 92380
92379 95276 21:0 92380
92379 95104 21:0 92383
92381 95496 1:0 92496
92382 95346 21:0 92383
92382 201 21:0 92383
92382 293 21:0 92383
92382 291 21:0 92383
92382 95151 21:0 92383
92382 169 21:0 92383
92382 25 21:0 92387
92384 95151 1:0 92500
92384 56182 1:0 92506
92384 95495 1:0 92507
92384 95346 1:0 92509
92386 56185 1:0 92516
92386 56214 1:0 92517
92387 56128 21:0 92408
92389 107 1:0 93713
92389 56734 1:0 93713
92389 91 1:0 93819
92389 56760 1:0 93829
92405 95465 1:0 92534
92406 56217 1:0 92517
92406 56212 1:0 92517
92406 56203 1:0 92534
92406 95351 1:0 93046
92406 95175 1:0 93713
92407 285 21:0 92411
92410 281 21:0 92411
92410 123 21:0 92446
92417 95104 1:0 92534
92417 56235 1:0 92626
92445 137 21:0 92462
92461 249 21:0 92462
92461 47 21:0 92465
92463 95463 1:0 92620
92464 69 21:0 92470
92466 249 1:0 92631
92466 56260 1:0 92648
92469 159 21:0 92491
92471 95412 1:0 92631
92471 56239 1:0 92637
92490 95498 1:0 92490
92490 177 21:0 92491
92490 56146 21:0 92491
92490 56157 21:0 92491
92490 56160 21:0 92491
92490 277 21:0 92491
92490 75 21:0 92491
92490 165 21:0 92491
92490 237 21:0 92491
92490 225 21:0 92491
92490 95 21:0 92491
92490 187 21:0 92491
92490 113 21:0 92491
92490 79 21:0 92491
92490 21 21:0 92491
92490 279 21:0 92491
92490 133 21:0 92491
92490 207 21:0 92491
92490 97 21:0 92491
92490 147 21:0 92491
92490 61 21:0 92491
92490 239 21:0 92491
92490 183 21:0 92491
92490 135 21:0 92491
92490 275 21:0 92491
92490 56155 21:0 92491
92490 273 21:0 92491
92490 63 21:0 92494
92492 177 1:0 92500
92493 185 21:0 92494
92493 205 21:0 92494
92493 287 21:0 92494
92493 129 21:0 92494
92493 241 21:0 92494
92493 149 21:0 92494
92493 56164 21:0 92494
92493 81 21:0 92494
92493 56133 21:0 92494
92493 189 21:0 92494
92493 115 21:0 92494
92493 167 21:0 92494
92493 117 21:0 92494
92493 243 21:0 92494
92493 203 21:0 92494
92493 219 21:0 92494
92493 289 21:0 92494
92493 41 21:0 92494
92493 257 21:0 92494
92493 39 21:0 92494
92493 23 21:0 92494
92493 93 21:0 92494
92493 27 21:0 92494
92493 95318 21:0 92494
92493 95153 21:0 92494
92493 95252 21:0 92494
92493 95417 21:0 92494
92493 95087 21:0 92494
92495 257 1:0 92514
92495 241 1:0 92637
92495 243 1:0 92637
92495 95417 1:0 92776
92497 56178 21:0 92502
92499 95464 1:0 92628
92500 95462 1:0 92638
92500 95276 1:0 92640
92500 56242 1:0 92647
92500 56269 1:0 92648
92500 239 1:0 92648
92500 237 1:0 92648
92500 56271 1:0 92648
92500 56274 1:0 92665
92500 95308 1:0 92665
92500 219 1:0 92771
92500 221 1:0 92776
92501 265 21:0 92502
92508 56182 21:0 92511
92509 95432 1:0 92665
92509 95431 1:0 92751
92510 267 21:0 92511
92515 95430 1:0 92758
92517 95053 1:0 92762
92518 56185 21:0 92539
92520 56292 1:0 92757
92520 159 1:0 92762
92526 95162 1:0 93829
92527 89 1:0 93844
92527 56791 1:0 93844
92527 73 1:0 93956
92527 56817 1:0 93958
92535 56296 1:0 92768
92535 225 1:0 92771
92535 95318 1:0 93169
92535 95142 1:0 93844
92535 95129 1:0 93956
92538 263 21:0 92542
92541 56190 21:0 92542
92541 271 21:0 92542
92545 56203 21:0 92574
92548 95429 1:0 92769
92573 261 21:0 92577
92580 56212 21:0 92583
92582 259 21:0 92583
92590 56214 21:0 92593
92592 257 21:0 92593
92600 56217 21:0 92617
92616 255 21:0 92622
92621 56221 21:0 92622
92621 269 21:0 92622
92628 56235 21:0 92633
92630 95177 1:0 92771
92630 56331 1:0 92776
92630 223 1:0 92776
92630 56326 1:0 92776
92630 56299 1:0 92778
92630 95427 1:0 92779
92630 56328 1:0 92780
92630 56317 1:0 92799
92630 69 1:0 92893
92630 207 1:0 92902
92630 205 1:0 92902
92631 95399 1:0 92799
92631 95398 1:0 92882
92632 247 21:0 92633
92639 56239 21:0 92642
92640 56349 1:0 92888
92640 95397 1:0 92889
92640 95196 1:0 92893
92640 56353 1:0 92899
92640 95368 1:0 92902
92640 56374 1:0 92907
92640 56385 1:0 92907
92640 203 1:0 92907
92640 201 1:0 92907
92640 56383 1:0 92911
92640 56388 1:0 92930
92640 185 1:0 93042
92641 249 21:0 92642
92646 95396 1:0 92900
92648 95383 1:0 92930
92649 56242 21:0 92670
92651 71 1:0 93975
92651 56848 1:0 93975
92667 95366 1:0 92930
92668 95109 1:0 93975
92669 245 21:0 92673
92672 253 21:0 92673
92672 56247 21:0 92673
92676 56260 21:0 92705
92679 56356 1:0 92909
92679 95124 1:0 93024
92679 189 1:0 93033
92679 95285 1:0 93311
92679 55 1:0 94089
92679 56874 1:0 94089
92704 95441 1:0 92704
92704 243 21:0 92708
92711 56269 21:0 92714
92713 241 21:0 92714
92721 56271 21:0 92724
92723 239 21:0 92724
92731 95440 1:0 92731
92731 56274 21:0 92748
92747 237 21:0 92753
92752 251 21:0 92753
92752 56278 21:0 92753
92759 56292 21:0 92764
92761 95364 1:0 93013
92762 56406 1:0 93019
92762 95365 1:0 93021
92762 175 1:0 93024
92762 56410 1:0 93030
92762 183 1:0 93033
92762 95249 1:0 93033
92762 56413 1:0 93040
92762 187 1:0 93049
92762 56431 1:0 93049
92762 56445 1:0 93049
92762 56442 1:0 93056
92762 56440 1:0 93059
92762 167 1:0 93164
92763 95428 1:0 92763
92763 229 21:0 92764
92770 56296 21:0 92773
92771 95363 1:0 93031
92771 95333 1:0 93059
92772 231 21:0 92773
92774 95348 1:0 93059
92777 47 1:0 93155
92780 56299 21:0 92801
92782 95331 1:0 93144
92785 95421 1:0 92785
92788 95096 1:0 94089
92789 95076 1:0 94106
92797 56463 1:0 93150
92797 165 1:0 93164
92797 95252 1:0 93431
92797 53 1:0 94106
92797 56905 1:0 94106
92797 37 1:0 94221
92797 95063 1:0 94222
92797 56931 1:0 94222
92800 95416 1:0 92800
92800 227 21:0 92804
92803 235 21:0 92804
92803 56304 21:0 92804
92807 56317 21:0 92836
92809 95414 1:0 92809
92809 95415 1:0 92809
92810 95332 1:0 93152
92835 95408 1:0 92835
92835 225 21:0 92839
92842 56326 21:0 92845
92844 223 21:0 92845
92852 56328 21:0 92855
92854 221 21:0 92855
92862 95407 1:0 92862
92862 56331 21:0 92879
92867 95401 1:0 92867
92878 219 21:0 92884
92883 56335 21:0 92884
92883 233 21:0 92884
92890 56349 21:0 92895
92892 95049 1:0 93155
92892 56467 1:0 93161
92892 95185 1:0 93164
92892 56499 1:0 93169
92892 56502 1:0 93169
92892 169 1:0 93169
92892 171 1:0 93169
92892 56470 1:0 93171
92892 56497 1:0 93173
92892 56488 1:0 93192
92892 149 1:0 93295
92893 95330 1:0 93162
92893 95300 1:0 93192
92894 95395 1:0 92894
92894 211 21:0 92895
92901 56353 21:0 92904
92902 95328 1:0 93172
92902 95299 1:0 93275
92903 213 21:0 92904
92905 95298 1:0 93282
92908 56520 1:0 93281
92908 95282 1:0 93286
92908 155 1:0 93286
92908 56524 1:0 93292
92910 95289 1:0 93295
92911 95394 1:0 92911
92911 56356 21:0 92932
92913 56962 1:0 94237
92913 35 1:0 94237
92916 95388 1:0 92916
92929 95297 1:0 93293
92930 95043 1:0 94237
92931 209 21:0 92935
92934 217 21:0 92935
92934 56361 21:0 92935
92938 56374 21:0 92967
92940 95382 1:0 92940
92940 95381 1:0 92940
92940 95379 1:0 92940
92941 56527 1:0 93302
92941 147 1:0 93309
92941 56559 1:0 93311
92941 56545 1:0 93311
92941 56556 1:0 93318
92941 56554 1:0 93321
92941 137 1:0 93417
92941 129 1:0 93426
92941 133 1:0 93426
92941 56611 1:0 93431
92941 95219 1:0 93565
92941 19 1:0 94346
92941 56988 1:0 94346
92966 95375 1:0 92966
92966 207 21:0 92970
92973 56383 21:0 92976
92975 205 21:0 92976
92983 56385 21:0 92986
92985 203 21:0 92986
92993 95374 1:0 92993
92993 56388 21:0 93010
93009 201 21:0 93015
93014 215 21:0 93015
93014 56392 21:0 93015
93021 56406 21:0 93026
93023 95267 1:0 93321
93024 95283 1:0 93321
93024 95265 1:0 93406
93024 56577 1:0 93412
93024 95203 1:0 93417
93024 95262 1:0 93426
93025 95362 1:0 93025
93025 193 21:0 93026
93032 56410 21:0 93035
93033 95266 1:0 93414
93033 95264 1:0 93424
93034 195 21:0 93035
93036 56581 1:0 93423
93041 95234 1:0 93454
93042 95361 1:0 93042
93042 56413 21:0 93063
93044 56602 1:0 93431
93044 131 1:0 93431
93044 135 1:0 93431
93044 56584 1:0 93433
93044 56616 1:0 93449
93044 56613 1:0 93454
93044 56668 1:0 93565
93044 56670 1:0 93565
93047 95355 1:0 93047
93050 95030 1:0 94357
93051 17 1:0 94434
93051 57019 1:0 94437
93059 95243 1:0 93454
93060 56634 1:0 93543
93060 123 1:0 93548
93060 95229 1:0 93548
93061 95010 1:0 94439
93062 95350 1:0 93062
93062 191 21:0 93066
93065 56418 21:0 93066
93065 199 21:0 93066
93069 56431 21:0 93098
93071 95349 1:0 93071
93072 117 1:0 93557
93072 115 1:0 93562
93072 56673 1:0 93565
93072 113 1:0 93565
93072 56659 1:0 93582
93072 95186 1:0 93696
93097 95342 1:0 93097
93097 189 21:0 93101
93104 56440 21:0 93107
93114 56442 21:0 93117
93124 95341 1:0 93124
93124 56445 21:0 93141
93129 95335 1:0 93129
93140 56449 21:0 93141
93152 56463 21:0 93157
93154 95233 1:0 93537
93155 95232 1:0 93544
93155 95231 1:0 93555
93156 95329 1:0 93156
93163 56467 21:0 93166
93164 56638 1:0 93554
93164 95148 1:0 93557
93164 56641 1:0 93564
93164 95201 1:0 93582
93164 95217 1:0 93582
93164 11 1:0 93679
93170 95200 1:0 93668
93173 56470 21:0 93194
93178 95322 1:0 93178
93191 95199 1:0 93675
93193 95317 1:0 93193
93193 56475 21:0 93194
93200 56488 21:0 93229
93202 95313 1:0 93202
93202 95316 1:0 93202
93202 95315 1:0 93202
93203 56691 1:0 93674
93203 56695 1:0 93685
93203 93 1:0 93688
93203 56727 1:0 93696
93203 56730 1:0 93696
93203 56725 1:0 93696
93203 95153 1:0 93819
93228 95309 1:0 93228
93235 56497 21:0 93238
93245 56499 21:0 93248
93255 56502 21:0 93272
93260 95302 1:0 93260
93271 56506 21:0 93272
93283 56520 21:0 93288
93285 95197 1:0 93679
93285 95097 1:0 93688
93285 56698 1:0 93695
93285 65 1:0 93713
93286 95198 1:0 93686
93286 95168 1:0 93713
93287 95296 1:0 93287
93294 56524 21:0 93297
93295 97 1:0 93694
93295 95 1:0 93696
93295 56716 1:0 93713
93295 56919 1:0 93713
93295 95167 1:0 93799
93295 56748 1:0 93805
93295 56805 1:0 93810
93295 56809 1:0 93810
93295 56869 1:0 93810
93295 81 1:0 93816
93295 56752 1:0 93816
93295 79 1:0 93819
93295 75 1:0 93829
93295 77 1:0 93834
93301 95166 1:0 93806
93304 95295 1:0 93304
93304 56527 21:0 93325
93322 95165 1:0 93817
93324 95284 1:0 93324
93324 56532 21:0 93325
93331 56545 21:0 93360
93333 95280 1:0 93333
93334 95085 1:0 93819
93334 56787 1:0 93841
93334 56773 1:0 93841
93334 56784 1:0 93841
93334 56782 1:0 93844
93334 95120 1:0 93958
93366 56554 21:0 93369
93376 56556 21:0 93379
93386 95275 1:0 93386
93386 56559 21:0 93403
93391 95269 1:0 93391
93402 56563 21:0 93403
93414 56577 21:0 93419
93416 95135 1:0 93844
93417 56755 1:0 93826
93417 95082 1:0 93844
93417 95134 1:0 93930
93417 95078 1:0 93941
93418 95263 1:0 93418
93425 56581 21:0 93428
93426 95133 1:0 93937
93426 95071 1:0 93941
93429 95132 1:0 93948
93432 95051 1:0 93950
93432 63 1:0 93950
93432 56862 1:0 93950
93432 61 1:0 93956
93432 59 1:0 93956
93432 56812 1:0 93957
93432 56841 1:0 93958
93432 56830 1:0 93958
93432 56839 1:0 93958
93432 56844 1:0 93975
93432 39 1:0 94078
93432 41 1:0 94078
93432 95087 1:0 94081
93432 56898 1:0 94089
93432 56887 1:0 94089
93435 56584 21:0 93456
93440 95256 1:0 93440
93453 95102 1:0 93975
93455 95251 1:0 93455
93455 56589 21:0 93456
93462 56602 21:0 93491
93464 95250 1:0 93464
93464 95247 1:0 93464
93465 95077 1:0 93975
93465 56866 1:0 94078
93497 56611 21:0 93500
93507 56613 21:0 93510
93517 95242 1:0 93517
93517 56616 21:0 93534
93522 95236 1:0 93522
93533 56620 21:0 93534
93545 56634 21:0 93550
93547 95100 1:0 94061
93548 95101 1:0 94069
93548 95065 1:0 94072
93548 95086 1:0 94072
93548 95084 1:0 94081
93549 95230 1:0 93549
93556 56638 21:0 93559
93557 95099 1:0 94079
93557 95069 1:0 94106
93560 56926 1:0 94106
93563 45 1:0 94089
93563 56896 1:0 94089
93563 43 1:0 94089
93563 56901 1:0 94106
93563 95045 1:0 94106
93563 27 1:0 94212
93563 95054 1:0 94222
93566 56641 21:0 93587
93571 95223 1:0 93571
93583 95067 1:0 94192
93584 95038 1:0 94203
93584 56923 1:0 94209
93586 95218 1:0 93586
93586 56646 21:0 93587
93593 56659 21:0 93622
93595 95216 1:0 93595
93595 95214 1:0 93595
93596 95064 1:0 94203
93596 21 1:0 94212
93596 56958 1:0 94227
93596 56944 1:0 94227
93621 95210 1:0 93621
93628 56668 21:0 93631
93638 56670 21:0 93641
93648 95209 1:0 93648
93648 56673 21:0 93665
93664 56677 21:0 93665
93676 56691 21:0 93681
93678 95068 1:0 94200
93679 95066 1:0 94210
93679 95044 1:0 94212
93679 23 1:0 94220
93679 25 1:0 94227
93679 56955 1:0 94234
93679 95052 1:0 94237
93679 56976 1:0 94237
93679 56953 1:0 94237
93679 57001 1:0 94346
93679 95021 1:0 94359
93679 57010 1:0 94366
93679 7 1:0 94371
93687 56695 21:0 93690
93688 95036 1:0 94237
93688 95034 1:0 94323
93696 95035 1:0 94331
93697 56698 21:0 93718
93699 359 1:0 94334
93702 95190 1:0 93702
93714 95032 1:0 94334
93715 56980 1:0 94340
93715 95025 1:0 94343
93717 56703 21:0 93718
93724 56716 21:0 93753
93726 95184 1:0 93726
93726 95183 1:0 93726
93726 95181 1:0 93726
93727 95019 1:0 94346
93727 56983 1:0 94346
93759 56725 21:0 93762
93769 56727 21:0 93772
93779 95176 1:0 93779
93779 56730 21:0 93796
93784 95170 1:0 93784
93795 56734 21:0 93796
93807 56748 21:0 93812
93809 95033 1:0 94341
93810 9 1:0 94346
93810 95020 1:0 94346
93810 95031 1:0 94351
93810 95018 1:0 94371
93810 95016 1:0 94371
93810 95012 1:0 94406
93810 5 1:0 94417
93810 57012 1:0 94422
93810 3 1:0 94425
93810 358 1:0 94425
93810 57015 1:0 94432
93810 189 1:0 95261
93811 95164 1:0 93811
93818 56752 21:0 93821
93819 95011 1:0 94433
93828 95163 1:0 93828
93828 56755 21:0 93849
93833 95157 1:0 93833
93848 95152 1:0 93848
93848 56760 21:0 93849
93855 56773 21:0 93884
93857 95150 1:0 93857
93883 95144 1:0 93883
93890 56782 21:0 93893
93900 56784 21:0 93903
93910 95143 1:0 93910
93910 56787 21:0 93927
93915 95137 1:0 93915
93926 56791 21:0 93927
93938 56805 21:0 93943
93942 95131 1:0 93942
93949 56809 21:0 93952
93959 95130 1:0 93959
93959 56812 21:0 93980
93979 95119 1:0 93979
93979 56817 21:0 93980
93986 56830 21:0 94015
93988 95117 1:0 93988
93988 95115 1:0 93988
93988 95118 1:0 93988
94014 95111 1:0 94014
94021 56839 21:0 94024
94031 56841 21:0 94034
94041 95110 1:0 94041
94041 56844 21:0 94058
94057 56848 21:0 94058
94069 56862 21:0 94074
94073 95098 1:0 94073
94080 56866 21:0 94083
94090 56869 21:0 94111
94095 95091 1:0 94095
94110 56874 21:0 94111
94117 56887 21:0 94146
94152 56896 21:0 94155
94162 56898 21:0 94165
94172 56901 21:0 94189
94188 56905 21:0 94189
94200 56919 21:0 94205
94211 56923 21:0 94214
94221 56926 21:0 94242
94226 95058 1:0 94226
94241 56931 21:0 94242
94248 56944 21:0 94277
94283 56953 21:0 94286
94293 56955 21:0 94296
94303 56958 21:0 94320
94319 56962 21:0 94320
94331 56976 21:0 94336
94342 56980 21:0 94345
94352 56983 21:0 94373
94372 56988 21:0 94373
94379 57001 21:0 94408
94414 57010 21:0 94417
94424 57012 21:0 94427
94434 57015 21:0 94451
94450 57019 21:0 94451
94460 96661 21:0 94461
94461 96662 21:0 94472
94471 3 21:0 94472
94471 17 21:0 94472
94472 96663 21:0 94500
94499 358 21:0 94505
94504 96672 21:0 94505
94504 7 21:0 94505
94504 5 21:0 94505
94507 359 21:0 94516
94515 96669 21:0 94516
94515 19 21:0 94516
94515 96682 21:0 94516
94515 96681 21:0 94516
94518 96684 21:0 94526
94525 96685 21:0 94576
94575 96686 21:0 94592
94591 96687 21:0 94597
94596 96717 21:0 94616
94597 96716 21:0 94597
94613 96728 21:0 94613
94615 96718 21:0 94668
94624 96729 21:0 94624
94652 96733 21:0 94652
94652 96736 21:0 94652
94657 96737 21:0 94657
94659 96722 21:0 94659
94665 96748 21:0 94665
94667 96719 21:0 94673
94668 47 21:0 94668
94672 96720 21:0 94678
94673 96749 21:0 94673
94677 96750 21:0 94728
94680 96742 21:0 94680
94689 96761 21:0 94689
94727 96751 21:0 94749
94728 96769 21:0 94728
94728 96766 21:0 94728
94735 96755 21:0 94735
94741 96781 21:0 94741
94748 96752 21:0 94754
94749 69 21:0 94749
94749 96782 21:0 94749
94753 96753 21:0 94804
94756 96775 21:0 94756
94765 96794 21:0 94765
94776 96795 21:0 94776
94803 96783 21:0 94820
94804 96802 21:0 94804
94804 96801 21:0 94804
94809 96803 21:0 94809
94817 96814 21:0 94817
94819 96784 21:0 94825
94820 83 21:0 94820
94824 96786 21:0 94844
94825 96815 21:0 94825
94843 96785 21:0 94896
94852 96828 21:0 94852
94880 96834 21:0 94880
94880 96835 21:0 94880
94880 96832 21:0 94880
94885 96836 21:0 94885
94887 96821 21:0 94887
94893 96847 21:0 94893
94895 96816 21:0 94901
94896 101 21:0 94896
94900 96818 21:0 94906
94901 105 21:0 94901
94905 96817 21:0 94961
94906 103 21:0 94906
94908 96841 21:0 94908
94956 96868 21:0 94956
94956 96867 21:0 94956
94956 96865 21:0 94956
94960 96819 21:0 94977
94961 96869 21:0 94961
94963 96854 21:0 94963
94969 96880 21:0 94969
94972 119 21:0 94972
94976 96849 21:0 94982
94977 123 21:0 94977
94977 96881 21:0 94977
94981 96850 21:0 95032
95004 96894 21:0 95004
95031 96851 21:0 95048
95032 96898 21:0 95032
95037 96902 21:0 95037
95047 96852 21:0 95053
95048 137 21:0 95048
95052 96882 21:0 95072
95053 96914 21:0 95053
95060 96907 21:0 95060
95069 96926 21:0 95069
95071 96883 21:0 95124
95108 96934 21:0 95108
95123 96884 21:0 95129
95124 155 21:0 95124
95128 96885 21:0 95134
95129 159 21:0 95129
95133 96915 21:0 95184
95134 157 21:0 95134
95136 96940 21:0 95136
95145 96959 21:0 95145
95156 96960 21:0 95156
95183 96916 21:0 95200
95184 96964 21:0 95184
95189 96968 21:0 95189
95191 96953 21:0 95191
95197 96979 21:0 95197
95199 96917 21:0 95210
95200 173 21:0 95200
95205 96980 21:0 95205
95209 96918 21:0 95260
95212 96973 21:0 95212
95221 96992 21:0 95221
95259 96948 21:0 95276
95260 97000 21:0 95260
95260 96997 21:0 95260
95261 199 1:0 95271
95261 191 1:0 95272
95265 97001 21:0 95265
95267 96986 21:0 95267
95273 97012 21:0 95273
95275 195 1:0 95277
95275 96950 21:0 95281
95276 191 21:0 95276
95280 193 1:0 95282
95280 96949 21:0 95300
95281 97013 21:0 95281
95285 201 1:0 95296
95295 215 1:0 95295
95299 203 1:0 95300
95299 96951 21:0 95352
95303 205 1:0 95304
95335 207 1:0 95337
95336 97032 21:0 95336
95336 97033 21:0 95336
95336 97030 21:0 95336
95340 209 1:0 95348
95347 217 1:0 95347
95351 213 1:0 95353
95351 96981 21:0 95357
95356 211 1:0 95358
95356 96982 21:0 95362
95357 213 21:0 95357
95357 97046 21:0 95357
95361 219 1:0 95372
95361 96983 21:0 95412
95362 211 21:0 95362
95364 97039 21:0 95364
95371 233 1:0 95371
95373 97058 21:0 95373
95375 221 1:0 95376
95379 223 1:0 95380
95384 97059 21:0 95384
95411 225 1:0 95413
95411 96984 21:0 95428
95412 97066 21:0 95412
95412 97063 21:0 95412
95412 97065 21:0 95412
95416 227 1:0 95424
95417 97067 21:0 95417
95419 97052 21:0 95419
95423 235 1:0 95423
95425 97078 21:0 95425
95427 231 1:0 95429
95427 97014 21:0 95438
95428 227 21:0 95428
95432 229 1:0 95434
95433 97079 21:0 95433
95437 237 1:0 95448
95437 97016 21:0 95488
95438 229 21:0 95438
95440 97072 21:0 95440
95447 251 1:0 95447
95449 97091 21:0 95449
95451 239 1:0 95452
95455 241 1:0 95456
95460 97092 21:0 95460
95487 243 1:0 95489
95487 97015 21:0 95504
95488 97098 21:0 95488
95488 97099 21:0 95488
95488 97096 21:0 95488
95492 245 1:0 95500
95493 97100 21:0 95493
95495 97085 21:0 95495
95499 253 1:0 95499
95501 97111 21:0 95501
95503 249 1:0 95505
95503 97017 21:0 95509
95504 245 21:0 95504
95508 247 1:0 95510
95508 97047 21:0 95528
95509 249 21:0 95509
95509 97112 21:0 95509
95513 255 1:0 95524
95514 247 21:0 95514
95516 97105 21:0 95516
95523 269 1:0 95523
95525 97124 21:0 95525
95527 257 1:0 95528
95527 97049 21:0 95580
95531 259 1:0 95532
95536 97125 21:0 95536
95563 261 1:0 95565
95564 97129 21:0 95564
95564 97132 21:0 95564
95564 97131 21:0 95564
95568 263 1:0 95576
95569 97133 21:0 95569
95571 97118 21:0 95571
95575 271 1:0 95575
95577 97144 21:0 95577
95579 267 1:0 95581
95579 97048 21:0 95585
95580 263 21:0 95580
95584 265 1:0 95586
95584 97050 21:0 95590
95585 267 21:0 95585
95585 97145 21:0 95585
95589 273 1:0 95600
95589 96670 21:0 95604
95592 97138 21:0 95592
95599 287 1:0 95599
95601 97157 21:0 95601
95603 275 1:0 95604
95603 96671 21:0 95612
95607 277 1:0 95608
95611 96667 21:0 95640
95612 97158 21:0 95612
95639 279 1:0 95641
95639 97080 21:0 95656
95640 97162 21:0 95640
95640 97164 21:0 95640
95640 97165 21:0 95640
95644 281 1:0 95652
95645 97166 21:0 95645
95647 97151 21:0 95647
95651 289 1:0 95651
95653 97177 21:0 95653
95655 285 1:0 95657
95655 97082 21:0 95663
95658 97180 21:0 95658
95658 97179 21:0 95658
95660 283 1:0 95662
95661 97178 21:0 95661
95662 97180 1:0 95662
95662 97081 21:0 95680
95663 97180 21:0 95663
95663 97181 21:0 95663
95665 291 1:0 95676
95666 97182 21:0 95666
95668 97171 21:0 95668
95675 305 1:0 95675
95677 97190 21:0 95677
95679 293 1:0 95680
95679 97083 21:0 95732
95683 295 1:0 95684
95688 97191 21:0 95688
95715 297 1:0 95717
95716 97195 21:0 95716
95716 97197 21:0 95716
95716 97198 21:0 95716
95720 299 1:0 95728
95721 97199 21:0 95721
95723 97184 21:0 95723
95727 307 1:0 95727
95729 97210 21:0 95729
95731 303 1:0 95733
95731 97113 21:0 95737
95734 97213 21:0 95734
95734 97212 21:0 95734
95736 301 1:0 95738
95736 97114 21:0 95742
95738 97213 1:0 95738
95739 97213 21:0 95739
95739 97214 21:0 95739
95741 309 1:0 95752
95741 97115 21:0 95797
95742 97215 21:0 95742
95751 323 1:0 95751
95755 311 1:0 95756
95759 313 1:0 95760
95791 315 1:0 95793
95796 317 1:0 95804
95796 96676 21:0 95808
95803 325 1:0 95803
95807 96696 21:0 95808
95807 96683 21:0 95808
95807 321 1:0 95809
95807 96689 21:0 95813
95810 97245 21:0 95810
95812 96715 21:0 95813
95812 96703 21:0 95813
95812 319 1:0 95814
95812 96704 21:0 95818
95815 97246 21:0 95815
95815 97247 21:0 95815
95817 96695 21:0 95818
95817 96702 21:0 95818
95817 96709 21:0 95827
95817 329 1:0 95829
95826 327 1:0 95826
95826 96738 21:0 95827
95826 97101 21:0 95828
95827 96837 21:0 95828
95827 97068 21:0 95833
95832 96870 21:0 95833
95832 183 21:0 95833
95832 97002 21:0 95833
95832 115 21:0 95833
95832 171 21:0 95833
95832 96705 21:0 95833
95832 133 21:0 95833
95832 95 21:0 95833
95832 97167 21:0 95833
95832 96969 21:0 95833
95832 96903 21:0 95833
95832 97134 21:0 95833
95832 96771 21:0 95833
95832 97035 21:0 95833
95832 96936 21:0 95833
95832 55381 1:0 95835
95832 169 21:0 95838
95837 96804 21:0 95838
95837 97110 21:0 95838
95837 96727 21:0 95838
95837 215 21:0 95838
95837 143 21:0 95838
95838 97258 21:0 95848
95847 55991 1:0 95849
95847 96700 21:0 95871
95854 55995 1:0 95854
95870 97116 21:0 95874
95873 56007 1:0 95875
95873 97146 21:0 95882
95877 97246 1:0 95877
95878 97247 1:0 95878
95881 97148 21:0 95891
95884 56011 1:0 95886
95888 97245 1:0 95888
95890 97147 21:0 95894
95893 56014 1:0 95896
95893 97149 21:0 95973
95901 56019 1:0 95901
95921 56032 1:0 95923
95956 56041 1:0 95958
95965 56043 1:0 95968
95972 56014 21:0 95976
95975 56011 21:0 95976
95975 56046 1:0 95978
95975 56007 21:0 96002
95983 56050 1:0 95983
96001 97215 1:0 96001
96001 317 21:0 96002
96001 96893 21:0 96002
96001 321 21:0 96002
96001 319 21:0 96002
96001 96861 21:0 96005
96004 96931 21:0 96005
96004 96900 21:0 96005
96004 56032 21:0 96005
96004 56041 21:0 96005
96004 56043 21:0 96005
96004 56046 21:0 96005
96004 56064 1:0 96006
96004 55381 21:0 96006
96005 97200 21:0 96008
96007 56050 21:0 96008
96007 56019 21:0 96008
96007 55995 21:0 96008
96007 327 21:0 96008
96007 325 21:0 96008
96007 323 21:0 96008
96007 253 21:0 96008
96007 97260 21:0 96008
96007 97123 21:0 96008
96007 96846 21:0 96008
96007 96859 21:0 96008
96008 97213 1:0 96008
96008 56064 21:0 96013
96009 97214 1:0 96009
96012 96999 21:0 96013
96012 96947 21:0 96013
96012 96735 21:0 96016
96015 96747 21:0 96016
96015 96912 21:0 96016
96015 96694 21:0 96016
96015 96892 21:0 96016
96015 96945 21:0 96016
96015 203 21:0 96016
96015 151 21:0 96016
96015 41 21:0 96016
96015 96879 21:0 96016
96015 96925 21:0 96016
96015 96760 21:0 96016
96015 96967 21:0 96016
96015 96993 21:0 96016
96015 377 21:0 96016
96015 96813 21:0 96016
96015 97057 21:0 96016
96015 97044 21:0 96016
96015 97024 21:0 96016
96015 97143 21:0 96016
96015 96793 21:0 96016
96015 96978 21:0 96016
96015 96826 21:0 96016
96015 96991 21:0 96016
96015 311 21:0 96016
96015 97090 21:0 96016
96015 313 21:0 96016
96015 97077 21:0 96016
96015 96780 21:0 96016
96015 55991 21:0 96016
96015 329 21:0 96016
96015 315 21:0 96016
96015 97176 21:0 96016
96015 96958 21:0 96017
96015 56068 1:0 96017
96016 96714 21:0 96018
96017 97156 21:0 96018
96017 97011 21:0 96019
96018 307 21:0 96019
96018 55 21:0 96019
96018 53 21:0 96019
96018 217 21:0 96019
96018 163 21:0 96019
96018 269 21:0 96019
96018 127 21:0 96019
96018 89 21:0 96019
96018 235 21:0 96019
96018 73 21:0 96019
96018 199 21:0 96019
96018 287 21:0 96019
96018 197 21:0 96019
96018 91 21:0 96019
96018 179 21:0 96019
96018 251 21:0 96019
96018 145 21:0 96019
96018 37 21:0 96019
96018 305 21:0 96019
96018 181 21:0 96019
96018 71 21:0 96019
96018 97209 21:0 96019
96018 233 21:0 96019
96018 271 21:0 96019
96018 125 21:0 96019
96018 161 21:0 96019
96018 289 21:0 96019
96018 97189 21:0 96019
96018 35 21:0 96019
96018 109 21:0 96019
96018 107 21:0 96019
96019 97212 1:0 96019
96019 56068 21:0 96022
96021 96901 21:0 96022
96021 97006 21:0 96022
96021 96768 21:0 96025
96024 309 21:0 96025
96024 96827 21:0 96025
96024 96887 21:0 96025
96024 79 21:0 96025
96024 221 21:0 96025
96024 219 21:0 96025
96024 56071 1:0 96027
96024 23 21:0 96029
96029 97210 1:0 96029
96029 307 1:0 96029
96029 56071 21:0 96050
96032 56076 1:0 96032
96034 97209 1:0 96034
96049 97199 1:0 96049
96049 97025 21:0 96053
96052 56089 1:0 96054
96052 97200 1:0 96057
96052 96913 21:0 96104
96058 97195 1:0 96058
96058 97197 1:0 96058
96058 97198 1:0 96058
96062 377 1:0 96068
96084 97191 1:0 96084
96087 56098 1:0 96089
96096 56100 1:0 96099
96103 96788 21:0 96107
96106 56103 1:0 96109
96106 96935 21:0 96133
96111 97190 1:0 96111
96111 305 1:0 96111
96114 56107 1:0 96114
96116 97184 1:0 96116
96116 97189 1:0 96116
96132 97182 1:0 96132
96132 96762 21:0 96133
96132 96933 21:0 96133
96132 96966 21:0 96136
96135 301 21:0 96136
96135 96927 21:0 96136
96135 96946 21:0 96136
96135 305 21:0 96136
96135 377 21:0 96136
96135 307 21:0 96136
96135 56076 21:0 96136
96135 56107 21:0 96136
96135 56100 21:0 96136
96135 56121 1:0 96137
96139 97180 1:0 96139
96139 56121 21:0 96144
96140 97181 1:0 96140
96143 97178 1:0 96143
96143 97019 21:0 96144
96143 97034 21:0 96144
96143 96920 21:0 96147
96146 96808 21:0 96147
96146 96770 21:0 96147
96146 56098 21:0 96147
96146 56103 21:0 96147
96146 56089 21:0 96147
96146 297 21:0 96147
96146 295 21:0 96147
96146 56125 1:0 96148
96150 97179 1:0 96150
96150 56125 21:0 96153
96151 56128 1:0 96158
96151 289 1:0 96160
96151 56133 1:0 96163
96151 97176 1:0 96164
96151 97167 1:0 96166
96151 377 1:0 96166
96151 56160 1:0 96173
96151 56155 1:0 96173
96151 56146 1:0 96173
96151 56164 1:0 96176
96151 287 1:0 96176
96151 97156 1:0 96176
96151 56157 1:0 96176
96151 97149 1:0 96176
96151 56190 1:0 96288
96151 271 1:0 96288
96151 97134 1:0 96290
96151 97143 1:0 96290
96151 56212 1:0 96290
96151 56214 1:0 96290
96151 56221 1:0 96307
96151 97123 1:0 96307
96151 269 1:0 96307
96151 97110 1:0 96422
96151 56247 1:0 96422
96151 253 1:0 96422
96151 251 1:0 96439
96151 97090 1:0 96441
96151 56278 1:0 96441
96151 97077 1:0 96550
96151 56304 1:0 96552
96151 235 1:0 96552
96151 233 1:0 96569
96151 97057 1:0 96569
96151 56335 1:0 96569
96151 97044 1:0 96681
96151 56361 1:0 96683
96151 217 1:0 96683
96151 97024 1:0 96700
96151 215 1:0 96700
96151 56392 1:0 96700
96151 97011 1:0 96812
96151 56418 1:0 96814
96151 199 1:0 96814
96151 96991 1:0 96831
96151 56449 1:0 96831
96151 197 1:0 96831
96151 56475 1:0 96942
96151 181 1:0 96942
96151 96978 1:0 96942
96151 179 1:0 96963
96151 56506 1:0 96963
96151 96958 1:0 96965
96151 163 1:0 97074
96151 96945 1:0 97074
96151 56532 1:0 97074
96151 96925 1:0 97093
96151 56563 1:0 97093
96151 161 1:0 97093
96151 96912 1:0 97205
96151 145 1:0 97205
96151 56589 1:0 97207
96151 143 1:0 97224
96151 96892 1:0 97224
96151 56620 1:0 97224
96151 56646 1:0 97339
96151 127 1:0 97339
96151 96879 1:0 97339
96151 125 1:0 97356
96151 56677 1:0 97358
96151 96859 1:0 97358
96151 109 1:0 97467
96151 56703 1:0 97467
96151 96846 1:0 97467
96151 107 1:0 97486
96151 56734 1:0 97486
96151 91 1:0 97601
96151 56760 1:0 97601
96152 96799 21:0 96153
96152 96860 21:0 96153
96152 96874 21:0 96156
96154 97147 1:0 96262
96155 243 21:0 96156
96155 97026 21:0 96156
96155 96848 21:0 96156
96155 257 21:0 96156
96155 293 21:0 96156
96155 291 21:0 96156
96155 61 21:0 96160
96157 56178 1:0 96268
96157 97148 1:0 96270
96157 56182 1:0 96279
96157 257 1:0 96288
96160 97177 1:0 96160
96160 56128 21:0 96181
96165 97171 1:0 96165
96177 97146 1:0 96280
96178 96848 1:0 96282
96180 97166 1:0 96180
96180 97045 21:0 96184
96183 303 21:0 96219
96185 97045 1:0 96273
96189 97162 1:0 96189
96189 97164 1:0 96189
96189 97165 1:0 96189
96190 97026 1:0 96307
96215 97158 1:0 96215
96218 299 21:0 96235
96231 97116 1:0 96307
96234 283 21:0 96235
96234 285 21:0 96238
96236 56185 1:0 96289
96236 56217 1:0 96290
96236 56203 1:0 96307
96236 56269 1:0 96418
96236 97101 1:0 96418
96236 56274 1:0 96422
96236 97068 1:0 96552
96236 97035 1:0 96683
96236 97002 1:0 96814
96236 96826 1:0 97486
96236 96813 1:0 97601
96237 281 21:0 96243
96242 97157 1:0 96242
96242 56160 21:0 96259
96247 97151 1:0 96247
96258 56157 21:0 96264
96260 97115 1:0 96393
96263 75 21:0 96264
96263 287 21:0 96264
96263 289 21:0 96264
96263 56155 21:0 96264
96263 56146 21:0 96264
96263 279 21:0 96264
96263 277 21:0 96264
96263 149 21:0 96264
96263 275 21:0 96264
96263 273 21:0 96264
96263 56133 21:0 96264
96263 225 21:0 96264
96263 39 21:0 96264
96263 129 21:0 96264
96263 147 21:0 96264
96263 111 21:0 96264
96263 189 21:0 96264
96263 207 21:0 96264
96263 231 21:0 96264
96263 56164 21:0 96264
96263 139 21:0 96264
96263 87 21:0 96267
96266 209 21:0 96267
96266 25 21:0 96267
96266 175 21:0 96267
96266 117 21:0 96267
96266 121 21:0 96267
96266 57 21:0 96267
96266 93 21:0 96267
96266 9 21:0 96267
96266 237 21:0 96267
96266 153 21:0 96267
96266 185 21:0 96267
96266 259 21:0 96267
96266 135 21:0 96267
96266 45 21:0 96267
96266 187 21:0 96267
96266 81 21:0 96267
96266 77 21:0 96267
96266 241 21:0 96267
96266 131 21:0 96267
96268 259 1:0 96288
96268 237 1:0 96413
96268 241 1:0 96418
96270 56178 21:0 96275
96272 97114 1:0 96400
96273 56235 1:0 96399
96273 96874 1:0 96404
96273 56239 1:0 96410
96273 97113 1:0 96411
96273 96920 1:0 96413
96273 56242 1:0 96420
96274 97145 1:0 96274
96274 141 21:0 96275
96274 11 21:0 96275
96274 265 21:0 96275
96274 67 21:0 96275
96274 13 21:0 96277
96276 267 1:0 96276
96276 243 1:0 96418
96276 56271 1:0 96422
96276 56260 1:0 96441
96276 97034 1:0 96441
96276 221 1:0 96544
96276 225 1:0 96544
96276 56326 1:0 96552
96276 56328 1:0 96552
96278 13 1:0 96404
96281 56182 21:0 96284
96282 97083 1:0 96441
96282 97081 1:0 96524
96283 267 21:0 96284
96285 263 1:0 96285
96288 97082 1:0 96532
96290 231 1:0 96535
96291 97144 1:0 96291
96291 56185 21:0 96312
96293 56292 1:0 96530
96293 219 1:0 96550
96293 96969 1:0 96942
96293 56791 1:0 97618
96293 89 1:0 97618
96293 96793 1:0 97620
96293 96780 1:0 97732
96293 73 1:0 97732
96293 56817 1:0 97732
96296 97138 1:0 96296
96308 97019 1:0 96535
96311 97133 1:0 96311
96311 263 21:0 96315
96314 271 21:0 96315
96314 56190 21:0 96315
96318 56203 21:0 96347
96320 97129 1:0 96320
96320 97132 1:0 96320
96320 97131 1:0 96320
96321 97080 1:0 96542
96346 97125 1:0 96346
96346 261 21:0 96350
96353 56212 21:0 96356
96355 259 21:0 96356
96363 56214 21:0 96366
96365 257 21:0 96366
96373 97124 1:0 96373
96373 56217 21:0 96390
96378 97118 1:0 96378
96389 255 21:0 96395
96394 269 21:0 96395
96394 56221 21:0 96395
96396 247 1:0 96396
96401 56235 21:0 96406
96403 56296 1:0 96541
96403 96927 1:0 96544
96403 56299 1:0 96551
96403 56331 1:0 96552
96403 96946 1:0 96569
96403 56317 1:0 96569
96403 207 1:0 96675
96403 203 1:0 96681
96403 56385 1:0 96683
96403 56383 1:0 96683
96403 185 1:0 96806
96404 97050 1:0 96569
96404 97048 1:0 96655
96405 97112 1:0 96405
96405 247 21:0 96406
96407 249 1:0 96407
96412 56239 21:0 96415
96413 56349 1:0 96661
96413 97049 1:0 96663
96413 209 1:0 96666
96413 96966 1:0 96666
96413 56353 1:0 96672
96413 96933 1:0 96675
96413 56356 1:0 96682
96414 249 21:0 96415
96416 245 1:0 96416
96419 97047 1:0 96673
96421 56374 1:0 96683
96421 56388 1:0 96700
96421 189 1:0 96806
96421 187 1:0 96806
96421 56440 1:0 96814
96421 56442 1:0 96814
96421 56499 1:0 96942
96422 97111 1:0 96422
96422 56242 21:0 96443
96424 96760 1:0 97751
96427 97105 1:0 96427
96440 97017 1:0 96700
96441 56848 1:0 97751
96441 71 1:0 97751
96442 97100 1:0 96442
96442 245 21:0 96446
96445 253 21:0 96446
96445 56247 21:0 96446
96449 56260 21:0 96478
96451 97098 1:0 96451
96451 97099 1:0 96451
96451 97096 1:0 96451
96452 97025 1:0 96700
96452 175 1:0 96797
96452 183 1:0 96812
96452 96936 1:0 97076
96452 55 1:0 97860
96452 56874 1:0 97860
96477 97092 1:0 96477
96477 243 21:0 96481
96484 56269 21:0 96487
96486 241 21:0 96487
96494 56271 21:0 96497
96496 239 21:0 96497
96504 97091 1:0 96504
96504 56274 21:0 96521
96509 97085 1:0 96509
96520 237 21:0 96526
96525 251 21:0 96526
96525 56278 21:0 96526
96527 229 1:0 96527
96532 56292 21:0 96537
96534 97015 1:0 96786
96535 56406 1:0 96792
96535 97016 1:0 96794
96535 97006 1:0 96797
96535 56410 1:0 96803
96535 96993 1:0 96806
96535 56413 1:0 96813
96536 97079 1:0 96536
96536 229 21:0 96537
96543 56296 21:0 96546
96544 97014 1:0 96804
96544 96984 1:0 96831
96545 231 21:0 96546
96547 227 1:0 96547
96547 96999 1:0 96831
96550 56445 1:0 96814
96550 56431 1:0 96831
96550 56502 1:0 96942
96550 169 1:0 96942
96550 56497 1:0 96965
96550 56556 1:0 97076
96550 56554 1:0 97076
96553 97078 1:0 96553
96553 56299 21:0 96574
96555 96983 1:0 96917
96558 97072 1:0 96558
96561 96747 1:0 97860
96562 96727 1:0 97879
96570 141 1:0 96928
96570 171 1:0 96942
96570 96903 1:0 97207
96570 56905 1:0 97879
96570 53 1:0 97879
96570 96714 1:0 97994
96570 56931 1:0 97994
96570 37 1:0 97994
96573 97067 1:0 96573
96573 227 21:0 96577
96576 56304 21:0 96577
96576 235 21:0 96577
96580 56317 21:0 96609
96582 97066 1:0 96582
96582 97063 1:0 96582
96582 97065 1:0 96582
96583 96982 1:0 96924
96608 97059 1:0 96608
96608 225 21:0 96612
96615 56326 21:0 96618
96617 223 21:0 96618
96625 56328 21:0 96628
96627 221 21:0 96628
96635 97058 1:0 96635
96635 56331 21:0 96652
96640 97052 1:0 96640
96651 219 21:0 96657
96656 233 21:0 96657
96656 56335 21:0 96657
96658 211 1:0 96658
96663 56349 21:0 96668
96665 56463 1:0 96923
96665 96935 1:0 96928
96665 56467 1:0 96934
96665 96913 1:0 96937
96665 56470 1:0 96944
96666 96981 1:0 96935
96666 96951 1:0 96965
96667 97046 1:0 96667
96667 211 21:0 96668
96669 213 1:0 96669
96674 56353 21:0 96677
96675 56488 1:0 96960
96675 96967 1:0 96965
96675 96949 1:0 97048
96675 56520 1:0 97054
96675 96947 1:0 97059
96675 139 1:0 97059
96675 56524 1:0 97065
96675 153 1:0 97068
96675 147 1:0 97068
96675 149 1:0 97074
96675 151 1:0 97074
96675 131 1:0 97205
96675 133 1:0 97205
96676 213 21:0 96677
96681 96950 1:0 97056
96683 56545 1:0 97076
96683 96870 1:0 97335
96683 56962 1:0 98012
96683 35 1:0 98012
96683 96694 1:0 98012
96683 19 1:0 98119
96683 56988 1:0 98119
96683 96681 1:0 98130
96684 56356 21:0 96705
96689 97039 1:0 96689
96702 96948 1:0 97066
96704 209 21:0 96708
96707 217 21:0 96708
96707 56361 21:0 96708
96711 56374 21:0 96740
96713 97032 1:0 96713
96713 97033 1:0 96713
96713 97030 1:0 96713
96714 96887 1:0 97068
96714 96931 1:0 97093
96739 207 21:0 96743
96746 56383 21:0 96749
96748 205 21:0 96749
96756 56385 21:0 96759
96758 203 21:0 96759
96766 56388 21:0 96783
96782 201 21:0 96788
96787 215 21:0 96788
96787 56392 21:0 96788
96794 56406 21:0 96799
96796 96918 1:0 97093
96797 56527 1:0 97075
96797 56559 1:0 97093
96797 96917 1:0 97179
96797 56577 1:0 97185
96797 96901 1:0 97190
96797 121 1:0 97190
96797 56581 1:0 97196
96797 135 1:0 97199
96797 129 1:0 97199
96797 56613 1:0 97207
96797 56611 1:0 97207
96797 56668 1:0 97335
96797 115 1:0 97335
96798 97013 1:0 96798
96798 193 21:0 96799
96805 56410 21:0 96808
96806 96916 1:0 97186
96806 96915 1:0 97197
96807 195 21:0 96808
96809 191 1:0 96809
96809 96900 1:0 97199
96812 56616 1:0 97207
96812 56602 1:0 97224
96812 117 1:0 97330
96812 56670 1:0 97339
96812 96837 1:0 97469
96812 56727 1:0 97469
96812 17 1:0 98207
96812 57019 1:0 98210
96812 96661 1:0 98212
96815 97012 1:0 96815
96815 56413 21:0 96836
96817 96885 1:0 97224
96832 96893 1:0 97224
96833 56584 1:0 97206
96833 56634 1:0 97316
96833 96799 1:0 97321
96835 97001 1:0 96835
96835 191 21:0 96839
96838 199 21:0 96839
96838 56418 21:0 96839
96842 56431 21:0 96871
96844 97000 1:0 96844
96844 96997 1:0 96844
96845 67 1:0 97321
96870 189 21:0 96874
96877 56440 21:0 96880
96887 56442 21:0 96890
96897 96992 1:0 96897
96897 56445 21:0 96914
96902 96986 1:0 96902
96913 56449 21:0 96914
96925 56463 21:0 96930
96927 96884 1:0 97310
96928 96883 1:0 97317
96928 96882 1:0 97328
96929 96980 1:0 96929
96936 56467 21:0 96939
96937 56638 1:0 97327
96937 96860 1:0 97330
96937 111 1:0 97335
96937 56641 1:0 97337
96937 56673 1:0 97339
96937 56659 1:0 97358
96937 96852 1:0 97358
96937 96861 1:0 97358
96937 93 1:0 97461
96940 173 1:0 96940
96943 96851 1:0 97441
96946 96979 1:0 96946
96946 56470 21:0 96967
96951 96973 1:0 96951
96964 96850 1:0 97448
96966 96968 1:0 96966
96966 56475 21:0 96967
96973 56488 21:0 97002
96975 96964 1:0 96975
96976 56691 1:0 97447
96976 11 1:0 97452
96976 95 1:0 97467
96976 56725 1:0 97469
96976 56730 1:0 97469
96976 56716 1:0 97486
96976 96804 1:0 97597
97001 96960 1:0 97001
97008 56497 21:0 97011
97018 56499 21:0 97021
97028 96959 1:0 97028
97028 56502 21:0 97045
97033 96953 1:0 97033
97044 56506 21:0 97045
97051 157 1:0 97051
97056 56520 21:0 97061
97058 96770 1:0 97452
97058 56695 1:0 97458
97058 96808 1:0 97461
97058 56698 1:0 97468
97059 96849 1:0 97459
97059 96819 1:0 97486
97062 159 1:0 97062
97067 56524 21:0 97070
97068 96827 1:0 97486
97068 96817 1:0 97572
97068 56748 1:0 97578
97068 87 1:0 97583
97068 96762 1:0 97583
97068 56752 1:0 97589
97071 155 1:0 97071
97074 96818 1:0 97580
97077 56527 21:0 97098
97082 96940 1:0 97082
97095 96816 1:0 97590
97097 56532 21:0 97098
97104 56545 21:0 97133
97106 96934 1:0 97106
97107 81 1:0 97592
97107 96788 1:0 97592
97107 77 1:0 97592
97107 79 1:0 97597
97107 56787 1:0 97601
97107 96771 1:0 97728
97139 56554 21:0 97142
97149 56556 21:0 97152
97159 96926 1:0 97159
97159 56559 21:0 97176
97175 56563 21:0 97176
97187 56577 21:0 97192
97189 96785 1:0 97620
97190 75 1:0 97597
97190 56784 1:0 97597
97190 56755 1:0 97599
97190 56782 1:0 97601
97190 56773 1:0 97620
97190 96768 1:0 97620
97190 96786 1:0 97703
97190 56805 1:0 97709
97190 56976 1:0 97714
97190 61 1:0 97728
97190 56841 1:0 97728
97190 56844 1:0 97732
97191 96914 1:0 97191
97198 56581 21:0 97201
97199 96784 1:0 97710
97199 96735 1:0 97714
97199 56809 1:0 97720
97199 56812 1:0 97723
97199 56866 1:0 97723
97199 57 1:0 97728
97199 56839 1:0 97732
97199 56830 1:0 97751
97199 56862 1:0 97751
97199 45 1:0 97854
97199 41 1:0 97860
97199 56898 1:0 97862
97199 56896 1:0 97862
97202 137 1:0 97202
97205 96783 1:0 97721
97208 56584 21:0 97229
97213 96907 1:0 97213
97226 96753 1:0 97751
97228 96902 1:0 97228
97228 56589 21:0 97229
97235 56602 21:0 97264
97237 96898 1:0 97237
97238 96700 1:0 97751
97238 39 1:0 97854
97238 56901 1:0 97862
97238 96738 1:0 97862
97238 25 1:0 97990
97238 23 1:0 97990
97263 96894 1:0 97263
97270 56611 21:0 97273
97280 56613 21:0 97283
97290 56616 21:0 97307
97306 56620 21:0 97307
97318 56634 21:0 97323
97320 96752 1:0 97834
97321 96751 1:0 97841
97321 96709 1:0 97845
97321 96695 1:0 97845
97321 56869 1:0 97854
97322 96881 1:0 97322
97324 123 1:0 97324
97329 56638 21:0 97332
97330 96750 1:0 97852
97330 96702 1:0 97854
97333 119 1:0 97333
97333 96720 1:0 97879
97336 56919 1:0 97879
97336 96704 1:0 97879
97336 56887 1:0 97879
97336 96703 1:0 97976
97336 96705 1:0 97990
97336 56955 1:0 97990
97336 56953 1:0 97994
97336 56958 1:0 97994
97339 96880 1:0 97339
97339 56641 21:0 97360
97357 96719 1:0 97965
97359 96869 1:0 97359
97359 56646 21:0 97360
97366 56659 21:0 97395
97368 96868 1:0 97368
97368 96867 1:0 97368
97368 96865 1:0 97368
97369 96715 1:0 97976
97369 56923 1:0 97982
97401 56668 21:0 97404
97411 56670 21:0 97414
97421 56673 21:0 97438
97426 96854 1:0 97426
97437 56677 21:0 97438
97444 103 1:0 97444
97449 56691 21:0 97454
97451 96718 1:0 97972
97452 96717 1:0 97983
97452 96689 1:0 97985
97452 56926 1:0 97992
97452 96696 1:0 98012
97452 56944 1:0 98012
97452 9 1:0 98119
97452 57010 1:0 98138
97452 7 1:0 98141
97452 96672 1:0 98144
97455 105 1:0 97455
97460 56695 21:0 97463
97461 96687 1:0 98012
97461 96686 1:0 98096
97464 101 1:0 97464
97469 96685 1:0 98103
97470 96847 1:0 97470
97470 56698 21:0 97491
97472 96683 1:0 98107
97475 96841 1:0 97475
97487 360 1:0 98107
97488 56980 1:0 98113
97488 96676 1:0 98116
97490 96836 1:0 97490
97490 56703 21:0 97491
97497 56716 21:0 97526
97499 96834 1:0 97499
97499 96835 1:0 97499
97499 96832 1:0 97499
97500 96671 1:0 98119
97500 56983 1:0 98119
97525 96828 1:0 97525
97532 56725 21:0 97535
97542 56727 21:0 97545
97552 56730 21:0 97569
97557 96821 1:0 97557
97568 56734 21:0 97569
97580 56748 21:0 97585
97582 96684 1:0 98114
97583 96667 1:0 98119
97583 57001 1:0 98119
97583 96682 1:0 98124
97583 96669 1:0 98144
97583 96670 1:0 98144
97583 96663 1:0 98179
97583 5 1:0 98190
97583 57012 1:0 98195
97583 3 1:0 98198
97583 359 1:0 98198
97583 57015 1:0 98205
97583 189 1:0 99034
97584 96815 1:0 97584
97591 56752 21:0 97594
97592 96662 1:0 98206
97595 83 1:0 97595
97601 96814 1:0 97601
97601 56755 21:0 97622
97621 96803 1:0 97621
97621 56760 21:0 97622
97628 56773 21:0 97657
97630 96802 1:0 97630
97630 96801 1:0 97630
97656 96795 1:0 97656
97663 56782 21:0 97666
97673 56784 21:0 97676
97683 96794 1:0 97683
97683 56787 21:0 97700
97699 56791 21:0 97700
97711 56805 21:0 97716
97715 96782 1:0 97715
97717 69 1:0 97717
97722 56809 21:0 97725
97732 96781 1:0 97732
97732 56812 21:0 97753
97737 96775 1:0 97737
97752 56817 21:0 97753
97759 56830 21:0 97788
97761 96769 1:0 97761
97761 96766 1:0 97761
97794 56839 21:0 97797
97804 56841 21:0 97807
97814 96761 1:0 97814
97814 56844 21:0 97831
97819 96755 1:0 97819
97830 56848 21:0 97831
97842 56862 21:0 97847
97846 96749 1:0 97846
97853 56866 21:0 97856
97857 47 1:0 97857
97863 96748 1:0 97863
97863 56869 21:0 97884
97868 96742 1:0 97868
97883 96737 1:0 97883
97883 56874 21:0 97884
97890 56887 21:0 97919
97892 96733 1:0 97892
97892 96736 1:0 97892
97918 96729 1:0 97918
97925 56896 21:0 97928
97935 56898 21:0 97938
97945 96728 1:0 97945
97945 56901 21:0 97962
97950 96722 1:0 97950
97961 56905 21:0 97962
97973 56919 21:0 97978
97977 96716 1:0 97977
97984 56923 21:0 97987
97994 56926 21:0 98015
98014 56931 21:0 98015
98021 56944 21:0 98050
98056 56953 21:0 98059
98066 56955 21:0 98069
98076 56958 21:0 98093
98092 56962 21:0 98093
98104 56976 21:0 98109
98115 56980 21:0 98118
98125 56983 21:0 98146
98145 56988 21:0 98146
98152 57001 21:0 98181
98187 57010 21:0 98190
98197 57012 21:0 98200
98207 57015 21:0 98224
98223 57019 21:0 98224
98233 98312 21:0 98234
98234 98313 21:0 98245
98244 17 21:0 98245
98244 5 21:0 98245
98245 98314 21:0 98273
98272 359 21:0 98278
98277 7 21:0 98278
98277 98323 21:0 98278
98277 3 21:0 98278
98280 360 21:0 98289
98288 98321 21:0 98289
98288 98322 21:0 98289
98288 98332 21:0 98289
98288 19 21:0 98289
98291 98335 21:0 98299
98298 98336 21:0 98349
98348 98337 21:0 98365
98364 98338 21:0 98370
98369 98368 21:0 98389
98386 98379 21:0 98386
98388 98370 21:0 98441
98397 98380 21:0 98397
98425 98384 21:0 98425
98425 98386 21:0 98425
98425 98387 21:0 98425
98430 98388 21:0 98430
98438 98399 21:0 98438
98440 98369 21:0 98446
98445 98371 21:0 98451
98446 98400 21:0 98446
98450 98401 21:0 98506
98462 98412 21:0 98462
98501 98420 21:0 98501
98505 98403 21:0 98522
98506 98421 21:0 98506
98508 98406 21:0 98508
98514 98432 21:0 98514
98521 98402 21:0 98527
98526 98404 21:0 98577
98529 98426 21:0 98529
98576 98434 21:0 98593
98577 98453 21:0 98577
98577 98450 21:0 98577
98582 98454 21:0 98582
98590 98465 21:0 98590
98592 98435 21:0 98598
98597 98436 21:0 98617
98598 98466 21:0 98598
98614 98478 21:0 98614
98616 98437 21:0 98669
98625 98479 21:0 98625
98653 98483 21:0 98653
98653 98485 21:0 98653
98658 98487 21:0 98658
98660 98472 21:0 98660
98668 98467 21:0 98674
98673 98469 21:0 98679
98678 98468 21:0 98734
98681 98492 21:0 98681
98701 98512 21:0 98701
98729 98518 21:0 98729
98733 98470 21:0 98750
98734 98520 21:0 98734
98736 98505 21:0 98736
98742 98531 21:0 98742
98749 98500 21:0 98755
98750 98532 21:0 98750
98754 98502 21:0 98805
98757 98525 21:0 98757
98766 98544 21:0 98766
98777 98545 21:0 98777
98804 98501 21:0 98821
98805 98549 21:0 98805
98805 98551 21:0 98805
98810 98553 21:0 98810
98812 98538 21:0 98812
98820 98503 21:0 98826
98825 98533 21:0 98845
98833 98558 21:0 98833
98842 98577 21:0 98842
98844 98534 21:0 98897
98881 98584 21:0 98881
98881 98582 21:0 98881
98881 98585 21:0 98881
98886 98586 21:0 98886
98888 98571 21:0 98888
98896 98535 21:0 98902
98901 98536 21:0 98907
98902 98598 21:0 98902
98906 98566 21:0 98957
98918 98610 21:0 98918
98956 98567 21:0 98973
98957 98617 21:0 98957
98957 98618 21:0 98957
98962 98619 21:0 98962
98970 98630 21:0 98970
98972 98568 21:0 98983
98978 98631 21:0 98978
98982 98569 21:0 99033
98994 98643 21:0 98994
99032 98599 21:0 99049
99033 98650 21:0 99033
99033 98648 21:0 99033
99033 98651 21:0 99033
99034 199 1:0 99044
99034 191 1:0 99045
99038 98652 21:0 99038
99046 98663 21:0 99046
99048 195 1:0 99050
99048 98601 21:0 99054
99053 193 1:0 99055
99053 98600 21:0 99073
99058 201 1:0 99069
99061 98657 21:0 99061
99068 215 1:0 99068
99070 98676 21:0 99070
99072 203 1:0 99073
99072 98602 21:0 99125
99076 205 1:0 99077
99081 98677 21:0 99081
99108 207 1:0 99110
99109 98681 21:0 99109
99109 98683 21:0 99109
99113 209 1:0 99121
99116 98670 21:0 99116
99120 217 1:0 99120
99122 98696 21:0 99122
99124 213 1:0 99126
99124 98632 21:0 99130
99129 211 1:0 99131
99129 98633 21:0 99135
99130 98697 21:0 99130
99134 219 1:0 99145
99134 98634 21:0 99185
99144 233 1:0 99144
99146 98709 21:0 99146
99148 221 1:0 99149
99152 223 1:0 99153
99157 98710 21:0 99157
99184 225 1:0 99186
99184 98635 21:0 99201
99185 98714 21:0 99185
99185 98717 21:0 99185
99185 98716 21:0 99185
99189 227 1:0 99197
99190 98718 21:0 99190
99192 98703 21:0 99192
99196 235 1:0 99196
99198 98729 21:0 99198
99200 231 1:0 99202
99200 98665 21:0 99211
99205 229 1:0 99207
99206 98730 21:0 99206
99210 237 1:0 99221
99210 98666 21:0 99261
99213 98723 21:0 99213
99220 251 1:0 99220
99222 98742 21:0 99222
99224 239 1:0 99225
99228 241 1:0 99229
99233 98743 21:0 99233
99260 243 1:0 99262
99260 98667 21:0 99277
99261 98747 21:0 99261
99261 98750 21:0 99261
99261 98749 21:0 99261
99265 245 1:0 99273
99266 98751 21:0 99266
99268 98736 21:0 99268
99272 253 1:0 99272
99274 98762 21:0 99274
99276 249 1:0 99278
99276 98668 21:0 99282
99281 247 1:0 99283
99281 98698 21:0 99293
99282 98763 21:0 99282
99286 255 1:0 99297
99289 98756 21:0 99289
99292 98699 21:0 99353
99296 269 1:0 99296
99298 98775 21:0 99298
99300 257 1:0 99301
99304 259 1:0 99305
99309 98776 21:0 99309
99336 261 1:0 99338
99337 98782 21:0 99337
99337 98780 21:0 99337
99337 98783 21:0 99337
99341 263 1:0 99349
99342 98784 21:0 99342
99344 98769 21:0 99344
99348 271 1:0 99348
99350 98795 21:0 99350
99352 267 1:0 99354
99352 98700 21:0 99358
99357 265 1:0 99359
99357 98701 21:0 99363
99362 98333 21:0 99363
99362 273 1:0 99373
99362 98318 21:0 99377
99372 287 1:0 99372
99376 275 1:0 99377
99376 98731 21:0 99429
99380 277 1:0 99381
99412 279 1:0 99414
99417 281 1:0 99425
99424 289 1:0 99424
99428 285 1:0 99430
99428 98733 21:0 99434
99431 98830 21:0 99431
99433 283 1:0 99435
99433 98732 21:0 99439
99436 98831 21:0 99436
99436 98832 21:0 99436
99438 291 1:0 99449
99438 98734 21:0 99494
99439 98833 21:0 99439
99448 305 1:0 99448
99452 293 1:0 99453
99456 295 1:0 99457
99488 297 1:0 99490
99493 299 1:0 99501
99493 98764 21:0 99510
99500 307 1:0 99500
99504 303 1:0 99506
99507 98863 21:0 99507
99509 301 1:0 99511
99509 98765 21:0 99515
99512 98864 21:0 99512
99512 98865 21:0 99512
99514 309 1:0 99525
99514 98766 21:0 99565
99515 98866 21:0 99515
99524 323 1:0 99524
99528 311 1:0 99529
99532 313 1:0 99533
99564 98320 21:0 99565
99564 315 1:0 99566
99564 98327 21:0 99581
99569 317 1:0 99577
99576 325 1:0 99576
99580 98340 21:0 99581
99580 98334 21:0 99581
99580 321 1:0 99582
99580 98354 21:0 99583
99582 98366 21:0 99586
99583 98896 21:0 99583
99585 98351 21:0 99586
99585 98353 21:0 99586
99585 319 1:0 99587
99585 98355 21:0 99591
99590 98360 21:0 99591
99590 98346 21:0 99591
99590 329 1:0 99602
99590 33 21:0 99606
99599 327 1:0 99599
99605 98587 21:0 99606
99605 98620 21:0 99606
99605 63 21:0 99606
99605 171 21:0 99606
99605 117 21:0 99606
99605 115 21:0 99606
99605 98389 21:0 99606
99605 55381 1:0 99608
99605 98785 21:0 99611
99610 98827 21:0 99611
99610 98398 21:0 99611
99610 98543 21:0 99611
99610 98609 21:0 99611
99610 98431 21:0 99611
99610 98444 21:0 99611
99610 98477 21:0 99611
99610 98563 21:0 99611
99610 98345 21:0 99611
99610 98642 21:0 99611
99610 98365 21:0 99611
99610 98741 21:0 99611
99610 98576 21:0 99611
99610 98497 21:0 99611
99610 98464 21:0 99611
99610 98411 21:0 99611
99610 98708 21:0 99611
99610 98675 21:0 99611
99610 98761 21:0 99611
99610 98728 21:0 99611
99610 98629 21:0 99611
99610 98530 21:0 99611
99610 98378 21:0 99611
99611 98909 21:0 99621
99620 55991 1:0 99622
99620 98347 21:0 99644
99627 55995 1:0 99627
99643 98767 21:0 99647
99646 56007 1:0 99648
99646 98797 21:0 99655
99654 98799 21:0 99664
99657 56011 1:0 99659
99661 98896 1:0 99661
99663 98798 21:0 99667
99666 56014 1:0 99669
99666 98800 21:0 99746
99674 56019 1:0 99674
99694 56032 1:0 99696
99729 56041 1:0 99731
99738 56043 1:0 99741
99745 56014 21:0 99746
99745 56011 21:0 99749
99748 56046 1:0 99751
99748 56007 21:0 99775
99756 56050 1:0 99756
99774 98866 1:0 99774
99774 321 21:0 99775
99774 98516 21:0 99775
99774 319 21:0 99775
99774 317 21:0 99775
99774 98684 21:0 99778
99777 56046 21:0 99778
99777 98455 21:0 99778
99777 55381 21:0 99778
99777 98604 21:0 99778
99777 98367 21:0 99778
99777 56043 21:0 99778
99777 56032 21:0 99778
99777 56041 21:0 99778
99777 98521 21:0 99778
99777 56064 1:0 99779
99777 98653 21:0 99781
99780 98840 21:0 99781
99780 71 21:0 99781
99780 181 21:0 99781
99780 271 21:0 99781
99780 55995 21:0 99781
99780 217 21:0 99781
99780 35 21:0 99781
99780 73 21:0 99781
99780 327 21:0 99781
99780 56019 21:0 99781
99780 325 21:0 99781
99780 323 21:0 99781
99780 253 21:0 99781
99780 98860 21:0 99781
99780 91 21:0 99781
99780 98911 21:0 99781
99780 56050 21:0 99781
99780 53 21:0 99781
99780 98807 21:0 99781
99780 98662 21:0 99781
99780 107 21:0 99781
99780 98774 21:0 99781
99780 98794 21:0 99781
99780 109 21:0 99781
99780 98695 21:0 99781
99780 179 21:0 99781
99780 98510 21:0 99781
99780 98596 21:0 99781
99780 269 21:0 99781
99780 55 21:0 99781
99780 287 21:0 99781
99780 145 21:0 99781
99780 215 21:0 99781
99780 163 21:0 99781
99780 197 21:0 99781
99780 125 21:0 99781
99780 89 21:0 99781
99781 98864 1:0 99781
99781 56064 21:0 99786
99782 98865 1:0 99782
99785 98597 21:0 99786
99785 98459 21:0 99786
99785 98486 21:0 99789
99788 98818 21:0 99789
99788 98686 21:0 99789
99788 151 21:0 99789
99788 55991 21:0 99789
99788 167 21:0 99789
99788 311 21:0 99789
99788 98591 21:0 99789
99788 313 21:0 99789
99788 257 21:0 99789
99788 315 21:0 99789
99788 98452 21:0 99789
99788 329 21:0 99789
99788 56068 1:0 99790
99788 98422 21:0 99792
99791 37 21:0 99792
99791 199 21:0 99792
99791 233 21:0 99792
99791 235 21:0 99792
99791 305 21:0 99792
99791 307 21:0 99792
99791 251 21:0 99792
99791 289 21:0 99792
99791 143 21:0 99792
99791 127 21:0 99792
99791 161 21:0 99792
99792 98863 1:0 99792
99792 56068 21:0 99795
99794 98417 21:0 99795
99794 98433 21:0 99795
99794 98439 21:0 99798
99797 98552 21:0 99798
99797 98690 21:0 99798
99797 309 21:0 99798
99797 261 21:0 99798
99797 61 21:0 99798
99797 25 21:0 99798
99797 56071 1:0 99800
99797 203 21:0 99802
99802 307 1:0 99802
99802 56071 21:0 99823
99805 56076 1:0 99805
99807 98860 1:0 99807
99822 98445 21:0 99826
99825 56089 1:0 99827
99825 98446 21:0 99877
99860 56098 1:0 99862
99869 56100 1:0 99872
99876 98685 21:0 99880
99879 56103 1:0 99882
99879 98615 21:0 99906
99884 305 1:0 99884
99887 56107 1:0 99887
99889 98840 1:0 99889
99905 98833 1:0 99905
99905 98564 21:0 99906
99905 98578 21:0 99906
99905 98565 21:0 99909
99908 98752 21:0 99909
99908 98511 21:0 99909
99908 98499 21:0 99909
99908 56100 21:0 99909
99908 301 21:0 99909
99908 98356 21:0 99909
99908 56121 1:0 99910
99908 98554 21:0 99912
99911 307 21:0 99912
99911 56107 21:0 99912
99911 305 21:0 99912
99911 56076 21:0 99912
99912 98831 1:0 99912
99912 56121 21:0 99917
99913 98832 1:0 99913
99916 98519 21:0 99917
99916 98413 21:0 99917
99916 98637 21:0 99920
99919 295 21:0 99920
99919 98393 21:0 99920
99919 98373 21:0 99920
99919 297 21:0 99920
99919 56103 21:0 99920
99919 56098 21:0 99920
99919 56089 21:0 99920
99919 56125 1:0 99921
99919 98488 21:0 99923
99923 98830 1:0 99923
99923 56125 21:0 99926
99924 98827 1:0 99930
99924 289 1:0 99930
99924 56133 1:0 99930
99924 56128 1:0 99931
99924 56157 1:0 99932
99924 56146 1:0 99932
99924 56155 1:0 99932
99924 98818 1:0 99932
99924 98800 1:0 99949
99924 56160 1:0 99949
99924 56164 1:0 99949
99924 287 1:0 99949
99924 98807 1:0 99949
99924 56178 1:0 100041
99924 98785 1:0 100055
99924 257 1:0 100063
99924 56214 1:0 100063
99924 56212 1:0 100063
99924 56190 1:0 100063
99924 98794 1:0 100063
99924 271 1:0 100063
99924 269 1:0 100080
99924 98774 1:0 100080
99924 56221 1:0 100080
99924 98752 1:0 100191
99924 56247 1:0 100195
99924 253 1:0 100195
99924 98761 1:0 100195
99924 56278 1:0 100214
99924 98741 1:0 100214
99924 251 1:0 100214
99924 98728 1:0 100326
99924 56304 1:0 100326
99924 235 1:0 100326
99924 98708 1:0 100345
99924 56335 1:0 100345
99924 233 1:0 100345
99924 98686 1:0 100448
99924 217 1:0 100448
99924 56361 1:0 100458
99924 98695 1:0 100458
99924 215 1:0 100473
99924 56392 1:0 100473
99924 98675 1:0 100473
99924 199 1:0 100579
99924 56418 1:0 100591
99924 98662 1:0 100593
99924 56449 1:0 100604
99924 98642 1:0 100604
99924 197 1:0 100604
99924 181 1:0 100719
99924 98629 1:0 100719
99924 56475 1:0 100719
99924 179 1:0 100736
99924 98609 1:0 100738
99924 56506 1:0 100738
99924 98596 1:0 100849
99924 163 1:0 100849
99924 56532 1:0 100849
99924 56563 1:0 100866
99924 98576 1:0 100866
99924 161 1:0 100866
99924 145 1:0 100978
99924 98563 1:0 100978
99924 56589 1:0 100978
99924 98543 1:0 100997
99924 143 1:0 100997
99924 56620 1:0 100997
99924 127 1:0 101112
99924 98530 1:0 101112
99924 56646 1:0 101112
99924 56677 1:0 101129
99924 125 1:0 101129
99924 98510 1:0 101131
99924 109 1:0 101234
99924 56703 1:0 101234
99925 98498 21:0 99926
99925 98419 21:0 99926
99925 98624 21:0 99929
99927 98798 1:0 100035
99928 255 21:0 99929
99928 79 21:0 99929
99928 291 21:0 99929
99928 98644 21:0 99929
99928 98611 21:0 99929
99928 293 21:0 99929
99928 59 21:0 99933
99930 98799 1:0 100043
99930 255 1:0 100055
99933 56128 21:0 99954
99935 98797 1:0 100053
99941 98497 1:0 101234
99942 107 1:0 101260
99942 56734 1:0 101260
99942 91 1:0 101373
99942 56760 1:0 101373
99950 56182 1:0 100052
99951 98611 1:0 100055
99951 98644 1:0 100080
99953 98664 21:0 99957
99956 303 21:0 99992
99958 98664 1:0 100046
99963 56203 1:0 100063
99963 261 1:0 100063
99963 56217 1:0 100080
99963 98653 1:0 100594
99991 299 21:0 100008
100004 98767 1:0 100080
100007 283 21:0 100008
100007 285 21:0 100011
100009 56185 1:0 100062
100009 56260 1:0 100191
100009 56271 1:0 100191
100009 98477 1:0 101262
100010 281 21:0 100016
100015 155 21:0 100037
100033 98766 1:0 100166
100036 49 21:0 100037
100036 229 21:0 100037
100036 101 21:0 100037
100036 209 21:0 100037
100036 141 21:0 100037
100036 177 21:0 100040
100038 229 1:0 100177
100039 137 21:0 100040
100039 77 21:0 100040
100039 287 21:0 100040
100039 225 21:0 100040
100039 56157 21:0 100040
100039 45 21:0 100040
100039 273 21:0 100040
100039 98719 21:0 100040
100039 129 21:0 100040
100039 56155 21:0 100040
100039 56146 21:0 100040
100039 277 21:0 100040
100039 279 21:0 100040
100039 56133 21:0 100040
100039 275 21:0 100040
100039 139 21:0 100040
100039 85 21:0 100040
100039 289 21:0 100040
100039 56160 21:0 100040
100039 56164 21:0 100040
100041 98719 1:0 100322
100043 56178 21:0 100048
100045 98765 1:0 100173
100046 56235 1:0 100172
100046 98624 1:0 100177
100046 56239 1:0 100183
100046 98764 1:0 100184
100046 98419 1:0 100186
100046 56242 1:0 100193
100047 219 21:0 100048
100047 39 21:0 100048
100047 207 21:0 100048
100047 265 21:0 100048
100047 243 21:0 100048
100047 189 21:0 100048
100047 57 21:0 100048
100047 153 21:0 100048
100047 241 21:0 100048
100047 237 21:0 100048
100047 183 21:0 100048
100047 21 21:0 100048
100047 111 21:0 100048
100047 99 21:0 100048
100047 147 21:0 100048
100047 223 21:0 100048
100047 81 21:0 100048
100047 23 21:0 100048
100047 165 21:0 100048
100047 75 21:0 100051
100049 243 1:0 100186
100049 237 1:0 100191
100049 241 1:0 100191
100049 56269 1:0 100195
100049 56274 1:0 100214
100049 98498 1:0 100214
100049 56292 1:0 100303
100049 56326 1:0 100322
100050 41 21:0 100051
100050 201 21:0 100051
100050 133 21:0 100051
100052 219 1:0 100317
100052 223 1:0 100322
100052 225 1:0 100322
100052 56328 1:0 100326
100054 56182 21:0 100057
100055 98734 1:0 100214
100055 98732 1:0 100297
100056 267 21:0 100057
100061 98733 1:0 100305
100063 139 1:0 100308
100064 98795 1:0 100064
100064 56185 21:0 100085
100066 98373 1:0 100308
100072 98464 1:0 101373
100073 89 1:0 101390
100073 56791 1:0 101390
100073 56817 1:0 101504
100073 73 1:0 101504
100081 56296 1:0 100314
100081 56331 1:0 100322
100081 98620 1:0 100715
100081 98444 1:0 101390
100081 98431 1:0 101504
100084 98784 1:0 100084
100084 263 21:0 100088
100087 56190 21:0 100088
100087 271 21:0 100088
100091 56203 21:0 100120
100093 98782 1:0 100093
100093 98780 1:0 100093
100093 98783 1:0 100093
100094 98731 1:0 100315
100119 98776 1:0 100119
100119 261 21:0 100123
100126 56212 21:0 100129
100128 259 21:0 100129
100136 56214 21:0 100139
100138 257 21:0 100139
100146 98775 1:0 100146
100146 56217 21:0 100163
100151 98769 1:0 100151
100162 255 21:0 100168
100167 56221 21:0 100168
100167 269 21:0 100168
100174 56235 21:0 100179
100176 98393 1:0 100317
100176 56299 1:0 100324
100176 56317 1:0 100345
100176 98637 1:0 100345
100176 56349 1:0 100434
100176 201 1:0 100445
100176 207 1:0 100458
100176 56388 1:0 100470
100177 98701 1:0 100345
100177 98700 1:0 100428
100178 98763 1:0 100178
100178 247 21:0 100179
100185 56239 21:0 100188
100186 98699 1:0 100435
100186 209 1:0 100439
100186 98685 1:0 100439
100186 56353 1:0 100445
100186 98690 1:0 100448
100186 98684 1:0 100473
100187 249 21:0 100188
100192 98698 1:0 100446
100194 56356 1:0 100455
100195 98762 1:0 100195
100195 56242 21:0 100216
100197 98411 1:0 101521
100200 98756 1:0 100200
100213 98668 1:0 100473
100214 56848 1:0 101521
100214 71 1:0 101521
100215 98751 1:0 100215
100215 245 21:0 100219
100218 56247 21:0 100219
100218 253 21:0 100219
100222 56260 21:0 100251
100224 98747 1:0 100224
100224 98750 1:0 100224
100224 98749 1:0 100224
100225 203 1:0 100463
100225 56374 1:0 100470
100225 56385 1:0 100470
100225 56383 1:0 100473
100225 56406 1:0 100565
100225 137 1:0 100570
100225 183 1:0 100579
100225 56445 1:0 100594
100225 189 1:0 100594
100225 56440 1:0 100601
100225 98587 1:0 100849
100225 98398 1:0 101635
100225 56874 1:0 101635
100225 55 1:0 101635
100250 98743 1:0 100250
100250 243 21:0 100254
100257 56269 21:0 100260
100259 241 21:0 100260
100267 56271 21:0 100270
100269 239 21:0 100270
100277 98742 1:0 100277
100277 56274 21:0 100294
100282 98736 1:0 100282
100293 237 21:0 100299
100298 251 21:0 100299
100298 56278 21:0 100299
100305 56292 21:0 100310
100307 98667 1:0 100559
100308 98666 1:0 100566
100308 98519 1:0 100570
100308 56410 1:0 100576
100308 98413 1:0 100579
100308 56413 1:0 100586
100308 56431 1:0 100601
100308 56442 1:0 100604
100308 165 1:0 100710
100308 56499 1:0 100715
100308 171 1:0 100715
100308 167 1:0 100715
100308 56497 1:0 100719
100309 98730 1:0 100309
100309 229 21:0 100310
100316 56296 21:0 100319
100317 98665 1:0 100577
100317 98635 1:0 100604
100318 231 21:0 100319
100320 98499 1:0 100604
100323 56502 1:0 100719
100323 98554 1:0 100980
100323 56905 1:0 101652
100323 98378 1:0 101652
100323 53 1:0 101652
100323 56931 1:0 101766
100323 98365 1:0 101766
100323 37 1:0 101766
100326 98729 1:0 100326
100326 56299 21:0 100347
100328 98634 1:0 100690
100331 98723 1:0 100331
100343 98511 1:0 100701
100346 98718 1:0 100346
100346 227 21:0 100350
100349 56304 21:0 100350
100349 235 21:0 100350
100353 56317 21:0 100382
100355 98714 1:0 100355
100355 98717 1:0 100355
100355 98716 1:0 100355
100356 98633 1:0 100697
100381 98710 1:0 100381
100381 225 21:0 100385
100388 56326 21:0 100391
100390 223 21:0 100391
100398 56328 21:0 100401
100400 221 21:0 100401
100408 98709 1:0 100408
100408 56331 21:0 100425
100413 98703 1:0 100413
100424 219 21:0 100430
100429 233 21:0 100430
100429 56335 21:0 100430
100436 56349 21:0 100441
100438 56463 1:0 100696
100438 177 1:0 100701
100438 56467 1:0 100707
100438 98615 1:0 100710
100438 98604 1:0 100738
100439 98632 1:0 100708
100439 98602 1:0 100738
100440 98697 1:0 100440
100440 211 21:0 100441
100447 56353 21:0 100450
100448 56470 1:0 100717
100448 56488 1:0 100738
100448 98600 1:0 100821
100448 153 1:0 100841
100448 147 1:0 100841
100448 151 1:0 100846
100448 56556 1:0 100849
100448 56554 1:0 100849
100448 133 1:0 100972
100449 213 21:0 100450
100451 98601 1:0 100829
100454 56520 1:0 100827
100454 98578 1:0 100832
100454 155 1:0 100832
100454 98591 1:0 100841
100456 56524 1:0 100838
100457 98696 1:0 100457
100457 56356 21:0 100478
100459 98345 1:0 101783
100475 98599 1:0 100839
100476 35 1:0 101783
100476 56962 1:0 101783
100477 209 21:0 100481
100480 56361 21:0 100481
100480 217 21:0 100481
100484 56374 21:0 100513
100486 98681 1:0 100486
100486 98683 1:0 100486
100487 56527 1:0 100848
100487 56559 1:0 100849
100487 98597 1:0 100849
100487 98521 1:0 101108
100487 19 1:0 101892
100487 56988 1:0 101892
100487 98332 1:0 101903
100512 98677 1:0 100512
100512 207 21:0 100516
100519 56383 21:0 100522
100521 205 21:0 100522
100529 56385 21:0 100532
100531 203 21:0 100532
100539 98676 1:0 100539
100539 56388 21:0 100556
100544 98670 1:0 100544
100555 201 21:0 100561
100560 56392 21:0 100561
100560 215 21:0 100561
100567 56406 21:0 100572
100569 98569 1:0 100866
100570 56545 1:0 100866
100570 98568 1:0 100952
100570 56577 1:0 100958
100570 141 1:0 100963
100570 98565 1:0 100963
100570 56581 1:0 100969
100570 129 1:0 100980
100570 56602 1:0 100980
100570 56613 1:0 100980
100570 56611 1:0 100980
100570 98488 1:0 101234
100570 17 1:0 101980
100570 57019 1:0 101983
100570 98312 1:0 101985
100571 193 21:0 100572
100578 56410 21:0 100581
100579 98567 1:0 100959
100579 98566 1:0 100970
100580 195 21:0 100581
100582 98564 1:0 100972
100587 98536 1:0 100997
100588 98663 1:0 100588
100588 56413 21:0 100609
100590 98552 1:0 100997
100593 98657 1:0 100593
100605 56584 1:0 100979
100605 56616 1:0 100997
100605 111 1:0 101103
100605 99 1:0 101103
100606 56634 1:0 101089
100606 98446 1:0 101094
100606 85 1:0 101094
100608 98652 1:0 100608
100608 191 21:0 100612
100611 56418 21:0 100612
100611 199 21:0 100612
100615 56431 21:0 100644
100617 98650 1:0 100617
100617 98648 1:0 100617
100617 98651 1:0 100617
100618 56638 1:0 101100
100650 56440 21:0 100653
100660 56442 21:0 100663
100670 98643 1:0 100670
100670 56445 21:0 100687
100686 56449 21:0 100687
100698 56463 21:0 100703
100700 98535 1:0 101083
100701 98534 1:0 101090
100701 98533 1:0 101101
100702 98631 1:0 100702
100709 56467 21:0 100712
100710 98445 1:0 101103
100710 115 1:0 101108
100710 56673 1:0 101108
100710 56668 1:0 101108
100710 117 1:0 101108
100710 56641 1:0 101110
100710 56670 1:0 101112
100710 98503 1:0 101131
100710 56659 1:0 101131
100710 98516 1:0 101131
100710 101 1:0 101225
100710 56727 1:0 101234
100716 98501 1:0 101214
100719 98630 1:0 100719
100719 56470 21:0 100740
100737 98502 1:0 101222
100739 98619 1:0 100739
100739 56475 21:0 100740
100746 56488 21:0 100775
100748 98617 1:0 100748
100748 98618 1:0 100748
100749 98439 1:0 101225
100749 56716 1:0 101234
100749 56730 1:0 101234
100749 56725 1:0 101234
100749 77 1:0 101365
100749 98455 1:0 101390
100781 56497 21:0 100784
100791 56499 21:0 100794
100801 98610 1:0 100801
100801 56502 21:0 100818
100817 56506 21:0 100818
100829 56520 21:0 100834
100831 56691 1:0 101220
100831 56695 1:0 101231
100831 98433 1:0 101234
100831 56698 1:0 101241
100831 49 1:0 101262
100832 98500 1:0 101232
100832 98470 1:0 101262
100833 98598 1:0 100833
100840 56524 21:0 100843
100841 98486 1:0 101262
100841 98468 1:0 101345
100841 56748 1:0 101351
100841 98417 1:0 101356
100841 33 1:0 101356
100841 75 1:0 101365
100841 79 1:0 101373
100841 56782 1:0 101373
100841 56787 1:0 101373
100841 98422 1:0 101496
100847 98469 1:0 101353
100850 56527 21:0 100871
100868 98467 1:0 101363
100870 98586 1:0 100870
100870 56532 21:0 100871
100877 56545 21:0 100906
100879 98584 1:0 100879
100879 98582 1:0 100879
100879 98585 1:0 100879
100880 56752 1:0 101362
100880 98452 1:0 101365
100912 56554 21:0 100915
100922 56556 21:0 100925
100932 98577 1:0 100932
100932 56559 21:0 100949
100937 98571 1:0 100937
100948 56563 21:0 100949
100960 56577 21:0 100965
100962 98437 1:0 101390
100963 56755 1:0 101372
100963 56784 1:0 101373
100963 81 1:0 101373
100963 98459 1:0 101378
100963 56773 1:0 101390
100963 98436 1:0 101476
100963 98367 1:0 101487
100963 59 1:0 101496
100963 57 1:0 101496
100963 56839 1:0 101504
100963 56841 1:0 101504
100971 56581 21:0 100974
100972 56805 1:0 101482
100972 98435 1:0 101483
100972 56919 1:0 101487
100972 56809 1:0 101493
100972 56862 1:0 101496
100972 56926 1:0 101496
100972 56812 1:0 101503
100972 61 1:0 101504
100972 56844 1:0 101504
100972 63 1:0 101504
100972 56830 1:0 101521
100972 41 1:0 101627
100972 56896 1:0 101635
100972 56898 1:0 101635
100978 98434 1:0 101494
100981 56584 21:0 101002
100986 98558 1:0 100986
100999 98404 1:0 101521
101001 98553 1:0 101001
101001 56589 21:0 101002
101008 56602 21:0 101037
101010 98549 1:0 101010
101010 98551 1:0 101010
101011 98347 1:0 101521
101011 39 1:0 101627
101011 56887 1:0 101635
101011 98389 1:0 101635
101011 23 1:0 101755
101011 98356 1:0 101758
101036 98545 1:0 101036
101043 56611 21:0 101046
101053 56613 21:0 101056
101063 98544 1:0 101063
101063 56616 21:0 101080
101068 98538 1:0 101068
101079 56620 21:0 101080
101091 56634 21:0 101096
101093 98402 1:0 101607
101094 98403 1:0 101615
101094 98360 1:0 101618
101094 98346 1:0 101618
101094 98355 1:0 101627
101095 98532 1:0 101095
101102 56638 21:0 101105
101103 56866 1:0 101624
101103 98401 1:0 101625
101106 98371 1:0 101652
101109 45 1:0 101633
101109 56869 1:0 101634
101109 98353 1:0 101652
101109 56901 1:0 101652
101109 98366 1:0 101749
101109 25 1:0 101766
101109 56953 1:0 101766
101109 56955 1:0 101766
101112 98531 1:0 101112
101112 56641 21:0 101133
101117 98525 1:0 101117
101130 98369 1:0 101738
101132 98520 1:0 101132
101132 56646 21:0 101133
101139 56659 21:0 101168
101141 98518 1:0 101141
101142 98351 1:0 101749
101142 56923 1:0 101755
101167 98512 1:0 101167
101174 56668 21:0 101177
101184 56670 21:0 101187
101194 56673 21:0 101211
101199 98505 1:0 101199
101210 56677 21:0 101211
101222 56691 21:0 101227
101224 98370 1:0 101746
101225 98368 1:0 101756
101225 98354 1:0 101758
101225 56944 1:0 101766
101225 21 1:0 101766
101225 56958 1:0 101783
101225 56976 1:0 101783
101225 98340 1:0 101783
101225 57001 1:0 101892
101233 56695 21:0 101236
101234 98338 1:0 101783
101234 98337 1:0 101869
101242 98336 1:0 101876
101243 56698 21:0 101264
101245 361 1:0 101880
101248 98492 1:0 101248
101260 98334 1:0 101880
101261 56980 1:0 101886
101261 98327 1:0 101889
101263 98487 1:0 101263
101263 56703 21:0 101264
101270 56716 21:0 101299
101272 98483 1:0 101272
101272 98485 1:0 101272
101273 98320 1:0 101892
101273 98323 1:0 101912
101273 57010 1:0 101912
101273 7 1:0 101917
101273 5 1:0 101963
101273 57012 1:0 101968
101273 3 1:0 101971
101298 98479 1:0 101298
101305 56725 21:0 101308
101315 56727 21:0 101318
101325 98478 1:0 101325
101325 56730 21:0 101342
101330 98472 1:0 101330
101341 56734 21:0 101342
101353 56748 21:0 101358
101355 98335 1:0 101887
101356 56983 1:0 101892
101356 98333 1:0 101892
101356 98322 1:0 101917
101356 98318 1:0 101917
101356 98321 1:0 101917
101356 98314 1:0 101952
101356 360 1:0 101971
101356 57015 1:0 101978
101357 98466 1:0 101357
101364 56752 21:0 101367
101365 98313 1:0 101979
101374 98465 1:0 101374
101374 56755 21:0 101395
101394 98454 1:0 101394
101394 56760 21:0 101395
101401 56773 21:0 101430
101403 98453 1:0 101403
101403 98450 1:0 101403
101436 56782 21:0 101439
101446 56784 21:0 101449
101456 56787 21:0 101473
101472 56791 21:0 101473
101484 56805 21:0 101489
101495 56809 21:0 101498
101505 98432 1:0 101505
101505 56812 21:0 101526
101510 98426 1:0 101510
101525 98421 1:0 101525
101525 56817 21:0 101526
101532 56830 21:0 101561
101534 98420 1:0 101534
101567 56839 21:0 101570
101577 56841 21:0 101580
101587 98412 1:0 101587
101587 56844 21:0 101604
101592 98406 1:0 101592
101603 56848 21:0 101604
101615 56862 21:0 101620
101619 98400 1:0 101619
101626 56866 21:0 101629
101636 98399 1:0 101636
101636 56869 21:0 101657
101656 98388 1:0 101656
101656 56874 21:0 101657
101663 56887 21:0 101692
101665 98384 1:0 101665
101665 98386 1:0 101665
101665 98387 1:0 101665
101691 98380 1:0 101691
101698 56896 21:0 101701
101708 56898 21:0 101711
101718 98379 1:0 101718
101718 56901 21:0 101735
101734 56905 21:0 101735
101746 56919 21:0 101751
101757 56923 21:0 101760
101767 56926 21:0 101788
101787 56931 21:0 101788
101794 56944 21:0 101823
101829 56953 21:0 101832
101839 56955 21:0 101842
101849 56958 21:0 101866
101865 56962 21:0 101866
101877 56976 21:0 101882
101888 56980 21:0 101891
101898 56983 21:0 101919
101918 56988 21:0 101919
101925 57001 21:0 101954
101960 57010 21:0 101963
101970 57012 21:0 101973
101980 57015 21:0 101997
101996 57019 21:0 101997
102006 99963 21:0 102007
102007 99964 21:0 102018
102017 17 21:0 102018
102017 5 21:0 102018
102018 99965 21:0 102046
102045 360 21:0 102051
102050 99974 21:0 102051
102050 7 21:0 102051
102050 3 21:0 102051
102053 361 21:0 102062
102061 99972 21:0 102062
102061 19 21:0 102062
102061 99973 21:0 102062
102061 99983 21:0 102062
102064 99986 21:0 102072
102071 99988 21:0 102122
102121 99987 21:0 102138
102137 99989 21:0 102143
102142 100019 21:0 102162
102143 100018 21:0 102143
102161 100020 21:0 102214
102198 100035 21:0 102198
102211 100050 21:0 102211
102213 100021 21:0 102219
102218 100022 21:0 102224
102223 100052 21:0 102274
102235 100063 21:0 102235
102273 100054 21:0 102295
102279 100072 21:0 102279
102294 100053 21:0 102300
102295 100084 21:0 102295
102299 100055 21:0 102350
102302 100077 21:0 102302
102349 100085 21:0 102366
102350 100101 21:0 102350
102355 100105 21:0 102355
102365 100086 21:0 102371
102370 100087 21:0 102390
102371 100117 21:0 102371
102378 100110 21:0 102378
102387 100129 21:0 102387
102389 100088 21:0 102442
102426 100137 21:0 102426
102426 100136 21:0 102426
102431 100138 21:0 102431
102433 100123 21:0 102433
102441 100118 21:0 102447
102446 100119 21:0 102452
102447 100150 21:0 102447
102451 100120 21:0 102502
102454 100143 21:0 102454
102501 100121 21:0 102523
102502 100170 21:0 102502
102507 100171 21:0 102507
102509 100156 21:0 102509
102515 100182 21:0 102515
102522 100151 21:0 102528
102527 100153 21:0 102578
102577 100152 21:0 102594
102578 100202 21:0 102578
102583 100204 21:0 102583
102585 100189 21:0 102585
102591 100215 21:0 102591
102593 100154 21:0 102599
102598 100184 21:0 102618
102599 100216 21:0 102599
102617 100186 21:0 102670
102626 100229 21:0 102626
102654 100233 21:0 102654
102654 100236 21:0 102654
102669 100185 21:0 102675
102674 100187 21:0 102680
102675 100249 21:0 102675
102679 100217 21:0 102730
102691 100261 21:0 102691
102702 100262 21:0 102702
102729 100219 21:0 102746
102730 100268 21:0 102730
102730 100269 21:0 102730
102730 100266 21:0 102730
102735 100270 21:0 102735
102737 100255 21:0 102737
102743 100281 21:0 102743
102745 100218 21:0 102756
102751 100282 21:0 102751
102755 100220 21:0 102806
102758 100275 21:0 102758
102767 100294 21:0 102767
102778 100295 21:0 102778
102805 100250 21:0 102822
102806 100302 21:0 102806
102806 100299 21:0 102806
102806 100301 21:0 102806
102807 199 1:0 102817
102807 191 1:0 102818
102811 100303 21:0 102811
102813 100288 21:0 102813
102819 100314 21:0 102819
102821 195 1:0 102823
102821 100252 21:0 102827
102826 193 1:0 102828
102826 100251 21:0 102846
102827 100315 21:0 102827
102831 201 1:0 102842
102834 100308 21:0 102834
102841 215 1:0 102841
102843 100327 21:0 102843
102845 203 1:0 102846
102845 100253 21:0 102898
102849 205 1:0 102850
102854 100328 21:0 102854
102881 207 1:0 102883
102882 100335 21:0 102882
102882 100334 21:0 102882
102882 100332 21:0 102882
102886 209 1:0 102894
102887 100336 21:0 102887
102889 100321 21:0 102889
102893 217 1:0 102893
102895 100347 21:0 102895
102897 213 1:0 102899
102897 100283 21:0 102903
102902 211 1:0 102904
102902 100285 21:0 102908
102903 100348 21:0 102903
102907 219 1:0 102918
102907 100284 21:0 102958
102910 100341 21:0 102910
102917 233 1:0 102917
102919 100360 21:0 102919
102921 221 1:0 102922
102925 223 1:0 102926
102930 100361 21:0 102930
102957 225 1:0 102959
102957 100286 21:0 102974
102958 100368 21:0 102958
102958 100367 21:0 102958
102958 100365 21:0 102958
102962 227 1:0 102970
102963 100369 21:0 102963
102965 100354 21:0 102965
102969 235 1:0 102969
102971 100380 21:0 102971
102973 231 1:0 102975
102973 100316 21:0 102984
102978 229 1:0 102980
102979 100381 21:0 102979
102983 237 1:0 102994
102983 100317 21:0 103034
102986 100374 21:0 102986
102993 251 1:0 102993
102995 100393 21:0 102995
102997 239 1:0 102998
103001 241 1:0 103002
103006 100394 21:0 103006
103033 243 1:0 103035
103033 100318 21:0 103050
103038 245 1:0 103046
103045 253 1:0 103045
103049 249 1:0 103051
103049 100319 21:0 103055
103054 247 1:0 103056
103054 100349 21:0 103060
103059 255 1:0 103070
103059 100350 21:0 103126
103069 269 1:0 103069
103073 257 1:0 103074
103077 259 1:0 103078
103109 261 1:0 103111
103114 263 1:0 103122
103121 271 1:0 103121
103125 267 1:0 103127
103125 100351 21:0 103131
103130 265 1:0 103132
103130 100352 21:0 103136
103135 99984 21:0 103136
103135 273 1:0 103146
103135 99971 21:0 103150
103136 100451 21:0 103136
103145 287 1:0 103145
103149 275 1:0 103150
103149 99969 21:0 103186
103153 277 1:0 103154
103185 279 1:0 103187
103185 100382 21:0 103202
103190 281 1:0 103198
103197 289 1:0 103197
103201 285 1:0 103203
103201 100383 21:0 103207
103204 100481 21:0 103204
103206 283 1:0 103208
103206 100384 21:0 103226
103209 100482 21:0 103209
103209 100483 21:0 103209
103211 291 1:0 103222
103212 100484 21:0 103212
103221 305 1:0 103221
103225 293 1:0 103226
103225 100385 21:0 103278
103229 295 1:0 103230
103261 297 1:0 103263
103266 299 1:0 103274
103273 307 1:0 103273
103277 303 1:0 103279
103277 100415 21:0 103283
103280 100514 21:0 103280
103282 301 1:0 103284
103282 100417 21:0 103288
103285 100515 21:0 103285
103285 100516 21:0 103285
103287 309 1:0 103298
103287 100416 21:0 103338
103288 100517 21:0 103288
103297 323 1:0 103297
103301 311 1:0 103302
103305 313 1:0 103306
103337 315 1:0 103339
103337 99978 21:0 103350
103342 317 1:0 103350
103349 325 1:0 103349
103349 99985 21:0 103354
103353 100004 21:0 103354
103353 99998 21:0 103354
103353 321 1:0 103355
103353 100011 21:0 103359
103356 100547 21:0 103356
103358 100017 21:0 103359
103358 100005 21:0 103359
103358 319 1:0 103360
103358 100002 21:0 103364
103361 100548 21:0 103361
103361 100549 21:0 103361
103363 99997 21:0 103364
103363 100006 21:0 103364
103363 329 1:0 103375
103363 99991 21:0 103379
103372 327 1:0 103372
103378 100238 21:0 103379
103378 100370 21:0 103379
103378 169 21:0 103379
103378 55381 1:0 103381
103378 100403 21:0 103384
103383 100425 21:0 103384
103383 100293 21:0 103384
103383 100227 21:0 103384
103383 100359 21:0 103384
103383 100260 21:0 103384
103383 100313 21:0 103384
103383 100392 21:0 103384
103383 100062 21:0 103384
103383 100194 21:0 103384
103383 100445 21:0 103384
103383 100412 21:0 103384
103383 100161 21:0 103384
103383 100280 21:0 103384
103383 100029 21:0 103384
103383 100458 21:0 103384
103383 100326 21:0 103384
103383 100346 21:0 103384
103383 99996 21:0 103384
103383 100128 21:0 103384
103383 100247 21:0 103384
103384 100560 21:0 103394
103393 55991 1:0 103395
103393 100418 21:0 103420
103400 55995 1:0 103400
103419 56007 1:0 103421
103419 100448 21:0 103428
103423 100548 1:0 103423
103424 100549 1:0 103424
103427 100450 21:0 103431
103430 56011 1:0 103432
103430 100449 21:0 103440
103434 100547 1:0 103434
103439 100071 21:0 103440
103439 100162 21:0 103440
103439 56014 1:0 103442
103439 100235 21:0 103465
103447 56019 1:0 103447
103464 100070 21:0 103468
103467 56032 1:0 103469
103467 100169 21:0 103519
103502 56041 1:0 103504
103511 56043 1:0 103514
103518 100130 21:0 103522
103521 56046 1:0 103524
103521 100031 21:0 103548
103529 56050 1:0 103529
103547 100517 1:0 103547
103547 100039 21:0 103548
103547 100237 21:0 103548
103547 100104 21:0 103551
103550 100024 21:0 103551
103550 100242 21:0 103551
103550 56064 1:0 103552
103550 100038 21:0 103559
103554 100515 1:0 103554
103555 100516 1:0 103555
103558 100222 21:0 103559
103558 100097 21:0 103559
103558 100051 21:0 103562
103561 100228 21:0 103562
103561 100176 21:0 103562
103561 56068 1:0 103563
103561 100203 21:0 103568
103565 100514 1:0 103565
103567 100044 21:0 103568
103567 100083 21:0 103568
103567 100183 21:0 103571
103570 100116 21:0 103571
103570 100096 21:0 103571
103570 56071 1:0 103573
103570 100149 21:0 103596
103578 56076 1:0 103578
103595 100030 21:0 103631
103598 56089 1:0 103600
103630 100195 21:0 103650
103633 56098 1:0 103635
103642 56100 1:0 103645
103649 100068 21:0 103653
103652 56103 1:0 103655
103652 100090 21:0 103679
103660 56107 1:0 103660
103678 100484 1:0 103678
103678 100167 21:0 103679
103678 100064 21:0 103679
103678 100209 21:0 103682
103681 100057 21:0 103682
103681 100163 21:0 103682
103681 56121 1:0 103683
103681 100037 21:0 103690
103685 100482 1:0 103685
103686 100483 1:0 103686
103689 100196 21:0 103690
103689 100134 21:0 103690
103689 100248 21:0 103693
103692 100103 21:0 103693
103692 100200 21:0 103693
103692 56098 21:0 103693
103692 56100 21:0 103693
103692 56103 21:0 103693
103692 56125 1:0 103694
103692 55381 21:0 103696
103695 145 21:0 103696
103695 100562 21:0 103696
103695 305 21:0 103696
103695 325 21:0 103696
103695 323 21:0 103696
103695 307 21:0 103696
103695 253 21:0 103696
103695 181 21:0 103696
103695 163 21:0 103696
103695 217 21:0 103696
103695 109 21:0 103696
103695 269 21:0 103696
103695 55 21:0 103696
103695 71 21:0 103696
103695 37 21:0 103696
103695 143 21:0 103696
103695 235 21:0 103696
103695 127 21:0 103696
103695 55995 21:0 103696
103695 100181 21:0 103696
103695 100016 21:0 103696
103695 100478 21:0 103696
103695 100049 21:0 103696
103695 100115 21:0 103696
103695 100095 21:0 103696
103695 100082 21:0 103696
103695 100379 21:0 103696
103695 100148 21:0 103696
103695 100214 21:0 103696
103695 89 21:0 103696
103695 56050 21:0 103696
103695 197 21:0 103696
103695 35 21:0 103696
103695 179 21:0 103696
103695 125 21:0 103696
103695 56019 21:0 103696
103695 199 21:0 103696
103695 56076 21:0 103696
103695 161 21:0 103696
103695 73 21:0 103696
103695 327 21:0 103696
103695 251 21:0 103696
103695 289 21:0 103696
103695 215 21:0 103696
103695 53 21:0 103696
103695 91 21:0 103696
103695 56107 21:0 103696
103695 107 21:0 103696
103695 233 21:0 103696
103695 287 21:0 103696
103695 271 21:0 103696
103696 100481 1:0 103696
103696 56125 21:0 103699
103697 56128 1:0 103704
103697 289 1:0 103706
103697 56133 1:0 103709
103697 100478 1:0 103711
103697 56160 1:0 103712
103697 56155 1:0 103719
103697 56146 1:0 103719
103697 56467 1:0 103722
103697 56157 1:0 103722
103697 100458 1:0 103722
103697 287 1:0 103722
103697 56164 1:0 103722
103697 100449 1:0 103808
103697 56406 1:0 103819
103697 56214 1:0 103833
103697 56212 1:0 103837
103697 56190 1:0 103837
103697 100445 1:0 103837
103697 271 1:0 103837
103697 100425 1:0 103856
103697 56221 1:0 103856
103697 269 1:0 103856
103697 100412 1:0 103964
103697 253 1:0 103964
103697 56247 1:0 103964
103697 100392 1:0 103986
103698 56064 21:0 103699
103698 56068 21:0 103699
103698 56071 21:0 103699
103698 56121 21:0 103699
103698 56014 21:0 103702
103700 100450 1:0 103816
103701 56041 21:0 103702
103701 319 21:0 103702
103701 321 21:0 103702
103701 317 21:0 103702
103701 56007 21:0 103702
103701 56011 21:0 103702
103701 56043 21:0 103702
103701 56046 21:0 103702
103701 56089 21:0 103702
103701 311 21:0 103706
103703 56178 1:0 103814
103703 56748 1:0 103819
103703 56356 1:0 103819
103703 100448 1:0 103826
103703 56349 1:0 103828
103703 56203 1:0 103833
103703 56217 1:0 103856
103705 56182 1:0 103825
103706 56128 21:0 103727
103708 56577 1:0 103828
103725 100418 1:0 103856
103726 301 21:0 103730
103729 303 21:0 103730
103729 299 21:0 103765
103731 100403 1:0 103964
103736 56185 1:0 103835
103736 56581 1:0 103856
103736 56805 1:0 103856
103764 283 21:0 103781
103780 285 21:0 103781
103780 281 21:0 103784
103782 100416 1:0 103939
103783 56157 21:0 103784
103783 56146 21:0 103784
103783 56032 21:0 103784
103783 56155 21:0 103784
103783 55991 21:0 103784
103783 329 21:0 103784
103783 313 21:0 103786
103785 100106 21:0 103786
103785 100172 21:0 103788
103785 56641 1:0 103950
103785 56463 1:0 103950
103785 56269 1:0 103964
103785 251 1:0 103986
103785 56278 1:0 103986
103785 100379 1:0 104096
103785 56304 1:0 104096
103785 235 1:0 104096
103785 100370 1:0 104098
103785 233 1:0 104115
103785 100359 1:0 104115
103785 56335 1:0 104115
103785 217 1:0 104230
103785 56361 1:0 104230
103785 100346 1:0 104230
103785 56392 1:0 104247
103785 100326 1:0 104247
103785 215 1:0 104247
103785 100313 1:0 104358
103785 199 1:0 104360
103785 56418 1:0 104360
103785 100293 1:0 104377
103785 56449 1:0 104377
103785 197 1:0 104377
103785 181 1:0 104492
103785 100280 1:0 104493
103785 56475 1:0 104493
103785 56506 1:0 104508
103785 179 1:0 104508
103785 100260 1:0 104508
103785 163 1:0 104620
103785 100247 1:0 104622
103785 56532 1:0 104622
103785 100227 1:0 104639
103785 56563 1:0 104639
103785 161 1:0 104639
103785 145 1:0 104754
103785 100214 1:0 104755
103785 56589 1:0 104755
103785 143 1:0 104770
103785 100194 1:0 104770
103785 56620 1:0 104770
103785 56646 1:0 104885
103785 100181 1:0 104885
103785 127 1:0 104885
103785 125 1:0 104902
103785 56677 1:0 104902
103785 100161 1:0 104904
103785 109 1:0 105015
103785 56703 1:0 105019
103785 100148 1:0 105020
103785 107 1:0 105033
103785 56734 1:0 105033
103785 100128 1:0 105035
103785 91 1:0 105147
103785 56760 1:0 105148
103787 289 21:0 103788
103787 56133 21:0 103788
103788 56160 21:0 103805
103790 56235 1:0 103945
103804 315 21:0 103810
103809 100451 1:0 103809
103809 111 21:0 103810
103809 167 21:0 103810
103809 117 21:0 103810
103809 207 21:0 103810
103809 241 21:0 103810
103809 61 21:0 103810
103809 297 21:0 103810
103809 187 21:0 103810
103809 309 21:0 103810
103809 273 21:0 103810
103809 97 21:0 103810
103809 115 21:0 103810
103809 275 21:0 103810
103809 277 21:0 103810
103809 279 21:0 103810
103809 291 21:0 103810
103809 100007 21:0 103810
103809 133 21:0 103810
103809 223 21:0 103810
103809 293 21:0 103810
103809 185 21:0 103810
103809 257 21:0 103810
103809 203 21:0 103810
103809 23 21:0 103810
103809 100205 21:0 103810
103809 113 21:0 103810
103809 287 21:0 103810
103809 221 21:0 103810
103809 25 21:0 103810
103809 239 21:0 103810
103809 100139 21:0 103810
103809 100271 21:0 103810
103809 56164 21:0 103810
103809 100304 21:0 103810
103809 77 21:0 103810
103809 205 21:0 103810
103809 41 21:0 103810
103809 183 21:0 103810
103809 79 21:0 103810
103809 100436 21:0 103810
103809 151 21:0 103810
103809 95 21:0 103810
103809 149 21:0 103810
103809 259 21:0 103810
103809 100337 21:0 103810
103809 153 21:0 103810
103809 81 21:0 103810
103809 100040 21:0 103810
103809 243 21:0 103810
103809 165 21:0 103810
103809 43 21:0 103810
103809 131 21:0 103810
103809 9 21:0 103810
103809 295 21:0 103810
103809 171 21:0 103813
103811 100436 1:0 103833
103811 259 1:0 103833
103811 257 1:0 103833
103811 243 1:0 103959
103811 100337 1:0 104226
103812 27 21:0 103813
103812 57 21:0 103813
103812 45 21:0 103813
103812 63 21:0 103813
103816 56178 21:0 103821
103818 100417 1:0 103947
103819 56755 1:0 103950
103819 56239 1:0 103956
103819 100415 1:0 103957
103819 56292 1:0 103959
103819 56527 1:0 103959
103819 239 1:0 103964
103819 56274 1:0 103964
103819 241 1:0 103964
103819 56260 1:0 103982
103819 100103 1:0 103986
103819 56271 1:0 103986
103819 221 1:0 104096
103819 223 1:0 104096
103819 56326 1:0 104098
103819 56328 1:0 104098
103819 203 1:0 104226
103820 265 21:0 103821
103827 56182 21:0 103830
103828 56242 1:0 103966
103828 100385 1:0 103986
103829 267 21:0 103830
103831 100384 1:0 104070
103836 100383 1:0 104077
103837 56185 21:0 103858
103839 100200 1:0 104081
103845 100115 1:0 105148
103846 100095 1:0 105163
103854 100248 1:0 104081
103855 56296 1:0 104087
103855 100196 1:0 104090
103855 56331 1:0 104098
103855 56317 1:0 104115
103855 207 1:0 104221
103855 56388 1:0 104226
103856 89 1:0 105163
103856 56791 1:0 105163
103857 263 21:0 103861
103860 56190 21:0 103861
103860 271 21:0 103861
103864 56203 21:0 103893
103867 56299 1:0 104097
103867 100134 1:0 104115
103867 56385 1:0 104226
103867 205 1:0 104226
103867 56383 1:0 104230
103867 100304 1:0 104360
103867 56440 1:0 104360
103867 73 1:0 105278
103867 100082 1:0 105279
103867 56817 1:0 105279
103892 261 21:0 103896
103899 56212 21:0 103902
103901 259 21:0 103902
103909 56214 21:0 103912
103911 257 21:0 103912
103919 56217 21:0 103936
103935 255 21:0 103941
103940 56221 21:0 103941
103940 269 21:0 103941
103947 56235 21:0 103952
103949 100382 1:0 104088
103950 100352 1:0 104115
103950 100163 1:0 104212
103950 100037 1:0 104212
103950 56353 1:0 104218
103950 100057 1:0 104221
103951 247 21:0 103952
103958 56239 21:0 103961
103959 100351 1:0 104201
103959 100350 1:0 104208
103960 249 21:0 103961
103965 100349 1:0 104219
103967 56926 1:0 104247
103968 56242 21:0 103989
103970 100062 1:0 105294
103986 100319 1:0 104247
103987 71 1:0 105294
103987 56848 1:0 105294
103988 245 21:0 103992
103991 56247 21:0 103992
103991 253 21:0 103992
103995 56260 21:0 104024
103998 56374 1:0 104247
103998 100209 1:0 104247
103998 183 1:0 104352
103998 56445 1:0 104360
103998 187 1:0 104360
103998 56442 1:0 104360
103998 185 1:0 104360
103998 56431 1:0 104377
103998 100271 1:0 104493
103998 167 1:0 104493
103998 55 1:0 105409
103998 56874 1:0 105409
104023 100394 1:0 104023
104023 243 21:0 104027
104030 56269 21:0 104033
104032 241 21:0 104033
104040 56271 21:0 104043
104042 239 21:0 104043
104050 100393 1:0 104050
104050 56274 21:0 104067
104066 237 21:0 104072
104071 56278 21:0 104072
104071 251 21:0 104072
104078 56292 21:0 104083
104080 100318 1:0 104332
104081 100317 1:0 104339
104081 100064 1:0 104343
104081 100167 1:0 104343
104081 56410 1:0 104349
104081 100090 1:0 104352
104082 100381 1:0 104082
104082 229 21:0 104083
104089 56296 21:0 104092
104090 100316 1:0 104350
104090 100286 1:0 104377
104091 231 21:0 104092
104093 56413 1:0 104359
104096 100068 1:0 104377
104099 100380 1:0 104099
104099 56299 21:0 104120
104101 100284 1:0 104463
104104 100374 1:0 104104
104107 100049 1:0 105409
104108 56905 1:0 105426
104108 53 1:0 105426
104108 37 1:0 105537
104108 56931 1:0 105539
104116 171 1:0 104483
104116 165 1:0 104483
104116 169 1:0 104498
104116 56488 1:0 104498
104116 56502 1:0 104498
104116 56497 1:0 104505
104116 56499 1:0 104508
104116 100238 1:0 104622
104116 56554 1:0 104622
104116 100029 1:0 105426
104116 100016 1:0 105537
104119 100369 1:0 104119
104119 227 21:0 104123
104122 235 21:0 104123
104122 56304 21:0 104123
104126 56317 21:0 104155
104128 100368 1:0 104128
104128 100367 1:0 104128
104128 100365 1:0 104128
104129 100285 1:0 104471
104154 100361 1:0 104154
104154 225 21:0 104158
104161 56326 21:0 104164
104163 223 21:0 104164
104171 56328 21:0 104174
104173 221 21:0 104174
104181 100360 1:0 104181
104181 56331 21:0 104198
104186 100354 1:0 104186
104197 219 21:0 104203
104202 233 21:0 104203
104202 56335 21:0 104203
104209 56349 21:0 104214
104211 100195 1:0 104474
104211 100030 1:0 104474
104211 56470 1:0 104483
104211 100149 1:0 104483
104212 100283 1:0 104481
104212 100253 1:0 104508
104213 100348 1:0 104213
104213 211 21:0 104214
104220 56353 21:0 104223
104221 56520 1:0 104508
104221 100228 1:0 104508
104221 100251 1:0 104594
104221 100242 1:0 104605
104221 100222 1:0 104605
104221 56524 1:0 104611
104222 213 21:0 104223
104227 100252 1:0 104602
104229 153 1:0 104614
104229 151 1:0 104620
104229 56545 1:0 104622
104229 149 1:0 104622
104229 56556 1:0 104622
104229 56559 1:0 104639
104229 131 1:0 104753
104230 100347 1:0 104230
104230 56356 21:0 104251
104232 56962 1:0 105556
104232 35 1:0 105556
104235 100341 1:0 104235
104248 100250 1:0 104612
104249 99996 1:0 105556
104250 100336 1:0 104250
104250 209 21:0 104254
104253 217 21:0 104254
104253 56361 21:0 104254
104257 56374 21:0 104286
104259 100335 1:0 104259
104259 100334 1:0 104259
104259 100332 1:0 104259
104260 100237 1:0 104614
104260 56809 1:0 104639
104260 100205 1:0 104755
104260 56616 1:0 104767
104260 19 1:0 105665
104260 56988 1:0 105665
104260 99983 1:0 105676
104285 100328 1:0 104285
104285 207 21:0 104289
104292 56383 21:0 104295
104294 205 21:0 104295
104302 56385 21:0 104305
104304 203 21:0 104305
104312 100327 1:0 104312
104312 56388 21:0 104329
104317 100321 1:0 104317
104328 201 21:0 104334
104333 56392 21:0 104334
104333 215 21:0 104334
104340 56406 21:0 104345
104342 100220 1:0 104639
104343 100235 1:0 104639
104343 100218 1:0 104725
104343 100096 1:0 104736
104343 100116 1:0 104736
104343 56584 1:0 104745
104344 100315 1:0 104344
104344 193 21:0 104345
104351 56410 21:0 104354
104352 100219 1:0 104733
104352 100217 1:0 104743
104353 195 21:0 104354
104355 100183 1:0 104745
104358 133 1:0 104760
104358 56602 1:0 104767
104358 56613 1:0 104767
104358 56611 1:0 104770
104358 111 1:0 104876
104358 100172 1:0 104881
104358 115 1:0 104881
104358 113 1:0 104881
104358 56670 1:0 104881
104358 17 1:0 105753
104358 57019 1:0 105756
104358 99963 1:0 105758
104361 100314 1:0 104361
104361 56413 21:0 104382
104363 100187 1:0 104770
104366 100308 1:0 104366
104378 100203 1:0 104770
104379 56634 1:0 104770
104379 100044 1:0 104867
104381 100303 1:0 104381
104381 191 21:0 104385
104384 199 21:0 104385
104384 56418 21:0 104385
104388 56431 21:0 104417
104390 100302 1:0 104390
104390 100299 1:0 104390
104390 100301 1:0 104390
104391 100176 1:0 104867
104416 100295 1:0 104416
104416 189 21:0 104420
104423 56440 21:0 104426
104433 56442 21:0 104436
104443 100294 1:0 104443
104443 56445 21:0 104460
104448 100288 1:0 104448
104459 56449 21:0 104460
104471 56463 21:0 104476
104473 100185 1:0 104856
104474 100186 1:0 104864
104474 100184 1:0 104874
104475 100282 1:0 104475
104482 56467 21:0 104485
104483 56638 1:0 104873
104483 100169 1:0 104876
104483 117 1:0 104876
104483 56673 1:0 104885
104483 56668 1:0 104885
104483 56691 1:0 104904
104483 100154 1:0 104904
104483 100162 1:0 104904
104483 56659 1:0 104904
104483 100139 1:0 105015
104483 97 1:0 105020
104483 95 1:0 105023
104489 100152 1:0 104987
104492 100281 1:0 104492
104492 56470 21:0 104513
104497 100275 1:0 104497
104510 100153 1:0 104995
104512 100270 1:0 104512
104512 56475 21:0 104513
104519 56488 21:0 104548
104521 100268 1:0 104521
104521 100269 1:0 104521
104521 100266 1:0 104521
104522 100083 1:0 104998
104522 56716 1:0 105023
104522 56730 1:0 105023
104522 56727 1:0 105030
104522 56725 1:0 105035
104522 79 1:0 105148
104547 100262 1:0 104547
104554 56497 21:0 104557
104564 56499 21:0 104567
104574 100261 1:0 104574
104574 56502 21:0 104591
104579 100255 1:0 104579
104590 56506 21:0 104591
104602 56520 21:0 104607
104604 100051 1:0 104998
104604 56695 1:0 105004
104604 100097 1:0 105007
104604 56698 1:0 105014
104605 100151 1:0 105005
104605 100121 1:0 105035
104606 100249 1:0 104606
104613 56524 21:0 104616
104614 100130 1:0 105035
104614 100120 1:0 105118
104614 100024 1:0 105129
104614 100038 1:0 105129
104614 81 1:0 105138
104614 100106 1:0 105148
104614 77 1:0 105153
104614 56782 1:0 105160
104614 56787 1:0 105160
104620 100119 1:0 105125
104623 56527 21:0 104644
104641 100118 1:0 105136
104643 56532 21:0 104644
104650 56545 21:0 104679
104652 100233 1:0 104652
104652 100236 1:0 104652
104653 56752 1:0 105135
104653 100104 1:0 105138
104678 100229 1:0 104678
104685 56554 21:0 104688
104695 56556 21:0 104698
104705 56559 21:0 104722
104721 56563 21:0 104722
104733 56577 21:0 104738
104735 100088 1:0 105163
104736 56773 1:0 105160
104736 100039 1:0 105163
104736 56812 1:0 105163
104736 56784 1:0 105163
104736 100087 1:0 105249
104736 100070 1:0 105260
104736 63 1:0 105269
104736 57 1:0 105269
104736 61 1:0 105284
104736 56841 1:0 105291
104736 56839 1:0 105294
104737 100216 1:0 104737
104744 56581 21:0 104747
104745 100086 1:0 105256
104745 100031 1:0 105260
104745 56869 1:0 105269
104745 100071 1:0 105269
104745 56830 1:0 105284
104745 56844 1:0 105291
104745 56862 1:0 105294
104745 100040 1:0 105405
104745 56896 1:0 105405
104745 43 1:0 105405
104751 100085 1:0 105267
104754 100215 1:0 104754
104754 56584 21:0 104775
104772 100055 1:0 105294
104774 100204 1:0 104774
104774 56589 21:0 104775
104781 56602 21:0 104810
104783 100202 1:0 104783
104784 99991 1:0 105294
104784 56866 1:0 105397
104816 56611 21:0 104819
104826 56613 21:0 104829
104836 56616 21:0 104853
104841 100189 1:0 104841
104852 56620 21:0 104853
104864 56634 21:0 104869
104866 100053 1:0 105380
104867 100054 1:0 105388
104867 100006 1:0 105391
104867 99997 1:0 105391
104867 100002 1:0 105400
104875 56638 21:0 104878
104876 100052 1:0 105398
104876 45 1:0 105400
104876 56901 1:0 105405
104876 41 1:0 105405
104876 56898 1:0 105409
104876 56887 1:0 105426
104876 25 1:0 105537
104876 56953 1:0 105539
104879 100022 1:0 105426
104882 100017 1:0 105426
104882 56919 1:0 105426
104885 100182 1:0 104885
104885 56641 21:0 104906
104902 100021 1:0 105511
104903 100011 1:0 105522
104903 56923 1:0 105528
104905 100171 1:0 104905
104905 56646 21:0 104906
104912 56659 21:0 104941
104914 100170 1:0 104914
104915 100005 1:0 105522
104915 27 1:0 105531
104915 100007 1:0 105539
104915 56958 1:0 105539
104915 56955 1:0 105539
104915 23 1:0 105539
104947 56668 21:0 104950
104957 56670 21:0 104960
104967 56673 21:0 104984
104972 100156 1:0 104972
104983 56677 21:0 104984
104995 56691 21:0 105000
104997 100020 1:0 105518
104998 100019 1:0 105529
104998 99998 1:0 105531
104998 56976 1:0 105556
104998 100004 1:0 105556
104998 56944 1:0 105556
104998 9 1:0 105665
104998 57001 1:0 105665
104998 99974 1:0 105685
104998 7 1:0 105685
104998 57010 1:0 105690
104998 5 1:0 105736
104999 100150 1:0 104999
105006 56695 21:0 105009
105007 99989 1:0 105556
105007 99987 1:0 105642
105015 99988 1:0 105650
105016 56698 21:0 105037
105018 362 1:0 105653
105021 100143 1:0 105021
105033 99985 1:0 105653
105034 56980 1:0 105659
105034 99978 1:0 105662
105036 100138 1:0 105036
105036 56703 21:0 105037
105043 56716 21:0 105072
105045 100137 1:0 105045
105045 100136 1:0 105045
105046 56983 1:0 105665
105046 57012 1:0 105741
105046 3 1:0 105744
105046 57015 1:0 105751
105046 189 1:0 106580
105078 56725 21:0 105081
105088 56727 21:0 105091
105098 100129 1:0 105098
105098 56730 21:0 105115
105103 100123 1:0 105103
105114 56734 21:0 105115
105126 56748 21:0 105131
105128 99986 1:0 105660
105129 99969 1:0 105665
105129 99984 1:0 105665
105129 99972 1:0 105690
105129 99973 1:0 105690
105129 99971 1:0 105690
105129 99965 1:0 105725
105129 361 1:0 105744
105130 100117 1:0 105130
105137 56752 21:0 105140
105138 99964 1:0 105752
105147 56755 21:0 105168
105152 100110 1:0 105152
105167 100105 1:0 105167
105167 56760 21:0 105168
105174 56773 21:0 105203
105176 100101 1:0 105176
105209 56782 21:0 105212
105219 56784 21:0 105222
105229 56787 21:0 105246
105245 56791 21:0 105246
105257 56805 21:0 105262
105261 100084 1:0 105261
105268 56809 21:0 105271
105278 56812 21:0 105299
105283 100077 1:0 105283
105298 100072 1:0 105298
105298 56817 21:0 105299
105305 56830 21:0 105334
105340 56839 21:0 105343
105350 56841 21:0 105353
105360 100063 1:0 105360
105360 56844 21:0 105377
105376 56848 21:0 105377
105388 56862 21:0 105393
105399 56866 21:0 105402
105409 100050 1:0 105409
105409 56869 21:0 105430
105429 56874 21:0 105430
105436 56887 21:0 105465
105438 100035 1:0 105438
105471 56896 21:0 105474
105481 56898 21:0 105484
105491 56901 21:0 105508
105507 56905 21:0 105508
105519 56919 21:0 105524
105523 100018 1:0 105523
105530 56923 21:0 105533
105540 56926 21:0 105561
105560 56931 21:0 105561
105567 56944 21:0 105596
105602 56953 21:0 105605
105612 56955 21:0 105615
105622 56958 21:0 105639
105638 56962 21:0 105639
105650 56976 21:0 105655
105661 56980 21:0 105664
105671 56983 21:0 105692
105691 56988 21:0 105692
105698 57001 21:0 105727
105733 57010 21:0 105736
105743 57012 21:0 105746
105753 57015 21:0 105770
105769 57019 21:0 105770
105779 101614 21:0 105780
105780 101615 21:0 105791
105790 17 21:0 105791
105790 3 21:0 105791
105791 101616 21:0 105819
105818 361 21:0 105824
105823 5 21:0 105824
105823 7 21:0 105824
105823 101625 21:0 105824
105826 362 21:0 105835
105834 101623 21:0 105835
105834 19 21:0 105835
105834 101622 21:0 105835
105834 101634 21:0 105835
105837 101637 21:0 105845
105844 101639 21:0 105895
105894 101638 21:0 105911
105910 101640 21:0 105916
105915 101670 21:0 105935
105916 101669 21:0 105916
105932 101681 21:0 105932
105934 101671 21:0 105987
105976 101690 21:0 105976
105978 101675 21:0 105978
105984 101701 21:0 105984
105986 101672 21:0 105992
105991 101673 21:0 105997
105992 101702 21:0 105992
105996 101703 21:0 106052
106008 101714 21:0 106008
106047 101719 21:0 106047
106047 101722 21:0 106047
106047 101721 21:0 106047
106051 101704 21:0 106068
106052 101723 21:0 106052
106054 101708 21:0 106054
106060 101734 21:0 106060
106067 101705 21:0 106073
106072 101706 21:0 106123
106075 101728 21:0 106075
106084 101747 21:0 106084
106122 101736 21:0 106139
106123 101755 21:0 106123
106123 101752 21:0 106123
106128 101756 21:0 106128
106130 101741 21:0 106130
106136 101767 21:0 106136
106138 101737 21:0 106144
106143 101738 21:0 106163
106144 101768 21:0 106144
106160 101780 21:0 106160
106162 101739 21:0 106215
106171 101781 21:0 106171
106199 101785 21:0 106199
106199 101787 21:0 106199
106204 101789 21:0 106204
106206 101774 21:0 106206
106212 101800 21:0 106212
106214 101769 21:0 106220
106219 101770 21:0 106225
106220 101801 21:0 106220
106224 101771 21:0 106280
106227 101794 21:0 106227
106275 101821 21:0 106275
106279 101772 21:0 106296
106295 101802 21:0 106301
106296 101834 21:0 106296
106300 101804 21:0 106351
106303 101827 21:0 106303
106312 101846 21:0 106312
106323 101847 21:0 106323
106350 101803 21:0 106367
106351 101854 21:0 106351
106351 101851 21:0 106351
106351 101853 21:0 106351
106356 101855 21:0 106356
106358 101840 21:0 106358
106364 101866 21:0 106364
106366 101805 21:0 106372
106371 101835 21:0 106391
106372 101867 21:0 106372
106388 101879 21:0 106388
106390 101837 21:0 106443
106399 101880 21:0 106399
106427 101887 21:0 106427
106427 101884 21:0 106427
106432 101888 21:0 106432
106434 101873 21:0 106434
106440 101899 21:0 106440
106442 101836 21:0 106448
106447 101838 21:0 106453
106448 101900 21:0 106448
106452 101868 21:0 106508
106464 101912 21:0 106464
106475 101913 21:0 106475
106503 101919 21:0 106503
106503 101920 21:0 106503
106503 101917 21:0 106503
106507 101869 21:0 106521
106508 101921 21:0 106508
106510 101906 21:0 106510
106516 101932 21:0 106516
106520 101870 21:0 106529
106524 101933 21:0 106524
106528 101871 21:0 106579
106531 101926 21:0 106531
106540 101945 21:0 106540
106578 101901 21:0 106595
106579 101953 21:0 106579
106579 101950 21:0 106579
106579 101952 21:0 106579
106580 199 1:0 106590
106580 191 1:0 106591
106584 101954 21:0 106584
106586 101939 21:0 106586
106592 101965 21:0 106592
106594 195 1:0 106596
106594 101903 21:0 106600
106599 193 1:0 106601
106599 101902 21:0 106619
106600 101966 21:0 106600
106604 201 1:0 106615
106607 101959 21:0 106607
106614 215 1:0 106614
106616 101978 21:0 106616
106618 203 1:0 106619
106618 101904 21:0 106671
106622 205 1:0 106623
106627 101979 21:0 106627
106654 207 1:0 106656
106655 101985 21:0 106655
106655 101986 21:0 106655
106655 101983 21:0 106655
106659 209 1:0 106667
106660 101987 21:0 106660
106662 101972 21:0 106662
106666 217 1:0 106666
106668 101998 21:0 106668
106670 213 1:0 106672
106670 101934 21:0 106676
106675 211 1:0 106677
106675 101935 21:0 106681
106676 101999 21:0 106676
106680 219 1:0 106691
106680 101936 21:0 106731
106683 101992 21:0 106683
106690 233 1:0 106690
106692 102011 21:0 106692
106694 221 1:0 106695
106698 223 1:0 106699
106703 102012 21:0 106703
106730 225 1:0 106732
106730 101937 21:0 106747
106731 102019 21:0 106731
106731 102018 21:0 106731
106731 102016 21:0 106731
106735 227 1:0 106743
106736 102020 21:0 106736
106738 102005 21:0 106738
106742 235 1:0 106742
106744 102031 21:0 106744
106746 231 1:0 106748
106746 101967 21:0 106757
106751 229 1:0 106753
106752 102032 21:0 106752
106756 237 1:0 106767
106756 101969 21:0 106807
106759 102025 21:0 106759
106766 251 1:0 106766
106768 102044 21:0 106768
106770 239 1:0 106771
106774 241 1:0 106775
106779 102045 21:0 106779
106806 243 1:0 106808
106806 101968 21:0 106823
106807 102049 21:0 106807
106807 102051 21:0 106807
106807 102052 21:0 106807
106811 245 1:0 106819
106812 102053 21:0 106812
106814 102038 21:0 106814
106818 253 1:0 106818
106820 102064 21:0 106820
106822 249 1:0 106824
106822 101970 21:0 106828
106827 247 1:0 106829
106827 102000 21:0 106847
106828 102065 21:0 106828
106832 255 1:0 106843
106835 102058 21:0 106835
106842 269 1:0 106842
106844 102077 21:0 106844
106846 257 1:0 106847
106846 102002 21:0 106899
106850 259 1:0 106851
106855 102078 21:0 106855
106882 261 1:0 106884
106883 102084 21:0 106883
106883 102082 21:0 106883
106883 102085 21:0 106883
106887 263 1:0 106895
106888 102086 21:0 106888
106890 102071 21:0 106890
106894 271 1:0 106894
106896 102097 21:0 106896
106898 267 1:0 106900
106898 102001 21:0 106904
106903 265 1:0 106905
106903 102003 21:0 106909
106904 102098 21:0 106904
106908 273 1:0 106919
106908 102033 21:0 106959
106918 287 1:0 106918
106922 275 1:0 106923
106926 277 1:0 106927
106958 279 1:0 106960
106958 102035 21:0 106975
106963 281 1:0 106971
106970 289 1:0 106970
106974 285 1:0 106976
106974 102034 21:0 106985
106977 102132 21:0 106977
106979 283 1:0 106981
106982 102133 21:0 106982
106982 102134 21:0 106982
106984 291 1:0 106995
106984 102036 21:0 107035
106985 102135 21:0 106985
106994 305 1:0 106994
106998 293 1:0 106999
107002 295 1:0 107003
107034 297 1:0 107036
107034 102066 21:0 107051
107039 299 1:0 107047
107046 307 1:0 107046
107050 303 1:0 107052
107050 102068 21:0 107056
107053 102165 21:0 107053
107055 301 1:0 107057
107055 101624 21:0 107061
107058 102166 21:0 107058
107058 102167 21:0 107058
107060 101620 21:0 107061
107060 101635 21:0 107061
107060 101629 21:0 107061
107060 309 1:0 107071
107060 102069 21:0 107127
107061 102168 21:0 107061
107070 323 1:0 107070
107074 311 1:0 107075
107078 313 1:0 107079
107110 315 1:0 107112
107115 317 1:0 107123
107122 325 1:0 107122
107126 321 1:0 107128
107126 102067 21:0 107132
107129 102198 21:0 107129
107131 101636 21:0 107132
107131 101657 21:0 107132
107131 319 1:0 107133
107131 101662 21:0 107137
107136 101648 21:0 107137
107136 101655 21:0 107137
107136 329 1:0 107148
107136 51 21:0 107152
107145 327 1:0 107145
107151 57 21:0 107152
107151 257 21:0 107152
107151 255 21:0 107152
107151 102054 21:0 107152
107151 79 21:0 107152
107151 55381 1:0 107154
107151 223 21:0 107157
107156 102076 21:0 107157
107156 102109 21:0 107157
107156 101911 21:0 107157
107156 101779 21:0 107157
107156 101865 21:0 107157
107156 101944 21:0 107157
107156 101977 21:0 107157
107156 101845 21:0 107157
107156 101667 21:0 107157
107156 101766 21:0 107157
107156 101647 21:0 107157
107156 102010 21:0 107157
107156 101700 21:0 107157
107156 102030 21:0 107157
107156 101799 21:0 107157
107156 101898 21:0 107157
107156 101746 21:0 107157
107156 102096 21:0 107157
107156 101878 21:0 107157
107156 101713 21:0 107157
107156 101733 21:0 107157
107156 102063 21:0 107157
107156 102043 21:0 107157
107156 101832 21:0 107157
107156 101931 21:0 107157
107156 101680 21:0 107157
107157 102211 21:0 107167
107166 55991 1:0 107168
107166 101656 21:0 107190
107173 55995 1:0 107173
107189 101653 21:0 107190
107189 101649 21:0 107190
107189 101668 21:0 107193
107192 101642 21:0 107193
107192 56007 1:0 107194
107192 102099 21:0 107201
107200 102100 21:0 107210
107203 56011 1:0 107205
107207 102198 1:0 107207
107209 102101 21:0 107213
107212 56014 1:0 107215
107212 102102 21:0 107292
107220 56019 1:0 107220
107240 56032 1:0 107242
107275 56041 1:0 107277
107284 56043 1:0 107287
107291 101860 21:0 107295
107294 56046 1:0 107297
107294 101820 21:0 107321
107302 56050 1:0 107302
107320 102168 1:0 107320
107320 101788 21:0 107321
107320 101686 21:0 107321
107320 101822 21:0 107324
107323 101833 21:0 107324
107323 101682 21:0 107324
107323 56064 1:0 107325
107323 101886 21:0 107332
107327 102166 1:0 107327
107328 102167 1:0 107328
107331 101695 21:0 107332
107331 101748 21:0 107332
107331 101735 21:0 107335
107334 101688 21:0 107335
107334 101807 21:0 107335
107334 56068 1:0 107336
107334 101818 21:0 107341
107338 102165 1:0 107338
107340 101814 21:0 107341
107340 101689 21:0 107341
107340 101754 21:0 107344
107343 101715 21:0 107344
107343 101893 21:0 107344
107343 56071 1:0 107346
107343 101813 21:0 107369
107351 56076 1:0 107351
107368 56071 21:0 107372
107371 56089 1:0 107373
107371 56068 21:0 107404
107403 56064 21:0 107416
107406 56098 1:0 107408
107415 56100 1:0 107418
107415 56014 21:0 107423
107422 56011 21:0 107426
107425 56007 21:0 107426
107425 56103 1:0 107428
107425 319 21:0 107452
107433 56107 1:0 107433
107451 102135 1:0 107451
107451 299 21:0 107452
107451 321 21:0 107452
107451 317 21:0 107452
107451 301 21:0 107452
107451 303 21:0 107452
107451 193 21:0 107455
107454 56100 21:0 107455
107454 177 21:0 107455
107454 56103 21:0 107455
107454 56098 21:0 107455
107454 31 21:0 107455
107454 191 21:0 107455
107454 56043 21:0 107455
107454 245 21:0 107455
107454 195 21:0 107455
107454 56121 1:0 107456
107454 55381 21:0 107458
107457 55995 21:0 107458
107457 161 21:0 107458
107457 125 21:0 107458
107457 127 21:0 107458
107457 91 21:0 107458
107457 287 21:0 107458
107457 107 21:0 107458
107457 197 21:0 107458
107457 56019 21:0 107458
107457 327 21:0 107458
107457 325 21:0 107458
107457 323 21:0 107458
107457 307 21:0 107458
107457 305 21:0 107458
107457 71 21:0 107458
107457 53 21:0 107458
107457 269 21:0 107458
107457 89 21:0 107458
107457 217 21:0 107458
107457 199 21:0 107458
107457 145 21:0 107458
107457 179 21:0 107458
107457 143 21:0 107458
107457 215 21:0 107458
107457 37 21:0 107458
107457 109 21:0 107458
107457 35 21:0 107458
107457 251 21:0 107458
107457 181 21:0 107458
107457 289 21:0 107458
107457 56076 21:0 107458
107457 253 21:0 107458
107457 73 21:0 107458
107457 55 21:0 107458
107457 102213 21:0 107458
107457 235 21:0 107458
107457 56107 21:0 107458
107457 271 21:0 107458
107457 163 21:0 107458
107457 233 21:0 107458
107457 101964 21:0 107458
107457 102129 21:0 107458
107457 101997 21:0 107458
107457 56050 21:0 107458
107457 101812 21:0 107458
107458 102133 1:0 107458
107458 56121 21:0 107463
107459 102134 1:0 107459
107462 283 21:0 107463
107462 67 21:0 107463
107462 175 21:0 107463
107462 83 21:0 107463
107462 13 21:0 107465
107464 141 21:0 107466
107465 313 21:0 107466
107465 56032 21:0 107466
107465 56046 21:0 107466
107465 56041 21:0 107466
107465 56089 21:0 107466
107465 211 21:0 107466
107465 159 21:0 107466
107465 137 21:0 107466
107465 103 21:0 107466
107465 56125 1:0 107467
107465 102120 21:0 107469
107469 102132 1:0 107469
107469 56125 21:0 107472
107470 56128 1:0 107477
107470 289 1:0 107479
107470 56133 1:0 107482
107470 102129 1:0 107484
107470 56146 1:0 107485
107470 56160 1:0 107485
107470 102120 1:0 107485
107470 56155 1:0 107492
107470 102109 1:0 107495
107470 287 1:0 107495
107470 56164 1:0 107495
107470 102102 1:0 107495
107470 56157 1:0 107495
107470 56178 1:0 107587
107470 56190 1:0 107606
107470 56212 1:0 107606
107470 257 1:0 107606
107470 255 1:0 107606
107470 271 1:0 107606
107470 102096 1:0 107606
107470 56221 1:0 107627
107470 102076 1:0 107627
107470 269 1:0 107627
107470 253 1:0 107741
107470 56247 1:0 107741
107470 102063 1:0 107741
107470 251 1:0 107758
107470 56278 1:0 107758
107470 102043 1:0 107758
107470 235 1:0 107871
107470 56304 1:0 107871
107470 102030 1:0 107871
107470 102010 1:0 107888
107470 56335 1:0 107888
107470 233 1:0 107888
107470 56361 1:0 108000
107470 217 1:0 108000
107470 101997 1:0 108000
107470 101977 1:0 108019
107470 215 1:0 108019
107470 56392 1:0 108019
107470 199 1:0 108125
107470 56418 1:0 108137
107470 101964 1:0 108138
107470 197 1:0 108151
107470 101944 1:0 108153
107470 56449 1:0 108153
107470 181 1:0 108261
107470 101931 1:0 108261
107470 56475 1:0 108261
107470 179 1:0 108284
107470 56506 1:0 108284
107470 101911 1:0 108284
107470 56532 1:0 108395
107470 163 1:0 108395
107470 101898 1:0 108395
107470 56563 1:0 108412
107470 101878 1:0 108412
107470 161 1:0 108412
107470 101865 1:0 108527
107470 145 1:0 108527
107470 56589 1:0 108527
107470 56620 1:0 108544
107470 143 1:0 108544
107470 101845 1:0 108546
107470 127 1:0 108657
107470 56646 1:0 108657
107470 101832 1:0 108657
107470 56677 1:0 108674
107470 125 1:0 108674
107470 101812 1:0 108674
107470 56703 1:0 108788
107470 101799 1:0 108788
107470 109 1:0 108788
107470 101779 1:0 108805
107470 56734 1:0 108805
107470 107 1:0 108805
107470 91 1:0 108920
107470 56760 1:0 108920
107471 139 21:0 107472
107471 213 21:0 107472
107471 285 21:0 107472
107471 123 21:0 107472
107471 121 21:0 107475
107473 102101 1:0 107581
107474 47 21:0 107475
107474 329 21:0 107475
107474 315 21:0 107475
107474 55991 21:0 107475
107474 157 21:0 107475
107474 155 21:0 107475
107474 311 21:0 107475
107474 29 21:0 107475
107474 295 21:0 107475
107474 101 21:0 107475
107474 101922 21:0 107477
107476 102087 21:0 107477
107476 101988 21:0 107479
107476 102100 1:0 107588
107478 102087 1:0 107606
107479 56128 21:0 107500
107481 102099 1:0 107599
107496 56182 1:0 107598
107496 56185 1:0 107608
107497 56217 1:0 107606
107497 56203 1:0 107624
107497 56214 1:0 107627
107497 56235 1:0 107718
107497 56260 1:0 107741
107499 281 21:0 107503
107502 87 21:0 107503
107502 227 21:0 107538
107509 102067 1:0 107627
107537 119 21:0 107554
107553 15 21:0 107554
107553 33 21:0 107557
107556 297 21:0 107557
107556 56155 21:0 107557
107556 293 21:0 107557
107556 309 21:0 107557
107556 101691 21:0 107557
107556 56146 21:0 107557
107556 56157 21:0 107557
107556 101757 21:0 107559
107558 56133 21:0 107559
107558 101790 21:0 107559
107558 289 21:0 107559
107558 102069 1:0 107712
107561 56160 21:0 107578
107563 33 1:0 107723
107577 291 21:0 107583
107582 287 21:0 107583
107582 275 21:0 107583
107582 129 21:0 107583
107582 221 21:0 107583
107582 273 21:0 107583
107582 113 21:0 107583
107582 259 21:0 107583
107582 219 21:0 107583
107582 187 21:0 107583
107582 27 21:0 107583
107582 201 21:0 107583
107582 207 21:0 107583
107582 45 21:0 107583
107582 63 21:0 107583
107582 111 21:0 107583
107582 43 21:0 107583
107582 147 21:0 107583
107582 277 21:0 107583
107582 183 21:0 107583
107582 23 21:0 107583
107582 279 21:0 107583
107582 149 21:0 107583
107582 189 21:0 107583
107582 165 21:0 107583
107582 56164 21:0 107583
107582 39 21:0 107583
107582 115 21:0 107583
107582 117 21:0 107583
107582 243 21:0 107583
107582 171 21:0 107583
107582 61 21:0 107583
107582 101761 21:0 107586
107584 259 1:0 107606
107585 101889 21:0 107586
107585 93 21:0 107586
107585 185 21:0 107586
107585 101946 21:0 107586
107585 261 21:0 107586
107585 101724 21:0 107586
107585 205 21:0 107586
107585 81 21:0 107586
107585 77 21:0 107586
107585 101823 21:0 107586
107585 167 21:0 107586
107585 131 21:0 107586
107585 97 21:0 107586
107585 75 21:0 107586
107585 65 21:0 107589
107587 101946 1:0 107601
107587 261 1:0 107606
107587 101761 1:0 107723
107589 56178 21:0 107594
107590 65 1:0 107606
107591 102068 1:0 107720
107592 56239 1:0 107729
107592 102066 1:0 107730
107592 15 1:0 107732
107592 245 1:0 107732
107592 102054 1:0 107737
107592 243 1:0 107737
107592 56269 1:0 107737
107592 56242 1:0 107739
107592 56271 1:0 107741
107592 56274 1:0 107758
107592 227 1:0 107758
107592 119 1:0 107758
107592 221 1:0 107863
107592 56326 1:0 107871
107593 102098 1:0 107593
107593 153 21:0 107594
107593 241 21:0 107594
107593 25 21:0 107594
107593 237 21:0 107594
107593 265 21:0 107594
107593 95 21:0 107594
107593 59 21:0 107594
107593 135 21:0 107594
107593 99 21:0 107594
107593 101955 21:0 107594
107593 102021 21:0 107594
107593 203 21:0 107594
107595 237 1:0 107732
107595 241 1:0 107737
107595 47 1:0 107854
107595 102021 1:0 107863
107595 56331 1:0 107871
107600 56182 21:0 107603
107601 102036 1:0 107758
107601 102034 1:0 107843
107602 267 21:0 107603
107607 102035 1:0 107851
107609 56292 1:0 107849
107610 102097 1:0 107610
107610 56185 21:0 107631
107612 101 1:0 107854
107612 87 1:0 107854
107618 101766 1:0 108920
107619 89 1:0 108937
107619 56791 1:0 108937
107619 56817 1:0 109051
107619 73 1:0 109051
107627 157 1:0 107863
107627 223 1:0 107871
107627 56328 1:0 107871
107627 205 1:0 107994
107627 203 1:0 107994
107627 101988 1:0 108002
107627 101746 1:0 108939
107627 101733 1:0 109051
107630 102086 1:0 107630
107630 263 21:0 107634
107633 271 21:0 107634
107633 56190 21:0 107634
107637 56203 21:0 107666
107639 102084 1:0 107639
107639 102082 1:0 107639
107639 102085 1:0 107639
107640 102033 1:0 107861
107665 102078 1:0 107665
107665 261 21:0 107669
107672 56212 21:0 107675
107674 259 21:0 107675
107682 56214 21:0 107685
107684 257 21:0 107685
107692 102077 1:0 107692
107692 56217 21:0 107709
107697 102071 1:0 107697
107708 255 21:0 107714
107713 269 21:0 107714
107713 56221 21:0 107714
107720 56235 21:0 107725
107722 56296 1:0 107860
107722 155 1:0 107863
107722 56299 1:0 107870
107722 219 1:0 107871
107722 56317 1:0 107888
107722 29 1:0 107888
107722 211 1:0 107888
107722 56349 1:0 107980
107722 207 1:0 107994
107722 56383 1:0 108002
107722 56385 1:0 108002
107722 185 1:0 108125
107722 101955 1:0 108136
107722 71 1:0 109068
107722 56848 1:0 109068
107722 101713 1:0 109070
107722 55 1:0 109173
107722 101700 1:0 109183
107722 56874 1:0 109183
107723 102003 1:0 107888
107723 102001 1:0 107974
107724 102065 1:0 107724
107724 247 21:0 107725
107731 56239 21:0 107734
107732 102002 1:0 107982
107732 121 1:0 107985
107732 213 1:0 107985
107732 139 1:0 107985
107732 56353 1:0 107991
107732 123 1:0 107994
107732 103 1:0 107994
107732 201 1:0 108000
107732 56374 1:0 108002
107732 56388 1:0 108019
107732 193 1:0 108019
107732 189 1:0 108125
107733 249 21:0 107734
107738 102000 1:0 107992
107740 56356 1:0 108001
107741 102064 1:0 107741
107741 56242 21:0 107762
107746 102058 1:0 107746
107759 101970 1:0 108019
107761 102053 1:0 107761
107761 245 21:0 107765
107764 56247 21:0 107765
107764 253 21:0 107765
107768 56260 21:0 107797
107770 102049 1:0 107770
107770 102051 1:0 107770
107770 102052 1:0 107770
107771 137 1:0 108019
107771 56406 1:0 108111
107771 195 1:0 108116
107771 187 1:0 108141
107771 56431 1:0 108141
107796 102045 1:0 107796
107796 243 21:0 107800
107803 56269 21:0 107806
107805 241 21:0 107806
107813 56271 21:0 107816
107815 239 21:0 107816
107823 102044 1:0 107823
107823 56274 21:0 107840
107828 102038 1:0 107828
107839 237 21:0 107845
107844 251 21:0 107845
107844 56278 21:0 107845
107851 56292 21:0 107856
107853 101968 1:0 108105
107854 101969 1:0 108113
107854 159 1:0 108116
107854 141 1:0 108116
107854 56410 1:0 108122
107854 191 1:0 108125
107854 13 1:0 108125
107854 56413 1:0 108132
107854 183 1:0 108138
107854 56445 1:0 108141
107854 56442 1:0 108148
107854 56440 1:0 108153
107854 171 1:0 108256
107854 101922 1:0 108261
107854 167 1:0 108261
107854 53 1:0 109198
107854 101680 1:0 109198
107854 56905 1:0 109198
107854 101667 1:0 109312
107854 37 1:0 109312
107854 56931 1:0 109312
107855 102032 1:0 107855
107855 229 21:0 107856
107862 56296 21:0 107865
107863 101967 1:0 108123
107863 101937 1:0 108153
107864 231 21:0 107865
107866 67 1:0 108153
107866 175 1:0 108153
107869 56463 1:0 108242
107872 102031 1:0 107872
107872 56299 21:0 107893
107874 101936 1:0 108236
107877 102025 1:0 107877
107889 177 1:0 108247
107889 165 1:0 108261
107889 56499 1:0 108261
107892 102020 1:0 107892
107892 227 21:0 107896
107895 235 21:0 107896
107895 56304 21:0 107896
107899 56317 21:0 107928
107901 102019 1:0 107901
107901 102018 1:0 107901
107901 102016 1:0 107901
107902 101935 1:0 108243
107927 102012 1:0 107927
107927 225 21:0 107931
107934 56326 21:0 107937
107936 223 21:0 107937
107944 56328 21:0 107947
107946 221 21:0 107947
107954 102011 1:0 107954
107954 56331 21:0 107971
107959 102005 1:0 107959
107970 219 21:0 107976
107975 56335 21:0 107976
107975 233 21:0 107976
107982 56349 21:0 107987
107984 83 1:0 108247
107984 31 1:0 108247
107984 56467 1:0 108253
107984 56524 1:0 108256
107984 51 1:0 108256
107984 56502 1:0 108261
107984 56470 1:0 108263
107984 56488 1:0 108279
107984 56497 1:0 108284
107984 153 1:0 108384
107984 101889 1:0 108387
107984 56556 1:0 108395
107984 56554 1:0 108395
107984 35 1:0 109329
107984 101647 1:0 109329
107984 56962 1:0 109329
107984 56988 1:0 109438
107984 19 1:0 109438
107985 101934 1:0 108254
107985 101904 1:0 108284
107986 101999 1:0 107986
107986 211 21:0 107987
107993 56353 21:0 107996
107994 56527 1:0 108284
107994 56752 1:0 108284
107994 101902 1:0 108367
107995 213 21:0 107996
107997 101903 1:0 108375
108000 56520 1:0 108373
108000 56976 1:0 108378
108000 56755 1:0 108378
108000 56581 1:0 108378
108000 101893 1:0 108387
108002 56641 1:0 108387
108003 101998 1:0 108003
108003 56356 21:0 108024
108008 101992 1:0 108008
108021 101901 1:0 108385
108023 101987 1:0 108023
108023 209 21:0 108027
108026 217 21:0 108027
108026 56361 21:0 108027
108030 56374 21:0 108059
108032 101985 1:0 108032
108032 101986 1:0 108032
108032 101983 1:0 108032
108033 147 1:0 108395
108033 149 1:0 108395
108033 56577 1:0 108412
108033 101886 1:0 108412
108058 101979 1:0 108058
108058 207 21:0 108062
108065 56383 21:0 108068
108067 205 21:0 108068
108075 56385 21:0 108078
108077 203 21:0 108078
108085 101978 1:0 108085
108085 56388 21:0 108102
108090 101972 1:0 108090
108101 201 21:0 108107
108106 215 21:0 108107
108106 56392 21:0 108107
108113 56406 21:0 108118
108115 101871 1:0 108412
108116 56559 1:0 108395
108116 56545 1:0 108412
108116 101870 1:0 108498
108116 101813 1:0 108509
108116 101814 1:0 108509
108116 101818 1:0 108518
108116 135 1:0 108518
108116 56613 1:0 108523
108116 131 1:0 108523
108116 56611 1:0 108527
108116 115 1:0 108649
108117 101966 1:0 108117
108117 193 21:0 108118
108124 56410 21:0 108127
108125 101869 1:0 108505
108125 101868 1:0 108516
108126 195 21:0 108127
108128 56584 1:0 108518
108133 101838 1:0 108546
108134 101965 1:0 108134
108134 56413 21:0 108155
108136 101860 1:0 108531
108139 101959 1:0 108139
108142 101634 1:0 109449
108143 17 1:0 109526
108143 57019 1:0 109529
108151 129 1:0 108523
108151 56616 1:0 108523
108151 56602 1:0 108546
108151 56634 1:0 108546
108151 117 1:0 108649
108152 101833 1:0 108640
108152 101807 1:0 108640
108153 101614 1:0 109531
108154 101954 1:0 108154
108154 191 21:0 108158
108157 199 21:0 108158
108157 56418 21:0 108158
108161 56431 21:0 108190
108163 101953 1:0 108163
108163 101950 1:0 108163
108163 101952 1:0 108163
108164 101823 1:0 108649
108164 56673 1:0 108657
108164 111 1:0 108657
108164 113 1:0 108657
108164 56670 1:0 108657
108164 56668 1:0 108657
108164 95 1:0 108780
108164 97 1:0 108780
108164 56725 1:0 108788
108189 189 21:0 108193
108196 56440 21:0 108199
108206 56442 21:0 108209
108216 101945 1:0 108216
108216 56445 21:0 108233
108221 101939 1:0 108221
108232 56449 21:0 108233
108244 56463 21:0 108249
108246 101836 1:0 108629
108247 101837 1:0 108637
108247 101835 1:0 108647
108248 101933 1:0 108248
108255 56467 21:0 108258
108256 56638 1:0 108646
108256 101822 1:0 108649
108256 56659 1:0 108674
108256 101820 1:0 108674
108256 56691 1:0 108674
108256 101805 1:0 108674
108256 99 1:0 108780
108256 101790 1:0 108788
108256 56727 1:0 108788
108256 77 1:0 108911
108262 101803 1:0 108760
108265 101932 1:0 108265
108265 56470 21:0 108286
108270 101926 1:0 108270
108283 101804 1:0 108768
108285 101921 1:0 108285
108285 56475 21:0 108286
108292 56488 21:0 108321
108294 101919 1:0 108294
108294 101920 1:0 108294
108294 101917 1:0 108294
108295 101715 1:0 108771
108295 56812 1:0 108771
108320 101913 1:0 108320
108327 56497 21:0 108330
108337 56499 21:0 108340
108347 101912 1:0 108347
108347 56502 21:0 108364
108352 101906 1:0 108352
108363 56506 21:0 108364
108375 56520 21:0 108380
108377 56698 1:0 108771
108377 56695 1:0 108777
108377 101754 1:0 108780
108377 93 1:0 108785
108377 56716 1:0 108788
108377 56730 1:0 108805
108377 56748 1:0 108805
108377 75 1:0 108911
108378 101802 1:0 108778
108378 101772 1:0 108805
108379 101900 1:0 108379
108386 56524 21:0 108389
108387 101788 1:0 108805
108387 101771 1:0 108891
108387 101688 1:0 108902
108387 101689 1:0 108902
108387 56869 1:0 108911
108393 101770 1:0 108898
108396 101899 1:0 108396
108396 56527 21:0 108417
108414 101769 1:0 108909
108416 101888 1:0 108416
108416 56532 21:0 108417
108423 56545 21:0 108452
108425 101887 1:0 108425
108425 101884 1:0 108425
108426 101735 1:0 108911
108426 79 1:0 108916
108426 56782 1:0 108916
108426 81 1:0 108916
108426 56787 1:0 108916
108426 101757 1:0 108916
108451 101880 1:0 108451
108458 56554 21:0 108461
108468 56556 21:0 108471
108478 101879 1:0 108478
108478 56559 21:0 108495
108483 101873 1:0 108483
108494 56563 21:0 108495
108506 56577 21:0 108511
108508 101739 1:0 108939
108509 56784 1:0 108920
108509 101748 1:0 108939
108509 56773 1:0 108939
108509 56805 1:0 108939
108509 101738 1:0 109022
108509 101682 1:0 109033
108509 59 1:0 109042
108509 63 1:0 109042
108509 61 1:0 109047
108509 57 1:0 109047
108509 56841 1:0 109047
108510 101867 1:0 108510
108517 56581 21:0 108520
108518 101737 1:0 109029
108518 101695 1:0 109033
108518 56809 1:0 109039
108518 101686 1:0 109042
108518 101642 1:0 109070
108524 101736 1:0 109040
108527 101866 1:0 108527
108527 56584 21:0 108548
108545 101706 1:0 109070
108547 101855 1:0 108547
108547 56589 21:0 108548
108554 56602 21:0 108583
108556 101854 1:0 108556
108556 101851 1:0 108556
108556 101853 1:0 108556
108557 101724 1:0 109047
108557 56844 1:0 109051
108557 56839 1:0 109051
108557 56862 1:0 109070
108557 56830 1:0 109070
108557 56866 1:0 109170
108557 101691 1:0 109173
108582 101847 1:0 108582
108589 56611 21:0 108592
108599 56613 21:0 108602
108609 101846 1:0 108609
108609 56616 21:0 108626
108614 101840 1:0 108614
108625 56620 21:0 108626
108637 56634 21:0 108642
108639 101705 1:0 109153
108640 101704 1:0 109160
108640 101649 1:0 109164
108640 101668 1:0 109164
108640 101653 1:0 109173
108641 101834 1:0 108641
108648 56638 21:0 108651
108649 101703 1:0 109171
108649 45 1:0 109173
108649 39 1:0 109188
108649 56901 1:0 109188
108649 56887 1:0 109195
108652 101673 1:0 109198
108655 43 1:0 109188
108655 56898 1:0 109195
108655 56896 1:0 109198
108655 101656 1:0 109198
108655 56919 1:0 109198
108655 101655 1:0 109295
108655 25 1:0 109304
108655 23 1:0 109312
108655 56953 1:0 109312
108655 56944 1:0 109312
108655 56955 1:0 109312
108658 56641 21:0 108679
108663 101827 1:0 108663
108676 101672 1:0 109284
108678 56646 21:0 108679
108685 56659 21:0 108714
108687 101821 1:0 108687
108688 101648 1:0 109295
108688 56923 1:0 109301
108720 56668 21:0 108723
108730 56670 21:0 108733
108740 56673 21:0 108757
108756 56677 21:0 108757
108768 56691 21:0 108773
108770 101671 1:0 109291
108771 101670 1:0 109302
108771 101662 1:0 109304
108771 56926 1:0 109311
108771 27 1:0 109312
108771 101657 1:0 109329
108771 56958 1:0 109329
108771 7 1:0 109457
108771 57010 1:0 109460
108771 101625 1:0 109463
108772 101801 1:0 108772
108779 56695 21:0 108782
108780 101640 1:0 109329
108780 101638 1:0 109415
108788 101639 1:0 109423
108789 101800 1:0 108789
108789 56698 21:0 108810
108791 363 1:0 109426
108794 101794 1:0 108794
108806 101636 1:0 109426
108807 56980 1:0 109432
108807 101629 1:0 109435
108809 101789 1:0 108809
108809 56703 21:0 108810
108816 56716 21:0 108845
108818 101785 1:0 108818
108818 101787 1:0 108818
108819 101635 1:0 109438
108819 56983 1:0 109438
108844 101781 1:0 108844
108851 56725 21:0 108854
108861 56727 21:0 108864
108871 101780 1:0 108871
108871 56730 21:0 108888
108876 101774 1:0 108876
108887 56734 21:0 108888
108899 56748 21:0 108904
108901 101637 1:0 109433
108902 57001 1:0 109438
108902 101620 1:0 109438
108902 101624 1:0 109463
108902 101623 1:0 109463
108902 101622 1:0 109463
108902 101616 1:0 109498
108902 5 1:0 109509
108902 57012 1:0 109514
108902 362 1:0 109517
108902 3 1:0 109517
108902 57015 1:0 109524
108902 189 1:0 110353
108903 101768 1:0 108903
108910 56752 21:0 108913
108911 101615 1:0 109525
108920 101767 1:0 108920
108920 56755 21:0 108941
108940 101756 1:0 108940
108940 56760 21:0 108941
108947 56773 21:0 108976
108949 101755 1:0 108949
108949 101752 1:0 108949
108982 56782 21:0 108985
108992 56784 21:0 108995
109002 101747 1:0 109002
109002 56787 21:0 109019
109007 101741 1:0 109007
109018 56791 21:0 109019
109030 56805 21:0 109035
109041 56809 21:0 109044
109051 101734 1:0 109051
109051 56812 21:0 109072
109056 101728 1:0 109056
109071 101723 1:0 109071
109071 56817 21:0 109072
109078 56830 21:0 109107
109080 101719 1:0 109080
109080 101722 1:0 109080
109080 101721 1:0 109080
109113 56839 21:0 109116
109123 56841 21:0 109126
109133 101714 1:0 109133
109133 56844 21:0 109150
109138 101708 1:0 109138
109149 56848 21:0 109150
109161 56862 21:0 109166
109165 101702 1:0 109165
109172 56866 21:0 109175
109182 101701 1:0 109182
109182 56869 21:0 109203
109202 101690 1:0 109202
109202 56874 21:0 109203
109209 56887 21:0 109238
109244 56896 21:0 109247
109254 56898 21:0 109257
109264 101681 1:0 109264
109264 56901 21:0 109281
109269 101675 1:0 109269
109280 56905 21:0 109281
109292 56919 21:0 109297
109296 101669 1:0 109296
109303 56923 21:0 109306
109313 56926 21:0 109334
109333 56931 21:0 109334
109340 56944 21:0 109369
109375 56953 21:0 109378
109385 56955 21:0 109388
109395 56958 21:0 109412
109411 56962 21:0 109412
109423 56976 21:0 109428
109434 56980 21:0 109437
109444 56983 21:0 109465
109464 56988 21:0 109465
109471 57001 21:0 109500
109506 57010 21:0 109509
109516 57012 21:0 109519
109526 57015 21:0 109543
109542 57019 21:0 109543
109552 103265 21:0 109553
109553 103266 21:0 109564
109563 3 21:0 109564
109563 17 21:0 109564
109564 103267 21:0 109592
109591 362 21:0 109597
109596 7 21:0 109597
109596 103276 21:0 109597
109596 5 21:0 109597
109599 363 21:0 109608
109607 19 21:0 109608
109607 103285 21:0 109608
109607 103273 21:0 109608
109607 103271 21:0 109608
109610 103288 21:0 109618
109617 103290 21:0 109668
109667 103289 21:0 109684
109683 103291 21:0 109689
109688 103321 21:0 109708
109707 103322 21:0 109760
109744 103337 21:0 109744
109744 103339 21:0 109744
109757 103352 21:0 109757
109759 103323 21:0 109765
109764 103324 21:0 109770
109765 103353 21:0 109765
109769 103354 21:0 109820
109772 103346 21:0 109772
109819 103355 21:0 109841
109820 103370 21:0 109820
109820 103373 21:0 109820
109825 103374 21:0 109825
109827 103359 21:0 109827
109833 103385 21:0 109833
109840 103356 21:0 109846
109845 103357 21:0 109896
109848 103379 21:0 109848
109868 103399 21:0 109868
109895 103387 21:0 109912
109896 103403 21:0 109896
109896 103405 21:0 109896
109896 103406 21:0 109896
109901 103407 21:0 109901
109911 103389 21:0 109917
109916 103388 21:0 109936
109924 103412 21:0 109924
109935 103390 21:0 109988
109972 103439 21:0 109972
109972 103438 21:0 109972
109977 103440 21:0 109977
109985 103451 21:0 109985
109987 103420 21:0 109993
109992 103421 21:0 109998
109997 103422 21:0 110053
110000 103445 21:0 110000
110009 103464 21:0 110009
110048 103471 21:0 110048
110052 103423 21:0 110069
110053 103473 21:0 110053
110055 103458 21:0 110055
110068 103453 21:0 110074
110073 103455 21:0 110124
110076 103478 21:0 110076
110123 103454 21:0 110140
110131 103491 21:0 110131
110139 103456 21:0 110145
110144 103486 21:0 110164
110163 103488 21:0 110216
110200 103535 21:0 110200
110215 103487 21:0 110221
110220 103489 21:0 110226
110221 103551 21:0 110221
110225 103519 21:0 110281
110228 103544 21:0 110228
110237 103563 21:0 110237
110248 103564 21:0 110248
110276 103568 21:0 110276
110276 103570 21:0 110276
110276 103571 21:0 110276
110280 103520 21:0 110297
110281 103572 21:0 110281
110283 103557 21:0 110283
110289 103583 21:0 110289
110296 103521 21:0 110302
110297 103584 21:0 110297
110301 103522 21:0 110352
110304 103577 21:0 110304
110313 103596 21:0 110313
110324 103597 21:0 110324
110351 103552 21:0 110368
110352 103601 21:0 110352
110352 103603 21:0 110352
110352 103604 21:0 110352
110353 199 1:0 110363
110353 191 1:0 110364
110357 103605 21:0 110357
110359 103590 21:0 110359
110365 103616 21:0 110365
110367 195 1:0 110369
110367 103554 21:0 110373
110372 193 1:0 110374
110372 103553 21:0 110392
110373 103617 21:0 110373
110377 201 1:0 110388
110380 103610 21:0 110380
110387 215 1:0 110387
110389 103629 21:0 110389
110391 203 1:0 110392
110391 103555 21:0 110444
110395 205 1:0 110396
110400 103630 21:0 110400
110427 207 1:0 110429
110428 103634 21:0 110428
110428 103636 21:0 110428
110428 103637 21:0 110428
110432 209 1:0 110440
110433 103638 21:0 110433
110435 103623 21:0 110435
110439 217 1:0 110439
110441 103649 21:0 110441
110443 213 1:0 110445
110443 103585 21:0 110449
110448 211 1:0 110450
110448 103587 21:0 110454
110449 103650 21:0 110449
110453 219 1:0 110464
110453 103586 21:0 110504
110456 103643 21:0 110456
110463 233 1:0 110463
110465 103662 21:0 110465
110467 221 1:0 110468
110471 223 1:0 110472
110476 103663 21:0 110476
110503 225 1:0 110505
110503 103588 21:0 110520
110504 103670 21:0 110504
110504 103669 21:0 110504
110504 103667 21:0 110504
110508 227 1:0 110516
110509 103671 21:0 110509
110511 103656 21:0 110511
110515 235 1:0 110515
110517 103682 21:0 110517
110519 231 1:0 110521
110519 103618 21:0 110530
110524 229 1:0 110526
110525 103683 21:0 110525
110529 237 1:0 110540
110529 103620 21:0 110580
110532 103676 21:0 110532
110539 251 1:0 110539
110541 103695 21:0 110541
110543 239 1:0 110544
110547 241 1:0 110548
110552 103696 21:0 110552
110579 243 1:0 110581
110579 103619 21:0 110596
110584 245 1:0 110592
110591 253 1:0 110591
110595 249 1:0 110597
110595 103621 21:0 110601
110600 247 1:0 110602
110600 103651 21:0 110620
110605 255 1:0 110616
110615 269 1:0 110615
110619 257 1:0 110620
110619 103653 21:0 110672
110623 259 1:0 110624
110655 261 1:0 110657
110660 263 1:0 110668
110667 271 1:0 110667
110671 267 1:0 110673
110671 103652 21:0 110677
110676 265 1:0 110678
110676 103654 21:0 110682
110681 103286 21:0 110682
110681 273 1:0 110692
110681 103275 21:0 110696
110682 103753 21:0 110682
110691 287 1:0 110691
110695 275 1:0 110696
110695 103274 21:0 110732
110699 277 1:0 110700
110731 279 1:0 110733
110731 103684 21:0 110748
110736 281 1:0 110744
110743 289 1:0 110743
110747 285 1:0 110749
110747 103685 21:0 110753
110750 103783 21:0 110750
110752 283 1:0 110754
110752 103686 21:0 110772
110755 103784 21:0 110755
110755 103785 21:0 110755
110757 291 1:0 110768
110758 103786 21:0 110758
110767 305 1:0 110767
110771 293 1:0 110772
110771 103687 21:0 110824
110775 295 1:0 110776
110807 297 1:0 110809
110812 299 1:0 110820
110819 307 1:0 110819
110823 303 1:0 110825
110823 103717 21:0 110829
110826 103816 21:0 110826
110828 301 1:0 110830
110828 103719 21:0 110834
110831 103817 21:0 110831
110831 103818 21:0 110831
110833 309 1:0 110844
110833 103718 21:0 110889
110834 103819 21:0 110834
110843 323 1:0 110843
110847 311 1:0 110848
110851 313 1:0 110852
110883 315 1:0 110885
110888 317 1:0 110896
110888 103280 21:0 110900
110895 325 1:0 110895
110899 103319 21:0 110900
110899 103287 21:0 110900
110899 321 1:0 110901
110899 103300 21:0 110905
110902 103850 21:0 110902
110902 103849 21:0 110902
110904 103313 21:0 110905
110904 103308 21:0 110905
110904 103304 21:0 110905
110904 319 1:0 110906
110904 103306 21:0 110910
110906 103850 1:0 110906
110907 103851 21:0 110907
110907 103850 21:0 110907
110909 103307 21:0 110910
110909 103299 21:0 110910
110909 329 1:0 110921
110909 231 21:0 110925
110918 327 1:0 110918
110924 189 21:0 110925
110924 79 21:0 110925
110924 207 21:0 110925
110924 239 21:0 110925
110924 103738 21:0 110925
110924 55381 1:0 110927
110924 103441 21:0 110930
110929 103672 21:0 110930
110929 269 21:0 110930
110929 199 21:0 110930
110929 271 21:0 110930
110929 53 21:0 110930
110930 103862 21:0 110940
110939 55991 1:0 110941
110939 103293 21:0 110963
110946 55995 1:0 110946
110962 103720 21:0 110966
110965 56007 1:0 110967
110965 103750 21:0 110974
110969 103850 1:0 110969
110970 103851 1:0 110970
110973 103752 21:0 110983
110976 56011 1:0 110978
110980 103849 1:0 110980
110982 103751 21:0 110986
110985 103432 21:0 110986
110985 56014 1:0 110988
110985 103436 21:0 111011
110993 56019 1:0 110993
111010 103431 21:0 111027
111013 56032 1:0 111015
111026 103531 21:0 111065
111048 56041 1:0 111050
111057 56043 1:0 111060
111064 103392 21:0 111068
111067 56046 1:0 111070
111067 103341 21:0 111094
111075 56050 1:0 111075
111093 103819 1:0 111093
111093 103497 21:0 111094
111093 103326 21:0 111094
111093 103372 21:0 111097
111096 103537 21:0 111097
111096 103398 21:0 111097
111096 56064 1:0 111098
111096 103472 21:0 111105
111100 103817 1:0 111100
111101 103818 1:0 111101
111104 103418 21:0 111105
111104 103505 21:0 111105
111104 103517 21:0 111108
111107 103425 21:0 111108
111107 103366 21:0 111108
111107 56068 1:0 111109
111107 103524 21:0 111114
111111 103816 1:0 111111
111113 103365 21:0 111114
111113 103332 21:0 111114
111113 103469 21:0 111117
111116 103484 21:0 111117
111116 103498 21:0 111117
111116 56071 1:0 111119
111116 103419 21:0 111142
111124 56076 1:0 111124
111141 103504 21:0 111177
111144 56089 1:0 111146
111176 103530 21:0 111196
111179 56098 1:0 111181
111188 56100 1:0 111191
111195 103386 21:0 111199
111198 56103 1:0 111201
111198 103320 21:0 111225
111206 56107 1:0 111206
111224 103786 1:0 111224
111224 103518 21:0 111225
111224 103550 21:0 111225
111224 103506 21:0 111228
111227 103502 21:0 111228
111227 103539 21:0 111228
111227 56121 1:0 111229
111227 103340 21:0 111236
111231 103784 1:0 111231
111232 103785 1:0 111232
111235 103333 21:0 111236
111235 103538 21:0 111236
111235 103485 21:0 111239
111238 103465 21:0 111239
111238 103511 21:0 111239
111238 56125 1:0 111240
111238 103452 21:0 111245
111242 103783 1:0 111242
111243 56155 1:0 111248
111243 56128 1:0 111250
111243 56146 1:0 111252
111243 56157 1:0 111252
111243 56133 1:0 111252
111243 231 1:0 111271
111243 56242 1:0 111271
111243 56160 1:0 111271
111243 56164 1:0 111271
111243 103751 1:0 111354
111243 56214 1:0 111379
111243 103738 1:0 111379
111243 56217 1:0 111379
111243 56190 1:0 111383
111243 271 1:0 111383
111243 56221 1:0 111402
111243 269 1:0 111402
111243 56247 1:0 111514
111243 56278 1:0 111531
111243 56304 1:0 111645
111243 56335 1:0 111664
111243 56361 1:0 111776
111243 56392 1:0 111795
111243 56418 1:0 111907
111243 199 1:0 111907
111243 56449 1:0 111926
111243 56475 1:0 112038
111243 56506 1:0 112057
111243 56532 1:0 112165
111244 56125 21:0 111245
111244 56121 21:0 111245
111244 56071 21:0 111245
111244 56068 21:0 111245
111244 56064 21:0 111248
111246 103752 1:0 111362
111247 319 21:0 111248
111247 321 21:0 111248
111247 56014 21:0 111248
111247 56007 21:0 111248
111247 56011 21:0 111248
111247 56100 21:0 111250
111249 55381 21:0 111252
111249 56178 1:0 111360
111249 56235 1:0 111365
111249 56292 1:0 111365
111249 56239 1:0 111365
111249 103750 1:0 111372
111251 217 21:0 111252
111251 253 21:0 111252
111251 161 21:0 111252
111251 103331 21:0 111252
111251 55995 21:0 111252
111251 233 21:0 111252
111251 179 21:0 111252
111251 103864 21:0 111252
111251 327 21:0 111252
111251 103397 21:0 111252
111251 109 21:0 111252
111251 287 21:0 111252
111251 325 21:0 111252
111251 91 21:0 111252
111251 37 21:0 111252
111251 323 21:0 111252
111251 307 21:0 111252
111251 143 21:0 111252
111251 305 21:0 111252
111251 127 21:0 111252
111251 125 21:0 111252
111251 71 21:0 111252
111251 215 21:0 111252
111251 103595 21:0 111252
111251 103694 21:0 111252
111251 103562 21:0 111252
111251 103727 21:0 111252
111251 56107 21:0 111252
111251 197 21:0 111252
111251 145 21:0 111252
111251 56076 21:0 111252
111251 103648 21:0 111252
111251 73 21:0 111252
111251 89 21:0 111252
111251 35 21:0 111252
111251 235 21:0 111252
111251 163 21:0 111252
111251 103714 21:0 111252
111251 181 21:0 111252
111251 56019 21:0 111252
111251 103483 21:0 111252
111251 55 21:0 111252
111251 107 21:0 111252
111251 251 21:0 111252
111251 103450 21:0 111252
111251 56050 21:0 111252
111251 56185 1:0 111374
111251 56212 1:0 111383
111252 56128 21:0 111273
111253 287 1:0 111271
111253 103727 1:0 111402
111253 253 1:0 111514
111253 103714 1:0 111514
111253 251 1:0 111531
111253 103694 1:0 111531
111253 235 1:0 111645
111253 233 1:0 111664
111253 217 1:0 111776
111253 103648 1:0 111776
111253 215 1:0 111795
111253 103595 1:0 111926
111253 197 1:0 111926
111253 181 1:0 112038
111253 179 1:0 112057
111253 163 1:0 112165
111254 56182 1:0 111371
111254 56695 1:0 111374
111269 56520 1:0 111402
111269 56524 1:0 111402
111270 56976 1:0 111402
111270 56203 1:0 111402
111270 239 1:0 111510
111270 56271 1:0 111510
111270 56269 1:0 111514
111270 56260 1:0 111514
111272 317 21:0 111276
111275 301 21:0 111276
111275 303 21:0 111311
111282 103720 1:0 111402
111310 299 21:0 111327
111326 283 21:0 111327
111326 285 21:0 111330
111329 281 21:0 111334
111331 103718 1:0 111485
111333 56146 21:0 111351
111336 56809 1:0 111496
111336 56410 1:0 111496
111350 56160 21:0 111356
111351 56866 1:0 111496
111351 56641 1:0 111496
111355 103753 1:0 111355
111355 297 21:0 111356
111355 9 21:0 111356
111355 56032 21:0 111356
111355 55991 21:0 111356
111355 329 21:0 111356
111355 315 21:0 111356
111355 311 21:0 111356
111355 313 21:0 111356
111355 309 21:0 111356
111355 56041 21:0 111356
111355 295 21:0 111356
111355 293 21:0 111356
111355 56155 21:0 111356
111355 291 21:0 111356
111355 279 21:0 111356
111355 273 21:0 111356
111355 275 21:0 111356
111355 277 21:0 111356
111355 56157 21:0 111356
111355 169 21:0 111356
111355 203 21:0 111356
111355 117 21:0 111356
111355 56103 21:0 111356
111355 201 21:0 111356
111355 153 21:0 111356
111355 255 21:0 111356
111355 43 21:0 111356
111355 63 21:0 111356
111355 56098 21:0 111356
111355 56089 21:0 111356
111355 81 21:0 111356
111355 56046 21:0 111356
111355 56043 21:0 111356
111355 171 21:0 111359
111357 255 1:0 111379
111358 165 21:0 111359
111358 261 21:0 111359
111358 149 21:0 111359
111358 131 21:0 111359
111358 259 21:0 111359
111358 97 21:0 111359
111358 287 21:0 111359
111358 77 21:0 111359
111358 103309 21:0 111359
111358 45 21:0 111359
111358 75 21:0 111359
111358 257 21:0 111359
111358 103606 21:0 111359
111358 129 21:0 111359
111358 41 21:0 111359
111358 289 21:0 111359
111358 56133 21:0 111359
111358 103474 21:0 111359
111358 219 21:0 111359
111358 103507 21:0 111359
111358 21 21:0 111359
111358 39 21:0 111359
111358 27 21:0 111359
111358 56164 21:0 111359
111358 167 21:0 111359
111358 113 21:0 111359
111358 103639 21:0 111359
111358 25 21:0 111359
111358 133 21:0 111359
111358 225 21:0 111359
111358 185 21:0 111359
111358 103705 21:0 111359
111358 243 21:0 111359
111358 103582 21:0 111359
111358 151 21:0 111359
111358 57 21:0 111359
111358 187 21:0 111359
111358 95 21:0 111359
111358 147 21:0 111359
111358 103615 21:0 111359
111358 103342 21:0 111359
111358 237 21:0 111359
111358 205 21:0 111359
111358 103573 21:0 111359
111360 257 1:0 111374
111360 261 1:0 111374
111360 259 1:0 111379
111360 237 1:0 111505
111360 103705 1:0 111510
111360 243 1:0 111510
111360 103615 1:0 111907
111360 103582 1:0 112038
111362 56178 21:0 111367
111364 103719 1:0 111493
111365 103717 1:0 111503
111365 56755 1:0 111505
111365 56296 1:0 111505
111365 56634 1:0 111505
111365 56274 1:0 111531
111365 56353 1:0 111531
111365 103452 1:0 111531
111365 103672 1:0 111641
111365 103562 1:0 112057
111365 161 1:0 112188
111365 56563 1:0 112188
111365 145 1:0 112299
111365 56589 1:0 112299
111365 56620 1:0 112316
111365 143 1:0 112316
111365 56646 1:0 112431
111365 127 1:0 112431
111365 125 1:0 112450
111365 56677 1:0 112450
111365 109 1:0 112558
111365 56703 1:0 112558
111366 265 21:0 111367
111373 56182 21:0 111376
111374 103687 1:0 111531
111374 103686 1:0 111616
111375 267 21:0 111376
111380 103685 1:0 111623
111382 56349 1:0 111636
111383 56185 21:0 111404
111385 103465 1:0 111627
111400 103511 1:0 111627
111403 263 21:0 111407
111406 271 21:0 111407
111406 56190 21:0 111407
111410 56203 21:0 111439
111413 103684 1:0 111634
111438 261 21:0 111442
111445 56212 21:0 111448
111447 259 21:0 111448
111455 56214 21:0 111458
111457 257 21:0 111458
111465 56217 21:0 111482
111481 255 21:0 111487
111486 56221 21:0 111487
111486 269 21:0 111487
111493 56235 21:0 111498
111495 103485 1:0 111636
111495 225 1:0 111636
111495 56328 1:0 111641
111495 219 1:0 111641
111495 56317 1:0 111641
111495 56299 1:0 111643
111495 56326 1:0 111645
111495 103333 1:0 111664
111495 56331 1:0 111664
111495 201 1:0 111767
111495 205 1:0 111767
111495 56385 1:0 111772
111495 56374 1:0 111772
111495 103639 1:0 111772
111495 203 1:0 111772
111495 56383 1:0 111776
111495 187 1:0 111898
111495 103606 1:0 111903
111495 103483 1:0 112431
111495 103450 1:0 112558
111495 56734 1:0 112581
111495 107 1:0 112581
111495 56760 1:0 112692
111495 91 1:0 112692
111495 89 1:0 112709
111495 103397 1:0 112709
111495 56791 1:0 112709
111495 73 1:0 112823
111495 56817 1:0 112823
111495 56848 1:0 112840
111495 71 1:0 112840
111495 55 1:0 112954
111495 56874 1:0 112954
111495 56905 1:0 112971
111495 53 1:0 112971
111495 56931 1:0 113083
111495 37 1:0 113083
111496 103654 1:0 111664
111496 103652 1:0 111747
111497 247 21:0 111498
111504 56239 21:0 111507
111505 103653 1:0 111755
111505 103538 1:0 111758
111505 103340 1:0 111758
111505 56406 1:0 111767
111505 103539 1:0 111767
111505 56356 1:0 111774
111506 249 21:0 111507
111511 103651 1:0 111765
111513 207 1:0 111772
111513 56388 1:0 111795
111513 56440 1:0 111903
111513 189 1:0 111903
111513 185 1:0 111903
111513 56442 1:0 111907
111513 167 1:0 112029
111514 56242 21:0 111535
111532 103621 1:0 111795
111534 245 21:0 111538
111537 56247 21:0 111538
111537 253 21:0 111538
111541 56260 21:0 111570
111544 103502 1:0 111795
111544 56463 1:0 111898
111544 56431 1:0 111903
111569 103696 1:0 111569
111569 243 21:0 111573
111576 56269 21:0 111579
111578 241 21:0 111579
111586 56271 21:0 111589
111588 239 21:0 111589
111596 103695 1:0 111596
111596 56274 21:0 111613
111612 237 21:0 111618
111617 56278 21:0 111618
111617 251 21:0 111618
111624 56292 21:0 111629
111626 103619 1:0 111878
111627 103620 1:0 111886
111627 103506 1:0 111889
111627 103550 1:0 111889
111627 103518 1:0 111898
111627 56413 1:0 111905
111628 103683 1:0 111628
111628 229 21:0 111629
111635 56296 21:0 111638
111636 103618 1:0 111896
111636 103588 1:0 111926
111637 231 21:0 111638
111639 103320 1:0 111926
111642 56445 1:0 111926
111642 169 1:0 112034
111645 103682 1:0 111645
111645 56299 21:0 111666
111647 103586 1:0 112009
111650 103676 1:0 111650
111662 103386 1:0 112020
111665 103671 1:0 111665
111665 227 21:0 111669
111668 56304 21:0 111669
111668 235 21:0 111669
111672 56317 21:0 111701
111674 103670 1:0 111674
111674 103669 1:0 111674
111674 103667 1:0 111674
111675 103587 1:0 112017
111700 103663 1:0 111700
111700 225 21:0 111704
111707 56326 21:0 111710
111709 223 21:0 111710
111717 56328 21:0 111720
111719 221 21:0 111720
111727 103662 1:0 111727
111727 56331 21:0 111744
111732 103656 1:0 111732
111743 219 21:0 111749
111748 56335 21:0 111749
111748 233 21:0 111749
111755 56349 21:0 111760
111757 103530 1:0 112020
111757 56467 1:0 112026
111757 103504 1:0 112029
111757 165 1:0 112029
111757 103573 1:0 112034
111757 171 1:0 112034
111757 56488 1:0 112034
111757 56499 1:0 112034
111757 56470 1:0 112036
111757 56497 1:0 112038
111757 151 1:0 112160
111757 103507 1:0 112291
111757 103474 1:0 112427
111757 103441 1:0 112558
111758 103585 1:0 112027
111758 103555 1:0 112057
111759 103650 1:0 111759
111759 211 21:0 111760
111766 56353 21:0 111769
111767 56502 1:0 112057
111767 103419 1:0 112057
111767 103553 1:0 112140
111767 103498 1:0 112151
111767 103524 1:0 112151
111767 147 1:0 112160
111767 149 1:0 112165
111767 56554 1:0 112165
111767 153 1:0 112165
111767 56556 1:0 112188
111767 133 1:0 112288
111768 213 21:0 111769
111773 103554 1:0 112148
111775 103537 1:0 112160
111776 103649 1:0 111776
111776 56356 21:0 111797
111778 103331 1:0 112971
111781 103643 1:0 111781
111794 103552 1:0 112158
111795 56962 1:0 113102
111795 35 1:0 113102
111796 103638 1:0 111796
111796 209 21:0 111800
111799 217 21:0 111800
111799 56361 21:0 111800
111803 56374 21:0 111832
111805 103634 1:0 111805
111805 103636 1:0 111805
111805 103637 1:0 111805
111806 56577 1:0 112160
111806 56545 1:0 112165
111806 56527 1:0 112167
111806 56559 1:0 112183
111806 131 1:0 112299
111806 129 1:0 112299
111806 56613 1:0 112299
111806 56616 1:0 112299
111806 56611 1:0 112299
111806 113 1:0 112427
111806 19 1:0 113211
111806 56988 1:0 113211
111806 103285 1:0 113222
111806 17 1:0 113299
111806 57019 1:0 113302
111806 103265 1:0 113304
111831 103630 1:0 111831
111831 207 21:0 111835
111838 56383 21:0 111841
111840 205 21:0 111841
111848 56385 21:0 111851
111850 203 21:0 111851
111858 103629 1:0 111858
111858 56388 21:0 111875
111863 103623 1:0 111863
111874 201 21:0 111880
111879 215 21:0 111880
111879 56392 21:0 111880
111886 56406 21:0 111891
111888 103522 1:0 112188
111889 103531 1:0 112188
111889 103521 1:0 112271
111889 103517 1:0 112282
111889 103484 1:0 112282
111889 56581 1:0 112288
111890 103617 1:0 111890
111890 193 21:0 111891
111897 56410 21:0 111900
111898 103520 1:0 112278
111898 103519 1:0 112289
111899 195 21:0 111900
111901 103505 1:0 112291
111904 56584 1:0 112298
111907 103616 1:0 111907
111907 56413 21:0 111928
111909 103489 1:0 112316
111912 103610 1:0 111912
111924 103497 1:0 112316
111925 56602 1:0 112316
111925 103332 1:0 112413
111925 117 1:0 112427
111925 56668 1:0 112427
111925 56673 1:0 112431
111925 56670 1:0 112431
111927 103605 1:0 111927
111927 191 21:0 111931
111930 199 21:0 111931
111930 56418 21:0 111931
111934 56431 21:0 111963
111936 103601 1:0 111936
111936 103603 1:0 111936
111936 103604 1:0 111936
111937 103469 1:0 112413
111962 103597 1:0 111962
111962 189 21:0 111966
111969 56440 21:0 111972
111979 56442 21:0 111982
111989 103596 1:0 111989
111989 56445 21:0 112006
111994 103590 1:0 111994
112005 56449 21:0 112006
112017 56463 21:0 112022
112019 103487 1:0 112402
112020 103488 1:0 112410
112020 103486 1:0 112420
112021 103584 1:0 112021
112028 56467 21:0 112031
112029 56638 1:0 112419
112029 103365 1:0 112422
112029 103456 1:0 112450
112029 56691 1:0 112450
112029 103472 1:0 112450
112029 56659 1:0 112450
112029 56716 1:0 112558
112029 95 1:0 112558
112029 56725 1:0 112558
112035 103454 1:0 112533
112038 103583 1:0 112038
112038 56470 21:0 112059
112043 103577 1:0 112043
112056 103455 1:0 112541
112058 103572 1:0 112058
112058 56475 21:0 112059
112065 56488 21:0 112094
112067 103568 1:0 112067
112067 103570 1:0 112067
112067 103571 1:0 112067
112068 103425 1:0 112544
112068 56748 1:0 112553
112093 103564 1:0 112093
112100 56497 21:0 112103
112110 56499 21:0 112113
112120 103563 1:0 112120
112120 56502 21:0 112137
112125 103557 1:0 112125
112136 56506 21:0 112137
112148 56520 21:0 112153
112150 103431 1:0 112544
112150 103436 1:0 112553
112150 103432 1:0 112581
112151 103453 1:0 112551
112151 103423 1:0 112581
112152 103551 1:0 112152
112159 56524 21:0 112162
112160 97 1:0 112558
112160 56698 1:0 112560
112160 56730 1:0 112576
112160 56727 1:0 112581
112160 103422 1:0 112664
112160 103418 1:0 112675
112160 103366 1:0 112675
112160 56752 1:0 112681
112160 77 1:0 112684
112160 75 1:0 112684
112160 56782 1:0 112692
112160 56784 1:0 112692
112160 79 1:0 112692
112160 56839 1:0 112823
112166 103421 1:0 112671
112169 56527 21:0 112190
112174 103544 1:0 112174
112187 103420 1:0 112682
112189 56532 21:0 112190
112196 56545 21:0 112225
112198 103535 1:0 112198
112199 103398 1:0 112684
112199 81 1:0 112692
112199 56787 1:0 112692
112199 56773 1:0 112709
112231 56554 21:0 112234
112241 56556 21:0 112244
112251 56559 21:0 112268
112267 56563 21:0 112268
112279 56577 21:0 112284
112281 103390 1:0 112709
112282 56805 1:0 112709
112282 103392 1:0 112709
112282 103388 1:0 112795
112282 103326 1:0 112806
112290 56581 21:0 112293
112291 103389 1:0 112803
112291 103372 1:0 112806
112294 103387 1:0 112813
112297 56862 1:0 112815
112297 103341 1:0 112815
112297 57 1:0 112815
112297 63 1:0 112823
112297 56830 1:0 112823
112297 56841 1:0 112823
112297 103293 1:0 112840
112297 103342 1:0 112946
112297 41 1:0 112946
112297 56898 1:0 112954
112300 56584 21:0 112321
112318 103357 1:0 112840
112320 56589 21:0 112321
112327 56602 21:0 112356
112330 56812 1:0 112822
112330 56844 1:0 112840
112330 39 1:0 112946
112330 56919 1:0 112946
112330 43 1:0 112954
112330 56896 1:0 112954
112330 25 1:0 113077
112362 56611 21:0 112365
112372 56613 21:0 112375
112382 56616 21:0 112399
112387 103491 1:0 112387
112398 56620 21:0 112399
112410 56634 21:0 112415
112412 103356 1:0 112926
112413 103355 1:0 112933
112413 103307 1:0 112937
112413 103299 1:0 112937
112413 103306 1:0 112946
112421 56638 21:0 112424
112422 103354 1:0 112944
112422 103324 1:0 112971
112425 45 1:0 112954
112425 56887 1:0 112954
112425 56901 1:0 112971
112425 27 1:0 113077
112428 56869 1:0 112953
112428 103304 1:0 112971
112431 56641 21:0 112452
112436 103478 1:0 112436
112448 103323 1:0 113057
112449 103313 1:0 113068
112449 56923 1:0 113074
112451 103473 1:0 112451
112451 56646 21:0 112452
112458 56659 21:0 112487
112460 103471 1:0 112460
112461 103308 1:0 113068
112461 21 1:0 113083
112461 56955 1:0 113085
112461 56953 1:0 113085
112461 56944 1:0 113085
112461 103309 1:0 113085
112493 56668 21:0 112496
112503 56670 21:0 112506
112513 103464 1:0 112513
112513 56673 21:0 112530
112518 103458 1:0 112518
112529 56677 21:0 112530
112541 56691 21:0 112546
112543 103322 1:0 113064
112544 103321 1:0 113075
112544 103300 1:0 113077
112544 56926 1:0 113084
112544 103319 1:0 113085
112544 56958 1:0 113102
112544 9 1:0 113211
112544 57001 1:0 113211
112544 57010 1:0 113230
112544 7 1:0 113233
112544 103276 1:0 113236
112544 5 1:0 113282
112552 56695 21:0 112555
112553 103291 1:0 113102
112553 103289 1:0 113188
112561 103290 1:0 113196
112562 103451 1:0 112562
112562 56698 21:0 112583
112564 364 1:0 113199
112567 103445 1:0 112567
112579 103287 1:0 113199
112580 56980 1:0 113205
112580 103280 1:0 113208
112582 103440 1:0 112582
112582 56703 21:0 112583
112589 56716 21:0 112618
112591 103439 1:0 112591
112591 103438 1:0 112591
112592 56983 1:0 113211
112592 57012 1:0 113287
112592 3 1:0 113290
112592 57015 1:0 113297
112624 56725 21:0 112627
112634 56727 21:0 112637
112644 56730 21:0 112661
112660 56734 21:0 112661
112672 56748 21:0 112677
112674 103288 1:0 113206
112675 103286 1:0 113211
112675 103274 1:0 113211
112675 103275 1:0 113236
112675 103273 1:0 113236
112675 103271 1:0 113236
112675 103267 1:0 113271
112675 363 1:0 113290
112683 56752 21:0 112686
112684 103266 1:0 113298
112693 56755 21:0 112714
112698 103412 1:0 112698
112713 103407 1:0 112713
112713 56760 21:0 112714
112720 56773 21:0 112749
112722 103403 1:0 112722
112722 103405 1:0 112722
112722 103406 1:0 112722
112748 103399 1:0 112748
112755 56782 21:0 112758
112765 56784 21:0 112768
112775 56787 21:0 112792
112791 56791 21:0 112792
112803 56805 21:0 112808
112814 56809 21:0 112817
112824 103385 1:0 112824
112824 56812 21:0 112845
112829 103379 1:0 112829
112844 103374 1:0 112844
112844 56817 21:0 112845
112851 56830 21:0 112880
112853 103370 1:0 112853
112853 103373 1:0 112853
112886 56839 21:0 112889
112896 56841 21:0 112899
112906 56844 21:0 112923
112911 103359 1:0 112911
112922 56848 21:0 112923
112934 56862 21:0 112939
112938 103353 1:0 112938
112945 56866 21:0 112948
112955 103352 1:0 112955
112955 56869 21:0 112976
112960 103346 1:0 112960
112975 56874 21:0 112976
112982 56887 21:0 113011
112984 103337 1:0 112984
112984 103339 1:0 112984
113017 56896 21:0 113020
113027 56898 21:0 113030
113037 56901 21:0 113054
113053 56905 21:0 113054
113065 56919 21:0 113070
113076 56923 21:0 113079
113086 56926 21:0 113107
113106 56931 21:0 113107
113113 56944 21:0 113142
113148 56953 21:0 113151
113158 56955 21:0 113161
113168 56958 21:0 113185
113184 56962 21:0 113185
113196 56976 21:0 113201
113207 56980 21:0 113210
113217 56983 21:0 113238
113237 56988 21:0 113238
113244 57001 21:0 113273
113279 57010 21:0 113282
113289 57012 21:0 113292
113299 57015 21:0 113316
113315 57019 21:0 113316
113325 104916 21:0 113326
113326 104917 21:0 113337
113336 17 21:0 113337
113336 3 21:0 113337
113337 104918 21:0 113365
113364 7 21:0 113365
113364 5 21:0 113365
113365 104924 21:0 113381
113380 19 21:0 113381
113380 104925 21:0 113381
113380 104936 21:0 113381
113380 104926 21:0 113381
113380 104927 21:0 113381
113380 9 21:0 113381
113383 104939 21:0 113391
113390 104940 21:0 113441
113440 104941 21:0 113457
113456 104942 21:0 113462
113461 104972 21:0 113481
113480 104974 21:0 113533
113532 104973 21:0 113538
113537 104975 21:0 113543
113538 105004 21:0 113538
113542 105005 21:0 113598
113554 105016 21:0 113554
113565 105017 21:0 113565
113593 105024 21:0 113593
113597 105006 21:0 113614
113613 105007 21:0 113619
113618 105008 21:0 113669
113621 105030 21:0 113621
113630 105049 21:0 113630
113641 105050 21:0 113641
113668 105038 21:0 113685
113669 105056 21:0 113669
113669 105057 21:0 113669
113669 105054 21:0 113669
113676 105043 21:0 113676
113682 105069 21:0 113682
113684 105040 21:0 113690
113689 105039 21:0 113709
113697 105063 21:0 113697
113706 105082 21:0 113706
113708 105041 21:0 113761
113745 105087 21:0 113745
113750 105091 21:0 113750
113752 105076 21:0 113752
113758 105102 21:0 113758
113760 105071 21:0 113766
113765 105073 21:0 113771
113766 105103 21:0 113766
113770 105072 21:0 113826
113773 105096 21:0 113773
113782 105115 21:0 113782
113793 105116 21:0 113793
113821 105122 21:0 113821
113821 105120 21:0 113821
113825 105074 21:0 113842
113826 105124 21:0 113826
113828 105109 21:0 113828
113834 105135 21:0 113834
113841 105104 21:0 113847
113842 105136 21:0 113842
113846 105105 21:0 113897
113858 105148 21:0 113858
113896 105106 21:0 113913
113897 105156 21:0 113897
113897 105155 21:0 113897
113897 105153 21:0 113897
113902 105157 21:0 113902
113904 105142 21:0 113904
113912 105107 21:0 113918
113917 105137 21:0 113937
113918 105169 21:0 113918
113934 105181 21:0 113934
113936 105138 21:0 113989
113973 105188 21:0 113973
113973 105186 21:0 113973
113978 105190 21:0 113978
113986 105201 21:0 113986
113988 105139 21:0 113994
113993 105140 21:0 113999
113994 105202 21:0 113994
113998 105170 21:0 114049
114001 105195 21:0 114001
114021 105215 21:0 114021
114048 105172 21:0 114065
114049 105222 21:0 114049
114049 105221 21:0 114049
114049 105219 21:0 114049
114054 105223 21:0 114054
114056 105208 21:0 114056
114062 105234 21:0 114062
114064 105171 21:0 114075
114070 105235 21:0 114070
114074 105173 21:0 114125
114077 105228 21:0 114077
114086 105247 21:0 114086
114097 105248 21:0 114097
114124 189 1:0 114126
114124 105203 21:0 114141
114125 105252 21:0 114125
114125 105255 21:0 114125
114125 105254 21:0 114125
114126 191 1:0 114137
114130 105256 21:0 114130
114132 105241 21:0 114132
114133 199 1:0 114136
114138 105267 21:0 114138
114140 195 1:0 114142
114140 105205 21:0 114146
114145 193 1:0 114147
114145 105204 21:0 114165
114146 105268 21:0 114146
114150 201 1:0 114161
114153 105261 21:0 114153
114160 215 1:0 114160
114162 105280 21:0 114162
114164 203 1:0 114165
114164 105206 21:0 114217
114168 205 1:0 114169
114173 105281 21:0 114173
114200 207 1:0 114202
114201 105285 21:0 114201
114201 105288 21:0 114201
114205 209 1:0 114213
114206 105289 21:0 114206
114208 105274 21:0 114208
114212 217 1:0 114212
114216 213 1:0 114218
114216 105236 21:0 114222
114221 211 1:0 114223
114221 105237 21:0 114227
114222 105301 21:0 114222
114226 219 1:0 114237
114226 105238 21:0 114277
114229 105294 21:0 114229
114236 233 1:0 114236
114238 105313 21:0 114238
114240 221 1:0 114241
114244 223 1:0 114245
114249 105314 21:0 114249
114276 225 1:0 114278
114276 105239 21:0 114293
114277 105320 21:0 114277
114277 105321 21:0 114277
114277 105318 21:0 114277
114281 227 1:0 114289
114282 105322 21:0 114282
114284 105307 21:0 114284
114288 235 1:0 114288
114292 231 1:0 114294
114292 105269 21:0 114303
114297 229 1:0 114299
114298 105334 21:0 114298
114302 237 1:0 114313
114302 105270 21:0 114353
114312 251 1:0 114312
114314 105346 21:0 114314
114316 239 1:0 114317
114320 241 1:0 114321
114325 105347 21:0 114325
114352 243 1:0 114354
114352 105271 21:0 114369
114353 105353 21:0 114353
114353 105351 21:0 114353
114353 105354 21:0 114353
114357 245 1:0 114365
114358 105355 21:0 114358
114360 105340 21:0 114360
114364 253 1:0 114364
114366 105366 21:0 114366
114368 249 1:0 114370
114368 105272 21:0 114374
114373 247 1:0 114375
114373 105302 21:0 114393
114374 105367 21:0 114374
114378 255 1:0 114389
114388 269 1:0 114388
114392 257 1:0 114393
114392 105303 21:0 114445
114396 259 1:0 114397
114428 261 1:0 114430
114433 263 1:0 114441
114440 271 1:0 114440
114444 267 1:0 114446
114444 105304 21:0 114450
114449 265 1:0 114451
114449 105305 21:0 114455
114454 104937 21:0 114455
114454 273 1:0 114465
114454 364 21:0 114469
114455 105404 21:0 114455
114464 287 1:0 114464
114468 275 1:0 114469
114468 104922 21:0 114505
114472 277 1:0 114473
114504 279 1:0 114506
114504 105335 21:0 114521
114509 281 1:0 114517
114516 289 1:0 114516
114520 285 1:0 114522
114520 105336 21:0 114526
114523 105434 21:0 114523
114525 283 1:0 114527
114525 105337 21:0 114545
114528 105435 21:0 114528
114528 105436 21:0 114528
114530 291 1:0 114541
114531 105437 21:0 114531
114540 305 1:0 114540
114544 293 1:0 114545
114544 105338 21:0 114597
114548 295 1:0 114549
114580 297 1:0 114582
114585 299 1:0 114593
114592 307 1:0 114592
114596 303 1:0 114598
114596 105368 21:0 114602
114599 105467 21:0 114599
114601 301 1:0 114603
114601 105369 21:0 114607
114604 105468 21:0 114604
114604 105469 21:0 114604
114606 309 1:0 114617
114606 105370 21:0 114657
114607 105470 21:0 114607
114616 323 1:0 114616
114620 311 1:0 114621
114624 313 1:0 114625
114656 315 1:0 114658
114656 104938 21:0 114673
114661 317 1:0 114669
114668 325 1:0 114668
114672 104944 21:0 114673
114672 104931 21:0 114673
114672 321 1:0 114674
114672 104957 21:0 114675
114674 104958 21:0 114678
114675 105500 21:0 114675
114677 104970 21:0 114678
114677 104955 21:0 114678
114677 319 1:0 114679
114677 104951 21:0 114683
114682 104964 21:0 114683
114682 104959 21:0 114683
114682 329 1:0 114694
114682 87 21:0 114698
114691 327 1:0 114691
114697 149 21:0 114698
114697 115 21:0 114698
114697 105059 21:0 114698
114697 185 21:0 114698
114697 243 21:0 114698
114697 105092 21:0 114698
114697 261 21:0 114698
114697 77 21:0 114698
114697 55381 1:0 114700
114697 151 21:0 114703
114702 107 21:0 114703
114702 109 21:0 114703
114702 73 21:0 114703
114702 233 21:0 114703
114702 105279 21:0 114703
114702 105411 21:0 114703
114702 105398 21:0 114703
114702 105365 21:0 114703
114702 105167 21:0 114703
114702 105035 21:0 114703
114702 105312 21:0 114703
114702 105068 21:0 114703
114702 105081 21:0 114703
114702 104969 21:0 114703
114702 104949 21:0 114703
114703 105513 21:0 114713
114712 55991 1:0 114714
114712 104950 21:0 114736
114719 55995 1:0 114719
114735 104992 21:0 114736
114735 104971 21:0 114736
114735 104977 21:0 114739
114738 105003 21:0 114739
114738 104991 21:0 114739
114738 56007 1:0 114740
114738 104990 21:0 114747
114746 104988 21:0 114747
114746 104997 21:0 114747
114746 104984 21:0 114750
114749 104983 21:0 114750
114749 363 21:0 114750
114749 56011 1:0 114751
114749 105371 21:0 114759
114753 105500 1:0 114753
114758 56014 1:0 114761
114758 105401 21:0 114819
114766 56019 1:0 114766
114786 56032 1:0 114788
114818 105403 21:0 114867
114821 56041 1:0 114823
114830 56043 1:0 114833
114840 56046 1:0 114843
114848 56050 1:0 114848
114866 105470 1:0 114866
114866 105402 21:0 114870
114869 56046 21:0 114870
114869 56043 21:0 114870
114869 56032 21:0 114870
114869 56041 21:0 114870
114869 55381 21:0 114870
114869 56064 1:0 114871
114869 105125 21:0 114872
114871 105191 21:0 114873
114872 56050 21:0 114873
114872 105515 21:0 114873
114872 105266 21:0 114873
114872 56019 21:0 114873
114873 105468 1:0 114873
114873 56064 21:0 114878
114874 105469 1:0 114874
114877 319 21:0 114878
114877 56011 21:0 114878
114877 56014 21:0 114878
114877 56007 21:0 114878
114877 321 21:0 114879
114878 317 21:0 114881
114880 105257 21:0 114881
114880 329 21:0 114881
114880 61 21:0 114881
114880 105356 21:0 114881
114880 239 21:0 114881
114880 275 21:0 114881
114880 315 21:0 114881
114880 301 21:0 114881
114880 313 21:0 114881
114880 105123 21:0 114881
114880 55991 21:0 114881
114880 311 21:0 114881
114880 213 21:0 114881
114880 56068 1:0 114882
114880 105158 21:0 114884
114883 235 21:0 114884
114883 323 21:0 114884
114883 105147 21:0 114884
114883 105444 21:0 114884
114883 105213 21:0 114884
114883 105015 21:0 114884
114883 105134 21:0 114884
114883 105002 21:0 114884
114883 105299 21:0 114884
114883 105200 21:0 114884
114883 105246 21:0 114884
114883 104982 21:0 114884
114883 105048 21:0 114884
114883 105233 21:0 114884
114883 105431 21:0 114884
114883 105114 21:0 114884
114883 105180 21:0 114884
114883 105332 21:0 114884
114883 253 21:0 114884
114883 105378 21:0 114884
114883 105345 21:0 114884
114883 55995 21:0 114884
114883 125 21:0 114884
114883 327 21:0 114884
114883 89 21:0 114884
114883 325 21:0 114884
114883 105101 21:0 114884
114884 105467 1:0 114884
114884 56068 21:0 114887
114886 105287 21:0 114887
114886 303 21:0 114887
114886 105162 21:0 114890
114889 47 21:0 114890
114889 273 21:0 114890
114889 309 21:0 114890
114889 187 21:0 114890
114889 221 21:0 114890
114889 105090 21:0 114890
114889 105089 21:0 114890
114889 56071 1:0 114892
114889 25 21:0 114894
114893 35 21:0 114894
114893 105464 21:0 114894
114893 305 21:0 114894
114893 55 21:0 114894
114893 127 21:0 114894
114893 53 21:0 114894
114893 91 21:0 114894
114893 269 21:0 114894
114893 217 21:0 114894
114893 197 21:0 114894
114893 215 21:0 114894
114893 181 21:0 114894
114893 71 21:0 114894
114893 145 21:0 114894
114893 287 21:0 114894
114893 271 21:0 114894
114893 143 21:0 114894
114893 37 21:0 114894
114893 179 21:0 114894
114893 199 21:0 114894
114893 163 21:0 114894
114893 251 21:0 114894
114893 161 21:0 114894
114893 289 21:0 114894
114894 56071 21:0 114915
114897 56076 1:0 114897
114899 105464 1:0 114899
114914 299 21:0 114918
114917 56089 1:0 114919
114917 105149 21:0 114953
114952 56098 1:0 114954
114952 105189 21:0 114969
114961 56100 1:0 114964
114968 105021 21:0 114977
114971 56103 1:0 114974
114976 305 1:0 114976
114976 105037 21:0 114998
114979 56107 1:0 114979
114981 105444 1:0 114981
114997 105437 1:0 114997
114997 105058 21:0 114998
114997 105168 21:0 114998
114997 105214 21:0 115001
115000 377 21:0 115001
115000 105129 21:0 115001
115000 105175 21:0 115001
115000 56100 21:0 115001
115000 56121 1:0 115002
115000 105323 21:0 115004
115003 56076 21:0 115004
115003 56107 21:0 115004
115003 307 21:0 115004
115003 305 21:0 115004
115004 105435 1:0 115004
115004 56121 21:0 115009
115005 105436 1:0 115005
115008 105333 21:0 115009
115008 283 21:0 115009
115008 105023 21:0 115012
115011 295 21:0 115012
115011 105036 21:0 115012
115011 297 21:0 115012
115011 105300 21:0 115012
115011 101 21:0 115012
115011 56089 21:0 115012
115011 56098 21:0 115012
115011 56103 21:0 115012
115011 56125 1:0 115013
115011 105422 21:0 115015
115015 105434 1:0 115015
115015 56125 21:0 115018
115016 105422 1:0 115021
115016 56128 1:0 115023
115016 289 1:0 115024
115016 273 1:0 115024
115016 56157 1:0 115024
115016 275 1:0 115024
115016 56160 1:0 115024
115016 377 1:0 115024
115016 56133 1:0 115024
115016 105431 1:0 115024
115016 56155 1:0 115024
115016 56146 1:0 115041
115016 56164 1:0 115041
115016 105411 1:0 115041
115016 287 1:0 115041
115016 105402 1:0 115127
115016 56178 1:0 115133
115016 56182 1:0 115144
115016 261 1:0 115152
115016 105398 1:0 115156
115016 271 1:0 115156
115016 56190 1:0 115156
115016 269 1:0 115173
115016 56221 1:0 115173
115016 105378 1:0 115175
115016 105356 1:0 115283
115016 105365 1:0 115287
115016 253 1:0 115287
115016 56247 1:0 115287
115016 105345 1:0 115305
115016 56278 1:0 115305
115016 251 1:0 115305
115016 105332 1:0 115414
115016 56304 1:0 115414
115016 235 1:0 115414
115016 105323 1:0 115414
115016 105312 1:0 115437
115016 56335 1:0 115437
115016 233 1:0 115437
115016 217 1:0 115549
115016 56361 1:0 115549
115016 105299 1:0 115549
115016 215 1:0 115566
115016 56392 1:0 115566
115016 105279 1:0 115568
115016 199 1:0 115679
115016 56418 1:0 115679
115016 105266 1:0 115679
115016 105246 1:0 115696
115016 56449 1:0 115696
115016 197 1:0 115696
115016 181 1:0 115808
115016 56475 1:0 115808
115016 105233 1:0 115808
115016 56506 1:0 115827
115016 105213 1:0 115827
115016 179 1:0 115827
115016 163 1:0 115940
115016 56532 1:0 115943
115016 105200 1:0 115943
115016 105180 1:0 115958
115016 56563 1:0 115958
115016 161 1:0 115958
115016 145 1:0 116073
115016 56589 1:0 116073
115016 105167 1:0 116073
115016 143 1:0 116092
115016 56620 1:0 116092
115016 105147 1:0 116092
115016 127 1:0 116204
115016 105134 1:0 116204
115016 56646 1:0 116204
115016 56677 1:0 116221
115016 125 1:0 116221
115016 105114 1:0 116223
115016 105101 1:0 116332
115016 109 1:0 116332
115016 56703 1:0 116334
115017 105025 21:0 115018
115017 105182 21:0 115018
115017 105327 21:0 115021
115020 105083 21:0 115021
115020 95 21:0 115021
115020 293 21:0 115021
115020 291 21:0 115021
115020 105010 21:0 115021
115020 165 21:0 115021
115020 257 21:0 115025
115022 105403 1:0 115135
115022 105401 1:0 115145
115022 105010 1:0 115147
115024 56734 1:0 116351
115024 107 1:0 116351
115024 91 1:0 116466
115024 56760 1:0 116467
115025 56128 21:0 115046
115026 257 1:0 115152
115043 105371 1:0 115175
115045 105070 21:0 115049
115048 285 21:0 115084
115050 105070 1:0 115138
115055 56217 1:0 115152
115055 56214 1:0 115152
115055 56185 1:0 115154
115055 56212 1:0 115156
115055 105083 1:0 115175
115055 56203 1:0 115175
115055 56271 1:0 115283
115055 239 1:0 115283
115055 56269 1:0 115287
115055 105257 1:0 115679
115055 105081 1:0 116351
115083 281 21:0 115100
115099 159 21:0 115100
115099 65 21:0 115103
115102 103 21:0 115108
115104 105370 1:0 115258
115107 177 21:0 115129
115109 105327 1:0 115269
115128 105404 1:0 115128
115128 21 21:0 115129
115128 153 21:0 115129
115128 56146 21:0 115129
115128 129 21:0 115129
115128 56160 21:0 115129
115128 63 21:0 115129
115128 117 21:0 115129
115128 75 21:0 115129
115128 273 21:0 115129
115128 119 21:0 115129
115128 237 21:0 115129
115128 147 21:0 115129
115128 56155 21:0 115129
115128 39 21:0 115129
115128 219 21:0 115129
115128 279 21:0 115129
115128 111 21:0 115129
115128 277 21:0 115129
115128 56157 21:0 115129
115128 275 21:0 115129
115128 135 21:0 115132
115130 119 1:0 115138
115130 237 1:0 115278
115131 105290 21:0 115132
115131 104960 21:0 115132
115131 79 21:0 115132
115131 241 21:0 115132
115131 223 21:0 115132
115131 133 21:0 115132
115131 183 21:0 115132
115131 203 21:0 115132
115131 41 21:0 115132
115131 113 21:0 115132
115131 205 21:0 115132
115131 167 21:0 115132
115131 259 21:0 115132
115131 287 21:0 115132
115131 56164 21:0 115132
115131 56133 21:0 115132
115131 131 21:0 115132
115131 93 21:0 115132
115131 105026 21:0 115132
115131 104993 21:0 115132
115131 105389 21:0 115132
115131 105224 21:0 115132
115131 289 21:0 115132
115131 255 21:0 115132
115131 45 21:0 115132
115131 225 21:0 115132
115131 81 21:0 115132
115133 259 1:0 115147
115133 255 1:0 115147
115133 105389 1:0 115152
115133 241 1:0 115278
115133 223 1:0 115409
115133 105290 1:0 115545
115135 56178 21:0 115140
115137 105369 1:0 115265
115138 56235 1:0 115264
115138 177 1:0 115269
115138 56239 1:0 115275
115138 105368 1:0 115276
115138 105182 1:0 115278
115138 243 1:0 115283
115138 56242 1:0 115285
115138 56274 1:0 115287
115138 56260 1:0 115305
115138 225 1:0 115409
115139 265 21:0 115140
115146 56182 21:0 115149
115147 105025 1:0 115305
115147 105338 1:0 115305
115148 267 21:0 115149
115150 105337 1:0 115389
115153 103 1:0 115400
115156 56185 21:0 115177
115158 105336 1:0 115396
115164 105068 1:0 116467
115165 105048 1:0 116482
115173 56292 1:0 115395
115173 56296 1:0 115406
115174 105036 1:0 115400
115174 105300 1:0 115409
115175 56791 1:0 116482
115175 89 1:0 116482
115176 263 21:0 115180
115179 271 21:0 115180
115179 56190 21:0 115180
115183 56203 21:0 115212
115186 56328 1:0 115414
115186 219 1:0 115414
115186 56317 1:0 115414
115186 221 1:0 115414
115186 56299 1:0 115416
115186 56331 1:0 115432
115186 56326 1:0 115437
115186 56349 1:0 115526
115186 56383 1:0 115545
115186 56388 1:0 115549
115186 105224 1:0 115810
115186 73 1:0 116597
115186 56817 1:0 116597
115186 105035 1:0 116597
115211 261 21:0 115215
115218 56212 21:0 115221
115220 259 21:0 115221
115228 56214 21:0 115231
115230 257 21:0 115231
115238 56217 21:0 115255
115254 255 21:0 115260
115259 56221 21:0 115260
115259 269 21:0 115260
115266 56235 21:0 115271
115268 105335 1:0 115407
115269 105333 1:0 115417
115269 105305 1:0 115437
115269 105023 1:0 115531
115269 213 1:0 115531
115269 56353 1:0 115537
115270 105367 1:0 115270
115270 247 21:0 115271
115277 56239 21:0 115280
115278 105304 1:0 115520
115278 105303 1:0 115527
115279 249 21:0 115280
115284 105302 1:0 115538
115286 105175 1:0 115540
115287 105366 1:0 115287
115287 56242 21:0 115308
115289 105015 1:0 116615
115305 105272 1:0 115568
115306 56848 1:0 116615
115306 71 1:0 116615
115307 105355 1:0 115307
115307 245 21:0 115311
115310 56247 21:0 115311
115310 253 21:0 115311
115314 56260 21:0 115343
115316 105353 1:0 115316
115316 105351 1:0 115316
115316 105354 1:0 115316
115317 203 1:0 115545
115317 205 1:0 115545
115317 56356 1:0 115547
115317 56385 1:0 115549
115317 105287 1:0 115568
115317 56442 1:0 115679
115317 105191 1:0 115940
115317 56874 1:0 116728
115317 55 1:0 116728
115317 105002 1:0 116728
115342 105347 1:0 115342
115342 243 21:0 115346
115349 56269 21:0 115352
115351 241 21:0 115352
115359 56271 21:0 115362
115361 239 21:0 115362
115369 105346 1:0 115369
115369 56274 21:0 115386
115374 105340 1:0 115374
115385 237 21:0 115391
115390 56278 21:0 115391
115390 251 21:0 115391
115397 56292 21:0 115402
115399 56374 1:0 115568
115399 56406 1:0 115657
115399 105129 1:0 115662
115399 65 1:0 115662
115399 105214 1:0 115671
115399 183 1:0 115671
115399 185 1:0 115679
115399 56440 1:0 115679
115399 56431 1:0 115679
115399 187 1:0 115679
115399 167 1:0 115802
115400 105271 1:0 115651
115400 105270 1:0 115658
115401 105334 1:0 115401
115401 229 21:0 115402
115408 56296 21:0 115411
115409 56410 1:0 115668
115409 105269 1:0 115669
115409 56413 1:0 115678
115410 231 21:0 115411
115412 105239 1:0 115696
115415 56445 1:0 115696
115415 105168 1:0 115696
115415 105158 1:0 116069
115415 56905 1:0 116745
115415 53 1:0 116745
115415 104982 1:0 116747
115415 104969 1:0 116855
115415 56931 1:0 116855
115415 37 1:0 116855
115418 56299 21:0 115439
115435 105238 1:0 115782
115438 105322 1:0 115438
115438 227 21:0 115442
115441 56304 21:0 115442
115441 235 21:0 115442
115445 56317 21:0 115474
115447 105320 1:0 115447
115447 105321 1:0 115447
115447 105318 1:0 115447
115448 105237 1:0 115789
115473 105314 1:0 115473
115473 225 21:0 115477
115480 56326 21:0 115483
115482 223 21:0 115483
115490 56328 21:0 115493
115492 221 21:0 115493
115500 105313 1:0 115500
115500 56331 21:0 115517
115505 105307 1:0 115505
115516 219 21:0 115522
115521 233 21:0 115522
115521 56335 21:0 115522
115528 56349 21:0 115533
115530 56463 1:0 115788
115530 159 1:0 115793
115530 105058 1:0 115793
115530 56467 1:0 115799
115530 105037 1:0 115802
115531 105236 1:0 115800
115531 105206 1:0 115827
115532 105301 1:0 115532
115532 211 21:0 115533
115539 56353 21:0 115542
115540 56470 1:0 115809
115540 56502 1:0 115810
115540 165 1:0 115810
115540 56499 1:0 115810
115540 56497 1:0 115810
115540 105021 1:0 115827
115540 56488 1:0 115827
115540 105204 1:0 115913
115540 56520 1:0 115919
115540 101 1:0 115924
115540 105189 1:0 115924
115540 151 1:0 115943
115540 149 1:0 115948
115541 213 21:0 115542
115546 105205 1:0 115921
115548 153 1:0 115933
115548 147 1:0 115933
115548 56559 1:0 115955
115548 56545 1:0 115955
115549 56356 21:0 115570
115551 35 1:0 116876
115551 56962 1:0 116876
115554 105294 1:0 115554
115567 105203 1:0 115931
115568 104949 1:0 116878
115569 105289 1:0 115569
115569 209 21:0 115573
115572 56361 21:0 115573
115572 217 21:0 115573
115576 56374 21:0 115605
115578 105285 1:0 115578
115578 105288 1:0 115578
115579 56524 1:0 115930
115579 105149 1:0 115933
115579 56554 1:0 115955
115579 56556 1:0 115958
115579 131 1:0 116064
115579 56611 1:0 116069
115579 105125 1:0 116200
115579 19 1:0 116984
115579 56988 1:0 116984
115579 104936 1:0 116995
115604 105281 1:0 115604
115604 207 21:0 115608
115611 56383 21:0 115614
115613 205 21:0 115614
115621 56385 21:0 115624
115623 203 21:0 115624
115631 105280 1:0 115631
115631 56388 21:0 115648
115636 105274 1:0 115636
115647 201 21:0 115653
115652 215 21:0 115653
115652 56392 21:0 115653
115659 56406 21:0 115664
115661 105173 1:0 115958
115662 56527 1:0 115940
115662 105089 1:0 115958
115662 105171 1:0 116044
115662 56577 1:0 116050
115662 47 1:0 116055
115662 105090 1:0 116055
115663 105268 1:0 115663
115663 193 21:0 115664
115670 56410 21:0 115673
115671 105172 1:0 116052
115671 105170 1:0 116062
115672 195 21:0 115673
115674 56581 1:0 116061
115674 135 1:0 116064
115674 129 1:0 116069
115674 133 1:0 116069
115674 56602 1:0 116069
115674 56613 1:0 116073
115674 113 1:0 116195
115674 115 1:0 116200
115677 105162 1:0 116064
115677 56584 1:0 116071
115677 17 1:0 117072
115677 57019 1:0 117075
115680 105267 1:0 115680
115680 56413 21:0 115701
115685 105261 1:0 115685
115697 105140 1:0 116092
115698 56616 1:0 116092
115698 105123 1:0 116092
115698 56919 1:0 116186
115698 117 1:0 116195
115698 56668 1:0 116200
115698 56673 1:0 116200
115698 56670 1:0 116204
115698 105092 1:0 116334
115698 104916 1:0 117077
115700 105256 1:0 115700
115700 191 21:0 115704
115703 56418 21:0 115704
115703 199 21:0 115704
115707 56431 21:0 115736
115709 105252 1:0 115709
115709 105255 1:0 115709
115709 105254 1:0 115709
115710 56634 1:0 116181
115710 56748 1:0 116186
115710 87 1:0 116186
115735 105248 1:0 115735
115735 189 21:0 115739
115742 56440 21:0 115745
115752 56442 21:0 115755
115762 105247 1:0 115762
115762 56445 21:0 115779
115767 105241 1:0 115767
115778 56449 21:0 115779
115790 56463 21:0 115795
115792 105139 1:0 116175
115793 105138 1:0 116182
115793 56638 1:0 116192
115793 56698 1:0 116195
115793 56862 1:0 116195
115793 56641 1:0 116202
115793 56809 1:0 116223
115793 56691 1:0 116223
115794 105235 1:0 115794
115801 56467 21:0 115804
115802 105137 1:0 116193
115802 105107 1:0 116223
115805 111 1:0 116200
115805 56659 1:0 116223
115805 56727 1:0 116334
115805 56725 1:0 116334
115805 105059 1:0 116467
115808 56695 1:0 116323
115811 105234 1:0 115811
115811 56470 21:0 115832
115813 105106 1:0 116306
115816 105228 1:0 115816
115831 105223 1:0 115831
115831 56475 21:0 115832
115838 56488 21:0 115867
115840 105222 1:0 115840
115840 105221 1:0 115840
115840 105219 1:0 115840
115841 105105 1:0 116313
115866 105215 1:0 115866
115873 56497 21:0 115876
115883 56499 21:0 115886
115893 56502 21:0 115910
115898 105208 1:0 115898
115909 56506 21:0 115910
115921 56520 21:0 115926
115923 104983 1:0 116317
115923 104984 1:0 116317
115923 93 1:0 116326
115923 104988 1:0 116326
115923 95 1:0 116332
115923 56730 1:0 116334
115923 56716 1:0 116351
115923 56755 1:0 116351
115923 79 1:0 116465
115923 105026 1:0 116593
115924 105104 1:0 116324
115924 104997 1:0 116351
115924 104990 1:0 116448
115925 105202 1:0 115925
115932 56524 21:0 115935
115933 105074 1:0 116351
115933 105072 1:0 116437
115939 105073 1:0 116445
115941 104991 1:0 116448
115942 105201 1:0 115942
115942 56527 21:0 115963
115944 56752 1:0 116454
115944 75 1:0 116457
115944 81 1:0 116457
115944 56787 1:0 116479
115947 105195 1:0 115947
115962 105190 1:0 115962
115962 56532 21:0 115963
115969 56545 21:0 115998
115971 105188 1:0 115971
115971 105186 1:0 115971
115972 105071 1:0 116455
116004 56554 21:0 116007
116014 56556 21:0 116017
116024 105181 1:0 116024
116024 56559 21:0 116041
116040 56563 21:0 116041
116052 56577 21:0 116057
116054 105003 1:0 116457
116054 77 1:0 116472
116054 56784 1:0 116479
116054 56773 1:0 116479
116054 56782 1:0 116482
116054 104977 1:0 116482
116054 56805 1:0 116482
116054 56839 1:0 116593
116054 61 1:0 116593
116054 56841 1:0 116597
116054 56844 1:0 116597
116054 104993 1:0 116724
116055 105041 1:0 116482
116055 105039 1:0 116568
116056 105169 1:0 116056
116063 56581 21:0 116066
116064 105040 1:0 116576
116064 104971 1:0 116579
116064 104992 1:0 116579
116064 104950 1:0 116588
116064 56866 1:0 116588
116070 105038 1:0 116586
116073 56584 21:0 116094
116091 105008 1:0 116615
116093 105157 1:0 116093
116093 56589 21:0 116094
116100 56602 21:0 116129
116102 105156 1:0 116102
116102 105155 1:0 116102
116102 105153 1:0 116102
116103 63 1:0 116593
116103 56830 1:0 116615
116103 104964 1:0 116615
116103 45 1:0 116719
116135 56611 21:0 116138
116145 56613 21:0 116148
116155 105148 1:0 116155
116155 56616 21:0 116172
116160 105142 1:0 116160
116171 56620 21:0 116172
116183 56634 21:0 116188
116185 56812 1:0 116595
116185 104951 1:0 116710
116185 104959 1:0 116710
116185 56869 1:0 116719
116186 105007 1:0 116699
116186 105006 1:0 116706
116187 105136 1:0 116187
116194 56638 21:0 116197
116195 105005 1:0 116717
116195 104970 1:0 116719
116195 56896 1:0 116724
116195 41 1:0 116724
116195 56887 1:0 116724
116195 39 1:0 116724
116195 56898 1:0 116728
116195 104955 1:0 116747
116195 56901 1:0 116747
116195 56923 1:0 116747
116195 56926 1:0 116850
116195 104960 1:0 116855
116201 104975 1:0 116747
116204 105135 1:0 116204
116204 56641 21:0 116225
116222 104973 1:0 116830
116224 105124 1:0 116224
116224 56646 21:0 116225
116231 56659 21:0 116260
116233 105122 1:0 116233
116233 105120 1:0 116233
116234 104958 1:0 116841
116234 21 1:0 116855
116234 56958 1:0 116855
116234 25 1:0 116855
116234 56955 1:0 116855
116234 56953 1:0 116878
116259 105116 1:0 116259
116266 56668 21:0 116269
116276 56670 21:0 116279
116286 105115 1:0 116286
116286 56673 21:0 116303
116291 105109 1:0 116291
116302 56677 21:0 116303
116314 56691 21:0 116319
116316 104974 1:0 116838
116317 104957 1:0 116841
116317 104972 1:0 116848
116317 104944 1:0 116850
116317 56944 1:0 116873
116317 56976 1:0 116878
116317 104927 1:0 117012
116317 7 1:0 117012
116317 57001 1:0 117012
116317 57010 1:0 117050
116318 105103 1:0 116318
116325 56695 21:0 116328
116326 104931 1:0 116878
116326 104942 1:0 116878
116332 104941 1:0 116961
116335 105102 1:0 116335
116335 56698 21:0 116356
116337 104940 1:0 116968
116340 105096 1:0 116340
116352 104922 1:0 116972
116353 104938 1:0 116972
116353 56980 1:0 116978
116355 105091 1:0 116355
116355 56703 21:0 116356
116362 56716 21:0 116391
116364 105087 1:0 116364
116365 364 1:0 116981
116365 56983 1:0 116984
116397 56725 21:0 116400
116407 56727 21:0 116410
116417 105082 1:0 116417
116417 56730 21:0 116434
116422 105076 1:0 116422
116433 56734 21:0 116434
116445 56748 21:0 116450
116447 104939 1:0 116979
116448 104937 1:0 116984
116448 104925 1:0 116984
116448 104926 1:0 117009
116448 9 1:0 117011
116448 104918 1:0 117012
116448 104924 1:0 117012
116448 5 1:0 117055
116448 57012 1:0 117060
116448 3 1:0 117063
116448 104917 1:0 117063
116448 57015 1:0 117070
116448 189 1:0 117899
116456 56752 21:0 116459
116457 365 1:0 117090
116466 105069 1:0 116466
116466 56755 21:0 116487
116471 105063 1:0 116471
116486 56760 21:0 116487
116493 56773 21:0 116522
116495 105056 1:0 116495
116495 105057 1:0 116495
116495 105054 1:0 116495
116521 105050 1:0 116521
116528 56782 21:0 116531
116538 56784 21:0 116541
116548 105049 1:0 116548
116548 56787 21:0 116565
116553 105043 1:0 116553
116564 56791 21:0 116565
116576 56805 21:0 116581
116587 56809 21:0 116590
116597 56812 21:0 116618
116602 105030 1:0 116602
116617 56817 21:0 116618
116624 56830 21:0 116653
116626 105024 1:0 116626
116652 105017 1:0 116652
116659 56839 21:0 116662
116669 56841 21:0 116672
116679 105016 1:0 116679
116679 56844 21:0 116696
116695 56848 21:0 116696
116707 56862 21:0 116712
116711 105004 1:0 116711
116718 56866 21:0 116721
116728 56869 21:0 116749
116748 56874 21:0 116749
116755 56887 21:0 116784
116790 56896 21:0 116793
116800 56898 21:0 116803
116810 56901 21:0 116827
116826 56905 21:0 116827
116838 56919 21:0 116843
116849 56923 21:0 116852
116859 56926 21:0 116880
116879 56931 21:0 116880
116886 56944 21:0 116915
116921 56953 21:0 116924
116931 56955 21:0 116934
116941 56958 21:0 116958
116957 56962 21:0 116958
116969 56976 21:0 116974
116980 56980 21:0 116983
116990 56983 21:0 117011
117010 56988 21:0 117011
117017 57001 21:0 117046
117052 57010 21:0 117055
117062 57012 21:0 117065
117072 57015 21:0 117089
117088 57019 21:0 117089
117098 106567 21:0 117099
117099 106568 21:0 117110
117109 3 21:0 117110
117109 17 21:0 117110
117110 106569 21:0 117138
117137 364 21:0 117143
117142 7 21:0 117143
117142 106578 21:0 117143
117142 5 21:0 117143
117143 106577 21:0 117154
117153 106573 21:0 117154
117153 106587 21:0 117154
117153 19 21:0 117154
117153 365 21:0 117154
117156 106590 21:0 117164
117163 106591 21:0 117214
117213 106592 21:0 117230
117229 106593 21:0 117235
117234 9 21:0 117235
117234 106611 21:0 117237
117236 35 21:0 117237
117236 106620 21:0 117237
117236 106600 21:0 117237
117236 23 21:0 117237
117236 37 21:0 117237
117237 106625 21:0 117254
117253 106623 21:0 117306
117305 106624 21:0 117311
117310 106656 21:0 117316
117315 106626 21:0 117371
117370 106657 21:0 117387
117386 106659 21:0 117392
117391 106658 21:0 117442
117403 106700 21:0 117403
117414 106701 21:0 117414
117441 106689 21:0 117458
117442 106705 21:0 117442
117442 106708 21:0 117442
117442 106707 21:0 117442
117447 106709 21:0 117447
117449 106694 21:0 117449
117455 106720 21:0 117455
117457 106691 21:0 117463
117462 106692 21:0 117482
117463 106721 21:0 117463
117470 106714 21:0 117470
117479 106733 21:0 117479
117481 106690 21:0 117534
117490 106734 21:0 117490
117518 106740 21:0 117518
117518 106738 21:0 117518
117518 106741 21:0 117518
117523 106742 21:0 117523
117525 106727 21:0 117525
117531 106753 21:0 117531
117533 106722 21:0 117539
117538 106723 21:0 117544
117539 106754 21:0 117539
117543 106724 21:0 117599
117546 106747 21:0 117546
117555 106766 21:0 117555
117566 106767 21:0 117566
117594 106773 21:0 117594
117594 106774 21:0 117594
117594 106771 21:0 117594
117598 106725 21:0 117615
117599 106775 21:0 117599
117601 106760 21:0 117601
117607 106786 21:0 117607
117614 106755 21:0 117620
117615 106787 21:0 117615
117619 106756 21:0 117670
117622 106780 21:0 117622
117631 106799 21:0 117631
117642 106800 21:0 117642
117669 106757 21:0 117686
117670 106807 21:0 117670
117670 106804 21:0 117670
117670 106806 21:0 117670
117675 106808 21:0 117675
117677 106793 21:0 117677
117683 106819 21:0 117683
117685 106758 21:0 117691
117690 106788 21:0 117710
117691 106820 21:0 117691
117698 106813 21:0 117698
117707 106832 21:0 117707
117709 106790 21:0 117762
117718 106833 21:0 117718
117746 106839 21:0 117746
117746 106837 21:0 117746
117746 106840 21:0 117746
117751 106841 21:0 117751
117753 106826 21:0 117753
117759 106852 21:0 117759
117761 106821 21:0 117767
117766 106791 21:0 117772
117767 106853 21:0 117767
117771 106789 21:0 117827
117774 106846 21:0 117774
117783 106865 21:0 117783
117794 106866 21:0 117794
117822 106873 21:0 117822
117822 106870 21:0 117822
117822 106872 21:0 117822
117826 106822 21:0 117843
117827 106874 21:0 117827
117829 106859 21:0 117829
117835 106885 21:0 117835
117842 106823 21:0 117848
117843 106886 21:0 117843
117847 106854 21:0 117898
117850 106879 21:0 117850
117859 106898 21:0 117859
117870 106899 21:0 117870
117897 106856 21:0 117914
117898 106903 21:0 117898
117898 106905 21:0 117898
117898 106906 21:0 117898
117899 199 1:0 117909
117899 191 1:0 117910
117903 106907 21:0 117903
117905 106892 21:0 117905
117911 106918 21:0 117911
117913 195 1:0 117915
117913 106824 21:0 117919
117918 193 1:0 117920
117918 106855 21:0 117938
117919 106919 21:0 117919
117923 201 1:0 117934
117926 106912 21:0 117926
117933 215 1:0 117933
117935 106931 21:0 117935
117937 203 1:0 117938
117937 106857 21:0 117990
117941 205 1:0 117942
117946 106932 21:0 117946
117973 207 1:0 117975
117974 106938 21:0 117974
117974 106936 21:0 117974
117974 106939 21:0 117974
117978 209 1:0 117986
117979 106940 21:0 117979
117981 106925 21:0 117981
117985 217 1:0 117985
117987 106951 21:0 117987
117989 213 1:0 117991
117989 106888 21:0 117995
117994 211 1:0 117996
117994 106890 21:0 118000
117995 106952 21:0 117995
117999 219 1:0 118010
117999 106889 21:0 118050
118002 106945 21:0 118002
118009 233 1:0 118009
118011 106964 21:0 118011
118013 221 1:0 118014
118017 223 1:0 118018
118022 106965 21:0 118022
118049 225 1:0 118051
118049 106887 21:0 118066
118050 106969 21:0 118050
118050 106971 21:0 118050
118050 106972 21:0 118050
118054 227 1:0 118062
118055 106973 21:0 118055
118057 106958 21:0 118057
118061 235 1:0 118061
118063 106984 21:0 118063
118065 231 1:0 118067
118065 106921 21:0 118076
118070 229 1:0 118072
118071 106985 21:0 118071
118075 237 1:0 118086
118075 106923 21:0 118126
118078 106978 21:0 118078
118085 251 1:0 118085
118087 106997 21:0 118087
118089 239 1:0 118090
118093 241 1:0 118094
118098 106998 21:0 118098
118125 243 1:0 118127
118125 106922 21:0 118142
118126 107005 21:0 118126
118126 107004 21:0 118126
118126 107002 21:0 118126
118130 245 1:0 118138
118131 107006 21:0 118131
118133 106991 21:0 118133
118137 253 1:0 118137
118139 107017 21:0 118139
118141 249 1:0 118143
118141 106920 21:0 118147
118146 247 1:0 118148
118146 106953 21:0 118166
118151 255 1:0 118162
118152 107022 21:0 118152
118161 269 1:0 118161
118165 257 1:0 118166
118165 106956 21:0 118218
118169 259 1:0 118170
118201 261 1:0 118203
118206 263 1:0 118214
118213 271 1:0 118213
118217 267 1:0 118219
118217 106955 21:0 118223
118220 107052 21:0 118220
118222 265 1:0 118224
118222 106954 21:0 118228
118225 107053 21:0 118225
118225 107054 21:0 118225
118227 273 1:0 118238
118227 106986 21:0 118278
118228 107055 21:0 118228
118237 287 1:0 118237
118241 275 1:0 118242
118245 277 1:0 118246
118277 279 1:0 118279
118277 106987 21:0 118294
118282 281 1:0 118290
118289 289 1:0 118289
118293 285 1:0 118295
118293 106988 21:0 118304
118296 107085 21:0 118296
118298 283 1:0 118300
118301 107086 21:0 118301
118301 107087 21:0 118301
118303 106576 21:0 118304
118303 106575 21:0 118304
118303 291 1:0 118314
118303 106588 21:0 118318
118304 107088 21:0 118304
118313 305 1:0 118313
118317 293 1:0 118318
118317 107021 21:0 118370
118321 295 1:0 118322
118353 297 1:0 118355
118358 299 1:0 118366
118365 307 1:0 118365
118369 303 1:0 118371
118369 106989 21:0 118375
118372 107118 21:0 118372
118374 301 1:0 118376
118374 107020 21:0 118380
118377 107120 21:0 118377
118377 107119 21:0 118377
118379 309 1:0 118390
118379 107019 21:0 118435
118380 107121 21:0 118380
118389 323 1:0 118389
118393 311 1:0 118394
118397 313 1:0 118398
118429 315 1:0 118431
118434 317 1:0 118442
118434 106641 21:0 118446
118441 325 1:0 118441
118445 106628 21:0 118446
118445 106675 21:0 118446
118445 321 1:0 118447
118445 106667 21:0 118451
118450 106674 21:0 118451
118450 106602 21:0 118451
118450 106635 21:0 118451
118450 319 1:0 118452
118450 106655 21:0 118456
118455 106608 21:0 118456
118455 106661 21:0 118456
118455 329 1:0 118467
118455 106615 21:0 118483
118464 327 1:0 118464
118470 55381 1:0 118473
118482 106606 21:0 118519
118485 55991 1:0 118487
118492 55995 1:0 118492
118507 52572 1:0 118507
118508 52573 1:0 118508
118518 106589 21:0 118519
118518 106642 21:0 118519
118518 106621 21:0 118522
118521 106668 21:0 118522
118521 106672 21:0 118522
118521 56007 1:0 118523
118521 106595 21:0 118530
118529 106601 21:0 118530
118529 106687 21:0 118530
118529 106654 21:0 118533
118532 106648 21:0 118533
118532 106609 21:0 118533
118532 56011 1:0 118534
118532 106643 21:0 118539
118538 106622 21:0 118539
118538 106639 21:0 118539
118538 56032 1:0 118540
118538 56353 1:0 118540
118538 56862 1:0 118540
118538 56046 1:0 118540
118538 106681 21:0 118542
118540 56019 1:0 118540
118541 106582 21:0 118542
118541 106676 21:0 118542
118541 56014 1:0 118544
118541 56467 1:0 118565
118541 56638 1:0 118565
118541 56410 1:0 118565
118541 56524 1:0 118565
118541 56748 1:0 118565
118541 106634 21:0 118567
118566 106610 21:0 118570
118566 52647 1:0 118568
118566 52639 1:0 118568
118569 106688 21:0 118614
118569 52645 1:0 118600
118569 52646 1:0 118600
118569 52651 1:0 118603
118601 56041 1:0 118603
118601 52640 1:0 118603
118604 52652 1:0 118619
118613 27 21:0 118614
118613 56043 1:0 118616
118613 21 21:0 118621
118620 106677 21:0 118621
118620 77 21:0 118621
118620 151 21:0 118621
118620 79 21:0 118621
118620 97 21:0 118621
118620 55991 21:0 118621
118620 106842 21:0 118621
118620 61 21:0 118621
118620 41 21:0 118621
118620 113 21:0 118621
118620 187 21:0 118621
118620 167 21:0 118621
118620 106908 21:0 118621
118620 149 21:0 118621
118620 329 21:0 118621
118620 106644 21:0 118621
118620 106809 21:0 118621
118620 59 21:0 118621
118620 115 21:0 118621
118620 106875 21:0 118621
118620 43 21:0 118621
118620 25 21:0 118621
118620 106776 21:0 118621
118620 95 21:0 118624
118620 52641 1:0 118622
118620 52643 1:0 118622
118620 52644 1:0 118622
118620 52642 1:0 118622
118620 52648 1:0 118622
118622 56050 1:0 118622
118623 221 21:0 118624
118623 205 21:0 118624
118623 106941 21:0 118624
118623 277 21:0 118624
118623 107007 21:0 118624
118623 106974 21:0 118624
118623 223 21:0 118624
118623 241 21:0 118624
118623 107040 21:0 118624
118623 131 21:0 118624
118623 259 21:0 118624
118623 257 21:0 118624
118623 169 21:0 118624
118623 185 21:0 118624
118623 133 21:0 118624
118623 275 21:0 118624
118623 106710 21:0 118624
118623 107073 21:0 118624
118623 189 21:0 118624
118623 273 21:0 118624
118623 106743 21:0 118624
118623 203 21:0 118624
118623 239 21:0 118624
118623 279 21:0 118637
118623 52649 1:0 118698
118623 52650 1:0 118699
118636 293 21:0 118644
118643 295 21:0 118646
118645 377 21:0 118656
118655 52572 21:0 118656
118655 52573 21:0 118656
118655 106831 21:0 118656
118655 106884 21:0 118656
118655 106699 21:0 118656
118655 106752 21:0 118657
118656 106633 21:0 118657
118656 106719 21:0 118657
118656 106765 21:0 118657
118656 106666 21:0 118657
118656 106653 21:0 118657
118656 106732 21:0 118657
118656 106798 21:0 118657
118656 106818 21:0 118657
118656 106864 21:0 118657
118656 106851 21:0 118657
118656 106897 21:0 118658
118657 106917 21:0 118659
118658 106686 21:0 118659
118658 106785 21:0 118660
118659 106930 21:0 118660
118659 106950 21:0 118661
118660 106963 21:0 118661
118660 106983 21:0 118662
118661 106996 21:0 118662
118661 107016 21:0 118664
118663 107029 21:0 118664
118663 107049 21:0 118665
118664 181 21:0 118665
118664 107062 21:0 118665
118664 107166 21:0 118665
118664 327 21:0 118665
118665 52642 21:0 118690
118689 52644 21:0 118697
118696 52641 21:0 118702
118701 107106 21:0 118705
118704 253 21:0 118705
118704 323 21:0 118705
118704 251 21:0 118705
118704 109 21:0 118705
118704 269 21:0 118705
118704 271 21:0 118705
118704 287 21:0 118705
118704 289 21:0 118705
118704 305 21:0 118705
118704 307 21:0 118705
118704 56019 21:0 118705
118704 325 21:0 118705
118704 107082 21:0 118705
118704 56050 21:0 118705
118704 233 21:0 118705
118704 107095 21:0 118705
118704 143 21:0 118705
118704 91 21:0 118705
118704 107 21:0 118705
118704 55 21:0 118705
118704 179 21:0 118705
118704 127 21:0 118705
118704 89 21:0 118705
118704 145 21:0 118705
118704 235 21:0 118705
118704 107115 21:0 118705
118704 71 21:0 118705
118704 125 21:0 118705
118704 197 21:0 118705
118704 215 21:0 118705
118704 53 21:0 118705
118704 73 21:0 118705
118704 161 21:0 118705
118704 199 21:0 118705
118704 217 21:0 118705
118704 163 21:0 118705
118708 52649 21:0 118740
118716 323 1:0 118716
118718 56050 1:0 118718
118718 52653 1:0 118718
118719 52654 1:0 118719
118726 325 1:0 118726
118728 56019 1:0 118728
118728 52655 1:0 118728
118729 52656 1:0 118729
118739 107121 1:0 118739
118739 52648 21:0 118740
118739 52651 21:0 118740
118739 52652 21:0 118740
118739 52650 21:0 118740
118739 56581 1:0 118741
118739 56463 1:0 118741
118739 56292 1:0 118741
118739 56926 1:0 118741
118739 56805 1:0 118741
118739 52647 21:0 118743
118742 319 21:0 118743
118742 52646 21:0 118743
118742 315 21:0 118743
118742 309 21:0 118743
118742 313 21:0 118743
118742 52640 21:0 118743
118742 311 21:0 118743
118742 52643 21:0 118743
118742 52645 21:0 118743
118742 117 21:0 118743
118742 207 21:0 118743
118742 171 21:0 118743
118742 183 21:0 118743
118742 52639 21:0 118743
118742 317 21:0 118743
118742 321 21:0 118743
118742 56064 1:0 118744
118742 219 21:0 118746
118742 56349 1:0 118749
118742 56520 1:0 118749
118742 56577 1:0 118749
118742 56976 1:0 118749
118742 56980 1:0 118749
118745 75 21:0 118751
118746 107119 1:0 118746
118747 107120 1:0 118747
118750 147 21:0 118751
118750 52656 21:0 118751
118750 52655 21:0 118751
118750 52654 21:0 118751
118750 52653 21:0 118751
118750 323 21:0 118751
118750 325 21:0 118751
118750 57 21:0 118751
118750 56634 1:0 118752
118750 56919 1:0 118752
118750 56983 1:0 118752
118750 56691 1:0 118752
118750 56406 1:0 118752
118753 56068 1:0 118755
118753 56182 1:0 118758
118753 56239 1:0 118758
118753 56235 1:0 118758
118753 147 1:0 118758
118753 75 1:0 118758
118753 56296 1:0 118758
118753 219 1:0 118758
118757 107118 1:0 118757
118759 183 1:0 118761
118759 56121 1:0 118761
118759 56125 1:0 118761
118759 56071 1:0 118761
118759 56089 1:0 118761
118759 56103 1:0 118761
118759 56178 1:0 118761
118759 54563 1:0 118761
118761 56076 1:0 118761
118761 307 1:0 118761
118762 54267 1:0 118786
118762 54268 1:0 118786
118762 54265 1:0 118786
118762 54560 1:0 118786
118762 54709 1:0 118786
118762 54416 1:0 118786
118769 307 21:0 118770
118772 107115 1:0 118772
118772 56076 21:0 118773
118787 52796 1:0 118789
118787 52792 1:0 118789
118790 107106 1:0 118795
118790 377 1:0 118799
118790 52793 1:0 118821
118790 52786 1:0 118821
118790 52797 1:0 118824
118800 295 1:0 118821
118813 377 21:0 118823
118822 56098 1:0 118824
118822 293 1:0 118824
118822 52787 1:0 118824
118825 52794 1:0 118840
118829 56098 21:0 118832
118831 295 21:0 118832
118834 56100 1:0 118837
118841 307 1:0 118841
118841 295 1:0 118843
118841 56098 1:0 118843
118841 52789 1:0 118843
118841 52791 1:0 118843
118841 52788 1:0 118843
118841 52790 1:0 118843
118841 52795 1:0 118843
118842 305 1:0 118843
118842 56107 1:0 118843
118842 107095 1:0 118843
118843 52801 1:0 118843
118843 52800 1:0 118843
118844 52798 1:0 118929
118844 52799 1:0 118930
118869 307 21:0 118870
118886 52789 21:0 118911
118910 52790 21:0 118918
118914 171 1:0 118959
118917 52788 21:0 118925
118924 52791 21:0 118931
118936 52799 21:0 118961
118947 307 1:0 118947
118949 56076 1:0 118949
118949 52802 1:0 118949
118950 52803 1:0 118950
118960 107088 1:0 118960
118960 52795 21:0 118961
118960 52794 21:0 118961
118960 52797 21:0 118961
118960 52798 21:0 118961
118960 279 1:0 118962
118960 117 1:0 118962
118960 207 1:0 118962
118960 52796 21:0 118964
118960 54707 1:0 118962
118960 54412 1:0 118962
118960 54264 1:0 118962
118960 54414 1:0 118962
118960 54413 1:0 118962
118963 52801 21:0 118964
118963 52786 21:0 118964
118963 52787 21:0 118964
118963 52793 21:0 118964
118963 293 21:0 118964
118963 52803 21:0 118964
118963 52792 21:0 118964
118963 52800 21:0 118964
118963 305 21:0 118964
118963 301 21:0 118964
118963 307 21:0 118964
118963 303 21:0 118964
118963 299 21:0 118964
118963 52802 21:0 118964
118963 297 21:0 118964
118963 291 21:0 118964
118963 295 21:0 118964
118963 273 1:0 118970
118963 54561 1:0 118970
118963 54411 1:0 118970
118963 54562 1:0 118970
118963 54558 1:0 118970
118963 54706 1:0 118970
118963 54559 1:0 118970
118967 107086 1:0 118967
118968 107087 1:0 118968
118971 56160 1:0 118973
118971 189 1:0 118973
118971 56146 1:0 118973
118971 54269 1:0 118973
118971 54708 1:0 118973
118971 54710 1:0 118973
118971 54415 1:0 118973
118971 54705 1:0 118973
118974 56445 1:0 118979
118974 56374 1:0 118979
118974 56217 1:0 118979
118974 53823 1:0 118979
118974 53825 1:0 118979
118974 54266 1:0 118979
118974 53828 1:0 118979
118974 53824 1:0 118979
118978 107085 1:0 118978
118980 56260 1:0 118982
118980 56317 1:0 118982
118980 56331 1:0 118982
118980 53826 1:0 118982
118980 53827 1:0 118982
118980 53678 1:0 118982
118980 53676 1:0 118982
118980 53677 1:0 118982
118982 56133 1:0 118982
118982 289 1:0 118982
118983 56128 1:0 118986
118983 53680 1:0 119007
118983 53531 1:0 119007
118983 53533 1:0 119007
118983 53679 1:0 119007
118983 53681 1:0 119007
118990 289 21:0 118991
118993 107082 1:0 118993
118993 56133 21:0 118994
119008 52939 1:0 119010
119008 52944 1:0 119010
119011 107073 1:0 119016
119011 377 1:0 119020
119011 52940 1:0 119042
119011 52933 1:0 119042
119011 52943 1:0 119045
119021 275 1:0 119042
119034 377 21:0 119044
119043 277 1:0 119044
119043 56155 1:0 119045
119043 52934 1:0 119045
119046 52942 1:0 119061
119055 56157 1:0 119058
119055 57 1:0 119062
119062 257 1:0 119064
119062 52941 1:0 119064
119062 52938 1:0 119064
119062 52936 1:0 119064
119062 52937 1:0 119064
119062 52935 1:0 119064
119063 289 1:0 119064
119063 287 1:0 119064
119063 107062 1:0 119064
119064 56164 1:0 119064
119064 52947 1:0 119064
119064 52948 1:0 119064
119065 52945 1:0 119150
119065 52946 1:0 119151
119090 289 21:0 119091
119107 52936 21:0 119132
119131 52935 21:0 119139
119135 56203 1:0 119180
119138 52937 21:0 119144
119143 52938 21:0 119152
119151 277 21:0 119158
119160 52945 21:0 119182
119168 289 1:0 119168
119170 56133 1:0 119170
119170 52949 1:0 119170
119171 52950 1:0 119171
119181 107055 1:0 119181
119181 52941 21:0 119182
119181 52946 21:0 119182
119181 52942 21:0 119182
119181 52943 21:0 119182
119181 56431 1:0 119183
119181 56388 1:0 119183
119181 56274 1:0 119183
119181 52944 21:0 119185
119181 53385 1:0 119183
119181 53529 1:0 119183
119181 53534 1:0 119183
119181 53530 1:0 119183
119181 53532 1:0 119183
119184 287 21:0 119185
119184 52948 21:0 119185
119184 52947 21:0 119185
119184 52949 21:0 119185
119184 52950 21:0 119185
119184 285 21:0 119185
119184 52939 21:0 119185
119184 52940 21:0 119185
119184 52933 21:0 119185
119184 52934 21:0 119185
119184 275 21:0 119185
119184 279 21:0 119185
119184 289 21:0 119185
119184 273 21:0 119185
119184 281 21:0 119185
119184 283 21:0 119185
119184 56502 1:0 119191
119184 53090 1:0 119191
119184 53387 1:0 119191
119184 53382 1:0 119191
119184 53383 1:0 119191
119184 53384 1:0 119191
119184 53386 1:0 119191
119188 107053 1:0 119188
119189 107054 1:0 119189
119189 377 1:0 119191
119192 107019 1:0 119200
119195 259 1:0 119197
119195 239 1:0 119200
119195 53089 1:0 119200
119195 53087 1:0 119200
119195 53080 1:0 119200
119195 53093 1:0 119200
119195 53088 1:0 119200
119198 107040 1:0 119200
119199 107052 1:0 119199
119201 107020 1:0 119228
119204 56185 1:0 119207
119204 203 1:0 119208
119204 56214 1:0 119208
119204 56212 1:0 119208
119204 53086 1:0 119208
119204 53081 1:0 119208
119204 53091 1:0 119228
119204 53092 1:0 119228
119208 271 1:0 119208
119209 53084 1:0 119213
119211 271 21:0 119212
119212 56190 1:0 119212
119213 107049 1:0 119213
119214 56190 21:0 119215
119214 53082 1:0 119216
119217 53085 1:0 119223
119224 53083 1:0 119228
119226 271 1:0 119226
119227 107029 1:0 119228
119228 269 1:0 119228
119228 56221 1:0 119228
119229 106989 1:0 119401
119255 377 21:0 119265
119296 56221 21:0 119297
119311 269 21:0 119312
119311 271 21:0 119312
119328 53083 21:0 119353
119346 223 1:0 119355
119352 53085 21:0 119360
119354 56221 1:0 119355
119354 269 1:0 119355
119354 53094 1:0 119355
119355 53095 1:0 119355
119356 56488 1:0 119401
119359 53082 21:0 119367
119366 53084 21:0 119373
119372 259 21:0 119379
119381 53092 21:0 119403
119389 271 1:0 119389
119391 56190 1:0 119391
119391 53096 1:0 119391
119392 53097 1:0 119392
119402 107022 1:0 119402
119402 53091 21:0 119403
119402 53089 21:0 119403
119402 53093 21:0 119403
119402 53088 21:0 119403
119402 53090 21:0 119406
119402 107021 1:0 119409
119405 53094 21:0 119406
119405 53080 21:0 119406
119405 53087 21:0 119406
119405 53081 21:0 119406
119405 53086 21:0 119406
119405 269 21:0 119406
119405 271 21:0 119406
119405 263 21:0 119406
119405 267 21:0 119406
119405 265 21:0 119406
119405 257 21:0 119406
119405 261 21:0 119406
119405 255 21:0 119406
119405 53097 21:0 119406
119405 53096 21:0 119406
119405 53095 21:0 119406
119405 54854 1:0 119412
119405 53238 1:0 119412
119405 54855 1:0 119412
119405 54856 1:0 119412
119413 106988 1:0 119421
119416 205 1:0 119421
119416 241 1:0 119421
119416 377 1:0 119421
119416 53227 1:0 119421
119416 53236 1:0 119421
119416 53237 1:0 119421
119416 53239 1:0 119421
119416 53228 1:0 119421
119422 106987 1:0 119449
119425 107007 1:0 119426
119425 56271 1:0 119426
119425 56269 1:0 119426
119425 221 1:0 119426
119425 56242 1:0 119428
119425 53229 1:0 119426
119425 53233 1:0 119426
119425 53231 1:0 119426
119425 53230 1:0 119426
119425 53235 1:0 119430
119425 53240 1:0 119430
119427 53232 1:0 119430
119430 107017 1:0 119430
119430 253 1:0 119430
119430 107016 1:0 119430
119430 56247 1:0 119430
119431 53234 1:0 119449
119432 253 21:0 119433
119435 56247 21:0 119436
119448 106996 1:0 119449
119449 56278 1:0 119449
119449 253 1:0 119449
119449 251 1:0 119449
119450 107006 1:0 119450
119450 106986 1:0 119622
119459 107005 1:0 119459
119459 107004 1:0 119459
119459 107002 1:0 119459
119476 377 21:0 119486
119485 106998 1:0 119485
119512 106997 1:0 119512
119517 106991 1:0 119517
119517 56278 21:0 119518
119530 131 1:0 119566
119532 251 21:0 119533
119532 253 21:0 119533
119567 169 1:0 119576
119569 53234 21:0 119596
119575 251 1:0 119576
119575 56278 1:0 119576
119575 53242 1:0 119576
119576 53241 1:0 119576
119577 56659 1:0 119622
119595 53235 21:0 119624
119610 253 1:0 119610
119612 56247 1:0 119612
119612 53243 1:0 119612
119613 53244 1:0 119613
119623 53239 21:0 119624
119623 53237 21:0 119624
119623 53236 21:0 119624
119623 53240 21:0 119624
119623 53238 21:0 119627
119623 106954 1:0 119633
119626 53227 21:0 119627
119626 243 21:0 119627
119626 241 21:0 119627
119626 239 21:0 119627
119626 237 21:0 119627
119626 53244 21:0 119627
119626 53243 21:0 119627
119626 53241 21:0 119627
119626 53242 21:0 119627
119626 249 21:0 119627
119626 53228 21:0 119627
119626 53233 21:0 119627
119626 53229 21:0 119627
119626 53230 21:0 119627
119626 53231 21:0 119627
119626 53232 21:0 119627
119626 245 21:0 119627
119626 247 21:0 119627
119626 251 21:0 119627
119626 253 21:0 119627
119626 54853 1:0 119633
119626 54857 1:0 119633
119626 54852 1:0 119633
119626 54118 1:0 119633
119631 377 1:0 119633
119634 106985 1:0 119634
119634 106955 1:0 119642
119637 133 1:0 119642
119637 185 1:0 119642
119637 54120 1:0 119642
119637 53374 1:0 119642
119637 53375 1:0 119642
119637 54119 1:0 119642
119637 54117 1:0 119642
119640 106974 1:0 119642
119643 106956 1:0 119670
119646 56299 1:0 119649
119646 56328 1:0 119650
119646 95 1:0 119650
119646 56326 1:0 119650
119646 53381 1:0 119650
119646 53380 1:0 119650
119646 54122 1:0 119670
119646 54121 1:0 119670
119650 235 1:0 119650
119651 106984 1:0 119651
119651 53379 1:0 119655
119653 235 21:0 119654
119654 56304 1:0 119654
119655 106983 1:0 119655
119656 106978 1:0 119656
119656 56304 21:0 119657
119656 53378 1:0 119658
119659 53376 1:0 119665
119666 53377 1:0 119670
119668 233 1:0 119668
119669 106963 1:0 119670
119670 56335 1:0 119670
119671 106973 1:0 119671
119671 106953 1:0 119843
119680 106969 1:0 119680
119680 106971 1:0 119680
119680 106972 1:0 119680
119697 377 21:0 119707
119706 106965 1:0 119706
119733 106964 1:0 119733
119735 233 21:0 119736
119738 106958 1:0 119738
119738 56335 21:0 119739
119750 235 1:0 119750
119750 233 1:0 119750
119751 77 1:0 119787
119753 235 21:0 119754
119753 233 21:0 119754
119770 53377 21:0 119795
119788 113 1:0 119797
119794 53376 21:0 119802
119796 233 1:0 119797
119796 56335 1:0 119797
119796 53388 1:0 119797
119797 53389 1:0 119797
119798 21 1:0 119843
119803 53382 21:0 119845
119831 235 1:0 119831
119833 56304 1:0 119833
119833 53390 1:0 119833
119834 53391 1:0 119834
119844 53387 21:0 119845
119844 53386 21:0 119845
119844 53384 21:0 119845
119844 53383 21:0 119845
119844 53385 21:0 119848
119844 106920 1:0 119854
119847 53381 21:0 119848
119847 53374 21:0 119848
119847 53380 21:0 119848
119847 233 21:0 119848
119847 53375 21:0 119848
119847 235 21:0 119848
119847 53379 21:0 119848
119847 53378 21:0 119848
119847 53388 21:0 119848
119847 53389 21:0 119848
119847 53390 21:0 119848
119847 53391 21:0 119848
119847 221 21:0 119848
119847 229 21:0 119848
119847 223 21:0 119848
119847 225 21:0 119848
119847 231 21:0 119848
119847 227 21:0 119848
119847 219 21:0 119848
119847 53974 1:0 119854
119847 53970 1:0 119854
119847 53972 1:0 119854
119847 53975 1:0 119854
119852 377 1:0 119854
119855 106952 1:0 119855
119855 106922 1:0 119863
119858 167 1:0 119863
119858 79 1:0 119863
119858 53971 1:0 119863
119858 55002 1:0 119863
119858 53973 1:0 119863
119858 53521 1:0 119863
119858 53522 1:0 119863
119861 106941 1:0 119863
119864 106923 1:0 119891
119867 56356 1:0 119870
119867 151 1:0 119871
119867 56385 1:0 119871
119867 56383 1:0 119871
119867 106688 1:0 119891
119867 53528 1:0 119871
119867 53527 1:0 119871
119871 217 1:0 119871
119872 106951 1:0 119872
119872 53525 1:0 119876
119874 217 21:0 119875
119875 56361 1:0 119875
119876 106950 1:0 119876
119877 106945 1:0 119877
119877 56361 21:0 119878
119877 53523 1:0 119879
119880 53526 1:0 119886
119887 53524 1:0 119891
119889 217 1:0 119889
119890 106930 1:0 119891
119891 215 1:0 119891
119891 56392 1:0 119891
119892 106940 1:0 119892
119892 106921 1:0 120064
119901 106938 1:0 119901
119901 106936 1:0 119901
119901 106939 1:0 119901
119918 377 21:0 119928
119927 106932 1:0 119927
119954 106931 1:0 119954
119959 106925 1:0 119959
119959 56392 21:0 119960
119971 97 1:0 120018
119971 56392 1:0 120044
119971 56361 1:0 120054
119971 56716 1:0 120064
119971 53535 1:0 120044
119971 53536 1:0 120045
119971 53537 1:0 120054
119971 53538 1:0 120055
119991 53524 21:0 120016
120021 53530 21:0 120066
120032 106887 1:0 120075
120065 53534 21:0 120066
120065 53531 21:0 120066
120065 53533 21:0 120066
120065 53529 21:0 120066
120065 53532 21:0 120066
120065 53526 21:0 120069
120067 106634 1:0 120075
120067 106610 1:0 120075
120068 205 21:0 120069
120068 207 21:0 120069
120068 211 21:0 120069
120068 203 21:0 120069
120068 201 21:0 120069
120068 53523 21:0 120069
120068 53525 21:0 120069
120068 53536 21:0 120069
120068 213 21:0 120069
120068 53521 21:0 120069
120068 53537 21:0 120069
120068 53522 21:0 120069
120068 209 21:0 120069
120068 53528 21:0 120069
120068 53527 21:0 120069
120068 215 21:0 120069
120068 53535 21:0 120069
120068 53538 21:0 120069
120068 217 21:0 120069
120074 187 1:0 120084
120074 61 1:0 120084
120074 106908 1:0 120092
120074 56442 1:0 120092
120074 199 1:0 120092
120074 56418 1:0 120096
120074 106917 1:0 120097
120074 56449 1:0 120110
120074 197 1:0 120110
120074 106897 1:0 120112
120074 181 1:0 120313
120074 56475 1:0 120317
120074 106884 1:0 120318
120074 179 1:0 120331
120074 106864 1:0 120333
120074 56506 1:0 120333
120074 163 1:0 120535
120074 56532 1:0 120535
120074 106851 1:0 120535
120074 161 1:0 120552
120074 106831 1:0 120554
120074 56563 1:0 120554
120074 56589 1:0 120756
120074 106818 1:0 120756
120074 145 1:0 120756
120074 103864 1:0 122493
120074 100562 1:0 122493
120074 53668 1:0 120084
120074 53674 1:0 120084
120074 53675 1:0 120092
120074 53682 1:0 120239
120074 53683 1:0 120239
120074 53684 1:0 120275
120074 53685 1:0 120276
120074 53830 1:0 120460
120074 53829 1:0 120460
120074 53831 1:0 120496
120074 53832 1:0 120497
120074 53976 1:0 120681
120074 53977 1:0 120681
120074 53978 1:0 120717
120074 53979 1:0 120718
120075 106889 1:0 120084
120075 106582 1:0 120084
120075 377 1:0 120090
120075 56413 1:0 120091
120075 56440 1:0 120092
120075 41 1:0 120239
120075 56545 1:0 120285
120075 149 1:0 120302
120075 106875 1:0 120305
120075 143 1:0 120775
120075 106798 1:0 120775
120075 56620 1:0 120775
120075 127 1:0 120973
120075 56646 1:0 120973
120075 55001 1:0 120084
120075 53669 1:0 120092
120075 53672 1:0 120097
120075 53670 1:0 120100
120075 53673 1:0 120107
120075 53671 1:0 120112
120075 54123 1:0 120902
120075 54124 1:0 120902
120075 54125 1:0 120938
120075 54126 1:0 120939
120076 106919 1:0 120076
120084 106676 1:0 120112
120084 106890 1:0 120112
120084 43 1:0 120302
120084 115 1:0 120313
120084 56497 1:0 120313
120084 56499 1:0 120313
120084 53816 1:0 120305
120084 53821 1:0 120305
120084 53822 1:0 120313
120090 106888 1:0 120285
120093 106918 1:0 120093
120098 106912 1:0 120098
120110 106857 1:0 120296
120111 106681 1:0 120296
120113 106907 1:0 120113
120122 106903 1:0 120122
120122 106905 1:0 120122
120122 106906 1:0 120122
120123 106639 1:0 120296
120148 106899 1:0 120148
120175 106898 1:0 120175
120177 106855 1:0 120305
120180 106892 1:0 120180
120192 56470 1:0 120312
120192 55004 1:0 120305
120193 106622 1:0 120305
120193 106643 1:0 120333
120194 106842 1:0 120531
120194 106809 1:0 120752
120194 106785 1:0 120973
120194 53815 1:0 120313
120194 53819 1:0 120318
120194 53820 1:0 120321
120194 53817 1:0 120328
120194 53818 1:0 120333
120212 53671 21:0 120237
120236 53673 21:0 120244
120243 53670 21:0 120251
120252 53679 21:0 120287
120286 53677 21:0 120287
120286 53676 21:0 120287
120286 53680 21:0 120287
120286 53681 21:0 120287
120286 53678 21:0 120290
120289 193 21:0 120290
120289 187 21:0 120290
120289 191 21:0 120290
120289 189 21:0 120290
120289 195 21:0 120290
120289 185 21:0 120290
120289 53682 21:0 120290
120289 53683 21:0 120290
120289 53672 21:0 120290
120289 53685 21:0 120290
120289 53684 21:0 120290
120289 53675 21:0 120290
120289 199 21:0 120290
120289 183 21:0 120290
120289 53669 21:0 120290
120289 53674 21:0 120290
120289 53668 21:0 120290
120289 197 21:0 120290
120295 106824 1:0 120333
120296 59 1:0 120460
120296 106856 1:0 120506
120296 56559 1:0 120506
120296 106648 1:0 120517
120296 106609 1:0 120517
120296 56841 1:0 120526
120296 56668 1:0 120526
120296 56554 1:0 120531
120296 53968 1:0 120526
120296 53963 1:0 120526
120297 106886 1:0 120297
120305 106854 1:0 120517
120305 106823 1:0 120526
120311 106654 1:0 120526
120311 55000 1:0 120526
120314 106885 1:0 120314
120319 106879 1:0 120319
120331 106822 1:0 120554
120332 56727 1:0 120531
120332 56556 1:0 120531
120332 56527 1:0 120533
120332 56613 1:0 120681
120332 53966 1:0 120531
120332 53964 1:0 120531
120332 53965 1:0 120531
120332 53962 1:0 120531
120332 53967 1:0 120535
120332 53969 1:0 120554
120332 54113 1:0 120747
120334 106874 1:0 120334
120343 106873 1:0 120343
120343 106870 1:0 120343
120343 106872 1:0 120343
120344 106687 1:0 120554
120344 106776 1:0 120973
120369 106866 1:0 120369
120396 106865 1:0 120396
120398 106789 1:0 120727
120401 106859 1:0 120401
120404 106765 1:0 120996
120405 125 1:0 120996
120405 56677 1:0 120996
120405 56703 1:0 121194
120405 109 1:0 121194
120405 54270 1:0 121149
120405 54271 1:0 121150
120405 54272 1:0 121159
120405 54273 1:0 121160
120413 56616 1:0 120727
120413 56602 1:0 120747
120413 56611 1:0 120747
120413 107 1:0 121215
120413 56734 1:0 121217
120413 54110 1:0 120747
120413 54111 1:0 120752
120413 54417 1:0 121344
120413 54418 1:0 121344
120413 54419 1:0 121380
120413 54420 1:0 121381
120414 106601 1:0 120738
120433 53818 21:0 120458
120457 53817 21:0 120465
120464 53820 21:0 120472
120471 53819 21:0 120478
120486 53827 21:0 120508
120507 53828 21:0 120508
120507 53826 21:0 120508
120507 53824 21:0 120508
120507 53825 21:0 120508
120507 53823 21:0 120511
120510 53815 21:0 120511
120510 53822 21:0 120511
120510 53816 21:0 120511
120510 53821 21:0 120511
120510 53832 21:0 120511
120510 53829 21:0 120511
120510 53831 21:0 120511
120510 53830 21:0 120511
120516 106791 1:0 120738
120517 106595 1:0 120738
120517 106821 1:0 120745
120517 106672 1:0 120747
120517 54999 1:0 120747
120518 106853 1:0 120518
120526 56584 1:0 120754
120526 106790 1:0 120775
120526 106668 1:0 120775
120526 25 1:0 120902
120526 56958 1:0 120948
120526 56670 1:0 120968
120526 56673 1:0 120968
120526 106743 1:0 121194
120526 106752 1:0 121194
120526 106732 1:0 121217
120526 91 1:0 121415
120526 56760 1:0 121415
120526 56791 1:0 121438
120526 89 1:0 121438
120526 54112 1:0 120752
120526 54116 1:0 120752
120526 54115 1:0 120752
120526 54114 1:0 120756
120526 54109 1:0 120775
120526 54259 1:0 120968
120526 54257 1:0 120968
120526 54261 1:0 120973
120526 54564 1:0 121565
120526 54565 1:0 121565
120532 106788 1:0 120948
120535 106852 1:0 120535
120540 106846 1:0 120540
120553 106758 1:0 120959
120555 106841 1:0 120555
120564 106839 1:0 120564
120564 106837 1:0 120564
120564 106840 1:0 120564
120565 106589 1:0 120959
120565 106621 1:0 120959
120590 106833 1:0 120590
120617 106832 1:0 120617
120622 106826 1:0 120622
120634 106757 1:0 120968
120635 55003 1:0 120968
120664 53967 21:0 120680
120679 53964 21:0 120686
120685 53965 21:0 120693
120694 53973 21:0 120729
120728 53970 21:0 120729
120728 53972 21:0 120729
120728 53975 21:0 120729
120728 53971 21:0 120729
120728 53974 21:0 120732
120731 53976 21:0 120732
120731 53963 21:0 120732
120731 53969 21:0 120732
120731 53962 21:0 120732
120731 53977 21:0 120732
120731 53978 21:0 120732
120731 53966 21:0 120732
120731 53968 21:0 120732
120731 53979 21:0 120732
120737 106642 1:0 120968
120737 56641 1:0 120975
120737 106606 1:0 120996
120737 56839 1:0 121123
120737 56944 1:0 121169
120737 56725 1:0 121189
120737 56730 1:0 121189
120737 106710 1:0 121415
120737 106719 1:0 121415
120737 54260 1:0 120973
120737 54262 1:0 120973
120737 54256 1:0 120973
120737 54263 1:0 120991
120737 54258 1:0 120996
120737 54409 1:0 121189
120737 54407 1:0 121189
120737 54408 1:0 121194
120737 54405 1:0 121194
120738 106756 1:0 120996
120738 106661 1:0 121180
120738 106615 1:0 121180
120739 106820 1:0 120739
120747 106755 1:0 121169
120747 106725 1:0 121180
120753 106724 1:0 121189
120755 56695 1:0 121186
120756 106819 1:0 120756
120758 106608 1:0 121189
120761 106813 1:0 120761
120776 106808 1:0 120776
120785 106807 1:0 120785
120785 106804 1:0 120785
120785 106806 1:0 120785
120786 106723 1:0 121217
120811 106800 1:0 120811
120827 56698 1:0 121196
120827 106655 1:0 121217
120827 54403 1:0 121194
120827 54410 1:0 121194
120827 54404 1:0 121212
120827 54406 1:0 121217
120835 56782 1:0 121344
120835 56784 1:0 121410
120835 54555 1:0 121410
120835 54553 1:0 121415
120838 106799 1:0 120838
120840 56773 1:0 121390
120840 56787 1:0 121410
120840 106699 1:0 121438
120840 56817 1:0 121640
120840 73 1:0 121640
120840 71 1:0 121657
120840 56848 1:0 121657
120840 54557 1:0 121410
120840 54554 1:0 121415
120840 54552 1:0 121438
120840 54566 1:0 121601
120840 54567 1:0 121602
120843 106793 1:0 120843
120855 106635 1:0 121401
120856 106674 1:0 121401
120868 54109 21:0 120919
120918 54114 21:0 120925
120925 54122 21:0 120950
120949 54121 21:0 120950
120949 54117 21:0 120950
120949 54120 21:0 120950
120949 54119 21:0 120950
120949 54118 21:0 120953
120952 54124 21:0 120953
120952 54110 21:0 120953
120952 54113 21:0 120953
120952 54123 21:0 120953
120952 54125 21:0 120953
120952 54116 21:0 120953
120952 54111 21:0 120953
120952 54115 21:0 120953
120952 54112 21:0 120953
120952 54126 21:0 120953
120958 106722 1:0 121390
120959 106690 1:0 121401
120959 56752 1:0 121407
120959 106602 1:0 121410
120959 106667 1:0 121438
120960 106787 1:0 120960
120968 106692 1:0 121410
120968 106691 1:0 121438
120974 56755 1:0 121417
120974 56896 1:0 121565
120974 56830 1:0 121611
120974 56844 1:0 121631
120974 23 1:0 121631
120974 106677 1:0 121636
120974 106686 1:0 121640
120974 54551 1:0 121415
120974 54556 1:0 121415
120974 54550 1:0 121433
120974 54697 1:0 121631
120974 54701 1:0 121631
120974 54702 1:0 121636
120977 106786 1:0 120977
120982 106780 1:0 120982
120994 106689 1:0 121611
120995 106628 1:0 121622
120997 106775 1:0 120997
121006 106773 1:0 121006
121006 106774 1:0 121006
121006 106771 1:0 121006
121032 106767 1:0 121032
121048 106658 1:0 121622
121056 106666 1:0 121659
121056 56874 1:0 121861
121056 55 1:0 121861
121056 54700 1:0 121636
121056 54699 1:0 121640
121056 54712 1:0 121786
121056 54711 1:0 121786
121056 54713 1:0 121822
121056 54714 1:0 121823
121059 106766 1:0 121059
121061 106675 1:0 121622
121064 106760 1:0 121064
121076 106641 1:0 121631
121077 56809 1:0 121628
121099 54258 21:0 121122
121121 54261 21:0 121128
121127 54260 21:0 121135
121139 54266 21:0 121171
121170 54265 21:0 121171
121170 54269 21:0 121171
121170 54267 21:0 121171
121170 54264 21:0 121171
121170 54268 21:0 121174
121173 54259 21:0 121174
121173 54272 21:0 121174
121173 54273 21:0 121174
121173 54271 21:0 121174
121173 54262 21:0 121174
121173 54257 21:0 121174
121173 54263 21:0 121174
121173 54270 21:0 121174
121173 54256 21:0 121174
121179 106659 1:0 121631
121180 56812 1:0 121638
121180 106588 1:0 121659
121180 106657 1:0 121659
121180 56953 1:0 121786
121180 56901 1:0 121832
121180 56887 1:0 121852
121180 56898 1:0 121852
121180 54698 1:0 121636
121180 54704 1:0 121636
121180 54703 1:0 121659
121180 54846 1:0 121852
121180 54850 1:0 121852
121180 54844 1:0 121857
121180 54848 1:0 121857
121181 106754 1:0 121181
121189 106626 1:0 121832
121189 106656 1:0 121843
121195 106576 1:0 121843
121195 106575 1:0 121843
121195 56866 1:0 121849
121198 106753 1:0 121198
121203 106747 1:0 121203
121216 106624 1:0 121852
121218 106742 1:0 121218
121227 106740 1:0 121227
121227 106738 1:0 121227
121227 106741 1:0 121227
121228 365 1:0 121852
121228 106644 1:0 121857
121253 106734 1:0 121253
121280 106733 1:0 121280
121282 106623 1:0 121880
121285 106727 1:0 121285
121288 106653 1:0 121861
121289 56905 1:0 121878
121289 53 1:0 121878
121289 54859 1:0 122007
121289 54858 1:0 122007
121289 54860 1:0 122043
121289 54861 1:0 122044
121297 106573 1:0 121880
121298 106633 1:0 121880
121298 56955 1:0 122007
121298 54847 1:0 121857
121298 54851 1:0 121857
121298 54849 1:0 121861
121298 54845 1:0 121880
121298 54995 1:0 122073
121298 54996 1:0 122073
121298 54993 1:0 122078
121317 54406 21:0 121342
121341 54404 21:0 121368
121370 54415 21:0 121392
121391 54413 21:0 121392
121391 54414 21:0 121392
121391 54411 21:0 121392
121391 54412 21:0 121392
121391 54416 21:0 121395
121394 54408 21:0 121395
121394 54409 21:0 121395
121394 54410 21:0 121395
121394 54418 21:0 121395
121394 54403 21:0 121395
121394 54405 21:0 121395
121394 54420 21:0 121395
121394 54417 21:0 121395
121394 54407 21:0 121395
121394 54419 21:0 121395
121400 56869 1:0 121859
121400 27 1:0 122053
121400 106577 1:0 122064
121400 56923 1:0 122070
121400 54992 1:0 122073
121400 54997 1:0 122073
121400 54998 1:0 122082
121401 106625 1:0 122053
121401 106593 1:0 122064
121402 106721 1:0 121402
121410 106569 1:0 122064
121410 106568 1:0 122073
121410 106592 1:0 122073
121410 106611 1:0 122078
121410 103862 1:0 122082
121410 37 1:0 122082
121410 106620 1:0 122082
121410 56931 1:0 122082
121410 35 1:0 122099
121410 106600 1:0 122101
121410 56962 1:0 122101
121410 56988 1:0 122303
121410 19 1:0 122303
121410 106587 1:0 122303
121410 106567 1:0 122379
121410 17 1:0 122379
121410 57019 1:0 122379
121410 75797 1:0 122493
121410 80750 1:0 122493
121410 98911 1:0 122493
121410 90656 1:0 122493
121410 92307 1:0 122493
121410 89005 1:0 122493
121410 87354 1:0 122493
121410 85703 1:0 122493
121410 84052 1:0 122493
121410 82401 1:0 122493
121410 79099 1:0 122493
121410 93958 1:0 122493
121410 102213 1:0 122493
121410 107166 1:0 122493
121410 105515 1:0 122493
121410 64240 1:0 122493
121410 62589 1:0 122493
121410 65891 1:0 122493
121410 60938 1:0 122493
121410 67542 1:0 122493
121410 69193 1:0 122493
121410 70844 1:0 122493
121410 59287 1:0 122493
121410 57636 1:0 122493
121410 97260 1:0 122493
121410 95609 1:0 122493
121410 55985 1:0 122493
121410 72495 1:0 122493
121410 74146 1:0 122493
121410 77448 1:0 122493
121410 54994 1:0 122082
121410 54991 1:0 122101
121410 55005 1:0 122254
121410 55006 1:0 122255
121410 55007 1:0 122264
121410 55008 1:0 122265
121410 55152 1:0 122475
121410 55153 1:0 122476
121410 55154 1:0 122485
121410 55155 1:0 122486
121416 106591 1:0 122101
121418 105513 1:0 122082
121419 106720 1:0 121419
121421 102211 1:0 122082
121421 98909 1:0 122277
121424 106714 1:0 121424
121439 106709 1:0 121439
121448 106705 1:0 121448
121448 106708 1:0 121448
121448 106707 1:0 121448
121449 106590 1:0 122274
121474 106701 1:0 121474
121490 95607 1:0 122277
121490 93956 1:0 122277
121490 97258 1:0 122277
121490 57001 1:0 122303
121501 106700 1:0 121501
121503 100560 1:0 122277
121503 85701 1:0 122285
121506 106694 1:0 121506
121518 87352 1:0 122285
121518 92305 1:0 122285
121519 89003 1:0 122285
121541 54552 21:0 121564
121563 54554 21:0 121570
121569 54553 21:0 121577
121578 54561 21:0 121613
121612 54560 21:0 121613
121612 54559 21:0 121613
121612 54558 21:0 121613
121612 54562 21:0 121613
121612 54563 21:0 121616
121615 54566 21:0 121616
121615 54550 21:0 121616
121615 54556 21:0 121616
121615 54567 21:0 121616
121615 54557 21:0 121616
121615 54565 21:0 121616
121615 54564 21:0 121616
121615 54555 21:0 121616
121615 54551 21:0 121616
121621 90654 1:0 122285
121621 79097 1:0 122288
121621 77446 1:0 122288
121621 84050 1:0 122288
121621 82399 1:0 122288
121621 80748 1:0 122288
121621 75795 1:0 122294
121621 57015 1:0 122303
121622 72493 1:0 122294
121622 69191 1:0 122294
121622 74144 1:0 122294
121622 70842 1:0 122294
121622 67540 1:0 122297
121622 60936 1:0 122297
121622 62587 1:0 122297
121622 65889 1:0 122297
121622 64238 1:0 122297
121622 57634 1:0 122322
121622 59285 1:0 122322
121622 55149 1:0 122322
121631 9 1:0 122322
121631 55983 1:0 122322
121631 3 1:0 122325
121631 106578 1:0 122331
121631 5 1:0 122357
121631 7 1:0 122359
121631 57010 1:0 122360
121631 57012 1:0 122373
121631 55991 1:0 122493
121631 329 1:0 122504
121631 55240 1:0 122506
121631 334 1:0 291
121631 55150 1:0 122322
121631 55147 1:0 122325
121631 55145 1:0 122357
121631 55138 1:0 122357
121631 55146 1:0 122360
121631 55144 1:0 122360
121631 55151 1:0 122376
121631 55143 1:0 122376
121631 55142 1:0 122379
121631 55148 1:0 122379
121631 55140 1:0 122379
121631 55141 1:0 122379
121631 55139 1:0 122379
121631 55241 1:0 122507
121782 54703 21:0 121808
121809 54710 21:0 121834
121833 54705 21:0 121834
121833 54707 21:0 121834
121833 54708 21:0 121834
121833 54706 21:0 121834
121833 54709 21:0 121837
121836 54699 21:0 121837
121836 54713 21:0 121837
121836 54698 21:0 121837
121836 54714 21:0 121837
121836 54701 21:0 121837
121836 54712 21:0 121837
121836 54711 21:0 121837
121836 54704 21:0 121837
121836 54700 21:0 121837
121836 54697 21:0 121837
121836 54702 21:0 121837
121990 54849 21:0 122006
122010 54853 21:0 122055
122054 54852 21:0 122055
122054 54854 21:0 122055
122054 54856 21:0 122055
122054 54855 21:0 122055
122054 54857 21:0 122055
122054 54845 21:0 122058
122057 54844 21:0 122058
122057 54850 21:0 122058
122057 54846 21:0 122058
122057 54851 21:0 122058
122057 54858 21:0 122058
122057 54848 21:0 122058
122057 54847 21:0 122058
122057 54860 21:0 122058
122057 54861 21:0 122058
122057 54859 21:0 122058
122194 54991 21:0 122245
122244 54998 21:0 122276
122275 54999 21:0 122276
122275 55001 21:0 122276
122275 55004 21:0 122276
122275 55000 21:0 122276
122275 55003 21:0 122276
122275 55002 21:0 122279
122278 55007 21:0 122279
122278 55006 21:0 122279
122278 55008 21:0 122279
122278 55005 21:0 122279
122278 54997 21:0 122279
122278 54992 21:0 122279
122278 54995 21:0 122279
122278 54996 21:0 122279
122278 54993 21:0 122279
122278 54994 21:0 122279
122401 365 21:0 303
