86 33690 0:0 88
86 33687 0:0 88
86 33689 0:0 88
86 33688 0:0 88
123 33686 0:0 124
127 33692 0:0 129
127 33685 0:0 129
128 33779 0:0 129
128 33780 0:0 129
128 33679 0:0 129
128 33680 0:0 129
139 11 0:0 140
139 5 0:0 140
139 755 0:0 140
139 33842 0:0 140
139 33846 0:0 140
139 3 0:0 140
139 9 0:0 140
139 7 0:0 140
139 33841 0:0 140
139 33852 0:0 140
139 33826 0:0 140
139 33832 0:0 140
139 33839 0:0 140
139 33840 0:0 140
139 33833 0:0 140
139 33837 0:0 140
139 33682 0:0 140
139 33683 0:0 140
139 33684 0:0 140
139 33681 0:0 140
139 15 0:0 140
144 33854 0:0 145
144 13 0:0 145
144 15 1:0 146
149 17 0:0 150
149 33846 1:0 150
149 33856 0:0 150
149 33853 0:0 150
149 33855 0:0 150
151 755 1:0 153
155 755 0:0 156
160 755 1:0 161
162 33846 0:0 164
162 15 0:0 164
162 33857 0:0 164
163 33865 0:0 164
170 25 0:0 172
190 755 0:0 191
198 23 0:0 200
198 33866 0:0 200
198 27 0:0 200
204 33872 0:0 205
204 33870 0:0 205
204 33873 0:0 205
204 33875 0:0 205
215 29 0:0 216
215 33885 0:0 216
215 33874 0:0 216
215 33879 0:0 216
215 33859 0:0 216
220 31 0:0 221
220 33887 0:0 221
225 33888 0:0 226
225 33889 0:0 226
225 33879 1:0 226
225 33886 0:0 226
225 35 0:0 226
227 755 1:0 229
231 755 0:0 232
236 755 1:0 237
238 33879 0:0 240
238 33 0:0 240
238 33890 0:0 240
239 33898 0:0 240
246 43 0:0 248
266 755 0:0 267
274 41 0:0 276
274 45 0:0 276
274 33899 0:0 276
280 33905 0:0 281
280 33903 0:0 281
280 33906 0:0 281
280 33908 0:0 281
291 33892 0:0 292
291 47 0:0 292
291 33912 0:0 292
291 33918 0:0 292
291 33907 0:0 292
296 49 0:0 297
301 53 0:0 302
301 33912 1:0 302
301 33922 0:0 302
301 33921 0:0 302
301 33919 0:0 302
301 33920 21:0 525
303 755 1:0 305
307 755 0:0 308
312 755 1:0 313
314 33923 0:0 316
314 51 0:0 316
314 33912 0:0 316
315 33931 0:0 316
322 61 0:0 324
342 755 0:0 343
350 33932 0:0 352
350 63 0:0 352
350 59 0:0 352
356 33939 0:0 357
356 33938 0:0 357
356 33936 0:0 357
356 33941 0:0 357
365 67 1:0 365
367 65 0:0 368
367 33925 0:0 368
367 33945 0:0 368
367 33940 0:0 368
367 33951 0:0 368
370 71 1:0 370
372 67 0:0 373
372 33953 0:0 373
375 69 1:0 375
377 71 0:0 378
377 33952 0:0 378
377 33945 1:0 378
377 33954 0:0 378
377 33955 0:0 378
379 755 1:0 381
383 755 0:0 384
388 755 1:0 389
390 33956 0:0 392
390 69 0:0 392
390 33945 0:0 392
391 33964 0:0 392
398 79 0:0 400
418 755 0:0 419
426 77 0:0 428
426 33965 0:0 428
426 81 0:0 428
432 33971 0:0 433
432 33969 0:0 433
432 33972 0:0 433
432 33974 0:0 433
441 85 1:0 441
443 33973 0:0 444
443 33978 0:0 444
443 83 0:0 444
443 33958 0:0 444
443 33984 0:0 444
446 89 1:0 446
448 33986 0:0 449
448 85 0:0 449
451 87 1:0 451
453 33985 0:0 454
453 33988 0:0 454
453 89 0:0 454
453 33987 0:0 454
453 33978 1:0 454
455 755 1:0 457
459 755 0:0 460
464 755 1:0 465
466 87 0:0 468
466 33978 0:0 468
466 33989 0:0 468
467 33997 0:0 468
474 97 0:0 476
494 755 0:0 495
502 99 0:0 504
502 95 0:0 504
502 33998 0:0 504
508 34004 0:0 509
508 34005 0:0 509
508 34002 0:0 509
508 34007 0:0 509
517 103 1:0 517
519 34011 0:0 520
519 34006 0:0 520
519 34017 0:0 520
519 33991 0:0 520
519 101 0:0 520
522 107 1:0 522
524 103 0:0 525
524 34019 21:0 748
527 105 1:0 527
529 34011 1:0 530
529 34021 0:0 530
529 34020 0:0 530
529 107 0:0 530
529 34018 0:0 530
531 755 1:0 533
535 755 0:0 536
540 755 1:0 541
542 34022 0:0 544
542 34011 0:0 544
542 105 0:0 544
543 34030 0:0 544
550 115 0:0 552
570 755 0:0 571
578 117 0:0 580
578 34031 0:0 580
578 113 0:0 580
584 34037 0:0 585
584 34038 0:0 585
584 34040 0:0 585
584 34035 0:0 585
593 121 1:0 593
595 34039 0:0 596
595 34050 0:0 596
595 119 0:0 596
595 34044 0:0 596
595 34024 0:0 596
598 125 1:0 598
600 121 0:0 601
600 34052 0:0 601
603 123 1:0 603
605 34051 0:0 606
605 125 0:0 606
605 34044 1:0 606
605 34054 0:0 606
605 34053 0:0 606
607 755 1:0 609
611 755 0:0 612
616 755 1:0 617
618 34055 0:0 620
618 34044 0:0 620
618 123 0:0 620
619 34063 0:0 620
626 133 0:0 628
646 755 0:0 647
654 135 0:0 656
654 131 0:0 656
654 34064 0:0 656
660 34068 0:0 661
660 34071 0:0 661
660 34070 0:0 661
660 34073 0:0 661
669 139 1:0 669
671 34077 0:0 672
671 34057 0:0 672
671 34083 0:0 672
671 137 0:0 672
671 34072 0:0 672
674 143 1:0 674
676 34085 0:0 677
676 139 0:0 677
679 141 1:0 679
681 34084 0:0 682
681 34077 1:0 682
681 34086 0:0 682
681 34087 0:0 682
681 143 0:0 682
683 755 1:0 685
687 755 0:0 688
692 755 1:0 693
694 141 0:0 696
694 34088 0:0 696
694 34077 0:0 696
695 34096 0:0 696
702 151 0:0 704
722 755 0:0 723
730 149 0:0 732
730 153 0:0 732
730 34097 0:0 732
736 34106 0:0 737
736 34101 0:0 737
736 34104 0:0 737
736 34103 0:0 737
745 157 1:0 745
747 34116 0:0 748
747 155 0:0 748
747 34105 0:0 748
747 34090 0:0 748
750 161 1:0 750
750 34118 21:0 976
751 157 0:0 753
755 159 1:0 755
757 34119 0:0 758
757 34120 0:0 758
757 34117 0:0 758
757 161 0:0 758
759 755 1:0 761
763 755 0:0 764
768 755 1:0 769
770 34121 0:0 772
770 159 0:0 772
770 34110 0:0 772
771 34129 0:0 772
778 169 0:0 780
798 755 0:0 799
806 167 0:0 808
806 171 0:0 808
806 34130 0:0 808
812 34139 0:0 813
812 34134 0:0 813
812 34137 0:0 813
812 34136 0:0 813
821 175 1:0 821
823 34149 0:0 824
823 34138 0:0 824
823 173 0:0 824
823 34143 0:0 824
823 34123 0:0 824
826 179 1:0 826
828 175 0:0 829
828 34151 0:0 829
831 177 1:0 831
833 34143 1:0 834
833 34150 0:0 834
833 34152 0:0 834
833 179 0:0 834
833 34153 0:0 834
835 755 1:0 837
839 755 0:0 840
844 755 1:0 845
846 34143 0:0 848
846 34154 0:0 848
846 177 0:0 848
847 34162 0:0 848
854 187 0:0 856
874 755 0:0 875
882 185 0:0 884
882 189 0:0 884
882 34163 0:0 884
888 34172 0:0 889
888 34170 0:0 889
888 34167 0:0 889
888 34169 0:0 889
897 193 1:0 897
899 34171 0:0 900
899 34156 0:0 900
899 34176 0:0 900
899 191 0:0 900
899 34182 0:0 900
902 197 1:0 902
904 193 0:0 905
904 34184 0:0 905
907 195 1:0 907
909 34176 1:0 910
909 34183 0:0 910
909 34186 0:0 910
909 34185 0:0 910
909 197 0:0 910
911 755 1:0 913
915 755 0:0 916
920 755 1:0 921
922 34187 0:0 924
922 195 0:0 924
922 34176 0:0 924
923 34195 0:0 924
930 205 0:0 932
950 755 0:0 951
958 203 0:0 960
958 34196 0:0 960
958 207 0:0 960
964 34202 0:0 965
964 34205 0:0 965
964 34200 0:0 965
964 34203 0:0 965
973 211 1:0 973
975 34189 0:0 976
975 209 0:0 976
975 34204 0:0 976
975 34215 0:0 976
978 215 1:0 978
978 34217 21:0 1204
979 211 0:0 981
983 213 1:0 983
985 34219 0:0 986
985 215 0:0 986
985 34218 0:0 986
985 34216 0:0 986
987 755 1:0 989
991 755 0:0 992
996 755 1:0 997
998 34220 0:0 1000
998 213 0:0 1000
998 34209 0:0 1000
999 34228 0:0 1000
1006 223 0:0 1008
1026 755 0:0 1027
1034 34229 0:0 1036
1034 221 0:0 1036
1034 225 0:0 1036
1040 34233 0:0 1041
1040 34235 0:0 1041
1040 34238 0:0 1041
1040 34236 0:0 1041
1049 229 1:0 1049
1051 34242 0:0 1052
1051 34222 0:0 1052
1051 34237 0:0 1052
1051 34248 0:0 1052
1051 227 0:0 1052
1054 233 1:0 1054
1056 34250 0:0 1057
1056 229 0:0 1057
1059 231 1:0 1059
1061 34251 0:0 1062
1061 34252 0:0 1062
1061 34242 1:0 1062
1061 34249 0:0 1062
1061 233 0:0 1062
1063 755 1:0 1065
1067 755 0:0 1068
1072 755 1:0 1073
1074 34253 0:0 1076
1074 231 0:0 1076
1074 34242 0:0 1076
1075 34261 0:0 1076
1082 241 0:0 1084
1102 755 0:0 1103
1110 34262 0:0 1112
1110 239 0:0 1112
1110 243 0:0 1112
1116 34271 0:0 1117
1116 34269 0:0 1117
1116 34268 0:0 1117
1116 34266 0:0 1117
1125 247 1:0 1125
1127 34275 0:0 1128
1127 34255 0:0 1128
1127 34270 0:0 1128
1127 34281 0:0 1128
1127 245 0:0 1128
1130 251 1:0 1130
1132 247 0:0 1133
1132 34283 0:0 1133
1135 249 1:0 1135
1137 251 0:0 1138
1137 34275 1:0 1138
1137 34282 0:0 1138
1137 34284 0:0 1138
1137 34285 0:0 1138
1139 755 1:0 1141
1143 755 0:0 1144
1148 755 1:0 1149
1150 34286 0:0 1152
1150 34275 0:0 1152
1150 249 0:0 1152
1151 34294 0:0 1152
1158 259 0:0 1160
1178 755 0:0 1179
1186 257 0:0 1188
1186 34295 0:0 1188
1186 261 0:0 1188
1192 34299 0:0 1193
1192 34302 0:0 1193
1192 34301 0:0 1193
1192 34304 0:0 1193
1201 265 1:0 1201
1203 34308 0:0 1204
1203 34288 0:0 1204
1203 34303 0:0 1204
1203 263 0:0 1204
1203 34314 21:0 1264
1206 269 1:0 1206
1208 265 0:0 1209
1208 34316 0:0 1209
1211 267 1:0 1211
1213 269 0:0 1214
1213 34317 0:0 1214
1213 34308 1:0 1214
1213 34318 0:0 1214
1213 34315 0:0 1214
1215 755 1:0 1217
1219 755 0:0 1220
1224 755 1:0 1225
1226 34319 0:0 1228
1226 267 0:0 1228
1226 34308 0:0 1228
1227 34327 0:0 1228
1234 277 0:0 1236
1254 755 0:0 1255
1262 34328 0:0 1264
1262 279 0:0 1264
1262 275 0:0 1264
1264 34334 21:0 1290
1268 34337 0:0 1269
1268 34335 0:0 1269
1268 34332 0:0 1269
1277 283 1:0 1277
1279 34341 0:0 1280
1279 34321 0:0 1280
1279 34347 0:0 1280
1279 281 0:0 1280
1279 34336 0:0 1280
1282 287 1:0 1282
1284 34349 0:0 1285
1284 283 0:0 1285
1287 285 1:0 1287
1289 34351 0:0 1290
1289 287 0:0 1290
1289 34350 0:0 1290
1289 34341 1:0 1290
1289 34348 21:0 1366
1291 755 1:0 1293
1295 755 0:0 1296
1300 755 1:0 1301
1302 34341 0:0 1304
1302 285 0:0 1304
1302 34352 0:0 1304
1303 34360 0:0 1304
1310 295 0:0 1312
1330 755 0:0 1331
1338 34361 0:0 1340
1338 297 0:0 1340
1338 293 0:0 1340
1344 34368 0:0 1345
1344 34370 0:0 1345
1344 34365 0:0 1345
1344 34367 0:0 1345
1353 301 1:0 1353
1355 34374 0:0 1356
1355 34380 0:0 1356
1355 34369 0:0 1356
1355 34354 0:0 1356
1355 299 0:0 1356
1358 305 1:0 1358
1360 34382 0:0 1361
1360 301 0:0 1361
1363 303 1:0 1363
1365 34374 1:0 1366
1365 305 0:0 1366
1365 34383 0:0 1366
1365 34384 0:0 1366
1365 34381 21:0 1437
1367 755 1:0 1369
1371 755 0:0 1372
1376 755 1:0 1377
1378 34385 0:0 1380
1378 34374 0:0 1380
1378 303 0:0 1380
1379 34393 0:0 1380
1386 313 0:0 1388
1406 755 0:0 1407
1414 34394 0:0 1416
1414 315 0:0 1416
1414 311 0:0 1416
1420 34403 0:0 1421
1420 34400 0:0 1421
1420 34398 0:0 1421
1420 34401 0:0 1421
1429 319 1:0 1429
1431 34407 0:0 1432
1431 34387 0:0 1432
1431 34402 0:0 1432
1431 317 0:0 1432
1434 323 1:0 1434
1436 34415 0:0 1437
1436 319 0:0 1437
1436 34413 21:0 1508
1439 321 1:0 1439
1441 323 0:0 1442
1441 34416 0:0 1442
1441 34414 0:0 1442
1441 34417 0:0 1442
1441 34407 1:0 1442
1443 755 1:0 1445
1447 755 0:0 1448
1452 755 1:0 1453
1454 321 0:0 1456
1454 34407 0:0 1456
1454 34418 0:0 1456
1455 34426 0:0 1456
1462 331 0:0 1464
1482 755 0:0 1483
1490 333 0:0 1492
1490 329 0:0 1492
1490 34427 0:0 1492
1496 34433 0:0 1497
1496 34431 0:0 1497
1496 34436 0:0 1497
1496 34434 0:0 1497
1505 337 1:0 1505
1507 335 0:0 1508
1507 34420 0:0 1508
1507 34440 0:0 1508
1507 34435 0:0 1508
1507 34446 21:0 1573
1510 341 1:0 1510
1512 337 0:0 1513
1512 34448 0:0 1513
1515 339 1:0 1515
1517 34449 0:0 1518
1517 341 0:0 1518
1517 34450 0:0 1518
1517 34447 0:0 1518
1517 34440 1:0 1518
1519 755 1:0 1521
1523 755 0:0 1524
1528 755 1:0 1529
1530 34440 0:0 1532
1530 34451 0:0 1532
1530 339 0:0 1532
1531 34459 0:0 1532
1538 349 0:0 1540
1558 755 0:0 1559
1566 351 0:0 1568
1566 34460 0:0 1568
1566 347 0:0 1568
1572 34467 0:0 1573
1572 34464 0:0 1573
1572 34469 0:0 1573
1572 34466 21:0 1594
1581 355 1:0 1581
1583 34479 0:0 1584
1583 34473 0:0 1584
1583 353 0:0 1584
1583 34468 0:0 1584
1583 34453 0:0 1584
1586 359 1:0 1586
1588 355 0:0 1589
1588 34481 0:0 1589
1591 357 1:0 1591
1593 34473 1:0 1594
1593 359 0:0 1594
1593 34483 0:0 1594
1593 34482 0:0 1594
1593 34480 21:0 1670
1595 755 1:0 1597
1599 755 0:0 1600
1604 755 1:0 1605
1606 357 0:0 1608
1606 34484 0:0 1608
1606 34473 0:0 1608
1607 34492 0:0 1608
1614 367 0:0 1616
1634 755 0:0 1635
1642 369 0:0 1644
1642 34493 0:0 1644
1642 365 0:0 1644
1648 34502 0:0 1649
1648 34500 0:0 1649
1648 34499 0:0 1649
1648 34497 0:0 1649
1657 373 1:0 1657
1659 34506 0:0 1660
1659 34501 0:0 1660
1659 371 0:0 1660
1659 34512 0:0 1660
1659 34486 0:0 1660
1662 377 1:0 1662
1664 34514 0:0 1665
1664 373 0:0 1665
1667 375 1:0 1667
1669 34506 1:0 1670
1669 34515 0:0 1670
1669 34516 0:0 1670
1669 377 0:0 1670
1669 34513 21:0 1741
1671 755 1:0 1673
1675 755 0:0 1676
1680 755 1:0 1681
1682 34506 0:0 1684
1682 375 0:0 1684
1682 34517 0:0 1684
1683 34525 0:0 1684
1690 385 0:0 1692
1710 755 0:0 1711
1718 34526 0:0 1720
1718 383 0:0 1720
1718 387 0:0 1720
1724 34530 0:0 1725
1724 34535 0:0 1725
1724 34532 0:0 1725
1724 34533 0:0 1725
1733 391 1:0 1733
1735 34534 0:0 1736
1735 389 0:0 1736
1735 34539 0:0 1736
1735 34519 0:0 1736
1738 395 1:0 1738
1740 391 0:0 1741
1740 34547 0:0 1741
1740 34545 21:0 1812
1743 393 1:0 1743
1745 34548 0:0 1746
1745 34539 1:0 1746
1745 34549 0:0 1746
1745 34546 0:0 1746
1745 395 0:0 1746
1747 755 1:0 1749
1751 755 0:0 1752
1756 755 1:0 1757
1758 34539 0:0 1760
1758 34550 0:0 1760
1758 393 0:0 1760
1759 34558 0:0 1760
1766 403 0:0 1768
1786 755 0:0 1787
1794 34559 0:0 1796
1794 401 0:0 1796
1794 405 0:0 1796
1800 34566 0:0 1801
1800 34568 0:0 1801
1800 34563 0:0 1801
1800 34565 0:0 1801
1809 409 1:0 1809
1811 407 0:0 1812
1811 34552 0:0 1812
1811 34567 0:0 1812
1811 34572 0:0 1812
1811 34578 21:0 1877
1814 413 1:0 1814
1816 409 0:0 1817
1816 34580 0:0 1817
1819 411 1:0 1819
1821 34572 1:0 1822
1821 34581 0:0 1822
1821 413 0:0 1822
1821 34582 0:0 1822
1821 34579 0:0 1822
1823 755 1:0 1825
1827 755 0:0 1828
1832 755 1:0 1833
1834 34583 0:0 1836
1834 411 0:0 1836
1834 34572 0:0 1836
1835 34591 0:0 1836
1842 421 0:0 1844
1862 755 0:0 1863
1870 419 0:0 1872
1870 423 0:0 1872
1870 34592 0:0 1872
1876 34601 0:0 1877
1876 34598 0:0 1877
1876 34596 0:0 1877
1876 34599 21:0 1912
1885 427 1:0 1885
1887 34611 0:0 1888
1887 34605 0:0 1888
1887 34600 0:0 1888
1887 34585 0:0 1888
1887 425 0:0 1888
1890 431 1:0 1890
1892 34613 0:0 1893
1892 427 0:0 1893
1895 429 1:0 1895
1897 34612 0:0 1898
1897 34605 1:0 1898
1897 34614 0:0 1898
1897 431 0:0 1898
1897 34615 0:0 1898
1899 755 1:0 1901
1910 34605 0:0 1912
1910 34616 0:0 1912
1910 429 0:0 1912
1911 34624 0:0 1912
1912 437 0:0 1920
1916 439 0:0 1920
1920 441 0:0 1943
1920 34625 0:0 1948
1934 755 21:0 1948
1948 34632 21:0 1974
1952 34629 0:0 1953
1952 34631 0:0 1953
1952 34634 0:0 1953
1961 445 1:0 1961
1963 34618 0:0 1964
1963 34633 0:0 1964
1963 34644 0:0 1964
1963 34638 0:0 1964
1963 443 0:0 1964
1966 449 1:0 1966
1968 34646 0:0 1969
1968 445 0:0 1969
1971 447 1:0 1971
1973 34638 1:0 1973
1973 755 1:0 1973
1973 34645 0:0 1974
1973 449 0:0 1974
1973 34648 0:0 1974
1973 34647 0:0 1974
1974 447 0:0 1988
1974 34649 0:0 1988
1976 34638 0:0 1988
1985 34657 0:0 1988
1988 455 0:0 1996
1992 457 0:0 1996
1996 459 0:0 2019
1996 34658 0:0 2024
2010 755 21:0 2024
2024 34662 21:0 2050
2028 34664 0:0 2029
2028 34665 0:0 2029
2028 34667 0:0 2029
2037 463 1:0 2037
2039 34677 0:0 2040
2039 34651 0:0 2040
2039 34666 0:0 2040
2039 461 0:0 2040
2039 34671 0:0 2040
2042 467 1:0 2042
2044 34679 0:0 2045
2044 463 0:0 2045
2047 465 1:0 2047
2049 755 1:0 2049
2049 34671 1:0 2049
2049 34678 0:0 2050
2049 467 0:0 2050
2049 34680 0:0 2050
2049 34681 0:0 2050
2050 34682 0:0 2064
2050 465 0:0 2064
2052 34671 0:0 2064
2061 34690 0:0 2064
2064 473 0:0 2072
2068 475 0:0 2072
2072 477 0:0 2095
2072 34691 0:0 2100
2086 755 21:0 2100
2100 34695 21:0 2126
2104 34698 0:0 2105
2104 34697 0:0 2105
2104 34700 0:0 2105
2113 481 1:0 2113
2115 34704 0:0 2116
2115 34684 0:0 2116
2115 34699 0:0 2116
2115 479 0:0 2116
2115 34710 0:0 2116
2118 485 1:0 2118
2120 34712 0:0 2121
2120 481 0:0 2121
2123 483 1:0 2123
2125 755 1:0 2125
2125 34704 1:0 2125
2125 34714 0:0 2126
2125 34713 0:0 2126
2125 485 0:0 2126
2125 34711 0:0 2126
2126 483 0:0 2140
2126 34715 0:0 2140
2128 34704 0:0 2140
2137 34723 0:0 2140
2140 491 0:0 2148
2144 493 0:0 2148
2148 495 0:0 2171
2148 34724 0:0 2176
2162 755 21:0 2176
2176 34728 21:0 2202
2180 34733 0:0 2181
2180 34731 0:0 2181
2180 34730 0:0 2181
2189 499 1:0 2189
2191 497 0:0 2192
2191 34737 0:0 2192
2191 34717 0:0 2192
2191 34732 0:0 2192
2191 34743 0:0 2192
2194 503 1:0 2194
2196 499 0:0 2197
2196 34745 0:0 2197
2199 501 1:0 2199
2201 34737 1:0 2201
2201 755 1:0 2201
2201 503 0:0 2202
2201 34744 0:0 2202
2201 34746 0:0 2202
2201 34747 0:0 2202
2202 501 0:0 2216
2202 34748 0:0 2216
2204 34737 0:0 2216
2213 34756 0:0 2216
2216 509 0:0 2224
2220 511 0:0 2224
2224 513 0:0 2247
2224 34757 0:0 2252
2238 755 21:0 2252
2252 34761 21:0 2278
2256 34763 0:0 2257
2256 34764 0:0 2257
2256 34766 0:0 2257
2265 517 1:0 2265
2267 34750 0:0 2268
2267 34770 0:0 2268
2267 515 0:0 2268
2267 34776 0:0 2268
2267 34765 0:0 2268
2270 521 1:0 2270
2272 517 0:0 2273
2272 34778 0:0 2273
2275 519 1:0 2275
2277 34770 1:0 2277
2277 755 1:0 2277
2277 34780 0:0 2278
2277 521 0:0 2278
2277 34779 0:0 2278
2277 34777 0:0 2278
2278 34781 0:0 2292
2278 519 0:0 2292
2280 34770 0:0 2292
2289 34789 0:0 2292
2292 527 0:0 2300
2296 529 0:0 2300
2300 531 0:0 2323
2300 34790 0:0 2328
2314 755 21:0 2328
2328 34797 21:0 2354
2332 34799 0:0 2333
2332 34794 0:0 2333
2332 34796 0:0 2333
2341 535 1:0 2341
2343 34803 0:0 2344
2343 533 0:0 2344
2343 34809 0:0 2344
2343 34783 0:0 2344
2343 34798 0:0 2344
2346 539 1:0 2346
2348 535 0:0 2349
2348 34811 0:0 2349
2351 537 1:0 2351
2353 34803 1:0 2353
2353 755 1:0 2353
2353 34812 0:0 2354
2353 34813 0:0 2354
2353 34810 0:0 2354
2353 539 0:0 2354
2354 34814 0:0 2368
2354 537 0:0 2368
2356 34803 0:0 2368
2365 34822 0:0 2368
2368 545 0:0 2376
2372 547 0:0 2376
2376 549 0:0 2399
2376 34823 0:0 2404
2390 755 21:0 2404
2404 34827 21:0 2430
2408 34832 0:0 2409
2408 34829 0:0 2409
2408 34830 0:0 2409
2417 553 1:0 2417
2419 34831 0:0 2420
2419 34842 0:0 2420
2419 34816 0:0 2420
2419 551 0:0 2420
2419 34836 0:0 2420
2422 557 1:0 2422
2424 553 0:0 2425
2424 34844 0:0 2425
2427 555 1:0 2427
2429 34846 0:0 2430
2429 34845 0:0 2430
2429 557 0:0 2430
2429 34836 1:0 2430
2429 34843 0:0 2430
2429 755 1:0 2433
2441 34855 21:0 2506
2442 34836 0:0 2444
2442 555 0:0 2444
2442 34847 0:0 2444
2450 565 0:0 2452
2470 755 0:0 2471
2478 34856 0:0 2480
2478 567 0:0 2480
2478 563 0:0 2480
2484 34862 0:0 2485
2484 34865 0:0 2485
2484 34863 0:0 2485
2484 34860 0:0 2485
2493 571 1:0 2493
2495 34869 0:0 2496
2495 34849 0:0 2496
2495 34864 0:0 2496
2495 34875 0:0 2496
2495 569 0:0 2496
2498 575 1:0 2498
2500 571 0:0 2501
2500 34877 0:0 2501
2503 573 1:0 2503
2505 575 0:0 2506
2505 34879 0:0 2506
2505 34878 0:0 2506
2505 34869 1:0 2506
2505 34876 21:0 2577
2507 755 1:0 2509
2511 755 0:0 2512
2516 755 1:0 2517
2518 573 0:0 2520
2518 34880 0:0 2520
2518 34869 0:0 2520
2519 34888 0:0 2520
2526 583 0:0 2528
2546 755 0:0 2547
2554 585 0:0 2556
2554 34889 0:0 2556
2554 581 0:0 2556
2560 34896 0:0 2561
2560 34895 0:0 2561
2560 34893 0:0 2561
2560 34898 0:0 2561
2569 589 1:0 2569
2571 34882 0:0 2572
2571 587 0:0 2572
2571 34897 0:0 2572
2571 34902 0:0 2572
2574 593 1:0 2574
2576 34910 0:0 2577
2576 589 0:0 2577
2576 34908 21:0 2648
2579 591 1:0 2579
2581 34902 1:0 2582
2581 34911 0:0 2582
2581 34912 0:0 2582
2581 593 0:0 2582
2581 34909 0:0 2582
2583 755 1:0 2585
2587 755 0:0 2588
2592 755 1:0 2593
2594 34902 0:0 2596
2594 591 0:0 2596
2594 34913 0:0 2596
2595 34921 0:0 2596
2602 601 0:0 2604
2622 755 0:0 2623
2630 599 0:0 2632
2630 603 0:0 2632
2630 34922 0:0 2632
2636 34928 0:0 2637
2636 34929 0:0 2637
2636 34926 0:0 2637
2636 34931 0:0 2637
2645 607 1:0 2645
2647 605 0:0 2648
2647 34930 0:0 2648
2647 34935 0:0 2648
2647 34915 0:0 2648
2647 34941 21:0 2724
2650 611 1:0 2650
2652 34943 0:0 2653
2652 607 0:0 2653
2655 609 1:0 2655
2657 34942 0:0 2658
2657 34935 1:0 2658
2657 34944 0:0 2658
2657 611 0:0 2658
2657 34945 0:0 2658
2659 755 1:0 2661
2663 755 0:0 2664
2668 755 1:0 2669
2670 34946 0:0 2672
2670 609 0:0 2672
2670 34935 0:0 2672
2671 34954 0:0 2672
2678 619 0:0 2680
2698 755 0:0 2699
2706 621 0:0 2708
2706 34955 0:0 2708
2706 617 0:0 2708
2712 34964 0:0 2713
2712 34959 0:0 2713
2712 34961 0:0 2713
2712 34962 0:0 2713
2721 625 1:0 2721
2723 34968 0:0 2724
2723 34963 0:0 2724
2723 623 0:0 2724
2723 34974 0:0 2724
2723 34948 21:0 2748
2726 629 1:0 2726
2728 625 0:0 2729
2728 34976 0:0 2729
2731 627 1:0 2731
2733 34975 0:0 2734
2733 34978 0:0 2734
2733 34968 1:0 2734
2733 34977 0:0 2734
2733 629 0:0 2734
2735 755 1:0 2737
2746 34968 0:0 2748
2746 627 0:0 2748
2746 34979 0:0 2748
2747 34987 0:0 2748
2748 635 0:0 2756
2752 637 0:0 2756
2756 639 0:0 2779
2756 34988 0:0 2784
2770 755 21:0 2784
2784 34994 21:0 2810
2786 641 1:0 2786
2788 34997 0:0 2789
2788 34992 0:0 2789
2788 34995 0:0 2789
2797 643 1:0 2797
2799 35001 0:0 2800
2799 641 0:0 2800
2799 35007 0:0 2800
2799 34996 0:0 2800
2799 34981 0:0 2800
2802 647 1:0 2802
2804 643 0:0 2805
2804 35009 0:0 2805
2807 645 1:0 2807
2809 755 1:0 2809
2809 35001 1:0 2809
2809 35008 0:0 2810
2809 35010 0:0 2810
2809 35011 0:0 2810
2809 647 0:0 2810
2810 645 0:0 2824
2810 35012 0:0 2824
2812 35001 0:0 2824
2821 653 1:0 2821
2821 35020 0:0 2824
2824 653 0:0 2832
2828 655 0:0 2832
2832 35021 21:0 2886
2850 755 0:0 2851
2858 657 0:0 2860
2862 659 1:0 2862
2864 35028 0:0 2865
2864 35027 0:0 2865
2864 35025 0:0 2865
2864 35030 0:0 2865
2873 661 1:0 2873
2875 35014 0:0 2876
2875 35034 0:0 2876
2875 35040 0:0 2876
2875 659 0:0 2876
2875 35029 0:0 2876
2878 665 1:0 2878
2880 661 0:0 2881
2880 35042 0:0 2881
2883 663 1:0 2883
2885 665 0:0 2886
2885 35044 0:0 2886
2885 35043 0:0 2886
2885 35034 1:0 2886
2885 35041 21:0 2957
2887 755 1:0 2889
2891 755 0:0 2892
2896 755 1:0 2897
2897 671 1:0 2897
2898 35034 0:0 2900
2898 35045 0:0 2900
2898 663 0:0 2900
2899 35053 0:0 2900
2906 673 0:0 2908
2926 755 0:0 2927
2934 35054 0:0 2936
2934 675 0:0 2936
2934 671 0:0 2936
2938 677 1:0 2938
2940 35063 0:0 2941
2940 35061 0:0 2941
2940 35060 0:0 2941
2940 35058 0:0 2941
2949 679 1:0 2949
2951 35047 0:0 2952
2951 35062 0:0 2952
2951 677 0:0 2952
2951 35067 0:0 2952
2952 679 0:0 2957
2954 683 1:0 2954
2954 35075 0:0 2957
2956 35073 21:0 3033
2957 683 0:0 2962
2959 681 1:0 2959
2959 35076 0:0 2962
2959 35077 0:0 2962
2961 35067 1:0 2961
2961 755 1:0 2961
2961 35074 0:0 2962
2962 35078 0:0 2976
2962 681 0:0 2976
2973 689 1:0 2973
2974 35067 0:0 2976
2975 35086 0:0 2976
2982 691 0:0 2984
3002 755 0:0 3003
3010 35087 0:0 3012
3010 693 0:0 3012
3010 689 0:0 3012
3014 695 1:0 3014
3016 35093 0:0 3017
3016 35096 0:0 3017
3016 35091 0:0 3017
3016 35094 0:0 3017
3025 697 1:0 3025
3027 695 0:0 3028
3027 35100 0:0 3028
3027 35095 0:0 3028
3027 35080 0:0 3028
3028 697 0:0 3033
3030 701 1:0 3030
3030 35108 0:0 3033
3032 35106 21:0 3104
3033 701 0:0 3038
3035 699 1:0 3035
3035 35109 0:0 3038
3035 35110 0:0 3038
3037 35100 1:0 3037
3037 755 1:0 3037
3037 35107 0:0 3038
3038 35111 0:0 3052
3038 699 0:0 3052
3049 707 1:0 3049
3050 35100 0:0 3052
3051 35119 0:0 3052
3058 709 0:0 3060
3078 755 0:0 3079
3086 35120 0:0 3088
3086 711 0:0 3088
3086 707 0:0 3088
3090 713 1:0 3090
3092 35129 0:0 3093
3092 35127 0:0 3093
3092 35126 0:0 3093
3092 35124 0:0 3093
3093 35128 0:0 3104
3093 713 0:0 3104
3095 35113 0:0 3104
3101 715 1:0 3101
3101 35139 0:0 3104
3104 715 0:0 3109
3106 719 1:0 3106
3106 35141 0:0 3109
3109 35140 0:0 3114
3109 719 0:0 3114
3111 717 1:0 3111
3111 35142 0:0 3114
3111 35143 0:0 3114
3113 13 1:0 3113
3113 3 1:0 3113
3113 7 1:0 3113
3113 755 1:0 3113
3113 9 1:0 3113
3113 5 1:0 3113
3113 11 1:0 3113
3114 717 0:0 3129
3114 35144 0:0 3129
3118 3 21:0 3181
3126 35153 0:0 3129
3127 35133 0:0 3129
3129 5 0:0 3137
3135 7 0:0 3137
3137 35154 0:0 3165
3155 755 0:0 3156
3163 9 0:0 3165
3165 35161 0:0 3170
3165 35160 0:0 3170
3165 35158 0:0 3170
3169 35163 0:0 3170
3170 35162 0:0 3181
3170 11 0:0 3181
3172 35147 0:0 3181
3178 35173 0:0 3181
3180 17 1:0 3182
3183 35175 21:0 3409
3184 13 0:0 3186
3185 15 1:0 3187
3190 17 0:0 3191
3190 35174 0:0 3191
3190 35177 0:0 3191
3190 35176 0:0 3191
3190 23 1:0 3201
3190 31 1:0 3202
3190 29 1:0 3202
3192 755 1:0 3194
3196 755 0:0 3197
3197 27 1:0 3202
3197 25 1:0 3202
3201 755 1:0 3202
3203 35167 0:0 3205
3203 15 0:0 3205
3203 35178 0:0 3205
3204 35186 0:0 3205
3211 25 0:0 3213
3231 755 0:0 3232
3239 23 0:0 3241
3239 35187 0:0 3241
3239 27 0:0 3241
3245 35193 0:0 3246
3245 35196 0:0 3246
3245 35191 0:0 3246
3245 35194 0:0 3246
3256 35180 0:0 3257
3256 35195 0:0 3257
3256 29 0:0 3257
3256 35206 0:0 3257
3256 35200 0:0 3257
3256 35 1:0 3258
3261 35208 0:0 3262
3261 31 0:0 3262
3261 33 1:0 3263
3266 35 0:0 3267
3266 35207 0:0 3267
3266 35209 0:0 3267
3266 35200 1:0 3267
3266 35210 0:0 3267
3266 41 1:0 3277
3266 47 1:0 3278
3266 49 1:0 3278
3268 755 1:0 3270
3272 755 0:0 3273
3273 45 1:0 3278
3273 43 1:0 3278
3277 755 1:0 3278
3279 35211 0:0 3281
3279 35200 0:0 3281
3279 33 0:0 3281
3280 35219 0:0 3281
3287 43 0:0 3289
3307 755 0:0 3308
3315 45 0:0 3317
3315 35220 0:0 3317
3315 41 0:0 3317
3321 35227 0:0 3322
3321 35229 0:0 3322
3321 35224 0:0 3322
3321 35226 0:0 3322
3332 47 0:0 3333
3332 35239 0:0 3333
3332 35228 0:0 3333
3332 35213 0:0 3333
3332 35233 0:0 3333
3332 53 1:0 3334
3337 35241 0:0 3338
3337 49 0:0 3338
3337 51 1:0 3339
3342 35243 0:0 3343
3342 53 0:0 3343
3342 35240 0:0 3343
3342 35242 0:0 3343
3342 35233 1:0 3343
3342 59 1:0 3353
3342 67 1:0 3354
3342 65 1:0 3354
3344 755 1:0 3346
3348 755 0:0 3349
3349 63 1:0 3354
3349 61 1:0 3354
3353 755 1:0 3354
3355 35233 0:0 3357
3355 51 0:0 3357
3355 35244 0:0 3357
3356 35252 0:0 3357
3363 61 0:0 3365
3383 755 0:0 3384
3391 59 0:0 3393
3391 63 0:0 3393
3391 35253 0:0 3393
3397 35262 0:0 3398
3397 35259 0:0 3398
3397 35257 0:0 3398
3397 35260 0:0 3398
3408 35246 0:0 3409
3408 65 0:0 3409
3408 35272 0:0 3409
3408 35261 0:0 3409
3408 71 1:0 3410
3411 35274 21:0 3637
3412 67 0:0 3414
3413 69 1:0 3415
3418 35276 0:0 3419
3418 35275 0:0 3419
3418 71 0:0 3419
3418 35273 0:0 3419
3418 77 1:0 3429
3418 83 1:0 3430
3418 85 1:0 3430
3420 755 1:0 3422
3424 755 0:0 3425
3425 79 1:0 3430
3425 81 1:0 3430
3429 755 1:0 3430
3431 69 0:0 3433
3431 35266 0:0 3433
3431 35277 0:0 3433
3432 35285 0:0 3433
3439 79 0:0 3441
3459 755 0:0 3460
3467 77 0:0 3469
3467 35286 0:0 3469
3467 81 0:0 3469
3473 35295 0:0 3474
3473 35290 0:0 3474
3473 35293 0:0 3474
3473 35292 0:0 3474
3484 83 0:0 3485
3484 35294 0:0 3485
3484 35305 0:0 3485
3484 35279 0:0 3485
3484 35299 0:0 3485
3484 89 1:0 3486
3489 35307 0:0 3490
3489 85 0:0 3490
3489 87 1:0 3491
3494 35306 0:0 3495
3494 89 0:0 3495
3494 35299 1:0 3495
3494 35309 0:0 3495
3494 35308 0:0 3495
3494 95 1:0 3505
3494 101 1:0 3506
3494 103 1:0 3506
3496 755 1:0 3498
3500 755 0:0 3501
3501 97 1:0 3506
3501 99 1:0 3506
3505 755 1:0 3506
3507 87 0:0 3509
3507 35299 0:0 3509
3507 35310 0:0 3509
3508 35318 0:0 3509
3515 97 0:0 3517
3535 755 0:0 3536
3543 35319 0:0 3545
3543 95 0:0 3545
3543 99 0:0 3545
3549 35325 0:0 3550
3549 35328 0:0 3550
3549 35323 0:0 3550
3549 35326 0:0 3550
3560 101 0:0 3561
3560 35332 0:0 3561
3560 35338 0:0 3561
3560 35327 0:0 3561
3560 35312 0:0 3561
3560 107 1:0 3562
3565 35340 0:0 3566
3565 103 0:0 3566
3565 105 1:0 3567
3570 35342 0:0 3571
3570 35339 0:0 3571
3570 35341 0:0 3571
3570 107 0:0 3571
3570 35332 1:0 3571
3570 113 1:0 3581
3570 121 1:0 3582
3570 119 1:0 3582
3572 755 1:0 3574
3576 755 0:0 3577
3577 117 1:0 3582
3577 115 1:0 3582
3581 755 1:0 3582
3583 105 0:0 3585
3583 35332 0:0 3585
3583 35343 0:0 3585
3584 35351 0:0 3585
3591 115 0:0 3593
3611 755 0:0 3612
3619 113 0:0 3621
3619 35352 0:0 3621
3619 117 0:0 3621
3625 35356 0:0 3626
3625 35359 0:0 3626
3625 35361 0:0 3626
3625 35358 0:0 3626
3636 119 0:0 3637
3636 35360 0:0 3637
3636 35371 0:0 3637
3636 35345 0:0 3637
3636 125 1:0 3638
3639 35373 21:0 3865
3640 121 0:0 3642
3641 123 1:0 3643
3646 35372 0:0 3647
3646 35374 0:0 3647
3646 35375 0:0 3647
3646 125 0:0 3647
3646 131 1:0 3657
3646 139 1:0 3658
3646 137 1:0 3658
3648 755 1:0 3650
3652 755 0:0 3653
3653 135 1:0 3658
3653 133 1:0 3658
3657 755 1:0 3658
3659 35376 0:0 3661
3659 35365 0:0 3661
3659 123 0:0 3661
3660 35384 0:0 3661
3667 133 0:0 3669
3687 755 0:0 3688
3695 135 0:0 3697
3695 35385 0:0 3697
3695 131 0:0 3697
3701 35392 0:0 3702
3701 35389 0:0 3702
3701 35391 0:0 3702
3701 35394 0:0 3702
3712 35404 0:0 3713
3712 137 0:0 3713
3712 35398 0:0 3713
3712 35378 0:0 3713
3712 35393 0:0 3713
3712 143 1:0 3714
3717 139 0:0 3718
3717 35406 0:0 3718
3717 141 1:0 3719
3722 35408 0:0 3723
3722 35398 1:0 3723
3722 35407 0:0 3723
3722 143 0:0 3723
3722 35405 0:0 3723
3722 149 1:0 3733
3722 155 1:0 3734
3722 157 1:0 3734
3724 755 1:0 3726
3728 755 0:0 3729
3729 153 1:0 3734
3729 151 1:0 3734
3733 755 1:0 3734
3735 141 0:0 3737
3735 35409 0:0 3737
3735 35398 0:0 3737
3736 35417 0:0 3737
3743 151 0:0 3745
3763 755 0:0 3764
3771 153 0:0 3773
3771 35418 0:0 3773
3771 149 0:0 3773
3777 35427 0:0 3778
3777 35422 0:0 3778
3777 35424 0:0 3778
3777 35425 0:0 3778
3788 35437 0:0 3789
3788 35426 0:0 3789
3788 35411 0:0 3789
3788 155 0:0 3789
3788 35431 0:0 3789
3788 161 1:0 3790
3793 35439 0:0 3794
3793 157 0:0 3794
3793 159 1:0 3795
3798 35438 0:0 3799
3798 35431 1:0 3799
3798 35440 0:0 3799
3798 161 0:0 3799
3798 35441 0:0 3799
3798 167 1:0 3809
3798 175 1:0 3810
3798 173 1:0 3810
3800 755 1:0 3802
3804 755 0:0 3805
3805 171 1:0 3810
3805 169 1:0 3810
3809 755 1:0 3810
3811 35442 0:0 3813
3811 159 0:0 3813
3811 35431 0:0 3813
3812 35450 0:0 3813
3819 169 0:0 3821
3839 755 0:0 3840
3847 35451 0:0 3849
3847 167 0:0 3849
3847 171 0:0 3849
3853 35458 0:0 3854
3853 35457 0:0 3854
3853 35460 0:0 3854
3853 35455 0:0 3854
3864 35444 0:0 3865
3864 35459 0:0 3865
3864 35470 0:0 3865
3864 173 0:0 3865
3864 179 1:0 3866
3867 35472 21:0 4093
3868 175 0:0 3870
3869 177 1:0 3871
3874 179 0:0 3875
3874 35474 0:0 3875
3874 35473 0:0 3875
3874 35471 0:0 3875
3874 185 1:0 3885
3874 191 1:0 3886
3874 193 1:0 3886
3876 755 1:0 3878
3880 755 0:0 3881
3881 187 1:0 3886
3881 189 1:0 3886
3885 755 1:0 3886
3887 35475 0:0 3889
3887 177 0:0 3889
3887 35464 0:0 3889
3888 35483 0:0 3889
3895 187 0:0 3897
3915 755 0:0 3916
3923 185 0:0 3925
3923 189 0:0 3925
3923 35484 0:0 3925
3929 35488 0:0 3930
3929 35490 0:0 3930
3929 35491 0:0 3930
3929 35493 0:0 3930
3940 35497 0:0 3941
3940 191 0:0 3941
3940 35477 0:0 3941
3940 35492 0:0 3941
3940 35503 0:0 3941
3940 197 1:0 3942
3945 193 0:0 3946
3945 35505 0:0 3946
3945 195 1:0 3947
3950 35507 0:0 3951
3950 35506 0:0 3951
3950 35504 0:0 3951
3950 35497 1:0 3951
3950 197 0:0 3951
3950 203 1:0 3961
3950 211 1:0 3962
3950 209 1:0 3962
3952 755 1:0 3954
3956 755 0:0 3957
3957 205 1:0 3962
3957 207 1:0 3962
3961 755 1:0 3962
3963 35497 0:0 3965
3963 35508 0:0 3965
3963 195 0:0 3965
3964 35516 0:0 3965
3971 205 0:0 3973
3991 755 0:0 3992
3999 203 0:0 4001
3999 207 0:0 4001
3999 35517 0:0 4001
4005 35524 0:0 4006
4005 35523 0:0 4006
4005 35521 0:0 4006
4005 35526 0:0 4006
4016 35536 0:0 4017
4016 35525 0:0 4017
4016 209 0:0 4017
4016 35510 0:0 4017
4016 35530 0:0 4017
4016 215 1:0 4018
4021 35538 0:0 4022
4021 211 0:0 4022
4021 213 1:0 4023
4026 35537 0:0 4027
4026 35530 1:0 4027
4026 35539 0:0 4027
4026 35540 0:0 4027
4026 215 0:0 4027
4026 221 1:0 4037
4026 229 1:0 4038
4026 227 1:0 4038
4028 755 1:0 4030
4032 755 0:0 4033
4033 225 1:0 4038
4033 223 1:0 4038
4037 755 1:0 4038
4039 35530 0:0 4041
4039 35541 0:0 4041
4039 213 0:0 4041
4040 35549 0:0 4041
4047 223 0:0 4049
4067 755 0:0 4068
4075 225 0:0 4077
4075 35550 0:0 4077
4075 221 0:0 4077
4081 35557 0:0 4082
4081 35556 0:0 4082
4081 35559 0:0 4082
4081 35554 0:0 4082
4092 35543 0:0 4093
4092 35558 0:0 4093
4092 35569 0:0 4093
4092 227 0:0 4093
4092 233 1:0 4094
4095 35571 21:0 4321
4096 229 0:0 4098
4097 231 1:0 4099
4102 233 0:0 4103
4102 35570 0:0 4103
4102 35572 0:0 4103
4102 35573 0:0 4103
4102 239 1:0 4113
4102 245 1:0 4114
4102 247 1:0 4114
4104 755 1:0 4106
4108 755 0:0 4109
4109 241 1:0 4114
4109 243 1:0 4114
4113 755 1:0 4114
4115 231 0:0 4117
4115 35563 0:0 4117
4115 35574 0:0 4117
4116 35582 0:0 4117
4123 241 0:0 4125
4143 755 0:0 4144
4151 239 0:0 4153
4151 243 0:0 4153
4151 35583 0:0 4153
4157 35592 0:0 4158
4157 35589 0:0 4158
4157 35590 0:0 4158
4157 35587 0:0 4158
4168 35576 0:0 4169
4168 35591 0:0 4169
4168 35602 0:0 4169
4168 245 0:0 4169
4168 35596 0:0 4169
4168 251 1:0 4170
4173 247 0:0 4174
4173 35604 0:0 4174
4173 249 1:0 4175
4178 35605 0:0 4179
4178 35606 0:0 4179
4178 251 0:0 4179
4178 35603 0:0 4179
4178 35596 1:0 4179
4178 257 1:0 4189
4178 263 1:0 4190
4178 265 1:0 4190
4180 755 1:0 4182
4184 755 0:0 4185
4185 259 1:0 4190
4185 261 1:0 4190
4189 755 1:0 4190
4191 35607 0:0 4193
4191 35596 0:0 4193
4191 249 0:0 4193
4192 35615 0:0 4193
4199 259 0:0 4201
4219 755 0:0 4220
4227 257 0:0 4229
4227 35616 0:0 4229
4227 261 0:0 4229
4233 35625 0:0 4234
4233 35623 0:0 4234
4233 35620 0:0 4234
4233 35622 0:0 4234
4244 263 0:0 4245
4244 35635 0:0 4245
4244 35629 0:0 4245
4244 35624 0:0 4245
4244 35609 0:0 4245
4244 269 1:0 4246
4249 35637 0:0 4250
4249 265 0:0 4250
4249 267 1:0 4251
4254 35639 0:0 4255
4254 35638 0:0 4255
4254 35629 1:0 4255
4254 35636 0:0 4255
4254 269 0:0 4255
4254 275 1:0 4265
4254 281 1:0 4266
4254 283 1:0 4266
4256 755 1:0 4258
4260 755 0:0 4261
4261 277 1:0 4266
4261 279 1:0 4266
4265 755 1:0 4266
4267 35629 0:0 4269
4267 35640 0:0 4269
4267 267 0:0 4269
4268 35648 0:0 4269
4275 277 0:0 4277
4295 755 0:0 4296
4303 35649 0:0 4305
4303 279 0:0 4305
4303 275 0:0 4305
4309 35656 0:0 4310
4309 35658 0:0 4310
4309 35655 0:0 4310
4309 35653 0:0 4310
4320 281 0:0 4321
4320 35642 0:0 4321
4320 35657 0:0 4321
4320 35668 0:0 4321
4320 287 1:0 4322
4323 35670 21:0 4549
4324 283 0:0 4326
4325 285 1:0 4327
4330 35671 0:0 4331
4330 35672 0:0 4331
4330 287 0:0 4331
4330 35669 0:0 4331
4330 293 1:0 4341
4330 301 1:0 4342
4330 299 1:0 4342
4332 755 1:0 4334
4336 755 0:0 4337
4337 297 1:0 4342
4337 295 1:0 4342
4341 755 1:0 4342
4343 35662 0:0 4345
4343 285 0:0 4345
4343 35673 0:0 4345
4344 35681 0:0 4345
4351 295 0:0 4353
4371 755 0:0 4372
4379 297 0:0 4381
4379 293 0:0 4381
4379 35682 0:0 4381
4385 35691 0:0 4386
4385 35689 0:0 4386
4385 35688 0:0 4386
4385 35686 0:0 4386
4396 35701 0:0 4397
4396 299 0:0 4397
4396 35695 0:0 4397
4396 35675 0:0 4397
4396 35690 0:0 4397
4396 305 1:0 4398
4401 35703 0:0 4402
4401 301 0:0 4402
4401 303 1:0 4403
4406 35702 0:0 4407
4406 305 0:0 4407
4406 35695 1:0 4407
4406 35705 0:0 4407
4406 35704 0:0 4407
4406 311 1:0 4417
4406 319 1:0 4418
4406 317 1:0 4418
4408 755 1:0 4410
4412 755 0:0 4413
4413 315 1:0 4418
4413 313 1:0 4418
4417 755 1:0 4418
4419 303 0:0 4421
4419 35695 0:0 4421
4419 35706 0:0 4421
4420 35714 0:0 4421
4427 313 0:0 4429
4447 755 0:0 4448
4455 35715 0:0 4457
4455 315 0:0 4457
4455 311 0:0 4457
4461 35719 0:0 4462
4461 35722 0:0 4462
4461 35721 0:0 4462
4461 35724 0:0 4462
4472 35734 0:0 4473
4472 317 0:0 4473
4472 35728 0:0 4473
4472 35723 0:0 4473
4472 35708 0:0 4473
4472 323 1:0 4474
4472 35106 1:0 4494
4477 35736 0:0 4478
4477 319 0:0 4478
4477 321 1:0 4479
4482 323 0:0 4483
4482 35735 0:0 4483
4482 35737 0:0 4483
4482 35728 1:0 4483
4482 35738 0:0 4483
4482 329 1:0 4493
4482 337 1:0 4494
4482 335 1:0 4494
4484 755 1:0 4486
4488 755 0:0 4489
4489 331 1:0 4494
4489 333 1:0 4494
4493 755 1:0 4494
4495 35728 0:0 4497
4495 35739 0:0 4497
4495 321 0:0 4497
4496 35747 0:0 4497
4503 331 0:0 4505
4523 755 0:0 4524
4531 329 0:0 4533
4531 35748 0:0 4533
4531 333 0:0 4533
4537 35755 0:0 4538
4537 35757 0:0 4538
4537 35752 0:0 4538
4537 35754 0:0 4538
4548 35767 0:0 4549
4548 35756 0:0 4549
4548 35741 0:0 4549
4548 335 0:0 4549
4548 341 1:0 4550
4551 35769 21:0 4777
4552 337 0:0 4554
4553 339 1:0 4555
4558 341 0:0 4559
4558 35771 0:0 4559
4558 35770 0:0 4559
4558 35768 0:0 4559
4558 347 1:0 4569
4558 353 1:0 4570
4558 355 1:0 4570
4560 755 1:0 4562
4564 755 0:0 4565
4565 351 1:0 4570
4565 349 1:0 4570
4569 755 1:0 4570
4571 339 0:0 4573
4571 35772 0:0 4573
4571 35761 0:0 4573
4572 35780 0:0 4573
4579 349 0:0 4581
4599 755 0:0 4600
4607 35781 0:0 4609
4607 347 0:0 4609
4607 351 0:0 4609
4613 35787 0:0 4614
4613 35785 0:0 4614
4613 35788 0:0 4614
4613 35790 0:0 4614
4624 35794 0:0 4625
4624 353 0:0 4625
4624 35800 0:0 4625
4624 35789 0:0 4625
4624 35774 0:0 4625
4624 359 1:0 4626
4624 35073 1:0 4646
4629 355 0:0 4630
4629 35802 0:0 4630
4629 357 1:0 4631
4634 35804 0:0 4635
4634 35803 0:0 4635
4634 35801 0:0 4635
4634 35794 1:0 4635
4634 359 0:0 4635
4634 365 1:0 4645
4634 371 1:0 4646
4634 373 1:0 4646
4636 755 1:0 4638
4640 755 0:0 4641
4641 367 1:0 4646
4641 369 1:0 4646
4645 755 1:0 4646
4647 357 0:0 4649
4647 35805 0:0 4649
4647 35794 0:0 4649
4648 35813 0:0 4649
4655 367 0:0 4657
4675 755 0:0 4676
4683 365 0:0 4685
4683 369 0:0 4685
4683 35814 0:0 4685
4689 35818 0:0 4690
4689 35820 0:0 4690
4689 35821 0:0 4690
4689 35823 0:0 4690
4700 35822 0:0 4701
4700 371 0:0 4701
4700 35833 0:0 4701
4700 35827 0:0 4701
4700 35807 0:0 4701
4700 377 1:0 4702
4700 35041 1:0 4722
4705 35835 0:0 4706
4705 373 0:0 4706
4705 375 1:0 4707
4710 377 0:0 4711
4710 35837 0:0 4711
4710 35836 0:0 4711
4710 35827 1:0 4711
4710 35834 0:0 4711
4710 383 1:0 4721
4710 391 1:0 4722
4710 389 1:0 4722
4712 755 1:0 4714
4716 755 0:0 4717
4717 387 1:0 4722
4717 385 1:0 4722
4721 755 1:0 4722
4723 375 0:0 4725
4723 35827 0:0 4725
4723 35838 0:0 4725
4724 35846 0:0 4725
4731 385 0:0 4733
4751 755 0:0 4752
4759 35847 0:0 4761
4759 383 0:0 4761
4759 387 0:0 4761
4765 35856 0:0 4766
4765 35851 0:0 4766
4765 35853 0:0 4766
4765 35854 0:0 4766
4776 35840 0:0 4777
4776 389 0:0 4777
4776 35855 0:0 4777
4776 35866 0:0 4777
4776 395 1:0 4778
4779 35868 21:0 5005
4780 391 0:0 4782
4781 393 1:0 4783
4786 395 0:0 4787
4786 35869 0:0 4787
4786 35870 0:0 4787
4786 35867 0:0 4787
4786 401 1:0 4797
4786 407 1:0 4798
4786 409 1:0 4798
4788 755 1:0 4790
4792 755 0:0 4793
4793 403 1:0 4798
4793 405 1:0 4798
4797 755 1:0 4798
4799 35871 0:0 4801
4799 35860 0:0 4801
4799 393 0:0 4801
4800 35879 0:0 4801
4807 403 0:0 4809
4827 755 0:0 4828
4835 405 0:0 4837
4835 401 0:0 4837
4835 35880 0:0 4837
4841 35889 0:0 4842
4841 35884 0:0 4842
4841 35886 0:0 4842
4841 35887 0:0 4842
4852 35873 0:0 4853
4852 35888 0:0 4853
4852 35899 0:0 4853
4852 407 0:0 4853
4852 35893 0:0 4853
4852 413 1:0 4854
4852 35021 1:0 4874
4857 35901 0:0 4858
4857 409 0:0 4858
4857 411 1:0 4859
4862 35902 0:0 4863
4862 35903 0:0 4863
4862 413 0:0 4863
4862 35893 1:0 4863
4862 35900 0:0 4863
4862 419 1:0 4873
4862 425 1:0 4874
4862 427 1:0 4874
4864 755 1:0 4866
4868 755 0:0 4869
4869 423 1:0 4874
4869 421 1:0 4874
4873 755 1:0 4874
4875 411 0:0 4877
4875 35893 0:0 4877
4875 35904 0:0 4877
4876 35912 0:0 4877
4883 421 0:0 4885
4903 755 0:0 4904
4911 419 0:0 4913
4911 35913 0:0 4913
4911 423 0:0 4913
4917 35922 0:0 4918
4917 35917 0:0 4918
4917 35919 0:0 4918
4917 35920 0:0 4918
4928 425 0:0 4929
4928 35906 0:0 4929
4928 35921 0:0 4929
4928 35932 0:0 4929
4928 35926 0:0 4929
4928 431 1:0 4930
4928 34994 1:0 4950
4933 35934 0:0 4934
4933 427 0:0 4934
4933 429 1:0 4935
4938 35936 0:0 4939
4938 35935 0:0 4939
4938 35933 0:0 4939
4938 431 0:0 4939
4938 35926 1:0 4939
4938 437 1:0 4949
4938 445 1:0 4950
4938 443 1:0 4950
4940 755 1:0 4942
4944 755 0:0 4945
4945 439 1:0 4950
4945 441 1:0 4950
4949 755 1:0 4950
4951 429 0:0 4953
4951 35937 0:0 4953
4951 35926 0:0 4953
4952 35945 0:0 4953
4959 439 0:0 4961
4979 755 0:0 4980
4987 441 0:0 4989
4987 35946 0:0 4989
4987 437 0:0 4989
4993 35955 0:0 4994
4993 35950 0:0 4994
4993 35953 0:0 4994
4993 35952 0:0 4994
5004 443 0:0 5005
5004 35965 0:0 5005
5004 35939 0:0 5005
5004 35954 0:0 5005
5004 449 1:0 5006
5007 35967 21:0 5233
5008 445 0:0 5010
5009 447 1:0 5011
5014 35968 0:0 5015
5014 35969 0:0 5015
5014 449 0:0 5015
5014 35966 0:0 5015
5014 455 1:0 5025
5014 461 1:0 5026
5014 463 1:0 5026
5016 755 1:0 5018
5020 755 0:0 5021
5021 457 1:0 5026
5021 459 1:0 5026
5025 755 1:0 5026
5027 35959 0:0 5029
5027 35970 0:0 5029
5027 447 0:0 5029
5028 35978 0:0 5029
5035 457 0:0 5037
5055 755 0:0 5056
5063 35979 0:0 5065
5063 459 0:0 5065
5063 455 0:0 5065
5069 35985 0:0 5070
5069 35986 0:0 5070
5069 35983 0:0 5070
5069 35988 0:0 5070
5080 35998 0:0 5081
5080 461 0:0 5081
5080 35987 0:0 5081
5080 35992 0:0 5081
5080 35972 0:0 5081
5080 467 1:0 5082
5080 34948 1:0 5102
5085 36000 0:0 5086
5085 463 0:0 5086
5085 465 1:0 5087
5090 467 0:0 5091
5090 35999 0:0 5091
5090 36002 0:0 5091
5090 35992 1:0 5091
5090 36001 0:0 5091
5090 473 1:0 5101
5090 479 1:0 5102
5090 481 1:0 5102
5092 755 1:0 5094
5096 755 0:0 5097
5097 475 1:0 5102
5097 477 1:0 5102
5101 755 1:0 5102
5103 35992 0:0 5105
5103 465 0:0 5105
5103 36003 0:0 5105
5104 36011 0:0 5105
5111 475 0:0 5113
5131 755 0:0 5132
5139 473 0:0 5141
5139 477 0:0 5141
5139 36012 0:0 5141
5145 36018 0:0 5146
5145 36019 0:0 5146
5145 36016 0:0 5146
5145 36021 0:0 5146
5156 36020 0:0 5157
5156 36005 0:0 5157
5156 36025 0:0 5157
5156 479 0:0 5157
5156 36031 0:0 5157
5156 485 1:0 5158
5156 34941 1:0 5178
5161 36033 0:0 5162
5161 481 0:0 5162
5161 483 1:0 5163
5166 485 0:0 5167
5166 36025 1:0 5167
5166 36032 0:0 5167
5166 36034 0:0 5167
5166 36035 0:0 5167
5166 491 1:0 5177
5166 499 1:0 5178
5166 497 1:0 5178
5168 755 1:0 5170
5172 755 0:0 5173
5173 495 1:0 5178
5173 493 1:0 5178
5177 755 1:0 5178
5179 36036 0:0 5181
5179 36025 0:0 5181
5179 483 0:0 5181
5180 36044 0:0 5181
5187 493 0:0 5189
5207 755 0:0 5208
5215 495 0:0 5217
5215 491 0:0 5217
5215 36045 0:0 5217
5221 36051 0:0 5222
5221 36054 0:0 5222
5221 36052 0:0 5222
5221 36049 0:0 5222
5232 497 0:0 5233
5232 36053 0:0 5233
5232 36038 0:0 5233
5232 36064 0:0 5233
5232 503 1:0 5234
5235 36066 21:0 5461
5236 499 0:0 5238
5237 501 1:0 5239
5242 36067 0:0 5243
5242 36065 0:0 5243
5242 36068 0:0 5243
5242 503 0:0 5243
5242 509 1:0 5253
5242 517 1:0 5254
5242 515 1:0 5254
5244 755 1:0 5246
5248 755 0:0 5249
5249 511 1:0 5254
5249 513 1:0 5254
5253 755 1:0 5254
5255 501 0:0 5257
5255 36058 0:0 5257
5255 36069 0:0 5257
5256 36077 0:0 5257
5263 511 0:0 5265
5283 755 0:0 5284
5291 36078 0:0 5293
5291 509 0:0 5293
5291 513 0:0 5293
5297 36082 0:0 5298
5297 36087 0:0 5298
5297 36084 0:0 5298
5297 36085 0:0 5298
5308 36091 0:0 5309
5308 36086 0:0 5309
5308 515 0:0 5309
5308 36071 0:0 5309
5308 36097 0:0 5309
5308 521 1:0 5310
5308 34908 1:0 5330
5313 517 0:0 5314
5313 36099 0:0 5314
5313 519 1:0 5315
5318 36100 0:0 5319
5318 36091 1:0 5319
5318 521 0:0 5319
5318 36098 0:0 5319
5318 36101 0:0 5319
5318 527 1:0 5329
5318 533 1:0 5330
5318 535 1:0 5330
5320 755 1:0 5322
5324 755 0:0 5325
5325 531 1:0 5330
5325 529 1:0 5330
5329 755 1:0 5330
5331 36102 0:0 5333
5331 36091 0:0 5333
5331 519 0:0 5333
5332 36110 0:0 5333
5339 529 0:0 5341
5359 755 0:0 5360
5367 531 0:0 5369
5367 36111 0:0 5369
5367 527 0:0 5369
5373 36118 0:0 5374
5373 36120 0:0 5374
5373 36115 0:0 5374
5373 36117 0:0 5374
5384 36124 0:0 5385
5384 36130 0:0 5385
5384 36119 0:0 5385
5384 36104 0:0 5385
5384 533 0:0 5385
5384 539 1:0 5386
5384 34876 1:0 5406
5389 535 0:0 5390
5389 36132 0:0 5390
5389 537 1:0 5391
5394 36131 0:0 5395
5394 539 0:0 5395
5394 36133 0:0 5395
5394 36134 0:0 5395
5394 36124 1:0 5395
5394 545 1:0 5405
5394 553 1:0 5406
5394 551 1:0 5406
5396 755 1:0 5398
5400 755 0:0 5401
5401 547 1:0 5406
5401 549 1:0 5406
5405 755 1:0 5406
5407 537 0:0 5409
5407 36135 0:0 5409
5407 36124 0:0 5409
5408 36143 0:0 5409
5415 547 0:0 5417
5435 755 0:0 5436
5443 36144 0:0 5445
5443 549 0:0 5445
5443 545 0:0 5445
5449 36148 0:0 5450
5449 36151 0:0 5450
5449 36150 0:0 5450
5449 36153 0:0 5450
5460 36137 0:0 5461
5460 551 0:0 5461
5460 36152 0:0 5461
5460 36163 0:0 5461
5460 557 1:0 5462
5463 36165 21:0 5689
5464 553 0:0 5466
5465 555 1:0 5467
5470 36166 0:0 5471
5470 36167 0:0 5471
5470 557 0:0 5471
5470 36164 0:0 5471
5470 563 1:0 5481
5470 569 1:0 5482
5470 571 1:0 5482
5472 755 1:0 5474
5476 755 0:0 5477
5477 565 1:0 5482
5477 567 1:0 5482
5481 755 1:0 5482
5483 555 0:0 5485
5483 36157 0:0 5485
5483 36168 0:0 5485
5484 36176 0:0 5485
5491 565 0:0 5493
5511 755 0:0 5512
5519 563 0:0 5521
5519 567 0:0 5521
5519 36177 0:0 5521
5525 36181 0:0 5526
5525 36184 0:0 5526
5525 36186 0:0 5526
5525 36183 0:0 5526
5536 575 1:0 5536
5536 36196 0:0 5537
5536 36185 0:0 5537
5536 36190 0:0 5537
5536 569 0:0 5537
5536 36170 0:0 5537
5536 34855 1:0 5558
5541 573 1:0 5541
5541 36198 0:0 5542
5541 571 0:0 5542
5546 575 0:0 5547
5546 36190 1:0 5547
5546 36197 0:0 5547
5546 36199 0:0 5547
5546 36200 0:0 5547
5546 581 1:0 5557
5546 589 1:0 5558
5546 587 1:0 5558
5548 755 1:0 5550
5552 755 0:0 5553
5553 585 1:0 5558
5553 583 1:0 5558
5557 755 1:0 5558
5559 573 0:0 5561
5559 36190 0:0 5561
5559 36201 0:0 5561
5560 36209 0:0 5561
5567 583 0:0 5569
5587 755 0:0 5588
5595 581 0:0 5597
5595 585 0:0 5597
5595 36210 0:0 5597
5601 36219 0:0 5602
5601 36216 0:0 5602
5601 36214 0:0 5602
5601 36217 0:0 5602
5612 593 1:0 5612
5612 36203 0:0 5613
5612 36218 0:0 5613
5612 36229 0:0 5613
5612 587 0:0 5613
5612 36223 0:0 5613
5612 34827 1:0 5634
5617 591 1:0 5617
5617 589 0:0 5618
5617 36231 0:0 5618
5622 593 0:0 5623
5622 36232 0:0 5623
5622 36233 0:0 5623
5622 36223 1:0 5623
5622 36230 0:0 5623
5622 599 1:0 5633
5622 607 1:0 5634
5622 605 1:0 5634
5624 755 1:0 5626
5628 755 0:0 5629
5629 603 1:0 5634
5629 601 1:0 5634
5633 755 1:0 5634
5635 36223 0:0 5637
5635 591 0:0 5637
5635 36234 0:0 5637
5636 36242 0:0 5637
5643 601 0:0 5645
5663 755 0:0 5664
5671 36243 0:0 5673
5671 599 0:0 5673
5671 603 0:0 5673
5677 36247 0:0 5678
5677 36250 0:0 5678
5677 36252 0:0 5678
5677 36249 0:0 5678
5688 36251 0:0 5689
5688 605 0:0 5689
5688 36262 0:0 5689
5688 36236 0:0 5689
5688 611 1:0 5690
5691 36264 21:0 5917
5692 607 0:0 5694
5693 609 1:0 5695
5698 36266 0:0 5699
5698 36265 0:0 5699
5698 36263 0:0 5699
5698 611 0:0 5699
5698 617 1:0 5709
5698 625 1:0 5710
5698 623 1:0 5710
5700 755 1:0 5702
5704 755 0:0 5705
5705 619 1:0 5710
5705 621 1:0 5710
5709 755 1:0 5710
5711 36267 0:0 5713
5711 36256 0:0 5713
5711 609 0:0 5713
5712 36275 0:0 5713
5719 619 0:0 5721
5739 755 0:0 5740
5747 617 0:0 5749
5747 621 0:0 5749
5747 36276 0:0 5749
5753 36282 0:0 5754
5753 36283 0:0 5754
5753 36280 0:0 5754
5753 36285 0:0 5754
5764 629 1:0 5764
5764 36269 0:0 5765
5764 36289 0:0 5765
5764 36284 0:0 5765
5764 623 0:0 5765
5764 36295 0:0 5765
5764 34797 1:0 5786
5769 627 1:0 5769
5769 625 0:0 5770
5769 36297 0:0 5770
5774 36289 1:0 5775
5774 36299 0:0 5775
5774 36298 0:0 5775
5774 629 0:0 5775
5774 36296 0:0 5775
5774 635 1:0 5785
5774 641 1:0 5786
5774 643 1:0 5786
5776 755 1:0 5778
5780 755 0:0 5781
5781 637 1:0 5786
5781 639 1:0 5786
5785 755 1:0 5786
5787 36289 0:0 5789
5787 36300 0:0 5789
5787 627 0:0 5789
5788 36308 0:0 5789
5795 637 0:0 5797
5815 755 0:0 5816
5823 639 0:0 5825
5823 635 0:0 5825
5823 36309 0:0 5825
5829 36315 0:0 5830
5829 36313 0:0 5830
5829 36316 0:0 5830
5829 36318 0:0 5830
5840 647 1:0 5840
5840 36302 0:0 5841
5840 641 0:0 5841
5840 36322 0:0 5841
5840 36317 0:0 5841
5840 36328 0:0 5841
5840 34761 1:0 5862
5845 645 1:0 5845
5845 643 0:0 5846
5845 36330 0:0 5846
5850 36329 0:0 5851
5850 36331 0:0 5851
5850 36332 0:0 5851
5850 647 0:0 5851
5850 36322 1:0 5851
5850 653 1:0 5861
5850 661 1:0 5862
5850 659 1:0 5862
5852 755 1:0 5854
5856 755 0:0 5857
5857 657 1:0 5862
5857 655 1:0 5862
5861 755 1:0 5862
5863 36322 0:0 5865
5863 36333 0:0 5865
5863 645 0:0 5865
5864 36341 0:0 5865
5871 655 0:0 5873
5891 755 0:0 5892
5899 653 0:0 5901
5899 36342 0:0 5901
5899 657 0:0 5901
5905 36351 0:0 5906
5905 36349 0:0 5906
5905 36348 0:0 5906
5905 36346 0:0 5906
5916 665 1:0 5916
5916 659 0:0 5917
5916 36361 0:0 5917
5916 36350 0:0 5917
5916 36335 0:0 5917
5916 34728 1:0 5938
5919 36363 21:0 6145
5920 661 0:0 5922
5921 663 1:0 5921
5926 36365 0:0 5927
5926 36364 0:0 5927
5926 36362 0:0 5927
5926 665 0:0 5927
5926 671 1:0 5937
5926 677 1:0 5938
5926 679 1:0 5938
5928 755 1:0 5930
5932 755 0:0 5933
5933 673 1:0 5938
5933 675 1:0 5938
5937 755 1:0 5938
5939 36366 0:0 5941
5939 36355 0:0 5941
5939 663 0:0 5941
5940 36374 0:0 5941
5947 673 0:0 5949
5967 755 0:0 5968
5975 36375 0:0 5977
5975 675 0:0 5977
5975 671 0:0 5977
5981 36381 0:0 5982
5981 36379 0:0 5982
5981 36384 0:0 5982
5981 36382 0:0 5982
5992 36394 0:0 5993
5992 677 0:0 5993
5992 36388 0:0 5993
5992 36383 0:0 5993
5992 36368 0:0 5993
5992 683 1:0 5994
5992 34695 1:0 6014
5997 36396 0:0 5998
5997 679 0:0 5998
5997 681 1:0 5999
6002 36395 0:0 6003
6002 683 0:0 6003
6002 36398 0:0 6003
6002 36397 0:0 6003
6002 36388 1:0 6003
6002 689 1:0 6013
6004 755 1:0 6006
6008 755 0:0 6009
6009 693 1:0 6014
6009 691 1:0 6014
6013 755 1:0 6014
6015 36399 0:0 6017
6015 36388 0:0 6017
6015 681 0:0 6017
6016 36407 0:0 6017
6020 695 1:0 6050
6024 691 0:0 6025
6043 755 0:0 6044
6051 693 0:0 6053
6051 36408 0:0 6053
6052 689 0:0 6053
6057 36415 0:0 6058
6057 36412 0:0 6058
6057 36414 0:0 6058
6057 36417 0:0 6058
6057 697 1:0 6065
6068 36401 0:0 6069
6068 36416 0:0 6069
6068 695 0:0 6069
6068 36421 0:0 6069
6068 36427 0:0 6069
6068 701 1:0 6070
6068 34662 1:0 6090
6073 697 0:0 6074
6073 36429 0:0 6074
6073 699 1:0 6075
6078 701 0:0 6079
6078 36430 0:0 6079
6078 36431 0:0 6079
6078 36421 1:0 6079
6078 36428 0:0 6079
6078 707 1:0 6089
6080 755 1:0 6082
6084 755 0:0 6085
6085 709 1:0 6090
6085 711 1:0 6090
6089 755 1:0 6090
6091 36421 0:0 6093
6091 36432 0:0 6093
6091 699 0:0 6093
6092 36440 0:0 6093
6096 713 1:0 6126
6100 709 0:0 6101
6119 755 0:0 6120
6127 711 0:0 6129
6127 36441 0:0 6129
6128 707 0:0 6129
6133 36450 0:0 6134
6133 36447 0:0 6134
6133 36445 0:0 6134
6133 36448 0:0 6134
6133 715 1:0 6141
6144 36454 0:0 6145
6144 36449 0:0 6145
6144 713 0:0 6145
6144 36460 0:0 6145
6144 719 1:0 6146
6144 34632 1:0 6158
6144 36434 21:0 6161
6149 36462 0:0 6150
6149 715 0:0 6150
6149 717 1:0 6151
6154 36454 1:0 6155
6154 36463 0:0 6155
6154 36464 0:0 6155
6154 719 0:0 6155
6154 36461 0:0 6155
6154 35144 1:0 6159
6159 36465 0:0 6161
6160 36454 21:0 6174
6163 35142 1:0 6163
6163 35143 1:0 6163
6163 35140 1:0 6163
6164 717 0:0 6171
6167 36468 0:0 6171
6170 719 1:0 6171
6173 35141 1:0 6173
6174 719 0:0 6179
6177 36472 0:0 6179
6178 715 1:0 6179
6181 713 1:0 6181
6181 35133 1:0 6181
6181 35139 1:0 6181
6181 35128 1:0 6181
6182 715 0:0 6205
6186 36475 0:0 6205
6207 35124 1:0 6211
6207 35126 1:0 6211
6207 35127 1:0 6211
6207 35129 1:0 6211
6207 35120 1:0 6237
6208 713 21:0 6293
6219 755 1:0 6222
6237 36500 0:0 6239
6237 755 0:0 6239
6238 711 1:0 6239
6241 36500 1:0 6243
6245 36502 0:0 6247
6246 709 1:0 6247
6246 711 0:0 6247
6254 36484 0:0 6256
6254 36506 0:0 6256
6254 709 0:0 6256
6254 36504 0:0 6256
6255 36493 0:0 6256
6255 707 1:0 6256
6258 36506 1:0 6259
6258 35119 1:0 6261
6258 35113 1:0 6265
6258 36484 1:0 6268
6258 35111 1:0 6281
6281 707 0:0 6283
6281 36507 0:0 6283
6282 699 1:0 6283
6285 35109 1:0 6285
6285 35110 1:0 6285
6285 35107 1:0 6285
6286 699 0:0 6293
6289 36525 0:0 6293
6292 701 1:0 6293
6295 35108 1:0 6297
6295 34599 1:0 6325
6299 36529 21:0 6514
6300 697 1:0 6301
6300 701 0:0 6301
6303 35100 1:0 6304
6303 695 1:0 6304
6303 35095 1:0 6304
6326 36532 0:0 6327
6326 697 0:0 6327
6329 35093 1:0 6333
6329 35096 1:0 6333
6329 35094 1:0 6333
6329 35091 1:0 6333
6329 35087 1:0 6359
6341 755 1:0 6344
6359 36557 0:0 6361
6359 755 0:0 6361
6360 693 1:0 6361
6363 36557 1:0 6365
6367 36559 0:0 6369
6368 693 0:0 6369
6368 691 1:0 6369
6376 695 0:0 6378
6376 36563 0:0 6378
6376 691 0:0 6378
6376 36561 0:0 6378
6376 36541 0:0 6378
6377 689 1:0 6378
6377 36550 0:0 6378
6380 36563 1:0 6381
6380 35086 1:0 6383
6380 35080 1:0 6387
6380 36541 1:0 6390
6380 35078 1:0 6403
6403 36564 0:0 6405
6403 689 0:0 6405
6404 681 1:0 6405
6407 35076 1:0 6409
6407 35077 1:0 6410
6407 35074 1:0 6412
6413 36582 0:0 6415
6414 681 0:0 6415
6414 683 1:0 6415
6414 36572 0:0 6415
6414 36585 0:0 6415
6417 35075 1:0 6419
6417 36585 1:0 6419
6421 36586 0:0 6423
6421 36587 0:0 6423
6422 683 0:0 6423
6422 679 1:0 6423
6425 36587 1:0 6426
6425 35067 1:0 6432
6425 36572 1:0 6435
6425 677 1:0 6447
6425 35062 1:0 6447
6448 679 0:0 6449
6448 36589 0:0 6449
6451 35060 1:0 6455
6451 35058 1:0 6455
6451 35063 1:0 6455
6451 35061 1:0 6455
6451 35054 1:0 6481
6463 755 1:0 6466
6481 36614 0:0 6483
6481 755 0:0 6483
6482 675 1:0 6483
6485 36614 1:0 6487
6489 36616 0:0 6491
6490 675 0:0 6491
6490 673 1:0 6491
6498 36598 0:0 6500
6498 677 0:0 6500
6498 36618 0:0 6500
6498 673 0:0 6500
6498 36620 0:0 6500
6499 36607 0:0 6500
6499 671 1:0 6500
6502 36620 1:0 6503
6502 35053 1:0 6505
6502 35047 1:0 6509
6502 36598 1:0 6512
6502 35045 1:0 6512
6513 671 0:0 6527
6513 36621 21:0 6540
6526 663 1:0 6527
6529 35043 1:0 6531
6529 35044 1:0 6532
6535 36639 0:0 6537
6536 665 1:0 6537
6536 663 0:0 6537
6539 35042 1:0 6539
6540 665 0:0 6545
6543 36643 0:0 6545
6544 661 1:0 6545
6547 35040 1:0 6547
6547 35034 1:0 6547
6547 659 1:0 6547
6547 35029 1:0 6547
6548 661 0:0 6571
6552 36646 0:0 6571
6573 35028 1:0 6577
6573 35025 1:0 6577
6573 35027 1:0 6577
6573 35030 1:0 6577
6574 659 21:0 6659
6585 755 1:0 6588
6603 36671 0:0 6605
6603 755 0:0 6605
6604 657 1:0 6605
6607 36671 1:0 6609
6611 36673 0:0 6613
6612 657 0:0 6613
6612 655 1:0 6613
6620 36675 0:0 6622
6620 655 0:0 6622
6620 36655 0:0 6622
6620 36677 0:0 6622
6621 653 1:0 6622
6621 36664 0:0 6622
6624 36677 1:0 6625
6624 35020 1:0 6627
6624 35014 1:0 6631
6624 36655 1:0 6634
6624 35012 1:0 6646
6647 653 0:0 6649
6647 36678 0:0 6649
6648 645 1:0 6649
6651 35010 1:0 6651
6651 35008 1:0 6651
6651 35011 1:0 6651
6652 645 0:0 6659
6655 36696 0:0 6659
6658 647 1:0 6659
6661 35009 1:0 6661
6662 647 0:0 6667
6665 36700 0:0 6667
6666 643 1:0 6667
6669 34996 1:0 6669
6669 35007 1:0 6669
6669 35001 1:0 6669
6669 641 1:0 6669
6670 643 0:0 6693
6674 36703 0:0 6693
6695 639 1:0 6695
6695 34988 1:0 6695
6695 34995 1:0 6695
6695 755 1:0 6695
6695 637 1:0 6695
6695 34992 1:0 6695
6695 34997 1:0 6695
6696 641 0:0 6730
6699 36721 0:0 6730
6717 755 21:0 6727
6726 36712 0:0 6730
6730 639 0:0 6735
6733 36730 0:0 6735
6738 637 0:0 6744
6742 36732 0:0 6744
6743 635 1:0 6744
6746 34987 1:0 6746
6746 36712 1:0 6746
6746 34981 1:0 6746
6746 34979 1:0 6746
6747 635 0:0 6771
6751 36735 0:0 6771
6770 627 1:0 6771
6770 34578 1:0 6786
6773 34977 1:0 6773
6773 34975 1:0 6773
6773 34978 1:0 6774
6777 36753 21:0 6914
6780 629 1:0 6781
6780 627 0:0 6781
6780 36756 0:0 6781
6783 36756 1:0 6785
6783 34976 1:0 6785
6787 36758 0:0 6789
6787 36757 0:0 6789
6788 629 0:0 6789
6788 625 1:0 6789
6791 36758 1:0 6792
6791 34974 1:0 6794
6791 34968 1:0 6798
6791 34963 1:0 6813
6791 623 1:0 6813
6814 625 0:0 6815
6814 36760 0:0 6815
6817 34961 1:0 6821
6817 34964 1:0 6821
6817 34962 1:0 6821
6817 34959 1:0 6821
6817 755 1:0 6832
6817 34955 1:0 6847
6847 755 0:0 6849
6847 36785 0:0 6849
6848 621 1:0 6849
6851 36785 1:0 6853
6855 36787 0:0 6857
6856 619 1:0 6857
6856 621 0:0 6857
6864 36791 0:0 6866
6864 36769 0:0 6866
6864 619 0:0 6866
6864 623 0:0 6866
6864 36789 0:0 6866
6865 36778 0:0 6866
6865 617 1:0 6866
6868 36791 1:0 6869
6868 34954 1:0 6871
6868 36769 1:0 6878
6868 34946 1:0 6890
6891 36792 0:0 6893
6891 617 0:0 6893
6892 609 1:0 6893
6895 34944 1:0 6897
6895 34945 1:0 6898
6895 34942 1:0 6900
6901 36810 0:0 6903
6902 611 1:0 6903
6902 36813 0:0 6903
6902 36800 0:0 6903
6902 609 0:0 6903
6905 34943 1:0 6907
6905 36813 1:0 6907
6909 36814 0:0 6911
6910 607 1:0 6911
6910 611 0:0 6911
6913 34935 1:0 6913
6913 34930 1:0 6913
6913 605 1:0 6913
6913 36800 1:0 6913
6914 607 0:0 6937
6918 36817 0:0 6937
6939 34928 1:0 6943
6939 34929 1:0 6943
6939 34926 1:0 6943
6939 34931 1:0 6943
6939 34922 1:0 6969
6943 36835 21:0 7025
6951 755 1:0 6954
6969 36842 0:0 6971
6969 755 0:0 6971
6970 603 1:0 6971
6973 36842 1:0 6975
6977 36844 0:0 6979
6978 601 1:0 6979
6978 603 0:0 6979
6986 605 0:0 6988
6986 36848 0:0 6988
6986 36846 0:0 6988
6986 601 0:0 6988
6987 599 1:0 6988
6990 36848 1:0 6991
6990 34921 1:0 6993
6990 34915 1:0 6997
6990 34913 1:0 7012
7013 36849 0:0 7015
7013 599 0:0 7015
7014 591 1:0 7015
7017 34912 1:0 7017
7017 34911 1:0 7017
7017 34909 1:0 7017
7018 591 0:0 7025
7021 36867 0:0 7025
7024 593 1:0 7025
7027 34910 1:0 7027
7028 593 0:0 7033
7031 36871 0:0 7033
7032 589 1:0 7033
7035 34902 1:0 7035
7035 587 1:0 7035
7035 34897 1:0 7035
7036 589 0:0 7059
7040 36874 0:0 7059
7061 583 1:0 7061
7061 34893 1:0 7061
7061 34898 1:0 7061
7061 34895 1:0 7061
7061 34889 1:0 7061
7061 585 1:0 7061
7061 34896 1:0 7061
7061 755 1:0 7061
7062 587 0:0 7096
7065 36892 0:0 7096
7083 755 21:0 7093
7092 36883 0:0 7096
7096 585 0:0 7101
7099 36901 0:0 7101
7104 583 0:0 7110
7108 36903 0:0 7110
7109 581 1:0 7110
7112 34880 1:0 7112
7112 34888 1:0 7112
7112 34882 1:0 7112
7112 36883 1:0 7112
7113 581 0:0 7137
7117 36906 0:0 7137
7136 573 1:0 7137
7136 34545 1:0 7152
7139 34878 1:0 7139
7139 34879 1:0 7140
7143 36924 21:0 7280
7146 575 1:0 7147
7146 36927 0:0 7147
7146 573 0:0 7147
7149 34877 1:0 7151
7149 36927 1:0 7151
7153 36928 0:0 7155
7153 36929 0:0 7155
7154 571 1:0 7155
7154 575 0:0 7155
7157 36929 1:0 7158
7157 34875 1:0 7160
7157 34869 1:0 7164
7157 34864 1:0 7179
7157 569 1:0 7179
7180 36931 0:0 7181
7180 571 0:0 7181
7183 34863 1:0 7187
7183 34862 1:0 7187
7183 34865 1:0 7187
7183 34860 1:0 7187
7183 755 1:0 7198
7183 34856 1:0 7213
7213 36956 0:0 7215
7213 755 0:0 7215
7214 567 1:0 7215
7217 36956 1:0 7219
7221 36958 0:0 7223
7222 567 0:0 7223
7222 565 1:0 7223
7230 565 0:0 7232
7230 569 0:0 7232
7230 36960 0:0 7232
7230 36940 0:0 7232
7230 36962 0:0 7232
7231 563 1:0 7232
7231 36949 0:0 7232
7234 36962 1:0 7235
7234 34849 1:0 7241
7234 36940 1:0 7244
7234 34847 1:0 7256
7257 36963 0:0 7259
7257 563 0:0 7259
7258 555 1:0 7259
7261 34845 1:0 7263
7261 34846 1:0 7264
7261 34843 1:0 7266
7267 36981 0:0 7269
7268 557 1:0 7269
7268 555 0:0 7269
7268 36971 0:0 7269
7268 36984 0:0 7269
7271 36984 1:0 7273
7271 34844 1:0 7273
7275 36985 0:0 7277
7276 553 1:0 7277
7276 557 0:0 7277
7279 34842 1:0 7279
7279 34836 1:0 7279
7279 34831 1:0 7279
7279 36971 1:0 7279
7279 551 1:0 7279
7280 553 0:0 7303
7284 36988 0:0 7303
7305 34829 1:0 7309
7305 34830 1:0 7309
7305 34832 1:0 7309
7305 34823 1:0 7335
7309 37006 21:0 7391
7317 755 1:0 7320
7335 37013 0:0 7337
7335 755 0:0 7337
7336 549 1:0 7337
7339 37013 1:0 7341
7343 37015 0:0 7345
7344 549 0:0 7345
7344 547 1:0 7345
7352 37017 0:0 7354
7352 551 0:0 7354
7352 547 0:0 7354
7352 37019 0:0 7354
7353 545 1:0 7354
7356 37019 1:0 7357
7356 34822 1:0 7359
7356 34816 1:0 7363
7356 34814 1:0 7378
7379 37020 0:0 7381
7379 545 0:0 7381
7380 537 1:0 7381
7383 34813 1:0 7383
7383 34810 1:0 7383
7383 34812 1:0 7383
7384 537 0:0 7391
7387 37038 0:0 7391
7390 539 1:0 7391
7393 34811 1:0 7393
7394 539 0:0 7399
7397 37042 0:0 7399
7398 535 1:0 7399
7401 34809 1:0 7401
7401 34803 1:0 7401
7401 533 1:0 7401
7401 34798 1:0 7401
7402 535 0:0 7425
7406 37045 0:0 7425
7427 34794 1:0 7427
7427 34799 1:0 7427
7427 755 1:0 7427
7427 34796 1:0 7427
7427 529 1:0 7427
7427 34790 1:0 7427
7427 531 1:0 7427
7428 533 0:0 7462
7431 37063 0:0 7462
7449 755 21:0 7459
7458 37054 0:0 7462
7462 531 0:0 7467
7465 37072 0:0 7467
7470 529 0:0 7476
7474 37074 0:0 7476
7475 527 1:0 7476
7478 34783 1:0 7478
7478 37054 1:0 7478
7478 34789 1:0 7478
7478 34781 1:0 7478
7479 527 0:0 7503
7483 37077 0:0 7503
7502 519 1:0 7503
7502 34513 1:0 7518
7505 34777 1:0 7505
7505 34779 1:0 7505
7505 34780 1:0 7506
7509 37095 21:0 7646
7512 521 1:0 7513
7512 519 0:0 7513
7512 37098 0:0 7513
7515 37098 1:0 7517
7515 34778 1:0 7517
7519 37100 0:0 7521
7519 37099 0:0 7521
7520 517 1:0 7521
7520 521 0:0 7521
7523 37100 1:0 7524
7523 34776 1:0 7526
7523 34770 1:0 7530
7523 34765 1:0 7545
7523 515 1:0 7545
7546 37102 0:0 7547
7546 517 0:0 7547
7549 34766 1:0 7553
7549 34763 1:0 7553
7549 34764 1:0 7553
7549 755 1:0 7564
7549 34757 1:0 7579
7579 755 0:0 7581
7579 37127 0:0 7581
7580 513 1:0 7581
7583 37127 1:0 7585
7587 37129 0:0 7589
7588 513 0:0 7589
7588 511 1:0 7589
7596 515 0:0 7598
7596 511 0:0 7598
7596 37131 0:0 7598
7596 37111 0:0 7598
7596 37133 0:0 7598
7597 37120 0:0 7598
7597 509 1:0 7598
7600 37133 1:0 7601
7600 34756 1:0 7603
7600 34750 1:0 7607
7600 37111 1:0 7610
7600 34748 1:0 7622
7623 509 0:0 7625
7623 37134 0:0 7625
7624 501 1:0 7625
7627 34746 1:0 7629
7627 34747 1:0 7630
7627 34744 1:0 7632
7633 37152 0:0 7635
7634 501 0:0 7635
7634 503 1:0 7635
7634 37142 0:0 7635
7634 37155 0:0 7635
7637 37155 1:0 7639
7637 34745 1:0 7639
7641 37156 0:0 7643
7642 499 1:0 7643
7642 503 0:0 7643
7645 34732 1:0 7645
7645 497 1:0 7645
7645 34737 1:0 7645
7645 34743 1:0 7645
7645 37142 1:0 7645
7646 499 0:0 7669
7650 37159 0:0 7669
7671 34730 1:0 7675
7671 34731 1:0 7675
7671 34733 1:0 7675
7671 34724 1:0 7701
7675 37177 21:0 7757
7683 755 1:0 7686
7701 755 0:0 7703
7701 37184 0:0 7703
7702 495 1:0 7703
7705 37184 1:0 7707
7709 37186 0:0 7711
7710 493 1:0 7711
7710 495 0:0 7711
7718 37188 0:0 7720
7718 493 0:0 7720
7718 37190 0:0 7720
7718 497 0:0 7720
7719 491 1:0 7720
7722 37190 1:0 7723
7722 34723 1:0 7725
7722 34717 1:0 7729
7722 34715 1:0 7744
7745 37191 0:0 7747
7745 491 0:0 7747
7746 483 1:0 7747
7749 34713 1:0 7749
7749 34714 1:0 7749
7749 34711 1:0 7749
7750 483 0:0 7757
7753 37209 0:0 7757
7756 485 1:0 7757
7759 34712 1:0 7759
7760 485 0:0 7765
7763 37213 0:0 7765
7764 481 1:0 7765
7767 479 1:0 7767
7767 34710 1:0 7767
7767 34699 1:0 7767
7767 34704 1:0 7767
7768 481 0:0 7791
7772 37216 0:0 7791
7793 475 1:0 7793
7793 477 1:0 7793
7793 34691 1:0 7793
7793 34698 1:0 7793
7793 34700 1:0 7793
7793 34697 1:0 7793
7793 755 1:0 7793
7794 479 0:0 7828
7797 37234 0:0 7828
7815 755 21:0 7825
7824 37225 0:0 7828
7828 477 0:0 7833
7831 37243 0:0 7833
7836 475 0:0 7842
7840 37245 0:0 7842
7841 473 1:0 7842
7844 34682 1:0 7844
7844 34684 1:0 7844
7844 37225 1:0 7844
7844 34690 1:0 7844
7845 473 0:0 7869
7849 37248 0:0 7869
7868 465 1:0 7869
7868 34480 1:0 7884
7871 34678 1:0 7871
7871 34680 1:0 7871
7871 34681 1:0 7872
7875 37266 21:0 8012
7878 465 0:0 7879
7878 37269 0:0 7879
7878 467 1:0 7879
7881 37269 1:0 7883
7881 34679 1:0 7883
7885 37270 0:0 7887
7885 37271 0:0 7887
7886 467 0:0 7887
7886 463 1:0 7887
7889 37271 1:0 7890
7889 34677 1:0 7892
7889 34671 1:0 7896
7889 34666 1:0 7911
7889 461 1:0 7911
7912 463 0:0 7913
7912 37273 0:0 7913
7915 34665 1:0 7919
7915 34664 1:0 7919
7915 34667 1:0 7919
7915 755 1:0 7930
7915 34658 1:0 7945
7945 37298 0:0 7947
7945 755 0:0 7947
7946 459 1:0 7947
7949 37298 1:0 7951
7953 37300 0:0 7955
7954 457 1:0 7955
7954 459 0:0 7955
7962 457 0:0 7964
7962 37304 0:0 7964
7962 37282 0:0 7964
7962 461 0:0 7964
7962 37302 0:0 7964
7963 37291 0:0 7964
7963 455 1:0 7964
7966 37304 1:0 7967
7966 34657 1:0 7969
7966 34651 1:0 7973
7966 37282 1:0 7976
7966 34649 1:0 7988
7989 455 0:0 7991
7989 37305 0:0 7991
7990 447 1:0 7991
7993 34647 1:0 7995
7993 34648 1:0 7996
7993 34645 1:0 7998
7999 37323 0:0 8001
8000 447 0:0 8001
8000 37326 0:0 8001
8000 37313 0:0 8001
8000 449 1:0 8001
8000 34466 1:0 8011
8003 37326 1:0 8003
8003 34646 1:0 8003
8007 37327 0:0 8009
8008 449 0:0 8009
8008 445 1:0 8009
8011 34633 1:0 8011
8011 34638 1:0 8011
8011 443 1:0 8011
8011 37313 1:0 8011
8011 34644 1:0 8011
8012 445 0:0 8035
8016 37330 0:0 8035
8037 34634 1:0 8041
8037 34629 1:0 8041
8037 34631 1:0 8041
8037 34625 1:0 8067
8041 37348 21:0 8123
8049 755 1:0 8052
8067 37355 0:0 8069
8067 755 0:0 8069
8068 441 1:0 8069
8071 37355 1:0 8073
8075 37357 0:0 8077
8076 441 0:0 8077
8076 439 1:0 8077
8084 439 0:0 8086
8084 443 0:0 8086
8084 37359 0:0 8086
8084 37361 0:0 8086
8085 437 1:0 8086
8088 37361 1:0 8089
8088 34624 1:0 8091
8088 34618 1:0 8095
8088 34616 1:0 8110
8111 437 0:0 8113
8111 37362 0:0 8113
8112 429 1:0 8113
8115 34612 1:0 8115
8115 34614 1:0 8115
8115 34615 1:0 8115
8116 429 0:0 8123
8119 37380 0:0 8123
8122 431 1:0 8123
8125 34613 1:0 8125
8126 431 0:0 8131
8129 37384 0:0 8131
8130 427 1:0 8131
8133 34600 1:0 8133
8133 34611 1:0 8133
8133 34605 1:0 8133
8133 425 1:0 8133
8134 427 0:0 8157
8138 37387 0:0 8157
8159 421 1:0 8159
8159 423 1:0 8159
8159 755 1:0 8159
8159 34592 1:0 8159
8159 34601 1:0 8159
8159 34598 1:0 8159
8159 34596 1:0 8159
8160 425 0:0 8194
8163 37405 0:0 8194
8181 755 21:0 8191
8190 37396 0:0 8194
8194 423 0:0 8199
8197 37414 0:0 8199
8202 421 0:0 8208
8206 37416 0:0 8208
8207 419 1:0 8208
8210 37396 1:0 8210
8210 34583 1:0 8210
8210 34591 1:0 8210
8210 34585 1:0 8210
8211 419 0:0 8235
8215 37419 0:0 8235
8234 411 1:0 8235
8234 34446 1:0 8250
8237 34579 1:0 8237
8237 34581 1:0 8237
8237 34582 1:0 8238
8241 37437 21:0 8378
8244 411 0:0 8245
8244 37440 0:0 8245
8244 413 1:0 8245
8247 37440 1:0 8249
8247 34580 1:0 8249
8251 37441 0:0 8253
8251 37442 0:0 8253
8252 409 1:0 8253
8252 413 0:0 8253
8255 37442 1:0 8256
8255 34572 1:0 8262
8255 34567 1:0 8277
8255 407 1:0 8277
8278 409 0:0 8279
8278 37444 0:0 8279
8281 34568 1:0 8285
8281 34566 1:0 8285
8281 34565 1:0 8285
8281 34563 1:0 8285
8281 755 1:0 8296
8281 34559 1:0 8311
8311 37469 0:0 8313
8311 755 0:0 8313
8312 405 1:0 8313
8315 37469 1:0 8317
8319 37471 0:0 8321
8320 405 0:0 8321
8320 403 1:0 8321
8328 37473 0:0 8330
8328 403 0:0 8330
8328 37475 0:0 8330
8328 37453 0:0 8330
8328 407 0:0 8330
8329 37462 0:0 8330
8329 401 1:0 8330
8332 37475 1:0 8333
8332 34558 1:0 8335
8332 34552 1:0 8339
8332 37453 1:0 8342
8332 34550 1:0 8354
8355 37476 0:0 8357
8356 401 0:0 8357
8356 393 1:0 8357
8359 34548 1:0 8361
8359 34549 1:0 8362
8359 34546 1:0 8364
8365 37494 0:0 8367
8366 37484 0:0 8367
8366 37497 0:0 8367
8366 395 1:0 8367
8366 393 0:0 8367
8366 34413 1:0 8377
8369 37497 1:0 8369
8369 34547 1:0 8369
8373 37498 0:0 8375
8374 395 0:0 8375
8374 391 1:0 8375
8377 37484 1:0 8377
8377 34539 1:0 8377
8377 34534 1:0 8377
8377 389 1:0 8377
8378 391 0:0 8401
8382 37501 0:0 8401
8403 387 1:0 8403
8403 755 1:0 8403
8403 34535 1:0 8403
8403 385 1:0 8403
8403 34532 1:0 8407
8403 34530 1:0 8407
8403 34533 1:0 8407
8403 34526 1:0 8433
8404 389 0:0 8438
8407 37519 0:0 8438
8425 755 21:0 8435
8434 37510 0:0 8438
8438 387 0:0 8443
8441 37528 0:0 8443
8446 385 0:0 8452
8450 37530 0:0 8452
8451 383 1:0 8452
8454 34525 1:0 8457
8454 34519 1:0 8461
8454 37510 1:0 8464
8454 34517 1:0 8477
8470 37533 0:0 8479
8470 383 0:0 8479
8478 375 1:0 8479
8481 34515 1:0 8481
8481 34516 1:0 8481
8482 375 0:0 8489
8485 37551 0:0 8489
8488 377 1:0 8489
8491 34514 1:0 8491
8492 377 0:0 8497
8495 37555 0:0 8497
8496 373 1:0 8497
8499 371 1:0 8499
8499 34506 1:0 8499
8499 34512 1:0 8499
8499 34501 1:0 8499
8500 373 0:0 8523
8504 37558 0:0 8523
8525 34502 1:0 8525
8525 367 1:0 8525
8525 369 1:0 8525
8525 755 1:0 8525
8525 34500 1:0 8528
8525 34497 1:0 8528
8525 34493 1:0 8528
8525 34499 1:0 8528
8526 371 0:0 8560
8529 37576 0:0 8560
8547 755 21:0 8557
8556 37567 0:0 8560
8560 369 0:0 8565
8563 37585 0:0 8565
8568 367 0:0 8574
8572 37587 0:0 8574
8573 365 1:0 8574
8576 34492 1:0 8579
8576 37567 1:0 8580
8576 34486 1:0 8580
8576 34484 1:0 8580
8581 37590 0:0 8601
8592 365 0:0 8601
8600 357 1:0 8601
8600 34381 1:0 8616
8603 34482 1:0 8603
8603 34483 1:0 8604
8607 37608 21:0 8744
8610 359 1:0 8611
8610 357 0:0 8611
8610 37611 0:0 8611
8613 34481 1:0 8615
8613 37611 1:0 8615
8617 37612 0:0 8619
8617 37613 0:0 8619
8618 359 0:0 8619
8618 355 1:0 8619
8621 37613 1:0 8622
8621 34479 1:0 8624
8621 34473 1:0 8628
8621 353 1:0 8643
8621 34468 1:0 8643
8644 355 0:0 8645
8644 37615 0:0 8645
8647 34469 1:0 8651
8647 34467 1:0 8651
8647 34464 1:0 8651
8647 755 1:0 8662
8647 34460 1:0 8677
8677 755 0:0 8679
8677 37640 0:0 8679
8678 351 1:0 8679
8681 37640 1:0 8683
8685 37642 0:0 8687
8686 351 0:0 8687
8686 349 1:0 8687
8694 37644 0:0 8696
8694 353 0:0 8696
8694 349 0:0 8696
8694 37646 0:0 8696
8694 37624 0:0 8696
8695 37633 0:0 8696
8695 347 1:0 8696
8698 37646 1:0 8699
8698 34459 1:0 8701
8698 34453 1:0 8705
8698 37624 1:0 8708
8698 34451 1:0 8720
8721 37647 0:0 8723
8722 339 1:0 8723
8722 347 0:0 8723
8725 34449 1:0 8727
8725 34450 1:0 8728
8725 34447 1:0 8730
8731 37665 0:0 8733
8732 37655 0:0 8733
8732 339 0:0 8733
8732 37668 0:0 8733
8732 341 1:0 8733
8732 34348 1:0 8743
8735 34448 1:0 8735
8735 37668 1:0 8735
8739 37669 0:0 8741
8740 341 0:0 8741
8740 337 1:0 8741
8743 37655 1:0 8743
8743 335 1:0 8743
8743 34435 1:0 8743
8743 34440 1:0 8743
8744 337 0:0 8767
8748 37672 0:0 8767
8769 755 1:0 8769
8769 331 1:0 8769
8769 333 1:0 8769
8769 34436 1:0 8769
8769 34431 1:0 8773
8769 34434 1:0 8773
8769 34433 1:0 8773
8769 34427 1:0 8799
8770 335 0:0 8804
8773 37690 0:0 8804
8791 755 21:0 8801
8800 37681 0:0 8804
8804 333 0:0 8809
8807 37699 0:0 8809
8812 331 0:0 8818
8816 37701 0:0 8818
8817 329 1:0 8818
8820 34426 1:0 8823
8820 34420 1:0 8827
8820 37681 1:0 8830
8820 34418 1:0 8843
8836 329 0:0 8845
8836 37704 0:0 8845
8844 321 1:0 8845
8847 34417 1:0 8847
8847 34414 1:0 8847
8847 34416 1:0 8847
8848 321 0:0 8855
8851 37722 0:0 8855
8854 323 1:0 8855
8857 34415 1:0 8857
8858 323 0:0 8863
8861 37726 0:0 8863
8862 319 1:0 8863
8865 317 1:0 8865
8865 34402 1:0 8865
8865 34407 1:0 8865
8866 319 0:0 8889
8870 37729 0:0 8889
8891 313 1:0 8891
8891 755 1:0 8891
8891 34403 1:0 8891
8891 315 1:0 8891
8891 34401 1:0 8894
8891 34400 1:0 8894
8891 34394 1:0 8894
8891 34398 1:0 8894
8892 317 0:0 8926
8895 37747 0:0 8926
8913 755 21:0 8923
8922 37738 0:0 8926
8926 315 0:0 8931
8929 37756 0:0 8931
8934 313 0:0 8940
8938 37758 0:0 8940
8939 311 1:0 8940
8942 34393 1:0 8945
8942 34385 1:0 8946
8942 34387 1:0 8946
8942 37738 1:0 8946
8947 37761 0:0 8967
8958 311 0:0 8967
8966 303 1:0 8967
8966 34334 1:0 8982
8969 34383 1:0 8969
8969 34384 1:0 8970
8973 37779 21:0 9110
8976 303 0:0 8977
8976 37782 0:0 8977
8976 305 1:0 8977
8979 37782 1:0 8981
8979 34382 1:0 8981
8983 37783 0:0 8985
8983 37784 0:0 8985
8984 305 0:0 8985
8984 301 1:0 8985
8987 37784 1:0 8988
8987 34380 1:0 8990
8987 34374 1:0 8994
8987 299 1:0 9009
8987 34369 1:0 9009
9010 37786 0:0 9011
9010 301 0:0 9011
9013 34368 1:0 9017
9013 34367 1:0 9017
9013 34370 1:0 9017
9013 34365 1:0 9017
9013 755 1:0 9028
9013 34361 1:0 9043
9043 755 0:0 9045
9043 37811 0:0 9045
9044 297 1:0 9045
9047 37811 1:0 9049
9051 37813 0:0 9053
9052 297 0:0 9053
9052 295 1:0 9053
9060 299 0:0 9062
9060 37817 0:0 9062
9060 295 0:0 9062
9060 37815 0:0 9062
9060 37795 0:0 9062
9061 37804 0:0 9062
9061 293 1:0 9062
9064 37817 1:0 9065
9064 34360 1:0 9067
9064 34354 1:0 9071
9064 37795 1:0 9074
9064 34352 1:0 9086
9087 37818 0:0 9089
9088 293 0:0 9089
9088 285 1:0 9089
9091 34350 1:0 9093
9091 34351 1:0 9094
9097 37836 0:0 9099
9098 37839 0:0 9099
9098 37826 0:0 9099
9098 285 0:0 9099
9098 287 1:0 9099
9098 34314 1:0 9109
9101 34349 1:0 9101
9101 37839 1:0 9101
9105 37840 0:0 9107
9106 287 0:0 9107
9106 283 1:0 9107
9109 34336 1:0 9109
9109 37826 1:0 9109
9109 34341 1:0 9109
9109 281 1:0 9109
9109 34347 1:0 9109
9110 283 0:0 9133
9114 37843 0:0 9133
9135 755 1:0 9135
9135 34337 1:0 9135
9135 279 1:0 9135
9135 277 1:0 9135
9135 34332 1:0 9139
9135 34335 1:0 9139
9135 34328 1:0 9165
9136 281 0:0 9170
9139 37861 0:0 9170
9157 755 21:0 9167
9166 37852 0:0 9170
9170 279 0:0 9175
9173 37870 0:0 9175
9178 277 0:0 9184
9182 37872 0:0 9184
9183 275 1:0 9184
9186 34327 1:0 9189
9186 34321 1:0 9193
9186 37852 1:0 9196
9186 34319 1:0 9209
9202 37875 0:0 9211
9202 275 0:0 9211
9210 267 1:0 9211
9213 34317 1:0 9213
9213 34315 1:0 9213
9213 34318 1:0 9213
9214 267 0:0 9221
9217 37893 0:0 9221
9220 269 1:0 9221
9223 34316 1:0 9223
9224 269 0:0 9229
9227 37897 0:0 9229
9228 265 1:0 9229
9231 34303 1:0 9231
9231 34308 1:0 9231
9231 263 1:0 9231
9232 265 0:0 9255
9236 37900 0:0 9255
9257 259 1:0 9257
9257 261 1:0 9257
9257 755 1:0 9257
9257 34304 1:0 9257
9257 34301 1:0 9260
9257 34302 1:0 9260
9257 34299 1:0 9260
9257 34295 1:0 9260
9258 263 0:0 9292
9261 37918 0:0 9292
9279 755 21:0 9289
9288 37909 0:0 9292
9292 261 0:0 9297
9295 37927 0:0 9297
9300 259 0:0 9306
9304 37929 0:0 9306
9305 257 1:0 9306
9308 34294 1:0 9311
9308 37909 1:0 9312
9308 34288 1:0 9312
9308 34286 1:0 9331
9313 37932 0:0 9333
9324 257 0:0 9333
9332 249 1:0 9333
9335 34284 1:0 9337
9335 34285 1:0 9338
9335 34282 1:0 9341
9339 37950 21:0 9476
9342 249 0:0 9343
9342 37953 0:0 9343
9342 251 1:0 9343
9345 34283 1:0 9347
9345 37953 1:0 9347
9349 37954 0:0 9351
9349 37955 0:0 9351
9350 247 1:0 9351
9350 251 0:0 9351
9353 37955 1:0 9354
9353 34281 1:0 9356
9353 34275 1:0 9360
9353 34270 1:0 9375
9353 245 1:0 9375
9376 37957 0:0 9377
9376 247 0:0 9377
9379 34269 1:0 9383
9379 34268 1:0 9383
9379 34266 1:0 9383
9379 34271 1:0 9383
9379 755 1:0 9394
9379 34262 1:0 9409
9409 755 0:0 9411
9409 37982 0:0 9411
9410 243 1:0 9411
9413 37982 1:0 9415
9417 37984 0:0 9419
9418 241 1:0 9419
9418 243 0:0 9419
9426 245 0:0 9428
9426 241 0:0 9428
9426 37988 0:0 9428
9426 37966 0:0 9428
9426 37986 0:0 9428
9427 239 1:0 9428
9427 37975 0:0 9428
9430 37988 1:0 9431
9430 34261 1:0 9433
9430 34255 1:0 9437
9430 37966 1:0 9440
9430 34253 1:0 9453
9454 37989 0:0 9455
9454 239 0:0 9455
9454 231 1:0 9455
9454 34217 1:0 9591
9457 34251 1:0 9457
9457 34249 1:0 9458
9457 34252 1:0 9458
9463 38007 0:0 9465
9464 233 1:0 9465
9464 37997 0:0 9465
9464 231 0:0 9465
9464 38010 0:0 9465
9467 34250 1:0 9467
9467 38010 1:0 9467
9471 38011 0:0 9473
9472 229 1:0 9473
9472 233 0:0 9473
9475 227 1:0 9475
9475 34242 1:0 9475
9475 37997 1:0 9475
9475 34237 1:0 9475
9475 34248 1:0 9475
9476 229 0:0 9499
9480 38014 0:0 9499
9501 223 1:0 9501
9501 34229 1:0 9501
9501 755 1:0 9501
9501 34233 1:0 9501
9501 34236 1:0 9501
9501 225 1:0 9501
9501 34238 1:0 9501
9501 34235 1:0 9501
9502 227 0:0 9536
9505 38032 0:0 9536
9523 755 21:0 9533
9532 38023 0:0 9536
9536 225 0:0 9541
9539 38041 0:0 9541
9544 223 0:0 9550
9548 38043 0:0 9550
9549 221 1:0 9550
9552 38023 1:0 9552
9552 34222 1:0 9553
9552 34228 1:0 9553
9552 34220 1:0 9553
9568 38046 0:0 9577
9568 221 0:0 9577
9576 213 1:0 9577
9579 34218 1:0 9579
9579 34216 1:0 9580
9579 34219 1:0 9580
9580 213 0:0 9587
9583 38064 0:0 9587
9586 215 1:0 9587
9590 215 0:0 9595
9593 38068 0:0 9595
9594 211 1:0 9595
9597 209 1:0 9597
9597 34215 1:0 9600
9597 34209 1:0 9601
9597 34204 1:0 9601
9598 211 0:0 9621
9602 38071 0:0 9621
9623 34205 1:0 9623
9623 755 1:0 9623
9623 207 1:0 9623
9623 205 1:0 9623
9623 34200 1:0 9627
9623 34203 1:0 9627
9623 34202 1:0 9627
9623 34196 1:0 9653
9624 209 0:0 9658
9627 38089 0:0 9658
9645 755 21:0 9655
9654 38080 0:0 9658
9658 207 0:0 9663
9661 38098 0:0 9663
9666 205 0:0 9672
9670 38100 0:0 9672
9671 203 1:0 9672
9674 34195 1:0 9677
9674 34189 1:0 9681
9674 38080 1:0 9684
9674 34187 1:0 9697
9690 38103 0:0 9699
9690 203 0:0 9699
9698 195 1:0 9699
9701 34185 1:0 9703
9701 34186 1:0 9704
9701 34183 1:0 9707
9705 38121 21:0 9842
9708 38124 0:0 9709
9708 197 1:0 9709
9708 195 0:0 9709
9711 34184 1:0 9713
9711 38124 1:0 9713
9715 38125 0:0 9717
9715 38126 0:0 9717
9716 193 1:0 9717
9716 197 0:0 9717
9719 38126 1:0 9720
9719 34182 1:0 9722
9719 34176 1:0 9726
9719 34171 1:0 9741
9719 191 1:0 9741
9742 193 0:0 9743
9742 38128 0:0 9743
9745 34170 1:0 9749
9745 34169 1:0 9749
9745 34172 1:0 9749
9745 34167 1:0 9749
9745 755 1:0 9760
9745 34163 1:0 9775
9775 755 0:0 9777
9775 38153 0:0 9777
9776 189 1:0 9777
9779 38153 1:0 9781
9783 38155 0:0 9785
9784 189 0:0 9785
9784 187 1:0 9785
9792 38137 0:0 9794
9792 191 0:0 9794
9792 187 0:0 9794
9792 38157 0:0 9794
9792 38159 0:0 9794
9793 38146 0:0 9794
9793 185 1:0 9794
9796 38159 1:0 9797
9796 34162 1:0 9799
9796 34156 1:0 9803
9796 38137 1:0 9806
9796 34154 1:0 9819
9820 177 1:0 9821
9820 185 0:0 9821
9820 38160 0:0 9821
9820 34118 1:0 9957
9823 34152 1:0 9823
9823 34153 1:0 9824
9823 34150 1:0 9824
9829 38178 0:0 9831
9830 177 0:0 9831
9830 38181 0:0 9831
9830 38168 0:0 9831
9830 179 1:0 9831
9833 38181 1:0 9833
9833 34151 1:0 9833
9837 38182 0:0 9839
9838 179 0:0 9839
9838 175 1:0 9839
9841 34138 1:0 9841
9841 34143 1:0 9841
9841 173 1:0 9841
9841 38168 1:0 9841
9841 34149 1:0 9842
9842 175 0:0 9865
9846 38185 0:0 9865
9867 34134 1:0 9867
9867 34137 1:0 9867
9867 171 1:0 9867
9867 755 1:0 9867
9867 34130 1:0 9867
9867 34136 1:0 9867
9867 169 1:0 9867
9867 34139 1:0 9867
9868 173 0:0 9902
9871 38203 0:0 9902
9889 755 21:0 9899
9898 38194 0:0 9902
9902 171 0:0 9907
9905 38212 0:0 9907
9910 169 0:0 9916
9914 38214 0:0 9916
9915 167 1:0 9916
9918 38194 1:0 9918
9918 34121 1:0 9919
9918 34123 1:0 9919
9918 34129 1:0 9919
9934 38217 0:0 9943
9934 167 0:0 9943
9942 159 1:0 9943
9945 34119 1:0 9945
9945 34117 1:0 9946
9945 34120 1:0 9946
9946 159 0:0 9953
9949 38235 0:0 9953
9952 161 1:0 9953
9956 161 0:0 9961
9959 38239 0:0 9961
9960 157 1:0 9961
9963 34116 1:0 9966
9963 34105 1:0 9967
9963 34110 1:0 9967
9964 157 0:0 9987
9968 38242 0:0 9987
9986 155 1:0 9987
9989 153 1:0 9989
9989 755 1:0 9989
9989 34106 1:0 9989
9989 151 1:0 9989
9989 34104 1:0 9993
9989 34103 1:0 9993
9989 34101 1:0 9993
9989 34097 1:0 10019
9990 155 0:0 10024
9993 38260 0:0 10024
10011 755 21:0 10021
10020 38251 0:0 10024
10024 153 0:0 10029
10027 38269 0:0 10029
10032 151 0:0 10038
10036 38271 0:0 10038
10037 149 1:0 10038
10040 34096 1:0 10043
10040 34090 1:0 10047
10040 38251 1:0 10050
10040 34088 1:0 10063
10056 38274 0:0 10065
10056 149 0:0 10065
10064 141 1:0 10065
10067 34086 1:0 10069
10067 34087 1:0 10070
10067 34084 1:0 10073
10071 38292 21:0 10208
10074 143 1:0 10075
10074 38295 0:0 10075
10074 141 0:0 10075
10077 38295 1:0 10079
10077 34085 1:0 10079
10081 38296 0:0 10083
10081 38297 0:0 10083
10082 139 1:0 10083
10082 143 0:0 10083
10085 38297 1:0 10086
10085 34083 1:0 10088
10085 34077 1:0 10092
10085 34072 1:0 10107
10108 38299 0:0 10109
10108 137 1:0 10109
10108 139 0:0 10109
10111 34068 1:0 10115
10111 34071 1:0 10115
10111 34070 1:0 10115
10111 34073 1:0 10115
10111 755 1:0 10126
10111 34064 1:0 10141
10141 38324 0:0 10143
10141 755 0:0 10143
10142 135 1:0 10143
10145 38324 1:0 10147
10149 38326 0:0 10151
10150 135 0:0 10151
10150 133 1:0 10151
10158 137 0:0 10160
10158 38330 0:0 10160
10158 38328 0:0 10160
10158 133 0:0 10160
10158 38308 0:0 10160
10159 38317 0:0 10160
10159 131 1:0 10160
10162 38330 1:0 10163
10162 34063 1:0 10165
10162 34057 1:0 10169
10162 38308 1:0 10172
10162 34055 1:0 10185
10186 123 1:0 10187
10186 38331 0:0 10187
10186 131 0:0 10187
10186 34019 1:0 10323
10189 34053 1:0 10189
10189 34051 1:0 10190
10189 34054 1:0 10190
10195 38349 0:0 10197
10196 38339 0:0 10197
10196 123 0:0 10197
10196 125 1:0 10197
10196 38352 0:0 10197
10199 38352 1:0 10199
10199 34052 1:0 10199
10203 38353 0:0 10205
10204 121 1:0 10205
10204 125 0:0 10205
10207 34044 1:0 10207
10207 34039 1:0 10207
10207 38339 1:0 10207
10207 34050 1:0 10208
10208 121 0:0 10231
10212 38356 0:0 10231
10230 119 1:0 10231
10233 34037 1:0 10233
10233 34040 1:0 10233
10233 34038 1:0 10233
10233 34035 1:0 10233
10233 117 1:0 10233
10233 34031 1:0 10233
10233 115 1:0 10233
10233 755 1:0 10233
10234 119 0:0 10268
10237 38374 0:0 10268
10255 755 21:0 10265
10264 38365 0:0 10268
10268 117 0:0 10273
10271 38383 0:0 10273
10276 115 0:0 10282
10280 38385 0:0 10282
10281 113 1:0 10282
10284 38365 1:0 10284
10284 34030 1:0 10285
10284 34024 1:0 10285
10284 34022 1:0 10285
10300 113 0:0 10309
10300 38388 0:0 10309
10308 105 1:0 10309
10311 34020 1:0 10311
10311 34018 1:0 10312
10311 34021 1:0 10312
10312 105 0:0 10319
10315 38406 0:0 10319
10318 107 1:0 10319
10322 107 0:0 10327
10325 38410 0:0 10327
10326 103 1:0 10327
10329 34017 1:0 10332
10329 34011 1:0 10333
10329 34006 1:0 10333
10330 103 0:0 10353
10334 38413 0:0 10353
10352 101 1:0 10353
10355 97 1:0 10355
10355 99 1:0 10355
10355 755 1:0 10355
10355 34007 1:0 10355
10355 34005 1:0 10359
10355 34002 1:0 10359
10355 34004 1:0 10359
10355 33998 1:0 10385
10356 101 0:0 10390
10359 38431 0:0 10390
10377 755 21:0 10387
10386 38422 0:0 10390
10390 99 0:0 10395
10393 38440 0:0 10395
10398 97 0:0 10404
10402 38442 0:0 10404
10403 95 1:0 10404
10406 33997 1:0 10409
10406 33991 1:0 10413
10406 38422 1:0 10416
10406 33989 1:0 10429
10422 38445 0:0 10431
10422 95 0:0 10431
10430 87 1:0 10431
10433 33987 1:0 10435
10433 33988 1:0 10436
10433 33985 1:0 10439
10437 38463 21:0 10574
10440 87 0:0 10441
10440 38466 0:0 10441
10440 89 1:0 10441
10443 33986 1:0 10445
10443 38466 1:0 10445
10447 38468 0:0 10449
10447 38467 0:0 10449
10448 89 0:0 10449
10448 85 1:0 10449
10451 38468 1:0 10452
10451 33984 1:0 10454
10451 33978 1:0 10458
10451 33973 1:0 10473
10474 85 0:0 10475
10474 83 1:0 10475
10474 38470 0:0 10475
10477 33972 1:0 10481
10477 33969 1:0 10481
10477 33971 1:0 10481
10477 33974 1:0 10481
10477 755 1:0 10492
10477 33965 1:0 10507
10507 38495 0:0 10509
10507 755 0:0 10509
10508 81 1:0 10509
10511 38495 1:0 10513
10515 38497 0:0 10517
10516 81 0:0 10517
10516 79 1:0 10517
10524 38501 0:0 10526
10524 79 0:0 10526
10524 38499 0:0 10526
10524 83 0:0 10526
10524 38479 0:0 10526
10525 38488 0:0 10526
10525 77 1:0 10526
10528 38501 1:0 10529
10528 33964 1:0 10531
10528 33958 1:0 10535
10528 38479 1:0 10538
10528 33956 1:0 10551
10552 77 0:0 10553
10552 38502 0:0 10553
10552 69 1:0 10553
10552 33920 1:0 10689
10555 33954 1:0 10555
10555 33952 1:0 10556
10555 33955 1:0 10556
10561 38520 0:0 10563
10562 71 1:0 10563
10562 38523 0:0 10563
10562 69 0:0 10563
10562 38510 0:0 10563
10565 33953 1:0 10565
10565 38523 1:0 10565
10569 38524 0:0 10571
10570 71 0:0 10571
10570 67 1:0 10571
10573 33945 1:0 10573
10573 38510 1:0 10573
10573 33940 1:0 10573
10573 33951 1:0 10574
10574 67 0:0 10597
10578 38527 0:0 10597
10596 65 1:0 10597
10599 63 1:0 10599
10599 33936 1:0 10599
10599 755 1:0 10599
10599 33941 1:0 10599
10599 33932 1:0 10599
10599 33938 1:0 10599
10599 33939 1:0 10599
10599 61 1:0 10599
10600 65 0:0 10634
10603 38545 0:0 10634
10621 755 21:0 10631
10630 38536 0:0 10634
10634 63 0:0 10639
10637 38554 0:0 10639
10642 61 0:0 10648
10646 38556 0:0 10648
10647 59 1:0 10648
10650 38536 1:0 10650
10650 33923 1:0 10651
10650 33931 1:0 10651
10650 33925 1:0 10651
10666 38559 0:0 10675
10666 59 0:0 10675
10674 51 1:0 10675
10677 33921 1:0 10677
10677 33919 1:0 10678
10677 33922 1:0 10678
10678 51 0:0 10685
10681 38577 0:0 10685
10684 53 1:0 10685
10688 53 0:0 10693
10691 38581 0:0 10693
10692 49 1:0 10693
10695 33918 1:0 10698
10695 33907 1:0 10699
10695 33912 1:0 10699
10696 49 0:0 10719
10700 38584 0:0 10719
10718 47 1:0 10719
10721 43 1:0 10721
10721 755 1:0 10721
10721 33908 1:0 10721
10721 45 1:0 10721
10721 33903 1:0 10725
10721 33906 1:0 10725
10721 33905 1:0 10725
10721 33899 1:0 10751
10722 47 0:0 10756
10725 38602 0:0 10756
10743 755 21:0 10753
10752 38593 0:0 10756
10756 45 0:0 10761
10759 38611 0:0 10761
10764 43 0:0 10770
10768 38613 0:0 10770
10769 41 1:0 10770
10772 33898 1:0 10775
10772 33892 1:0 10779
10772 38593 1:0 10782
10772 33890 1:0 10795
10788 41 0:0 10797
10788 38616 0:0 10797
10796 33 1:0 10797
10799 33888 1:0 10801
10799 33889 1:0 10802
10799 33886 1:0 10805
10803 38634 21:0 10940
10806 38637 0:0 10807
10806 35 1:0 10807
10806 33 0:0 10807
10809 38637 1:0 10811
10809 33887 1:0 10811
10813 38638 0:0 10815
10813 38639 0:0 10815
10814 31 1:0 10815
10814 35 0:0 10815
10817 38639 1:0 10818
10817 33885 1:0 10820
10817 33874 1:0 10821
10817 33879 1:0 10821
10822 38641 0:0 10841
10840 29 1:0 10841
10840 31 0:0 10841
10843 33875 1:0 10847
10843 33870 1:0 10847
10843 33873 1:0 10847
10843 33872 1:0 10847
10843 755 1:0 10858
10843 33866 1:0 10873
10873 755 0:0 10875
10873 38666 0:0 10875
10874 27 1:0 10875
10877 38666 1:0 10879
10881 38668 0:0 10883
10882 27 0:0 10883
10882 25 1:0 10883
10890 38672 0:0 10892
10890 29 0:0 10892
10890 38650 0:0 10892
10890 38670 0:0 10892
10890 25 0:0 10892
10891 38659 0:0 10892
10891 23 1:0 10892
10894 38672 1:0 10895
10894 33865 1:0 10897
10894 33859 1:0 10901
10894 38650 1:0 10904
10894 33857 1:0 10917
10918 38673 0:0 10919
10918 15 1:0 10919
10918 23 0:0 10919
10921 33855 1:0 10923
10921 33853 1:0 10924
10921 33856 1:0 10924
10925 38691 0:0 10929
10928 17 1:0 10929
10928 38694 0:0 10929
10928 38681 0:0 10929
10928 15 0:0 10929
10931 33854 1:0 10933
10931 38694 1:0 10933
10935 38695 0:0 10937
10936 17 0:0 10937
10936 13 1:0 10937
10939 38681 1:0 10939
10939 33852 1:0 10942
10939 33846 1:0 10943
10939 33841 1:0 10943
10939 3 1:0 10943
10940 13 0:0 10963
10944 38698 0:0 10963
10962 11 1:0 10963
10965 755 1:0 10965
10965 33842 1:0 10968
10965 9 1:0 10968
10965 33839 1:0 10969
10965 33840 1:0 10969
10965 33837 1:0 10969
10965 33833 1:0 10995
10966 38707 0:0 11000
10966 11 0:0 11000
10969 38716 0:0 11000
10987 755 21:0 10997
11000 9 0:0 11005
11003 38725 0:0 11005
11004 7 1:0 11005
11012 38727 21:0 11017
11013 5 1:0 11014
11016 33832 1:0 11019
11016 38707 1:0 11020
11016 755 1:0 11020
11016 33826 1:0 11023
11021 38730 0:0 11051
11040 38748 21:0 11103
11042 755 0:0 11043
11048 38755 0:0 11051
11050 13 1:0 11050
11050 11 1:0 11050
11050 9 1:0 11050
11050 3 0:0 11051
11051 5 0:0 11059
11057 7 0:0 11059
11058 755 1:0 11058
11059 38756 0:0 11087
11077 755 0:0 11078
11085 9 0:0 11087
11086 38749 0:0 11087
11087 38762 0:0 11092
11087 38760 0:0 11092
11087 38763 0:0 11092
11091 38749 1:0 11091
11091 38765 0:0 11092
11092 38764 0:0 11103
11092 11 0:0 11103
11094 38749 0:0 11103
11100 38775 0:0 11103
11102 17 1:0 11104
11105 38777 21:0 11331
11106 13 0:0 11108
11107 15 1:0 11109
11112 38778 0:0 11113
11112 38776 0:0 11113
11112 17 0:0 11113
11112 38779 0:0 11113
11112 23 1:0 11123
11112 29 1:0 11124
11112 31 1:0 11124
11114 755 1:0 11116
11118 755 0:0 11119
11119 27 1:0 11124
11119 25 1:0 11124
11123 755 1:0 11124
11125 15 0:0 11127
11125 38769 0:0 11127
11125 38780 0:0 11127
11126 38788 0:0 11127
11133 25 0:0 11135
11153 755 0:0 11154
11161 23 0:0 11163
11161 38789 0:0 11163
11161 27 0:0 11163
11167 38798 0:0 11168
11167 38796 0:0 11168
11167 38795 0:0 11168
11167 38793 0:0 11168
11178 38782 0:0 11179
11178 38797 0:0 11179
11178 38802 0:0 11179
11178 38808 0:0 11179
11178 29 0:0 11179
11178 35 1:0 11180
11183 38810 0:0 11184
11183 31 0:0 11184
11183 33 1:0 11185
11188 38811 0:0 11189
11188 38812 0:0 11189
11188 38802 1:0 11189
11188 35 0:0 11189
11188 38809 0:0 11189
11188 41 1:0 11199
11188 49 1:0 11200
11188 47 1:0 11200
11190 755 1:0 11192
11194 755 0:0 11195
11195 43 1:0 11200
11195 45 1:0 11200
11199 755 1:0 11200
11201 38802 0:0 11203
11201 33 0:0 11203
11201 38813 0:0 11203
11202 38821 0:0 11203
11209 43 0:0 11211
11229 755 0:0 11230
11237 41 0:0 11239
11237 38822 0:0 11239
11237 45 0:0 11239
11243 38831 0:0 11244
11243 38829 0:0 11244
11243 38828 0:0 11244
11243 38826 0:0 11244
11254 38835 0:0 11255
11254 38830 0:0 11255
11254 38815 0:0 11255
11254 38841 0:0 11255
11254 47 0:0 11255
11254 53 1:0 11256
11259 49 0:0 11260
11259 38843 0:0 11260
11259 51 1:0 11261
11264 38845 0:0 11265
11264 38835 1:0 11265
11264 38844 0:0 11265
11264 53 0:0 11265
11264 38842 0:0 11265
11264 59 1:0 11275
11264 67 1:0 11276
11264 65 1:0 11276
11266 755 1:0 11268
11270 755 0:0 11271
11271 63 1:0 11276
11271 61 1:0 11276
11275 755 1:0 11276
11277 51 0:0 11279
11277 38835 0:0 11279
11277 38846 0:0 11279
11278 38854 0:0 11279
11285 61 0:0 11287
11305 755 0:0 11306
11313 38855 0:0 11315
11313 63 0:0 11315
11313 59 0:0 11315
11319 38859 0:0 11320
11319 38864 0:0 11320
11319 38862 0:0 11320
11319 38861 0:0 11320
11330 38848 0:0 11331
11330 38863 0:0 11331
11330 65 0:0 11331
11330 38874 0:0 11331
11330 71 1:0 11332
11333 38876 21:0 11559
11334 67 0:0 11336
11335 69 1:0 11337
11340 38877 0:0 11341
11340 38878 0:0 11341
11340 71 0:0 11341
11340 38875 0:0 11341
11340 77 1:0 11351
11340 85 1:0 11352
11340 83 1:0 11352
11342 755 1:0 11344
11346 755 0:0 11347
11347 79 1:0 11352
11347 81 1:0 11352
11351 755 1:0 11352
11353 38879 0:0 11355
11353 69 0:0 11355
11353 38868 0:0 11355
11354 38887 0:0 11355
11361 79 0:0 11363
11381 755 0:0 11382
11389 81 0:0 11391
11389 38888 0:0 11391
11389 77 0:0 11391
11395 38894 0:0 11396
11395 38895 0:0 11396
11395 38897 0:0 11396
11395 38892 0:0 11396
11406 38901 0:0 11407
11406 38881 0:0 11407
11406 83 0:0 11407
11406 38896 0:0 11407
11406 38907 0:0 11407
11406 89 1:0 11408
11411 38909 0:0 11412
11411 85 0:0 11412
11411 87 1:0 11413
11416 38911 0:0 11417
11416 38908 0:0 11417
11416 89 0:0 11417
11416 38910 0:0 11417
11416 38901 1:0 11417
11416 95 1:0 11427
11416 103 1:0 11428
11416 101 1:0 11428
11418 755 1:0 11420
11422 755 0:0 11423
11423 97 1:0 11428
11423 99 1:0 11428
11427 755 1:0 11428
11429 87 0:0 11431
11429 38901 0:0 11431
11429 38912 0:0 11431
11430 38920 0:0 11431
11437 97 0:0 11439
11457 755 0:0 11458
11465 99 0:0 11467
11465 38921 0:0 11467
11465 95 0:0 11467
11471 38928 0:0 11472
11471 38927 0:0 11472
11471 38930 0:0 11472
11471 38925 0:0 11472
11482 38940 0:0 11483
11482 101 0:0 11483
11482 38934 0:0 11483
11482 38929 0:0 11483
11482 38914 0:0 11483
11482 107 1:0 11484
11487 103 0:0 11488
11487 38942 0:0 11488
11487 105 1:0 11489
11492 38941 0:0 11493
11492 38944 0:0 11493
11492 38934 1:0 11493
11492 107 0:0 11493
11492 38943 0:0 11493
11492 113 1:0 11503
11492 119 1:0 11504
11492 121 1:0 11504
11494 755 1:0 11496
11498 755 0:0 11499
11499 115 1:0 11504
11499 117 1:0 11504
11503 755 1:0 11504
11505 38945 0:0 11507
11505 105 0:0 11507
11505 38934 0:0 11507
11506 38953 0:0 11507
11513 115 0:0 11515
11533 755 0:0 11534
11541 113 0:0 11543
11541 117 0:0 11543
11541 38954 0:0 11543
11547 38963 0:0 11548
11547 38961 0:0 11548
11547 38960 0:0 11548
11547 38958 0:0 11548
11558 38947 0:0 11559
11558 38973 0:0 11559
11558 38962 0:0 11559
11558 119 0:0 11559
11558 125 1:0 11560
11561 38975 21:0 11776
11562 121 0:0 11564
11563 123 1:0 11565
11568 38974 0:0 11569
11568 125 0:0 11569
11568 38976 0:0 11569
11568 38977 0:0 11569
11568 131 1:0 11579
11568 137 1:0 11580
11568 139 1:0 11580
11570 755 1:0 11572
11574 755 0:0 11575
11575 133 1:0 11580
11575 135 1:0 11580
11579 755 1:0 11580
11581 38978 0:0 11583
11581 123 0:0 11583
11581 38967 0:0 11583
11582 38986 0:0 11583
11589 133 0:0 11591
11609 755 0:0 11610
11617 135 0:0 11619
11617 38987 0:0 11619
11617 131 0:0 11619
11623 38991 0:0 11624
11623 38994 0:0 11624
11623 38993 0:0 11624
11623 38996 0:0 11624
11634 137 0:0 11635
11634 39000 0:0 11635
11634 38980 0:0 11635
11634 38995 0:0 11635
11634 39006 0:0 11635
11634 143 1:0 11636
11639 139 0:0 11640
11639 39008 0:0 11640
11639 141 1:0 11641
11644 39000 1:0 11645
11644 39007 0:0 11645
11644 143 0:0 11645
11644 39010 0:0 11645
11644 39009 0:0 11645
11644 149 1:0 11655
11644 155 1:0 11656
11644 157 1:0 11656
11646 755 1:0 11648
11650 755 0:0 11651
11651 151 1:0 11656
11651 153 1:0 11656
11655 755 1:0 11656
11657 39011 0:0 11659
11657 141 0:0 11659
11657 39000 0:0 11659
11658 39019 0:0 11659
11665 151 0:0 11667
11685 755 0:0 11686
11693 39020 0:0 11695
11693 153 0:0 11695
11693 149 0:0 11695
11699 39026 0:0 11700
11699 39029 0:0 11700
11699 39024 0:0 11700
11699 39027 0:0 11700
11710 39028 0:0 11711
11710 39013 0:0 11711
11710 39033 0:0 11711
11710 155 0:0 11711
11710 39039 0:0 11711
11710 161 1:0 11712
11715 157 0:0 11716
11715 39041 0:0 11716
11715 159 1:0 11717
11720 39033 1:0 11721
11720 39040 0:0 11721
11720 39042 0:0 11721
11720 39043 0:0 11721
11720 161 0:0 11721
11720 167 1:0 11731
11720 175 1:0 11732
11720 173 1:0 11732
11722 755 1:0 11724
11726 755 0:0 11727
11727 171 1:0 11732
11727 169 1:0 11732
11731 755 1:0 11732
11733 159 0:0 11735
11733 39033 0:0 11735
11733 39044 0:0 11735
11734 39052 0:0 11735
11741 169 0:0 11743
11761 755 0:0 11762
11769 39053 0:0 11771
11769 171 0:0 11771
11769 167 0:0 11771
11775 39057 0:0 11776
11775 39059 0:0 11776
11775 39060 0:0 11776
11775 39062 21:0 11787
11776 173 0:0 11787
11776 39061 0:0 11787
11778 39046 0:0 11787
11784 39072 0:0 11787
11786 179 1:0 11788
11789 39074 21:0 12011
11790 175 0:0 11792
11791 177 1:0 11793
11796 39073 0:0 11797
11796 39076 0:0 11797
11796 39075 0:0 11797
11796 179 0:0 11797
11796 185 1:0 11807
11796 191 1:0 11808
11796 193 1:0 11808
11798 755 1:0 11800
11802 755 0:0 11803
11803 187 1:0 11808
11803 189 1:0 11808
11807 755 1:0 11808
11809 39077 0:0 11811
11809 177 0:0 11811
11809 39066 0:0 11811
11810 39085 0:0 11811
11817 187 0:0 11819
11837 755 0:0 11838
11845 185 0:0 11847
11845 39086 0:0 11847
11845 189 0:0 11847
11851 39095 0:0 11852
11851 39090 0:0 11852
11851 39092 0:0 11852
11851 39093 0:0 11852
11862 39105 0:0 11863
11862 191 0:0 11863
11862 39099 0:0 11863
11862 39079 0:0 11863
11862 39094 0:0 11863
11862 197 1:0 11864
11867 39107 0:0 11868
11867 193 0:0 11868
11867 195 1:0 11869
11872 39099 1:0 11873
11872 197 0:0 11873
11872 39106 0:0 11873
11872 39109 0:0 11873
11872 39108 0:0 11873
11872 203 1:0 11883
11872 209 1:0 11884
11872 211 1:0 11884
11874 755 1:0 11876
11878 755 0:0 11879
11879 205 1:0 11884
11879 207 1:0 11884
11883 755 1:0 11884
11885 195 0:0 11887
11885 39099 0:0 11887
11885 39110 0:0 11887
11886 39118 0:0 11887
11893 205 0:0 11895
11913 755 0:0 11914
11921 207 0:0 11923
11921 39119 0:0 11923
11921 203 0:0 11923
11927 39125 0:0 11928
11927 39126 0:0 11928
11927 39123 0:0 11928
11927 39128 0:0 11928
11938 39138 0:0 11939
11938 39127 0:0 11939
11938 39132 0:0 11939
11938 209 0:0 11939
11938 39112 0:0 11939
11938 215 1:0 11940
11943 39140 0:0 11944
11943 211 0:0 11944
11943 213 1:0 11945
11948 39142 0:0 11949
11948 39141 0:0 11949
11948 39139 0:0 11949
11948 39132 1:0 11949
11948 215 0:0 11949
11948 221 1:0 11959
11948 227 1:0 11960
11948 229 1:0 11960
11950 755 1:0 11952
11954 755 0:0 11955
11955 225 1:0 11960
11955 223 1:0 11960
11959 755 1:0 11960
11961 213 0:0 11963
11961 39143 0:0 11963
11961 39132 0:0 11963
11962 39151 0:0 11963
11969 223 0:0 11971
11989 755 0:0 11990
11997 221 0:0 11999
11997 39152 0:0 11999
11997 225 0:0 11999
12003 39161 0:0 12004
12003 39156 0:0 12004
12003 39158 0:0 12004
12003 39159 0:0 12004
12010 39160 0:0 12015
12010 227 0:0 12015
12010 39145 0:0 12015
12012 39171 0:0 12015
12014 233 1:0 12016
12017 39173 21:0 12243
12018 229 0:0 12020
12019 231 1:0 12021
12024 233 0:0 12025
12024 39174 0:0 12025
12024 39175 0:0 12025
12024 39172 0:0 12025
12024 239 1:0 12035
12024 245 1:0 12036
12024 247 1:0 12036
12026 755 1:0 12028
12030 755 0:0 12031
12031 243 1:0 12036
12031 241 1:0 12036
12035 755 1:0 12036
12037 231 0:0 12039
12037 39176 0:0 12039
12037 39165 0:0 12039
12038 39184 0:0 12039
12045 241 0:0 12047
12065 755 0:0 12066
12073 39185 0:0 12075
12073 243 0:0 12075
12073 239 0:0 12075
12079 39189 0:0 12080
12079 39191 0:0 12080
12079 39194 0:0 12080
12079 39192 0:0 12080
12090 39178 0:0 12091
12090 39193 0:0 12091
12090 39198 0:0 12091
12090 39204 0:0 12091
12090 245 0:0 12091
12090 251 1:0 12092
12095 247 0:0 12096
12095 39206 0:0 12096
12095 249 1:0 12097
12100 39205 0:0 12101
12100 39208 0:0 12101
12100 39207 0:0 12101
12100 39198 1:0 12101
12100 251 0:0 12101
12100 257 1:0 12111
12100 265 1:0 12112
12100 263 1:0 12112
12102 755 1:0 12104
12106 755 0:0 12107
12107 259 1:0 12112
12107 261 1:0 12112
12111 755 1:0 12112
12113 39198 0:0 12115
12113 249 0:0 12115
12113 39209 0:0 12115
12114 39217 0:0 12115
12121 259 0:0 12123
12141 755 0:0 12142
12149 257 0:0 12151
12149 39218 0:0 12151
12149 261 0:0 12151
12155 39225 0:0 12156
12155 39227 0:0 12156
12155 39224 0:0 12156
12155 39222 0:0 12156
12166 39231 0:0 12167
12166 263 0:0 12167
12166 39226 0:0 12167
12166 39211 0:0 12167
12166 39237 0:0 12167
12166 269 1:0 12168
12171 39239 0:0 12172
12171 265 0:0 12172
12171 267 1:0 12173
12176 39240 0:0 12177
12176 269 0:0 12177
12176 39241 0:0 12177
12176 39238 0:0 12177
12176 39231 1:0 12177
12176 275 1:0 12187
12176 283 1:0 12188
12176 281 1:0 12188
12178 755 1:0 12180
12182 755 0:0 12183
12183 279 1:0 12188
12183 277 1:0 12188
12187 755 1:0 12188
12189 39242 0:0 12191
12189 267 0:0 12191
12189 39231 0:0 12191
12190 39250 0:0 12191
12197 277 0:0 12199
12217 755 0:0 12218
12225 275 0:0 12227
12225 279 0:0 12227
12225 39251 0:0 12227
12231 39255 0:0 12232
12231 39258 0:0 12232
12231 39260 0:0 12232
12231 39257 0:0 12232
12242 39244 0:0 12243
12242 281 0:0 12243
12242 39259 0:0 12243
12242 39270 0:0 12243
12242 287 1:0 12244
12245 39272 21:0 12471
12246 283 0:0 12248
12247 285 1:0 12249
12252 39271 0:0 12253
12252 39274 0:0 12253
12252 39273 0:0 12253
12252 287 0:0 12253
12252 293 1:0 12263
12252 299 1:0 12264
12252 301 1:0 12264
12254 755 1:0 12256
12258 755 0:0 12259
12259 295 1:0 12264
12259 297 1:0 12264
12263 755 1:0 12264
12265 39275 0:0 12267
12265 285 0:0 12267
12265 39264 0:0 12267
12266 39283 0:0 12267
12273 295 0:0 12275
12293 755 0:0 12294
12301 297 0:0 12303
12301 39284 0:0 12303
12301 293 0:0 12303
12307 39291 0:0 12308
12307 39293 0:0 12308
12307 39290 0:0 12308
12307 39288 0:0 12308
12318 39303 0:0 12319
12318 39292 0:0 12319
12318 299 0:0 12319
12318 39297 0:0 12319
12318 39277 0:0 12319
12318 305 1:0 12320
12323 301 0:0 12324
12323 39305 0:0 12324
12323 303 1:0 12325
12328 305 0:0 12329
12328 39297 1:0 12329
12328 39307 0:0 12329
12328 39306 0:0 12329
12328 39304 0:0 12329
12328 311 1:0 12339
12328 317 1:0 12340
12328 319 1:0 12340
12330 755 1:0 12332
12334 755 0:0 12335
12335 315 1:0 12340
12335 313 1:0 12340
12339 755 1:0 12340
12341 39297 0:0 12343
12341 303 0:0 12343
12341 39308 0:0 12343
12342 39316 0:0 12343
12349 313 0:0 12351
12369 755 0:0 12370
12377 39317 0:0 12379
12377 311 0:0 12379
12377 315 0:0 12379
12383 39321 0:0 12384
12383 39326 0:0 12384
12383 39323 0:0 12384
12383 39324 0:0 12384
12394 39336 0:0 12395
12394 39310 0:0 12395
12394 317 0:0 12395
12394 39325 0:0 12395
12394 39330 0:0 12395
12394 323 1:0 12396
12399 319 0:0 12400
12399 39338 0:0 12400
12399 321 1:0 12401
12404 39339 0:0 12405
12404 39340 0:0 12405
12404 323 0:0 12405
12404 39337 0:0 12405
12404 39330 1:0 12405
12404 329 1:0 12415
12404 335 1:0 12416
12406 755 1:0 12408
12410 755 0:0 12411
12411 331 1:0 12416
12411 333 1:0 12416
12415 755 1:0 12416
12417 321 0:0 12419
12417 39330 0:0 12419
12417 39341 0:0 12419
12418 39349 0:0 12419
12425 331 0:0 12427
12445 755 0:0 12446
12453 329 0:0 12455
12453 39350 0:0 12455
12453 333 0:0 12455
12459 39359 0:0 12460
12459 39356 0:0 12460
12459 39354 0:0 12460
12459 39357 0:0 12460
12459 337 1:0 12467
12470 39369 0:0 12471
12470 335 0:0 12471
12470 39358 0:0 12471
12470 39343 0:0 12471
12470 341 1:0 12472
12473 39371 21:0 12695
12474 337 0:0 12476
12475 339 1:0 12477
12480 341 0:0 12481
12480 39370 0:0 12481
12480 39373 0:0 12481
12480 39372 0:0 12481
12480 347 1:0 12491
12480 353 1:0 12492
12482 755 1:0 12484
12486 755 0:0 12487
12487 349 1:0 12492
12487 351 1:0 12492
12491 755 1:0 12492
12493 39374 0:0 12495
12493 339 0:0 12495
12493 39363 0:0 12495
12494 39382 0:0 12495
12501 349 0:0 12503
12521 755 0:0 12522
12529 39383 0:0 12531
12529 347 0:0 12531
12529 351 0:0 12531
12535 39392 0:0 12536
12535 39390 0:0 12536
12535 39389 0:0 12536
12535 39387 0:0 12536
12535 355 1:0 12543
12546 39396 0:0 12547
12546 39402 0:0 12547
12546 39391 0:0 12547
12546 39376 0:0 12547
12546 353 0:0 12547
12546 359 1:0 12548
12551 39404 0:0 12552
12551 355 0:0 12552
12551 357 1:0 12553
12556 39403 0:0 12557
12556 39396 1:0 12557
12556 39406 0:0 12557
12556 359 0:0 12557
12556 39405 0:0 12557
12556 365 1:0 12567
12556 371 1:0 12568
12558 755 1:0 12560
12562 755 0:0 12563
12563 369 1:0 12568
12563 367 1:0 12568
12567 755 1:0 12568
12569 39407 0:0 12571
12569 39396 0:0 12571
12569 357 0:0 12571
12570 39415 0:0 12571
12577 367 0:0 12579
12597 755 0:0 12598
12605 365 0:0 12607
12605 39416 0:0 12607
12605 369 0:0 12607
12611 39425 0:0 12612
12611 39423 0:0 12612
12611 39422 0:0 12612
12611 39420 0:0 12612
12611 373 1:0 12619
12622 39429 0:0 12623
12622 39424 0:0 12623
12622 39435 0:0 12623
12622 39409 0:0 12623
12622 371 0:0 12623
12622 377 1:0 12624
12627 373 0:0 12628
12627 39437 0:0 12628
12627 375 1:0 12629
12632 39436 0:0 12633
12632 39439 0:0 12633
12632 39438 0:0 12633
12632 377 0:0 12633
12632 39429 1:0 12633
12632 383 1:0 12643
12632 389 1:0 12644
12634 755 1:0 12636
12638 755 0:0 12639
12639 387 1:0 12644
12639 385 1:0 12644
12643 755 1:0 12644
12645 39429 0:0 12647
12645 39440 0:0 12647
12645 375 0:0 12647
12646 39448 0:0 12647
12653 385 0:0 12655
12673 755 0:0 12674
12681 387 0:0 12683
12681 383 0:0 12683
12681 39449 0:0 12683
12687 39456 0:0 12688
12687 39453 0:0 12688
12687 39458 0:0 12688
12687 39455 0:0 12688
12687 391 1:0 12695
12694 39442 0:0 12699
12694 389 0:0 12699
12694 39457 0:0 12699
12696 39468 0:0 12699
12698 395 1:0 12700
12701 39470 21:0 12927
12702 391 0:0 12704
12703 393 1:0 12705
12708 39469 0:0 12709
12708 39472 0:0 12709
12708 39471 0:0 12709
12708 395 0:0 12709
12708 401 1:0 12719
12708 407 1:0 12720
12710 755 1:0 12712
12714 755 0:0 12715
12715 405 1:0 12720
12715 403 1:0 12720
12719 755 1:0 12720
12721 39473 0:0 12723
12721 39462 0:0 12723
12721 393 0:0 12723
12722 39481 0:0 12723
12729 403 0:0 12731
12749 755 0:0 12750
12757 405 0:0 12759
12757 401 0:0 12759
12757 39482 0:0 12759
12763 39489 0:0 12764
12763 39488 0:0 12764
12763 39486 0:0 12764
12763 39491 0:0 12764
12763 409 1:0 12771
12774 39501 0:0 12775
12774 39495 0:0 12775
12774 39490 0:0 12775
12774 407 0:0 12775
12774 39475 0:0 12775
12774 413 1:0 12776
12779 39503 0:0 12780
12779 409 0:0 12780
12779 411 1:0 12781
12784 39495 1:0 12785
12784 39505 0:0 12785
12784 39504 0:0 12785
12784 413 0:0 12785
12784 39502 0:0 12785
12784 419 1:0 12795
12784 425 1:0 12796
12786 755 1:0 12788
12790 755 0:0 12791
12791 423 1:0 12796
12791 421 1:0 12796
12795 755 1:0 12796
12797 411 0:0 12799
12797 39495 0:0 12799
12797 39506 0:0 12799
12798 39514 0:0 12799
12805 421 0:0 12807
12825 755 0:0 12826
12833 423 0:0 12835
12833 419 0:0 12835
12833 39515 0:0 12835
12839 39524 0:0 12840
12839 39521 0:0 12840
12839 39519 0:0 12840
12839 39522 0:0 12840
12839 427 1:0 12847
12850 39508 0:0 12851
12850 39528 0:0 12851
12850 39534 0:0 12851
12850 39523 0:0 12851
12850 425 0:0 12851
12850 431 1:0 12852
12855 427 0:0 12856
12855 39536 0:0 12856
12855 429 1:0 12857
12860 39528 1:0 12861
12860 431 0:0 12861
12860 39535 0:0 12861
12860 39538 0:0 12861
12860 39537 0:0 12861
12860 437 1:0 12871
12860 443 1:0 12872
12862 755 1:0 12864
12866 755 0:0 12867
12867 441 1:0 12872
12867 439 1:0 12872
12871 755 1:0 12872
12873 39539 0:0 12875
12873 39528 0:0 12875
12873 429 0:0 12875
12874 39547 0:0 12875
12881 439 0:0 12883
12901 755 0:0 12902
12909 437 0:0 12911
12909 39548 0:0 12911
12909 441 0:0 12911
12915 39554 0:0 12916
12915 39557 0:0 12916
12915 39555 0:0 12916
12915 39552 0:0 12916
12915 445 1:0 12923
12926 443 0:0 12927
12926 39556 0:0 12927
12926 39567 0:0 12927
12926 39541 0:0 12927
12926 449 1:0 12928
12929 39569 21:0 13155
12930 445 0:0 12932
12931 447 1:0 12933
12936 39571 0:0 12937
12936 39570 0:0 12937
12936 449 0:0 12937
12936 39568 0:0 12937
12936 455 1:0 12947
12936 461 1:0 12948
12938 755 1:0 12940
12942 755 0:0 12943
12943 457 1:0 12948
12943 459 1:0 12948
12947 755 1:0 12948
12949 39572 0:0 12951
12949 447 0:0 12951
12949 39561 0:0 12951
12950 39580 0:0 12951
12957 457 0:0 12959
12977 755 0:0 12978
12985 455 0:0 12987
12985 459 0:0 12987
12985 39581 0:0 12987
12991 39587 0:0 12992
12991 39585 0:0 12992
12991 39588 0:0 12992
12991 39590 0:0 12992
12991 463 1:0 12999
13002 461 0:0 13003
13002 39574 0:0 13003
13002 39594 0:0 13003
13002 39589 0:0 13003
13002 39600 0:0 13003
13002 467 1:0 13004
13007 463 0:0 13008
13007 39602 0:0 13008
13007 465 1:0 13009
13012 39603 0:0 13013
13012 467 0:0 13013
13012 39601 0:0 13013
13012 39604 0:0 13013
13012 39594 1:0 13013
13012 473 1:0 13023
13012 479 1:0 13024
13014 755 1:0 13016
13018 755 0:0 13019
13019 475 1:0 13024
13019 477 1:0 13024
13023 755 1:0 13024
13025 39605 0:0 13027
13025 39594 0:0 13027
13025 465 0:0 13027
13026 39613 0:0 13027
13033 475 0:0 13035
13053 755 0:0 13054
13061 477 0:0 13063
13061 473 0:0 13063
13061 39614 0:0 13063
13067 39623 0:0 13068
13067 39618 0:0 13068
13067 39620 0:0 13068
13067 39621 0:0 13068
13067 481 1:0 13075
13078 479 0:0 13079
13078 39607 0:0 13079
13078 39633 0:0 13079
13078 39627 0:0 13079
13078 39622 0:0 13079
13078 485 1:0 13080
13083 39635 0:0 13084
13083 481 0:0 13084
13083 483 1:0 13085
13088 39634 0:0 13089
13088 485 0:0 13089
13088 39636 0:0 13089
13088 39627 1:0 13089
13088 39637 0:0 13089
13088 491 1:0 13099
13088 497 1:0 13100
13090 755 1:0 13092
13094 755 0:0 13095
13095 495 1:0 13100
13095 493 1:0 13100
13099 755 1:0 13100
13101 39638 0:0 13103
13101 39627 0:0 13103
13101 483 0:0 13103
13102 39646 0:0 13103
13109 493 0:0 13111
13129 755 0:0 13130
13137 491 0:0 13139
13137 39647 0:0 13139
13137 495 0:0 13139
13143 39651 0:0 13144
13143 39654 0:0 13144
13143 39656 0:0 13144
13143 39653 0:0 13144
13143 499 1:0 13151
13154 39655 0:0 13155
13154 497 0:0 13155
13154 39640 0:0 13155
13154 39666 0:0 13155
13154 503 1:0 13156
13157 39668 21:0 13380
13158 499 0:0 13160
13159 501 1:0 13161
13164 503 0:0 13165
13164 39669 0:0 13165
13164 39670 0:0 13165
13164 39667 0:0 13165
13164 509 1:0 13175
13164 515 1:0 13176
13166 755 1:0 13168
13170 755 0:0 13171
13171 513 1:0 13176
13171 511 1:0 13176
13175 755 1:0 13176
13177 39660 0:0 13179
13177 501 0:0 13179
13177 39671 0:0 13179
13178 39679 0:0 13179
13185 511 0:0 13187
13205 755 0:0 13206
13213 509 0:0 13215
13213 513 0:0 13215
13213 39680 0:0 13215
13219 39689 0:0 13220
13219 39687 0:0 13220
13219 39684 0:0 13220
13219 39686 0:0 13220
13219 517 1:0 13227
13230 39693 0:0 13231
13230 515 0:0 13231
13230 39673 0:0 13231
13230 39688 0:0 13231
13230 39699 0:0 13231
13230 521 1:0 13232
13235 517 0:0 13236
13235 39701 0:0 13236
13235 519 1:0 13237
13240 521 0:0 13241
13240 39693 1:0 13241
13240 39703 0:0 13241
13240 39702 0:0 13241
13240 39700 0:0 13241
13240 527 1:0 13251
13240 533 1:0 13252
13242 755 1:0 13244
13246 755 0:0 13247
13247 529 1:0 13252
13247 531 1:0 13252
13251 755 1:0 13252
13253 519 0:0 13255
13253 39693 0:0 13255
13253 39704 0:0 13255
13254 39712 0:0 13255
13261 529 0:0 13263
13281 755 0:0 13282
13289 39713 0:0 13291
13289 527 0:0 13291
13289 531 0:0 13291
13295 39719 0:0 13296
13295 39720 0:0 13296
13295 39717 0:0 13296
13295 39722 0:0 13296
13295 535 1:0 13303
13306 39721 0:0 13307
13306 39726 0:0 13307
13306 533 0:0 13307
13306 39706 0:0 13307
13306 39732 0:0 13307
13306 539 1:0 13308
13311 39734 0:0 13312
13311 535 0:0 13312
13311 537 1:0 13313
13316 39735 0:0 13317
13316 39726 1:0 13317
13316 39733 0:0 13317
13316 39736 0:0 13317
13316 539 0:0 13317
13316 545 1:0 13327
13316 551 1:0 13328
13318 755 1:0 13320
13322 755 0:0 13323
13323 549 1:0 13328
13323 547 1:0 13328
13327 755 1:0 13328
13329 39737 0:0 13331
13329 537 0:0 13331
13329 39726 0:0 13331
13330 39745 0:0 13331
13337 547 0:0 13339
13357 755 0:0 13358
13365 549 0:0 13367
13365 39746 0:0 13367
13365 545 0:0 13367
13371 39753 0:0 13372
13371 39755 0:0 13372
13371 39750 0:0 13372
13371 39752 0:0 13372
13371 553 1:0 13379
13380 39754 0:0 13383
13380 39765 0:0 13383
13380 39739 0:0 13383
13380 551 0:0 13383
13382 557 1:0 13384
13385 39767 21:0 13611
13386 553 0:0 13388
13387 555 1:0 13389
13392 557 0:0 13393
13392 39766 0:0 13393
13392 39768 0:0 13393
13392 39769 0:0 13393
13392 563 1:0 13403
13392 569 1:0 13404
13394 755 1:0 13396
13398 755 0:0 13399
13399 567 1:0 13404
13399 565 1:0 13404
13403 755 1:0 13404
13405 39759 0:0 13407
13405 555 0:0 13407
13405 39770 0:0 13407
13406 39778 0:0 13407
13413 565 0:0 13415
13433 755 0:0 13434
13441 567 0:0 13443
13441 563 0:0 13443
13441 39779 0:0 13443
13447 39785 0:0 13448
13447 39783 0:0 13448
13447 39786 0:0 13448
13447 39788 0:0 13448
13447 571 1:0 13455
13458 39798 0:0 13459
13458 39787 0:0 13459
13458 39792 0:0 13459
13458 569 0:0 13459
13458 39772 0:0 13459
13458 575 1:0 13460
13458 37348 1:0 13480
13463 39800 0:0 13464
13463 571 0:0 13464
13463 573 1:0 13465
13468 39802 0:0 13469
13468 575 0:0 13469
13468 39801 0:0 13469
13468 39799 0:0 13469
13468 39792 1:0 13469
13468 581 1:0 13479
13470 755 1:0 13472
13474 755 0:0 13475
13475 583 1:0 13480
13475 585 1:0 13480
13479 755 1:0 13480
13481 39803 0:0 13483
13481 573 0:0 13483
13481 39792 0:0 13483
13482 39811 0:0 13483
13486 587 1:0 13516
13490 583 0:0 13491
13509 755 0:0 13510
13517 585 0:0 13519
13517 39812 0:0 13519
13518 581 0:0 13519
13523 39816 0:0 13524
13523 39818 0:0 13524
13523 39819 0:0 13524
13523 39821 0:0 13524
13523 589 1:0 13531
13534 39820 0:0 13535
13534 39831 0:0 13535
13534 39805 0:0 13535
13534 39825 0:0 13535
13534 587 0:0 13535
13534 593 1:0 13536
13534 37177 1:0 13556
13539 39833 0:0 13540
13539 589 0:0 13540
13539 591 1:0 13541
13544 39834 0:0 13545
13544 39835 0:0 13545
13544 39825 1:0 13545
13544 593 0:0 13545
13544 39832 0:0 13545
13544 599 1:0 13555
13546 755 1:0 13548
13550 755 0:0 13551
13551 601 1:0 13556
13551 603 1:0 13556
13555 755 1:0 13556
13557 591 0:0 13559
13557 39825 0:0 13559
13557 39836 0:0 13559
13558 39844 0:0 13559
13562 605 1:0 13592
13566 601 0:0 13567
13585 755 0:0 13586
13593 39845 0:0 13595
13593 603 0:0 13595
13594 599 0:0 13595
13599 39854 0:0 13600
13599 39852 0:0 13600
13599 39851 0:0 13600
13599 39849 0:0 13600
13599 607 1:0 13607
13610 39864 0:0 13611
13610 605 0:0 13611
13610 39838 0:0 13611
13610 39853 0:0 13611
13610 611 1:0 13612
13610 37006 1:0 13632
13613 39866 21:0 13828
13614 607 0:0 13616
13615 609 1:0 13617
13620 39868 0:0 13621
13620 39865 0:0 13621
13620 39867 0:0 13621
13620 611 0:0 13621
13620 617 1:0 13631
13622 755 1:0 13624
13626 755 0:0 13627
13627 619 1:0 13632
13627 621 1:0 13632
13631 755 1:0 13632
13633 39858 0:0 13635
13633 609 0:0 13635
13633 39869 0:0 13635
13634 39877 0:0 13635
13638 623 1:0 13668
13642 619 0:0 13643
13661 755 0:0 13662
13669 621 0:0 13671
13669 39878 0:0 13671
13670 617 0:0 13671
13675 39885 0:0 13676
13675 39882 0:0 13676
13675 39884 0:0 13676
13675 39887 0:0 13676
13675 625 1:0 13683
13686 39891 0:0 13687
13686 623 0:0 13687
13686 39871 0:0 13687
13686 39897 0:0 13687
13686 39886 0:0 13687
13686 629 1:0 13688
13686 36835 1:0 13708
13691 39899 0:0 13692
13691 625 0:0 13692
13691 627 1:0 13693
13696 39900 0:0 13697
13696 39901 0:0 13697
13696 39891 1:0 13697
13696 629 0:0 13697
13696 39898 0:0 13697
13696 635 1:0 13707
13698 755 1:0 13700
13702 755 0:0 13703
13703 639 1:0 13708
13703 637 1:0 13708
13707 755 1:0 13708
13709 39902 0:0 13711
13709 627 0:0 13711
13709 39891 0:0 13711
13710 39910 0:0 13711
13714 641 1:0 13744
13718 637 0:0 13719
13737 755 0:0 13738
13745 39911 0:0 13747
13745 639 0:0 13747
13746 635 0:0 13747
13751 39920 0:0 13752
13751 39917 0:0 13752
13751 39915 0:0 13752
13751 39918 0:0 13752
13751 643 1:0 13759
13762 39919 0:0 13763
13762 39924 0:0 13763
13762 39930 0:0 13763
13762 641 0:0 13763
13762 39904 0:0 13763
13762 647 1:0 13764
13762 659 1:0 13784
13767 643 0:0 13768
13767 39932 0:0 13768
13767 645 1:0 13769
13772 39933 0:0 13773
13772 39934 0:0 13773
13772 39924 1:0 13773
13772 39931 0:0 13773
13772 647 0:0 13773
13772 653 1:0 13783
13774 755 1:0 13776
13778 755 0:0 13779
13779 657 1:0 13784
13779 655 1:0 13784
13783 755 1:0 13784
13785 645 0:0 13787
13785 39935 0:0 13787
13785 39924 0:0 13787
13786 39943 0:0 13787
13793 655 0:0 13795
13813 755 0:0 13814
13821 653 0:0 13823
13821 657 0:0 13823
13821 39944 0:0 13823
13827 39948 0:0 13828
13827 39950 0:0 13828
13827 39951 0:0 13828
13827 661 1:0 13835
13827 39953 21:0 13839
13828 659 0:0 13839
13828 39952 0:0 13839
13830 39937 0:0 13839
13836 39963 0:0 13839
13838 665 1:0 13838
13838 36621 1:0 13860
13841 39965 21:0 14056
13842 661 0:0 13844
13843 663 1:0 13843
13848 39966 0:0 13849
13848 39967 0:0 13849
13848 665 0:0 13849
13848 39964 0:0 13849
13848 671 1:0 13859
13850 755 1:0 13852
13854 755 0:0 13855
13855 675 1:0 13860
13855 673 1:0 13860
13859 755 1:0 13860
13861 39957 0:0 13863
13861 39968 0:0 13863
13861 663 0:0 13863
13862 39976 0:0 13863
13866 677 1:0 13896
13870 673 0:0 13871
13889 755 0:0 13890
13897 675 0:0 13899
13897 39977 0:0 13899
13898 671 0:0 13899
13903 39986 0:0 13904
13903 39983 0:0 13904
13903 39984 0:0 13904
13903 39981 0:0 13904
13903 679 1:0 13911
13914 677 0:0 13915
13914 39970 0:0 13915
13914 39990 0:0 13915
13914 39985 0:0 13915
13914 39996 0:0 13915
13914 683 1:0 13916
13914 713 1:0 13936
13919 39998 0:0 13920
13919 679 0:0 13920
13919 681 1:0 13921
13924 39990 1:0 13925
13924 39997 0:0 13925
13924 683 0:0 13925
13924 39999 0:0 13925
13924 40000 0:0 13925
13924 689 1:0 13935
13926 755 1:0 13928
13930 755 0:0 13931
13931 691 1:0 13936
13931 693 1:0 13936
13935 755 1:0 13936
13937 39990 0:0 13939
13937 40001 0:0 13939
13937 681 0:0 13939
13938 40009 0:0 13939
13942 695 1:0 13972
13946 691 0:0 13947
13965 755 0:0 13966
13973 40010 0:0 13975
13973 693 0:0 13975
13974 689 0:0 13975
13979 40019 0:0 13980
13979 40016 0:0 13980
13979 40017 0:0 13980
13979 40014 0:0 13980
13979 697 1:0 13987
13990 40023 0:0 13991
13990 40018 0:0 13991
13990 40029 0:0 13991
13990 695 0:0 13991
13990 40003 0:0 13991
13990 701 1:0 13992
13990 36454 1:0 14012
13995 697 0:0 13996
13995 40031 0:0 13996
13995 699 1:0 13997
14000 701 0:0 14001
14000 40032 0:0 14001
14000 40023 1:0 14001
14000 40033 0:0 14001
14000 40030 0:0 14001
14000 707 1:0 14011
14002 755 1:0 14004
14006 755 0:0 14007
14007 709 1:0 14012
14007 711 1:0 14012
14011 755 1:0 14012
14013 40034 0:0 14015
14013 40023 0:0 14015
14013 699 0:0 14015
14014 40042 0:0 14015
14021 709 0:0 14023
14041 755 0:0 14042
14049 40043 0:0 14051
14049 707 0:0 14051
14049 711 0:0 14051
14055 40047 0:0 14056
14055 40049 0:0 14056
14055 40052 0:0 14056
14055 715 1:0 14063
14055 40050 21:0 14077
14066 713 0:0 14067
14066 40056 0:0 14067
14066 40062 0:0 14067
14066 40036 0:0 14067
14066 40051 0:0 14067
14066 719 1:0 14068
14066 36434 1:0 14081
14071 40064 0:0 14072
14071 715 0:0 14072
14071 717 1:0 14073
14076 40056 1:0 14077
14076 719 0:0 14077
14076 40065 0:0 14077
14076 40066 0:0 14077
14076 36465 1:0 14081
14076 40063 21:0 14094
14081 40056 0:0 14083
14081 40067 0:0 14083
14082 36529 1:0 14229
14085 36461 1:0 14085
14085 36468 1:0 14085
14085 36464 1:0 14085
14085 36463 1:0 14085
14086 717 0:0 14094
14089 36468 0:0 14094
14093 719 1:0 14094
14096 36472 1:0 14096
14096 36462 1:0 14096
14097 719 0:0 14103
14100 36472 0:0 14103
14102 715 1:0 14103
14105 36460 1:0 14105
14105 36449 1:0 14105
14105 713 1:0 14105
14105 36475 1:0 14106
14106 715 0:0 14131
14110 36475 0:0 14131
14133 36450 1:0 14133
14133 711 1:0 14133
14133 709 1:0 14133
14133 36493 1:0 14133
14133 755 1:0 14133
14133 36502 1:0 14133
14133 36441 1:0 14134
14133 36447 1:0 14134
14133 36445 1:0 14134
14133 36448 1:0 14134
14134 713 0:0 14169
14137 36493 0:0 14169
14165 755 21:0 14166
14165 40086 0:0 14169
14169 711 0:0 14175
14172 36502 0:0 14175
14177 36504 1:0 14178
14178 709 0:0 14185
14182 36504 0:0 14185
14184 707 1:0 14185
14187 36440 1:0 14187
14187 40086 1:0 14187
14187 36507 1:0 14188
14187 36432 1:0 14212
14200 707 0:0 14214
14200 36507 21:0 14228
14213 699 1:0 14214
14216 36428 1:0 14216
14216 36525 1:0 14216
14216 36430 1:0 14219
14216 36431 1:0 14220
14217 699 0:0 14225
14220 36525 0:0 14225
14223 40117 0:0 14225
14224 701 1:0 14225
14227 36429 1:0 14230
14231 36529 21:0 14452
14232 701 0:0 14234
14233 697 1:0 14234
14236 36532 1:0 14239
14236 36427 1:0 14240
14236 36421 1:0 14245
14236 40117 1:0 14248
14236 36416 1:0 14260
14236 695 1:0 14260
14261 697 0:0 14262
14261 36532 0:0 14262
14264 36550 1:0 14266
14264 36414 1:0 14269
14264 36415 1:0 14269
14264 36412 1:0 14269
14264 755 1:0 14280
14264 36408 1:0 14295
14267 36417 1:0 14269
14295 40159 0:0 14297
14295 755 0:0 14297
14296 693 1:0 14297
14299 36559 1:0 14301
14299 40159 1:0 14302
14304 693 0:0 14306
14305 691 1:0 14306
14305 36559 0:0 14306
14308 36561 1:0 14311
14314 36550 0:0 14316
14315 691 0:0 14316
14315 695 0:0 14316
14315 36561 0:0 14316
14315 40143 0:0 14316
14315 40165 0:0 14316
14315 689 1:0 14316
14318 40165 1:0 14319
14318 36564 1:0 14321
14318 36407 1:0 14322
14318 36401 1:0 14327
14318 40143 1:0 14330
14318 36399 1:0 14343
14344 689 0:0 14345
14344 36564 0:0 14345
14344 681 1:0 14345
14344 36363 1:0 14492
14347 36395 1:0 14347
14347 36582 1:0 14347
14347 36398 1:0 14347
14347 36397 1:0 14348
14354 40174 0:0 14356
14354 681 0:0 14356
14355 36582 0:0 14356
14355 40187 0:0 14356
14355 683 1:0 14356
14358 36586 1:0 14358
14358 40187 1:0 14359
14358 36396 1:0 14359
14363 683 0:0 14365
14364 679 1:0 14365
14364 36586 0:0 14365
14364 40189 0:0 14365
14367 40174 1:0 14367
14367 36394 1:0 14367
14367 677 1:0 14367
14367 36383 1:0 14367
14367 36589 1:0 14368
14367 36388 1:0 14368
14367 40189 1:0 14368
14392 679 0:0 14393
14392 36589 0:0 14393
14395 36607 1:0 14395
14395 36381 1:0 14396
14395 36382 1:0 14396
14395 36379 1:0 14396
14395 36375 1:0 14396
14398 36384 1:0 14398
14408 755 1:0 14409
14426 40216 0:0 14428
14426 755 0:0 14428
14427 675 1:0 14428
14430 36616 1:0 14430
14430 40216 1:0 14431
14435 675 0:0 14437
14436 673 1:0 14437
14436 36616 0:0 14437
14439 36618 1:0 14440
14445 36607 0:0 14447
14446 36618 0:0 14447
14446 673 0:0 14447
14446 671 1:0 14447
14446 677 0:0 14447
14446 40222 0:0 14447
14446 40200 0:0 14447
14449 36374 1:0 14449
14449 40200 1:0 14449
14449 40222 1:0 14450
14449 36368 1:0 14450
14449 36366 1:0 14450
14468 671 0:0 14476
14468 36621 0:0 14476
14475 663 1:0 14476
14478 36639 1:0 14478
14478 36365 1:0 14478
14478 36362 1:0 14478
14478 36364 1:0 14479
14479 663 0:0 14487
14482 36639 0:0 14487
14486 665 1:0 14487
14489 36643 1:0 14489
14490 665 0:0 14496
14493 36643 0:0 14496
14495 661 1:0 14496
14495 36753 1:0 14736
14498 659 1:0 14498
14498 36361 1:0 14498
14498 36350 1:0 14498
14498 36355 1:0 14498
14498 36646 1:0 14499
14499 661 0:0 14524
14503 36646 0:0 14524
14526 755 1:0 14526
14526 36673 1:0 14526
14526 655 1:0 14526
14526 36664 1:0 14526
14526 657 1:0 14526
14526 36351 1:0 14526
14526 36349 1:0 14527
14526 36346 1:0 14527
14526 36342 1:0 14527
14526 36348 1:0 14527
14527 659 0:0 14562
14530 36664 0:0 14562
14558 40257 0:0 14562
14562 657 0:0 14568
14565 36673 0:0 14568
14570 36675 1:0 14571
14571 655 0:0 14578
14575 36675 0:0 14578
14577 653 1:0 14578
14580 36341 1:0 14580
14580 40257 1:0 14580
14580 36678 1:0 14581
14580 36335 1:0 14581
14580 36333 1:0 14605
14593 653 0:0 14607
14606 36678 0:0 14607
14606 645 1:0 14607
14609 36696 1:0 14609
14609 36329 1:0 14609
14609 36331 1:0 14612
14609 36332 1:0 14613
14610 645 0:0 14618
14613 36696 0:0 14618
14617 647 1:0 14618
14620 36700 1:0 14620
14620 36330 1:0 14623
14621 647 0:0 14627
14624 36700 0:0 14627
14626 643 1:0 14627
14629 36317 1:0 14629
14629 36322 1:0 14629
14629 641 1:0 14629
14629 36328 1:0 14629
14629 36703 1:0 14630
14630 643 0:0 14655
14634 36703 0:0 14655
14657 36721 1:0 14657
14657 639 1:0 14657
14657 36318 1:0 14657
14657 36730 1:0 14657
14657 637 1:0 14657
14657 36313 1:0 14658
14657 36315 1:0 14658
14657 36316 1:0 14658
14657 36309 1:0 14658
14658 641 0:0 14693
14661 36721 0:0 14693
14689 755 21:0 14690
14689 40314 0:0 14693
14693 639 0:0 14699
14696 36730 0:0 14699
14701 36732 1:0 14702
14702 637 0:0 14709
14706 36732 0:0 14709
14708 635 1:0 14709
14711 36308 1:0 14711
14711 36735 1:0 14712
14711 40314 1:0 14712
14711 36302 1:0 14712
14711 36300 1:0 14736
14718 755 1:0 14736
14737 627 1:0 14738
14737 36735 0:0 14738
14737 635 0:0 14738
14737 36264 1:0 14885
14740 36299 1:0 14740
14740 36296 1:0 14740
14740 36298 1:0 14741
14744 36753 21:0 14892
14747 627 0:0 14749
14748 629 1:0 14749
14748 40358 0:0 14749
14751 36757 1:0 14751
14751 36297 1:0 14752
14751 40358 1:0 14752
14756 629 0:0 14758
14757 40360 0:0 14758
14757 36757 0:0 14758
14757 625 1:0 14758
14760 623 1:0 14760
14760 36284 1:0 14760
14760 36295 1:0 14760
14760 36760 1:0 14761
14760 36289 1:0 14761
14760 40360 1:0 14761
14785 625 0:0 14786
14785 36760 0:0 14786
14788 36778 1:0 14788
14788 36283 1:0 14789
14788 36280 1:0 14789
14788 36282 1:0 14789
14788 36276 1:0 14789
14791 36285 1:0 14791
14819 40387 0:0 14821
14819 755 0:0 14821
14820 621 1:0 14821
14823 36787 1:0 14823
14823 40387 1:0 14824
14828 621 0:0 14830
14829 36787 0:0 14830
14829 619 1:0 14830
14832 36789 1:0 14833
14838 36778 0:0 14840
14839 36789 0:0 14840
14839 617 1:0 14840
14839 619 0:0 14840
14839 40371 0:0 14840
14839 40393 0:0 14840
14839 623 0:0 14840
14842 36275 1:0 14842
14842 40371 1:0 14842
14842 36792 1:0 14843
14842 36269 1:0 14843
14842 36267 1:0 14843
14842 40393 1:0 14843
14868 36792 0:0 14869
14868 617 0:0 14869
14868 609 1:0 14869
14871 36810 1:0 14871
14871 36263 1:0 14871
14871 36266 1:0 14871
14871 36265 1:0 14872
14878 609 0:0 14880
14878 40402 0:0 14880
14879 40415 0:0 14880
14879 36810 0:0 14880
14879 611 1:0 14880
14882 36814 1:0 14884
14882 40415 1:0 14885
14887 611 0:0 14889
14888 607 1:0 14889
14888 36814 0:0 14889
14888 36924 1:0 15129
14891 36256 1:0 14891
14891 36251 1:0 14891
14891 40402 1:0 14891
14891 36262 1:0 14891
14891 605 1:0 14891
14891 36817 1:0 14892
14892 607 0:0 14917
14896 36817 0:0 14917
14919 36252 1:0 14919
14919 36844 1:0 14919
14919 603 1:0 14919
14919 601 1:0 14919
14919 755 1:0 14919
14919 36249 1:0 14920
14919 36243 1:0 14920
14919 36247 1:0 14920
14919 36250 1:0 14920
14920 605 0:0 14955
14923 36835 0:0 14955
14955 603 0:0 14961
14958 36844 0:0 14961
14963 36846 1:0 14964
14964 601 0:0 14971
14968 36846 0:0 14971
14970 599 1:0 14971
14973 36242 1:0 14973
14973 36236 1:0 14974
14973 36849 1:0 14974
14973 36234 1:0 14998
14986 36849 21:0 15014
14999 591 1:0 15000
14999 599 0:0 15000
15002 36230 1:0 15002
15002 36867 1:0 15002
15002 36232 1:0 15005
15002 36233 1:0 15006
15003 591 0:0 15011
15006 36867 0:0 15011
15009 40459 0:0 15011
15010 593 1:0 15011
15013 36871 1:0 15013
15013 36231 1:0 15016
15014 593 0:0 15020
15017 36871 0:0 15020
15019 589 1:0 15020
15022 587 1:0 15022
15022 36229 1:0 15022
15022 36218 1:0 15022
15022 40459 1:0 15022
15022 36223 1:0 15022
15022 36874 1:0 15023
15023 589 0:0 15048
15027 36874 0:0 15048
15050 36892 1:0 15050
15050 583 1:0 15050
15050 36901 1:0 15050
15050 36219 1:0 15050
15050 585 1:0 15050
15050 36214 1:0 15051
15050 36217 1:0 15051
15050 36216 1:0 15051
15050 36210 1:0 15051
15051 587 0:0 15086
15054 36892 0:0 15086
15082 755 21:0 15083
15082 40485 0:0 15086
15086 585 0:0 15092
15089 36901 0:0 15092
15094 36903 1:0 15095
15095 583 0:0 15102
15099 36903 0:0 15102
15101 581 1:0 15102
15104 40485 1:0 15105
15104 36203 1:0 15105
15104 36209 1:0 15105
15104 36906 1:0 15105
15104 36201 1:0 15129
15111 755 1:0 15129
15130 573 1:0 15131
15130 36906 0:0 15131
15130 581 0:0 15131
15130 36165 1:0 15278
15133 36197 1:0 15133
15133 36200 1:0 15133
15133 36199 1:0 15134
15137 36924 21:0 15285
15140 573 0:0 15142
15141 40529 0:0 15142
15141 575 1:0 15142
15144 36928 1:0 15144
15144 36198 1:0 15145
15144 40529 1:0 15145
15149 575 0:0 15151
15150 36928 0:0 15151
15150 571 1:0 15151
15150 40531 0:0 15151
15153 569 1:0 15153
15153 36185 1:0 15153
15153 36196 1:0 15153
15153 40531 1:0 15154
15153 36190 1:0 15154
15153 36931 1:0 15154
15178 36931 0:0 15179
15178 571 0:0 15179
15181 36949 1:0 15181
15181 36181 1:0 15182
15181 36183 1:0 15182
15181 36184 1:0 15182
15181 36177 1:0 15182
15184 36186 1:0 15184
15212 40558 0:0 15214
15212 755 0:0 15214
15213 567 1:0 15214
15216 36958 1:0 15216
15216 40558 1:0 15217
15221 567 0:0 15223
15222 36958 0:0 15223
15222 565 1:0 15223
15225 36960 1:0 15226
15231 36949 0:0 15233
15232 36960 0:0 15233
15232 40542 0:0 15233
15232 40564 0:0 15233
15232 569 0:0 15233
15232 565 0:0 15233
15232 563 1:0 15233
15235 40542 1:0 15235
15235 36176 1:0 15235
15235 36168 1:0 15236
15235 36170 1:0 15236
15235 36963 1:0 15236
15235 40564 1:0 15236
15261 36963 0:0 15262
15261 555 1:0 15262
15261 563 0:0 15262
15264 36981 1:0 15264
15264 36167 1:0 15264
15264 36164 1:0 15264
15264 36166 1:0 15265
15271 555 0:0 15273
15271 40573 0:0 15273
15272 557 1:0 15273
15272 36981 0:0 15273
15272 40586 0:0 15273
15275 36985 1:0 15277
15275 40586 1:0 15278
15280 557 0:0 15282
15281 36985 0:0 15282
15281 553 1:0 15282
15281 37095 1:0 15522
15284 36152 1:0 15284
15284 551 1:0 15284
15284 40573 1:0 15284
15284 36157 1:0 15284
15284 36163 1:0 15284
15284 36988 1:0 15285
15285 553 0:0 15310
15289 36988 0:0 15310
15312 36153 1:0 15312
15312 755 1:0 15312
15312 547 1:0 15312
15312 37015 1:0 15312
15312 549 1:0 15312
15312 36144 1:0 15313
15312 36151 1:0 15313
15312 36150 1:0 15313
15312 36148 1:0 15313
15313 551 0:0 15348
15316 37006 0:0 15348
15348 549 0:0 15354
15351 37015 0:0 15354
15356 37017 1:0 15357
15357 547 0:0 15364
15361 37017 0:0 15364
15363 545 1:0 15364
15366 36143 1:0 15366
15366 36137 1:0 15367
15366 37020 1:0 15367
15366 36135 1:0 15391
15379 37020 21:0 15407
15392 537 1:0 15393
15392 545 0:0 15393
15395 36131 1:0 15395
15395 37038 1:0 15395
15395 36133 1:0 15398
15395 36134 1:0 15399
15396 537 0:0 15404
15399 37038 0:0 15404
15402 40630 0:0 15404
15403 539 1:0 15404
15406 37042 1:0 15406
15406 36132 1:0 15409
15407 539 0:0 15413
15410 37042 0:0 15413
15412 535 1:0 15413
15415 40630 1:0 15415
15415 36124 1:0 15415
15415 533 1:0 15415
15415 36119 1:0 15415
15415 36130 1:0 15415
15415 37045 1:0 15416
15416 535 0:0 15441
15420 37045 0:0 15441
15443 36120 1:0 15443
15443 529 1:0 15443
15443 37072 1:0 15443
15443 37063 1:0 15443
15443 531 1:0 15443
15443 36111 1:0 15444
15443 36118 1:0 15444
15443 36117 1:0 15444
15443 36115 1:0 15444
15444 533 0:0 15479
15447 37063 0:0 15479
15475 755 21:0 15476
15475 40656 0:0 15479
15479 531 0:0 15485
15482 37072 0:0 15485
15487 37074 1:0 15488
15488 529 0:0 15495
15492 37074 0:0 15495
15494 527 1:0 15495
15497 40656 1:0 15498
15497 37077 1:0 15498
15497 36110 1:0 15498
15497 36104 1:0 15498
15497 36102 1:0 15522
15504 755 1:0 15522
15523 37077 0:0 15524
15523 519 1:0 15524
15523 527 0:0 15524
15523 36066 1:0 15671
15526 36101 1:0 15526
15526 36098 1:0 15526
15526 36100 1:0 15527
15530 37095 21:0 15678
15533 519 0:0 15535
15534 521 1:0 15535
15534 40700 0:0 15535
15537 37099 1:0 15537
15537 40700 1:0 15538
15537 36099 1:0 15538
15542 521 0:0 15544
15543 40702 0:0 15544
15543 37099 0:0 15544
15543 517 1:0 15544
15546 36097 1:0 15546
15546 36086 1:0 15546
15546 515 1:0 15546
15546 36091 1:0 15547
15546 37102 1:0 15547
15546 40702 1:0 15547
15571 517 0:0 15572
15571 37102 0:0 15572
15574 37120 1:0 15574
15574 36084 1:0 15575
15574 36082 1:0 15575
15574 36078 1:0 15575
15574 36085 1:0 15575
15577 36087 1:0 15577
15605 755 0:0 15607
15605 40729 0:0 15607
15606 513 1:0 15607
15609 37129 1:0 15609
15609 40729 1:0 15610
15614 513 0:0 15616
15615 37129 0:0 15616
15615 511 1:0 15616
15618 37131 1:0 15619
15624 37120 0:0 15626
15625 515 0:0 15626
15625 40713 0:0 15626
15625 509 1:0 15626
15625 40735 0:0 15626
15625 511 0:0 15626
15625 37131 0:0 15626
15628 36077 1:0 15628
15628 40713 1:0 15628
15628 37134 1:0 15629
15628 36071 1:0 15629
15628 40735 1:0 15629
15628 36069 1:0 15629
15654 37134 0:0 15655
15654 509 0:0 15655
15654 501 1:0 15655
15657 37152 1:0 15657
15657 36068 1:0 15657
15657 36065 1:0 15657
15657 36067 1:0 15658
15664 40744 0:0 15666
15664 501 0:0 15666
15665 503 1:0 15666
15665 40757 0:0 15666
15665 37152 0:0 15666
15668 37156 1:0 15670
15668 40757 1:0 15671
15673 503 0:0 15675
15674 499 1:0 15675
15674 37156 0:0 15675
15674 37266 1:0 15915
15677 36053 1:0 15677
15677 36058 1:0 15677
15677 36064 1:0 15677
15677 40744 1:0 15677
15677 497 1:0 15677
15677 37159 1:0 15678
15678 499 0:0 15703
15682 37159 0:0 15703
15705 36054 1:0 15705
15705 495 1:0 15705
15705 37186 1:0 15705
15705 493 1:0 15705
15705 755 1:0 15705
15705 36049 1:0 15706
15705 36052 1:0 15706
15705 36051 1:0 15706
15705 36045 1:0 15706
15706 497 0:0 15741
15709 37177 0:0 15741
15741 495 0:0 15747
15744 37186 0:0 15747
15749 37188 1:0 15750
15750 493 0:0 15757
15754 37188 0:0 15757
15756 491 1:0 15757
15759 36044 1:0 15759
15759 36038 1:0 15760
15759 37191 1:0 15760
15759 36036 1:0 15784
15772 37191 21:0 15800
15785 491 0:0 15786
15785 483 1:0 15786
15788 37209 1:0 15788
15788 36032 1:0 15788
15788 36034 1:0 15791
15788 36035 1:0 15792
15789 483 0:0 15797
15792 37209 0:0 15797
15795 40801 0:0 15797
15796 485 1:0 15797
15799 37213 1:0 15799
15799 36033 1:0 15802
15800 485 0:0 15806
15803 37213 0:0 15806
15805 481 1:0 15806
15808 36025 1:0 15808
15808 479 1:0 15808
15808 36031 1:0 15808
15808 36020 1:0 15808
15808 40801 1:0 15808
15808 37216 1:0 15809
15809 481 0:0 15834
15813 37216 0:0 15834
15836 477 1:0 15836
15836 475 1:0 15836
15836 36021 1:0 15836
15836 37243 1:0 15836
15836 37234 1:0 15836
15836 36016 1:0 15837
15836 36012 1:0 15837
15836 36018 1:0 15837
15836 36019 1:0 15837
15837 479 0:0 15872
15840 37234 0:0 15872
15868 755 21:0 15869
15868 40827 0:0 15872
15872 477 0:0 15878
15875 37243 0:0 15878
15880 37245 1:0 15881
15881 475 0:0 15888
15885 37245 0:0 15888
15887 473 1:0 15888
15890 36011 1:0 15890
15890 37248 1:0 15891
15890 40827 1:0 15891
15890 36005 1:0 15891
15890 36003 1:0 15915
15897 755 1:0 15915
15916 473 0:0 15917
15916 37248 0:0 15917
15916 465 1:0 15917
15916 35967 1:0 16064
15919 35999 1:0 15919
15919 36002 1:0 15919
15919 36001 1:0 15920
15920 465 0:0 15928
15923 37266 0:0 15928
15927 467 1:0 15928
15930 37270 1:0 15930
15930 36000 1:0 15931
15931 467 0:0 15937
15934 37270 0:0 15937
15936 463 1:0 15937
15939 461 1:0 15939
15939 35992 1:0 15939
15939 35998 1:0 15939
15939 35987 1:0 15939
15939 37273 1:0 15940
15940 463 0:0 15965
15944 37273 0:0 15965
15967 37300 1:0 15967
15967 35988 1:0 15967
15967 457 1:0 15967
15967 37291 1:0 15967
15967 459 1:0 15967
15967 35979 1:0 15968
15967 35986 1:0 15968
15967 35985 1:0 15968
15967 35983 1:0 15968
15968 461 0:0 16003
15971 37291 0:0 16003
15999 755 21:0 16000
15999 40884 0:0 16003
16003 459 0:0 16009
16006 37300 0:0 16009
16011 37302 1:0 16012
16012 457 0:0 16019
16016 37302 0:0 16019
16018 455 1:0 16019
16021 40884 1:0 16021
16021 35978 1:0 16021
16021 37305 1:0 16022
16021 35972 1:0 16022
16021 35970 1:0 16022
16047 455 0:0 16048
16047 37305 0:0 16048
16047 447 1:0 16048
16050 35966 1:0 16050
16050 37323 1:0 16050
16050 35969 1:0 16050
16050 35968 1:0 16051
16051 447 0:0 16059
16054 37323 0:0 16059
16058 449 1:0 16059
16061 37327 1:0 16061
16061 755 1:0 16061
16062 449 0:0 16068
16065 37327 0:0 16068
16067 445 1:0 16068
16067 37437 1:0 16308
16070 35959 1:0 16070
16070 35965 1:0 16070
16070 443 1:0 16070
16070 35954 1:0 16070
16070 37330 1:0 16071
16071 445 0:0 16096
16075 37330 0:0 16096
16098 441 1:0 16098
16098 439 1:0 16098
16098 37357 1:0 16098
16098 35955 1:0 16098
16098 35946 1:0 16099
16098 35952 1:0 16099
16098 35953 1:0 16099
16098 35950 1:0 16099
16099 443 0:0 16134
16102 37348 0:0 16134
16134 441 0:0 16140
16137 37357 0:0 16140
16142 37359 1:0 16143
16143 439 0:0 16150
16147 37359 0:0 16150
16149 437 1:0 16150
16152 35945 1:0 16152
16152 35939 1:0 16153
16152 37362 1:0 16153
16152 35937 1:0 16177
16165 37362 21:0 16193
16178 429 1:0 16179
16178 437 0:0 16179
16181 37380 1:0 16181
16181 35933 1:0 16181
16181 35935 1:0 16184
16181 35936 1:0 16185
16182 429 0:0 16190
16185 37380 0:0 16190
16188 40972 0:0 16190
16189 431 1:0 16190
16192 37384 1:0 16192
16192 35934 1:0 16195
16193 431 0:0 16199
16196 37384 0:0 16199
16198 427 1:0 16199
16201 425 1:0 16201
16201 35921 1:0 16201
16201 40972 1:0 16201
16201 35926 1:0 16201
16201 35932 1:0 16201
16201 37387 1:0 16202
16202 427 0:0 16227
16206 37387 0:0 16227
16229 37414 1:0 16229
16229 35922 1:0 16229
16229 423 1:0 16229
16229 421 1:0 16229
16229 37405 1:0 16229
16229 35919 1:0 16230
16229 35920 1:0 16230
16229 35917 1:0 16230
16229 35913 1:0 16230
16230 425 0:0 16265
16233 37405 0:0 16265
16261 755 21:0 16262
16261 40998 0:0 16265
16265 423 0:0 16271
16268 37414 0:0 16271
16273 37416 1:0 16274
16274 421 0:0 16281
16278 37416 0:0 16281
16280 419 1:0 16281
16283 35912 1:0 16283
16283 37419 1:0 16284
16283 35906 1:0 16284
16283 40998 1:0 16284
16283 35904 1:0 16308
16290 755 1:0 16308
16309 37419 0:0 16310
16309 411 1:0 16310
16309 419 0:0 16310
16309 35868 1:0 16457
16312 35903 1:0 16312
16312 35900 1:0 16312
16312 35902 1:0 16313
16313 411 0:0 16321
16316 37437 0:0 16321
16320 413 1:0 16321
16323 37441 1:0 16323
16323 35901 1:0 16324
16324 413 0:0 16330
16327 37441 0:0 16330
16329 409 1:0 16330
16332 35893 1:0 16332
16332 407 1:0 16332
16332 35899 1:0 16332
16332 35888 1:0 16332
16332 37444 1:0 16333
16333 409 0:0 16358
16337 37444 0:0 16358
16360 37462 1:0 16360
16360 403 1:0 16360
16360 37471 1:0 16360
16360 405 1:0 16360
16360 35889 1:0 16360
16360 35886 1:0 16361
16360 35880 1:0 16361
16360 35887 1:0 16361
16360 35884 1:0 16361
16361 407 0:0 16396
16364 37462 0:0 16396
16392 755 21:0 16393
16392 41055 0:0 16396
16396 405 0:0 16402
16399 37471 0:0 16402
16404 37473 1:0 16405
16405 403 0:0 16412
16409 37473 0:0 16412
16411 401 1:0 16412
16414 35879 1:0 16414
16414 41055 1:0 16414
16414 37476 1:0 16415
16414 35871 1:0 16415
16414 35873 1:0 16415
16440 401 0:0 16441
16440 393 1:0 16441
16440 37476 0:0 16441
16443 35870 1:0 16443
16443 35867 1:0 16443
16443 37494 1:0 16443
16443 35869 1:0 16444
16444 393 0:0 16452
16447 37494 0:0 16452
16451 395 1:0 16452
16454 37498 1:0 16454
16454 755 1:0 16454
16455 395 0:0 16461
16458 37498 0:0 16461
16460 391 1:0 16461
16460 37608 1:0 16701
16463 35860 1:0 16463
16463 35866 1:0 16463
16463 35855 1:0 16463
16463 389 1:0 16463
16463 37501 1:0 16464
16464 391 0:0 16489
16468 37501 0:0 16489
16491 35856 1:0 16491
16491 37519 1:0 16491
16491 37528 1:0 16491
16491 387 1:0 16491
16491 385 1:0 16491
16491 35847 1:0 16492
16491 35854 1:0 16492
16491 35851 1:0 16492
16491 35853 1:0 16492
16492 389 0:0 16527
16495 37519 0:0 16527
16523 41112 0:0 16527
16527 387 0:0 16533
16530 37528 0:0 16533
16535 37530 1:0 16536
16536 385 0:0 16543
16540 37530 0:0 16543
16542 383 1:0 16543
16545 41112 1:0 16545
16545 35846 1:0 16545
16545 37533 1:0 16546
16545 35840 1:0 16546
16545 35838 1:0 16570
16571 37533 0:0 16572
16571 383 0:0 16572
16571 375 1:0 16572
16574 35834 1:0 16574
16574 37551 1:0 16574
16574 35836 1:0 16577
16574 35837 1:0 16578
16575 375 0:0 16583
16578 37551 0:0 16583
16582 377 1:0 16583
16585 37555 1:0 16585
16585 35835 1:0 16588
16586 377 0:0 16592
16589 37555 0:0 16592
16591 373 1:0 16592
16594 35822 1:0 16594
16594 35833 1:0 16594
16594 371 1:0 16594
16594 35827 1:0 16594
16594 37558 1:0 16595
16595 373 0:0 16620
16599 37558 0:0 16620
16622 37576 1:0 16622
16622 367 1:0 16622
16622 35823 1:0 16622
16622 37585 1:0 16622
16622 369 1:0 16622
16622 35818 1:0 16623
16622 35814 1:0 16623
16622 35821 1:0 16623
16622 35820 1:0 16623
16623 371 0:0 16658
16626 37576 0:0 16658
16654 755 21:0 16655
16654 41169 0:0 16658
16658 369 0:0 16664
16661 37585 0:0 16664
16666 37587 1:0 16667
16667 367 0:0 16674
16671 37587 0:0 16674
16673 365 1:0 16674
16676 35813 1:0 16676
16676 37590 1:0 16677
16676 41169 1:0 16677
16676 35807 1:0 16677
16676 35805 1:0 16701
16683 755 1:0 16701
16702 37590 0:0 16703
16702 365 0:0 16703
16702 357 1:0 16703
16702 35769 1:0 16850
16705 35804 1:0 16705
16705 35801 1:0 16705
16705 35803 1:0 16706
16706 357 0:0 16714
16709 37608 0:0 16714
16713 359 1:0 16714
16716 37612 1:0 16716
16716 35802 1:0 16717
16717 359 0:0 16723
16720 37612 0:0 16723
16722 355 1:0 16723
16725 35789 1:0 16725
16725 35800 1:0 16725
16725 35794 1:0 16725
16725 353 1:0 16725
16725 37615 1:0 16726
16726 355 0:0 16751
16730 37615 0:0 16751
16753 35790 1:0 16753
16753 37642 1:0 16753
16753 37633 1:0 16753
16753 351 1:0 16753
16753 349 1:0 16753
16753 35785 1:0 16754
16753 35788 1:0 16754
16753 35787 1:0 16754
16753 35781 1:0 16754
16754 353 0:0 16789
16757 37633 0:0 16789
16785 755 21:0 16786
16785 41226 0:0 16789
16789 351 0:0 16795
16792 37642 0:0 16795
16797 37644 1:0 16798
16798 349 0:0 16805
16802 37644 0:0 16805
16804 347 1:0 16805
16807 41226 1:0 16807
16807 35780 1:0 16807
16807 37647 1:0 16808
16807 35772 1:0 16808
16807 35774 1:0 16808
16833 37647 0:0 16834
16833 339 1:0 16834
16833 347 0:0 16834
16836 37665 1:0 16836
16836 35768 1:0 16836
16836 35771 1:0 16836
16836 35770 1:0 16837
16837 339 0:0 16845
16840 37665 0:0 16845
16844 341 1:0 16845
16847 755 1:0 16847
16847 37669 1:0 16847
16848 341 0:0 16854
16851 37669 0:0 16854
16853 337 1:0 16854
16853 37779 1:0 17094
16856 35767 1:0 16856
16856 35761 1:0 16856
16856 35756 1:0 16856
16856 335 1:0 16856
16856 37672 1:0 16857
16857 337 0:0 16882
16861 37672 0:0 16882
16884 37699 1:0 16884
16884 37690 1:0 16884
16884 35757 1:0 16884
16884 331 1:0 16884
16884 333 1:0 16884
16884 35755 1:0 16885
16884 35752 1:0 16885
16884 35754 1:0 16885
16884 35748 1:0 16885
16885 335 0:0 16920
16888 37690 0:0 16920
16916 41283 0:0 16920
16920 333 0:0 16926
16923 37699 0:0 16926
16928 37701 1:0 16929
16929 331 0:0 16936
16933 37701 0:0 16936
16935 329 1:0 16936
16938 35747 1:0 16938
16938 41283 1:0 16938
16938 37704 1:0 16939
16938 35741 1:0 16939
16938 35739 1:0 16963
16964 37704 0:0 16965
16964 329 0:0 16965
16964 321 1:0 16965
16967 37722 1:0 16967
16967 35735 1:0 16968
16967 35737 1:0 16970
16967 35738 1:0 16971
16968 321 0:0 16976
16971 37722 0:0 16976
16975 323 1:0 16976
16978 37726 1:0 16978
16978 35736 1:0 16981
16979 323 0:0 16985
16982 37726 0:0 16985
16984 319 1:0 16985
16987 35734 1:0 16987
16987 35723 1:0 16987
16987 35728 1:0 16987
16987 317 1:0 16987
16987 37729 1:0 16988
16988 319 0:0 17013
16992 37729 0:0 17013
17015 313 1:0 17015
17015 37747 1:0 17015
17015 37756 1:0 17015
17015 35724 1:0 17015
17015 315 1:0 17015
17015 35721 1:0 17016
17015 35715 1:0 17016
17015 35719 1:0 17016
17015 35722 1:0 17016
17016 317 0:0 17051
17019 37747 0:0 17051
17047 755 21:0 17048
17047 41340 0:0 17051
17051 315 0:0 17057
17054 37756 0:0 17057
17059 37758 1:0 17060
17060 313 0:0 17067
17064 37758 0:0 17067
17066 311 1:0 17067
17069 35714 1:0 17069
17069 41340 1:0 17070
17069 35708 1:0 17070
17069 37761 1:0 17070
17069 35706 1:0 17094
17076 755 1:0 17094
17095 311 0:0 17096
17095 37761 0:0 17096
17095 303 1:0 17096
17095 35670 1:0 17243
17098 35705 1:0 17098
17098 35702 1:0 17099
17098 35704 1:0 17099
17099 303 0:0 17107
17102 37779 0:0 17107
17106 305 1:0 17107
17109 37783 1:0 17109
17109 35703 1:0 17110
17110 305 0:0 17116
17113 37783 0:0 17116
17115 301 1:0 17116
17118 35690 1:0 17118
17118 299 1:0 17118
17118 35695 1:0 17118
17118 35701 1:0 17118
17118 37786 1:0 17119
17119 301 0:0 17144
17123 37786 0:0 17144
17146 297 1:0 17146
17146 295 1:0 17146
17146 37813 1:0 17146
17146 37804 1:0 17146
17146 35691 1:0 17146
17146 35686 1:0 17147
17146 35688 1:0 17147
17146 35682 1:0 17147
17146 35689 1:0 17147
17147 299 0:0 17182
17150 37804 0:0 17182
17178 755 21:0 17179
17178 41397 0:0 17182
17182 297 0:0 17188
17185 37813 0:0 17188
17190 37815 1:0 17191
17191 295 0:0 17198
17195 37815 0:0 17198
17197 293 1:0 17198
17200 41397 1:0 17200
17200 35681 1:0 17200
17200 35675 1:0 17201
17200 35673 1:0 17201
17200 37818 1:0 17201
17226 293 0:0 17227
17226 37818 0:0 17227
17226 285 1:0 17227
17229 35672 1:0 17229
17229 37836 1:0 17229
17229 35669 1:0 17230
17229 35671 1:0 17230
17230 285 0:0 17238
17233 37836 0:0 17238
17237 287 1:0 17238
17240 755 1:0 17240
17240 37840 1:0 17240
17241 287 0:0 17247
17244 37840 0:0 17247
17246 283 1:0 17247
17246 37950 1:0 17487
17249 281 1:0 17249
17249 35662 1:0 17249
17249 35668 1:0 17249
17249 35657 1:0 17249
17249 37843 1:0 17250
17250 283 0:0 17275
17254 37843 0:0 17275
17277 35658 1:0 17277
17277 37861 1:0 17277
17277 277 1:0 17277
17277 37870 1:0 17277
17277 279 1:0 17277
17277 35656 1:0 17278
17277 35653 1:0 17278
17277 35655 1:0 17278
17277 35649 1:0 17278
17278 281 0:0 17313
17281 37861 0:0 17313
17309 41454 0:0 17313
17313 279 0:0 17319
17316 37870 0:0 17319
17321 37872 1:0 17322
17322 277 0:0 17329
17326 37872 0:0 17329
17328 275 1:0 17329
17331 35648 1:0 17331
17331 41454 1:0 17331
17331 37875 1:0 17332
17331 35642 1:0 17332
17331 35640 1:0 17356
17357 275 0:0 17358
17357 37875 0:0 17358
17357 267 1:0 17358
17360 37893 1:0 17360
17360 35636 1:0 17361
17360 35638 1:0 17363
17360 35639 1:0 17364
17361 267 0:0 17369
17364 37893 0:0 17369
17368 269 1:0 17369
17371 37897 1:0 17371
17371 35637 1:0 17374
17372 269 0:0 17378
17375 37897 0:0 17378
17377 265 1:0 17378
17380 263 1:0 17380
17380 35629 1:0 17380
17380 35624 1:0 17380
17380 35635 1:0 17380
17380 37900 1:0 17381
17381 265 0:0 17406
17385 37900 0:0 17406
17408 37918 1:0 17408
17408 35625 1:0 17408
17408 261 1:0 17408
17408 259 1:0 17408
17408 37927 1:0 17408
17408 35616 1:0 17409
17408 35620 1:0 17409
17408 35622 1:0 17409
17408 35623 1:0 17409
17409 263 0:0 17444
17412 37918 0:0 17444
17440 755 21:0 17441
17440 41511 0:0 17444
17444 261 0:0 17450
17447 37927 0:0 17450
17452 37929 1:0 17453
17453 259 0:0 17460
17457 37929 0:0 17460
17459 257 1:0 17460
17462 35615 1:0 17462
17462 37932 1:0 17463
17462 41511 1:0 17463
17462 35609 1:0 17463
17462 35607 1:0 17487
17469 755 1:0 17487
17488 249 1:0 17489
17488 37932 0:0 17489
17488 257 0:0 17489
17488 35571 1:0 17636
17491 35606 1:0 17491
17491 35603 1:0 17492
17491 35605 1:0 17492
17492 249 0:0 17500
17495 37950 0:0 17500
17499 251 1:0 17500
17502 37954 1:0 17502
17502 35604 1:0 17503
17503 251 0:0 17509
17506 37954 0:0 17509
17508 247 1:0 17509
17511 35602 1:0 17511
17511 245 1:0 17511
17511 35591 1:0 17511
17511 35596 1:0 17511
17511 37957 1:0 17512
17512 247 0:0 17537
17516 37957 0:0 17537
17539 35592 1:0 17539
17539 37984 1:0 17539
17539 243 1:0 17539
17539 37975 1:0 17539
17539 241 1:0 17539
17539 35589 1:0 17540
17539 35590 1:0 17540
17539 35583 1:0 17540
17539 35587 1:0 17540
17540 245 0:0 17575
17543 37975 0:0 17575
17571 755 21:0 17572
17571 41568 0:0 17575
17575 243 0:0 17581
17578 37984 0:0 17581
17583 37986 1:0 17584
17584 241 0:0 17591
17588 37986 0:0 17591
17590 239 1:0 17591
17593 35582 1:0 17593
17593 41568 1:0 17593
17593 35576 1:0 17594
17593 37989 1:0 17594
17593 35574 1:0 17594
17619 231 1:0 17620
17619 239 0:0 17620
17619 37989 0:0 17620
17622 38007 1:0 17622
17622 35573 1:0 17622
17622 35570 1:0 17623
17622 35572 1:0 17623
17623 231 0:0 17631
17626 38007 0:0 17631
17630 233 1:0 17631
17633 38011 1:0 17633
17633 755 1:0 17633
17634 233 0:0 17640
17637 38011 0:0 17640
17639 229 1:0 17640
17639 38121 1:0 17880
17642 35569 1:0 17642
17642 35558 1:0 17642
17642 227 1:0 17642
17642 35563 1:0 17642
17642 38014 1:0 17643
17643 229 0:0 17668
17647 38014 0:0 17668
17670 225 1:0 17670
17670 223 1:0 17670
17670 38032 1:0 17670
17670 38041 1:0 17670
17670 35559 1:0 17670
17670 35556 1:0 17671
17670 35557 1:0 17671
17670 35550 1:0 17671
17670 35554 1:0 17671
17671 227 0:0 17706
17674 38032 0:0 17706
17702 41625 0:0 17706
17706 225 0:0 17712
17709 38041 0:0 17712
17714 38043 1:0 17715
17715 223 0:0 17722
17719 38043 0:0 17722
17721 221 1:0 17722
17724 41625 1:0 17724
17724 35549 1:0 17724
17724 35543 1:0 17725
17724 38046 1:0 17725
17724 35541 1:0 17749
17750 221 0:0 17751
17750 213 1:0 17751
17750 38046 0:0 17751
17753 38064 1:0 17753
17753 35537 1:0 17754
17753 35539 1:0 17756
17753 35540 1:0 17757
17754 213 0:0 17762
17757 38064 0:0 17762
17761 215 1:0 17762
17764 38068 1:0 17764
17764 35538 1:0 17767
17765 215 0:0 17771
17768 38068 0:0 17771
17770 211 1:0 17771
17773 209 1:0 17773
17773 35530 1:0 17773
17773 35536 1:0 17773
17773 35525 1:0 17773
17773 38071 1:0 17774
17774 211 0:0 17799
17778 38071 0:0 17799
17801 38089 1:0 17801
17801 35526 1:0 17801
17801 38098 1:0 17801
17801 207 1:0 17801
17801 205 1:0 17801
17801 35521 1:0 17802
17801 35517 1:0 17802
17801 35524 1:0 17802
17801 35523 1:0 17802
17802 209 0:0 17837
17805 38089 0:0 17837
17833 755 21:0 17834
17833 41682 0:0 17837
17837 207 0:0 17843
17840 38098 0:0 17843
17845 38100 1:0 17846
17846 205 0:0 17853
17850 38100 0:0 17853
17852 203 1:0 17853
17855 35516 1:0 17855
17855 41682 1:0 17856
17855 35510 1:0 17856
17855 38103 1:0 17856
17855 35508 1:0 17880
17862 755 1:0 17880
17881 203 0:0 17882
17881 38103 0:0 17882
17881 195 1:0 17882
17881 35472 1:0 18029
17884 35507 1:0 17884
17884 35506 1:0 17885
17884 35504 1:0 17885
17885 195 0:0 17893
17888 38121 0:0 17893
17892 197 1:0 17893
17895 38125 1:0 17895
17895 35505 1:0 17896
17896 197 0:0 17902
17899 38125 0:0 17902
17901 193 1:0 17902
17904 191 1:0 17904
17904 35497 1:0 17904
17904 35503 1:0 17904
17904 35492 1:0 17904
17904 38128 1:0 17905
17905 193 0:0 17930
17909 38128 0:0 17930
17932 35493 1:0 17932
17932 187 1:0 17932
17932 38155 1:0 17932
17932 38146 1:0 17932
17932 189 1:0 17932
17932 35490 1:0 17933
17932 35491 1:0 17933
17932 35488 1:0 17933
17932 35484 1:0 17933
17933 191 0:0 17968
17936 38146 0:0 17968
17964 755 21:0 17965
17964 41739 0:0 17968
17968 189 0:0 17974
17971 38155 0:0 17974
17976 38157 1:0 17977
17977 187 0:0 17984
17981 38157 0:0 17984
17983 185 1:0 17984
17986 35483 1:0 17986
17986 41739 1:0 17986
17986 35475 1:0 17987
17986 38160 1:0 17987
17986 35477 1:0 17987
18012 185 0:0 18013
18012 38160 0:0 18013
18012 177 1:0 18013
18015 38178 1:0 18015
18015 35474 1:0 18015
18015 35473 1:0 18016
18015 35471 1:0 18016
18016 177 0:0 18024
18019 38178 0:0 18024
18023 179 1:0 18024
18026 755 1:0 18026
18026 38182 1:0 18028
18027 179 0:0 18033
18030 38182 0:0 18033
18032 175 1:0 18033
18032 38292 1:0 18273
18035 173 1:0 18035
18035 35470 1:0 18035
18035 35459 1:0 18035
18035 35464 1:0 18035
18035 38185 1:0 18036
18036 175 0:0 18061
18040 38185 0:0 18061
18063 171 1:0 18063
18063 38203 1:0 18063
18063 38212 1:0 18063
18063 35460 1:0 18063
18063 169 1:0 18063
18063 35455 1:0 18064
18063 35458 1:0 18064
18063 35457 1:0 18064
18063 35451 1:0 18064
18064 173 0:0 18099
18067 38203 0:0 18099
18095 41796 0:0 18099
18099 171 0:0 18105
18102 38212 0:0 18105
18107 38214 1:0 18108
18108 169 0:0 18115
18112 38214 0:0 18115
18114 167 1:0 18115
18117 35450 1:0 18117
18117 41796 1:0 18117
18117 38217 1:0 18118
18117 35444 1:0 18118
18117 35442 1:0 18142
18143 167 0:0 18144
18143 159 1:0 18144
18143 38217 0:0 18144
18146 38235 1:0 18146
18146 35438 1:0 18147
18146 35440 1:0 18149
18146 35441 1:0 18150
18147 159 0:0 18155
18150 38235 0:0 18155
18154 161 1:0 18155
18157 38239 1:0 18157
18157 35439 1:0 18160
18158 161 0:0 18164
18161 38239 0:0 18164
18163 157 1:0 18164
18166 35426 1:0 18166
18166 35437 1:0 18166
18166 35431 1:0 18166
18166 38242 1:0 18167
18167 157 0:0 18192
18171 38242 0:0 18192
18191 155 1:0 18192
18194 38269 1:0 18194
18194 35427 1:0 18194
18194 153 1:0 18194
18194 151 1:0 18194
18194 38260 1:0 18194
18194 35418 1:0 18195
18194 35422 1:0 18195
18194 35424 1:0 18195
18194 35425 1:0 18195
18195 155 0:0 18230
18198 38260 0:0 18230
18226 755 21:0 18227
18226 41853 0:0 18230
18230 153 0:0 18236
18233 38269 0:0 18236
18238 38271 1:0 18239
18239 151 0:0 18246
18243 38271 0:0 18246
18245 149 1:0 18246
18248 35417 1:0 18248
18248 41853 1:0 18249
18248 35411 1:0 18249
18248 38274 1:0 18249
18248 35409 1:0 18273
18255 755 1:0 18273
18274 149 0:0 18275
18274 38274 0:0 18275
18274 141 1:0 18275
18274 35373 1:0 18422
18277 35408 1:0 18277
18277 35407 1:0 18278
18277 35405 1:0 18278
18278 141 0:0 18286
18281 38292 0:0 18286
18285 143 1:0 18286
18288 38296 1:0 18288
18288 35406 1:0 18289
18289 143 0:0 18295
18292 38296 0:0 18295
18294 139 1:0 18295
18297 35398 1:0 18297
18297 35393 1:0 18297
18297 35404 1:0 18297
18297 38299 1:0 18298
18298 139 0:0 18323
18302 38299 0:0 18323
18322 137 1:0 18323
18325 135 1:0 18325
18325 38317 1:0 18325
18325 133 1:0 18325
18325 38326 1:0 18325
18325 35394 1:0 18325
18325 35389 1:0 18326
18325 35385 1:0 18326
18325 35391 1:0 18326
18325 35392 1:0 18326
18326 137 0:0 18361
18329 38317 0:0 18361
18357 755 21:0 18358
18357 41910 0:0 18361
18361 135 0:0 18367
18364 38326 0:0 18367
18369 38328 1:0 18370
18370 133 0:0 18377
18374 38328 0:0 18377
18376 131 1:0 18377
18379 41910 1:0 18379
18379 35384 1:0 18379
18379 35378 1:0 18380
18379 35376 1:0 18380
18379 38331 1:0 18380
18405 131 0:0 18406
18405 123 1:0 18406
18405 38331 0:0 18406
18408 35375 1:0 18408
18408 38349 1:0 18408
18408 35372 1:0 18409
18408 35374 1:0 18409
18409 123 0:0 18417
18412 38349 0:0 18417
18416 125 1:0 18417
18419 755 1:0 18419
18419 38353 1:0 18421
18420 125 0:0 18426
18422 38463 1:0 18666
18423 38353 0:0 18426
18425 121 1:0 18426
18428 35371 1:0 18428
18428 35360 1:0 18428
18428 35365 1:0 18428
18428 38356 1:0 18429
18429 121 0:0 18454
18433 38356 0:0 18454
18453 119 1:0 18454
18456 115 1:0 18456
18456 38374 1:0 18456
18456 38383 1:0 18456
18456 35361 1:0 18456
18456 117 1:0 18456
18456 35356 1:0 18457
18456 35358 1:0 18457
18456 35352 1:0 18457
18456 35359 1:0 18457
18457 119 0:0 18492
18460 38374 0:0 18492
18488 41967 0:0 18492
18492 117 0:0 18498
18495 38383 0:0 18498
18500 38385 1:0 18501
18501 115 0:0 18508
18505 38385 0:0 18508
18507 113 1:0 18508
18510 41967 1:0 18510
18510 35351 1:0 18510
18510 35345 1:0 18511
18510 38388 1:0 18511
18510 35343 1:0 18535
18536 113 0:0 18537
18536 38388 0:0 18537
18536 105 1:0 18537
18539 38406 1:0 18539
18539 35339 1:0 18540
18539 35341 1:0 18542
18539 35342 1:0 18543
18540 105 0:0 18548
18543 38406 0:0 18548
18547 107 1:0 18548
18550 38410 1:0 18550
18550 35340 1:0 18553
18551 107 0:0 18557
18554 38410 0:0 18557
18556 103 1:0 18557
18559 35332 1:0 18559
18559 35327 1:0 18559
18559 35338 1:0 18559
18559 38413 1:0 18560
18560 103 0:0 18585
18564 38413 0:0 18585
18584 101 1:0 18585
18587 38431 1:0 18587
18587 38440 1:0 18587
18587 97 1:0 18587
18587 35328 1:0 18587
18587 99 1:0 18587
18587 38442 1:0 18587
18587 35326 1:0 18588
18587 35323 1:0 18588
18587 35325 1:0 18588
18587 35319 1:0 18588
18588 101 0:0 18623
18591 38431 0:0 18623
18619 42024 0:0 18623
18623 99 0:0 18632
18626 38440 0:0 18632
18632 97 0:0 18639
18636 38442 0:0 18639
18638 95 1:0 18639
18641 42024 1:0 18641
18641 35318 1:0 18641
18641 38445 1:0 18642
18641 35312 1:0 18642
18641 35310 1:0 18666
18667 87 1:0 18668
18667 38445 0:0 18668
18667 95 0:0 18668
18667 35274 1:0 18815
18670 35309 1:0 18670
18670 35306 1:0 18671
18670 35308 1:0 18671
18671 87 0:0 18679
18674 38463 0:0 18679
18678 89 1:0 18679
18681 38467 1:0 18681
18681 35307 1:0 18682
18682 89 0:0 18688
18685 38467 0:0 18688
18687 85 1:0 18688
18690 35294 1:0 18690
18690 35305 1:0 18690
18690 35299 1:0 18690
18690 38470 1:0 18691
18691 85 0:0 18716
18695 38470 0:0 18716
18715 83 1:0 18716
18718 79 1:0 18718
18718 38488 1:0 18718
18718 35295 1:0 18718
18718 38497 1:0 18718
18718 81 1:0 18718
18718 35292 1:0 18719
18718 35286 1:0 18719
18718 35290 1:0 18719
18718 35293 1:0 18719
18719 83 0:0 18754
18722 38488 0:0 18754
18750 755 21:0 18751
18750 42081 0:0 18754
18754 81 0:0 18760
18757 38497 0:0 18760
18762 38499 1:0 18763
18763 79 0:0 18770
18767 38499 0:0 18770
18769 77 1:0 18770
18772 42081 1:0 18772
18772 35285 1:0 18772
18772 35277 1:0 18773
18772 38502 1:0 18773
18772 35279 1:0 18773
18798 38502 0:0 18799
18798 77 0:0 18799
18798 69 1:0 18799
18801 35276 1:0 18801
18801 38520 1:0 18801
18801 35273 1:0 18802
18801 35275 1:0 18802
18802 69 0:0 18810
18805 38520 0:0 18810
18809 71 1:0 18810
18812 755 1:0 18812
18812 38524 1:0 18814
18813 71 0:0 18819
18816 38524 0:0 18819
18818 67 1:0 18819
18818 38634 1:0 19059
18821 35272 1:0 18821
18821 35266 1:0 18821
18821 35261 1:0 18821
18821 38527 1:0 18822
18822 67 0:0 18847
18826 38527 0:0 18847
18846 65 1:0 18847
18849 63 1:0 18849
18849 61 1:0 18849
18849 38545 1:0 18849
18849 35262 1:0 18849
18849 38554 1:0 18849
18849 35260 1:0 18850
18849 35257 1:0 18850
18849 35259 1:0 18850
18849 35253 1:0 18850
18850 65 0:0 18885
18853 38545 0:0 18885
18881 42138 0:0 18885
18885 63 0:0 18891
18888 38554 0:0 18891
18893 38556 1:0 18894
18894 61 0:0 18901
18898 38556 0:0 18901
18900 59 1:0 18901
18903 35252 1:0 18903
18903 42138 1:0 18903
18903 35246 1:0 18904
18903 38559 1:0 18904
18903 35244 1:0 18928
18929 59 0:0 18930
18929 51 1:0 18930
18929 38559 0:0 18930
18932 38577 1:0 18932
18932 35240 1:0 18933
18932 35242 1:0 18935
18932 35243 1:0 18936
18933 51 0:0 18941
18936 38577 0:0 18941
18940 53 1:0 18941
18943 38581 1:0 18943
18943 35241 1:0 18946
18944 53 0:0 18950
18947 38581 0:0 18950
18949 49 1:0 18950
18952 35228 1:0 18952
18952 35233 1:0 18952
18952 35239 1:0 18952
18952 38584 1:0 18953
18953 49 0:0 18978
18957 38584 0:0 18978
18977 47 1:0 18978
18980 38602 1:0 18980
18980 35220 1:0 18981
18980 35224 1:0 18981
18980 35227 1:0 18981
18980 35226 1:0 18981
18980 45 1:0 18981
18983 35229 1:0 18983
18983 47 0:0 19016
18984 38602 0:0 19016
19003 755 21:0 19013
19012 42195 0:0 19016
19015 38611 1:0 19015
19016 45 0:0 19022
19019 38611 0:0 19022
19021 43 1:0 19022
19024 38613 1:0 19025
19025 43 0:0 19032
19029 38613 0:0 19032
19031 41 1:0 19032
19034 35219 1:0 19034
19034 35213 1:0 19035
19034 38616 1:0 19035
19034 42195 1:0 19035
19034 35211 1:0 19059
19041 755 1:0 19059
19060 41 0:0 19061
19060 38616 0:0 19061
19060 33 1:0 19061
19060 35175 1:0 19208
19063 35210 1:0 19063
19063 35207 1:0 19064
19063 35209 1:0 19064
19064 33 0:0 19072
19067 38634 0:0 19072
19071 35 1:0 19072
19074 38638 1:0 19074
19074 35208 1:0 19075
19075 35 0:0 19081
19078 38638 0:0 19081
19080 31 1:0 19081
19083 35195 1:0 19083
19083 35206 1:0 19083
19083 35200 1:0 19083
19083 38641 1:0 19084
19084 31 0:0 19109
19088 38641 0:0 19109
19108 29 1:0 19109
19111 38659 1:0 19111
19111 25 1:0 19112
19111 35191 1:0 19112
19111 38668 1:0 19112
19111 35187 1:0 19112
19111 27 1:0 19112
19111 35194 1:0 19112
19111 35193 1:0 19112
19114 35196 1:0 19114
19115 38659 0:0 19147
19115 29 0:0 19147
19143 755 21:0 19144
19143 42252 0:0 19147
19147 27 0:0 19153
19150 38668 0:0 19153
19155 38670 1:0 19156
19156 25 0:0 19163
19160 38670 0:0 19163
19162 23 1:0 19163
19165 35186 1:0 19165
19165 42252 1:0 19165
19165 35178 1:0 19166
19165 38673 1:0 19166
19165 35180 1:0 19166
19191 38673 0:0 19192
19191 23 0:0 19192
19191 15 1:0 19192
19194 35177 1:0 19194
19194 38691 1:0 19194
19194 35174 1:0 19195
19194 35176 1:0 19195
19195 15 0:0 19203
19198 38691 0:0 19203
19202 17 1:0 19203
19205 38695 1:0 19207
19206 17 0:0 19212
19209 38695 0:0 19212
19211 13 1:0 19212
19214 755 1:0 19214
19214 38698 1:0 19217
19214 35162 1:0 19218
19214 35173 1:0 19218
19214 38727 1:0 19218
19214 35167 1:0 19218
19215 13 0:0 19240
19219 38698 0:0 19240
19239 11 1:0 19240
19242 9 1:0 19243
19242 38716 1:0 19244
19242 35158 1:0 19247
19242 35161 1:0 19247
19242 35160 1:0 19247
19242 35154 1:0 19273
19242 38748 1:0 19320
19245 35163 1:0 19245
19246 38716 0:0 19278
19265 755 21:0 19275
19274 42309 0:0 19278
19274 11 0:0 19278
19277 38725 1:0 19277
19281 38725 0:0 19284
19283 7 1:0 19284
19291 38727 21:0 19297
19293 5 1:0 19294
19296 38730 1:0 19299
19296 35153 1:0 19300
19296 42309 1:0 19302
19296 35147 1:0 19305
19296 13 1:0 19319
19303 755 1:0 19319
19315 3 1:0 19321
19320 38730 0:0 19334
19322 38748 21:0 19386
19331 42357 0:0 19334
19333 11 1:0 19333
19333 3 0:0 19334
19333 42351 0:0 19334
19333 755 0:0 19334
19334 5 0:0 19342
19340 7 0:0 19342
19341 755 1:0 19341
19342 42358 0:0 19370
19360 755 0:0 19361
19368 9 0:0 19370
19370 42362 0:0 19375
19370 42365 0:0 19375
19370 42364 0:0 19375
19374 42351 1:0 19374
19374 42367 0:0 19375
19375 42366 0:0 19386
19375 11 0:0 19386
19377 42351 0:0 19386
19383 42377 0:0 19386
19385 17 1:0 19387
19388 42379 21:0 19614
19389 13 0:0 19391
19390 15 1:0 19392
19395 42380 0:0 19396
19395 42381 0:0 19396
19395 42378 0:0 19396
19395 17 0:0 19396
19395 23 1:0 19406
19395 31 1:0 19407
19395 29 1:0 19407
19397 755 1:0 19399
19401 755 0:0 19402
19402 27 1:0 19407
19402 25 1:0 19407
19406 755 1:0 19407
19408 42371 0:0 19410
19408 42382 0:0 19410
19408 15 0:0 19410
19409 42390 0:0 19410
19416 25 0:0 19418
19436 755 0:0 19437
19444 23 0:0 19446
19444 27 0:0 19446
19444 42391 0:0 19446
19450 42400 0:0 19451
19450 42397 0:0 19451
19450 42395 0:0 19451
19450 42398 0:0 19451
19461 29 0:0 19462
19461 42404 0:0 19462
19461 42384 0:0 19462
19461 42410 0:0 19462
19461 42399 0:0 19462
19461 35 1:0 19463
19466 31 0:0 19467
19466 42412 0:0 19467
19466 33 1:0 19468
19471 42413 0:0 19472
19471 42404 1:0 19472
19471 42414 0:0 19472
19471 35 0:0 19472
19471 42411 0:0 19472
19471 41 1:0 19482
19471 47 1:0 19483
19471 49 1:0 19483
19473 755 1:0 19475
19477 755 0:0 19478
19478 43 1:0 19483
19478 45 1:0 19483
19482 755 1:0 19483
19484 42415 0:0 19486
19484 42404 0:0 19486
19484 33 0:0 19486
19485 42423 0:0 19486
19492 43 0:0 19494
19512 755 0:0 19513
19520 45 0:0 19522
19520 42424 0:0 19522
19520 41 0:0 19522
19526 42431 0:0 19527
19526 42433 0:0 19527
19526 42428 0:0 19527
19526 42430 0:0 19527
19537 42432 0:0 19538
19537 47 0:0 19538
19537 42437 0:0 19538
19537 42443 0:0 19538
19537 42417 0:0 19538
19537 53 1:0 19539
19542 42445 0:0 19543
19542 49 0:0 19543
19542 51 1:0 19544
19547 42437 1:0 19548
19547 42446 0:0 19548
19547 42444 0:0 19548
19547 42447 0:0 19548
19547 53 0:0 19548
19547 59 1:0 19558
19547 67 1:0 19559
19547 65 1:0 19559
19549 755 1:0 19551
19553 755 0:0 19554
19554 61 1:0 19559
19554 63 1:0 19559
19558 755 1:0 19559
19560 42448 0:0 19562
19560 51 0:0 19562
19560 42437 0:0 19562
19561 42456 0:0 19562
19568 61 0:0 19570
19588 755 0:0 19589
19596 63 0:0 19598
19596 59 0:0 19598
19596 42457 0:0 19598
19602 42464 0:0 19603
19602 42463 0:0 19603
19602 42466 0:0 19603
19602 42461 0:0 19603
19613 42465 0:0 19614
19613 65 0:0 19614
19613 42476 0:0 19614
19613 42450 0:0 19614
19613 71 1:0 19615
19616 42478 21:0 19842
19617 67 0:0 19619
19618 69 1:0 19620
19623 42480 0:0 19624
19623 42479 0:0 19624
19623 71 0:0 19624
19623 42477 0:0 19624
19623 77 1:0 19634
19623 85 1:0 19635
19623 83 1:0 19635
19625 755 1:0 19627
19629 755 0:0 19630
19630 81 1:0 19635
19630 79 1:0 19635
19634 755 1:0 19635
19636 42481 0:0 19638
19636 42470 0:0 19638
19636 69 0:0 19638
19637 42489 0:0 19638
19644 79 0:0 19646
19664 755 0:0 19665
19672 77 0:0 19674
19672 42490 0:0 19674
19672 81 0:0 19674
19678 42497 0:0 19679
19678 42496 0:0 19679
19678 42494 0:0 19679
19678 42499 0:0 19679
19689 83 0:0 19690
19689 42503 0:0 19690
19689 42483 0:0 19690
19689 42498 0:0 19690
19689 42509 0:0 19690
19689 89 1:0 19691
19694 42511 0:0 19695
19694 85 0:0 19695
19694 87 1:0 19696
19699 42503 1:0 19700
19699 89 0:0 19700
19699 42510 0:0 19700
19699 42512 0:0 19700
19699 42513 0:0 19700
19699 95 1:0 19710
19699 103 1:0 19711
19699 101 1:0 19711
19701 755 1:0 19703
19705 755 0:0 19706
19706 97 1:0 19711
19706 99 1:0 19711
19710 755 1:0 19711
19712 87 0:0 19714
19712 42503 0:0 19714
19712 42514 0:0 19714
19713 42522 0:0 19714
19720 97 0:0 19722
19740 755 0:0 19741
19748 99 0:0 19750
19748 95 0:0 19750
19748 42523 0:0 19750
19754 42532 0:0 19755
19754 42529 0:0 19755
19754 42530 0:0 19755
19754 42527 0:0 19755
19765 42531 0:0 19766
19765 101 0:0 19766
19765 42542 0:0 19766
19765 42516 0:0 19766
19765 42536 0:0 19766
19765 107 1:0 19767
19770 42544 0:0 19771
19770 103 0:0 19771
19770 105 1:0 19772
19775 107 0:0 19776
19775 42536 1:0 19776
19775 42545 0:0 19776
19775 42546 0:0 19776
19775 42543 0:0 19776
19775 113 1:0 19786
19775 119 1:0 19787
19775 121 1:0 19787
19777 755 1:0 19779
19781 755 0:0 19782
19782 117 1:0 19787
19782 115 1:0 19787
19786 755 1:0 19787
19788 42536 0:0 19790
19788 42547 0:0 19790
19788 105 0:0 19790
19789 42555 0:0 19790
19796 115 0:0 19798
19816 755 0:0 19817
19824 113 0:0 19826
19824 117 0:0 19826
19824 42556 0:0 19826
19830 42560 0:0 19831
19830 42563 0:0 19831
19830 42565 0:0 19831
19830 42562 0:0 19831
19841 42564 0:0 19842
19841 42549 0:0 19842
19841 42575 0:0 19842
19841 119 0:0 19842
19841 125 1:0 19843
19844 42577 21:0 20070
19845 121 0:0 19847
19846 123 1:0 19848
19851 125 0:0 19852
19851 42578 0:0 19852
19851 42579 0:0 19852
19851 42576 0:0 19852
19851 131 1:0 19862
19851 137 1:0 19863
19851 139 1:0 19863
19853 755 1:0 19855
19857 755 0:0 19858
19858 135 1:0 19863
19858 133 1:0 19863
19862 755 1:0 19863
19864 42569 0:0 19866
19864 42580 0:0 19866
19864 123 0:0 19866
19865 42588 0:0 19866
19872 133 0:0 19874
19892 755 0:0 19893
19900 42589 0:0 19902
19900 131 0:0 19902
19900 135 0:0 19902
19906 42598 0:0 19907
19906 42596 0:0 19907
19906 42593 0:0 19907
19906 42595 0:0 19907
19917 42582 0:0 19918
19917 42608 0:0 19918
19917 42597 0:0 19918
19917 137 0:0 19918
19917 42602 0:0 19918
19917 143 1:0 19919
19922 139 0:0 19923
19922 42610 0:0 19923
19922 141 1:0 19924
19927 42612 0:0 19928
19927 42611 0:0 19928
19927 143 0:0 19928
19927 42609 0:0 19928
19927 42602 1:0 19928
19927 149 1:0 19938
19927 157 1:0 19939
19927 155 1:0 19939
19929 755 1:0 19931
19933 755 0:0 19934
19934 153 1:0 19939
19934 151 1:0 19939
19938 755 1:0 19939
19940 42602 0:0 19942
19940 42613 0:0 19942
19940 141 0:0 19942
19941 42621 0:0 19942
19948 151 0:0 19950
19968 755 0:0 19969
19976 149 0:0 19978
19976 153 0:0 19978
19976 42622 0:0 19978
19982 42628 0:0 19983
19982 42631 0:0 19983
19982 42626 0:0 19983
19982 42629 0:0 19983
19993 155 0:0 19994
19993 42630 0:0 19994
19993 42641 0:0 19994
19993 42615 0:0 19994
19993 42635 0:0 19994
19993 161 1:0 19995
19998 42643 0:0 19999
19998 157 0:0 19999
19998 159 1:0 20000
20003 42645 0:0 20004
20003 42644 0:0 20004
20003 42642 0:0 20004
20003 161 0:0 20004
20003 42635 1:0 20004
20003 167 1:0 20014
20003 173 1:0 20015
20003 175 1:0 20015
20005 755 1:0 20007
20009 755 0:0 20010
20010 171 1:0 20015
20010 169 1:0 20015
20014 755 1:0 20015
20016 42635 0:0 20018
20016 159 0:0 20018
20016 42646 0:0 20018
20017 42654 0:0 20018
20024 169 0:0 20026
20044 755 0:0 20045
20052 171 0:0 20054
20052 167 0:0 20054
20052 42655 0:0 20054
20058 42661 0:0 20059
20058 42664 0:0 20059
20058 42662 0:0 20059
20058 42659 0:0 20059
20069 42663 0:0 20070
20069 42648 0:0 20070
20069 173 0:0 20070
20069 42674 0:0 20070
20069 179 1:0 20071
20072 42676 21:0 20298
20073 175 0:0 20075
20074 177 1:0 20076
20079 42675 0:0 20080
20079 179 0:0 20080
20079 42677 0:0 20080
20079 42678 0:0 20080
20079 185 1:0 20090
20079 191 1:0 20091
20079 193 1:0 20091
20081 755 1:0 20083
20085 755 0:0 20086
20086 187 1:0 20091
20086 189 1:0 20091
20090 755 1:0 20091
20092 42679 0:0 20094
20092 42668 0:0 20094
20092 177 0:0 20094
20093 42687 0:0 20094
20100 187 0:0 20102
20120 755 0:0 20121
20128 185 0:0 20130
20128 42688 0:0 20130
20128 189 0:0 20130
20134 42695 0:0 20135
20134 42694 0:0 20135
20134 42692 0:0 20135
20134 42697 0:0 20135
20145 42707 0:0 20146
20145 42701 0:0 20146
20145 42696 0:0 20146
20145 42681 0:0 20146
20145 191 0:0 20146
20145 197 1:0 20147
20150 193 0:0 20151
20150 42709 0:0 20151
20150 195 1:0 20152
20155 197 0:0 20156
20155 42701 1:0 20156
20155 42708 0:0 20156
20155 42711 0:0 20156
20155 42710 0:0 20156
20155 203 1:0 20166
20155 209 1:0 20167
20155 211 1:0 20167
20157 755 1:0 20159
20161 755 0:0 20162
20162 205 1:0 20167
20162 207 1:0 20167
20166 755 1:0 20167
20168 42712 0:0 20170
20168 195 0:0 20170
20168 42701 0:0 20170
20169 42720 0:0 20170
20176 205 0:0 20178
20196 755 0:0 20197
20204 203 0:0 20206
20204 207 0:0 20206
20204 42721 0:0 20206
20210 42725 0:0 20211
20210 42727 0:0 20211
20210 42728 0:0 20211
20210 42730 0:0 20211
20221 42714 0:0 20222
20221 209 0:0 20222
20221 42734 0:0 20222
20221 42740 0:0 20222
20221 42729 0:0 20222
20221 215 1:0 20223
20226 211 0:0 20227
20226 42742 0:0 20227
20226 213 1:0 20228
20231 42743 0:0 20232
20231 42744 0:0 20232
20231 42734 1:0 20232
20231 215 0:0 20232
20231 42741 0:0 20232
20231 221 1:0 20242
20231 227 1:0 20243
20231 229 1:0 20243
20233 755 1:0 20235
20237 755 0:0 20238
20238 223 1:0 20243
20238 225 1:0 20243
20242 755 1:0 20243
20244 42745 0:0 20246
20244 213 0:0 20246
20244 42734 0:0 20246
20245 42753 0:0 20246
20252 223 0:0 20254
20272 755 0:0 20273
20280 225 0:0 20282
20280 42754 0:0 20282
20280 221 0:0 20282
20286 42761 0:0 20287
20286 42760 0:0 20287
20286 42763 0:0 20287
20286 42758 0:0 20287
20297 42747 0:0 20298
20297 227 0:0 20298
20297 42773 0:0 20298
20297 42762 0:0 20298
20297 233 1:0 20299
20300 42775 21:0 20526
20301 229 0:0 20303
20302 231 1:0 20304
20307 42776 0:0 20308
20307 233 0:0 20308
20307 42777 0:0 20308
20307 42774 0:0 20308
20307 239 1:0 20318
20307 247 1:0 20319
20307 245 1:0 20319
20309 755 1:0 20311
20313 755 0:0 20314
20314 241 1:0 20319
20314 243 1:0 20319
20318 755 1:0 20319
20320 231 0:0 20322
20320 42767 0:0 20322
20320 42778 0:0 20322
20321 42786 0:0 20322
20328 241 0:0 20330
20348 755 0:0 20349
20356 42787 0:0 20358
20356 239 0:0 20358
20356 243 0:0 20358
20362 42796 0:0 20363
20362 42794 0:0 20363
20362 42791 0:0 20363
20362 42793 0:0 20363
20373 245 0:0 20374
20373 42780 0:0 20374
20373 42795 0:0 20374
20373 42806 0:0 20374
20373 42800 0:0 20374
20373 251 1:0 20375
20378 42808 0:0 20379
20378 247 0:0 20379
20378 249 1:0 20380
20383 42800 1:0 20384
20383 251 0:0 20384
20383 42807 0:0 20384
20383 42809 0:0 20384
20383 42810 0:0 20384
20383 257 1:0 20394
20383 263 1:0 20395
20383 265 1:0 20395
20385 755 1:0 20387
20389 755 0:0 20390
20390 261 1:0 20395
20390 259 1:0 20395
20394 755 1:0 20395
20396 249 0:0 20398
20396 42811 0:0 20398
20396 42800 0:0 20398
20397 42819 0:0 20398
20404 259 0:0 20406
20424 755 0:0 20425
20432 261 0:0 20434
20432 257 0:0 20434
20432 42820 0:0 20434
20438 42826 0:0 20439
20438 42824 0:0 20439
20438 42827 0:0 20439
20438 42829 0:0 20439
20449 263 0:0 20450
20449 42833 0:0 20450
20449 42828 0:0 20450
20449 42839 0:0 20450
20449 42813 0:0 20450
20449 269 1:0 20451
20454 265 0:0 20455
20454 42841 0:0 20455
20454 267 1:0 20456
20459 42843 0:0 20460
20459 42833 1:0 20460
20459 42840 0:0 20460
20459 269 0:0 20460
20459 42842 0:0 20460
20459 275 1:0 20470
20459 283 1:0 20471
20459 281 1:0 20471
20461 755 1:0 20463
20465 755 0:0 20466
20466 277 1:0 20471
20466 279 1:0 20471
20470 755 1:0 20471
20472 267 0:0 20474
20472 42833 0:0 20474
20472 42844 0:0 20474
20473 42852 0:0 20474
20480 277 0:0 20482
20500 755 0:0 20501
20508 42853 0:0 20510
20508 275 0:0 20510
20508 279 0:0 20510
20514 42862 0:0 20515
20514 42860 0:0 20515
20514 42857 0:0 20515
20514 42859 0:0 20515
20525 42846 0:0 20526
20525 42872 0:0 20526
20525 42861 0:0 20526
20525 281 0:0 20526
20525 287 1:0 20527
20528 42874 21:0 20754
20529 283 0:0 20531
20530 285 1:0 20532
20535 287 0:0 20536
20535 42873 0:0 20536
20535 42876 0:0 20536
20535 42875 0:0 20536
20535 293 1:0 20546
20535 299 1:0 20547
20535 301 1:0 20547
20537 755 1:0 20539
20541 755 0:0 20542
20542 295 1:0 20547
20542 297 1:0 20547
20546 755 1:0 20547
20548 42877 0:0 20550
20548 285 0:0 20550
20548 42866 0:0 20550
20549 42885 0:0 20550
20556 295 0:0 20558
20576 755 0:0 20577
20584 42886 0:0 20586
20584 297 0:0 20586
20584 293 0:0 20586
20590 42892 0:0 20591
20590 42890 0:0 20591
20590 42895 0:0 20591
20590 42893 0:0 20591
20601 42905 0:0 20602
20601 299 0:0 20602
20601 42899 0:0 20602
20601 42879 0:0 20602
20601 42894 0:0 20602
20601 305 1:0 20603
20606 42907 0:0 20607
20606 301 0:0 20607
20606 303 1:0 20608
20611 42899 1:0 20612
20611 42906 0:0 20612
20611 42908 0:0 20612
20611 42909 0:0 20612
20611 305 0:0 20612
20611 311 1:0 20622
20611 317 1:0 20623
20611 319 1:0 20623
20613 755 1:0 20615
20617 755 0:0 20618
20618 315 1:0 20623
20618 313 1:0 20623
20622 755 1:0 20623
20624 42910 0:0 20626
20624 42899 0:0 20626
20624 303 0:0 20626
20625 42918 0:0 20626
20632 313 0:0 20634
20652 755 0:0 20653
20660 42919 0:0 20662
20660 315 0:0 20662
20660 311 0:0 20662
20666 42928 0:0 20667
20666 42923 0:0 20667
20666 42925 0:0 20667
20666 42926 0:0 20667
20677 317 0:0 20678
20677 42912 0:0 20678
20677 42927 0:0 20678
20677 42932 0:0 20678
20677 42938 0:0 20678
20677 323 1:0 20679
20682 319 0:0 20683
20682 42940 0:0 20683
20682 321 1:0 20684
20687 42941 0:0 20688
20687 42932 1:0 20688
20687 323 0:0 20688
20687 42939 0:0 20688
20687 42942 0:0 20688
20687 329 1:0 20698
20687 335 1:0 20699
20689 755 1:0 20691
20693 755 0:0 20694
20694 331 1:0 20699
20694 333 1:0 20699
20698 755 1:0 20699
20700 42932 0:0 20702
20700 321 0:0 20702
20700 42943 0:0 20702
20701 42951 0:0 20702
20708 331 0:0 20710
20728 755 0:0 20729
20736 42952 0:0 20738
20736 333 0:0 20738
20736 329 0:0 20738
20742 42961 0:0 20743
20742 42959 0:0 20743
20742 42958 0:0 20743
20742 42956 0:0 20743
20742 337 1:0 20750
20753 335 0:0 20754
20753 42971 0:0 20754
20753 42960 0:0 20754
20753 42945 0:0 20754
20753 341 1:0 20755
20756 42973 21:0 20982
20757 337 0:0 20759
20758 339 1:0 20760
20763 341 0:0 20764
20763 42972 0:0 20764
20763 42975 0:0 20764
20763 42974 0:0 20764
20763 347 1:0 20774
20763 353 1:0 20775
20765 755 1:0 20767
20769 755 0:0 20770
20770 351 1:0 20775
20770 349 1:0 20775
20774 755 1:0 20775
20776 42965 0:0 20778
20776 42976 0:0 20778
20776 339 0:0 20778
20777 42984 0:0 20778
20784 349 0:0 20786
20804 755 0:0 20805
20812 42985 0:0 20814
20812 351 0:0 20814
20812 347 0:0 20814
20818 42989 0:0 20819
20818 42992 0:0 20819
20818 42991 0:0 20819
20818 42994 0:0 20819
20818 355 1:0 20826
20829 353 0:0 20830
20829 42998 0:0 20830
20829 43004 0:0 20830
20829 42993 0:0 20830
20829 42978 0:0 20830
20829 359 1:0 20831
20834 355 0:0 20835
20834 43006 0:0 20835
20834 357 1:0 20836
20839 42998 1:0 20840
20839 43007 0:0 20840
20839 43008 0:0 20840
20839 359 0:0 20840
20839 43005 0:0 20840
20839 365 1:0 20850
20839 371 1:0 20851
20841 755 1:0 20843
20845 755 0:0 20846
20846 369 1:0 20851
20846 367 1:0 20851
20850 755 1:0 20851
20852 42998 0:0 20854
20852 357 0:0 20854
20852 43009 0:0 20854
20853 43017 0:0 20854
20860 367 0:0 20862
20880 755 0:0 20881
20888 365 0:0 20890
20888 43018 0:0 20890
20888 369 0:0 20890
20894 43027 0:0 20895
20894 43022 0:0 20895
20894 43024 0:0 20895
20894 43025 0:0 20895
20894 373 1:0 20902
20905 371 0:0 20906
20905 43031 0:0 20906
20905 43011 0:0 20906
20905 43037 0:0 20906
20905 43026 0:0 20906
20905 377 1:0 20907
20910 373 0:0 20911
20910 43039 0:0 20911
20910 375 1:0 20912
20915 377 0:0 20916
20915 43031 1:0 20916
20915 43040 0:0 20916
20915 43041 0:0 20916
20915 43038 0:0 20916
20915 383 1:0 20926
20915 389 1:0 20927
20917 755 1:0 20919
20921 755 0:0 20922
20922 387 1:0 20927
20922 385 1:0 20927
20926 755 1:0 20927
20928 375 0:0 20930
20928 43042 0:0 20930
20928 43031 0:0 20930
20929 43050 0:0 20930
20936 385 0:0 20938
20956 755 0:0 20957
20964 387 0:0 20966
20964 43051 0:0 20966
20964 383 0:0 20966
20970 43055 0:0 20971
20970 43060 0:0 20971
20970 43057 0:0 20971
20970 43058 0:0 20971
20970 391 1:0 20978
20981 389 0:0 20982
20981 43059 0:0 20982
20981 43044 0:0 20982
20981 43070 0:0 20982
20981 395 1:0 20983
20984 43072 21:0 21210
20985 391 0:0 20987
20986 393 1:0 20988
20991 43073 0:0 20992
20991 43074 0:0 20992
20991 395 0:0 20992
20991 43071 0:0 20992
20991 401 1:0 21002
20991 407 1:0 21003
20993 755 1:0 20995
20997 755 0:0 20998
20998 405 1:0 21003
20998 403 1:0 21003
21002 755 1:0 21003
21004 393 0:0 21006
21004 43064 0:0 21006
21004 43075 0:0 21006
21005 43083 0:0 21006
21012 403 0:0 21014
21032 755 0:0 21033
21040 43084 0:0 21042
21040 401 0:0 21042
21040 405 0:0 21042
21046 43093 0:0 21047
21046 43088 0:0 21047
21046 43091 0:0 21047
21046 43090 0:0 21047
21046 409 1:0 21054
21057 43077 0:0 21058
21057 43092 0:0 21058
21057 43097 0:0 21058
21057 407 0:0 21058
21057 43103 0:0 21058
21057 413 1:0 21059
21062 409 0:0 21063
21062 43105 0:0 21063
21062 411 1:0 21064
21067 43104 0:0 21068
21067 413 0:0 21068
21067 43097 1:0 21068
21067 43106 0:0 21068
21067 43107 0:0 21068
21067 419 1:0 21078
21067 425 1:0 21079
21069 755 1:0 21071
21073 755 0:0 21074
21074 421 1:0 21079
21074 423 1:0 21079
21078 755 1:0 21079
21080 43097 0:0 21082
21080 411 0:0 21082
21080 43108 0:0 21082
21081 43116 0:0 21082
21088 421 0:0 21090
21108 755 0:0 21109
21116 43117 0:0 21118
21116 423 0:0 21118
21116 419 0:0 21118
21122 43124 0:0 21123
21122 43121 0:0 21123
21122 43123 0:0 21123
21122 43126 0:0 21123
21122 427 1:0 21130
21133 43125 0:0 21134
21133 43130 0:0 21134
21133 43110 0:0 21134
21133 43136 0:0 21134
21133 425 0:0 21134
21133 431 1:0 21135
21138 427 0:0 21139
21138 43138 0:0 21139
21138 429 1:0 21140
21143 431 0:0 21144
21143 43140 0:0 21144
21143 43139 0:0 21144
21143 43137 0:0 21144
21143 43130 1:0 21144
21143 437 1:0 21154
21143 443 1:0 21155
21145 755 1:0 21147
21149 755 0:0 21150
21150 441 1:0 21155
21150 439 1:0 21155
21154 755 1:0 21155
21156 429 0:0 21158
21156 43130 0:0 21158
21156 43141 0:0 21158
21157 43149 0:0 21158
21164 439 0:0 21166
21184 755 0:0 21185
21192 43150 0:0 21194
21192 441 0:0 21194
21192 437 0:0 21194
21198 43156 0:0 21199
21198 43159 0:0 21199
21198 43154 0:0 21199
21198 43157 0:0 21199
21198 445 1:0 21206
21209 43143 0:0 21210
21209 443 0:0 21210
21209 43169 0:0 21210
21209 43158 0:0 21210
21209 449 1:0 21211
21212 43171 21:0 21438
21213 445 0:0 21215
21214 447 1:0 21216
21219 449 0:0 21220
21219 43170 0:0 21220
21219 43172 0:0 21220
21219 43173 0:0 21220
21219 455 1:0 21230
21219 461 1:0 21231
21221 755 1:0 21223
21225 755 0:0 21226
21226 457 1:0 21231
21226 459 1:0 21231
21230 755 1:0 21231
21232 43174 0:0 21234
21232 43163 0:0 21234
21232 447 0:0 21234
21233 43182 0:0 21234
21240 457 0:0 21242
21260 755 0:0 21261
21268 459 0:0 21270
21268 43183 0:0 21270
21268 455 0:0 21270
21274 43192 0:0 21275
21274 43187 0:0 21275
21274 43190 0:0 21275
21274 43189 0:0 21275
21274 463 1:0 21282
21285 43191 0:0 21286
21285 43202 0:0 21286
21285 43196 0:0 21286
21285 43176 0:0 21286
21285 461 0:0 21286
21285 467 1:0 21287
21290 463 0:0 21291
21290 43204 0:0 21291
21290 465 1:0 21292
21295 43196 1:0 21296
21295 467 0:0 21296
21295 43203 0:0 21296
21295 43206 0:0 21296
21295 43205 0:0 21296
21295 473 1:0 21306
21295 479 1:0 21307
21297 755 1:0 21299
21301 755 0:0 21302
21302 475 1:0 21307
21302 477 1:0 21307
21306 755 1:0 21307
21308 465 0:0 21310
21308 43207 0:0 21310
21308 43196 0:0 21310
21309 43215 0:0 21310
21316 475 0:0 21318
21336 755 0:0 21337
21344 477 0:0 21346
21344 473 0:0 21346
21344 43216 0:0 21346
21350 43220 0:0 21351
21350 43223 0:0 21351
21350 43222 0:0 21351
21350 43225 0:0 21351
21350 481 1:0 21358
21361 43224 0:0 21362
21361 43229 0:0 21362
21361 479 0:0 21362
21361 43235 0:0 21362
21361 43209 0:0 21362
21361 485 1:0 21363
21366 481 0:0 21367
21366 43237 0:0 21367
21366 483 1:0 21368
21371 43236 0:0 21372
21371 43239 0:0 21372
21371 43229 1:0 21372
21371 43238 0:0 21372
21371 485 0:0 21372
21371 491 1:0 21382
21371 497 1:0 21383
21373 755 1:0 21375
21377 755 0:0 21378
21378 493 1:0 21383
21378 495 1:0 21383
21382 755 1:0 21383
21384 483 0:0 21386
21384 43240 0:0 21386
21384 43229 0:0 21386
21385 43248 0:0 21386
21392 493 0:0 21394
21412 755 0:0 21413
21420 495 0:0 21422
21420 43249 0:0 21422
21420 491 0:0 21422
21426 43258 0:0 21427
21426 43253 0:0 21427
21426 43255 0:0 21427
21426 43256 0:0 21427
21426 499 1:0 21434
21437 497 0:0 21438
21437 43242 0:0 21438
21437 43257 0:0 21438
21437 43268 0:0 21438
21437 503 1:0 21439
21440 43270 21:0 21666
21441 499 0:0 21443
21442 501 1:0 21444
21447 43271 0:0 21448
21447 43272 0:0 21448
21447 503 0:0 21448
21447 43269 0:0 21448
21447 509 1:0 21458
21447 515 1:0 21459
21449 755 1:0 21451
21453 755 0:0 21454
21454 511 1:0 21459
21454 513 1:0 21459
21458 755 1:0 21459
21460 43262 0:0 21462
21460 501 0:0 21462
21460 43273 0:0 21462
21461 43281 0:0 21462
21468 511 0:0 21470
21488 755 0:0 21489
21496 509 0:0 21498
21496 43282 0:0 21498
21496 513 0:0 21498
21502 43286 0:0 21503
21502 43289 0:0 21503
21502 43288 0:0 21503
21502 43291 0:0 21503
21502 517 1:0 21510
21513 515 0:0 21514
21513 43290 0:0 21514
21513 43301 0:0 21514
21513 43295 0:0 21514
21513 43275 0:0 21514
21513 521 1:0 21515
21518 43303 0:0 21519
21518 517 0:0 21519
21518 519 1:0 21520
21523 43295 1:0 21524
21523 521 0:0 21524
21523 43304 0:0 21524
21523 43302 0:0 21524
21523 43305 0:0 21524
21523 527 1:0 21534
21523 533 1:0 21535
21525 755 1:0 21527
21529 755 0:0 21530
21530 529 1:0 21535
21530 531 1:0 21535
21534 755 1:0 21535
21536 43306 0:0 21538
21536 519 0:0 21538
21536 43295 0:0 21538
21537 43314 0:0 21538
21544 529 0:0 21546
21564 755 0:0 21565
21572 527 0:0 21574
21572 531 0:0 21574
21572 43315 0:0 21574
21578 43321 0:0 21579
21578 43324 0:0 21579
21578 43322 0:0 21579
21578 43319 0:0 21579
21578 535 1:0 21586
21589 43334 0:0 21590
21589 43323 0:0 21590
21589 43308 0:0 21590
21589 533 0:0 21590
21589 43328 0:0 21590
21589 539 1:0 21591
21594 535 0:0 21595
21594 43336 0:0 21595
21594 537 1:0 21596
21599 43328 1:0 21600
21599 539 0:0 21600
21599 43338 0:0 21600
21599 43337 0:0 21600
21599 43335 0:0 21600
21599 545 1:0 21610
21599 551 1:0 21611
21601 755 1:0 21603
21605 755 0:0 21606
21606 549 1:0 21611
21606 547 1:0 21611
21610 755 1:0 21611
21612 43339 0:0 21614
21612 43328 0:0 21614
21612 537 0:0 21614
21613 43347 0:0 21614
21620 547 0:0 21622
21640 755 0:0 21641
21648 43348 0:0 21650
21648 545 0:0 21650
21648 549 0:0 21650
21654 43354 0:0 21655
21654 43352 0:0 21655
21654 43355 0:0 21655
21654 43357 0:0 21655
21654 553 1:0 21662
21665 43367 0:0 21666
21665 43341 0:0 21666
21665 43356 0:0 21666
21665 551 0:0 21666
21665 557 1:0 21667
21668 43369 21:0 21894
21669 553 0:0 21671
21670 555 1:0 21672
21675 43368 0:0 21676
21675 43370 0:0 21676
21675 43371 0:0 21676
21675 557 0:0 21676
21675 563 1:0 21686
21675 569 1:0 21687
21677 755 1:0 21679
21681 755 0:0 21682
21682 567 1:0 21687
21682 565 1:0 21687
21686 755 1:0 21687
21688 43361 0:0 21690
21688 555 0:0 21690
21688 43372 0:0 21690
21689 43380 0:0 21690
21696 565 0:0 21698
21716 755 0:0 21717
21724 567 0:0 21726
21724 43381 0:0 21726
21724 563 0:0 21726
21730 43385 0:0 21731
21730 43387 0:0 21731
21730 43388 0:0 21731
21730 43390 0:0 21731
21730 571 1:0 21738
21741 43394 0:0 21742
21741 569 0:0 21742
21741 43400 0:0 21742
21741 43389 0:0 21742
21741 43374 0:0 21742
21741 575 1:0 21743
21746 43402 0:0 21747
21746 571 0:0 21747
21746 573 1:0 21748
21751 43394 1:0 21752
21751 575 0:0 21752
21751 43401 0:0 21752
21751 43404 0:0 21752
21751 43403 0:0 21752
21751 581 1:0 21762
21753 755 1:0 21755
21757 755 0:0 21758
21758 583 1:0 21763
21758 585 1:0 21763
21762 755 1:0 21763
21764 573 0:0 21766
21764 43405 0:0 21766
21764 43394 0:0 21766
21765 43413 0:0 21766
21769 587 1:0 21799
21773 583 0:0 21774
21792 755 0:0 21793
21800 43414 0:0 21802
21800 585 0:0 21802
21801 581 0:0 21802
21806 43418 0:0 21807
21806 43423 0:0 21807
21806 43420 0:0 21807
21806 43421 0:0 21807
21806 589 1:0 21814
21817 43422 0:0 21818
21817 43433 0:0 21818
21817 43407 0:0 21818
21817 43427 0:0 21818
21817 587 0:0 21818
21817 593 1:0 21819
21822 43435 0:0 21823
21822 589 0:0 21823
21822 591 1:0 21824
21827 43427 1:0 21828
21827 43437 0:0 21828
21827 43436 0:0 21828
21827 43434 0:0 21828
21827 593 0:0 21828
21827 599 1:0 21838
21829 755 1:0 21831
21833 755 0:0 21834
21834 601 1:0 21839
21834 603 1:0 21839
21838 755 1:0 21839
21840 591 0:0 21842
21840 43427 0:0 21842
21840 43438 0:0 21842
21841 43446 0:0 21842
21845 605 1:0 21875
21849 601 0:0 21850
21868 755 0:0 21869
21876 603 0:0 21878
21876 43447 0:0 21878
21877 599 0:0 21878
21882 43453 0:0 21883
21882 43451 0:0 21883
21882 43454 0:0 21883
21882 43456 0:0 21883
21882 607 1:0 21890
21882 37362 1:0 21915
21893 43440 0:0 21894
21893 605 0:0 21894
21893 43455 0:0 21894
21893 43466 0:0 21894
21893 611 1:0 21895
21896 43468 21:0 22122
21897 607 0:0 21899
21898 609 1:0 21900
21903 43467 0:0 21904
21903 43469 0:0 21904
21903 611 0:0 21904
21903 43470 0:0 21904
21903 617 1:0 21914
21905 755 1:0 21907
21909 755 0:0 21910
21910 619 1:0 21915
21910 621 1:0 21915
21914 755 1:0 21915
21916 43471 0:0 21918
21916 609 0:0 21918
21916 43460 0:0 21918
21917 43479 0:0 21918
21921 623 1:0 21951
21925 619 0:0 21926
21944 755 0:0 21945
21952 621 0:0 21954
21952 43480 0:0 21954
21953 617 0:0 21954
21958 43486 0:0 21959
21958 43484 0:0 21959
21958 43487 0:0 21959
21958 43489 0:0 21959
21958 625 1:0 21966
21958 37191 1:0 21991
21969 43473 0:0 21970
21969 43488 0:0 21970
21969 43499 0:0 21970
21969 43493 0:0 21970
21969 623 0:0 21970
21969 629 1:0 21971
21974 625 0:0 21975
21974 43501 0:0 21975
21974 627 1:0 21976
21979 43502 0:0 21980
21979 43493 1:0 21980
21979 629 0:0 21980
21979 43500 0:0 21980
21979 43503 0:0 21980
21979 635 1:0 21990
21981 755 1:0 21983
21985 755 0:0 21986
21986 639 1:0 21991
21986 637 1:0 21991
21990 755 1:0 21991
21992 627 0:0 21994
21992 43493 0:0 21994
21992 43504 0:0 21994
21993 43512 0:0 21994
21997 641 1:0 22027
22001 637 0:0 22002
22020 755 0:0 22021
22028 43513 0:0 22030
22028 639 0:0 22030
22029 635 0:0 22030
22034 43517 0:0 22035
22034 43522 0:0 22035
22034 43520 0:0 22035
22034 43519 0:0 22035
22034 643 1:0 22042
22034 37020 1:0 22067
22045 641 0:0 22046
22045 43521 0:0 22046
22045 43532 0:0 22046
22045 43526 0:0 22046
22045 43506 0:0 22046
22045 647 1:0 22047
22050 43534 0:0 22051
22050 643 0:0 22051
22050 645 1:0 22052
22055 43536 0:0 22056
22055 647 0:0 22056
22055 43535 0:0 22056
22055 43526 1:0 22056
22055 43533 0:0 22056
22055 653 1:0 22066
22057 755 1:0 22059
22061 755 0:0 22062
22062 655 1:0 22067
22062 657 1:0 22067
22066 755 1:0 22067
22068 43537 0:0 22070
22068 645 0:0 22070
22068 43526 0:0 22070
22069 43545 0:0 22070
22073 659 1:0 22103
22077 655 0:0 22078
22096 755 0:0 22097
22104 657 0:0 22106
22104 43546 0:0 22106
22105 653 0:0 22106
22110 43550 0:0 22111
22110 43553 0:0 22111
22110 43552 0:0 22111
22110 43555 0:0 22111
22110 661 1:0 22118
22110 36849 1:0 22143
22121 43539 0:0 22122
22121 659 0:0 22122
22121 43565 0:0 22122
22121 43554 0:0 22122
22121 665 1:0 22123
22124 43567 21:0 22350
22125 661 0:0 22127
22126 663 1:0 22128
22131 43566 0:0 22132
22131 665 0:0 22132
22131 43569 0:0 22132
22131 43568 0:0 22132
22131 671 1:0 22142
22133 755 1:0 22135
22137 755 0:0 22138
22138 673 1:0 22143
22138 675 1:0 22143
22142 755 1:0 22143
22144 663 0:0 22146
22144 43559 0:0 22146
22144 43570 0:0 22146
22145 43578 0:0 22146
22149 677 1:0 22179
22153 673 0:0 22154
22172 755 0:0 22173
22180 43579 0:0 22182
22180 675 0:0 22182
22181 671 0:0 22182
22186 43586 0:0 22187
22186 43583 0:0 22187
22186 43585 0:0 22187
22186 43588 0:0 22187
22186 679 1:0 22194
22186 36507 1:0 22219
22197 43598 0:0 22198
22197 677 0:0 22198
22197 43572 0:0 22198
22197 43587 0:0 22198
22197 43592 0:0 22198
22197 683 1:0 22199
22202 679 0:0 22203
22202 43600 0:0 22203
22202 681 1:0 22204
22207 43592 1:0 22208
22207 43602 0:0 22208
22207 43601 0:0 22208
22207 683 0:0 22208
22207 43599 0:0 22208
22207 689 1:0 22218
22209 755 1:0 22211
22213 755 0:0 22214
22214 691 1:0 22219
22214 693 1:0 22219
22218 755 1:0 22219
22220 43592 0:0 22222
22220 681 0:0 22222
22220 43603 0:0 22222
22221 43611 0:0 22222
22225 695 1:0 22255
22229 691 0:0 22230
22248 755 0:0 22249
22256 43612 0:0 22258
22256 693 0:0 22258
22257 689 0:0 22258
22262 43619 0:0 22263
22262 43618 0:0 22263
22262 43621 0:0 22263
22262 43616 0:0 22263
22262 697 1:0 22270
22262 40063 1:0 22295
22273 43620 0:0 22274
22273 695 0:0 22274
22273 43631 0:0 22274
22273 43605 0:0 22274
22273 43625 0:0 22274
22273 701 1:0 22275
22278 43633 0:0 22279
22278 697 0:0 22279
22278 699 1:0 22280
22283 43635 0:0 22284
22283 43634 0:0 22284
22283 701 0:0 22284
22283 43625 1:0 22284
22283 43632 0:0 22284
22283 707 1:0 22294
22285 755 1:0 22287
22289 755 0:0 22290
22290 709 1:0 22295
22294 755 1:0 22295
22296 699 0:0 22298
22296 43625 0:0 22298
22296 43636 0:0 22298
22297 43644 0:0 22298
22301 711 1:0 22302
22301 713 1:0 22331
22305 709 0:0 22306
22324 755 0:0 22325
22332 43645 0:0 22334
22332 711 0:0 22334
22333 707 0:0 22334
22338 43651 0:0 22339
22338 43652 0:0 22339
22338 43649 0:0 22339
22338 43654 0:0 22339
22338 715 1:0 22346
22338 40050 1:0 22364
22349 43638 0:0 22350
22349 43658 0:0 22350
22349 43653 0:0 22350
22349 713 0:0 22350
22349 719 1:0 22351
22349 43664 21:0 22366
22354 715 0:0 22355
22354 43666 0:0 22355
22354 717 1:0 22356
22359 43668 0:0 22360
22359 43667 0:0 22360
22359 719 0:0 22360
22359 43658 1:0 22360
22359 43665 0:0 22360
22359 40067 1:0 22363
22364 43669 0:0 22366
22365 43658 21:0 22380
22365 36529 1:0 22512
22368 36468 1:0 22368
22368 40065 1:0 22368
22368 40066 1:0 22368
22369 717 0:0 22377
22372 36468 0:0 22377
22375 738 0:0 22377
22376 719 1:0 22377
22379 40064 1:0 22379
22379 36472 1:0 22379
22380 719 0:0 22386
22383 36472 0:0 22386
22385 715 1:0 22386
22388 738 1:0 22388
22388 40056 1:0 22388
22388 40051 1:0 22388
22388 40062 1:0 22388
22388 713 1:0 22388
22388 36475 1:0 22389
22389 715 0:0 22414
22393 36475 0:0 22414
22416 711 1:0 22416
22416 709 1:0 22416
22416 36502 1:0 22416
22416 755 1:0 22416
22416 40052 1:0 22416
22416 36493 1:0 22416
22416 40049 1:0 22417
22416 40047 1:0 22417
22416 40043 1:0 22417
22417 713 0:0 22452
22420 36493 0:0 22452
22439 755 21:0 22449
22448 43688 0:0 22452
22452 711 0:0 22458
22455 36502 0:0 22458
22460 36504 1:0 22461
22461 709 0:0 22468
22465 36504 0:0 22468
22467 707 1:0 22468
22470 40042 1:0 22470
22470 43688 1:0 22470
22470 40036 1:0 22471
22470 40034 1:0 22495
22483 707 0:0 22497
22483 36507 21:0 22511
22496 699 1:0 22497
22499 36525 1:0 22499
22499 40030 1:0 22499
22499 40032 1:0 22502
22499 40033 1:0 22503
22500 699 0:0 22508
22503 36525 0:0 22508
22506 43719 0:0 22508
22507 701 1:0 22508
22510 40031 1:0 22513
22511 701 0:0 22517
22514 36529 0:0 22517
22516 697 1:0 22517
22519 40023 1:0 22519
22519 43719 1:0 22519
22519 695 1:0 22519
22519 40029 1:0 22519
22519 40018 1:0 22519
22519 36532 1:0 22522
22520 697 0:0 22545
22524 36532 0:0 22545
22547 693 1:0 22547
22547 40019 1:0 22547
22547 755 1:0 22547
22547 36559 1:0 22547
22547 691 1:0 22547
22547 36550 1:0 22549
22547 40017 1:0 22552
22547 40016 1:0 22552
22547 40014 1:0 22552
22547 40010 1:0 22578
22548 695 0:0 22583
22551 36550 0:0 22583
22579 755 21:0 22580
22579 43745 0:0 22583
22583 693 0:0 22589
22586 36559 0:0 22589
22591 36561 1:0 22594
22592 691 0:0 22599
22596 36561 0:0 22599
22598 689 1:0 22599
22601 36564 1:0 22604
22601 40009 1:0 22605
22601 40003 1:0 22610
22601 43745 1:0 22613
22601 40001 1:0 22626
22608 755 1:0 22626
22627 681 1:0 22628
22627 689 0:0 22628
22627 36564 0:0 22628
22627 39965 1:0 22775
22630 39997 1:0 22630
22630 36582 1:0 22630
22630 40000 1:0 22630
22630 39999 1:0 22631
22631 681 0:0 22639
22634 36582 0:0 22639
22638 683 1:0 22639
22641 36586 1:0 22641
22641 39998 1:0 22642
22642 683 0:0 22648
22645 36586 0:0 22648
22647 679 1:0 22648
22650 39996 1:0 22650
22650 39985 1:0 22650
22650 677 1:0 22650
22650 39990 1:0 22650
22650 36589 1:0 22651
22651 679 0:0 22676
22655 36589 0:0 22676
22678 39986 1:0 22678
22678 36607 1:0 22678
22678 36616 1:0 22678
22678 675 1:0 22678
22678 673 1:0 22678
22678 39984 1:0 22679
22678 39981 1:0 22679
22678 39977 1:0 22679
22678 39983 1:0 22679
22679 677 0:0 22714
22682 36607 0:0 22714
22710 755 21:0 22711
22710 43802 0:0 22714
22714 675 0:0 22720
22717 36616 0:0 22720
22722 36618 1:0 22723
22723 673 0:0 22730
22727 36618 0:0 22730
22729 671 1:0 22730
22732 39976 1:0 22732
22732 43802 1:0 22732
22732 39970 1:0 22733
22732 39968 1:0 22733
22732 36621 1:0 22733
22758 663 1:0 22759
22758 671 0:0 22759
22758 36621 0:0 22759
22761 39964 1:0 22761
22761 39967 1:0 22761
22761 36639 1:0 22761
22761 39966 1:0 22762
22762 663 0:0 22770
22765 36639 0:0 22770
22769 665 1:0 22770
22772 755 1:0 22772
22772 39953 1:0 22772
22772 36643 1:0 22774
22773 665 0:0 22779
22776 36643 0:0 22779
22778 661 1:0 22779
22778 36753 1:0 23019
22781 39952 1:0 22781
22781 39963 1:0 22781
22781 659 1:0 22781
22781 39957 1:0 22781
22781 36646 1:0 22782
22782 661 0:0 22807
22786 36646 0:0 22807
22809 655 1:0 22809
22809 36664 1:0 22809
22809 36673 1:0 22809
22809 657 1:0 22809
22809 39948 1:0 22810
22809 39944 1:0 22810
22809 39950 1:0 22810
22809 39951 1:0 22810
22810 659 0:0 22845
22813 36664 0:0 22845
22841 43859 0:0 22845
22845 657 0:0 22851
22848 36673 0:0 22851
22853 36675 1:0 22854
22854 655 0:0 22861
22858 36675 0:0 22861
22860 653 1:0 22861
22863 39943 1:0 22863
22863 43859 1:0 22863
22863 36678 1:0 22864
22863 39937 1:0 22864
22863 39935 1:0 22888
22876 653 0:0 22890
22876 36678 21:0 22904
22889 645 1:0 22890
22892 39931 1:0 22892
22892 36696 1:0 22892
22892 39933 1:0 22895
22892 39934 1:0 22896
22893 645 0:0 22901
22896 36696 0:0 22901
22899 43890 0:0 22901
22900 647 1:0 22901
22903 36700 1:0 22903
22903 39932 1:0 22906
22904 647 0:0 22910
22907 36700 0:0 22910
22909 643 1:0 22910
22912 39930 1:0 22912
22912 43890 1:0 22912
22912 39924 1:0 22912
22912 641 1:0 22912
22912 39919 1:0 22912
22912 36703 1:0 22913
22913 643 0:0 22938
22917 36703 0:0 22938
22940 637 1:0 22940
22940 39920 1:0 22940
22940 36730 1:0 22940
22940 36721 1:0 22940
22940 639 1:0 22940
22940 39918 1:0 22941
22940 39911 1:0 22941
22940 39915 1:0 22941
22940 39917 1:0 22941
22941 641 0:0 22976
22944 36721 0:0 22976
22972 755 21:0 22973
22972 43916 0:0 22976
22976 639 0:0 22982
22979 36730 0:0 22982
22984 36732 1:0 22985
22985 637 0:0 22992
22989 36732 0:0 22992
22991 635 1:0 22992
22994 36735 1:0 22997
22994 39910 1:0 22998
22994 39904 1:0 23003
22994 43916 1:0 23006
22994 39902 1:0 23019
23001 755 1:0 23019
23020 36735 0:0 23021
23020 635 0:0 23021
23020 627 1:0 23021
23020 39866 1:0 23168
23023 39901 1:0 23023
23023 39898 1:0 23023
23023 39900 1:0 23024
23024 627 0:0 23032
23027 36753 0:0 23032
23031 629 1:0 23032
23034 36757 1:0 23034
23034 39899 1:0 23035
23035 629 0:0 23041
23038 36757 0:0 23041
23040 625 1:0 23041
23043 39891 1:0 23043
23043 39897 1:0 23043
23043 39886 1:0 23043
23043 623 1:0 23043
23043 36760 1:0 23044
23044 625 0:0 23069
23048 36760 0:0 23069
23071 36787 1:0 23071
23071 36778 1:0 23071
23071 39887 1:0 23071
23071 621 1:0 23071
23071 619 1:0 23071
23071 39885 1:0 23072
23071 39884 1:0 23072
23071 39878 1:0 23072
23071 39882 1:0 23072
23072 623 0:0 23107
23075 36778 0:0 23107
23103 755 21:0 23104
23103 43973 0:0 23107
23107 621 0:0 23113
23110 36787 0:0 23113
23115 36789 1:0 23116
23116 619 0:0 23123
23120 36789 0:0 23123
23122 617 1:0 23123
23125 43973 1:0 23125
23125 39877 1:0 23125
23125 39871 1:0 23126
23125 36792 1:0 23126
23125 39869 1:0 23126
23151 36792 0:0 23152
23151 617 0:0 23152
23151 609 1:0 23152
23154 39865 1:0 23154
23154 36810 1:0 23154
23154 39868 1:0 23154
23154 39867 1:0 23155
23155 609 0:0 23163
23158 36810 0:0 23163
23162 611 1:0 23163
23165 755 1:0 23165
23165 36814 1:0 23167
23166 611 0:0 23172
23169 36814 0:0 23172
23171 607 1:0 23172
23171 36924 1:0 23412
23174 39853 1:0 23174
23174 605 1:0 23174
23174 39858 1:0 23174
23174 39864 1:0 23174
23174 36817 1:0 23175
23175 607 0:0 23200
23179 36817 0:0 23200
23202 36844 1:0 23202
23202 36835 1:0 23202
23202 603 1:0 23202
23202 39854 1:0 23202
23202 601 1:0 23202
23202 39845 1:0 23203
23202 39849 1:0 23203
23202 39852 1:0 23203
23202 39851 1:0 23203
23203 605 0:0 23238
23206 36835 0:0 23238
23234 44030 0:0 23238
23238 603 0:0 23244
23241 36844 0:0 23244
23246 36846 1:0 23247
23247 601 0:0 23254
23251 36846 0:0 23254
23253 599 1:0 23254
23256 44030 1:0 23256
23256 39844 1:0 23256
23256 39838 1:0 23257
23256 39836 1:0 23281
23269 36849 21:0 23297
23281 599 0:0 23283
23282 591 1:0 23283
23285 39832 1:0 23285
23285 36867 1:0 23285
23285 39834 1:0 23288
23285 39835 1:0 23289
23286 591 0:0 23294
23289 36867 0:0 23294
23292 44061 0:0 23294
23293 593 1:0 23294
23296 36871 1:0 23296
23296 39833 1:0 23299
23297 593 0:0 23303
23300 36871 0:0 23303
23302 589 1:0 23303
23305 39825 1:0 23305
23305 44061 1:0 23305
23305 39820 1:0 23305
23305 587 1:0 23305
23305 39831 1:0 23305
23305 36874 1:0 23306
23306 589 0:0 23331
23310 36874 0:0 23331
23333 585 1:0 23333
23333 39821 1:0 23333
23333 583 1:0 23333
23333 36901 1:0 23333
23333 36892 1:0 23333
23333 39819 1:0 23334
23333 39812 1:0 23334
23333 39818 1:0 23334
23333 39816 1:0 23334
23334 587 0:0 23369
23337 36892 0:0 23369
23365 755 21:0 23366
23365 44087 0:0 23369
23369 585 0:0 23375
23372 36901 0:0 23375
23377 36903 1:0 23378
23378 583 0:0 23385
23382 36903 0:0 23385
23384 581 1:0 23385
23387 36906 1:0 23390
23387 39811 1:0 23391
23387 39805 1:0 23396
23387 44087 1:0 23399
23387 39803 1:0 23412
23394 755 1:0 23412
23413 36906 0:0 23414
23413 581 0:0 23414
23413 573 1:0 23414
23413 39767 1:0 23561
23416 39799 1:0 23416
23416 39802 1:0 23416
23416 39801 1:0 23417
23417 573 0:0 23425
23420 36924 0:0 23425
23424 575 1:0 23425
23427 36928 1:0 23427
23427 39800 1:0 23428
23428 575 0:0 23434
23431 36928 0:0 23434
23433 571 1:0 23434
23436 39798 1:0 23436
23436 39787 1:0 23436
23436 39792 1:0 23436
23436 569 1:0 23436
23436 36931 1:0 23437
23437 571 0:0 23462
23441 36931 0:0 23462
23464 39788 1:0 23464
23464 36958 1:0 23464
23464 567 1:0 23464
23464 565 1:0 23464
23464 36949 1:0 23464
23464 39785 1:0 23465
23464 39786 1:0 23465
23464 39779 1:0 23465
23464 39783 1:0 23465
23465 569 0:0 23500
23468 36949 0:0 23500
23496 755 21:0 23497
23496 44144 0:0 23500
23500 567 0:0 23506
23503 36958 0:0 23506
23508 36960 1:0 23509
23509 565 0:0 23516
23513 36960 0:0 23516
23515 563 1:0 23516
23518 39778 1:0 23518
23518 44144 1:0 23518
23518 39770 1:0 23519
23518 39772 1:0 23519
23518 36963 1:0 23519
23544 563 0:0 23545
23544 555 1:0 23545
23544 36963 0:0 23545
23547 39769 1:0 23547
23547 36981 1:0 23547
23547 39766 1:0 23547
23547 39768 1:0 23548
23548 555 0:0 23556
23551 36981 0:0 23556
23555 557 1:0 23556
23558 755 1:0 23558
23558 36985 1:0 23560
23559 557 0:0 23565
23562 36985 0:0 23565
23564 553 1:0 23565
23564 37095 1:0 23805
23567 551 1:0 23567
23567 39754 1:0 23567
23567 39765 1:0 23567
23567 39759 1:0 23567
23567 36988 1:0 23568
23568 553 0:0 23593
23572 36988 0:0 23593
23595 547 1:0 23595
23595 39755 1:0 23595
23595 549 1:0 23595
23595 37015 1:0 23595
23595 37006 1:0 23595
23595 39746 1:0 23596
23595 39750 1:0 23596
23595 39752 1:0 23596
23595 39753 1:0 23596
23596 551 0:0 23631
23599 37006 0:0 23631
23627 44201 0:0 23631
23631 549 0:0 23637
23634 37015 0:0 23637
23639 37017 1:0 23640
23640 547 0:0 23647
23644 37017 0:0 23647
23646 545 1:0 23647
23649 44201 1:0 23649
23649 39745 1:0 23649
23649 39739 1:0 23650
23649 39737 1:0 23674
23662 37020 21:0 23690
23674 545 0:0 23676
23675 537 1:0 23676
23678 39733 1:0 23678
23678 37038 1:0 23678
23678 39735 1:0 23681
23678 39736 1:0 23682
23679 537 0:0 23687
23682 37038 0:0 23687
23685 44232 0:0 23687
23686 539 1:0 23687
23689 37042 1:0 23689
23689 39734 1:0 23692
23690 539 0:0 23696
23693 37042 0:0 23696
23695 535 1:0 23696
23698 44232 1:0 23698
23698 533 1:0 23698
23698 39732 1:0 23698
23698 39726 1:0 23698
23698 39721 1:0 23698
23698 37045 1:0 23699
23699 535 0:0 23724
23703 37045 0:0 23724
23726 39722 1:0 23726
23726 531 1:0 23726
23726 529 1:0 23726
23726 37063 1:0 23726
23726 37072 1:0 23726
23726 39713 1:0 23727
23726 39720 1:0 23727
23726 39719 1:0 23727
23726 39717 1:0 23727
23727 533 0:0 23762
23730 37063 0:0 23762
23758 755 21:0 23759
23758 44258 0:0 23762
23762 531 0:0 23768
23765 37072 0:0 23768
23770 37074 1:0 23771
23771 529 0:0 23778
23775 37074 0:0 23778
23777 527 1:0 23778
23780 37077 1:0 23783
23780 39712 1:0 23784
23780 39706 1:0 23789
23780 44258 1:0 23792
23780 39704 1:0 23805
23787 755 1:0 23805
23806 37077 0:0 23807
23806 519 1:0 23807
23806 527 0:0 23807
23806 39668 1:0 23954
23809 39700 1:0 23809
23809 39703 1:0 23809
23809 39702 1:0 23810
23810 519 0:0 23818
23813 37095 0:0 23818
23817 521 1:0 23818
23820 37099 1:0 23820
23820 39701 1:0 23821
23821 521 0:0 23827
23824 37099 0:0 23827
23826 517 1:0 23827
23829 39693 1:0 23829
23829 515 1:0 23829
23829 39688 1:0 23829
23829 39699 1:0 23829
23829 37102 1:0 23830
23830 517 0:0 23855
23834 37102 0:0 23855
23857 513 1:0 23857
23857 511 1:0 23857
23857 39689 1:0 23857
23857 37129 1:0 23857
23857 37120 1:0 23857
23857 39680 1:0 23858
23857 39686 1:0 23858
23857 39687 1:0 23858
23857 39684 1:0 23858
23858 515 0:0 23893
23861 37120 0:0 23893
23889 755 21:0 23890
23889 44315 0:0 23893
23893 513 0:0 23899
23896 37129 0:0 23899
23901 37131 1:0 23902
23902 511 0:0 23909
23906 37131 0:0 23909
23908 509 1:0 23909
23911 44315 1:0 23911
23911 39679 1:0 23911
23911 39673 1:0 23912
23911 37134 1:0 23912
23911 39671 1:0 23912
23937 509 0:0 23938
23937 501 1:0 23938
23937 37134 0:0 23938
23940 37152 1:0 23940
23940 39670 1:0 23940
23940 39667 1:0 23940
23940 39669 1:0 23941
23941 501 0:0 23949
23944 37152 0:0 23949
23948 503 1:0 23949
23951 37156 1:0 23953
23952 503 0:0 23958
23955 37156 0:0 23958
23957 499 1:0 23958
23960 39660 1:0 23960
23960 39655 1:0 23960
23960 497 1:0 23960
23960 39666 1:0 23960
23960 37159 1:0 23963
23961 499 0:0 23986
23965 37159 0:0 23986
23988 39656 1:0 23988
23988 495 1:0 23988
23988 493 1:0 23988
23988 37186 1:0 23988
23988 755 1:0 23988
23988 37177 1:0 23990
23988 39651 1:0 23993
23988 39653 1:0 23993
23988 39654 1:0 23993
23988 39647 1:0 24019
23989 497 0:0 24024
23992 37177 0:0 24024
24020 755 21:0 24021
24020 44372 0:0 24024
24024 495 0:0 24030
24027 37186 0:0 24030
24032 37188 1:0 24035
24033 493 0:0 24040
24037 37188 0:0 24040
24039 491 1:0 24040
24042 39646 1:0 24046
24042 39640 1:0 24051
24042 44372 1:0 24054
24042 39638 1:0 24067
24055 37191 21:0 24083
24067 491 0:0 24069
24068 483 1:0 24069
24071 37209 1:0 24071
24071 39634 1:0 24071
24071 39636 1:0 24074
24071 39637 1:0 24075
24072 483 0:0 24080
24075 37209 0:0 24080
24078 44403 0:0 24080
24079 485 1:0 24080
24082 37213 1:0 24082
24082 39635 1:0 24085
24083 485 0:0 24089
24086 37213 0:0 24089
24088 481 1:0 24089
24091 479 1:0 24091
24091 39622 1:0 24091
24091 39627 1:0 24091
24091 39633 1:0 24091
24091 37216 1:0 24091
24091 44403 1:0 24091
24092 481 0:0 24117
24096 37216 0:0 24117
24119 755 1:0 24119
24119 477 1:0 24119
24119 475 1:0 24119
24119 39623 1:0 24119
24119 37243 1:0 24119
24119 37234 1:0 24121
24119 39621 1:0 24124
24119 39620 1:0 24124
24119 39618 1:0 24124
24119 39614 1:0 24150
24120 479 0:0 24155
24123 37234 0:0 24155
24151 755 21:0 24152
24151 44429 0:0 24155
24155 477 0:0 24161
24158 37243 0:0 24161
24163 37245 1:0 24166
24164 475 0:0 24171
24168 37245 0:0 24171
24170 473 1:0 24171
24173 37248 1:0 24176
24173 39613 1:0 24177
24173 39607 1:0 24182
24173 44429 1:0 24185
24173 755 1:0 24185
24173 39605 1:0 24198
24186 37248 0:0 24200
24199 465 1:0 24200
24199 473 0:0 24200
24199 39569 1:0 24347
24202 39601 1:0 24202
24202 37266 1:0 24202
24202 39604 1:0 24202
24202 39603 1:0 24203
24206 37266 21:0 24354
24209 465 0:0 24211
24210 44473 0:0 24211
24210 467 1:0 24211
24213 37270 1:0 24213
24213 44473 1:0 24214
24213 39602 1:0 24214
24218 467 0:0 24220
24219 44475 0:0 24220
24219 463 1:0 24220
24219 37270 0:0 24220
24222 461 1:0 24222
24222 39600 1:0 24222
24222 39589 1:0 24222
24222 39594 1:0 24223
24222 44475 1:0 24223
24222 37273 1:0 24223
24247 463 0:0 24248
24247 37273 0:0 24248
24250 37291 1:0 24250
24250 39581 1:0 24251
24250 39587 1:0 24251
24250 39585 1:0 24251
24250 39588 1:0 24251
24253 39590 1:0 24253
24281 755 0:0 24283
24281 44502 0:0 24283
24282 459 1:0 24283
24285 37300 1:0 24285
24285 44502 1:0 24286
24290 459 0:0 24292
24291 37300 0:0 24292
24291 457 1:0 24292
24294 37302 1:0 24295
24300 37291 0:0 24302
24301 44486 0:0 24302
24301 455 1:0 24302
24301 457 0:0 24302
24301 461 0:0 24302
24301 37302 0:0 24302
24301 44508 0:0 24302
24304 39580 1:0 24304
24304 44486 1:0 24304
24304 39574 1:0 24305
24304 44508 1:0 24305
24304 39572 1:0 24305
24304 37305 1:0 24305
24329 37305 0:0 24331
24330 455 0:0 24331
24330 447 1:0 24331
24333 37323 1:0 24333
24333 39568 1:0 24333
24333 39571 1:0 24333
24333 39570 1:0 24334
24340 447 0:0 24342
24340 44517 0:0 24342
24341 449 1:0 24342
24341 44530 0:0 24342
24341 37323 0:0 24342
24344 37327 1:0 24346
24344 44530 1:0 24347
24349 449 0:0 24351
24350 445 1:0 24351
24350 37327 0:0 24351
24353 39567 1:0 24353
24353 39561 1:0 24353
24353 443 1:0 24353
24353 44517 1:0 24353
24353 39556 1:0 24353
24353 37330 1:0 24356
24354 445 0:0 24379
24358 37330 0:0 24379
24381 39557 1:0 24381
24381 755 1:0 24381
24381 439 1:0 24381
24381 37357 1:0 24381
24381 441 1:0 24381
24381 37348 1:0 24383
24381 39555 1:0 24386
24381 39552 1:0 24386
24381 39554 1:0 24386
24381 39548 1:0 24412
24382 443 0:0 24417
24385 37348 0:0 24417
24413 755 21:0 24414
24413 44543 0:0 24417
24417 441 0:0 24423
24420 37357 0:0 24423
24425 37359 1:0 24428
24426 439 0:0 24433
24430 37359 0:0 24433
24432 437 1:0 24433
24435 39547 1:0 24439
24435 39541 1:0 24444
24435 44543 1:0 24447
24435 39539 1:0 24460
24448 37362 21:0 24476
24460 437 0:0 24462
24461 429 1:0 24462
24464 37380 1:0 24464
24464 39535 1:0 24464
24464 39537 1:0 24467
24464 39538 1:0 24468
24465 429 0:0 24473
24468 37380 0:0 24473
24471 44574 0:0 24473
24472 431 1:0 24473
24475 37384 1:0 24475
24475 39536 1:0 24478
24476 431 0:0 24482
24479 37384 0:0 24482
24481 427 1:0 24482
24484 44574 1:0 24484
24484 39528 1:0 24484
24484 39534 1:0 24484
24484 425 1:0 24484
24484 39523 1:0 24484
24484 37387 1:0 24484
24485 427 0:0 24510
24489 37387 0:0 24510
24512 39524 1:0 24512
24512 37414 1:0 24512
24512 755 1:0 24512
24512 421 1:0 24512
24512 423 1:0 24512
24512 37405 1:0 24514
24512 39521 1:0 24517
24512 39519 1:0 24517
24512 39522 1:0 24517
24512 39515 1:0 24543
24513 425 0:0 24548
24516 37405 0:0 24548
24544 755 21:0 24545
24544 44600 0:0 24548
24548 423 0:0 24554
24551 37414 0:0 24554
24556 37416 1:0 24559
24557 421 0:0 24564
24561 37416 0:0 24564
24563 419 1:0 24564
24566 37419 1:0 24569
24566 39514 1:0 24570
24566 39508 1:0 24575
24566 44600 1:0 24578
24566 755 1:0 24578
24566 39506 1:0 24591
24579 37419 0:0 24593
24592 419 0:0 24593
24592 411 1:0 24593
24592 39470 1:0 24740
24595 37437 1:0 24595
24595 39505 1:0 24595
24595 39502 1:0 24595
24595 39504 1:0 24596
24599 37437 21:0 24747
24602 411 0:0 24604
24603 413 1:0 24604
24603 44644 0:0 24604
24606 37441 1:0 24606
24606 39503 1:0 24607
24606 44644 1:0 24607
24611 413 0:0 24613
24612 409 1:0 24613
24612 44646 0:0 24613
24612 37441 0:0 24613
24615 39501 1:0 24615
24615 39490 1:0 24615
24615 407 1:0 24615
24615 39495 1:0 24616
24615 37444 1:0 24616
24615 44646 1:0 24616
24640 37444 0:0 24641
24640 409 0:0 24641
24643 37462 1:0 24643
24643 39489 1:0 24644
24643 39486 1:0 24644
24643 39488 1:0 24644
24643 39482 1:0 24644
24646 39491 1:0 24646
24674 44673 0:0 24676
24674 755 0:0 24676
24675 405 1:0 24676
24678 37471 1:0 24678
24678 44673 1:0 24679
24683 405 0:0 24685
24684 403 1:0 24685
24684 37471 0:0 24685
24687 37473 1:0 24688
24693 37462 0:0 24695
24694 401 1:0 24695
24694 403 0:0 24695
24694 407 0:0 24695
24694 37473 0:0 24695
24694 44657 0:0 24695
24694 44679 0:0 24695
24697 39481 1:0 24697
24697 44657 1:0 24697
24697 37476 1:0 24698
24697 44679 1:0 24698
24697 39473 1:0 24698
24697 39475 1:0 24698
24722 37476 0:0 24724
24723 401 0:0 24724
24723 393 1:0 24724
24726 39472 1:0 24726
24726 39469 1:0 24726
24726 37494 1:0 24726
24726 39471 1:0 24727
24733 44688 0:0 24735
24733 393 0:0 24735
24734 44701 0:0 24735
24734 395 1:0 24735
24734 37494 0:0 24735
24737 37498 1:0 24739
24737 44701 1:0 24740
24742 395 0:0 24744
24743 391 1:0 24744
24743 37498 0:0 24744
24746 39457 1:0 24746
24746 39468 1:0 24746
24746 39462 1:0 24746
24746 44688 1:0 24746
24746 389 1:0 24746
24746 37501 1:0 24749
24747 391 0:0 24772
24751 37501 0:0 24772
24774 37528 1:0 24774
24774 755 1:0 24774
24774 387 1:0 24774
24774 39458 1:0 24774
24774 385 1:0 24774
24774 37519 1:0 24776
24774 39455 1:0 24779
24774 39456 1:0 24779
24774 39453 1:0 24779
24774 39449 1:0 24805
24775 389 0:0 24810
24778 37519 0:0 24810
24806 755 21:0 24807
24806 44714 0:0 24810
24810 387 0:0 24816
24813 37528 0:0 24816
24818 37530 1:0 24821
24819 385 0:0 24826
24823 37530 0:0 24826
24825 383 1:0 24826
24828 37533 1:0 24831
24828 39448 1:0 24832
24828 39442 1:0 24837
24828 44714 1:0 24840
24828 39440 1:0 24853
24854 375 1:0 24855
24854 383 0:0 24855
24854 37533 0:0 24855
24857 37551 1:0 24857
24857 39436 1:0 24857
24857 39438 1:0 24860
24857 39439 1:0 24861
24858 375 0:0 24866
24861 37551 0:0 24866
24865 377 1:0 24866
24868 37555 1:0 24868
24868 39437 1:0 24871
24869 377 0:0 24875
24872 37555 0:0 24875
24874 373 1:0 24875
24877 39429 1:0 24877
24877 39435 1:0 24877
24877 39424 1:0 24877
24877 37558 1:0 24877
24877 371 1:0 24877
24878 373 0:0 24903
24882 37558 0:0 24903
24905 367 1:0 24905
24905 755 1:0 24905
24905 37585 1:0 24905
24905 369 1:0 24905
24905 39425 1:0 24905
24905 37576 1:0 24907
24905 39420 1:0 24910
24905 39423 1:0 24910
24905 39422 1:0 24910
24905 39416 1:0 24936
24906 371 0:0 24941
24909 37576 0:0 24941
24937 755 21:0 24938
24937 44771 0:0 24941
24941 369 0:0 24947
24944 37585 0:0 24947
24949 37587 1:0 24952
24950 367 0:0 24957
24954 37587 0:0 24957
24956 365 1:0 24957
24959 37590 1:0 24962
24959 39415 1:0 24963
24959 39409 1:0 24968
24959 44771 1:0 24971
24959 755 1:0 24971
24959 39407 1:0 24984
24972 37590 0:0 24986
24985 365 0:0 24986
24985 357 1:0 24986
24985 39371 1:0 25133
24988 37608 1:0 24988
24988 39403 1:0 24988
24988 39406 1:0 24988
24988 39405 1:0 24989
24992 37608 21:0 25140
24995 357 0:0 24997
24996 359 1:0 24997
24996 44815 0:0 24997
24999 37612 1:0 24999
24999 44815 1:0 25000
24999 39404 1:0 25000
25004 359 0:0 25006
25005 355 1:0 25006
25005 44817 0:0 25006
25005 37612 0:0 25006
25008 39402 1:0 25008
25008 353 1:0 25008
25008 39391 1:0 25008
25008 39396 1:0 25009
25008 37615 1:0 25009
25008 44817 1:0 25009
25033 37615 0:0 25034
25033 355 0:0 25034
25036 37633 1:0 25036
25036 39390 1:0 25037
25036 39383 1:0 25037
25036 39387 1:0 25037
25036 39389 1:0 25037
25039 39392 1:0 25039
25067 44844 0:0 25069
25067 755 0:0 25069
25068 351 1:0 25069
25071 37642 1:0 25071
25071 44844 1:0 25072
25076 351 0:0 25078
25077 37642 0:0 25078
25077 349 1:0 25078
25080 37644 1:0 25081
25086 37633 0:0 25088
25087 353 0:0 25088
25087 349 0:0 25088
25087 44850 0:0 25088
25087 44828 0:0 25088
25087 37644 0:0 25088
25087 347 1:0 25088
25090 39382 1:0 25090
25090 44828 1:0 25090
25090 37647 1:0 25091
25090 39374 1:0 25091
25090 44850 1:0 25091
25090 39376 1:0 25091
25115 37647 0:0 25117
25116 339 1:0 25117
25116 347 0:0 25117
25119 39370 1:0 25119
25119 37665 1:0 25119
25119 39373 1:0 25119
25119 39372 1:0 25120
25126 339 0:0 25128
25126 44859 0:0 25128
25127 341 1:0 25128
25127 37665 0:0 25128
25127 44872 0:0 25128
25130 37669 1:0 25132
25130 44872 1:0 25133
25135 341 0:0 25137
25136 337 1:0 25137
25136 37669 0:0 25137
25139 44859 1:0 25139
25139 39369 1:0 25139
25139 335 1:0 25139
25139 39363 1:0 25139
25139 39358 1:0 25139
25139 37672 1:0 25142
25140 337 0:0 25165
25144 37672 0:0 25165
25167 333 1:0 25167
25167 39359 1:0 25167
25167 755 1:0 25167
25167 37699 1:0 25167
25167 331 1:0 25167
25167 37690 1:0 25169
25167 39356 1:0 25172
25167 39354 1:0 25172
25167 39357 1:0 25172
25167 39350 1:0 25198
25168 335 0:0 25203
25171 37690 0:0 25203
25199 755 21:0 25200
25199 44885 0:0 25203
25203 333 0:0 25209
25206 37699 0:0 25209
25211 37701 1:0 25214
25212 331 0:0 25219
25216 37701 0:0 25219
25218 329 1:0 25219
25221 37704 1:0 25224
25221 39349 1:0 25225
25221 39343 1:0 25230
25221 44885 1:0 25233
25221 39341 1:0 25246
25247 321 1:0 25248
25247 329 0:0 25248
25247 37704 0:0 25248
25250 37722 1:0 25252
25250 39337 1:0 25253
25250 39339 1:0 25253
25250 39340 1:0 25254
25251 321 0:0 25259
25254 37722 0:0 25259
25258 323 1:0 25259
25261 37726 1:0 25263
25261 39338 1:0 25264
25262 323 0:0 25268
25265 37726 0:0 25268
25267 319 1:0 25268
25270 317 1:0 25270
25270 37729 1:0 25273
25270 39325 1:0 25274
25270 39336 1:0 25274
25270 39330 1:0 25274
25271 319 0:0 25296
25275 37729 0:0 25296
25298 313 1:0 25298
25298 37756 1:0 25298
25298 755 1:0 25298
25298 39326 1:0 25298
25298 315 1:0 25298
25298 37747 1:0 25300
25298 39324 1:0 25303
25298 39323 1:0 25303
25298 39321 1:0 25303
25298 39317 1:0 25329
25299 317 0:0 25334
25302 37747 0:0 25334
25330 755 21:0 25331
25330 44942 0:0 25334
25334 315 0:0 25340
25337 37756 0:0 25340
25342 37758 1:0 25345
25343 313 0:0 25350
25347 37758 0:0 25350
25349 311 1:0 25350
25352 37761 1:0 25355
25352 39316 1:0 25356
25352 39310 1:0 25361
25352 755 1:0 25364
25352 44942 1:0 25364
25352 39308 1:0 25377
25365 37761 0:0 25379
25378 311 0:0 25379
25378 303 1:0 25379
25378 39272 1:0 25526
25381 39307 1:0 25381
25381 37779 1:0 25381
25381 39306 1:0 25382
25381 39304 1:0 25382
25385 37779 21:0 25533
25388 303 0:0 25390
25389 44986 0:0 25390
25389 305 1:0 25390
25392 37783 1:0 25392
25392 44986 1:0 25393
25392 39305 1:0 25393
25397 305 0:0 25399
25398 44988 0:0 25399
25398 37783 0:0 25399
25398 301 1:0 25399
25401 299 1:0 25401
25401 39292 1:0 25401
25401 39303 1:0 25401
25401 37786 1:0 25402
25401 39297 1:0 25402
25401 44988 1:0 25402
25426 37786 0:0 25427
25426 301 0:0 25427
25429 37804 1:0 25429
25429 39290 1:0 25430
25429 39291 1:0 25430
25429 39288 1:0 25430
25429 39284 1:0 25430
25432 39293 1:0 25432
25460 755 0:0 25462
25460 45015 0:0 25462
25461 297 1:0 25462
25464 37813 1:0 25464
25464 45015 1:0 25465
25469 297 0:0 25471
25470 37813 0:0 25471
25470 295 1:0 25471
25473 37815 1:0 25474
25479 37804 0:0 25481
25480 295 0:0 25481
25480 293 1:0 25481
25480 299 0:0 25481
25480 37815 0:0 25481
25480 44999 0:0 25481
25480 45021 0:0 25481
25483 39283 1:0 25483
25483 44999 1:0 25483
25483 37818 1:0 25484
25483 45021 1:0 25484
25483 39275 1:0 25484
25483 39277 1:0 25484
25508 37818 0:0 25510
25509 285 1:0 25510
25509 293 0:0 25510
25512 39274 1:0 25512
25512 37836 1:0 25512
25512 39273 1:0 25513
25512 39271 1:0 25513
25519 285 0:0 25521
25519 45030 0:0 25521
25520 37836 0:0 25521
25520 45043 0:0 25521
25520 287 1:0 25521
25523 37840 1:0 25525
25523 45043 1:0 25526
25528 287 0:0 25530
25529 37840 0:0 25530
25529 283 1:0 25530
25532 45030 1:0 25532
25532 281 1:0 25532
25532 37843 1:0 25535
25532 39270 1:0 25536
25532 39264 1:0 25536
25532 39259 1:0 25536
25533 283 0:0 25558
25537 37843 0:0 25558
25560 755 1:0 25560
25560 37870 1:0 25560
25560 39260 1:0 25560
25560 277 1:0 25560
25560 279 1:0 25560
25560 37861 1:0 25562
25560 39257 1:0 25565
25560 39255 1:0 25565
25560 39258 1:0 25565
25560 39251 1:0 25591
25561 281 0:0 25596
25564 37861 0:0 25596
25592 755 21:0 25593
25592 45056 0:0 25596
25596 279 0:0 25602
25599 37870 0:0 25602
25604 37872 1:0 25607
25605 277 0:0 25612
25609 37872 0:0 25612
25611 275 1:0 25612
25614 37875 1:0 25617
25614 39250 1:0 25618
25614 39244 1:0 25623
25614 45056 1:0 25626
25614 39242 1:0 25639
25640 275 0:0 25641
25640 267 1:0 25641
25640 37875 0:0 25641
25643 37893 1:0 25645
25643 39238 1:0 25646
25643 39240 1:0 25646
25643 39241 1:0 25647
25644 267 0:0 25652
25647 37893 0:0 25652
25651 269 1:0 25652
25654 37897 1:0 25656
25654 39239 1:0 25657
25655 269 0:0 25661
25658 37897 0:0 25661
25660 265 1:0 25661
25663 263 1:0 25663
25663 37900 1:0 25666
25663 39226 1:0 25667
25663 39237 1:0 25667
25663 39231 1:0 25667
25664 265 0:0 25689
25668 37900 0:0 25689
25691 259 1:0 25691
25691 261 1:0 25691
25691 37927 1:0 25691
25691 755 1:0 25691
25691 39227 1:0 25691
25691 37918 1:0 25693
25691 39224 1:0 25696
25691 39222 1:0 25696
25691 39225 1:0 25696
25691 39218 1:0 25722
25692 263 0:0 25727
25695 37918 0:0 25727
25723 755 21:0 25724
25723 45113 0:0 25727
25727 261 0:0 25733
25730 37927 0:0 25733
25735 37929 1:0 25738
25736 259 0:0 25743
25740 37929 0:0 25743
25742 257 1:0 25743
25745 37932 1:0 25748
25745 39217 1:0 25749
25745 39211 1:0 25754
25745 755 1:0 25757
25745 45113 1:0 25757
25745 39209 1:0 25770
25758 37932 0:0 25772
25771 249 1:0 25772
25771 257 0:0 25772
25771 39173 1:0 25919
25774 37950 1:0 25774
25774 39208 1:0 25774
25774 39205 1:0 25775
25774 39207 1:0 25775
25778 37950 21:0 25926
25781 249 0:0 25783
25782 45157 0:0 25783
25782 251 1:0 25783
25785 37954 1:0 25785
25785 45157 1:0 25786
25785 39206 1:0 25786
25790 251 0:0 25792
25791 45159 0:0 25792
25791 37954 0:0 25792
25791 247 1:0 25792
25794 39193 1:0 25794
25794 39204 1:0 25794
25794 245 1:0 25794
25794 37957 1:0 25795
25794 45159 1:0 25795
25794 39198 1:0 25795
25819 37957 0:0 25820
25819 247 0:0 25820
25822 37975 1:0 25822
25822 39185 1:0 25823
25822 39189 1:0 25823
25822 39191 1:0 25823
25822 39192 1:0 25823
25825 39194 1:0 25825
25853 45186 0:0 25855
25853 755 0:0 25855
25854 243 1:0 25855
25857 37984 1:0 25857
25857 45186 1:0 25858
25862 243 0:0 25864
25863 241 1:0 25864
25863 37984 0:0 25864
25866 37986 1:0 25867
25872 37975 0:0 25874
25873 45170 0:0 25874
25873 241 0:0 25874
25873 45192 0:0 25874
25873 245 0:0 25874
25873 239 1:0 25874
25873 37986 0:0 25874
25876 45170 1:0 25876
25876 39184 1:0 25876
25876 37989 1:0 25877
25876 45192 1:0 25877
25876 39176 1:0 25877
25876 39178 1:0 25877
25901 37989 0:0 25903
25902 239 0:0 25903
25902 231 1:0 25903
25905 39175 1:0 25905
25905 38007 1:0 25905
25905 39174 1:0 25906
25905 39172 1:0 25906
25912 45201 0:0 25914
25912 231 0:0 25914
25913 233 1:0 25914
25913 38007 0:0 25914
25913 45214 0:0 25914
25916 38011 1:0 25918
25916 45214 1:0 25919
25921 233 0:0 25923
25922 229 1:0 25923
25922 38011 0:0 25923
25925 45201 1:0 25925
25925 227 1:0 25925
25925 38014 1:0 25928
25925 39165 1:0 25929
25925 39171 1:0 25929
25925 39160 1:0 25929
25926 229 0:0 25951
25930 38014 0:0 25951
25953 39161 1:0 25953
25953 755 1:0 25953
25953 225 1:0 25953
25953 38041 1:0 25953
25953 223 1:0 25953
25953 38032 1:0 25955
25953 39159 1:0 25958
25953 39156 1:0 25958
25953 39158 1:0 25958
25953 39152 1:0 25984
25954 227 0:0 25989
25957 38032 0:0 25989
25985 755 21:0 25986
25985 45227 0:0 25989
25989 225 0:0 25995
25992 38041 0:0 25995
25997 38043 1:0 26000
25998 223 0:0 26005
26002 38043 0:0 26005
26004 221 1:0 26005
26007 38046 1:0 26010
26007 39151 1:0 26011
26007 39145 1:0 26016
26007 45227 1:0 26019
26007 39143 1:0 26032
26033 213 1:0 26034
26033 38046 0:0 26034
26033 221 0:0 26034
26036 38064 1:0 26038
26036 39139 1:0 26039
26036 39141 1:0 26039
26036 39142 1:0 26040
26037 213 0:0 26045
26040 38064 0:0 26045
26044 215 1:0 26045
26047 38068 1:0 26049
26047 39140 1:0 26050
26048 215 0:0 26054
26051 38068 0:0 26054
26053 211 1:0 26054
26056 209 1:0 26056
26056 38071 1:0 26059
26056 39132 1:0 26060
26056 39127 1:0 26060
26056 39138 1:0 26060
26057 211 0:0 26082
26061 38071 0:0 26082
26084 39128 1:0 26084
26084 205 1:0 26084
26084 207 1:0 26084
26084 755 1:0 26084
26084 38098 1:0 26084
26084 38089 1:0 26086
26084 39125 1:0 26089
26084 39123 1:0 26089
26084 39126 1:0 26089
26084 39119 1:0 26115
26085 209 0:0 26120
26088 38089 0:0 26120
26116 755 21:0 26117
26116 45284 0:0 26120
26120 207 0:0 26126
26123 38098 0:0 26126
26128 38100 1:0 26131
26129 205 0:0 26136
26133 38100 0:0 26136
26135 203 1:0 26136
26138 38103 1:0 26141
26138 39118 1:0 26142
26138 39112 1:0 26147
26138 45284 1:0 26150
26138 755 1:0 26150
26138 39110 1:0 26163
26151 38103 0:0 26165
26164 195 1:0 26165
26164 203 0:0 26165
26164 39074 1:0 26312
26167 38121 1:0 26167
26167 39109 1:0 26167
26167 39106 1:0 26168
26167 39108 1:0 26168
26171 38121 21:0 26319
26174 195 0:0 26176
26175 45328 0:0 26176
26175 197 1:0 26176
26178 38125 1:0 26178
26178 45328 1:0 26179
26178 39107 1:0 26179
26183 197 0:0 26185
26184 45330 0:0 26185
26184 193 1:0 26185
26184 38125 0:0 26185
26187 39094 1:0 26187
26187 191 1:0 26187
26187 39105 1:0 26187
26187 39099 1:0 26188
26187 38128 1:0 26188
26187 45330 1:0 26188
26212 193 0:0 26213
26212 38128 0:0 26213
26215 38146 1:0 26215
26215 39086 1:0 26216
26215 39090 1:0 26216
26215 39093 1:0 26216
26215 39092 1:0 26216
26218 39095 1:0 26218
26246 755 0:0 26248
26246 45357 0:0 26248
26247 189 1:0 26248
26250 38155 1:0 26250
26250 45357 1:0 26251
26255 189 0:0 26257
26256 38155 0:0 26257
26256 187 1:0 26257
26259 38157 1:0 26260
26265 38146 0:0 26267
26266 45341 0:0 26267
26266 38157 0:0 26267
26266 191 0:0 26267
26266 185 1:0 26267
26266 45363 0:0 26267
26266 187 0:0 26267
26269 39085 1:0 26269
26269 45341 1:0 26269
26269 38160 1:0 26270
26269 39079 1:0 26270
26269 45363 1:0 26270
26269 39077 1:0 26270
26294 38160 0:0 26296
26295 177 1:0 26296
26295 185 0:0 26296
26298 38178 1:0 26298
26298 39076 1:0 26298
26298 39075 1:0 26299
26298 39073 1:0 26299
26305 177 0:0 26307
26305 45372 0:0 26307
26306 38178 0:0 26307
26306 179 1:0 26307
26306 45385 0:0 26307
26309 38182 1:0 26311
26309 45385 1:0 26312
26314 179 0:0 26316
26315 175 1:0 26316
26315 38182 0:0 26316
26318 45372 1:0 26318
26318 173 1:0 26318
26318 38185 1:0 26321
26318 39061 1:0 26322
26318 39072 1:0 26322
26318 39066 1:0 26322
26319 175 0:0 26344
26323 38185 0:0 26344
26346 38212 1:0 26346
26346 169 1:0 26346
26346 171 1:0 26346
26346 39062 1:0 26346
26346 755 1:0 26346
26346 38203 1:0 26348
26346 39060 1:0 26351
26346 39057 1:0 26351
26346 39059 1:0 26351
26346 39053 1:0 26377
26347 173 0:0 26382
26350 38203 0:0 26382
26378 755 21:0 26379
26378 45398 0:0 26382
26382 171 0:0 26388
26385 38212 0:0 26388
26390 38214 1:0 26393
26391 169 0:0 26398
26395 38214 0:0 26398
26397 167 1:0 26398
26400 38217 1:0 26403
26400 39052 1:0 26404
26400 39046 1:0 26409
26400 45398 1:0 26412
26400 39044 1:0 26425
26426 167 0:0 26427
26426 38217 0:0 26427
26426 159 1:0 26427
26429 38235 1:0 26431
26429 39040 1:0 26432
26429 39042 1:0 26432
26429 39043 1:0 26433
26430 159 0:0 26438
26433 38235 0:0 26438
26437 161 1:0 26438
26440 38239 1:0 26442
26440 39041 1:0 26443
26441 161 0:0 26447
26444 38239 0:0 26447
26446 157 1:0 26447
26449 38242 1:0 26452
26449 39033 1:0 26453
26449 39039 1:0 26453
26449 39028 1:0 26453
26450 157 0:0 26475
26454 38242 0:0 26475
26474 155 1:0 26475
26477 38269 1:0 26477
26477 755 1:0 26477
26477 39029 1:0 26477
26477 153 1:0 26477
26477 151 1:0 26477
26477 38260 1:0 26479
26477 39026 1:0 26482
26477 39024 1:0 26482
26477 39027 1:0 26482
26477 39020 1:0 26508
26478 155 0:0 26513
26481 38260 0:0 26513
26509 755 21:0 26510
26509 45455 0:0 26513
26513 153 0:0 26519
26516 38269 0:0 26519
26521 38271 1:0 26524
26522 151 0:0 26529
26526 38271 0:0 26529
26528 149 1:0 26529
26531 38274 1:0 26534
26531 39019 1:0 26535
26531 39013 1:0 26540
26531 755 1:0 26543
26531 45455 1:0 26543
26531 39011 1:0 26556
26544 38274 0:0 26558
26557 141 1:0 26558
26557 149 0:0 26558
26557 38975 1:0 26705
26560 38292 1:0 26560
26560 39010 1:0 26560
26560 39009 1:0 26561
26560 39007 1:0 26561
26564 38292 21:0 26712
26567 141 0:0 26569
26568 143 1:0 26569
26568 45499 0:0 26569
26571 38296 1:0 26571
26571 39008 1:0 26572
26571 45499 1:0 26572
26576 143 0:0 26578
26577 38296 0:0 26578
26577 45501 0:0 26578
26577 139 1:0 26578
26580 39006 1:0 26580
26580 38995 1:0 26580
26580 38299 1:0 26581
26580 45501 1:0 26581
26580 39000 1:0 26581
26605 139 0:0 26606
26605 38299 0:0 26606
26605 137 1:0 26606
26608 38317 1:0 26608
26608 38993 1:0 26609
26608 38991 1:0 26609
26608 38994 1:0 26609
26608 38987 1:0 26609
26611 38996 1:0 26611
26639 45528 0:0 26641
26639 755 0:0 26641
26640 135 1:0 26641
26643 38326 1:0 26643
26643 45528 1:0 26644
26648 135 0:0 26650
26649 133 1:0 26650
26649 38326 0:0 26650
26652 38328 1:0 26653
26658 38317 0:0 26660
26659 38328 0:0 26660
26659 45512 0:0 26660
26659 45534 0:0 26660
26659 131 1:0 26660
26659 133 0:0 26660
26659 137 0:0 26660
26662 38986 1:0 26662
26662 45512 1:0 26662
26662 38978 1:0 26663
26662 45534 1:0 26663
26662 38331 1:0 26663
26662 38980 1:0 26663
26687 38331 0:0 26689
26688 131 0:0 26689
26688 123 1:0 26689
26691 38349 1:0 26691
26691 38977 1:0 26691
26691 38974 1:0 26692
26691 38976 1:0 26692
26698 45543 0:0 26700
26698 123 0:0 26700
26699 125 1:0 26700
26699 45556 0:0 26700
26699 38349 0:0 26700
26702 38353 1:0 26704
26702 45556 1:0 26705
26707 125 0:0 26709
26708 38353 0:0 26709
26708 121 1:0 26709
26711 45543 1:0 26711
26711 38356 1:0 26714
26711 38962 1:0 26715
26711 38973 1:0 26715
26711 38967 1:0 26715
26712 121 0:0 26737
26716 38356 0:0 26737
26736 119 1:0 26737
26739 38383 1:0 26739
26739 755 1:0 26739
26739 115 1:0 26739
26739 117 1:0 26739
26739 38963 1:0 26739
26739 38374 1:0 26741
26739 38960 1:0 26744
26739 38961 1:0 26744
26739 38958 1:0 26744
26739 38954 1:0 26770
26740 119 0:0 26775
26743 38374 0:0 26775
26771 755 21:0 26772
26771 45569 0:0 26775
26775 117 0:0 26781
26778 38383 0:0 26781
26783 38385 1:0 26786
26784 115 0:0 26791
26788 38385 0:0 26791
26790 113 1:0 26791
26793 38388 1:0 26796
26793 38953 1:0 26797
26793 38947 1:0 26802
26793 45569 1:0 26805
26793 38945 1:0 26818
26819 38388 0:0 26820
26819 105 1:0 26820
26819 113 0:0 26820
26822 38406 1:0 26824
26822 38941 1:0 26825
26822 38943 1:0 26825
26822 38944 1:0 26826
26823 105 0:0 26831
26826 38406 0:0 26831
26830 107 1:0 26831
26833 38410 1:0 26835
26833 38942 1:0 26836
26834 107 0:0 26840
26837 38410 0:0 26840
26839 103 1:0 26840
26842 38413 1:0 26845
26842 38934 1:0 26846
26842 38940 1:0 26846
26842 38929 1:0 26846
26843 103 0:0 26868
26847 38413 0:0 26868
26867 101 1:0 26868
26870 38930 1:0 26870
26870 755 1:0 26870
26870 97 1:0 26870
26870 99 1:0 26870
26870 38440 1:0 26870
26870 38431 1:0 26872
26870 38925 1:0 26875
26870 38928 1:0 26875
26870 38927 1:0 26875
26870 38921 1:0 26901
26871 101 0:0 26906
26874 38431 0:0 26906
26902 755 21:0 26903
26902 45626 0:0 26906
26906 99 0:0 26912
26909 38440 0:0 26912
26914 38442 1:0 26917
26915 97 0:0 26922
26919 38442 0:0 26922
26921 95 1:0 26922
26924 38445 1:0 26927
26924 38920 1:0 26928
26924 38914 1:0 26933
26924 45626 1:0 26936
26924 755 1:0 26936
26924 38912 1:0 26949
26937 38445 0:0 26951
26950 95 0:0 26951
26950 87 1:0 26951
26950 38876 1:0 27098
26953 38463 1:0 26953
26953 38911 1:0 26953
26953 38908 1:0 26954
26953 38910 1:0 26954
26957 38463 21:0 27105
26960 87 0:0 26962
26961 89 1:0 26962
26961 45670 0:0 26962
26964 38467 1:0 26964
26964 45670 1:0 26965
26964 38909 1:0 26965
26969 89 0:0 26971
26970 38467 0:0 26971
26970 45672 0:0 26971
26970 85 1:0 26971
26973 38896 1:0 26973
26973 38907 1:0 26973
26973 38901 1:0 26974
26973 45672 1:0 26974
26973 38470 1:0 26974
26998 83 1:0 26999
26998 38470 0:0 26999
26998 85 0:0 26999
27001 38488 1:0 27001
27001 38895 1:0 27002
27001 38888 1:0 27002
27001 38892 1:0 27002
27001 38894 1:0 27002
27004 38897 1:0 27004
27032 45699 0:0 27034
27032 755 0:0 27034
27033 81 1:0 27034
27036 38497 1:0 27036
27036 45699 1:0 27037
27041 81 0:0 27043
27042 79 1:0 27043
27042 38497 0:0 27043
27045 38499 1:0 27046
27051 38488 0:0 27053
27052 45683 0:0 27053
27052 45705 0:0 27053
27052 79 0:0 27053
27052 83 0:0 27053
27052 77 1:0 27053
27052 38499 0:0 27053
27055 45683 1:0 27055
27055 38887 1:0 27055
27055 38879 1:0 27056
27055 38502 1:0 27056
27055 45705 1:0 27056
27055 38881 1:0 27056
27080 38502 0:0 27082
27081 77 0:0 27082
27081 69 1:0 27082
27084 38520 1:0 27084
27084 38878 1:0 27084
27084 38877 1:0 27085
27084 38875 1:0 27085
27091 69 0:0 27093
27091 45714 0:0 27093
27092 38520 0:0 27093
27092 71 1:0 27093
27092 45727 0:0 27093
27095 38524 1:0 27097
27095 45727 1:0 27098
27100 71 0:0 27102
27101 67 1:0 27102
27101 38524 0:0 27102
27104 45714 1:0 27104
27104 38527 1:0 27107
27104 38863 1:0 27108
27104 38874 1:0 27108
27104 38868 1:0 27108
27105 67 0:0 27130
27109 38527 0:0 27130
27129 65 1:0 27130
27132 38545 1:0 27134
27132 63 1:0 27135
27132 61 1:0 27135
27132 38861 1:0 27137
27132 38862 1:0 27137
27132 38859 1:0 27137
27132 38855 1:0 27163
27135 755 1:0 27135
27135 38864 1:0 27135
27136 38545 0:0 27168
27136 65 0:0 27168
27154 45740 0:0 27168
27155 755 21:0 27165
27167 38554 1:0 27169
27168 63 0:0 27174
27171 38554 0:0 27174
27176 38556 1:0 27179
27177 61 0:0 27184
27181 38556 0:0 27184
27183 59 1:0 27184
27186 38559 1:0 27189
27186 38854 1:0 27190
27186 38848 1:0 27195
27186 45740 1:0 27198
27186 38846 1:0 27211
27212 59 0:0 27213
27212 51 1:0 27213
27212 38559 0:0 27213
27215 38577 1:0 27217
27215 38842 1:0 27218
27215 38844 1:0 27218
27215 38845 1:0 27219
27216 51 0:0 27224
27219 38577 0:0 27224
27223 53 1:0 27224
27226 38581 1:0 27228
27226 38843 1:0 27229
27227 53 0:0 27233
27230 38581 0:0 27233
27232 49 1:0 27233
27235 38584 1:0 27238
27235 38841 1:0 27239
27235 38830 1:0 27239
27235 38835 1:0 27239
27236 49 0:0 27261
27240 38584 0:0 27261
27260 47 1:0 27261
27263 38602 1:0 27265
27263 43 1:0 27266
27263 755 1:0 27266
27263 45 1:0 27266
27263 38611 1:0 27266
27263 38826 1:0 27268
27263 38829 1:0 27268
27263 38828 1:0 27268
27263 38822 1:0 27294
27266 38831 1:0 27266
27267 38602 0:0 27299
27267 47 0:0 27299
27295 755 21:0 27296
27295 45797 0:0 27299
27299 45 0:0 27305
27302 38611 0:0 27305
27307 38613 1:0 27310
27308 43 0:0 27315
27312 38613 0:0 27315
27314 41 1:0 27315
27317 38616 1:0 27320
27317 38821 1:0 27321
27317 38815 1:0 27326
27317 755 1:0 27329
27317 45797 1:0 27329
27317 38813 1:0 27342
27330 38616 0:0 27344
27343 33 1:0 27344
27343 41 0:0 27344
27343 38777 1:0 27491
27346 38634 1:0 27346
27346 38812 1:0 27346
27346 38809 1:0 27347
27346 38811 1:0 27347
27350 38634 21:0 27498
27353 33 0:0 27355
27354 45841 0:0 27355
27354 35 1:0 27355
27357 38638 1:0 27357
27357 45841 1:0 27358
27357 38810 1:0 27358
27362 35 0:0 27364
27363 31 1:0 27364
27363 38638 0:0 27364
27363 45843 0:0 27364
27366 38802 1:0 27366
27366 38797 1:0 27366
27366 38808 1:0 27366
27366 45843 1:0 27367
27366 38641 1:0 27367
27371 38641 0:0 27392
27391 29 1:0 27392
27391 31 0:0 27392
27394 38659 1:0 27394
27394 38796 1:0 27395
27394 38795 1:0 27395
27394 38793 1:0 27395
27394 38789 1:0 27395
27397 38798 1:0 27397
27425 45870 0:0 27427
27425 755 0:0 27427
27426 27 1:0 27427
27429 38668 1:0 27429
27429 45870 1:0 27430
27434 27 0:0 27436
27435 38668 0:0 27436
27435 25 1:0 27436
27438 38670 1:0 27439
27444 38659 0:0 27446
27445 23 1:0 27446
27445 38670 0:0 27446
27445 25 0:0 27446
27445 29 0:0 27446
27445 45876 0:0 27446
27445 45854 0:0 27446
27448 45854 1:0 27448
27448 38788 1:0 27448
27448 38780 1:0 27449
27448 45876 1:0 27449
27448 38673 1:0 27449
27448 38782 1:0 27449
27473 38673 0:0 27475
27474 23 0:0 27475
27474 15 1:0 27475
27477 38691 1:0 27477
27477 38779 1:0 27477
27477 38776 1:0 27478
27477 38778 1:0 27478
27481 38691 0:0 27486
27484 45885 0:0 27486
27484 15 0:0 27486
27485 17 1:0 27486
27485 45898 0:0 27486
27488 38695 1:0 27490
27488 45898 1:0 27491
27492 38695 0:0 27495
27493 17 0:0 27495
27494 13 1:0 27495
27497 45885 1:0 27497
27497 38698 1:0 27500
27497 38775 1:0 27501
27497 38764 1:0 27501
27497 38748 1:0 27501
27497 38769 1:0 27501
27498 13 0:0 27523
27502 38698 0:0 27523
27522 11 1:0 27523
27522 38727 1:0 27528
27525 38716 1:0 27527
27525 9 1:0 27528
27525 38762 1:0 27530
27525 38760 1:0 27530
27525 38763 1:0 27530
27525 38756 1:0 27556
27528 755 1:0 27528
27528 38765 1:0 27528
27529 45911 0:0 27561
27529 38716 0:0 27561
27529 11 0:0 27561
27548 755 21:0 27558
27560 38725 1:0 27562
27561 9 0:0 27567
27564 38725 0:0 27567
27566 7 1:0 27567
27574 38727 21:0 27580
27576 5 1:0 27577
27579 38730 1:0 27582
27579 3 1:0 27583
27579 755 1:0 27583
27579 38755 1:0 27583
27579 45911 1:0 27583
27579 38749 1:0 27588
27584 38730 0:0 27617
27605 38748 21:0 27669
27608 755 0:0 27609
27614 45959 0:0 27617
27616 13 1:0 27616
27616 9 1:0 27616
27616 11 1:0 27616
27616 3 0:0 27617
27617 5 0:0 27625
27623 7 0:0 27625
27624 755 1:0 27624
27625 45960 0:0 27653
27643 755 0:0 27644
27651 9 0:0 27653
27652 45953 0:0 27653
27653 45964 0:0 27658
27653 45967 0:0 27658
27653 45966 0:0 27658
27657 45953 1:0 27657
27657 45969 0:0 27658
27658 11 0:0 27669
27658 45968 0:0 27669
27660 45953 0:0 27669
27666 45979 0:0 27669
27668 17 1:0 27670
27671 45981 21:0 27897
27672 13 0:0 27674
27673 15 1:0 27675
27678 17 0:0 27679
27678 45983 0:0 27679
27678 45980 0:0 27679
27678 45982 0:0 27679
27678 23 1:0 27689
27678 29 1:0 27690
27678 31 1:0 27690
27680 755 1:0 27682
27684 755 0:0 27685
27685 27 1:0 27690
27685 25 1:0 27690
27689 755 1:0 27690
27691 45973 0:0 27693
27691 45984 0:0 27693
27691 15 0:0 27693
27692 45992 0:0 27693
27699 25 0:0 27701
27719 755 0:0 27720
27727 23 0:0 27729
27727 27 0:0 27729
27727 45993 0:0 27729
27733 46002 0:0 27734
27733 45999 0:0 27734
27733 45997 0:0 27734
27733 46000 0:0 27734
27744 46006 0:0 27745
27744 29 0:0 27745
27744 45986 0:0 27745
27744 46001 0:0 27745
27744 46012 0:0 27745
27744 35 1:0 27746
27749 46014 0:0 27750
27749 31 0:0 27750
27749 33 1:0 27751
27754 46006 1:0 27755
27754 46015 0:0 27755
27754 46013 0:0 27755
27754 46016 0:0 27755
27754 35 0:0 27755
27754 41 1:0 27765
27754 47 1:0 27766
27754 49 1:0 27766
27756 755 1:0 27758
27760 755 0:0 27761
27761 43 1:0 27766
27761 45 1:0 27766
27765 755 1:0 27766
27767 46006 0:0 27769
27767 33 0:0 27769
27767 46017 0:0 27769
27768 46025 0:0 27769
27775 43 0:0 27777
27795 755 0:0 27796
27803 45 0:0 27805
27803 41 0:0 27805
27803 46026 0:0 27805
27809 46030 0:0 27810
27809 46032 0:0 27810
27809 46035 0:0 27810
27809 46033 0:0 27810
27820 46039 0:0 27821
27820 46045 0:0 27821
27820 46034 0:0 27821
27820 47 0:0 27821
27820 46019 0:0 27821
27820 53 1:0 27822
27825 49 0:0 27826
27825 46047 0:0 27826
27825 51 1:0 27827
27830 46048 0:0 27831
27830 53 0:0 27831
27830 46049 0:0 27831
27830 46039 1:0 27831
27830 46046 0:0 27831
27830 59 1:0 27841
27830 67 1:0 27842
27830 65 1:0 27842
27832 755 1:0 27834
27836 755 0:0 27837
27837 63 1:0 27842
27837 61 1:0 27842
27841 755 1:0 27842
27843 51 0:0 27845
27843 46050 0:0 27845
27843 46039 0:0 27845
27844 46058 0:0 27845
27851 61 0:0 27853
27871 755 0:0 27872
27879 59 0:0 27881
27879 63 0:0 27881
27879 46059 0:0 27881
27885 46063 0:0 27886
27885 46066 0:0 27886
27885 46065 0:0 27886
27885 46068 0:0 27886
27896 65 0:0 27897
27896 46052 0:0 27897
27896 46078 0:0 27897
27896 46067 0:0 27897
27896 71 1:0 27898
27899 46080 21:0 28125
27900 67 0:0 27902
27901 69 1:0 27903
27906 71 0:0 27907
27906 46079 0:0 27907
27906 46082 0:0 27907
27906 46081 0:0 27907
27906 77 1:0 27917
27906 85 1:0 27918
27906 83 1:0 27918
27908 755 1:0 27910
27912 755 0:0 27913
27913 79 1:0 27918
27913 81 1:0 27918
27917 755 1:0 27918
27919 46083 0:0 27921
27919 46072 0:0 27921
27919 69 0:0 27921
27920 46091 0:0 27921
27927 79 0:0 27929
27947 755 0:0 27948
27955 77 0:0 27957
27955 81 0:0 27957
27955 46092 0:0 27957
27961 46101 0:0 27962
27961 46098 0:0 27962
27961 46099 0:0 27962
27961 46096 0:0 27962
27972 46085 0:0 27973
27972 46100 0:0 27973
27972 46111 0:0 27973
27972 46105 0:0 27973
27972 83 0:0 27973
27972 89 1:0 27974
27977 46113 0:0 27978
27977 85 0:0 27978
27977 87 1:0 27979
27982 89 0:0 27983
27982 46115 0:0 27983
27982 46105 1:0 27983
27982 46112 0:0 27983
27982 46114 0:0 27983
27982 95 1:0 27993
27982 103 1:0 27994
27982 101 1:0 27994
27984 755 1:0 27986
27988 755 0:0 27989
27989 99 1:0 27994
27989 97 1:0 27994
27993 755 1:0 27994
27995 46105 0:0 27997
27995 87 0:0 27997
27995 46116 0:0 27997
27996 46124 0:0 27997
28003 97 0:0 28005
28023 755 0:0 28024
28031 46125 0:0 28033
28031 99 0:0 28033
28031 95 0:0 28033
28037 46129 0:0 28038
28037 46132 0:0 28038
28037 46131 0:0 28038
28037 46134 0:0 28038
28048 46133 0:0 28049
28048 101 0:0 28049
28048 46144 0:0 28049
28048 46138 0:0 28049
28048 46118 0:0 28049
28048 107 1:0 28050
28053 46146 0:0 28054
28053 103 0:0 28054
28053 105 1:0 28055
28058 46147 0:0 28059
28058 46148 0:0 28059
28058 46138 1:0 28059
28058 107 0:0 28059
28058 46145 0:0 28059
28058 113 1:0 28069
28058 119 1:0 28070
28058 121 1:0 28070
28060 755 1:0 28062
28064 755 0:0 28065
28065 117 1:0 28070
28065 115 1:0 28070
28069 755 1:0 28070
28071 46138 0:0 28073
28071 46149 0:0 28073
28071 105 0:0 28073
28072 46157 0:0 28073
28079 115 0:0 28081
28097 755 0:0 28099
28107 46158 0:0 28109
28107 117 0:0 28109
28107 113 0:0 28109
28113 46165 0:0 28114
28113 46164 0:0 28114
28113 46162 0:0 28114
28113 46167 0:0 28114
28124 46166 0:0 28125
28124 46177 0:0 28125
28124 119 0:0 28125
28124 46151 0:0 28125
28124 125 1:0 28126
28127 46179 21:0 28353
28128 121 0:0 28130
28129 123 1:0 28131
28134 125 0:0 28135
28134 46178 0:0 28135
28134 46181 0:0 28135
28134 46180 0:0 28135
28134 131 1:0 28145
28134 139 1:0 28146
28134 137 1:0 28146
28136 755 1:0 28138
28140 755 0:0 28141
28141 135 1:0 28146
28141 133 1:0 28146
28145 755 1:0 28146
28147 46171 0:0 28149
28147 46182 0:0 28149
28147 123 0:0 28149
28148 46190 0:0 28149
28155 133 0:0 28157
28175 755 0:0 28176
28183 46191 0:0 28185
28183 135 0:0 28185
28183 131 0:0 28185
28189 46200 0:0 28190
28189 46197 0:0 28190
28189 46195 0:0 28190
28189 46198 0:0 28190
28200 46184 0:0 28201
28200 137 0:0 28201
28200 46204 0:0 28201
28200 46210 0:0 28201
28200 46199 0:0 28201
28200 143 1:0 28202
28205 139 0:0 28206
28205 46212 0:0 28206
28205 141 1:0 28207
28210 46211 0:0 28211
28210 143 0:0 28211
28210 46214 0:0 28211
28210 46213 0:0 28211
28210 46204 1:0 28211
28210 149 1:0 28221
28210 157 1:0 28222
28210 155 1:0 28222
28212 755 1:0 28214
28216 755 0:0 28217
28217 153 1:0 28222
28217 151 1:0 28222
28221 755 1:0 28222
28223 46215 0:0 28225
28223 141 0:0 28225
28223 46204 0:0 28225
28224 46223 0:0 28225
28231 151 0:0 28233
28251 755 0:0 28252
28259 149 0:0 28261
28259 153 0:0 28261
28259 46224 0:0 28261
28265 46233 0:0 28266
28265 46228 0:0 28266
28265 46230 0:0 28266
28265 46231 0:0 28266
28276 46243 0:0 28277
28276 46217 0:0 28277
28276 46232 0:0 28277
28276 46237 0:0 28277
28276 155 0:0 28277
28276 161 1:0 28278
28281 46245 0:0 28282
28281 157 0:0 28282
28281 159 1:0 28283
28286 46237 1:0 28287
28286 161 0:0 28287
28286 46247 0:0 28287
28286 46246 0:0 28287
28286 46244 0:0 28287
28286 167 1:0 28297
28286 175 1:0 28298
28286 173 1:0 28298
28288 755 1:0 28290
28292 755 0:0 28293
28293 171 1:0 28298
28293 169 1:0 28298
28297 755 1:0 28298
28299 159 0:0 28301
28299 46237 0:0 28301
28299 46248 0:0 28301
28300 46256 0:0 28301
28307 169 0:0 28309
28327 755 0:0 28328
28335 46257 0:0 28337
28335 167 0:0 28337
28335 171 0:0 28337
28341 46266 0:0 28342
28341 46263 0:0 28342
28341 46264 0:0 28342
28341 46261 0:0 28342
28352 46250 0:0 28353
28352 173 0:0 28353
28352 46276 0:0 28353
28352 46265 0:0 28353
28352 179 1:0 28354
28355 46278 21:0 28581
28356 175 0:0 28358
28357 177 1:0 28359
28362 46277 0:0 28363
28362 46279 0:0 28363
28362 46280 0:0 28363
28362 179 0:0 28363
28362 185 1:0 28373
28362 191 1:0 28374
28362 193 1:0 28374
28364 755 1:0 28366
28368 755 0:0 28369
28369 187 1:0 28374
28369 189 1:0 28374
28373 755 1:0 28374
28375 177 0:0 28377
28375 46281 0:0 28377
28375 46270 0:0 28377
28376 46289 0:0 28377
28383 187 0:0 28385
28403 755 0:0 28404
28411 46290 0:0 28413
28411 185 0:0 28413
28411 189 0:0 28413
28417 46296 0:0 28418
28417 46299 0:0 28418
28417 46297 0:0 28418
28417 46294 0:0 28418
28428 191 0:0 28429
28428 46283 0:0 28429
28428 46298 0:0 28429
28428 46309 0:0 28429
28428 46303 0:0 28429
28428 197 1:0 28430
28433 193 0:0 28434
28433 46311 0:0 28434
28433 195 1:0 28435
28438 46310 0:0 28439
28438 46312 0:0 28439
28438 46313 0:0 28439
28438 46303 1:0 28439
28438 197 0:0 28439
28438 203 1:0 28449
28438 211 1:0 28450
28438 209 1:0 28450
28440 755 1:0 28442
28444 755 0:0 28445
28445 207 1:0 28450
28445 205 1:0 28450
28449 755 1:0 28450
28451 46303 0:0 28453
28451 46314 0:0 28453
28451 195 0:0 28453
28452 46322 0:0 28453
28459 205 0:0 28461
28479 755 0:0 28480
28487 46323 0:0 28489
28487 207 0:0 28489
28487 203 0:0 28489
28493 46327 0:0 28494
28493 46330 0:0 28494
28493 46329 0:0 28494
28493 46332 0:0 28494
28504 46331 0:0 28505
28504 46342 0:0 28505
28504 46316 0:0 28505
28504 46336 0:0 28505
28504 209 0:0 28505
28504 215 1:0 28506
28509 46344 0:0 28510
28509 211 0:0 28510
28509 213 1:0 28511
28514 46345 0:0 28515
28514 215 0:0 28515
28514 46346 0:0 28515
28514 46336 1:0 28515
28514 46343 0:0 28515
28514 221 1:0 28525
28514 229 1:0 28526
28514 227 1:0 28526
28516 755 1:0 28518
28520 755 0:0 28521
28521 225 1:0 28526
28521 223 1:0 28526
28525 755 1:0 28526
28527 46336 0:0 28529
28527 46347 0:0 28529
28527 213 0:0 28529
28528 46355 0:0 28529
28535 223 0:0 28537
28555 755 0:0 28556
28563 46356 0:0 28565
28563 225 0:0 28565
28563 221 0:0 28565
28569 46360 0:0 28570
28569 46363 0:0 28570
28569 46362 0:0 28570
28569 46365 0:0 28570
28580 46349 0:0 28581
28580 46375 0:0 28581
28580 46364 0:0 28581
28580 227 0:0 28581
28580 233 1:0 28582
28583 46377 21:0 28809
28584 229 0:0 28586
28585 231 1:0 28587
28590 46379 0:0 28591
28590 46376 0:0 28591
28590 233 0:0 28591
28590 46378 0:0 28591
28590 239 1:0 28601
28590 247 1:0 28602
28590 245 1:0 28602
28592 755 1:0 28594
28596 755 0:0 28597
28597 241 1:0 28602
28597 243 1:0 28602
28601 755 1:0 28602
28603 46380 0:0 28605
28603 46369 0:0 28605
28603 231 0:0 28605
28604 46388 0:0 28605
28611 241 0:0 28613
28631 755 0:0 28632
28639 239 0:0 28641
28639 46389 0:0 28641
28639 243 0:0 28641
28645 46396 0:0 28646
28645 46393 0:0 28646
28645 46395 0:0 28646
28645 46398 0:0 28646
28656 46382 0:0 28657
28656 46402 0:0 28657
28656 46408 0:0 28657
28656 46397 0:0 28657
28656 245 0:0 28657
28656 251 1:0 28658
28661 46410 0:0 28662
28661 247 0:0 28662
28661 249 1:0 28663
28666 46412 0:0 28667
28666 46402 1:0 28667
28666 46411 0:0 28667
28666 251 0:0 28667
28666 46409 0:0 28667
28666 257 1:0 28677
28666 265 1:0 28678
28666 263 1:0 28678
28668 755 1:0 28670
28672 755 0:0 28673
28673 261 1:0 28678
28673 259 1:0 28678
28677 755 1:0 28678
28679 249 0:0 28681
28679 46413 0:0 28681
28679 46402 0:0 28681
28680 46421 0:0 28681
28687 259 0:0 28689
28707 755 0:0 28708
28715 257 0:0 28717
28715 261 0:0 28717
28715 46422 0:0 28717
28721 46431 0:0 28722
28721 46426 0:0 28722
28721 46429 0:0 28722
28721 46428 0:0 28722
28732 46435 0:0 28733
28732 46415 0:0 28733
28732 46441 0:0 28733
28732 46430 0:0 28733
28732 263 0:0 28733
28732 269 1:0 28734
28737 265 0:0 28738
28737 46443 0:0 28738
28737 267 1:0 28739
28742 269 0:0 28743
28742 46435 1:0 28743
28742 46445 0:0 28743
28742 46442 0:0 28743
28742 46444 0:0 28743
28742 275 1:0 28753
28742 281 1:0 28754
28742 283 1:0 28754
28744 755 1:0 28746
28748 755 0:0 28749
28749 279 1:0 28754
28749 277 1:0 28754
28753 755 1:0 28754
28755 46446 0:0 28757
28755 46435 0:0 28757
28755 267 0:0 28757
28756 46454 0:0 28757
28763 277 0:0 28765
28783 755 0:0 28784
28791 275 0:0 28793
28791 46455 0:0 28793
28791 279 0:0 28793
28797 46459 0:0 28798
28797 46462 0:0 28798
28797 46461 0:0 28798
28797 46464 0:0 28798
28808 46448 0:0 28809
28808 46474 0:0 28809
28808 281 0:0 28809
28808 46463 0:0 28809
28808 287 1:0 28810
28811 46476 21:0 29037
28812 283 0:0 28814
28813 285 1:0 28815
28818 287 0:0 28819
28818 46478 0:0 28819
28818 46475 0:0 28819
28818 46477 0:0 28819
28818 293 1:0 28829
28818 301 1:0 28830
28818 299 1:0 28830
28820 755 1:0 28822
28824 755 0:0 28825
28825 297 1:0 28830
28825 295 1:0 28830
28829 755 1:0 28830
28831 285 0:0 28833
28831 46468 0:0 28833
28831 46479 0:0 28833
28832 46487 0:0 28833
28839 295 0:0 28841
28859 755 0:0 28860
28867 46488 0:0 28869
28867 297 0:0 28869
28867 293 0:0 28869
28873 46497 0:0 28874
28873 46495 0:0 28874
28873 46492 0:0 28874
28873 46494 0:0 28874
28884 46507 0:0 28885
28884 46496 0:0 28885
28884 46481 0:0 28885
28884 299 0:0 28885
28884 46501 0:0 28885
28884 305 1:0 28886
28889 46509 0:0 28890
28889 301 0:0 28890
28889 303 1:0 28891
28894 46511 0:0 28895
28894 46501 1:0 28895
28894 46510 0:0 28895
28894 305 0:0 28895
28894 46508 0:0 28895
28894 311 1:0 28905
28894 319 1:0 28906
28894 317 1:0 28906
28896 755 1:0 28898
28900 755 0:0 28901
28901 315 1:0 28906
28901 313 1:0 28906
28905 755 1:0 28906
28907 46512 0:0 28909
28907 303 0:0 28909
28907 46501 0:0 28909
28908 46520 0:0 28909
28915 313 0:0 28917
28935 755 0:0 28936
28943 311 0:0 28945
28943 315 0:0 28945
28943 46521 0:0 28945
28949 46530 0:0 28950
28949 46528 0:0 28950
28949 46527 0:0 28950
28949 46525 0:0 28950
28960 46529 0:0 28961
28960 46540 0:0 28961
28960 46534 0:0 28961
28960 46514 0:0 28961
28960 317 0:0 28961
28960 323 1:0 28962
28965 46542 0:0 28966
28965 319 0:0 28966
28965 321 1:0 28967
28970 46541 0:0 28971
28970 46543 0:0 28971
28970 46534 1:0 28971
28970 323 0:0 28971
28970 46544 0:0 28971
28970 329 1:0 28981
28970 335 1:0 28982
28972 755 1:0 28974
28976 755 0:0 28977
28977 331 1:0 28982
28977 333 1:0 28982
28981 755 1:0 28982
28983 46534 0:0 28985
28983 46545 0:0 28985
28983 321 0:0 28985
28984 46553 0:0 28985
28991 331 0:0 28993
29011 755 0:0 29012
29019 333 0:0 29021
29019 329 0:0 29021
29019 46554 0:0 29021
29025 46558 0:0 29026
29025 46561 0:0 29026
29025 46563 0:0 29026
29025 46560 0:0 29026
29025 337 1:0 29033
29036 46547 0:0 29037
29036 335 0:0 29037
29036 46573 0:0 29037
29036 46562 0:0 29037
29036 341 1:0 29038
29039 46575 21:0 29265
29040 337 0:0 29042
29041 339 1:0 29043
29046 46574 0:0 29047
29046 341 0:0 29047
29046 46577 0:0 29047
29046 46576 0:0 29047
29046 347 1:0 29057
29046 353 1:0 29058
29048 755 1:0 29050
29052 755 0:0 29053
29053 349 1:0 29058
29053 351 1:0 29058
29057 755 1:0 29058
29059 339 0:0 29061
29059 46567 0:0 29061
29059 46578 0:0 29061
29060 46586 0:0 29061
29067 349 0:0 29069
29087 755 0:0 29088
29095 351 0:0 29097
29095 46587 0:0 29097
29095 347 0:0 29097
29101 46596 0:0 29102
29101 46593 0:0 29102
29101 46594 0:0 29102
29101 46591 0:0 29102
29101 355 1:0 29109
29112 353 0:0 29113
29112 46595 0:0 29113
29112 46606 0:0 29113
29112 46600 0:0 29113
29112 46580 0:0 29113
29112 359 1:0 29114
29117 355 0:0 29118
29117 46608 0:0 29118
29117 357 1:0 29119
29122 46607 0:0 29123
29122 46610 0:0 29123
29122 46609 0:0 29123
29122 359 0:0 29123
29122 46600 1:0 29123
29122 365 1:0 29133
29122 371 1:0 29134
29124 755 1:0 29126
29128 755 0:0 29129
29129 367 1:0 29134
29129 369 1:0 29134
29133 755 1:0 29134
29135 46600 0:0 29137
29135 357 0:0 29137
29135 46611 0:0 29137
29136 46619 0:0 29137
29143 367 0:0 29145
29163 755 0:0 29164
29171 365 0:0 29173
29171 369 0:0 29173
29171 46620 0:0 29173
29177 46629 0:0 29178
29177 46627 0:0 29178
29177 46626 0:0 29178
29177 46624 0:0 29178
29177 373 1:0 29185
29188 46633 0:0 29189
29188 46639 0:0 29189
29188 46628 0:0 29189
29188 46613 0:0 29189
29188 371 0:0 29189
29188 377 1:0 29190
29193 373 0:0 29194
29193 46641 0:0 29194
29193 375 1:0 29195
29198 46640 0:0 29199
29198 377 0:0 29199
29198 46643 0:0 29199
29198 46642 0:0 29199
29198 46633 1:0 29199
29198 383 1:0 29209
29198 389 1:0 29210
29200 755 1:0 29202
29204 755 0:0 29205
29205 385 1:0 29210
29205 387 1:0 29210
29209 755 1:0 29210
29211 46644 0:0 29213
29211 46633 0:0 29213
29211 375 0:0 29213
29212 46652 0:0 29213
29219 385 0:0 29221
29239 755 0:0 29240
29247 383 0:0 29249
29247 46653 0:0 29249
29247 387 0:0 29249
29253 46660 0:0 29254
29253 46659 0:0 29254
29253 46657 0:0 29254
29253 46662 0:0 29254
29253 391 1:0 29261
29264 46661 0:0 29265
29264 46646 0:0 29265
29264 389 0:0 29265
29264 46672 0:0 29265
29264 395 1:0 29266
29267 46674 21:0 29493
29268 391 0:0 29270
29269 393 1:0 29271
29274 46673 0:0 29275
29274 46676 0:0 29275
29274 46675 0:0 29275
29274 395 0:0 29275
29274 401 1:0 29285
29274 407 1:0 29286
29276 755 1:0 29278
29280 755 0:0 29281
29281 403 1:0 29286
29281 405 1:0 29286
29285 755 1:0 29286
29287 46677 0:0 29289
29287 46666 0:0 29289
29287 393 0:0 29289
29288 46685 0:0 29289
29295 403 0:0 29297
29315 755 0:0 29316
29323 405 0:0 29325
29323 46686 0:0 29325
29323 401 0:0 29325
29329 46695 0:0 29330
29329 46690 0:0 29330
29329 46693 0:0 29330
29329 46692 0:0 29330
29329 409 1:0 29337
29340 407 0:0 29341
29340 46699 0:0 29341
29340 46694 0:0 29341
29340 46679 0:0 29341
29340 46705 0:0 29341
29340 413 1:0 29342
29345 46707 0:0 29346
29345 409 0:0 29346
29345 411 1:0 29347
29350 46699 1:0 29351
29350 46709 0:0 29351
29350 46708 0:0 29351
29350 413 0:0 29351
29350 46706 0:0 29351
29350 419 1:0 29361
29350 425 1:0 29362
29352 755 1:0 29354
29356 755 0:0 29357
29357 423 1:0 29362
29357 421 1:0 29362
29361 755 1:0 29362
29363 46710 0:0 29365
29363 411 0:0 29365
29363 46699 0:0 29365
29364 46718 0:0 29365
29371 421 0:0 29373
29391 755 0:0 29392
29399 423 0:0 29401
29399 419 0:0 29401
29399 46719 0:0 29401
29405 46728 0:0 29406
29405 46725 0:0 29406
29405 46723 0:0 29406
29405 46726 0:0 29406
29405 427 1:0 29413
29416 46712 0:0 29417
29416 46732 0:0 29417
29416 46727 0:0 29417
29416 46738 0:0 29417
29416 425 0:0 29417
29416 431 1:0 29418
29421 46740 0:0 29422
29421 427 0:0 29422
29421 429 1:0 29423
29426 46741 0:0 29427
29426 431 0:0 29427
29426 46742 0:0 29427
29426 46732 1:0 29427
29426 46739 0:0 29427
29426 437 1:0 29437
29426 443 1:0 29438
29428 755 1:0 29430
29432 755 0:0 29433
29433 441 1:0 29438
29433 439 1:0 29438
29437 755 1:0 29438
29439 46732 0:0 29441
29439 429 0:0 29441
29439 46743 0:0 29441
29440 46751 0:0 29441
29447 439 0:0 29449
29467 755 0:0 29468
29475 441 0:0 29477
29475 46752 0:0 29477
29475 437 0:0 29477
29481 46758 0:0 29482
29481 46759 0:0 29482
29481 46761 0:0 29482
29481 46756 0:0 29482
29481 445 1:0 29489
29492 46760 0:0 29493
29492 46745 0:0 29493
29492 46771 0:0 29493
29492 443 0:0 29493
29492 449 1:0 29494
29495 46773 21:0 29721
29496 445 0:0 29498
29497 447 1:0 29499
29502 46775 0:0 29503
29502 46772 0:0 29503
29502 449 0:0 29503
29502 46774 0:0 29503
29502 455 1:0 29513
29502 461 1:0 29514
29504 755 1:0 29506
29508 755 0:0 29509
29509 459 1:0 29514
29509 457 1:0 29514
29513 755 1:0 29514
29515 447 0:0 29517
29515 46776 0:0 29517
29515 46765 0:0 29517
29516 46784 0:0 29517
29523 457 0:0 29525
29543 755 0:0 29544
29551 459 0:0 29553
29551 46785 0:0 29553
29551 455 0:0 29553
29557 46794 0:0 29558
29557 46792 0:0 29558
29557 46789 0:0 29558
29557 46791 0:0 29558
29557 463 1:0 29565
29568 46798 0:0 29569
29568 46778 0:0 29569
29568 46804 0:0 29569
29568 46793 0:0 29569
29568 461 0:0 29569
29568 467 1:0 29570
29573 463 0:0 29574
29573 46806 0:0 29574
29573 465 1:0 29575
29578 46798 1:0 29579
29578 467 0:0 29579
29578 46808 0:0 29579
29578 46807 0:0 29579
29578 46805 0:0 29579
29578 473 1:0 29589
29578 479 1:0 29590
29580 755 1:0 29582
29584 755 0:0 29585
29585 477 1:0 29590
29585 475 1:0 29590
29589 755 1:0 29590
29591 46798 0:0 29593
29591 465 0:0 29593
29591 46809 0:0 29593
29592 46817 0:0 29593
29599 475 0:0 29601
29619 755 0:0 29620
29627 46818 0:0 29629
29627 473 0:0 29629
29627 477 0:0 29629
29633 46827 0:0 29634
29633 46822 0:0 29634
29633 46824 0:0 29634
29633 46825 0:0 29634
29633 481 1:0 29641
29644 46811 0:0 29645
29644 46826 0:0 29645
29644 479 0:0 29645
29644 46837 0:0 29645
29644 46831 0:0 29645
29644 485 1:0 29646
29649 481 0:0 29650
29649 46839 0:0 29650
29649 483 1:0 29651
29654 46831 1:0 29655
29654 485 0:0 29655
29654 46841 0:0 29655
29654 46840 0:0 29655
29654 46838 0:0 29655
29654 491 1:0 29665
29654 497 1:0 29666
29656 755 1:0 29658
29660 755 0:0 29661
29661 495 1:0 29666
29661 493 1:0 29666
29665 755 1:0 29666
29667 46842 0:0 29669
29667 46831 0:0 29669
29667 483 0:0 29669
29668 46850 0:0 29669
29675 493 0:0 29677
29695 755 0:0 29696
29703 46851 0:0 29705
29703 495 0:0 29705
29703 491 0:0 29705
29709 46857 0:0 29710
29709 46858 0:0 29710
29709 46860 0:0 29710
29709 46855 0:0 29710
29709 499 1:0 29717
29720 46870 0:0 29721
29720 497 0:0 29721
29720 46844 0:0 29721
29720 46859 0:0 29721
29720 503 1:0 29722
29723 46872 21:0 29949
29724 499 0:0 29726
29725 501 1:0 29727
29730 503 0:0 29731
29730 46874 0:0 29731
29730 46873 0:0 29731
29730 46871 0:0 29731
29730 509 1:0 29741
29730 515 1:0 29742
29732 755 1:0 29734
29736 755 0:0 29737
29737 513 1:0 29742
29737 511 1:0 29742
29741 755 1:0 29742
29743 46864 0:0 29745
29743 501 0:0 29745
29743 46875 0:0 29745
29744 46883 0:0 29745
29751 511 0:0 29753
29771 755 0:0 29772
29779 509 0:0 29781
29779 46884 0:0 29781
29779 513 0:0 29781
29785 46893 0:0 29786
29785 46890 0:0 29786
29785 46891 0:0 29786
29785 46888 0:0 29786
29785 517 1:0 29793
29796 46877 0:0 29797
29796 46897 0:0 29797
29796 46892 0:0 29797
29796 46903 0:0 29797
29796 515 0:0 29797
29796 521 1:0 29798
29801 517 0:0 29802
29801 46905 0:0 29802
29801 519 1:0 29803
29806 521 0:0 29807
29806 46904 0:0 29807
29806 46907 0:0 29807
29806 46897 1:0 29807
29806 46906 0:0 29807
29806 527 1:0 29817
29806 533 1:0 29818
29808 755 1:0 29810
29812 755 0:0 29813
29813 529 1:0 29818
29813 531 1:0 29818
29817 755 1:0 29818
29819 519 0:0 29821
29819 46897 0:0 29821
29819 46908 0:0 29821
29820 46916 0:0 29821
29827 529 0:0 29829
29847 755 0:0 29848
29855 527 0:0 29857
29855 531 0:0 29857
29855 46917 0:0 29857
29861 46921 0:0 29862
29861 46926 0:0 29862
29861 46924 0:0 29862
29861 46923 0:0 29862
29861 535 1:0 29869
29872 46910 0:0 29873
29872 46936 0:0 29873
29872 46925 0:0 29873
29872 46930 0:0 29873
29872 533 0:0 29873
29872 539 1:0 29874
29877 535 0:0 29878
29877 46938 0:0 29878
29877 537 1:0 29879
29882 46930 1:0 29883
29882 46939 0:0 29883
29882 46940 0:0 29883
29882 46937 0:0 29883
29882 539 0:0 29883
29882 545 1:0 29893
29882 551 1:0 29894
29884 755 1:0 29886
29888 755 0:0 29889
29889 547 1:0 29894
29889 549 1:0 29894
29893 755 1:0 29894
29895 46930 0:0 29897
29895 46941 0:0 29897
29895 537 0:0 29897
29896 46949 0:0 29897
29903 547 0:0 29905
29923 755 0:0 29924
29931 46950 0:0 29933
29931 545 0:0 29933
29931 549 0:0 29933
29937 46956 0:0 29938
29937 46954 0:0 29938
29937 46959 0:0 29938
29937 46957 0:0 29938
29937 553 1:0 29945
29948 551 0:0 29949
29948 46943 0:0 29949
29948 46958 0:0 29949
29948 46969 0:0 29949
29948 557 1:0 29950
29951 46971 21:0 30177
29952 553 0:0 29954
29953 555 1:0 29955
29958 46973 0:0 29959
29958 46972 0:0 29959
29958 46970 0:0 29959
29958 557 0:0 29959
29958 563 1:0 29969
29958 569 1:0 29970
29960 755 1:0 29962
29964 755 0:0 29965
29965 567 1:0 29970
29965 565 1:0 29970
29969 755 1:0 29970
29971 46963 0:0 29973
29971 46974 0:0 29973
29971 555 0:0 29973
29972 46982 0:0 29973
29979 565 0:0 29981
29999 755 0:0 30000
30007 563 0:0 30009
30007 46983 0:0 30009
30007 567 0:0 30009
30013 46990 0:0 30014
30013 46987 0:0 30014
30013 46989 0:0 30014
30013 46992 0:0 30014
30013 571 1:0 30021
30024 46976 0:0 30025
30024 569 0:0 30025
30024 46996 0:0 30025
30024 46991 0:0 30025
30024 47002 0:0 30025
30024 575 1:0 30026
30029 47004 0:0 30030
30029 571 0:0 30030
30029 573 1:0 30031
30034 47005 0:0 30035
30034 47006 0:0 30035
30034 575 0:0 30035
30034 46996 1:0 30035
30034 47003 0:0 30035
30034 581 1:0 30045
30036 755 1:0 30038
30040 755 0:0 30041
30041 583 1:0 30046
30041 585 1:0 30046
30045 755 1:0 30046
30047 47007 0:0 30049
30047 573 0:0 30049
30047 46996 0:0 30049
30048 47015 0:0 30049
30052 587 1:0 30082
30056 583 0:0 30057
30075 755 0:0 30076
30083 47016 0:0 30085
30083 585 0:0 30085
30084 581 0:0 30085
30089 47023 0:0 30090
30089 47022 0:0 30090
30089 47020 0:0 30090
30089 47025 0:0 30090
30089 589 1:0 30097
30089 37362 1:0 30122
30100 47029 0:0 30101
30100 47035 0:0 30101
30100 47024 0:0 30101
30100 587 0:0 30101
30100 47009 0:0 30101
30100 593 1:0 30102
30105 47037 0:0 30106
30105 589 0:0 30106
30105 591 1:0 30107
30110 47039 0:0 30111
30110 47029 1:0 30111
30110 47038 0:0 30111
30110 47036 0:0 30111
30110 593 0:0 30111
30110 599 1:0 30121
30112 755 1:0 30114
30116 755 0:0 30117
30117 601 1:0 30122
30117 603 1:0 30122
30121 755 1:0 30122
30123 591 0:0 30125
30123 47040 0:0 30125
30123 47029 0:0 30125
30124 47048 0:0 30125
30128 605 1:0 30158
30132 601 0:0 30133
30151 755 0:0 30152
30159 47049 0:0 30161
30159 603 0:0 30161
30160 599 0:0 30161
30165 47058 0:0 30166
30165 47053 0:0 30166
30165 47056 0:0 30166
30165 47055 0:0 30166
30165 607 1:0 30173
30165 37191 1:0 30198
30176 47042 0:0 30177
30176 605 0:0 30177
30176 47057 0:0 30177
30176 47068 0:0 30177
30176 611 1:0 30178
30179 47070 21:0 30405
30180 607 0:0 30182
30181 609 1:0 30183
30186 47072 0:0 30187
30186 47071 0:0 30187
30186 611 0:0 30187
30186 47069 0:0 30187
30186 617 1:0 30197
30188 755 1:0 30190
30192 755 0:0 30193
30193 621 1:0 30198
30193 619 1:0 30198
30197 755 1:0 30198
30199 47073 0:0 30201
30199 609 0:0 30201
30199 47062 0:0 30201
30200 47081 0:0 30201
30204 623 1:0 30234
30208 619 0:0 30209
30227 755 0:0 30228
30235 621 0:0 30237
30235 47082 0:0 30237
30236 617 0:0 30237
30241 47091 0:0 30242
30241 47088 0:0 30242
30241 47089 0:0 30242
30241 47086 0:0 30242
30241 625 1:0 30249
30241 37020 1:0 30274
30252 47075 0:0 30253
30252 623 0:0 30253
30252 47095 0:0 30253
30252 47101 0:0 30253
30252 47090 0:0 30253
30252 629 1:0 30254
30257 625 0:0 30258
30257 47103 0:0 30258
30257 627 1:0 30259
30262 47102 0:0 30263
30262 629 0:0 30263
30262 47095 1:0 30263
30262 47104 0:0 30263
30262 47105 0:0 30263
30262 635 1:0 30273
30264 755 1:0 30266
30268 755 0:0 30269
30269 639 1:0 30274
30269 637 1:0 30274
30273 755 1:0 30274
30275 627 0:0 30277
30275 47095 0:0 30277
30275 47106 0:0 30277
30276 47114 0:0 30277
30280 641 1:0 30310
30284 637 0:0 30285
30303 755 0:0 30304
30311 47115 0:0 30313
30311 639 0:0 30313
30312 635 0:0 30313
30317 47119 0:0 30318
30317 47124 0:0 30318
30317 47122 0:0 30318
30317 47121 0:0 30318
30317 643 1:0 30325
30317 36849 1:0 30350
30328 47123 0:0 30329
30328 47134 0:0 30329
30328 641 0:0 30329
30328 47128 0:0 30329
30328 47108 0:0 30329
30328 647 1:0 30330
30333 47136 0:0 30334
30333 643 0:0 30334
30333 645 1:0 30335
30338 47138 0:0 30339
30338 647 0:0 30339
30338 47137 0:0 30339
30338 47135 0:0 30339
30338 47128 1:0 30339
30338 653 1:0 30349
30340 755 1:0 30342
30344 755 0:0 30345
30345 655 1:0 30350
30345 657 1:0 30350
30349 755 1:0 30350
30351 47139 0:0 30353
30351 645 0:0 30353
30351 47128 0:0 30353
30352 47147 0:0 30353
30356 659 1:0 30386
30360 655 0:0 30361
30379 755 0:0 30380
30387 657 0:0 30389
30387 47148 0:0 30389
30388 653 0:0 30389
30393 47157 0:0 30394
30393 47155 0:0 30394
30393 47154 0:0 30394
30393 47152 0:0 30394
30393 661 1:0 30401
30393 36678 1:0 30426
30404 659 0:0 30405
30404 47167 0:0 30405
30404 47141 0:0 30405
30404 47156 0:0 30405
30404 665 1:0 30406
30407 47169 21:0 30633
30408 661 0:0 30410
30409 663 1:0 30411
30414 47170 0:0 30415
30414 665 0:0 30415
30414 47168 0:0 30415
30414 47171 0:0 30415
30414 671 1:0 30425
30416 755 1:0 30418
30420 755 0:0 30421
30421 675 1:0 30426
30421 673 1:0 30426
30425 755 1:0 30426
30427 47161 0:0 30429
30427 663 0:0 30429
30427 47172 0:0 30429
30428 47180 0:0 30429
30432 677 1:0 30462
30436 673 0:0 30437
30455 755 0:0 30456
30463 675 0:0 30465
30463 47181 0:0 30465
30464 671 0:0 30465
30469 47185 0:0 30470
30469 47190 0:0 30470
30469 47188 0:0 30470
30469 47187 0:0 30470
30469 679 1:0 30477
30469 36507 1:0 30502
30480 677 0:0 30481
30480 47194 0:0 30481
30480 47189 0:0 30481
30480 47200 0:0 30481
30480 47174 0:0 30481
30480 683 1:0 30482
30485 679 0:0 30486
30485 47202 0:0 30486
30485 681 1:0 30487
30490 47194 1:0 30491
30490 47204 0:0 30491
30490 47203 0:0 30491
30490 47201 0:0 30491
30490 683 0:0 30491
30490 689 1:0 30501
30492 755 1:0 30494
30496 755 0:0 30497
30497 691 1:0 30502
30497 693 1:0 30502
30501 755 1:0 30502
30503 47205 0:0 30505
30503 47194 0:0 30505
30503 681 0:0 30505
30504 47213 0:0 30505
30508 695 1:0 30538
30512 691 0:0 30513
30531 755 0:0 30532
30539 47214 0:0 30541
30539 693 0:0 30541
30540 689 0:0 30541
30545 47221 0:0 30546
30545 47223 0:0 30546
30545 47220 0:0 30546
30545 47218 0:0 30546
30545 697 1:0 30553
30545 43658 1:0 30578
30556 47233 0:0 30557
30556 695 0:0 30557
30556 47222 0:0 30557
30556 47207 0:0 30557
30556 47227 0:0 30557
30556 701 1:0 30558
30561 697 0:0 30562
30561 47235 0:0 30562
30561 699 1:0 30563
30566 47236 0:0 30567
30566 47234 0:0 30567
30566 47227 1:0 30567
30566 701 0:0 30567
30566 47237 0:0 30567
30566 707 1:0 30577
30568 755 1:0 30570
30572 755 0:0 30573
30573 711 1:0 30578
30573 709 1:0 30578
30577 755 1:0 30578
30579 47227 0:0 30581
30579 47238 0:0 30581
30579 699 0:0 30581
30580 47246 0:0 30581
30584 713 1:0 30614
30588 709 0:0 30589
30607 755 0:0 30608
30615 47247 0:0 30617
30615 711 0:0 30617
30616 707 0:0 30617
30621 47254 0:0 30622
30621 47253 0:0 30622
30621 47251 0:0 30622
30621 47256 0:0 30622
30621 715 1:0 30629
30632 47240 0:0 30633
30632 713 0:0 30633
30632 47255 0:0 30633
30632 47260 0:0 30633
30632 719 1:0 30634
30632 47266 21:0 30649
30635 47268 0:0 30638
30637 717 1:0 30637
30637 715 0:0 30638
30637 43664 1:0 30651
30640 47270 0:0 30643
30640 47269 0:0 30643
30642 43669 1:0 30642
30642 47260 1:0 30642
30642 47267 0:0 30643
30642 719 0:0 30643
30643 47271 0:0 30649
30648 47260 21:0 30663
30651 43668 1:0 30651
30651 36468 1:0 30651
30651 43667 1:0 30651
30651 43665 1:0 30651
30652 717 0:0 30660
30655 36468 0:0 30660
30658 739 0:0 30660
30659 719 1:0 30660
30662 36472 1:0 30662
30662 43666 1:0 30662
30663 719 0:0 30669
30666 36472 0:0 30669
30668 715 1:0 30669
30671 713 1:0 30671
30671 43653 1:0 30671
30671 36475 1:0 30671
30671 739 1:0 30671
30672 715 0:0 30697
30676 36475 0:0 30697
30699 36502 1:0 30699
30699 755 1:0 30699
30699 709 1:0 30699
30699 711 1:0 30699
30699 43654 1:0 30699
30699 36493 1:0 30701
30699 43649 1:0 30704
30699 43652 1:0 30704
30699 43651 1:0 30704
30699 43645 1:0 30730
30700 713 0:0 30735
30703 36493 0:0 30735
30731 755 21:0 30732
30731 47290 0:0 30735
30735 711 0:0 30741
30738 36502 0:0 30741
30743 36504 1:0 30746
30744 709 0:0 30751
30748 36504 0:0 30751
30750 707 1:0 30751
30753 43644 1:0 30757
30753 43638 1:0 30762
30753 47290 1:0 30765
30753 43636 1:0 30778
30766 707 0:0 30780
30766 36507 21:0 30794
30779 699 1:0 30780
30782 43632 1:0 30782
30782 36525 1:0 30782
30782 43634 1:0 30785
30782 43635 1:0 30786
30783 699 0:0 30791
30786 36525 0:0 30791
30789 47321 0:0 30791
30790 701 1:0 30791
30793 36529 1:0 30795
30793 43633 1:0 30796
30797 36529 21:0 31016
30798 701 0:0 30800
30799 697 1:0 30800
30802 36532 1:0 30805
30802 43631 1:0 30806
30802 43625 1:0 30811
30802 47321 1:0 30814
30802 695 1:0 30826
30802 43620 1:0 30826
30827 697 0:0 30828
30827 36532 0:0 30828
30830 36550 1:0 30832
30830 43618 1:0 30835
30830 43619 1:0 30835
30830 43616 1:0 30835
30830 755 1:0 30846
30830 43612 1:0 30861
30833 43621 1:0 30835
30861 755 0:0 30863
30861 47363 0:0 30863
30862 693 1:0 30863
30865 36559 1:0 30867
30865 47363 1:0 30868
30870 693 0:0 30872
30871 691 1:0 30872
30871 36559 0:0 30872
30874 36561 1:0 30877
30880 36550 0:0 30882
30881 689 1:0 30882
30881 691 0:0 30882
30881 36561 0:0 30882
30881 47369 0:0 30882
30881 695 0:0 30882
30881 47347 0:0 30882
30884 47369 1:0 30885
30884 36564 1:0 30887
30884 43611 1:0 30888
30884 43605 1:0 30893
30884 47347 1:0 30896
30884 43603 1:0 30909
30909 36564 0:0 30911
30910 681 1:0 30911
30910 689 0:0 30911
30910 43567 1:0 31058
30913 43602 1:0 30913
30913 43599 1:0 30913
30913 36582 1:0 30913
30913 43601 1:0 30914
30920 681 0:0 30922
30920 47378 0:0 30922
30921 683 1:0 30922
30921 36582 0:0 30922
30921 47391 0:0 30922
30924 36586 1:0 30924
30924 47391 1:0 30925
30924 43600 1:0 30925
30929 683 0:0 30931
30930 679 1:0 30931
30930 36586 0:0 30931
30930 47393 0:0 30931
30933 43598 1:0 30933
30933 47378 1:0 30933
30933 677 1:0 30933
30933 43587 1:0 30933
30933 47393 1:0 30934
30933 43592 1:0 30934
30933 36589 1:0 30934
30958 679 0:0 30959
30958 36589 0:0 30959
30961 36607 1:0 30961
30961 43585 1:0 30962
30961 43586 1:0 30962
30961 43579 1:0 30962
30961 43583 1:0 30962
30964 43588 1:0 30964
30974 755 1:0 30975
30992 47420 0:0 30994
30992 755 0:0 30994
30993 675 1:0 30994
30996 36616 1:0 30996
30996 47420 1:0 30997
31001 675 0:0 31003
31002 673 1:0 31003
31002 36616 0:0 31003
31005 36618 1:0 31006
31011 36607 0:0 31013
31012 47426 0:0 31013
31012 673 0:0 31013
31012 47404 0:0 31013
31012 677 0:0 31013
31012 671 1:0 31013
31012 36618 0:0 31013
31015 43578 1:0 31015
31015 47404 1:0 31015
31015 47426 1:0 31016
31015 43572 1:0 31016
31015 36621 1:0 31016
31015 43570 1:0 31016
31034 36621 0:0 31042
31041 663 1:0 31042
31041 671 0:0 31042
31044 43566 1:0 31044
31044 36639 1:0 31044
31044 43569 1:0 31044
31044 43568 1:0 31045
31045 663 0:0 31053
31048 36639 0:0 31053
31052 665 1:0 31053
31055 36643 1:0 31055
31056 665 0:0 31062
31059 36643 0:0 31062
31061 661 1:0 31062
31064 659 1:0 31064
31064 43565 1:0 31064
31064 43554 1:0 31064
31064 36646 1:0 31064
31064 43559 1:0 31064
31065 661 0:0 31090
31069 36646 0:0 31090
31092 36673 1:0 31092
31092 657 1:0 31092
31092 655 1:0 31092
31092 43555 1:0 31092
31092 755 1:0 31092
31092 36664 1:0 31094
31092 43550 1:0 31097
31092 43553 1:0 31097
31092 43552 1:0 31097
31092 43546 1:0 31123
31093 659 0:0 31128
31096 36664 0:0 31128
31124 755 21:0 31125
31124 47461 0:0 31128
31128 657 0:0 31134
31131 36673 0:0 31134
31136 36675 1:0 31139
31137 655 0:0 31144
31141 36675 0:0 31144
31143 653 1:0 31144
31146 43545 1:0 31150
31146 43539 1:0 31155
31146 47461 1:0 31158
31146 43537 1:0 31171
31159 653 0:0 31173
31159 36678 21:0 31187
31172 645 1:0 31173
31175 36696 1:0 31175
31175 43533 1:0 31175
31175 43535 1:0 31178
31175 43536 1:0 31179
31176 645 0:0 31184
31179 36696 0:0 31184
31182 47492 0:0 31184
31183 647 1:0 31184
31186 36700 1:0 31186
31186 43534 1:0 31189
31187 647 0:0 31193
31190 36700 0:0 31193
31192 643 1:0 31193
31195 47492 1:0 31195
31195 43532 1:0 31195
31195 43526 1:0 31195
31195 641 1:0 31195
31195 36703 1:0 31195
31195 43521 1:0 31195
31196 643 0:0 31221
31200 36703 0:0 31221
31223 637 1:0 31223
31223 639 1:0 31223
31223 43522 1:0 31223
31223 36730 1:0 31223
31223 755 1:0 31223
31223 36721 1:0 31225
31223 43520 1:0 31228
31223 43519 1:0 31228
31223 43517 1:0 31228
31223 43513 1:0 31254
31224 641 0:0 31259
31227 36721 0:0 31259
31255 755 21:0 31256
31255 47518 0:0 31259
31259 639 0:0 31265
31262 36730 0:0 31265
31267 36732 1:0 31270
31268 637 0:0 31275
31272 36732 0:0 31275
31274 635 1:0 31275
31277 36735 1:0 31280
31277 43512 1:0 31281
31277 43506 1:0 31286
31277 755 1:0 31289
31277 47518 1:0 31289
31277 43504 1:0 31302
31290 36735 0:0 31304
31303 635 0:0 31304
31303 627 1:0 31304
31303 43468 1:0 31451
31306 43500 1:0 31306
31306 36753 1:0 31306
31306 43503 1:0 31306
31306 43502 1:0 31307
31310 36753 21:0 31458
31313 627 0:0 31315
31314 629 1:0 31315
31314 47562 0:0 31315
31317 36757 1:0 31317
31317 43501 1:0 31318
31317 47562 1:0 31318
31322 629 0:0 31324
31323 36757 0:0 31324
31323 625 1:0 31324
31323 47564 0:0 31324
31326 623 1:0 31326
31326 43499 1:0 31326
31326 43488 1:0 31326
31326 36760 1:0 31327
31326 47564 1:0 31327
31326 43493 1:0 31327
31351 625 0:0 31352
31351 36760 0:0 31352
31354 36778 1:0 31354
31354 43487 1:0 31355
31354 43486 1:0 31355
31354 43484 1:0 31355
31354 43480 1:0 31355
31357 43489 1:0 31357
31385 755 0:0 31387
31385 47591 0:0 31387
31386 621 1:0 31387
31389 36787 1:0 31389
31389 47591 1:0 31390
31394 621 0:0 31396
31395 36787 0:0 31396
31395 619 1:0 31396
31398 36789 1:0 31399
31404 36778 0:0 31406
31405 617 1:0 31406
31405 36789 0:0 31406
31405 47597 0:0 31406
31405 619 0:0 31406
31405 623 0:0 31406
31405 47575 0:0 31406
31408 47575 1:0 31408
31408 43479 1:0 31408
31408 43471 1:0 31409
31408 47597 1:0 31409
31408 36792 1:0 31409
31408 43473 1:0 31409
31433 36792 0:0 31435
31434 609 1:0 31435
31434 617 0:0 31435
31437 36810 1:0 31437
31437 43470 1:0 31437
31437 43467 1:0 31437
31437 43469 1:0 31438
31444 47606 0:0 31446
31444 609 0:0 31446
31445 611 1:0 31446
31445 47619 0:0 31446
31445 36810 0:0 31446
31448 36814 1:0 31450
31448 47619 1:0 31451
31453 611 0:0 31455
31454 36814 0:0 31455
31454 607 1:0 31455
31457 47606 1:0 31457
31457 605 1:0 31457
31457 43455 1:0 31457
31457 43460 1:0 31457
31457 43466 1:0 31457
31457 36817 1:0 31457
31458 607 0:0 31483
31462 36817 0:0 31483
31485 603 1:0 31485
31485 755 1:0 31485
31485 43456 1:0 31485
31485 601 1:0 31485
31485 36844 1:0 31485
31485 36835 1:0 31487
31485 43453 1:0 31490
31485 43451 1:0 31490
31485 43454 1:0 31490
31485 43447 1:0 31516
31486 605 0:0 31521
31489 36835 0:0 31521
31517 755 21:0 31518
31517 47632 0:0 31521
31521 603 0:0 31527
31524 36844 0:0 31527
31529 36846 1:0 31532
31530 601 0:0 31537
31534 36846 0:0 31537
31536 599 1:0 31537
31539 43446 1:0 31543
31539 43440 1:0 31548
31539 47632 1:0 31551
31539 43438 1:0 31564
31552 36849 21:0 31580
31564 599 0:0 31566
31565 591 1:0 31566
31568 36867 1:0 31568
31568 43434 1:0 31568
31568 43436 1:0 31571
31568 43437 1:0 31572
31569 591 0:0 31577
31572 36867 0:0 31577
31575 47663 0:0 31577
31576 593 1:0 31577
31579 36871 1:0 31579
31579 43435 1:0 31582
31580 593 0:0 31586
31583 36871 0:0 31586
31585 589 1:0 31586
31588 47663 1:0 31588
31588 43422 1:0 31588
31588 36874 1:0 31588
31588 43433 1:0 31588
31588 587 1:0 31588
31588 43427 1:0 31588
31589 589 0:0 31614
31593 36874 0:0 31614
31616 585 1:0 31616
31616 36901 1:0 31616
31616 583 1:0 31616
31616 755 1:0 31616
31616 43423 1:0 31616
31616 36892 1:0 31618
31616 43421 1:0 31621
31616 43418 1:0 31621
31616 43420 1:0 31621
31616 43414 1:0 31647
31617 587 0:0 31652
31620 36892 0:0 31652
31648 755 21:0 31649
31648 47689 0:0 31652
31652 585 0:0 31658
31655 36901 0:0 31658
31660 36903 1:0 31663
31661 583 0:0 31668
31665 36903 0:0 31668
31667 581 1:0 31668
31670 36906 1:0 31673
31670 43413 1:0 31674
31670 43407 1:0 31679
31670 47689 1:0 31682
31670 755 1:0 31682
31670 43405 1:0 31695
31683 36906 0:0 31697
31696 573 1:0 31697
31696 581 0:0 31697
31696 43369 1:0 31844
31699 36924 1:0 31699
31699 43404 1:0 31699
31699 43401 1:0 31699
31699 43403 1:0 31700
31703 36924 21:0 31851
31706 573 0:0 31708
31707 47733 0:0 31708
31707 575 1:0 31708
31710 36928 1:0 31710
31710 47733 1:0 31711
31710 43402 1:0 31711
31715 575 0:0 31717
31716 36928 0:0 31717
31716 47735 0:0 31717
31716 571 1:0 31717
31719 569 1:0 31719
31719 43400 1:0 31719
31719 43389 1:0 31719
31719 43394 1:0 31720
31719 47735 1:0 31720
31719 36931 1:0 31720
31744 571 0:0 31745
31744 36931 0:0 31745
31747 36949 1:0 31747
31747 43381 1:0 31748
31747 43388 1:0 31748
31747 43387 1:0 31748
31747 43385 1:0 31748
31750 43390 1:0 31750
31778 755 0:0 31780
31778 47762 0:0 31780
31779 567 1:0 31780
31782 36958 1:0 31782
31782 47762 1:0 31783
31787 567 0:0 31789
31788 565 1:0 31789
31788 36958 0:0 31789
31791 36960 1:0 31792
31797 36949 0:0 31799
31798 36960 0:0 31799
31798 563 1:0 31799
31798 47746 0:0 31799
31798 47768 0:0 31799
31798 565 0:0 31799
31798 569 0:0 31799
31801 43380 1:0 31801
31801 47746 1:0 31801
31801 47768 1:0 31802
31801 43372 1:0 31802
31801 36963 1:0 31802
31801 43374 1:0 31802
31826 36963 0:0 31828
31827 563 0:0 31828
31827 555 1:0 31828
31830 36981 1:0 31830
31830 43371 1:0 31830
31830 43368 1:0 31830
31830 43370 1:0 31831
31837 47777 0:0 31839
31837 555 0:0 31839
31838 557 1:0 31839
31838 36981 0:0 31839
31838 47790 0:0 31839
31841 36985 1:0 31843
31841 47790 1:0 31844
31846 557 0:0 31848
31847 36985 0:0 31848
31847 553 1:0 31848
31850 551 1:0 31850
31850 43356 1:0 31850
31850 43367 1:0 31850
31850 43361 1:0 31850
31850 47777 1:0 31850
31850 36988 1:0 31853
31851 553 0:0 31876
31855 36988 0:0 31876
31878 755 1:0 31878
31878 547 1:0 31878
31878 43357 1:0 31878
31878 37015 1:0 31878
31878 549 1:0 31878
31878 37006 1:0 31880
31878 43352 1:0 31883
31878 43354 1:0 31883
31878 43355 1:0 31883
31878 43348 1:0 31909
31879 551 0:0 31914
31882 37006 0:0 31914
31910 755 21:0 31911
31910 47803 0:0 31914
31914 549 0:0 31920
31917 37015 0:0 31920
31922 37017 1:0 31925
31923 547 0:0 31930
31927 37017 0:0 31930
31929 545 1:0 31930
31932 43347 1:0 31936
31932 43341 1:0 31941
31932 47803 1:0 31944
31932 43339 1:0 31957
31945 37020 21:0 31973
31957 545 0:0 31959
31958 537 1:0 31959
31961 43335 1:0 31961
31961 37038 1:0 31961
31961 43337 1:0 31964
31961 43338 1:0 31965
31962 537 0:0 31970
31965 37038 0:0 31970
31968 47834 0:0 31970
31969 539 1:0 31970
31972 37042 1:0 31972
31972 43336 1:0 31975
31973 539 0:0 31979
31976 37042 0:0 31979
31978 535 1:0 31979
31981 47834 1:0 31981
31981 43323 1:0 31981
31981 37045 1:0 31981
31981 533 1:0 31981
31981 43328 1:0 31981
31981 43334 1:0 31981
31982 535 0:0 32007
31986 37045 0:0 32007
32009 531 1:0 32009
32009 755 1:0 32009
32009 43324 1:0 32009
32009 529 1:0 32009
32009 37072 1:0 32009
32009 37063 1:0 32011
32009 43321 1:0 32014
32009 43319 1:0 32014
32009 43322 1:0 32014
32009 43315 1:0 32040
32010 533 0:0 32045
32013 37063 0:0 32045
32041 755 21:0 32042
32041 47860 0:0 32045
32045 531 0:0 32051
32048 37072 0:0 32051
32053 37074 1:0 32056
32054 529 0:0 32061
32058 37074 0:0 32061
32060 527 1:0 32061
32063 37077 1:0 32066
32063 43314 1:0 32067
32063 43308 1:0 32072
32063 47860 1:0 32075
32063 755 1:0 32075
32063 43306 1:0 32088
32076 37077 0:0 32090
32089 519 1:0 32090
32089 527 0:0 32090
32089 43270 1:0 32237
32092 43302 1:0 32092
32092 43305 1:0 32092
32092 37095 1:0 32092
32092 43304 1:0 32093
32096 37095 21:0 32244
32099 519 0:0 32101
32100 47904 0:0 32101
32100 521 1:0 32101
32103 37099 1:0 32103
32103 43303 1:0 32104
32103 47904 1:0 32104
32108 521 0:0 32110
32109 47906 0:0 32110
32109 517 1:0 32110
32109 37099 0:0 32110
32112 43290 1:0 32112
32112 43301 1:0 32112
32112 515 1:0 32112
32112 43295 1:0 32113
32112 47906 1:0 32113
32112 37102 1:0 32113
32137 517 0:0 32138
32137 37102 0:0 32138
32140 37120 1:0 32140
32140 43286 1:0 32141
32140 43282 1:0 32141
32140 43289 1:0 32141
32140 43288 1:0 32141
32143 43291 1:0 32143
32171 755 0:0 32173
32171 47933 0:0 32173
32172 513 1:0 32173
32175 37129 1:0 32175
32175 47933 1:0 32176
32180 513 0:0 32182
32181 511 1:0 32182
32181 37129 0:0 32182
32184 37131 1:0 32185
32190 37120 0:0 32192
32191 37131 0:0 32192
32191 515 0:0 32192
32191 47917 0:0 32192
32191 47939 0:0 32192
32191 511 0:0 32192
32191 509 1:0 32192
32194 47917 1:0 32194
32194 43281 1:0 32194
32194 43275 1:0 32195
32194 37134 1:0 32195
32194 47939 1:0 32195
32194 43273 1:0 32195
32219 37134 0:0 32221
32220 509 0:0 32221
32220 501 1:0 32221
32223 43269 1:0 32223
32223 43272 1:0 32223
32223 37152 1:0 32223
32223 43271 1:0 32224
32230 501 0:0 32232
32230 47948 0:0 32232
32231 503 1:0 32232
32231 37152 0:0 32232
32231 47961 0:0 32232
32234 37156 1:0 32236
32234 47961 1:0 32237
32239 503 0:0 32241
32240 499 1:0 32241
32240 37156 0:0 32241
32240 37266 1:0 32481
32243 43268 1:0 32243
32243 47948 1:0 32243
32243 497 1:0 32243
32243 43257 1:0 32243
32243 43262 1:0 32243
32243 37159 1:0 32244
32244 499 0:0 32269
32248 37159 0:0 32269
32271 493 1:0 32271
32271 37186 1:0 32271
32271 37177 1:0 32271
32271 43258 1:0 32271
32271 755 1:0 32271
32271 495 1:0 32271
32271 43253 1:0 32272
32271 43255 1:0 32272
32271 43249 1:0 32272
32271 43256 1:0 32272
32272 497 0:0 32307
32275 37177 0:0 32307
32303 47974 0:0 32307
32307 495 0:0 32313
32310 37186 0:0 32313
32315 37188 1:0 32316
32316 493 0:0 32323
32320 37188 0:0 32323
32322 491 1:0 32323
32325 43248 1:0 32325
32325 47974 1:0 32325
32325 43242 1:0 32326
32325 43240 1:0 32350
32338 37191 21:0 32366
32350 491 0:0 32352
32351 483 1:0 32352
32354 37209 1:0 32354
32354 43236 1:0 32354
32354 43238 1:0 32357
32354 43239 1:0 32358
32355 483 0:0 32363
32358 37209 0:0 32363
32361 48005 0:0 32363
32362 485 1:0 32363
32365 37213 1:0 32365
32365 43237 1:0 32368
32366 485 0:0 32372
32369 37213 0:0 32372
32371 481 1:0 32372
32374 479 1:0 32374
32374 43229 1:0 32374
32374 43224 1:0 32374
32374 43235 1:0 32374
32374 48005 1:0 32374
32374 37216 1:0 32375
32375 481 0:0 32400
32379 37216 0:0 32400
32402 43225 1:0 32402
32402 477 1:0 32402
32402 37234 1:0 32402
32402 475 1:0 32402
32402 37243 1:0 32402
32402 43216 1:0 32403
32402 43222 1:0 32403
32402 43223 1:0 32403
32402 43220 1:0 32403
32403 479 0:0 32438
32406 37234 0:0 32438
32434 755 21:0 32435
32434 48031 0:0 32438
32438 477 0:0 32444
32441 37243 0:0 32444
32446 37245 1:0 32447
32447 475 0:0 32454
32451 37245 0:0 32454
32453 473 1:0 32454
32456 37248 1:0 32459
32456 43215 1:0 32460
32456 43209 1:0 32465
32456 48031 1:0 32468
32456 43207 1:0 32481
32463 755 1:0 32481
32482 465 1:0 32483
32482 473 0:0 32483
32482 37248 0:0 32483
32482 43171 1:0 32630
32485 43206 1:0 32485
32485 43203 1:0 32485
32485 43205 1:0 32486
32489 37266 21:0 32637
32492 465 0:0 32494
32493 48075 0:0 32494
32493 467 1:0 32494
32496 37270 1:0 32496
32496 48075 1:0 32497
32496 43204 1:0 32497
32501 467 0:0 32503
32502 37270 0:0 32503
32502 48077 0:0 32503
32502 463 1:0 32503
32505 43202 1:0 32505
32505 43191 1:0 32505
32505 461 1:0 32505
32505 48077 1:0 32506
32505 43196 1:0 32506
32505 37273 1:0 32506
32530 37273 0:0 32531
32530 463 0:0 32531
32533 37291 1:0 32533
32533 43183 1:0 32534
32533 43190 1:0 32534
32533 43187 1:0 32534
32533 43189 1:0 32534
32536 43192 1:0 32536
32564 48104 0:0 32566
32564 755 0:0 32566
32565 459 1:0 32566
32568 37300 1:0 32568
32568 48104 1:0 32569
32573 459 0:0 32575
32574 457 1:0 32575
32574 37300 0:0 32575
32577 37302 1:0 32578
32583 37291 0:0 32585
32584 48110 0:0 32585
32584 48088 0:0 32585
32584 457 0:0 32585
32584 37302 0:0 32585
32584 461 0:0 32585
32584 455 1:0 32585
32587 43182 1:0 32587
32587 48088 1:0 32587
32587 48110 1:0 32588
32587 37305 1:0 32588
32587 43174 1:0 32588
32587 43176 1:0 32588
32613 455 0:0 32614
32613 447 1:0 32614
32613 37305 0:0 32614
32616 43170 1:0 32616
32616 37323 1:0 32616
32616 43173 1:0 32616
32616 43172 1:0 32617
32623 447 0:0 32625
32623 48119 0:0 32625
32624 37323 0:0 32625
32624 48132 0:0 32625
32624 449 1:0 32625
32627 37327 1:0 32629
32627 48132 1:0 32630
32632 449 0:0 32634
32633 37327 0:0 32634
32633 445 1:0 32634
32633 37437 1:0 32874
32636 43158 1:0 32636
32636 43169 1:0 32636
32636 443 1:0 32636
32636 43163 1:0 32636
32636 48119 1:0 32636
32636 37330 1:0 32637
32637 445 0:0 32662
32641 37330 0:0 32662
32664 43159 1:0 32664
32664 441 1:0 32664
32664 755 1:0 32664
32664 439 1:0 32664
32664 37357 1:0 32664
32664 37348 1:0 32664
32664 43157 1:0 32665
32664 43154 1:0 32665
32664 43156 1:0 32665
32664 43150 1:0 32665
32665 443 0:0 32700
32668 37348 0:0 32700
32696 48145 0:0 32700
32700 441 0:0 32706
32703 37357 0:0 32706
32708 37359 1:0 32709
32709 439 0:0 32716
32713 37359 0:0 32716
32715 437 1:0 32716
32718 48145 1:0 32718
32718 43149 1:0 32718
32718 43143 1:0 32719
32718 43141 1:0 32743
32731 37362 21:0 32759
32743 437 0:0 32745
32744 429 1:0 32745
32747 43137 1:0 32747
32747 37380 1:0 32747
32747 43139 1:0 32750
32747 43140 1:0 32751
32748 429 0:0 32756
32751 37380 0:0 32756
32754 48176 0:0 32756
32755 431 1:0 32756
32758 37384 1:0 32758
32758 43138 1:0 32761
32759 431 0:0 32765
32762 37384 0:0 32765
32764 427 1:0 32765
32767 43130 1:0 32767
32767 43136 1:0 32767
32767 43125 1:0 32767
32767 48176 1:0 32767
32767 425 1:0 32767
32767 37387 1:0 32768
32768 427 0:0 32793
32772 37387 0:0 32793
32795 37405 1:0 32795
32795 423 1:0 32795
32795 421 1:0 32795
32795 37414 1:0 32795
32795 43126 1:0 32795
32795 43123 1:0 32796
32795 43121 1:0 32796
32795 43124 1:0 32796
32795 43117 1:0 32796
32796 425 0:0 32831
32799 37405 0:0 32831
32827 755 21:0 32828
32827 48202 0:0 32831
32831 423 0:0 32837
32834 37414 0:0 32837
32839 37416 1:0 32840
32840 421 0:0 32847
32844 37416 0:0 32847
32846 419 1:0 32847
32849 37419 1:0 32852
32849 43116 1:0 32853
32849 43110 1:0 32858
32849 48202 1:0 32861
32849 43108 1:0 32874
32856 755 1:0 32874
32875 419 0:0 32876
32875 37419 0:0 32876
32875 411 1:0 32876
32875 43072 1:0 33023
32878 43104 1:0 32878
32878 43107 1:0 32878
32878 43106 1:0 32879
32882 37437 21:0 33030
32885 411 0:0 32887
32886 48246 0:0 32887
32886 413 1:0 32887
32889 37441 1:0 32889
32889 43105 1:0 32890
32889 48246 1:0 32890
32894 413 0:0 32896
32895 37441 0:0 32896
32895 409 1:0 32896
32895 48248 0:0 32896
32898 407 1:0 32898
32898 43092 1:0 32898
32898 43103 1:0 32898
32898 43097 1:0 32899
32898 48248 1:0 32899
32898 37444 1:0 32899
32923 409 0:0 32924
32923 37444 0:0 32924
32926 37462 1:0 32926
32926 43091 1:0 32927
32926 43088 1:0 32927
32926 43090 1:0 32927
32926 43084 1:0 32927
32929 43093 1:0 32929
32957 755 0:0 32959
32957 48275 0:0 32959
32958 405 1:0 32959
32961 37471 1:0 32961
32961 48275 1:0 32962
32966 405 0:0 32968
32967 403 1:0 32968
32967 37471 0:0 32968
32970 37473 1:0 32971
32976 37462 0:0 32978
32977 403 0:0 32978
32977 407 0:0 32978
32977 48281 0:0 32978
32977 48259 0:0 32978
32977 37473 0:0 32978
32977 401 1:0 32978
32980 43083 1:0 32980
32980 48259 1:0 32980
32980 48281 1:0 32981
32980 37476 1:0 32981
32980 43077 1:0 32981
32980 43075 1:0 32981
33006 401 0:0 33007
33006 393 1:0 33007
33006 37476 0:0 33007
33009 43074 1:0 33009
33009 37494 1:0 33009
33009 43071 1:0 33009
33009 43073 1:0 33010
33016 48290 0:0 33018
33016 393 0:0 33018
33017 395 1:0 33018
33017 37494 0:0 33018
33017 48303 0:0 33018
33020 37498 1:0 33022
33020 48303 1:0 33023
33025 395 0:0 33027
33026 391 1:0 33027
33026 37498 0:0 33027
33026 37608 1:0 33267
33029 48290 1:0 33029
33029 43064 1:0 33029
33029 43059 1:0 33029
33029 43070 1:0 33029
33029 389 1:0 33029
33029 37501 1:0 33030
33030 391 0:0 33055
33034 37501 0:0 33055
33057 43060 1:0 33057
33057 37519 1:0 33057
33057 755 1:0 33057
33057 387 1:0 33057
33057 385 1:0 33057
33057 37528 1:0 33057
33057 43051 1:0 33058
33057 43055 1:0 33058
33057 43058 1:0 33058
33057 43057 1:0 33058
33058 389 0:0 33093
33061 37519 0:0 33093
33089 48316 0:0 33093
33093 387 0:0 33099
33096 37528 0:0 33099
33101 37530 1:0 33102
33102 385 0:0 33109
33106 37530 0:0 33109
33108 383 1:0 33109
33111 43050 1:0 33111
33111 48316 1:0 33111
33111 43044 1:0 33112
33111 37533 1:0 33112
33111 43042 1:0 33136
33137 383 0:0 33138
33137 37533 0:0 33138
33137 375 1:0 33138
33140 43038 1:0 33140
33140 37551 1:0 33140
33140 43040 1:0 33143
33140 43041 1:0 33144
33141 375 0:0 33149
33144 37551 0:0 33149
33148 377 1:0 33149
33151 37555 1:0 33151
33151 43039 1:0 33154
33152 377 0:0 33158
33155 37555 0:0 33158
33157 373 1:0 33158
33160 371 1:0 33160
33160 43031 1:0 33160
33160 43026 1:0 33160
33160 43037 1:0 33160
33160 37558 1:0 33161
33161 373 0:0 33186
33165 37558 0:0 33186
33188 369 1:0 33188
33188 367 1:0 33188
33188 37585 1:0 33188
33188 43027 1:0 33188
33188 37576 1:0 33188
33188 43018 1:0 33189
33188 43022 1:0 33189
33188 43024 1:0 33189
33188 43025 1:0 33189
33189 371 0:0 33224
33192 37576 0:0 33224
33220 755 21:0 33221
33220 48373 0:0 33224
33224 369 0:0 33230
33227 37585 0:0 33230
33232 37587 1:0 33233
33233 367 0:0 33240
33237 37587 0:0 33240
33239 365 1:0 33240
33242 37590 1:0 33245
33242 43017 1:0 33246
33242 43011 1:0 33251
33242 48373 1:0 33254
33242 43009 1:0 33267
33249 755 1:0 33267
33268 365 0:0 33269
33268 37590 0:0 33269
33268 357 1:0 33269
33268 42973 1:0 33416
33271 43008 1:0 33271
33271 43005 1:0 33271
33271 43007 1:0 33272
33275 37608 21:0 33423
33278 357 0:0 33280
33279 359 1:0 33280
33279 48417 0:0 33280
33282 37612 1:0 33282
33282 48417 1:0 33283
33282 43006 1:0 33283
33287 359 0:0 33289
33288 37612 0:0 33289
33288 355 1:0 33289
33288 48419 0:0 33289
33291 42993 1:0 33291
33291 43004 1:0 33291
33291 353 1:0 33291
33291 37615 1:0 33292
33291 42998 1:0 33292
33291 48419 1:0 33292
33316 37615 0:0 33317
33316 355 0:0 33317
33319 37633 1:0 33319
33319 42991 1:0 33320
33319 42989 1:0 33320
33319 42992 1:0 33320
33319 42985 1:0 33320
33322 42994 1:0 33322
33350 48446 0:0 33352
33350 755 0:0 33352
33351 351 1:0 33352
33354 37642 1:0 33354
33354 48446 1:0 33355
33359 351 0:0 33361
33360 349 1:0 33361
33360 37642 0:0 33361
33363 37644 1:0 33364
33369 37633 0:0 33371
33370 347 1:0 33371
33370 349 0:0 33371
33370 353 0:0 33371
33370 48452 0:0 33371
33370 48430 0:0 33371
33370 37644 0:0 33371
33373 42984 1:0 33373
33373 48430 1:0 33373
33373 48452 1:0 33374
33373 42976 1:0 33374
33373 42978 1:0 33374
33373 37647 1:0 33374
33399 339 1:0 33400
33399 347 0:0 33400
33399 37647 0:0 33400
33402 37665 1:0 33402
33402 42972 1:0 33402
33402 42975 1:0 33402
33402 42974 1:0 33403
33409 339 0:0 33411
33409 48461 0:0 33411
33410 48474 0:0 33411
33410 37665 0:0 33411
33410 341 1:0 33411
33413 37669 1:0 33415
33413 48474 1:0 33416
33418 341 0:0 33420
33419 37669 0:0 33420
33419 337 1:0 33420
33419 37779 1:0 33660
33422 42960 1:0 33422
33422 42971 1:0 33422
33422 42965 1:0 33422
33422 335 1:0 33422
33422 48461 1:0 33422
33422 37672 1:0 33423
33423 337 0:0 33448
33427 37672 0:0 33448
33450 331 1:0 33450
33450 333 1:0 33450
33450 42961 1:0 33450
33450 37690 1:0 33450
33450 37699 1:0 33450
33450 755 1:0 33450
33450 42959 1:0 33451
33450 42956 1:0 33451
33450 42958 1:0 33451
33450 42952 1:0 33451
33451 335 0:0 33486
33454 37690 0:0 33486
33482 48487 0:0 33486
33486 333 0:0 33492
33489 37699 0:0 33492
33494 37701 1:0 33495
33495 331 0:0 33502
33499 37701 0:0 33502
33501 329 1:0 33502
33504 42951 1:0 33504
33504 48487 1:0 33504
33504 37704 1:0 33505
33504 42945 1:0 33505
33504 42943 1:0 33529
33530 37704 0:0 33531
33530 321 1:0 33531
33530 329 0:0 33531
33533 37722 1:0 33533
33533 42939 1:0 33534
33533 42941 1:0 33536
33533 42942 1:0 33537
33534 321 0:0 33542
33537 37722 0:0 33542
33541 323 1:0 33542
33544 37726 1:0 33544
33544 42940 1:0 33547
33545 323 0:0 33551
33548 37726 0:0 33551
33550 319 1:0 33551
33553 42932 1:0 33553
33553 42927 1:0 33553
33553 317 1:0 33553
33553 42938 1:0 33553
33553 37729 1:0 33554
33554 319 0:0 33579
33558 37729 0:0 33579
33581 313 1:0 33581
33581 37747 1:0 33581
33581 315 1:0 33581
33581 42928 1:0 33581
33581 37756 1:0 33581
33581 42926 1:0 33582
33581 42923 1:0 33582
33581 42925 1:0 33582
33581 42919 1:0 33582
33582 317 0:0 33617
33585 37747 0:0 33617
33613 755 21:0 33614
33613 48544 0:0 33617
33617 315 0:0 33623
33620 37756 0:0 33623
33625 37758 1:0 33626
33626 313 0:0 33633
33630 37758 0:0 33633
33632 311 1:0 33633
33635 37761 1:0 33638
33635 42918 1:0 33639
33635 42912 1:0 33644
33635 48544 1:0 33647
33635 42910 1:0 33660
33642 755 1:0 33660
33661 303 1:0 33662
33661 311 0:0 33662
33661 37761 0:0 33662
33661 42874 1:0 33809
33664 42909 1:0 33664
33664 42906 1:0 33665
33664 42908 1:0 33665
33668 37779 21:0 33816
33671 303 0:0 33673
33672 305 1:0 33673
33672 48588 0:0 33673
33675 37783 1:0 33675
33675 42907 1:0 33676
33675 48588 1:0 33676
33680 305 0:0 33682
33681 37783 0:0 33682
33681 48590 0:0 33682
33681 301 1:0 33682
33684 42905 1:0 33684
33684 42894 1:0 33684
33684 299 1:0 33684
33684 42899 1:0 33685
33684 48590 1:0 33685
33684 37786 1:0 33685
33709 37786 0:0 33710
33709 301 0:0 33710
33712 37804 1:0 33712
33712 42890 1:0 33713
33712 42893 1:0 33713
33712 42892 1:0 33713
33712 42886 1:0 33713
33715 42895 1:0 33715
33743 48617 0:0 33745
33743 755 0:0 33745
33744 297 1:0 33745
33747 37813 1:0 33747
33747 48617 1:0 33748
33752 297 0:0 33754
33753 295 1:0 33754
33753 37813 0:0 33754
33756 37815 1:0 33757
33762 37804 0:0 33764
33763 299 0:0 33764
33763 293 1:0 33764
33763 37815 0:0 33764
33763 48623 0:0 33764
33763 48601 0:0 33764
33763 295 0:0 33764
33766 42885 1:0 33766
33766 48601 1:0 33766
33766 42877 1:0 33767
33766 42879 1:0 33767
33766 48623 1:0 33767
33766 37818 1:0 33767
33792 285 1:0 33793
33792 37818 0:0 33793
33792 293 0:0 33793
33795 42876 1:0 33795
33795 37836 1:0 33795
33795 42875 1:0 33796
33795 42873 1:0 33796
33802 48632 0:0 33804
33802 285 0:0 33804
33803 48645 0:0 33804
33803 37836 0:0 33804
33803 287 1:0 33804
33806 37840 1:0 33808
33806 48645 1:0 33809
33811 287 0:0 33813
33812 37840 0:0 33813
33812 283 1:0 33813
33812 37950 1:0 34053
33815 48632 1:0 33815
33815 281 1:0 33815
33815 42861 1:0 33815
33815 42866 1:0 33815
33815 42872 1:0 33815
33815 37843 1:0 33816
33816 283 0:0 33841
33820 37843 0:0 33841
33843 37861 1:0 33843
33843 37870 1:0 33843
33843 755 1:0 33843
33843 277 1:0 33843
33843 279 1:0 33843
33843 42862 1:0 33843
33843 42853 1:0 33844
33843 42859 1:0 33844
33843 42857 1:0 33844
33843 42860 1:0 33844
33844 281 0:0 33879
33847 37861 0:0 33879
33875 48658 0:0 33879
33879 279 0:0 33885
33882 37870 0:0 33885
33887 37872 1:0 33888
33888 277 0:0 33895
33892 37872 0:0 33895
33894 275 1:0 33895
33897 48658 1:0 33897
33897 42852 1:0 33897
33897 42846 1:0 33898
33897 37875 1:0 33898
33897 42844 1:0 33922
33923 37875 0:0 33924
33923 267 1:0 33924
33923 275 0:0 33924
33926 37893 1:0 33926
33926 42840 1:0 33927
33926 42842 1:0 33929
33926 42843 1:0 33930
33927 267 0:0 33935
33930 37893 0:0 33935
33934 269 1:0 33935
33937 37897 1:0 33937
33937 42841 1:0 33940
33938 269 0:0 33944
33941 37897 0:0 33944
33943 265 1:0 33944
33946 42839 1:0 33946
33946 42828 1:0 33946
33946 42833 1:0 33946
33946 263 1:0 33946
33946 37900 1:0 33947
33947 265 0:0 33972
33951 37900 0:0 33972
33974 37927 1:0 33974
33974 42829 1:0 33974
33974 259 1:0 33974
33974 261 1:0 33974
33974 37918 1:0 33974
33974 42827 1:0 33975
33974 42820 1:0 33975
33974 42826 1:0 33975
33974 42824 1:0 33975
33975 263 0:0 34010
33978 37918 0:0 34010
34006 755 21:0 34007
34006 48715 0:0 34010
34010 261 0:0 34016
34013 37927 0:0 34016
34018 37929 1:0 34019
34019 259 0:0 34026
34023 37929 0:0 34026
34025 257 1:0 34026
34028 37932 1:0 34031
34028 42819 1:0 34032
34028 42813 1:0 34037
34028 48715 1:0 34040
34028 42811 1:0 34053
34035 755 1:0 34053
34054 257 0:0 34055
34054 249 1:0 34055
34054 37932 0:0 34055
34054 42775 1:0 34202
34057 42810 1:0 34057
34057 42807 1:0 34058
34057 42809 1:0 34058
34061 37950 21:0 34209
34064 249 0:0 34066
34065 251 1:0 34066
34065 48759 0:0 34066
34068 37954 1:0 34068
34068 42808 1:0 34069
34068 48759 1:0 34069
34073 251 0:0 34075
34074 37954 0:0 34075
34074 48761 0:0 34075
34074 247 1:0 34075
34077 42806 1:0 34077
34077 245 1:0 34077
34077 42795 1:0 34077
34077 48761 1:0 34078
34077 37957 1:0 34078
34077 42800 1:0 34078
34102 37957 0:0 34103
34102 247 0:0 34103
34105 37975 1:0 34105
34105 42794 1:0 34106
34105 42791 1:0 34106
34105 42793 1:0 34106
34105 42787 1:0 34106
34108 42796 1:0 34108
34136 755 0:0 34138
34136 48788 0:0 34138
34137 243 1:0 34138
34140 37984 1:0 34140
34140 48788 1:0 34141
34145 243 0:0 34147
34146 241 1:0 34147
34146 37984 0:0 34147
34149 37986 1:0 34150
34155 37975 0:0 34157
34156 48772 0:0 34157
34156 48794 0:0 34157
34156 239 1:0 34157
34156 37986 0:0 34157
34156 241 0:0 34157
34156 245 0:0 34157
34159 42786 1:0 34159
34159 48772 1:0 34159
34159 37989 1:0 34160
34159 42778 1:0 34160
34159 48794 1:0 34160
34159 42780 1:0 34160
34185 231 1:0 34186
34185 37989 0:0 34186
34185 239 0:0 34186
34188 38007 1:0 34188
34188 42777 1:0 34188
34188 42776 1:0 34189
34188 42774 1:0 34189
34195 48803 0:0 34197
34195 231 0:0 34197
34196 38007 0:0 34197
34196 48816 0:0 34197
34196 233 1:0 34197
34199 38011 1:0 34201
34199 48816 1:0 34202
34204 233 0:0 34206
34205 229 1:0 34206
34205 38011 0:0 34206
34205 38121 1:0 34446
34208 48803 1:0 34208
34208 42762 1:0 34208
34208 42767 1:0 34208
34208 227 1:0 34208
34208 42773 1:0 34208
34208 38014 1:0 34209
34209 229 0:0 34234
34213 38014 0:0 34234
34236 42763 1:0 34236
34236 223 1:0 34236
34236 225 1:0 34236
34236 38032 1:0 34236
34236 755 1:0 34236
34236 38041 1:0 34236
34236 42754 1:0 34237
34236 42761 1:0 34237
34236 42760 1:0 34237
34236 42758 1:0 34237
34237 227 0:0 34272
34240 38032 0:0 34272
34268 48829 0:0 34272
34272 225 0:0 34278
34275 38041 0:0 34278
34280 38043 1:0 34281
34281 223 0:0 34288
34285 38043 0:0 34288
34287 221 1:0 34288
34290 48829 1:0 34290
34290 42753 1:0 34290
34290 42747 1:0 34291
34290 38046 1:0 34291
34290 42745 1:0 34315
34316 221 0:0 34317
34316 38046 0:0 34317
34316 213 1:0 34317
34319 38064 1:0 34319
34319 42741 1:0 34320
34319 42743 1:0 34322
34319 42744 1:0 34323
34320 213 0:0 34328
34323 38064 0:0 34328
34327 215 1:0 34328
34330 38068 1:0 34330
34330 42742 1:0 34333
34331 215 0:0 34337
34334 38068 0:0 34337
34336 211 1:0 34337
34339 42734 1:0 34339
34339 42729 1:0 34339
34339 42740 1:0 34339
34339 209 1:0 34339
34339 38071 1:0 34340
34340 211 0:0 34365
34344 38071 0:0 34365
34367 38098 1:0 34367
34367 207 1:0 34367
34367 38089 1:0 34367
34367 205 1:0 34367
34367 42730 1:0 34367
34367 42728 1:0 34368
34367 42725 1:0 34368
34367 42727 1:0 34368
34367 42721 1:0 34368
34368 209 0:0 34403
34371 38089 0:0 34403
34399 755 21:0 34400
34399 48886 0:0 34403
34403 207 0:0 34409
34406 38098 0:0 34409
34411 38100 1:0 34412
34412 205 0:0 34419
34416 38100 0:0 34419
34418 203 1:0 34419
34421 38103 1:0 34424
34421 42720 1:0 34425
34421 42714 1:0 34430
34421 48886 1:0 34433
34421 42712 1:0 34446
34428 755 1:0 34446
34447 38103 0:0 34448
34447 195 1:0 34448
34447 203 0:0 34448
34447 42676 1:0 34595
34450 42711 1:0 34450
34450 42708 1:0 34451
34450 42710 1:0 34451
34454 38121 21:0 34602
34457 195 0:0 34459
34458 48930 0:0 34459
34458 197 1:0 34459
34461 38125 1:0 34461
34461 48930 1:0 34462
34461 42709 1:0 34462
34466 197 0:0 34468
34467 193 1:0 34468
34467 48932 0:0 34468
34467 38125 0:0 34468
34470 42707 1:0 34470
34470 42696 1:0 34470
34470 191 1:0 34470
34470 38128 1:0 34471
34470 42701 1:0 34471
34470 48932 1:0 34471
34495 38128 0:0 34496
34495 193 0:0 34496
34498 38146 1:0 34498
34498 42692 1:0 34499
34498 42694 1:0 34499
34498 42695 1:0 34499
34498 42688 1:0 34499
34501 42697 1:0 34501
34529 755 0:0 34531
34529 48959 0:0 34531
34530 189 1:0 34531
34533 38155 1:0 34533
34533 48959 1:0 34534
34538 189 0:0 34540
34539 187 1:0 34540
34539 38155 0:0 34540
34542 38157 1:0 34543
34548 38146 0:0 34550
34549 48943 0:0 34550
34549 187 0:0 34550
34549 185 1:0 34550
34549 191 0:0 34550
34549 48965 0:0 34550
34549 38157 0:0 34550
34552 48943 1:0 34552
34552 42687 1:0 34552
34552 48965 1:0 34553
34552 42681 1:0 34553
34552 38160 1:0 34553
34552 42679 1:0 34553
34578 185 0:0 34579
34578 177 1:0 34579
34578 38160 0:0 34579
34581 38178 1:0 34581
34581 42678 1:0 34581
34581 42675 1:0 34582
34581 42677 1:0 34582
34588 177 0:0 34590
34588 48974 0:0 34590
34589 48987 0:0 34590
34589 38178 0:0 34590
34589 179 1:0 34590
34592 38182 1:0 34594
34592 48987 1:0 34595
34597 179 0:0 34599
34598 38182 0:0 34599
34598 175 1:0 34599
34598 38292 1:0 34839
34601 42663 1:0 34601
34601 42674 1:0 34601
34601 173 1:0 34601
34601 48974 1:0 34601
34601 42668 1:0 34601
34601 38185 1:0 34602
34602 175 0:0 34627
34606 38185 0:0 34627
34629 38212 1:0 34629
34629 38203 1:0 34629
34629 171 1:0 34629
34629 42664 1:0 34629
34629 169 1:0 34629
34629 755 1:0 34629
34629 42659 1:0 34630
34629 42661 1:0 34630
34629 42655 1:0 34630
34629 42662 1:0 34630
34630 173 0:0 34665
34633 38203 0:0 34665
34661 49000 0:0 34665
34665 171 0:0 34671
34668 38212 0:0 34671
34673 38214 1:0 34674
34674 169 0:0 34681
34678 38214 0:0 34681
34680 167 1:0 34681
34683 49000 1:0 34683
34683 42654 1:0 34683
34683 38217 1:0 34684
34683 42648 1:0 34684
34683 42646 1:0 34708
34709 167 0:0 34710
34709 38217 0:0 34710
34709 159 1:0 34710
34712 38235 1:0 34712
34712 42642 1:0 34713
34712 42644 1:0 34715
34712 42645 1:0 34716
34713 159 0:0 34721
34716 38235 0:0 34721
34720 161 1:0 34721
34723 38239 1:0 34723
34723 42643 1:0 34726
34724 161 0:0 34730
34727 38239 0:0 34730
34729 157 1:0 34730
34732 42630 1:0 34732
34732 42641 1:0 34732
34732 42635 1:0 34732
34732 38242 1:0 34733
34733 157 0:0 34758
34737 38242 0:0 34758
34757 155 1:0 34758
34760 151 1:0 34760
34760 42631 1:0 34760
34760 153 1:0 34760
34760 38269 1:0 34760
34760 38260 1:0 34760
34760 42628 1:0 34761
34760 42626 1:0 34761
34760 42629 1:0 34761
34760 42622 1:0 34761
34761 155 0:0 34796
34764 38260 0:0 34796
34792 755 21:0 34793
34792 49057 0:0 34796
34796 153 0:0 34802
34799 38269 0:0 34802
34804 38271 1:0 34805
34805 151 0:0 34812
34809 38271 0:0 34812
34811 149 1:0 34812
34814 38274 1:0 34817
34814 42621 1:0 34818
34814 42615 1:0 34823
34814 49057 1:0 34826
34814 42613 1:0 34839
34821 755 1:0 34839
34840 149 0:0 34841
34840 38274 0:0 34841
34840 141 1:0 34841
34840 42577 1:0 34988
34843 42612 1:0 34843
34843 42609 1:0 34844
34843 42611 1:0 34844
34847 38292 21:0 34995
34850 141 0:0 34852
34851 49101 0:0 34852
34851 143 1:0 34852
34854 38296 1:0 34854
34854 42610 1:0 34855
34854 49101 1:0 34855
34859 143 0:0 34861
34860 38296 0:0 34861
34860 139 1:0 34861
34860 49103 0:0 34861
34863 42608 1:0 34863
34863 42597 1:0 34863
34863 38299 1:0 34864
34863 49103 1:0 34864
34863 42602 1:0 34864
34888 139 0:0 34889
34888 137 1:0 34889
34888 38299 0:0 34889
34891 38317 1:0 34891
34891 42589 1:0 34892
34891 42595 1:0 34892
34891 42593 1:0 34892
34891 42596 1:0 34892
34894 42598 1:0 34894
34922 49130 0:0 34924
34922 755 0:0 34924
34923 135 1:0 34924
34926 38326 1:0 34926
34926 49130 1:0 34927
34931 135 0:0 34933
34932 133 1:0 34933
34932 38326 0:0 34933
34935 38328 1:0 34936
34941 38317 0:0 34943
34942 49136 0:0 34943
34942 38328 0:0 34943
34942 137 0:0 34943
34942 133 0:0 34943
34942 131 1:0 34943
34942 49114 0:0 34943
34945 42588 1:0 34945
34945 49114 1:0 34945
34945 38331 1:0 34946
34945 42580 1:0 34946
34945 49136 1:0 34946
34945 42582 1:0 34946
34971 38331 0:0 34972
34971 131 0:0 34972
34971 123 1:0 34972
34974 38349 1:0 34974
34974 42579 1:0 34974
34974 42576 1:0 34975
34974 42578 1:0 34975
34981 123 0:0 34983
34981 49145 0:0 34983
34982 49158 0:0 34983
34982 125 1:0 34983
34982 38349 0:0 34983
34985 38353 1:0 34987
34985 49158 1:0 34988
34990 125 0:0 34992
34991 121 1:0 34992
34991 38353 0:0 34992
34991 38463 1:0 35232
34994 42564 1:0 34994
34994 49145 1:0 34994
34994 42575 1:0 34994
34994 42569 1:0 34994
34994 38356 1:0 34995
34995 121 0:0 35020
34999 38356 0:0 35020
35019 119 1:0 35020
35022 42565 1:0 35022
35022 38374 1:0 35022
35022 38383 1:0 35022
35022 117 1:0 35022
35022 755 1:0 35022
35022 115 1:0 35022
35022 42560 1:0 35023
35022 42563 1:0 35023
35022 42556 1:0 35023
35022 42562 1:0 35023
35023 119 0:0 35058
35026 38374 0:0 35058
35054 49171 0:0 35058
35058 117 0:0 35064
35061 38383 0:0 35064
35066 38385 1:0 35067
35067 115 0:0 35074
35071 38385 0:0 35074
35073 113 1:0 35074
35076 42555 1:0 35076
35076 49171 1:0 35076
35076 38388 1:0 35077
35076 42549 1:0 35077
35076 42547 1:0 35101
35102 38388 0:0 35103
35102 105 1:0 35103
35102 113 0:0 35103
35105 38406 1:0 35105
35105 42543 1:0 35106
35105 42545 1:0 35108
35105 42546 1:0 35109
35106 105 0:0 35114
35109 38406 0:0 35114
35113 107 1:0 35114
35116 38410 1:0 35116
35116 42544 1:0 35119
35117 107 0:0 35123
35120 38410 0:0 35123
35122 103 1:0 35123
35125 42542 1:0 35125
35125 42536 1:0 35125
35125 42531 1:0 35125
35125 38413 1:0 35126
35126 103 0:0 35151
35130 38413 0:0 35151
35150 101 1:0 35151
35153 97 1:0 35153
35153 42532 1:0 35153
35153 99 1:0 35153
35153 38431 1:0 35153
35153 38440 1:0 35153
35153 42523 1:0 35154
35153 42527 1:0 35154
35153 42530 1:0 35154
35153 42529 1:0 35154
35154 101 0:0 35189
35157 38431 0:0 35189
35185 755 21:0 35186
35185 49228 0:0 35189
35189 99 0:0 35195
35192 38440 0:0 35195
35197 38442 1:0 35198
35198 97 0:0 35205
35202 38442 0:0 35205
35204 95 1:0 35205
35207 38445 1:0 35210
35207 42522 1:0 35211
35207 42516 1:0 35216
35207 49228 1:0 35219
35207 42514 1:0 35232
35214 755 1:0 35232
35233 87 1:0 35234
35233 38445 0:0 35234
35233 95 0:0 35234
35233 42478 1:0 35381
35236 42513 1:0 35236
35236 42512 1:0 35237
35236 42510 1:0 35237
35240 38463 21:0 35388
35243 87 0:0 35245
35244 89 1:0 35245
35244 49272 0:0 35245
35247 38467 1:0 35247
35247 42511 1:0 35248
35247 49272 1:0 35248
35252 89 0:0 35254
35253 38467 0:0 35254
35253 85 1:0 35254
35253 49274 0:0 35254
35256 42509 1:0 35256
35256 42498 1:0 35256
35256 42503 1:0 35257
35256 49274 1:0 35257
35256 38470 1:0 35257
35281 38470 0:0 35282
35281 83 1:0 35282
35281 85 0:0 35282
35284 38488 1:0 35284
35284 42496 1:0 35285
35284 42494 1:0 35285
35284 42490 1:0 35285
35284 42497 1:0 35285
35287 42499 1:0 35287
35315 49301 0:0 35317
35315 755 0:0 35317
35316 81 1:0 35317
35319 38497 1:0 35319
35319 49301 1:0 35320
35324 81 0:0 35326
35325 79 1:0 35326
35325 38497 0:0 35326
35328 38499 1:0 35329
35334 38488 0:0 35336
35335 83 0:0 35336
35335 49307 0:0 35336
35335 77 1:0 35336
35335 49285 0:0 35336
35335 38499 0:0 35336
35335 79 0:0 35336
35338 49285 1:0 35338
35338 42489 1:0 35338
35338 49307 1:0 35339
35338 42481 1:0 35339
35338 38502 1:0 35339
35338 42483 1:0 35339
35364 77 0:0 35365
35364 38502 0:0 35365
35364 69 1:0 35365
35367 38520 1:0 35367
35367 42480 1:0 35367
35367 42479 1:0 35368
35367 42477 1:0 35368
35374 49316 0:0 35376
35374 69 0:0 35376
35375 71 1:0 35376
35375 49329 0:0 35376
35375 38520 0:0 35376
35378 38524 1:0 35380
35378 49329 1:0 35381
35383 71 0:0 35385
35384 67 1:0 35385
35384 38524 0:0 35385
35384 38634 1:0 35625
35387 42470 1:0 35387
35387 42465 1:0 35387
35387 42476 1:0 35387
35387 49316 1:0 35387
35387 38527 1:0 35388
35388 67 0:0 35413
35392 38527 0:0 35413
35412 65 1:0 35413
35415 38545 1:0 35415
35415 42457 1:0 35416
35415 42464 1:0 35416
35415 42463 1:0 35416
35415 42461 1:0 35416
35415 63 1:0 35416
35415 61 1:0 35416
35418 42466 1:0 35418
35418 755 1:0 35418
35419 38545 0:0 35451
35419 65 0:0 35451
35437 49342 0:0 35451
35450 38554 1:0 35450
35451 63 0:0 35457
35454 38554 0:0 35457
35459 38556 1:0 35460
35460 61 0:0 35467
35464 38556 0:0 35467
35466 59 1:0 35467
35469 42456 1:0 35469
35469 49342 1:0 35469
35469 42450 1:0 35470
35469 38559 1:0 35470
35469 42448 1:0 35494
35495 59 0:0 35496
35495 51 1:0 35496
35495 38559 0:0 35496
35498 38577 1:0 35498
35498 42444 1:0 35499
35498 42446 1:0 35501
35498 42447 1:0 35502
35499 51 0:0 35507
35502 38577 0:0 35507
35506 53 1:0 35507
35509 38581 1:0 35509
35509 42445 1:0 35512
35510 53 0:0 35516
35513 38581 0:0 35516
35515 49 1:0 35516
35518 42432 1:0 35518
35518 42437 1:0 35518
35518 42443 1:0 35518
35518 38584 1:0 35519
35519 49 0:0 35544
35523 38584 0:0 35544
35543 47 1:0 35544
35546 38602 1:0 35546
35546 42424 1:0 35547
35546 38611 1:0 35547
35546 45 1:0 35547
35546 42431 1:0 35547
35546 42430 1:0 35547
35546 43 1:0 35547
35546 42428 1:0 35547
35549 42433 1:0 35549
35550 47 0:0 35582
35550 38602 0:0 35582
35578 755 21:0 35579
35578 49399 0:0 35582
35582 45 0:0 35588
35585 38611 0:0 35588
35590 38613 1:0 35591
35591 43 0:0 35598
35595 38613 0:0 35598
35597 41 1:0 35598
35600 38616 1:0 35603
35600 42423 1:0 35604
35600 42417 1:0 35609
35600 49399 1:0 35612
35600 42415 1:0 35625
35607 755 1:0 35625
35626 33 1:0 35627
35626 38616 0:0 35627
35626 41 0:0 35627
35626 42379 1:0 35774
35629 42414 1:0 35629
35629 42413 1:0 35630
35629 42411 1:0 35630
35633 38634 21:0 35781
35636 33 0:0 35638
35637 35 1:0 35638
35637 49443 0:0 35638
35640 38638 1:0 35640
35640 49443 1:0 35641
35640 42412 1:0 35641
35645 35 0:0 35647
35646 49445 0:0 35647
35646 38638 0:0 35647
35646 31 1:0 35647
35649 42399 1:0 35649
35649 42404 1:0 35649
35649 42410 1:0 35649
35649 49445 1:0 35650
35649 38641 1:0 35650
35654 38641 0:0 35675
35674 31 0:0 35675
35674 29 1:0 35675
35677 38659 1:0 35677
35677 42397 1:0 35678
35677 42395 1:0 35678
35677 42398 1:0 35678
35677 42391 1:0 35678
35680 42400 1:0 35680
35708 755 0:0 35710
35708 49472 0:0 35710
35709 27 1:0 35710
35712 38668 1:0 35712
35712 49472 1:0 35713
35717 27 0:0 35719
35718 25 1:0 35719
35718 38668 0:0 35719
35721 38670 1:0 35722
35727 38659 0:0 35729
35728 29 0:0 35729
35728 23 1:0 35729
35728 25 0:0 35729
35728 38670 0:0 35729
35728 49456 0:0 35729
35728 49478 0:0 35729
35731 49456 1:0 35731
35731 42390 1:0 35731
35731 49478 1:0 35732
35731 38673 1:0 35732
35731 42384 1:0 35732
35731 42382 1:0 35732
35757 23 0:0 35758
35757 15 1:0 35758
35757 38673 0:0 35758
35760 38691 1:0 35760
35760 42381 1:0 35760
35760 42380 1:0 35761
35760 42378 1:0 35761
35764 38691 0:0 35769
35767 49487 0:0 35769
35767 15 0:0 35769
35768 17 1:0 35769
35768 49500 0:0 35769
35771 38695 1:0 35773
35771 49500 1:0 35774
35775 38695 0:0 35778
35776 17 0:0 35778
35777 13 1:0 35778
35780 49487 1:0 35780
35780 38698 1:0 35783
35780 42371 1:0 35784
35780 42377 1:0 35784
35780 38748 1:0 35784
35780 42366 1:0 35784
35781 13 0:0 35806
35785 38698 0:0 35806
35805 11 1:0 35806
35805 38727 1:0 35811
35808 38716 1:0 35810
35808 9 1:0 35811
35808 42365 1:0 35813
35808 42364 1:0 35813
35808 42362 1:0 35813
35808 42358 1:0 35839
35811 755 1:0 35811
35811 42367 1:0 35811
35812 38716 0:0 35844
35812 11 0:0 35844
35812 49513 0:0 35844
35831 755 21:0 35841
35843 38725 1:0 35845
35844 9 0:0 35850
35847 38725 0:0 35850
35849 7 1:0 35850
35857 38727 21:0 35863
35859 5 1:0 35860
35862 38730 1:0 35865
35862 42357 1:0 35866
35862 49513 1:0 35866
35862 3 1:0 35866
35862 755 1:0 35866
35862 42351 1:0 35871
35867 38730 0:0 35900
35889 3 21:0 35952
35891 755 0:0 35892
35897 49561 0:0 35900
35898 38748 0:0 35900
35899 13 1:0 35899
35899 9 1:0 35899
35899 11 1:0 35899
35900 5 0:0 35908
35906 7 0:0 35908
35907 755 1:0 35907
35908 49562 0:0 35936
35926 755 0:0 35927
35934 9 0:0 35936
35935 49555 0:0 35936
35936 49568 0:0 35941
35936 49566 0:0 35941
35936 49569 0:0 35941
35940 49555 1:0 35940
35940 49571 0:0 35941
35941 49570 0:0 35952
35941 11 0:0 35952
35943 49555 0:0 35952
35949 49581 0:0 35952
35951 17 1:0 35953
35954 49583 21:0 36180
35955 13 0:0 35957
35956 15 1:0 35958
35961 49585 0:0 35962
35961 17 0:0 35962
35961 49582 0:0 35962
35961 49584 0:0 35962
35961 23 1:0 35972
35961 29 1:0 35973
35961 31 1:0 35973
35963 755 1:0 35965
35967 755 0:0 35968
35968 25 1:0 35973
35968 27 1:0 35973
35972 755 1:0 35973
35974 15 0:0 35976
35974 49586 0:0 35976
35974 49575 0:0 35976
35975 49594 0:0 35976
35982 25 0:0 35984
36002 755 0:0 36003
36010 49595 0:0 36012
36010 23 0:0 36012
36010 27 0:0 36012
36016 49602 0:0 36017
36016 49601 0:0 36017
36016 49604 0:0 36017
36016 49599 0:0 36017
36027 49608 0:0 36028
36027 49614 0:0 36028
36027 49603 0:0 36028
36027 49588 0:0 36028
36027 29 0:0 36028
36027 35 1:0 36029
36032 49616 0:0 36033
36032 31 0:0 36033
36032 33 1:0 36034
36037 49608 1:0 36038
36037 49618 0:0 36038
36037 49617 0:0 36038
36037 49615 0:0 36038
36037 35 0:0 36038
36037 41 1:0 36048
36037 49 1:0 36049
36037 47 1:0 36049
36039 755 1:0 36041
36043 755 0:0 36044
36044 43 1:0 36049
36044 45 1:0 36049
36048 755 1:0 36049
36050 49619 0:0 36052
36050 33 0:0 36052
36050 49608 0:0 36052
36051 49627 0:0 36052
36058 43 0:0 36060
36078 755 0:0 36079
36086 49628 0:0 36088
36086 45 0:0 36088
36086 41 0:0 36088
36092 49634 0:0 36093
36092 49637 0:0 36093
36092 49635 0:0 36093
36092 49632 0:0 36093
36103 49647 0:0 36104
36103 49641 0:0 36104
36103 49621 0:0 36104
36103 47 0:0 36104
36103 49636 0:0 36104
36103 53 1:0 36105
36108 49 0:0 36109
36108 49649 0:0 36109
36108 51 1:0 36110
36113 49651 0:0 36114
36113 49648 0:0 36114
36113 49641 1:0 36114
36113 53 0:0 36114
36113 49650 0:0 36114
36113 59 1:0 36124
36113 65 1:0 36125
36113 67 1:0 36125
36115 755 1:0 36117
36119 755 0:0 36120
36120 61 1:0 36125
36120 63 1:0 36125
36124 755 1:0 36125
36126 51 0:0 36128
36126 49652 0:0 36128
36126 49641 0:0 36128
36127 49660 0:0 36128
36134 61 0:0 36136
36154 755 0:0 36155
36162 59 0:0 36164
36162 49661 0:0 36164
36162 63 0:0 36164
36168 49667 0:0 36169
36168 49668 0:0 36169
36168 49665 0:0 36169
36168 49670 0:0 36169
36179 49680 0:0 36180
36179 65 0:0 36180
36179 49654 0:0 36180
36179 49669 0:0 36180
36179 71 1:0 36181
36182 49682 21:0 36408
36183 67 0:0 36185
36184 69 1:0 36186
36189 49683 0:0 36190
36189 49684 0:0 36190
36189 49681 0:0 36190
36189 71 0:0 36190
36189 77 1:0 36200
36189 85 1:0 36201
36189 83 1:0 36201
36191 755 1:0 36193
36195 755 0:0 36196
36196 81 1:0 36201
36196 79 1:0 36201
36200 755 1:0 36201
36202 49685 0:0 36204
36202 49674 0:0 36204
36202 69 0:0 36204
36203 49693 0:0 36204
36210 79 0:0 36212
36230 755 0:0 36231
36238 81 0:0 36240
36238 49694 0:0 36240
36238 77 0:0 36240
36244 49701 0:0 36245
36244 49698 0:0 36245
36244 49700 0:0 36245
36244 49703 0:0 36245
36255 83 0:0 36256
36255 49702 0:0 36256
36255 49713 0:0 36256
36255 49707 0:0 36256
36255 49687 0:0 36256
36255 89 1:0 36257
36260 49715 0:0 36261
36260 85 0:0 36261
36260 87 1:0 36262
36265 49716 0:0 36266
36265 89 0:0 36266
36265 49714 0:0 36266
36265 49707 1:0 36266
36265 49717 0:0 36266
36265 95 1:0 36276
36265 103 1:0 36277
36265 101 1:0 36277
36267 755 1:0 36269
36271 755 0:0 36272
36272 99 1:0 36277
36272 97 1:0 36277
36276 755 1:0 36277
36278 49718 0:0 36280
36278 49707 0:0 36280
36278 87 0:0 36280
36279 49726 0:0 36280
36286 97 0:0 36288
36306 755 0:0 36307
36314 95 0:0 36316
36314 49727 0:0 36316
36314 99 0:0 36316
36320 49734 0:0 36321
36320 49736 0:0 36321
36320 49733 0:0 36321
36320 49731 0:0 36321
36331 101 0:0 36332
36331 49720 0:0 36332
36331 49746 0:0 36332
36331 49740 0:0 36332
36331 49735 0:0 36332
36331 107 1:0 36333
36336 49748 0:0 36337
36336 103 0:0 36337
36336 105 1:0 36338
36341 49750 0:0 36342
36341 49747 0:0 36342
36341 49749 0:0 36342
36341 107 0:0 36342
36341 49740 1:0 36342
36341 113 1:0 36352
36341 119 1:0 36353
36341 121 1:0 36353
36343 755 1:0 36345
36347 755 0:0 36348
36348 115 1:0 36353
36348 117 1:0 36353
36352 755 1:0 36353
36354 49751 0:0 36356
36354 105 0:0 36356
36354 49740 0:0 36356
36355 49759 0:0 36356
36362 115 0:0 36364
36382 755 0:0 36383
36390 117 0:0 36392
36390 113 0:0 36392
36390 49760 0:0 36392
36396 49769 0:0 36397
36396 49767 0:0 36397
36396 49764 0:0 36397
36396 49766 0:0 36397
36407 49753 0:0 36408
36407 119 0:0 36408
36407 49768 0:0 36408
36407 49779 0:0 36408
36407 125 1:0 36409
36410 49781 21:0 36636
36411 121 0:0 36413
36412 123 1:0 36414
36417 125 0:0 36418
36417 49782 0:0 36418
36417 49783 0:0 36418
36417 49780 0:0 36418
36417 131 1:0 36428
36417 139 1:0 36429
36417 137 1:0 36429
36419 755 1:0 36421
36423 755 0:0 36424
36424 133 1:0 36429
36424 135 1:0 36429
36428 755 1:0 36429
36430 49773 0:0 36432
36430 123 0:0 36432
36430 49784 0:0 36432
36431 49792 0:0 36432
36438 133 0:0 36440
36458 755 0:0 36459
36466 135 0:0 36468
36466 49793 0:0 36468
36466 131 0:0 36468
36472 49802 0:0 36473
36472 49799 0:0 36473
36472 49800 0:0 36473
36472 49797 0:0 36473
36483 49806 0:0 36484
36483 49812 0:0 36484
36483 49801 0:0 36484
36483 49786 0:0 36484
36483 137 0:0 36484
36483 143 1:0 36485
36488 139 0:0 36489
36488 49814 0:0 36489
36488 141 1:0 36490
36493 49815 0:0 36494
36493 49813 0:0 36494
36493 49806 1:0 36494
36493 49816 0:0 36494
36493 143 0:0 36494
36493 149 1:0 36504
36493 157 1:0 36505
36493 155 1:0 36505
36495 755 1:0 36497
36499 755 0:0 36500
36500 153 1:0 36505
36500 151 1:0 36505
36504 755 1:0 36505
36506 141 0:0 36508
36506 49817 0:0 36508
36506 49806 0:0 36508
36507 49825 0:0 36508
36514 151 0:0 36516
36534 755 0:0 36535
36542 49826 0:0 36544
36542 153 0:0 36544
36542 149 0:0 36544
36548 49835 0:0 36549
36548 49830 0:0 36549
36548 49832 0:0 36549
36548 49833 0:0 36549
36559 155 0:0 36560
36559 49839 0:0 36560
36559 49834 0:0 36560
36559 49819 0:0 36560
36559 49845 0:0 36560
36559 161 1:0 36561
36564 49847 0:0 36565
36564 157 0:0 36565
36564 159 1:0 36566
36569 49849 0:0 36570
36569 161 0:0 36570
36569 49848 0:0 36570
36569 49839 1:0 36570
36569 49846 0:0 36570
36569 167 1:0 36580
36569 173 1:0 36581
36569 175 1:0 36581
36571 755 1:0 36573
36575 755 0:0 36576
36576 169 1:0 36581
36576 171 1:0 36581
36580 755 1:0 36581
36582 49850 0:0 36584
36582 49839 0:0 36584
36582 159 0:0 36584
36583 49858 0:0 36584
36590 169 0:0 36592
36610 755 0:0 36611
36618 49859 0:0 36620
36618 171 0:0 36620
36618 167 0:0 36620
36624 49865 0:0 36625
36624 49866 0:0 36625
36624 49863 0:0 36625
36624 49868 0:0 36625
36635 173 0:0 36636
36635 49852 0:0 36636
36635 49867 0:0 36636
36635 49878 0:0 36636
36635 179 1:0 36637
36638 49880 21:0 36864
36639 175 0:0 36641
36640 177 1:0 36642
36645 49882 0:0 36646
36645 49881 0:0 36646
36645 179 0:0 36646
36645 49879 0:0 36646
36645 185 1:0 36656
36645 191 1:0 36657
36645 193 1:0 36657
36647 755 1:0 36649
36651 755 0:0 36652
36652 187 1:0 36657
36652 189 1:0 36657
36656 755 1:0 36657
36658 177 0:0 36660
36658 49883 0:0 36660
36658 49872 0:0 36660
36659 49891 0:0 36660
36666 187 0:0 36668
36686 755 0:0 36687
36694 185 0:0 36696
36694 49892 0:0 36696
36694 189 0:0 36696
36700 49901 0:0 36701
36700 49896 0:0 36701
36700 49899 0:0 36701
36700 49898 0:0 36701
36711 191 0:0 36712
36711 49911 0:0 36712
36711 49905 0:0 36712
36711 49900 0:0 36712
36711 49885 0:0 36712
36711 197 1:0 36713
36716 49913 0:0 36717
36716 193 0:0 36717
36716 195 1:0 36718
36721 49915 0:0 36722
36721 49914 0:0 36722
36721 197 0:0 36722
36721 49905 1:0 36722
36721 49912 0:0 36722
36721 203 1:0 36732
36721 209 1:0 36733
36721 211 1:0 36733
36723 755 1:0 36725
36727 755 0:0 36728
36728 207 1:0 36733
36728 205 1:0 36733
36732 755 1:0 36733
36734 49905 0:0 36736
36734 49916 0:0 36736
36734 195 0:0 36736
36735 49924 0:0 36736
36742 205 0:0 36744
36762 755 0:0 36763
36770 207 0:0 36772
36770 203 0:0 36772
36770 49925 0:0 36772
36776 49931 0:0 36777
36776 49932 0:0 36777
36776 49934 0:0 36777
36776 49929 0:0 36777
36787 49938 0:0 36788
36787 49918 0:0 36788
36787 49944 0:0 36788
36787 209 0:0 36788
36787 49933 0:0 36788
36787 215 1:0 36789
36792 211 0:0 36793
36792 49946 0:0 36793
36792 213 1:0 36794
36797 49938 1:0 36798
36797 215 0:0 36798
36797 49948 0:0 36798
36797 49947 0:0 36798
36797 49945 0:0 36798
36797 221 1:0 36808
36797 227 1:0 36809
36797 229 1:0 36809
36799 755 1:0 36801
36803 755 0:0 36804
36804 223 1:0 36809
36804 225 1:0 36809
36808 755 1:0 36809
36810 49938 0:0 36812
36810 49949 0:0 36812
36810 213 0:0 36812
36811 49957 0:0 36812
36818 223 0:0 36820
36838 755 0:0 36839
36846 225 0:0 36848
36846 221 0:0 36848
36846 49958 0:0 36848
36852 49967 0:0 36853
36852 49964 0:0 36853
36852 49962 0:0 36853
36852 49965 0:0 36853
36863 49966 0:0 36864
36863 49977 0:0 36864
36863 49951 0:0 36864
36863 227 0:0 36864
36863 233 1:0 36865
36866 49979 21:0 37092
36867 229 0:0 36869
36868 231 1:0 36870
36873 49978 0:0 36874
36873 233 0:0 36874
36873 49981 0:0 36874
36873 49980 0:0 36874
36873 239 1:0 36884
36873 247 1:0 36885
36873 245 1:0 36885
36875 755 1:0 36877
36879 755 0:0 36880
36880 243 1:0 36885
36880 241 1:0 36885
36884 755 1:0 36885
36886 49971 0:0 36888
36886 231 0:0 36888
36886 49982 0:0 36888
36887 49990 0:0 36888
36894 241 0:0 36896
36914 755 0:0 36915
36922 49991 0:0 36924
36922 239 0:0 36924
36922 243 0:0 36924
36928 49995 0:0 36929
36928 49998 0:0 36929
36928 50000 0:0 36929
36928 49997 0:0 36929
36939 245 0:0 36940
36939 49984 0:0 36940
36939 50004 0:0 36940
36939 50010 0:0 36940
36939 49999 0:0 36940
36939 251 1:0 36941
36944 247 0:0 36945
36944 50012 0:0 36945
36944 249 1:0 36946
36949 251 0:0 36950
36949 50004 1:0 36950
36949 50013 0:0 36950
36949 50014 0:0 36950
36949 50011 0:0 36950
36949 257 1:0 36960
36949 263 1:0 36961
36949 265 1:0 36961
36951 755 1:0 36953
36955 755 0:0 36956
36956 259 1:0 36961
36956 261 1:0 36961
36960 755 1:0 36961
36962 50004 0:0 36964
36962 249 0:0 36964
36962 50015 0:0 36964
36963 50023 0:0 36964
36970 259 0:0 36972
36990 755 0:0 36991
36998 261 0:0 37000
36998 257 0:0 37000
36998 50024 0:0 37000
37004 50033 0:0 37005
37004 50028 0:0 37005
37004 50031 0:0 37005
37004 50030 0:0 37005
37015 50043 0:0 37016
37015 50037 0:0 37016
37015 50032 0:0 37016
37015 263 0:0 37016
37015 50017 0:0 37016
37015 269 1:0 37017
37020 50045 0:0 37021
37020 265 0:0 37021
37020 267 1:0 37022
37025 50047 0:0 37026
37025 269 0:0 37026
37025 50037 1:0 37026
37025 50046 0:0 37026
37025 50044 0:0 37026
37025 275 1:0 37036
37025 283 1:0 37037
37025 281 1:0 37037
37027 755 1:0 37029
37031 755 0:0 37032
37032 279 1:0 37037
37032 277 1:0 37037
37036 755 1:0 37037
37038 50048 0:0 37040
37038 267 0:0 37040
37038 50037 0:0 37040
37039 50056 0:0 37040
37046 277 0:0 37048
37066 755 0:0 37067
37074 279 0:0 37076
37074 275 0:0 37076
37074 50057 0:0 37076
37080 50064 0:0 37081
37080 50061 0:0 37081
37080 50063 0:0 37081
37080 50066 0:0 37081
37091 50050 0:0 37092
37091 50076 0:0 37092
37091 281 0:0 37092
37091 50065 0:0 37092
37091 287 1:0 37093
37094 50078 21:0 37320
37095 283 0:0 37097
37096 285 1:0 37098
37101 50080 0:0 37102
37101 287 0:0 37102
37101 50077 0:0 37102
37101 50079 0:0 37102
37101 293 1:0 37112
37101 301 1:0 37113
37101 299 1:0 37113
37103 755 1:0 37105
37107 755 0:0 37108
37108 297 1:0 37113
37108 295 1:0 37113
37112 755 1:0 37113
37114 50070 0:0 37116
37114 285 0:0 37116
37114 50081 0:0 37116
37115 50089 0:0 37116
37122 295 0:0 37124
37142 755 0:0 37143
37150 297 0:0 37152
37150 50090 0:0 37152
37150 293 0:0 37152
37156 50094 0:0 37157
37156 50096 0:0 37157
37156 50097 0:0 37157
37156 50099 0:0 37157
37167 50109 0:0 37168
37167 50103 0:0 37168
37167 50098 0:0 37168
37167 50083 0:0 37168
37167 299 0:0 37168
37167 305 1:0 37169
37172 50111 0:0 37173
37172 301 0:0 37173
37172 303 1:0 37174
37177 50103 1:0 37178
37177 50113 0:0 37178
37177 305 0:0 37178
37177 50112 0:0 37178
37177 50110 0:0 37178
37177 311 1:0 37188
37177 317 1:0 37189
37177 319 1:0 37189
37179 755 1:0 37181
37183 755 0:0 37184
37184 315 1:0 37189
37184 313 1:0 37189
37188 755 1:0 37189
37190 50103 0:0 37192
37190 303 0:0 37192
37190 50114 0:0 37192
37191 50122 0:0 37192
37198 313 0:0 37200
37218 755 0:0 37219
37226 311 0:0 37228
37226 50123 0:0 37228
37226 315 0:0 37228
37232 50130 0:0 37233
37232 50132 0:0 37233
37232 50127 0:0 37233
37232 50129 0:0 37233
37243 50142 0:0 37244
37243 50116 0:0 37244
37243 50131 0:0 37244
37243 317 0:0 37244
37243 50136 0:0 37244
37243 323 1:0 37245
37248 319 0:0 37249
37248 50144 0:0 37249
37248 321 1:0 37250
37253 323 0:0 37254
37253 50146 0:0 37254
37253 50143 0:0 37254
37253 50145 0:0 37254
37253 50136 1:0 37254
37253 329 1:0 37264
37253 335 1:0 37265
37255 755 1:0 37257
37259 755 0:0 37260
37260 333 1:0 37265
37260 331 1:0 37265
37264 755 1:0 37265
37266 50147 0:0 37268
37266 321 0:0 37268
37266 50136 0:0 37268
37267 50155 0:0 37268
37274 331 0:0 37276
37294 755 0:0 37295
37302 329 0:0 37304
37302 50156 0:0 37304
37302 333 0:0 37304
37308 50165 0:0 37309
37308 50163 0:0 37309
37308 50160 0:0 37309
37308 50162 0:0 37309
37308 337 1:0 37316
37319 50175 0:0 37320
37319 50149 0:0 37320
37319 50164 0:0 37320
37319 335 0:0 37320
37319 341 1:0 37321
37322 50177 21:0 37548
37323 337 0:0 37325
37324 339 1:0 37326
37329 50178 0:0 37330
37329 341 0:0 37330
37329 50176 0:0 37330
37329 50179 0:0 37330
37329 347 1:0 37340
37329 353 1:0 37341
37331 755 1:0 37333
37335 755 0:0 37336
37336 351 1:0 37341
37336 349 1:0 37341
37340 755 1:0 37341
37342 50169 0:0 37344
37342 339 0:0 37344
37342 50180 0:0 37344
37343 50188 0:0 37344
37350 349 0:0 37352
37370 755 0:0 37371
37378 50189 0:0 37380
37378 347 0:0 37380
37378 351 0:0 37380
37384 50198 0:0 37385
37384 50196 0:0 37385
37384 50195 0:0 37385
37384 50193 0:0 37385
37384 355 1:0 37392
37395 50197 0:0 37396
37395 353 0:0 37396
37395 50208 0:0 37396
37395 50182 0:0 37396
37395 50202 0:0 37396
37395 359 1:0 37397
37400 50210 0:0 37401
37400 355 0:0 37401
37400 357 1:0 37402
37405 359 0:0 37406
37405 50202 1:0 37406
37405 50211 0:0 37406
37405 50209 0:0 37406
37405 50212 0:0 37406
37405 365 1:0 37416
37405 371 1:0 37417
37407 755 1:0 37409
37411 755 0:0 37412
37412 367 1:0 37417
37412 369 1:0 37417
37416 755 1:0 37417
37418 357 0:0 37420
37418 50202 0:0 37420
37418 50213 0:0 37420
37419 50221 0:0 37420
37426 367 0:0 37428
37446 755 0:0 37447
37454 365 0:0 37456
37454 50222 0:0 37456
37454 369 0:0 37456
37460 50228 0:0 37461
37460 50229 0:0 37461
37460 50231 0:0 37461
37460 50226 0:0 37461
37460 373 1:0 37468
37471 50230 0:0 37472
37471 371 0:0 37472
37471 50215 0:0 37472
37471 50235 0:0 37472
37471 50241 0:0 37472
37471 377 1:0 37473
37476 373 0:0 37477
37476 50243 0:0 37477
37476 375 1:0 37478
37481 50235 1:0 37482
37481 50245 0:0 37482
37481 50244 0:0 37482
37481 377 0:0 37482
37481 50242 0:0 37482
37481 383 1:0 37492
37481 389 1:0 37493
37483 755 1:0 37485
37487 755 0:0 37488
37488 385 1:0 37493
37488 387 1:0 37493
37492 755 1:0 37493
37494 50246 0:0 37496
37494 50235 0:0 37496
37494 375 0:0 37496
37495 50254 0:0 37496
37502 385 0:0 37504
37522 755 0:0 37523
37530 383 0:0 37532
37530 387 0:0 37532
37530 50255 0:0 37532
37536 50264 0:0 37537
37536 50261 0:0 37537
37536 50259 0:0 37537
37536 50262 0:0 37537
37536 391 1:0 37544
37547 50274 0:0 37548
37547 50263 0:0 37548
37547 389 0:0 37548
37547 50248 0:0 37548
37547 395 1:0 37549
37550 50276 21:0 37776
37551 391 0:0 37553
37552 393 1:0 37554
37557 50277 0:0 37558
37557 50278 0:0 37558
37557 50275 0:0 37558
37557 395 0:0 37558
37557 401 1:0 37568
37557 407 1:0 37569
37559 755 1:0 37561
37563 755 0:0 37564
37564 403 1:0 37569
37564 405 1:0 37569
37568 755 1:0 37569
37570 50268 0:0 37572
37570 393 0:0 37572
37570 50279 0:0 37572
37571 50287 0:0 37572
37578 403 0:0 37580
37598 755 0:0 37599
37606 50288 0:0 37608
37606 401 0:0 37608
37606 405 0:0 37608
37612 50294 0:0 37613
37612 50297 0:0 37613
37612 50292 0:0 37613
37612 50295 0:0 37613
37612 409 1:0 37620
37623 50296 0:0 37624
37623 50307 0:0 37624
37623 50301 0:0 37624
37623 50281 0:0 37624
37623 407 0:0 37624
37623 413 1:0 37625
37628 409 0:0 37629
37628 50309 0:0 37629
37628 411 1:0 37630
37633 50310 0:0 37634
37633 413 0:0 37634
37633 50301 1:0 37634
37633 50311 0:0 37634
37633 50308 0:0 37634
37633 419 1:0 37644
37633 425 1:0 37645
37635 755 1:0 37637
37639 755 0:0 37640
37640 421 1:0 37645
37640 423 1:0 37645
37644 755 1:0 37645
37646 50312 0:0 37648
37646 411 0:0 37648
37646 50301 0:0 37648
37647 50320 0:0 37648
37654 421 0:0 37656
37674 755 0:0 37675
37682 419 0:0 37684
37682 50321 0:0 37684
37682 423 0:0 37684
37688 50325 0:0 37689
37688 50327 0:0 37689
37688 50328 0:0 37689
37688 50330 0:0 37689
37688 427 1:0 37696
37699 50334 0:0 37700
37699 50329 0:0 37700
37699 50340 0:0 37700
37699 50314 0:0 37700
37699 425 0:0 37700
37699 431 1:0 37701
37704 427 0:0 37705
37704 50342 0:0 37705
37704 429 1:0 37706
37709 50341 0:0 37710
37709 50344 0:0 37710
37709 50343 0:0 37710
37709 50334 1:0 37710
37709 431 0:0 37710
37709 437 1:0 37720
37709 443 1:0 37721
37711 755 1:0 37713
37715 755 0:0 37716
37716 439 1:0 37721
37716 441 1:0 37721
37720 755 1:0 37721
37722 50334 0:0 37724
37722 429 0:0 37724
37722 50345 0:0 37724
37723 50353 0:0 37724
37730 439 0:0 37732
37750 755 0:0 37751
37758 441 0:0 37760
37758 437 0:0 37760
37758 50354 0:0 37760
37764 50360 0:0 37765
37764 50358 0:0 37765
37764 50363 0:0 37765
37764 50361 0:0 37765
37764 445 1:0 37772
37775 50362 0:0 37776
37775 50373 0:0 37776
37775 443 0:0 37776
37775 50347 0:0 37776
37775 449 1:0 37777
37778 50375 21:0 38004
37779 445 0:0 37781
37780 447 1:0 37782
37785 50376 0:0 37786
37785 50374 0:0 37786
37785 449 0:0 37786
37785 50377 0:0 37786
37785 455 1:0 37796
37785 461 1:0 37797
37787 755 1:0 37789
37791 755 0:0 37792
37792 457 1:0 37797
37792 459 1:0 37797
37796 755 1:0 37797
37798 447 0:0 37800
37798 50378 0:0 37800
37798 50367 0:0 37800
37799 50386 0:0 37800
37806 457 0:0 37808
37826 755 0:0 37827
37834 455 0:0 37836
37834 459 0:0 37836
37834 50387 0:0 37836
37840 50396 0:0 37841
37840 50393 0:0 37841
37840 50394 0:0 37841
37840 50391 0:0 37841
37840 463 1:0 37848
37851 461 0:0 37852
37851 50380 0:0 37852
37851 50395 0:0 37852
37851 50400 0:0 37852
37851 50406 0:0 37852
37851 467 1:0 37853
37856 463 0:0 37857
37856 50408 0:0 37857
37856 465 1:0 37858
37861 50409 0:0 37862
37861 50407 0:0 37862
37861 50410 0:0 37862
37861 50400 1:0 37862
37861 467 0:0 37862
37861 473 1:0 37872
37861 479 1:0 37873
37863 755 1:0 37865
37867 755 0:0 37868
37868 475 1:0 37873
37868 477 1:0 37873
37872 755 1:0 37873
37874 50411 0:0 37876
37874 50400 0:0 37876
37874 465 0:0 37876
37875 50419 0:0 37876
37882 475 0:0 37884
37902 755 0:0 37903
37910 50420 0:0 37912
37910 473 0:0 37912
37910 477 0:0 37912
37916 50427 0:0 37917
37916 50426 0:0 37917
37916 50424 0:0 37917
37916 50429 0:0 37917
37916 481 1:0 37924
37927 50413 0:0 37928
37927 50428 0:0 37928
37927 50439 0:0 37928
37927 50433 0:0 37928
37927 479 0:0 37928
37927 485 1:0 37929
37932 50441 0:0 37933
37932 481 0:0 37933
37932 483 1:0 37934
37937 50440 0:0 37938
37937 485 0:0 37938
37937 50443 0:0 37938
37937 50442 0:0 37938
37937 50433 1:0 37938
37937 491 1:0 37948
37937 497 1:0 37949
37939 755 1:0 37941
37943 755 0:0 37944
37944 493 1:0 37949
37944 495 1:0 37949
37948 755 1:0 37949
37950 483 0:0 37952
37950 50433 0:0 37952
37950 50444 0:0 37952
37951 50452 0:0 37952
37958 493 0:0 37960
37978 755 0:0 37979
37986 491 0:0 37988
37986 50453 0:0 37988
37986 495 0:0 37988
37992 50457 0:0 37993
37992 50462 0:0 37993
37992 50460 0:0 37993
37992 50459 0:0 37993
37992 499 1:0 38000
38003 50472 0:0 38004
38003 50446 0:0 38004
38003 497 0:0 38004
38003 50461 0:0 38004
38003 503 1:0 38005
38006 50474 21:0 38232
38007 499 0:0 38009
38008 501 1:0 38010
38013 50473 0:0 38014
38013 50475 0:0 38014
38013 50476 0:0 38014
38013 503 0:0 38014
38013 509 1:0 38024
38013 515 1:0 38025
38015 755 1:0 38017
38019 755 0:0 38020
38020 513 1:0 38025
38020 511 1:0 38025
38024 755 1:0 38025
38026 50466 0:0 38028
38026 50477 0:0 38028
38026 501 0:0 38028
38027 50485 0:0 38028
38034 511 0:0 38036
38054 755 0:0 38055
38062 50486 0:0 38064
38062 513 0:0 38064
38062 509 0:0 38064
38068 50495 0:0 38069
38068 50492 0:0 38069
38068 50493 0:0 38069
38068 50490 0:0 38069
38068 517 1:0 38076
38079 50479 0:0 38080
38079 50505 0:0 38080
38079 50494 0:0 38080
38079 50499 0:0 38080
38079 515 0:0 38080
38079 521 1:0 38081
38084 517 0:0 38085
38084 50507 0:0 38085
38084 519 1:0 38086
38089 50499 1:0 38090
38089 50509 0:0 38090
38089 50508 0:0 38090
38089 50506 0:0 38090
38089 521 0:0 38090
38089 527 1:0 38100
38089 533 1:0 38101
38091 755 1:0 38093
38095 755 0:0 38096
38096 531 1:0 38101
38096 529 1:0 38101
38100 755 1:0 38101
38102 50499 0:0 38104
38102 519 0:0 38104
38102 50510 0:0 38104
38103 50518 0:0 38104
38110 529 0:0 38112
38130 755 0:0 38131
38138 50519 0:0 38140
38138 531 0:0 38140
38138 527 0:0 38140
38144 50525 0:0 38145
38144 50528 0:0 38145
38144 50523 0:0 38145
38144 50526 0:0 38145
38144 535 1:0 38152
38155 50512 0:0 38156
38155 533 0:0 38156
38155 50527 0:0 38156
38155 50538 0:0 38156
38155 50532 0:0 38156
38155 539 1:0 38157
38160 50540 0:0 38161
38160 535 0:0 38161
38160 537 1:0 38162
38165 539 0:0 38166
38165 50541 0:0 38166
38165 50542 0:0 38166
38165 50532 1:0 38166
38165 50539 0:0 38166
38165 545 1:0 38176
38165 551 1:0 38177
38167 755 1:0 38169
38171 755 0:0 38172
38172 547 1:0 38177
38172 549 1:0 38177
38176 755 1:0 38177
38178 537 0:0 38180
38178 50532 0:0 38180
38178 50543 0:0 38180
38179 50551 0:0 38180
38186 547 0:0 38188
38206 755 0:0 38207
38214 50552 0:0 38216
38214 549 0:0 38216
38214 545 0:0 38216
38220 50561 0:0 38221
38220 50558 0:0 38221
38220 50559 0:0 38221
38220 50556 0:0 38221
38220 553 1:0 38228
38231 50545 0:0 38232
38231 50571 0:0 38232
38231 50560 0:0 38232
38231 551 0:0 38232
38231 557 1:0 38233
38234 50573 21:0 38460
38235 553 0:0 38237
38236 555 1:0 38238
38241 557 0:0 38242
38241 50572 0:0 38242
38241 50574 0:0 38242
38241 50575 0:0 38242
38241 563 1:0 38252
38241 569 1:0 38253
38243 755 1:0 38245
38247 755 0:0 38248
38248 567 1:0 38253
38248 565 1:0 38253
38252 755 1:0 38253
38254 50565 0:0 38256
38254 555 0:0 38256
38254 50576 0:0 38256
38255 50584 0:0 38256
38262 565 0:0 38264
38282 755 0:0 38283
38290 50585 0:0 38292
38290 567 0:0 38292
38290 563 0:0 38292
38296 50591 0:0 38297
38296 50594 0:0 38297
38296 50589 0:0 38297
38296 50592 0:0 38297
38296 571 1:0 38304
38307 569 0:0 38308
38307 50593 0:0 38308
38307 50604 0:0 38308
38307 50578 0:0 38308
38307 50598 0:0 38308
38307 575 1:0 38309
38312 571 0:0 38313
38312 50606 0:0 38313
38312 573 1:0 38314
38317 50608 0:0 38318
38317 50598 1:0 38318
38317 575 0:0 38318
38317 50605 0:0 38318
38317 50607 0:0 38318
38317 581 1:0 38328
38319 755 1:0 38321
38323 755 0:0 38324
38324 583 1:0 38329
38324 585 1:0 38329
38328 755 1:0 38329
38330 50598 0:0 38332
38330 50609 0:0 38332
38330 573 0:0 38332
38331 50617 0:0 38332
38335 587 1:0 38365
38339 583 0:0 38340
38358 755 0:0 38359
38366 50618 0:0 38368
38366 585 0:0 38368
38367 581 0:0 38368
38372 50627 0:0 38373
38372 50622 0:0 38373
38372 50624 0:0 38373
38372 50625 0:0 38373
38372 589 1:0 38380
38372 37362 1:0 38405
38383 50631 0:0 38384
38383 50611 0:0 38384
38383 50626 0:0 38384
38383 50637 0:0 38384
38383 587 0:0 38384
38383 593 1:0 38385
38388 589 0:0 38389
38388 50639 0:0 38389
38388 591 1:0 38390
38393 50640 0:0 38394
38393 50631 1:0 38394
38393 50641 0:0 38394
38393 593 0:0 38394
38393 50638 0:0 38394
38393 599 1:0 38404
38395 755 1:0 38397
38399 755 0:0 38400
38400 601 1:0 38405
38400 603 1:0 38405
38404 755 1:0 38405
38406 50642 0:0 38408
38406 591 0:0 38408
38406 50631 0:0 38408
38407 50650 0:0 38408
38411 605 1:0 38441
38415 601 0:0 38416
38434 755 0:0 38435
38442 603 0:0 38444
38442 50651 0:0 38444
38443 599 0:0 38444
38448 50660 0:0 38449
38448 50657 0:0 38449
38448 50655 0:0 38449
38448 50658 0:0 38449
38448 607 1:0 38456
38448 37191 1:0 38481
38459 50670 0:0 38460
38459 50644 0:0 38460
38459 605 0:0 38460
38459 50659 0:0 38460
38459 611 1:0 38461
38462 50672 21:0 38688
38463 607 0:0 38465
38464 609 1:0 38466
38469 50671 0:0 38470
38469 611 0:0 38470
38469 50674 0:0 38470
38469 50673 0:0 38470
38469 617 1:0 38480
38471 755 1:0 38473
38475 755 0:0 38476
38476 621 1:0 38481
38476 619 1:0 38481
38480 755 1:0 38481
38482 50675 0:0 38484
38482 609 0:0 38484
38482 50664 0:0 38484
38483 50683 0:0 38484
38487 623 1:0 38517
38491 619 0:0 38492
38510 755 0:0 38511
38518 621 0:0 38520
38518 50684 0:0 38520
38519 617 0:0 38520
38524 50693 0:0 38525
38524 50688 0:0 38525
38524 50690 0:0 38525
38524 50691 0:0 38525
38524 625 1:0 38532
38524 37020 1:0 38557
38535 50697 0:0 38536
38535 623 0:0 38536
38535 50677 0:0 38536
38535 50692 0:0 38536
38535 50703 0:0 38536
38535 629 1:0 38537
38540 50705 0:0 38541
38540 625 0:0 38541
38540 627 1:0 38542
38545 50704 0:0 38546
38545 50697 1:0 38546
38545 50707 0:0 38546
38545 629 0:0 38546
38545 50706 0:0 38546
38545 635 1:0 38556
38547 755 1:0 38549
38551 755 0:0 38552
38552 639 1:0 38557
38552 637 1:0 38557
38556 755 1:0 38557
38558 50708 0:0 38560
38558 50697 0:0 38560
38558 627 0:0 38560
38559 50716 0:0 38560
38563 641 1:0 38593
38567 637 0:0 38568
38586 755 0:0 38587
38594 639 0:0 38596
38594 50717 0:0 38596
38595 635 0:0 38596
38600 50721 0:0 38601
38600 50724 0:0 38601
38600 50726 0:0 38601
38600 50723 0:0 38601
38600 643 1:0 38608
38600 36849 1:0 38633
38611 50730 0:0 38612
38611 50725 0:0 38612
38611 50736 0:0 38612
38611 641 0:0 38612
38611 50710 0:0 38612
38611 647 1:0 38613
38616 643 0:0 38617
38616 50738 0:0 38617
38616 645 1:0 38618
38621 50737 0:0 38622
38621 50730 1:0 38622
38621 50739 0:0 38622
38621 647 0:0 38622
38621 50740 0:0 38622
38621 653 1:0 38632
38623 755 1:0 38625
38627 755 0:0 38628
38628 655 1:0 38633
38628 657 1:0 38633
38632 755 1:0 38633
38634 50730 0:0 38636
38634 645 0:0 38636
38634 50741 0:0 38636
38635 50749 0:0 38636
38639 659 1:0 38669
38643 655 0:0 38644
38662 755 0:0 38663
38670 657 0:0 38672
38670 50750 0:0 38672
38671 653 0:0 38672
38676 50759 0:0 38677
38676 50754 0:0 38677
38676 50756 0:0 38677
38676 50757 0:0 38677
38676 661 1:0 38684
38676 36678 1:0 38709
38687 50743 0:0 38688
38687 659 0:0 38688
38687 50758 0:0 38688
38687 50769 0:0 38688
38687 665 1:0 38689
38690 50771 21:0 38916
38691 661 0:0 38693
38692 663 1:0 38694
38697 665 0:0 38698
38697 50770 0:0 38698
38697 50773 0:0 38698
38697 50772 0:0 38698
38697 671 1:0 38708
38699 755 1:0 38701
38703 755 0:0 38704
38704 675 1:0 38709
38704 673 1:0 38709
38708 755 1:0 38709
38710 50763 0:0 38712
38710 663 0:0 38712
38710 50774 0:0 38712
38711 50782 0:0 38712
38715 677 1:0 38745
38719 673 0:0 38720
38738 755 0:0 38739
38746 675 0:0 38748
38746 50783 0:0 38748
38747 671 0:0 38748
38752 50790 0:0 38753
38752 50787 0:0 38753
38752 50789 0:0 38753
38752 50792 0:0 38753
38752 679 1:0 38760
38752 36507 1:0 38785
38763 50776 0:0 38764
38763 50791 0:0 38764
38763 50802 0:0 38764
38763 50796 0:0 38764
38763 677 0:0 38764
38763 683 1:0 38765
38768 50804 0:0 38769
38768 679 0:0 38769
38768 681 1:0 38770
38773 50803 0:0 38774
38773 50796 1:0 38774
38773 683 0:0 38774
38773 50806 0:0 38774
38773 50805 0:0 38774
38773 689 1:0 38784
38775 755 1:0 38777
38779 755 0:0 38780
38780 693 1:0 38785
38780 691 1:0 38785
38784 755 1:0 38785
38786 50807 0:0 38788
38786 50796 0:0 38788
38786 681 0:0 38788
38787 50815 0:0 38788
38791 695 1:0 38821
38795 691 0:0 38796
38814 755 0:0 38815
38822 50816 0:0 38824
38822 693 0:0 38824
38823 689 0:0 38824
38828 50823 0:0 38829
38828 50825 0:0 38829
38828 50820 0:0 38829
38828 50822 0:0 38829
38828 697 1:0 38836
38828 47260 1:0 38861
38839 50835 0:0 38840
38839 50824 0:0 38840
38839 50829 0:0 38840
38839 695 0:0 38840
38839 50809 0:0 38840
38839 701 1:0 38841
38844 50837 0:0 38845
38844 697 0:0 38845
38844 699 1:0 38846
38849 50839 0:0 38850
38849 701 0:0 38850
38849 50836 0:0 38850
38849 50838 0:0 38850
38849 50829 1:0 38850
38849 707 1:0 38860
38851 755 1:0 38853
38855 755 0:0 38856
38856 709 1:0 38861
38856 711 1:0 38861
38860 755 1:0 38861
38862 50829 0:0 38864
38862 50840 0:0 38864
38862 699 0:0 38864
38863 50848 0:0 38864
38867 713 1:0 38897
38871 709 0:0 38872
38890 755 0:0 38891
38898 50849 0:0 38900
38898 711 0:0 38900
38899 707 0:0 38900
38904 50855 0:0 38905
38904 50858 0:0 38905
38904 50853 0:0 38905
38904 50856 0:0 38905
38904 715 1:0 38912
38904 47266 1:0 38930
38915 713 0:0 38916
38915 50857 0:0 38916
38915 50868 0:0 38916
38915 50862 0:0 38916
38915 719 1:0 38917
38915 50842 21:0 38932
38920 50870 0:0 38921
38920 715 0:0 38921
38920 717 1:0 38922
38925 50871 0:0 38926
38925 50872 0:0 38926
38925 50869 0:0 38926
38925 50862 1:0 38926
38925 719 0:0 38926
38925 47271 1:0 38930
38930 50873 0:0 38932
38931 50862 21:0 38946
38931 36529 1:0 39078
38934 36468 1:0 38934
38934 47270 1:0 38934
38934 47267 1:0 38935
38934 47269 1:0 38935
38935 717 0:0 38943
38938 36468 0:0 38943
38941 740 0:0 38943
38942 719 1:0 38943
38945 36472 1:0 38945
38945 47268 1:0 38945
38946 719 0:0 38952
38949 36472 0:0 38952
38951 715 1:0 38952
38954 713 1:0 38954
38954 47255 1:0 38954
38954 740 1:0 38954
38954 36475 1:0 38955
38955 715 0:0 38980
38959 36475 0:0 38980
38982 711 1:0 38982
38982 709 1:0 38982
38982 36493 1:0 38982
38982 755 1:0 38982
38982 47256 1:0 38982
38982 36502 1:0 38982
38982 47247 1:0 38983
38982 47254 1:0 38983
38982 47253 1:0 38983
38982 47251 1:0 38983
38983 713 0:0 39018
38986 36493 0:0 39018
39014 755 21:0 39015
39014 50892 0:0 39018
39018 711 0:0 39024
39021 36502 0:0 39024
39026 36504 1:0 39027
39027 709 0:0 39034
39031 36504 0:0 39034
39033 707 1:0 39034
39036 47246 1:0 39036
39036 50892 1:0 39036
39036 47240 1:0 39037
39036 47238 1:0 39061
39049 707 0:0 39063
39049 36507 21:0 39077
39062 699 1:0 39063
39065 47234 1:0 39065
39065 36525 1:0 39065
39065 47236 1:0 39068
39065 47237 1:0 39069
39066 699 0:0 39074
39069 36525 0:0 39074
39072 50923 0:0 39074
39073 701 1:0 39074
39076 47235 1:0 39079
39077 701 0:0 39083
39080 36529 0:0 39083
39082 697 1:0 39083
39085 47227 1:0 39085
39085 50923 1:0 39085
39085 47222 1:0 39085
39085 695 1:0 39085
39085 47233 1:0 39085
39085 36532 1:0 39088
39086 697 0:0 39111
39090 36532 0:0 39111
39113 47223 1:0 39113
39113 36559 1:0 39113
39113 755 1:0 39113
39113 693 1:0 39113
39113 691 1:0 39113
39113 36550 1:0 39115
39113 47218 1:0 39118
39113 47221 1:0 39118
39113 47220 1:0 39118
39113 47214 1:0 39144
39114 695 0:0 39149
39117 36550 0:0 39149
39145 755 21:0 39146
39145 50949 0:0 39149
39149 693 0:0 39155
39152 36559 0:0 39155
39157 36561 1:0 39160
39158 691 0:0 39165
39162 36561 0:0 39165
39164 689 1:0 39165
39167 36564 1:0 39170
39167 47213 1:0 39171
39167 47207 1:0 39176
39167 50949 1:0 39179
39167 47205 1:0 39192
39174 755 1:0 39192
39193 36564 0:0 39194
39193 689 0:0 39194
39193 681 1:0 39194
39193 47169 1:0 39341
39196 36582 1:0 39196
39196 47201 1:0 39196
39196 47204 1:0 39196
39196 47203 1:0 39197
39197 681 0:0 39205
39200 36582 0:0 39205
39204 683 1:0 39205
39207 36586 1:0 39207
39207 47202 1:0 39208
39208 683 0:0 39214
39211 36586 0:0 39214
39213 679 1:0 39214
39216 47200 1:0 39216
39216 677 1:0 39216
39216 47189 1:0 39216
39216 47194 1:0 39216
39216 36589 1:0 39217
39217 679 0:0 39242
39221 36589 0:0 39242
39244 36607 1:0 39244
39244 673 1:0 39244
39244 47190 1:0 39244
39244 675 1:0 39244
39244 36616 1:0 39244
39244 47185 1:0 39245
39244 47187 1:0 39245
39244 47188 1:0 39245
39244 47181 1:0 39245
39245 677 0:0 39280
39248 36607 0:0 39280
39276 755 21:0 39277
39276 51006 0:0 39280
39280 675 0:0 39286
39283 36616 0:0 39286
39288 36618 1:0 39289
39289 673 0:0 39296
39293 36618 0:0 39296
39295 671 1:0 39296
39298 47180 1:0 39298
39298 51006 1:0 39298
39298 36621 1:0 39299
39298 47174 1:0 39299
39298 47172 1:0 39299
39324 671 0:0 39325
39324 36621 0:0 39325
39324 663 1:0 39325
39327 36639 1:0 39327
39327 47168 1:0 39327
39327 47171 1:0 39327
39327 47170 1:0 39328
39328 663 0:0 39336
39331 36639 0:0 39336
39335 665 1:0 39336
39338 755 1:0 39338
39338 36643 1:0 39340
39339 665 0:0 39345
39342 36643 0:0 39345
39344 661 1:0 39345
39344 36753 1:0 39585
39347 47156 1:0 39347
39347 47161 1:0 39347
39347 659 1:0 39347
39347 47167 1:0 39347
39347 36646 1:0 39348
39348 661 0:0 39373
39352 36646 0:0 39373
39375 47157 1:0 39375
39375 36673 1:0 39375
39375 657 1:0 39375
39375 36664 1:0 39375
39375 655 1:0 39375
39375 47155 1:0 39376
39375 47152 1:0 39376
39375 47148 1:0 39376
39375 47154 1:0 39376
39376 659 0:0 39411
39379 36664 0:0 39411
39407 51063 0:0 39411
39411 657 0:0 39417
39414 36673 0:0 39417
39419 36675 1:0 39420
39420 655 0:0 39427
39424 36675 0:0 39427
39426 653 1:0 39427
39429 51063 1:0 39429
39429 47147 1:0 39429
39429 47141 1:0 39430
39429 47139 1:0 39454
39442 653 0:0 39456
39442 36678 21:0 39470
39455 645 1:0 39456
39458 47135 1:0 39458
39458 36696 1:0 39458
39458 47137 1:0 39461
39458 47138 1:0 39462
39459 645 0:0 39467
39462 36696 0:0 39467
39465 51094 0:0 39467
39466 647 1:0 39467
39469 36700 1:0 39469
39469 47136 1:0 39472
39470 647 0:0 39476
39473 36700 0:0 39476
39475 643 1:0 39476
39478 641 1:0 39478
39478 47128 1:0 39478
39478 47123 1:0 39478
39478 51094 1:0 39478
39478 47134 1:0 39478
39478 36703 1:0 39479
39479 643 0:0 39504
39483 36703 0:0 39504
39506 47124 1:0 39506
39506 637 1:0 39506
39506 36721 1:0 39506
39506 639 1:0 39506
39506 36730 1:0 39506
39506 47115 1:0 39507
39506 47122 1:0 39507
39506 47121 1:0 39507
39506 47119 1:0 39507
39507 641 0:0 39542
39510 36721 0:0 39542
39538 755 21:0 39539
39538 51120 0:0 39542
39542 639 0:0 39548
39545 36730 0:0 39548
39550 36732 1:0 39551
39551 637 0:0 39558
39555 36732 0:0 39558
39557 635 1:0 39558
39560 36735 1:0 39563
39560 47114 1:0 39564
39560 47108 1:0 39569
39560 51120 1:0 39572
39560 47106 1:0 39585
39567 755 1:0 39585
39586 36735 0:0 39587
39586 627 1:0 39587
39586 635 0:0 39587
39586 47070 1:0 39734
39589 47102 1:0 39589
39589 47105 1:0 39589
39589 47104 1:0 39590
39590 627 0:0 39598
39593 36753 0:0 39598
39597 629 1:0 39598
39600 36757 1:0 39600
39600 47103 1:0 39601
39601 629 0:0 39607
39604 36757 0:0 39607
39606 625 1:0 39607
39609 623 1:0 39609
39609 47101 1:0 39609
39609 47095 1:0 39609
39609 47090 1:0 39609
39609 36760 1:0 39610
39610 625 0:0 39635
39614 36760 0:0 39635
39637 621 1:0 39637
39637 36787 1:0 39637
39637 36778 1:0 39637
39637 47091 1:0 39637
39637 619 1:0 39637
39637 47082 1:0 39638
39637 47086 1:0 39638
39637 47089 1:0 39638
39637 47088 1:0 39638
39638 623 0:0 39673
39641 36778 0:0 39673
39669 755 21:0 39670
39669 51177 0:0 39673
39673 621 0:0 39679
39676 36787 0:0 39679
39681 36789 1:0 39682
39682 619 0:0 39689
39686 36789 0:0 39689
39688 617 1:0 39689
39691 47081 1:0 39691
39691 51177 1:0 39691
39691 47073 1:0 39692
39691 36792 1:0 39692
39691 47075 1:0 39692
39717 36792 0:0 39718
39717 617 0:0 39718
39717 609 1:0 39718
39720 47072 1:0 39720
39720 36810 1:0 39720
39720 47069 1:0 39720
39720 47071 1:0 39721
39721 609 0:0 39729
39724 36810 0:0 39729
39728 611 1:0 39729
39731 755 1:0 39731
39731 36814 1:0 39733
39732 611 0:0 39738
39735 36814 0:0 39738
39737 607 1:0 39738
39737 36924 1:0 39978
39740 605 1:0 39740
39740 47062 1:0 39740
39740 47068 1:0 39740
39740 47057 1:0 39740
39740 36817 1:0 39741
39741 607 0:0 39766
39745 36817 0:0 39766
39768 603 1:0 39768
39768 36844 1:0 39768
39768 47058 1:0 39768
39768 601 1:0 39768
39768 36835 1:0 39768
39768 47053 1:0 39769
39768 47056 1:0 39769
39768 47055 1:0 39769
39768 47049 1:0 39769
39769 605 0:0 39804
39772 36835 0:0 39804
39800 51234 0:0 39804
39804 603 0:0 39810
39807 36844 0:0 39810
39812 36846 1:0 39813
39813 601 0:0 39820
39817 36846 0:0 39820
39819 599 1:0 39820
39822 47048 1:0 39822
39822 51234 1:0 39822
39822 47042 1:0 39823
39822 47040 1:0 39847
39835 36849 21:0 39863
39847 599 0:0 39849
39848 591 1:0 39849
39851 36867 1:0 39851
39851 47036 1:0 39851
39851 47038 1:0 39854
39851 47039 1:0 39855
39852 591 0:0 39860
39855 36867 0:0 39860
39858 51265 0:0 39860
39859 593 1:0 39860
39862 36871 1:0 39862
39862 47037 1:0 39865
39863 593 0:0 39869
39866 36871 0:0 39869
39868 589 1:0 39869
39871 47029 1:0 39871
39871 51265 1:0 39871
39871 587 1:0 39871
39871 47035 1:0 39871
39871 47024 1:0 39871
39871 36874 1:0 39872
39872 589 0:0 39897
39876 36874 0:0 39897
39899 583 1:0 39899
39899 585 1:0 39899
39899 36901 1:0 39899
39899 36892 1:0 39899
39899 47025 1:0 39899
39899 47020 1:0 39900
39899 47016 1:0 39900
39899 47023 1:0 39900
39899 47022 1:0 39900
39900 587 0:0 39935
39903 36892 0:0 39935
39931 755 21:0 39932
39931 51291 0:0 39935
39935 585 0:0 39941
39938 36901 0:0 39941
39943 36903 1:0 39944
39944 583 0:0 39951
39948 36903 0:0 39951
39950 581 1:0 39951
39953 36906 1:0 39956
39953 47015 1:0 39957
39953 47009 1:0 39962
39953 51291 1:0 39965
39953 47007 1:0 39978
39960 755 1:0 39978
39979 581 0:0 39980
39979 573 1:0 39980
39979 36906 0:0 39980
39979 46971 1:0 40127
39982 47006 1:0 39982
39982 47003 1:0 39982
39982 47005 1:0 39983
39983 573 0:0 39991
39986 36924 0:0 39991
39990 575 1:0 39991
39993 36928 1:0 39993
39993 47004 1:0 39994
39994 575 0:0 40000
39997 36928 0:0 40000
39999 571 1:0 40000
40002 47002 1:0 40002
40002 46991 1:0 40002
40002 46996 1:0 40002
40002 569 1:0 40002
40002 36931 1:0 40003
40003 571 0:0 40028
40007 36931 0:0 40028
40030 36958 1:0 40030
40030 36949 1:0 40030
40030 46992 1:0 40030
40030 565 1:0 40030
40030 567 1:0 40030
40030 46987 1:0 40031
40030 46989 1:0 40031
40030 46983 1:0 40031
40030 46990 1:0 40031
40031 569 0:0 40066
40034 36949 0:0 40066
40062 755 21:0 40063
40062 51348 0:0 40066
40066 567 0:0 40072
40069 36958 0:0 40072
40074 36960 1:0 40075
40075 565 0:0 40082
40079 36960 0:0 40082
40081 563 1:0 40082
40084 46982 1:0 40084
40084 51348 1:0 40084
40084 46976 1:0 40085
40084 46974 1:0 40085
40084 36963 1:0 40085
40110 36963 0:0 40111
40110 563 0:0 40111
40110 555 1:0 40111
40113 36981 1:0 40113
40113 46970 1:0 40113
40113 46973 1:0 40113
40113 46972 1:0 40114
40114 555 0:0 40122
40117 36981 0:0 40122
40121 557 1:0 40122
40124 755 1:0 40124
40124 36985 1:0 40126
40125 557 0:0 40131
40128 36985 0:0 40131
40130 553 1:0 40131
40130 37095 1:0 40371
40133 551 1:0 40133
40133 46958 1:0 40133
40133 46969 1:0 40133
40133 46963 1:0 40133
40133 36988 1:0 40134
40134 553 0:0 40159
40138 36988 0:0 40159
40161 549 1:0 40161
40161 46959 1:0 40161
40161 37015 1:0 40161
40161 547 1:0 40161
40161 37006 1:0 40161
40161 46956 1:0 40162
40161 46954 1:0 40162
40161 46950 1:0 40162
40161 46957 1:0 40162
40162 551 0:0 40197
40165 37006 0:0 40197
40193 51405 0:0 40197
40197 549 0:0 40203
40200 37015 0:0 40203
40205 37017 1:0 40206
40206 547 0:0 40213
40210 37017 0:0 40213
40212 545 1:0 40213
40215 51405 1:0 40215
40215 46949 1:0 40215
40215 46943 1:0 40216
40215 46941 1:0 40240
40228 37020 21:0 40256
40240 545 0:0 40242
40241 537 1:0 40242
40244 46937 1:0 40244
40244 37038 1:0 40244
40244 46939 1:0 40247
40244 46940 1:0 40248
40245 537 0:0 40253
40248 37038 0:0 40253
40251 51436 0:0 40253
40252 539 1:0 40253
40255 37042 1:0 40255
40255 46938 1:0 40258
40256 539 0:0 40262
40259 37042 0:0 40262
40261 535 1:0 40262
40264 533 1:0 40264
40264 46936 1:0 40264
40264 46925 1:0 40264
40264 46930 1:0 40264
40264 51436 1:0 40264
40264 37045 1:0 40265
40265 535 0:0 40290
40269 37045 0:0 40290
40292 37072 1:0 40292
40292 529 1:0 40292
40292 46926 1:0 40292
40292 531 1:0 40292
40292 37063 1:0 40292
40292 46924 1:0 40293
40292 46917 1:0 40293
40292 46921 1:0 40293
40292 46923 1:0 40293
40293 533 0:0 40328
40296 37063 0:0 40328
40324 755 21:0 40325
40324 51462 0:0 40328
40328 531 0:0 40334
40331 37072 0:0 40334
40336 37074 1:0 40337
40337 529 0:0 40344
40341 37074 0:0 40344
40343 527 1:0 40344
40346 37077 1:0 40349
40346 46916 1:0 40350
40346 46910 1:0 40355
40346 51462 1:0 40358
40346 46908 1:0 40371
40353 755 1:0 40371
40372 519 1:0 40373
40372 37077 0:0 40373
40372 527 0:0 40373
40372 46872 1:0 40520
40375 46904 1:0 40375
40375 46907 1:0 40375
40375 46906 1:0 40376
40376 519 0:0 40384
40379 37095 0:0 40384
40383 521 1:0 40384
40386 37099 1:0 40386
40386 46905 1:0 40387
40387 521 0:0 40393
40390 37099 0:0 40393
40392 517 1:0 40393
40395 46897 1:0 40395
40395 46892 1:0 40395
40395 515 1:0 40395
40395 46903 1:0 40395
40395 37102 1:0 40396
40396 517 0:0 40421
40400 37102 0:0 40421
40423 46893 1:0 40423
40423 513 1:0 40423
40423 37120 1:0 40423
40423 511 1:0 40423
40423 37129 1:0 40423
40423 46891 1:0 40424
40423 46888 1:0 40424
40423 46884 1:0 40424
40423 46890 1:0 40424
40424 515 0:0 40459
40427 37120 0:0 40459
40455 755 21:0 40456
40455 51519 0:0 40459
40459 513 0:0 40465
40462 37129 0:0 40465
40467 37131 1:0 40468
40468 511 0:0 40475
40472 37131 0:0 40475
40474 509 1:0 40475
40477 51519 1:0 40477
40477 46883 1:0 40477
40477 46877 1:0 40478
40477 37134 1:0 40478
40477 46875 1:0 40478
40503 509 0:0 40504
40503 501 1:0 40504
40503 37134 0:0 40504
40506 37152 1:0 40506
40506 46871 1:0 40506
40506 46874 1:0 40506
40506 46873 1:0 40507
40507 501 0:0 40515
40510 37152 0:0 40515
40514 503 1:0 40515
40517 755 1:0 40517
40517 37156 1:0 40519
40518 503 0:0 40524
40521 37156 0:0 40524
40523 499 1:0 40524
40523 37266 1:0 40764
40526 46859 1:0 40526
40526 497 1:0 40526
40526 46870 1:0 40526
40526 46864 1:0 40526
40526 37159 1:0 40527
40527 499 0:0 40552
40531 37159 0:0 40552
40554 37186 1:0 40554
40554 37177 1:0 40554
40554 493 1:0 40554
40554 495 1:0 40554
40554 46860 1:0 40554
40554 46851 1:0 40555
40554 46855 1:0 40555
40554 46858 1:0 40555
40554 46857 1:0 40555
40555 497 0:0 40590
40558 37177 0:0 40590
40586 51576 0:0 40590
40590 495 0:0 40596
40593 37186 0:0 40596
40598 37188 1:0 40599
40599 493 0:0 40606
40603 37188 0:0 40606
40605 491 1:0 40606
40608 51576 1:0 40608
40608 46850 1:0 40608
40608 46844 1:0 40609
40608 46842 1:0 40633
40621 37191 21:0 40649
40633 491 0:0 40635
40634 483 1:0 40635
40637 46838 1:0 40637
40637 37209 1:0 40637
40637 46840 1:0 40640
40637 46841 1:0 40641
40638 483 0:0 40646
40641 37209 0:0 40646
40644 51607 0:0 40646
40645 485 1:0 40646
40648 37213 1:0 40648
40648 46839 1:0 40651
40649 485 0:0 40655
40652 37213 0:0 40655
40654 481 1:0 40655
40657 46837 1:0 40657
40657 51607 1:0 40657
40657 479 1:0 40657
40657 46826 1:0 40657
40657 46831 1:0 40657
40657 37216 1:0 40658
40658 481 0:0 40683
40662 37216 0:0 40683
40685 475 1:0 40685
40685 37243 1:0 40685
40685 37234 1:0 40685
40685 46827 1:0 40685
40685 477 1:0 40685
40685 46825 1:0 40686
40685 46822 1:0 40686
40685 46818 1:0 40686
40685 46824 1:0 40686
40686 479 0:0 40721
40689 37234 0:0 40721
40717 755 21:0 40718
40717 51633 0:0 40721
40721 477 0:0 40727
40724 37243 0:0 40727
40729 37245 1:0 40730
40730 475 0:0 40737
40734 37245 0:0 40737
40736 473 1:0 40737
40739 37248 1:0 40742
40739 46817 1:0 40743
40739 46811 1:0 40748
40739 51633 1:0 40751
40739 46809 1:0 40764
40746 755 1:0 40764
40765 465 1:0 40766
40765 473 0:0 40766
40765 37248 0:0 40766
40765 46773 1:0 40913
40768 46808 1:0 40768
40768 46805 1:0 40768
40768 46807 1:0 40769
40769 465 0:0 40777
40772 37266 0:0 40777
40776 467 1:0 40777
40779 37270 1:0 40779
40779 46806 1:0 40780
40780 467 0:0 40786
40783 37270 0:0 40786
40785 463 1:0 40786
40788 46804 1:0 40788
40788 461 1:0 40788
40788 46798 1:0 40788
40788 46793 1:0 40788
40788 37273 1:0 40789
40789 463 0:0 40814
40793 37273 0:0 40814
40816 46794 1:0 40816
40816 37291 1:0 40816
40816 457 1:0 40816
40816 459 1:0 40816
40816 37300 1:0 40816
40816 46791 1:0 40817
40816 46792 1:0 40817
40816 46785 1:0 40817
40816 46789 1:0 40817
40817 461 0:0 40852
40820 37291 0:0 40852
40848 755 21:0 40849
40848 51690 0:0 40852
40852 459 0:0 40858
40855 37300 0:0 40858
40860 37302 1:0 40861
40861 457 0:0 40868
40865 37302 0:0 40868
40867 455 1:0 40868
40870 51690 1:0 40870
40870 46784 1:0 40870
40870 37305 1:0 40871
40870 46778 1:0 40871
40870 46776 1:0 40871
40896 37305 0:0 40897
40896 447 1:0 40897
40896 455 0:0 40897
40899 46772 1:0 40899
40899 46775 1:0 40899
40899 37323 1:0 40899
40899 46774 1:0 40900
40900 447 0:0 40908
40903 37323 0:0 40908
40907 449 1:0 40908
40910 755 1:0 40910
40910 37327 1:0 40912
40911 449 0:0 40917
40914 37327 0:0 40917
40916 445 1:0 40917
40916 37437 1:0 41157
40919 46771 1:0 40919
40919 46765 1:0 40919
40919 443 1:0 40919
40919 46760 1:0 40919
40919 37330 1:0 40920
40920 445 0:0 40945
40924 37330 0:0 40945
40947 46761 1:0 40947
40947 37357 1:0 40947
40947 439 1:0 40947
40947 37348 1:0 40947
40947 441 1:0 40947
40947 46758 1:0 40948
40947 46759 1:0 40948
40947 46756 1:0 40948
40947 46752 1:0 40948
40948 443 0:0 40983
40951 37348 0:0 40983
40979 51747 0:0 40983
40983 441 0:0 40989
40986 37357 0:0 40989
40991 37359 1:0 40992
40992 439 0:0 40999
40996 37359 0:0 40999
40998 437 1:0 40999
41001 51747 1:0 41001
41001 46751 1:0 41001
41001 46745 1:0 41002
41001 46743 1:0 41026
41014 37362 21:0 41042
41026 437 0:0 41028
41027 429 1:0 41028
41030 37380 1:0 41030
41030 46739 1:0 41030
41030 46741 1:0 41033
41030 46742 1:0 41034
41031 429 0:0 41039
41034 37380 0:0 41039
41037 51778 0:0 41039
41038 431 1:0 41039
41041 37384 1:0 41041
41041 46740 1:0 41044
41042 431 0:0 41048
41045 37384 0:0 41048
41047 427 1:0 41048
41050 46727 1:0 41050
41050 425 1:0 41050
41050 46732 1:0 41050
41050 46738 1:0 41050
41050 51778 1:0 41050
41050 37387 1:0 41051
41051 427 0:0 41076
41055 37387 0:0 41076
41078 37414 1:0 41078
41078 423 1:0 41078
41078 46728 1:0 41078
41078 421 1:0 41078
41078 37405 1:0 41078
41078 46726 1:0 41079
41078 46719 1:0 41079
41078 46725 1:0 41079
41078 46723 1:0 41079
41079 425 0:0 41114
41082 37405 0:0 41114
41110 755 21:0 41111
41110 51804 0:0 41114
41114 423 0:0 41120
41117 37414 0:0 41120
41122 37416 1:0 41123
41123 421 0:0 41130
41127 37416 0:0 41130
41129 419 1:0 41130
41132 37419 1:0 41135
41132 46718 1:0 41136
41132 46712 1:0 41141
41132 51804 1:0 41144
41132 46710 1:0 41157
41139 755 1:0 41157
41158 411 1:0 41159
41158 37419 0:0 41159
41158 419 0:0 41159
41158 46674 1:0 41306
41161 46709 1:0 41161
41161 46706 1:0 41161
41161 46708 1:0 41162
41162 411 0:0 41170
41165 37437 0:0 41170
41169 413 1:0 41170
41172 37441 1:0 41172
41172 46707 1:0 41173
41173 413 0:0 41179
41176 37441 0:0 41179
41178 409 1:0 41179
41181 46694 1:0 41181
41181 46705 1:0 41181
41181 407 1:0 41181
41181 46699 1:0 41181
41181 37444 1:0 41182
41182 409 0:0 41207
41186 37444 0:0 41207
41209 403 1:0 41209
41209 37462 1:0 41209
41209 405 1:0 41209
41209 46695 1:0 41209
41209 37471 1:0 41209
41209 46693 1:0 41210
41209 46692 1:0 41210
41209 46686 1:0 41210
41209 46690 1:0 41210
41210 407 0:0 41245
41213 37462 0:0 41245
41241 755 21:0 41242
41241 51861 0:0 41245
41245 405 0:0 41251
41248 37471 0:0 41251
41253 37473 1:0 41254
41254 403 0:0 41261
41258 37473 0:0 41261
41260 401 1:0 41261
41263 51861 1:0 41263
41263 46685 1:0 41263
41263 46677 1:0 41264
41263 37476 1:0 41264
41263 46679 1:0 41264
41289 37476 0:0 41290
41289 393 1:0 41290
41289 401 0:0 41290
41292 37494 1:0 41292
41292 46673 1:0 41292
41292 46676 1:0 41292
41292 46675 1:0 41293
41293 393 0:0 41301
41296 37494 0:0 41301
41300 395 1:0 41301
41303 755 1:0 41303
41303 37498 1:0 41305
41304 395 0:0 41310
41307 37498 0:0 41310
41309 391 1:0 41310
41309 37608 1:0 41550
41312 46666 1:0 41312
41312 46661 1:0 41312
41312 46672 1:0 41312
41312 389 1:0 41312
41312 37501 1:0 41313
41313 391 0:0 41338
41317 37501 0:0 41338
41340 37519 1:0 41340
41340 387 1:0 41340
41340 385 1:0 41340
41340 37528 1:0 41340
41340 46662 1:0 41340
41340 46659 1:0 41341
41340 46653 1:0 41341
41340 46657 1:0 41341
41340 46660 1:0 41341
41341 389 0:0 41376
41344 37519 0:0 41376
41372 51918 0:0 41376
41376 387 0:0 41382
41379 37528 0:0 41382
41384 37530 1:0 41385
41385 385 0:0 41392
41389 37530 0:0 41392
41391 383 1:0 41392
41394 51918 1:0 41394
41394 46652 1:0 41394
41394 37533 1:0 41395
41394 46646 1:0 41395
41394 46644 1:0 41419
41420 383 0:0 41421
41420 375 1:0 41421
41420 37533 0:0 41421
41423 37551 1:0 41423
41423 46640 1:0 41423
41423 46642 1:0 41426
41423 46643 1:0 41427
41424 375 0:0 41432
41427 37551 0:0 41432
41431 377 1:0 41432
41434 37555 1:0 41434
41434 46641 1:0 41437
41435 377 0:0 41441
41438 37555 0:0 41441
41440 373 1:0 41441
41443 371 1:0 41443
41443 46628 1:0 41443
41443 46639 1:0 41443
41443 46633 1:0 41443
41443 37558 1:0 41444
41444 373 0:0 41469
41448 37558 0:0 41469
41471 369 1:0 41471
41471 367 1:0 41471
41471 46629 1:0 41471
41471 37576 1:0 41471
41471 37585 1:0 41471
41471 46620 1:0 41472
41471 46627 1:0 41472
41471 46626 1:0 41472
41471 46624 1:0 41472
41472 371 0:0 41507
41475 37576 0:0 41507
41503 755 21:0 41504
41503 51975 0:0 41507
41507 369 0:0 41513
41510 37585 0:0 41513
41515 37587 1:0 41516
41516 367 0:0 41523
41520 37587 0:0 41523
41522 365 1:0 41523
41525 37590 1:0 41528
41525 46619 1:0 41529
41525 46613 1:0 41534
41525 51975 1:0 41537
41525 46611 1:0 41550
41532 755 1:0 41550
41551 37590 0:0 41552
41551 357 1:0 41552
41551 365 0:0 41552
41551 46575 1:0 41699
41554 46610 1:0 41554
41554 46607 1:0 41554
41554 46609 1:0 41555
41555 357 0:0 41563
41558 37608 0:0 41563
41562 359 1:0 41563
41565 37612 1:0 41565
41565 46608 1:0 41566
41566 359 0:0 41572
41569 37612 0:0 41572
41571 355 1:0 41572
41574 353 1:0 41574
41574 46595 1:0 41574
41574 46606 1:0 41574
41574 46600 1:0 41574
41574 37615 1:0 41575
41575 355 0:0 41600
41579 37615 0:0 41600
41602 37642 1:0 41602
41602 349 1:0 41602
41602 351 1:0 41602
41602 46596 1:0 41602
41602 37633 1:0 41602
41602 46587 1:0 41603
41602 46593 1:0 41603
41602 46591 1:0 41603
41602 46594 1:0 41603
41603 353 0:0 41638
41606 37633 0:0 41638
41634 755 21:0 41635
41634 52032 0:0 41638
41638 351 0:0 41644
41641 37642 0:0 41644
41646 37644 1:0 41647
41647 349 0:0 41654
41651 37644 0:0 41654
41653 347 1:0 41654
41656 52032 1:0 41656
41656 46586 1:0 41656
41656 37647 1:0 41657
41656 46578 1:0 41657
41656 46580 1:0 41657
41682 339 1:0 41683
41682 37647 0:0 41683
41682 347 0:0 41683
41685 37665 1:0 41685
41685 46574 1:0 41685
41685 46577 1:0 41685
41685 46576 1:0 41686
41686 339 0:0 41694
41689 37665 0:0 41694
41693 341 1:0 41694
41696 755 1:0 41696
41696 37669 1:0 41698
41697 341 0:0 41703
41700 37669 0:0 41703
41702 337 1:0 41703
41702 37779 1:0 41943
41705 335 1:0 41705
41705 46573 1:0 41705
41705 46562 1:0 41705
41705 46567 1:0 41705
41705 37672 1:0 41706
41706 337 0:0 41731
41710 37672 0:0 41731
41733 331 1:0 41733
41733 46563 1:0 41733
41733 37690 1:0 41733
41733 37699 1:0 41733
41733 333 1:0 41733
41733 46554 1:0 41734
41733 46560 1:0 41734
41733 46561 1:0 41734
41733 46558 1:0 41734
41734 335 0:0 41769
41737 37690 0:0 41769
41765 52089 0:0 41769
41769 333 0:0 41775
41772 37699 0:0 41775
41777 37701 1:0 41778
41778 331 0:0 41785
41782 37701 0:0 41785
41784 329 1:0 41785
41787 52089 1:0 41787
41787 46553 1:0 41787
41787 46547 1:0 41788
41787 37704 1:0 41788
41787 46545 1:0 41812
41813 329 0:0 41814
41813 37704 0:0 41814
41813 321 1:0 41814
41816 37722 1:0 41816
41816 46541 1:0 41817
41816 46543 1:0 41819
41816 46544 1:0 41820
41817 321 0:0 41825
41820 37722 0:0 41825
41824 323 1:0 41825
41827 37726 1:0 41827
41827 46542 1:0 41830
41828 323 0:0 41834
41831 37726 0:0 41834
41833 319 1:0 41834
41836 46534 1:0 41836
41836 46540 1:0 41836
41836 46529 1:0 41836
41836 317 1:0 41836
41836 37729 1:0 41837
41837 319 0:0 41862
41841 37729 0:0 41862
41864 37747 1:0 41864
41864 46530 1:0 41864
41864 37756 1:0 41864
41864 315 1:0 41864
41864 313 1:0 41864
41864 46525 1:0 41865
41864 46527 1:0 41865
41864 46521 1:0 41865
41864 46528 1:0 41865
41865 317 0:0 41900
41868 37747 0:0 41900
41896 755 21:0 41897
41896 52146 0:0 41900
41900 315 0:0 41906
41903 37756 0:0 41906
41908 37758 1:0 41909
41909 313 0:0 41916
41913 37758 0:0 41916
41915 311 1:0 41916
41918 37761 1:0 41921
41918 46520 1:0 41922
41918 46514 1:0 41927
41918 52146 1:0 41930
41918 46512 1:0 41943
41925 755 1:0 41943
41944 37761 0:0 41945
41944 303 1:0 41945
41944 311 0:0 41945
41944 46476 1:0 42092
41947 46511 1:0 41947
41947 46510 1:0 41948
41947 46508 1:0 41948
41948 303 0:0 41956
41951 37779 0:0 41956
41955 305 1:0 41956
41958 37783 1:0 41958
41958 46509 1:0 41959
41959 305 0:0 41965
41962 37783 0:0 41965
41964 301 1:0 41965
41967 46496 1:0 41967
41967 46507 1:0 41967
41967 299 1:0 41967
41967 46501 1:0 41967
41967 37786 1:0 41968
41968 301 0:0 41993
41972 37786 0:0 41993
41995 295 1:0 41995
41995 37804 1:0 41995
41995 297 1:0 41995
41995 37813 1:0 41995
41995 46497 1:0 41995
41995 46494 1:0 41996
41995 46495 1:0 41996
41995 46492 1:0 41996
41995 46488 1:0 41996
41996 299 0:0 42031
41999 37804 0:0 42031
42027 755 21:0 42028
42027 52203 0:0 42031
42031 297 0:0 42037
42034 37813 0:0 42037
42039 37815 1:0 42040
42040 295 0:0 42047
42044 37815 0:0 42047
42046 293 1:0 42047
42049 46487 1:0 42049
42049 52203 1:0 42049
42049 46479 1:0 42050
42049 46481 1:0 42050
42049 37818 1:0 42050
42075 37818 0:0 42076
42075 285 1:0 42076
42075 293 0:0 42076
42078 37836 1:0 42078
42078 46478 1:0 42078
42078 46477 1:0 42079
42078 46475 1:0 42079
42079 285 0:0 42087
42082 37836 0:0 42087
42086 287 1:0 42087
42089 755 1:0 42089
42089 37840 1:0 42091
42090 287 0:0 42096
42093 37840 0:0 42096
42095 283 1:0 42096
42095 37950 1:0 42336
42098 46474 1:0 42098
42098 281 1:0 42098
42098 46463 1:0 42098
42098 46468 1:0 42098
42098 37843 1:0 42099
42099 283 0:0 42124
42103 37843 0:0 42124
42126 37861 1:0 42126
42126 37870 1:0 42126
42126 279 1:0 42126
42126 46464 1:0 42126
42126 277 1:0 42126
42126 46459 1:0 42127
42126 46462 1:0 42127
42126 46455 1:0 42127
42126 46461 1:0 42127
42127 281 0:0 42162
42130 37861 0:0 42162
42158 52260 0:0 42162
42162 279 0:0 42168
42165 37870 0:0 42168
42170 37872 1:0 42171
42171 277 0:0 42178
42175 37872 0:0 42178
42177 275 1:0 42178
42180 52260 1:0 42180
42180 46454 1:0 42180
42180 46448 1:0 42181
42180 37875 1:0 42181
42180 46446 1:0 42205
42206 37875 0:0 42207
42206 275 0:0 42207
42206 267 1:0 42207
42209 37893 1:0 42209
42209 46442 1:0 42210
42209 46444 1:0 42212
42209 46445 1:0 42213
42210 267 0:0 42218
42213 37893 0:0 42218
42217 269 1:0 42218
42220 37897 1:0 42220
42220 46443 1:0 42223
42221 269 0:0 42227
42224 37897 0:0 42227
42226 265 1:0 42227
42229 46430 1:0 42229
42229 46435 1:0 42229
42229 263 1:0 42229
42229 46441 1:0 42229
42229 37900 1:0 42230
42230 265 0:0 42255
42234 37900 0:0 42255
42257 37918 1:0 42257
42257 37927 1:0 42257
42257 261 1:0 42257
42257 259 1:0 42257
42257 46431 1:0 42257
42257 46422 1:0 42258
42257 46426 1:0 42258
42257 46428 1:0 42258
42257 46429 1:0 42258
42258 263 0:0 42293
42261 37918 0:0 42293
42289 755 21:0 42290
42289 52317 0:0 42293
42293 261 0:0 42299
42296 37927 0:0 42299
42301 37929 1:0 42302
42302 259 0:0 42309
42306 37929 0:0 42309
42308 257 1:0 42309
42311 37932 1:0 42314
42311 46421 1:0 42315
42311 46415 1:0 42320
42311 52317 1:0 42323
42311 46413 1:0 42336
42318 755 1:0 42336
42337 257 0:0 42338
42337 249 1:0 42338
42337 37932 0:0 42338
42337 46377 1:0 42485
42340 46412 1:0 42340
42340 46411 1:0 42341
42340 46409 1:0 42341
42341 249 0:0 42349
42344 37950 0:0 42349
42348 251 1:0 42349
42351 37954 1:0 42351
42351 46410 1:0 42352
42352 251 0:0 42358
42355 37954 0:0 42358
42357 247 1:0 42358
42360 46408 1:0 42360
42360 245 1:0 42360
42360 46397 1:0 42360
42360 46402 1:0 42360
42360 37957 1:0 42361
42361 247 0:0 42386
42365 37957 0:0 42386
42388 243 1:0 42388
42388 46398 1:0 42388
42388 37984 1:0 42388
42388 37975 1:0 42388
42388 241 1:0 42388
42388 46396 1:0 42389
42388 46389 1:0 42389
42388 46395 1:0 42389
42388 46393 1:0 42389
42389 245 0:0 42424
42392 37975 0:0 42424
42420 755 21:0 42421
42420 52374 0:0 42424
42424 243 0:0 42430
42427 37984 0:0 42430
42432 37986 1:0 42433
42433 241 0:0 42440
42437 37986 0:0 42440
42439 239 1:0 42440
42442 46388 1:0 42442
42442 52374 1:0 42442
42442 46380 1:0 42443
42442 37989 1:0 42443
42442 46382 1:0 42443
42468 37989 0:0 42469
42468 239 0:0 42469
42468 231 1:0 42469
42471 38007 1:0 42471
42471 46379 1:0 42471
42471 46376 1:0 42472
42471 46378 1:0 42472
42472 231 0:0 42480
42475 38007 0:0 42480
42479 233 1:0 42480
42482 755 1:0 42482
42482 38011 1:0 42484
42483 233 0:0 42489
42486 38011 0:0 42489
42488 229 1:0 42489
42488 38121 1:0 42729
42491 46375 1:0 42491
42491 46364 1:0 42491
42491 227 1:0 42491
42491 46369 1:0 42491
42491 38014 1:0 42492
42492 229 0:0 42517
42496 38014 0:0 42517
42519 38041 1:0 42519
42519 38032 1:0 42519
42519 46365 1:0 42519
42519 223 1:0 42519
42519 225 1:0 42519
42519 46363 1:0 42520
42519 46356 1:0 42520
42519 46362 1:0 42520
42519 46360 1:0 42520
42520 227 0:0 42555
42523 38032 0:0 42555
42551 52431 0:0 42555
42555 225 0:0 42561
42558 38041 0:0 42561
42563 38043 1:0 42564
42564 223 0:0 42571
42568 38043 0:0 42571
42570 221 1:0 42571
42573 52431 1:0 42573
42573 46355 1:0 42573
42573 46349 1:0 42574
42573 38046 1:0 42574
42573 46347 1:0 42598
42599 221 0:0 42600
42599 38046 0:0 42600
42599 213 1:0 42600
42602 38064 1:0 42602
42602 46343 1:0 42603
42602 46345 1:0 42605
42602 46346 1:0 42606
42603 213 0:0 42611
42606 38064 0:0 42611
42610 215 1:0 42611
42613 38068 1:0 42613
42613 46344 1:0 42616
42614 215 0:0 42620
42617 38068 0:0 42620
42619 211 1:0 42620
42622 209 1:0 42622
42622 46336 1:0 42622
42622 46342 1:0 42622
42622 46331 1:0 42622
42622 38071 1:0 42623
42623 211 0:0 42648
42627 38071 0:0 42648
42650 205 1:0 42650
42650 38098 1:0 42650
42650 46332 1:0 42650
42650 38089 1:0 42650
42650 207 1:0 42650
42650 46327 1:0 42651
42650 46330 1:0 42651
42650 46323 1:0 42651
42650 46329 1:0 42651
42651 209 0:0 42686
42654 38089 0:0 42686
42682 755 21:0 42683
42682 52488 0:0 42686
42686 207 0:0 42692
42689 38098 0:0 42692
42694 38100 1:0 42695
42695 205 0:0 42702
42699 38100 0:0 42702
42701 203 1:0 42702
42704 38103 1:0 42707
42704 46322 1:0 42708
42704 46316 1:0 42713
42704 52488 1:0 42716
42704 46314 1:0 42729
42711 755 1:0 42729
42730 38103 0:0 42731
42730 195 1:0 42731
42730 203 0:0 42731
42730 46278 1:0 42878
42733 46313 1:0 42733
42733 46312 1:0 42734
42733 46310 1:0 42734
42734 195 0:0 42742
42737 38121 0:0 42742
42741 197 1:0 42742
42744 38125 1:0 42744
42744 46311 1:0 42745
42745 197 0:0 42751
42748 38125 0:0 42751
42750 193 1:0 42751
42753 191 1:0 42753
42753 46298 1:0 42753
42753 46309 1:0 42753
42753 46303 1:0 42753
42753 38128 1:0 42754
42754 193 0:0 42779
42758 38128 0:0 42779
42781 189 1:0 42781
42781 38146 1:0 42781
42781 38155 1:0 42781
42781 46299 1:0 42781
42781 187 1:0 42781
42781 46294 1:0 42782
42781 46296 1:0 42782
42781 46297 1:0 42782
42781 46290 1:0 42782
42782 191 0:0 42817
42785 38146 0:0 42817
42813 755 21:0 42814
42813 52545 0:0 42817
42817 189 0:0 42823
42820 38155 0:0 42823
42825 38157 1:0 42826
42826 187 0:0 42833
42830 38157 0:0 42833
42832 185 1:0 42833
42835 46289 1:0 42835
42835 52545 1:0 42835
42835 46281 1:0 42836
42835 38160 1:0 42836
42835 46283 1:0 42836
42861 177 1:0 42862
42861 38160 0:0 42862
42861 185 0:0 42862
42864 46280 1:0 42864
42864 38178 1:0 42864
42864 46277 1:0 42865
42864 46279 1:0 42865
42865 177 0:0 42873
42868 38178 0:0 42873
42872 179 1:0 42873
42875 755 1:0 42875
42875 38182 1:0 42877
42876 179 0:0 42882
42879 38182 0:0 42882
42881 175 1:0 42882
42881 38292 1:0 43122
42884 46265 1:0 42884
42884 173 1:0 42884
42884 46276 1:0 42884
42884 46270 1:0 42884
42884 38185 1:0 42885
42885 175 0:0 42910
42889 38185 0:0 42910
42912 46266 1:0 42912
42912 169 1:0 42912
42912 38212 1:0 42912
42912 171 1:0 42912
42912 38203 1:0 42912
42912 46264 1:0 42913
42912 46263 1:0 42913
42912 46257 1:0 42913
42912 46261 1:0 42913
42913 173 0:0 42948
42916 38203 0:0 42948
42944 52602 0:0 42948
42948 171 0:0 42954
42951 38212 0:0 42954
42956 38214 1:0 42957
42957 169 0:0 42964
42961 38214 0:0 42964
42963 167 1:0 42964
42966 46256 1:0 42966
42966 52602 1:0 42966
42966 46250 1:0 42967
42966 38217 1:0 42967
42966 46248 1:0 42991
42992 38217 0:0 42993
42992 159 1:0 42993
42992 167 0:0 42993
42995 38235 1:0 42995
42995 46244 1:0 42996
42995 46246 1:0 42998
42995 46247 1:0 42999
42996 159 0:0 43004
42999 38235 0:0 43004
43003 161 1:0 43004
43006 38239 1:0 43006
43006 46245 1:0 43009
43007 161 0:0 43013
43010 38239 0:0 43013
43012 157 1:0 43013
43015 46232 1:0 43015
43015 46237 1:0 43015
43015 46243 1:0 43015
43015 38242 1:0 43016
43016 157 0:0 43041
43020 38242 0:0 43041
43040 155 1:0 43041
43043 153 1:0 43043
43043 151 1:0 43043
43043 46233 1:0 43043
43043 38269 1:0 43043
43043 38260 1:0 43043
43043 46224 1:0 43044
43043 46228 1:0 43044
43043 46231 1:0 43044
43043 46230 1:0 43044
43044 155 0:0 43079
43047 38260 0:0 43079
43075 755 21:0 43076
43075 52659 0:0 43079
43079 153 0:0 43085
43082 38269 0:0 43085
43087 38271 1:0 43088
43088 151 0:0 43095
43092 38271 0:0 43095
43094 149 1:0 43095
43097 38274 1:0 43100
43097 46223 1:0 43101
43097 46217 1:0 43106
43097 52659 1:0 43109
43097 46215 1:0 43122
43104 755 1:0 43122
43123 149 0:0 43124
43123 141 1:0 43124
43123 38274 0:0 43124
43123 46179 1:0 43271
43126 46214 1:0 43126
43126 46211 1:0 43127
43126 46213 1:0 43127
43127 141 0:0 43135
43130 38292 0:0 43135
43134 143 1:0 43135
43137 38296 1:0 43137
43137 46212 1:0 43138
43138 143 0:0 43144
43141 38296 0:0 43144
43143 139 1:0 43144
43146 46199 1:0 43146
43146 46204 1:0 43146
43146 46210 1:0 43146
43146 38299 1:0 43147
43147 139 0:0 43172
43151 38299 0:0 43172
43171 137 1:0 43172
43174 133 1:0 43174
43174 38317 1:0 43174
43174 135 1:0 43174
43174 38326 1:0 43174
43174 46200 1:0 43174
43174 46197 1:0 43175
43174 46195 1:0 43175
43174 46198 1:0 43175
43174 46191 1:0 43175
43175 137 0:0 43210
43178 38317 0:0 43210
43206 755 21:0 43207
43206 52716 0:0 43210
43210 135 0:0 43216
43213 38326 0:0 43216
43218 38328 1:0 43219
43219 133 0:0 43226
43223 38328 0:0 43226
43225 131 1:0 43226
43228 52716 1:0 43228
43228 46190 1:0 43228
43228 46184 1:0 43229
43228 46182 1:0 43229
43228 38331 1:0 43229
43254 123 1:0 43255
43254 131 0:0 43255
43254 38331 0:0 43255
43257 38349 1:0 43257
43257 46181 1:0 43257
43257 46180 1:0 43258
43257 46178 1:0 43258
43258 123 0:0 43266
43261 38349 0:0 43266
43265 125 1:0 43266
43268 755 1:0 43268
43268 38353 1:0 43270
43269 125 0:0 43275
43272 38353 0:0 43275
43274 121 1:0 43275
43274 38463 1:0 43515
43277 46171 1:0 43277
43277 46177 1:0 43277
43277 46166 1:0 43277
43277 38356 1:0 43278
43278 121 0:0 43303
43282 38356 0:0 43303
43302 119 1:0 43303
43305 38383 1:0 43305
43305 115 1:0 43305
43305 117 1:0 43305
43305 38374 1:0 43305
43305 46167 1:0 43305
43305 46164 1:0 43306
43305 46162 1:0 43306
43305 46165 1:0 43306
43305 46158 1:0 43306
43306 119 0:0 43341
43309 38374 0:0 43341
43337 52773 0:0 43341
43341 117 0:0 43347
43344 38383 0:0 43347
43349 38385 1:0 43350
43350 115 0:0 43357
43354 38385 0:0 43357
43356 113 1:0 43357
43359 46157 1:0 43359
43359 52773 1:0 43359
43359 38388 1:0 43360
43359 46151 1:0 43360
43359 46149 1:0 43384
43385 38388 0:0 43386
43385 113 0:0 43386
43385 105 1:0 43386
43388 38406 1:0 43388
43388 46145 1:0 43389
43388 46147 1:0 43391
43388 46148 1:0 43392
43389 105 0:0 43397
43392 38406 0:0 43397
43396 107 1:0 43397
43399 38410 1:0 43399
43399 46146 1:0 43402
43400 107 0:0 43406
43403 38410 0:0 43406
43405 103 1:0 43406
43408 46138 1:0 43408
43408 46133 1:0 43408
43408 46144 1:0 43408
43408 38413 1:0 43409
43409 103 0:0 43434
43413 38413 0:0 43434
43433 101 1:0 43434
43436 38440 1:0 43436
43436 46134 1:0 43436
43436 99 1:0 43436
43436 97 1:0 43436
43436 38431 1:0 43436
43436 46125 1:0 43437
43436 46132 1:0 43437
43436 46129 1:0 43437
43436 46131 1:0 43437
43437 101 0:0 43472
43440 38431 0:0 43472
43468 755 21:0 43469
43468 52830 0:0 43472
43472 99 0:0 43478
43475 38440 0:0 43478
43480 38442 1:0 43481
43481 97 0:0 43488
43485 38442 0:0 43488
43487 95 1:0 43488
43490 38445 1:0 43493
43490 46124 1:0 43494
43490 46118 1:0 43499
43490 52830 1:0 43502
43490 46116 1:0 43515
43497 755 1:0 43515
43516 38445 0:0 43517
43516 95 0:0 43517
43516 87 1:0 43517
43516 46080 1:0 43664
43519 46115 1:0 43519
43519 46112 1:0 43520
43519 46114 1:0 43520
43520 87 0:0 43528
43523 38463 0:0 43528
43527 89 1:0 43528
43530 38467 1:0 43530
43530 46113 1:0 43531
43531 89 0:0 43537
43534 38467 0:0 43537
43536 85 1:0 43537
43539 46100 1:0 43539
43539 46105 1:0 43539
43539 46111 1:0 43539
43539 38470 1:0 43540
43540 85 0:0 43565
43544 38470 0:0 43565
43564 83 1:0 43565
43567 79 1:0 43567
43567 38497 1:0 43567
43567 46101 1:0 43567
43567 81 1:0 43567
43567 38488 1:0 43567
43567 46099 1:0 43568
43567 46098 1:0 43568
43567 46092 1:0 43568
43567 46096 1:0 43568
43568 83 0:0 43603
43571 38488 0:0 43603
43599 755 21:0 43600
43599 52887 0:0 43603
43603 81 0:0 43609
43606 38497 0:0 43609
43611 38499 1:0 43612
43612 79 0:0 43619
43616 38499 0:0 43619
43618 77 1:0 43619
43621 52887 1:0 43621
43621 46091 1:0 43621
43621 46083 1:0 43622
43621 46085 1:0 43622
43621 38502 1:0 43622
43647 69 1:0 43648
43647 38502 0:0 43648
43647 77 0:0 43648
43650 46082 1:0 43650
43650 38520 1:0 43650
43650 46081 1:0 43651
43650 46079 1:0 43651
43651 69 0:0 43659
43654 38520 0:0 43659
43658 71 1:0 43659
43661 755 1:0 43661
43661 38524 1:0 43663
43662 71 0:0 43668
43665 38524 0:0 43668
43667 67 1:0 43668
43667 38634 1:0 43908
43670 46067 1:0 43670
43670 46078 1:0 43670
43670 46072 1:0 43670
43670 38527 1:0 43671
43671 67 0:0 43696
43675 38527 0:0 43696
43695 65 1:0 43696
43698 61 1:0 43698
43698 38554 1:0 43698
43698 63 1:0 43698
43698 46068 1:0 43698
43698 38545 1:0 43698
43698 46066 1:0 43699
43698 46059 1:0 43699
43698 46063 1:0 43699
43698 46065 1:0 43699
43699 65 0:0 43734
43702 38545 0:0 43734
43730 52944 0:0 43734
43734 63 0:0 43740
43737 38554 0:0 43740
43742 38556 1:0 43743
43743 61 0:0 43750
43747 38556 0:0 43750
43749 59 1:0 43750
43752 52944 1:0 43752
43752 46058 1:0 43752
43752 38559 1:0 43753
43752 46052 1:0 43753
43752 46050 1:0 43777
43778 38559 0:0 43779
43778 59 0:0 43779
43778 51 1:0 43779
43781 38577 1:0 43781
43781 46046 1:0 43782
43781 46048 1:0 43784
43781 46049 1:0 43785
43782 51 0:0 43790
43785 38577 0:0 43790
43789 53 1:0 43790
43792 38581 1:0 43792
43792 46047 1:0 43795
43793 53 0:0 43799
43796 38581 0:0 43799
43798 49 1:0 43799
43801 46034 1:0 43801
43801 46045 1:0 43801
43801 46039 1:0 43801
43801 38584 1:0 43802
43802 49 0:0 43827
43806 38584 0:0 43827
43826 47 1:0 43827
43829 38602 1:0 43829
43829 46030 1:0 43830
43829 46033 1:0 43830
43829 46032 1:0 43830
43829 46026 1:0 43830
43829 45 1:0 43830
43832 46035 1:0 43832
43833 47 0:0 43865
43833 38602 0:0 43865
43852 755 21:0 43862
43861 53001 0:0 43865
43864 38611 1:0 43864
43865 45 0:0 43871
43868 38611 0:0 43871
43870 43 1:0 43871
43873 38613 1:0 43874
43874 43 0:0 43881
43878 38613 0:0 43881
43880 41 1:0 43881
43883 38616 1:0 43886
43883 46025 1:0 43887
43883 53001 1:0 43889
43883 46019 1:0 43892
43883 46017 1:0 43908
43890 755 1:0 43908
43909 33 1:0 43910
43909 38616 0:0 43910
43909 41 0:0 43910
43909 45981 1:0 44057
43912 46016 1:0 43912
43912 46013 1:0 43913
43912 46015 1:0 43913
43913 33 0:0 43921
43916 38634 0:0 43921
43920 35 1:0 43921
43923 38638 1:0 43923
43923 46014 1:0 43924
43924 35 0:0 43930
43927 38638 0:0 43930
43929 31 1:0 43930
43932 46001 1:0 43932
43932 46012 1:0 43932
43932 46006 1:0 43932
43932 38641 1:0 43933
43933 31 0:0 43958
43937 38641 0:0 43958
43957 29 1:0 43958
43960 38659 1:0 43960
43960 45999 1:0 43961
43960 46000 1:0 43961
43960 45997 1:0 43961
43960 45993 1:0 43961
43960 27 1:0 43961
43963 46002 1:0 43963
43963 29 0:0 43996
43964 38659 0:0 43996
43983 755 21:0 43993
43992 53058 0:0 43996
43995 38668 1:0 43995
43996 27 0:0 44002
43999 38668 0:0 44002
44001 25 1:0 44002
44004 38670 1:0 44005
44005 25 0:0 44012
44009 38670 0:0 44012
44011 23 1:0 44012
44014 45992 1:0 44014
44014 53058 1:0 44014
44014 45984 1:0 44015
44014 38673 1:0 44015
44014 45986 1:0 44015
44040 23 0:0 44041
44040 15 1:0 44041
44040 38673 0:0 44041
44043 38691 1:0 44043
44043 45983 1:0 44043
44043 45980 1:0 44044
44043 45982 1:0 44044
44044 15 0:0 44052
44047 38691 0:0 44052
44051 17 1:0 44052
44054 38695 1:0 44056
44055 17 0:0 44061
44058 38695 0:0 44061
44060 13 1:0 44061
44063 38698 1:0 44066
44063 3 1:0 44067
44063 45973 1:0 44067
44063 45979 1:0 44067
44063 45968 1:0 44067
44064 13 0:0 44089
44068 38698 0:0 44089
44088 11 1:0 44089
44088 38727 1:0 44094
44091 38716 1:0 44093
44091 755 1:0 44094
44091 9 1:0 44094
44091 45966 1:0 44096
44091 45967 1:0 44096
44091 45964 1:0 44096
44091 45960 1:0 44122
44094 45969 1:0 44094
44095 53115 0:0 44127
44095 11 0:0 44127
44095 38716 0:0 44127
44114 755 21:0 44124
44126 38725 1:0 44128
44127 9 0:0 44133
44130 38725 0:0 44133
44132 7 1:0 44133
44140 38727 21:0 44146
44142 5 1:0 44143
44145 38730 1:0 44148
44145 45959 1:0 44149
44145 38748 1:0 44149
44145 53115 1:0 44149
44145 755 1:0 44149
44145 45953 1:0 44154
44150 38730 0:0 44183
44171 38748 21:0 44235
44174 755 0:0 44175
44180 53163 0:0 44183
44182 11 1:0 44182
44182 13 1:0 44182
44182 9 1:0 44182
44182 3 0:0 44183
44183 5 0:0 44191
44189 7 0:0 44191
44190 755 1:0 44190
44191 53164 0:0 44219
44209 755 0:0 44210
44217 9 0:0 44219
44218 53157 0:0 44219
44219 53170 0:0 44224
44219 53171 0:0 44224
44219 53168 0:0 44224
44223 53157 1:0 44223
44223 53173 0:0 44224
44224 11 0:0 44235
44224 53172 0:0 44235
44226 53157 0:0 44235
44232 53183 0:0 44235
44234 17 1:0 44236
44237 53185 21:0 44463
44238 13 0:0 44240
44239 15 1:0 44241
44244 17 0:0 44245
44244 53186 0:0 44245
44244 53184 0:0 44245
44244 53187 0:0 44245
44244 23 1:0 44255
44244 29 1:0 44256
44244 31 1:0 44256
44246 755 1:0 44248
44250 755 0:0 44251
44251 25 1:0 44256
44251 27 1:0 44256
44255 755 1:0 44256
44257 15 0:0 44259
44257 53177 0:0 44259
44257 53188 0:0 44259
44258 53196 0:0 44259
44265 25 0:0 44267
44285 755 0:0 44286
44293 23 0:0 44295
44293 53197 0:0 44295
44293 27 0:0 44295
44299 53206 0:0 44300
44299 53204 0:0 44300
44299 53201 0:0 44300
44299 53203 0:0 44300
44310 53210 0:0 44311
44310 53216 0:0 44311
44310 53205 0:0 44311
44310 53190 0:0 44311
44310 29 0:0 44311
44310 35 1:0 44312
44315 53218 0:0 44316
44315 31 0:0 44316
44315 33 1:0 44317
44320 35 0:0 44321
44320 53217 0:0 44321
44320 53219 0:0 44321
44320 53210 1:0 44321
44320 53220 0:0 44321
44320 41 1:0 44331
44320 47 1:0 44332
44320 49 1:0 44332
44322 755 1:0 44324
44326 755 0:0 44327
44327 43 1:0 44332
44327 45 1:0 44332
44331 755 1:0 44332
44333 53221 0:0 44335
44333 33 0:0 44335
44333 53210 0:0 44335
44334 53229 0:0 44335
44341 43 0:0 44343
44361 755 0:0 44362
44369 45 0:0 44371
44369 41 0:0 44371
44369 53230 0:0 44371
44375 53239 0:0 44376
44375 53237 0:0 44376
44375 53234 0:0 44376
44375 53236 0:0 44376
44386 53243 0:0 44387
44386 53238 0:0 44387
44386 53223 0:0 44387
44386 47 0:0 44387
44386 53249 0:0 44387
44386 53 1:0 44388
44391 49 0:0 44392
44391 53251 0:0 44392
44391 51 1:0 44393
44396 53252 0:0 44397
44396 53253 0:0 44397
44396 53 0:0 44397
44396 53243 1:0 44397
44396 53250 0:0 44397
44396 59 1:0 44407
44396 65 1:0 44408
44396 67 1:0 44408
44398 755 1:0 44400
44402 755 0:0 44403
44403 63 1:0 44408
44403 61 1:0 44408
44407 755 1:0 44408
44409 53254 0:0 44411
44409 51 0:0 44411
44409 53243 0:0 44411
44410 53262 0:0 44411
44417 61 0:0 44419
44437 755 0:0 44438
44445 53263 0:0 44447
44445 59 0:0 44447
44445 63 0:0 44447
44451 53267 0:0 44452
44451 53269 0:0 44452
44451 53270 0:0 44452
44451 53272 0:0 44452
44462 53282 0:0 44463
44462 53256 0:0 44463
44462 53271 0:0 44463
44462 65 0:0 44463
44462 71 1:0 44464
44465 53284 21:0 44691
44466 67 0:0 44468
44467 69 1:0 44469
44472 71 0:0 44473
44472 53285 0:0 44473
44472 53286 0:0 44473
44472 53283 0:0 44473
44472 77 1:0 44483
44472 83 1:0 44484
44472 85 1:0 44484
44474 755 1:0 44476
44478 755 0:0 44479
44479 79 1:0 44484
44479 81 1:0 44484
44483 755 1:0 44484
44485 69 0:0 44487
44485 53276 0:0 44487
44485 53287 0:0 44487
44486 53295 0:0 44487
44493 79 0:0 44495
44513 755 0:0 44514
44521 81 0:0 44523
44521 53296 0:0 44523
44521 77 0:0 44523
44527 53300 0:0 44528
44527 53303 0:0 44528
44527 53302 0:0 44528
44527 53305 0:0 44528
44538 83 0:0 44539
44538 53304 0:0 44539
44538 53289 0:0 44539
44538 53309 0:0 44539
44538 53315 0:0 44539
44538 89 1:0 44540
44543 53317 0:0 44544
44543 85 0:0 44544
44543 87 1:0 44545
44548 53319 0:0 44549
44548 53309 1:0 44549
44548 89 0:0 44549
44548 53318 0:0 44549
44548 53316 0:0 44549
44548 95 1:0 44559
44548 103 1:0 44560
44548 101 1:0 44560
44550 755 1:0 44552
44554 755 0:0 44555
44555 99 1:0 44560
44555 97 1:0 44560
44559 755 1:0 44560
44561 53309 0:0 44563
44561 53320 0:0 44563
44561 87 0:0 44563
44562 53328 0:0 44563
44569 97 0:0 44571
44589 755 0:0 44590
44597 53329 0:0 44599
44597 95 0:0 44599
44597 99 0:0 44599
44603 53335 0:0 44604
44603 53333 0:0 44604
44603 53336 0:0 44604
44603 53338 0:0 44604
44614 53342 0:0 44615
44614 53322 0:0 44615
44614 101 0:0 44615
44614 53337 0:0 44615
44614 53348 0:0 44615
44614 107 1:0 44616
44619 53350 0:0 44620
44619 103 0:0 44620
44619 105 1:0 44621
44624 53351 0:0 44625
44624 53349 0:0 44625
44624 53352 0:0 44625
44624 107 0:0 44625
44624 53342 1:0 44625
44624 113 1:0 44635
44624 119 1:0 44636
44624 121 1:0 44636
44626 755 1:0 44628
44630 755 0:0 44631
44631 115 1:0 44636
44631 117 1:0 44636
44635 755 1:0 44636
44637 105 0:0 44639
44637 53342 0:0 44639
44637 53353 0:0 44639
44638 53361 0:0 44639
44645 115 0:0 44647
44665 755 0:0 44666
44673 117 0:0 44675
44673 113 0:0 44675
44673 53362 0:0 44675
44679 53371 0:0 44680
44679 53368 0:0 44680
44679 53366 0:0 44680
44679 53369 0:0 44680
44690 53355 0:0 44691
44690 53370 0:0 44691
44690 119 0:0 44691
44690 53381 0:0 44691
44690 125 1:0 44692
44693 53383 21:0 44919
44694 121 0:0 44696
44695 123 1:0 44697
44700 53384 0:0 44701
44700 53385 0:0 44701
44700 53382 0:0 44701
44700 125 0:0 44701
44700 131 1:0 44711
44700 137 1:0 44712
44700 139 1:0 44712
44702 755 1:0 44704
44706 755 0:0 44707
44707 135 1:0 44712
44707 133 1:0 44712
44711 755 1:0 44712
44713 53386 0:0 44715
44713 123 0:0 44715
44713 53375 0:0 44715
44714 53394 0:0 44715
44721 133 0:0 44723
44741 755 0:0 44742
44749 53395 0:0 44751
44749 135 0:0 44751
44749 131 0:0 44751
44755 53402 0:0 44756
44755 53401 0:0 44756
44755 53399 0:0 44756
44755 53404 0:0 44756
44766 137 0:0 44767
44766 53388 0:0 44767
44766 53403 0:0 44767
44766 53414 0:0 44767
44766 53408 0:0 44767
44766 143 1:0 44768
44771 139 0:0 44772
44771 53416 0:0 44772
44771 141 1:0 44773
44776 143 0:0 44777
44776 53408 1:0 44777
44776 53415 0:0 44777
44776 53418 0:0 44777
44776 53417 0:0 44777
44776 149 1:0 44787
44776 155 1:0 44788
44776 157 1:0 44788
44778 755 1:0 44780
44782 755 0:0 44783
44783 151 1:0 44788
44783 153 1:0 44788
44787 755 1:0 44788
44789 53419 0:0 44791
44789 53408 0:0 44791
44789 141 0:0 44791
44790 53427 0:0 44791
44797 151 0:0 44799
44817 755 0:0 44818
44825 149 0:0 44827
44825 53428 0:0 44827
44825 153 0:0 44827
44831 53437 0:0 44832
44831 53432 0:0 44832
44831 53435 0:0 44832
44831 53434 0:0 44832
44842 53436 0:0 44843
44842 53421 0:0 44843
44842 53447 0:0 44843
44842 155 0:0 44843
44842 53441 0:0 44843
44842 161 1:0 44844
44847 53449 0:0 44848
44847 157 0:0 44848
44847 159 1:0 44849
44852 53451 0:0 44853
44852 53450 0:0 44853
44852 53441 1:0 44853
44852 53448 0:0 44853
44852 161 0:0 44853
44852 167 1:0 44863
44852 173 1:0 44864
44852 175 1:0 44864
44854 755 1:0 44856
44858 755 0:0 44859
44859 169 1:0 44864
44859 171 1:0 44864
44863 755 1:0 44864
44865 53452 0:0 44867
44865 53441 0:0 44867
44865 159 0:0 44867
44866 53460 0:0 44867
44873 169 0:0 44875
44893 755 0:0 44894
44901 167 0:0 44903
44901 171 0:0 44903
44901 53461 0:0 44903
44907 53465 0:0 44908
44907 53468 0:0 44908
44907 53467 0:0 44908
44907 53470 0:0 44908
44918 173 0:0 44919
44918 53469 0:0 44919
44918 53480 0:0 44919
44918 53454 0:0 44919
44918 179 1:0 44920
44921 53482 21:0 45147
44922 175 0:0 44924
44923 177 1:0 44925
44928 53483 0:0 44929
44928 53484 0:0 44929
44928 53481 0:0 44929
44928 179 0:0 44929
44928 185 1:0 44939
44928 191 1:0 44940
44928 193 1:0 44940
44930 755 1:0 44932
44934 755 0:0 44935
44935 189 1:0 44940
44935 187 1:0 44940
44939 755 1:0 44940
44941 53485 0:0 44943
44941 177 0:0 44943
44941 53474 0:0 44943
44942 53493 0:0 44943
44949 187 0:0 44951
44969 755 0:0 44970
44977 189 0:0 44979
44977 53494 0:0 44979
44977 185 0:0 44979
44983 53498 0:0 44984
44983 53500 0:0 44984
44983 53501 0:0 44984
44983 53503 0:0 44984
44994 53507 0:0 44995
44994 191 0:0 44995
44994 53487 0:0 44995
44994 53513 0:0 44995
44994 53502 0:0 44995
44994 197 1:0 44996
44999 53515 0:0 45000
44999 193 0:0 45000
44999 195 1:0 45001
45004 53514 0:0 45005
45004 53507 1:0 45005
45004 53517 0:0 45005
45004 53516 0:0 45005
45004 197 0:0 45005
45004 203 1:0 45015
45004 211 1:0 45016
45004 209 1:0 45016
45006 755 1:0 45008
45010 755 0:0 45011
45011 205 1:0 45016
45011 207 1:0 45016
45015 755 1:0 45016
45017 53507 0:0 45019
45017 195 0:0 45019
45017 53518 0:0 45019
45018 53526 0:0 45019
45025 205 0:0 45027
45045 755 0:0 45046
45053 203 0:0 45055
45053 207 0:0 45055
45053 53527 0:0 45055
45059 53536 0:0 45060
45059 53531 0:0 45060
45059 53533 0:0 45060
45059 53534 0:0 45060
45070 209 0:0 45071
45070 53535 0:0 45071
45070 53540 0:0 45071
45070 53546 0:0 45071
45070 53520 0:0 45071
45070 215 1:0 45072
45075 53548 0:0 45076
45075 211 0:0 45076
45075 213 1:0 45077
45080 53550 0:0 45081
45080 53540 1:0 45081
45080 215 0:0 45081
45080 53547 0:0 45081
45080 53549 0:0 45081
45080 221 1:0 45091
45080 229 1:0 45092
45080 227 1:0 45092
45082 755 1:0 45084
45086 755 0:0 45087
45087 225 1:0 45092
45087 223 1:0 45092
45091 755 1:0 45092
45093 213 0:0 45095
45093 53551 0:0 45095
45093 53540 0:0 45095
45094 53559 0:0 45095
45101 223 0:0 45103
45121 755 0:0 45122
45129 53560 0:0 45131
45129 225 0:0 45131
45129 221 0:0 45131
45135 53566 0:0 45136
45135 53564 0:0 45136
45135 53567 0:0 45136
45135 53569 0:0 45136
45146 227 0:0 45147
45146 53553 0:0 45147
45146 53579 0:0 45147
45146 53568 0:0 45147
45146 233 1:0 45148
45149 53581 21:0 45375
45150 229 0:0 45152
45151 231 1:0 45153
45156 53582 0:0 45157
45156 53583 0:0 45157
45156 53580 0:0 45157
45156 233 0:0 45157
45156 239 1:0 45167
45156 247 1:0 45168
45156 245 1:0 45168
45158 755 1:0 45160
45162 755 0:0 45163
45163 241 1:0 45168
45163 243 1:0 45168
45167 755 1:0 45168
45169 53573 0:0 45171
45169 53584 0:0 45171
45169 231 0:0 45171
45170 53592 0:0 45171
45177 241 0:0 45179
45197 755 0:0 45198
45205 243 0:0 45207
45205 239 0:0 45207
45205 53593 0:0 45207
45211 53599 0:0 45212
45211 53597 0:0 45212
45211 53600 0:0 45212
45211 53602 0:0 45212
45222 53612 0:0 45223
45222 53586 0:0 45223
45222 53601 0:0 45223
45222 53606 0:0 45223
45222 245 0:0 45223
45222 251 1:0 45224
45227 53614 0:0 45228
45227 247 0:0 45228
45227 249 1:0 45229
45232 53613 0:0 45233
45232 53616 0:0 45233
45232 53606 1:0 45233
45232 53615 0:0 45233
45232 251 0:0 45233
45232 257 1:0 45243
45232 263 1:0 45244
45232 265 1:0 45244
45234 755 1:0 45236
45238 755 0:0 45239
45239 259 1:0 45244
45239 261 1:0 45244
45243 755 1:0 45244
45245 53606 0:0 45247
45245 249 0:0 45247
45245 53617 0:0 45247
45246 53625 0:0 45247
45253 259 0:0 45255
45273 755 0:0 45274
45281 257 0:0 45283
45281 261 0:0 45283
45281 53626 0:0 45283
45287 53633 0:0 45288
45287 53635 0:0 45288
45287 53630 0:0 45288
45287 53632 0:0 45288
45298 53619 0:0 45299
45298 53639 0:0 45299
45298 53645 0:0 45299
45298 53634 0:0 45299
45298 263 0:0 45299
45298 269 1:0 45300
45303 265 0:0 45304
45303 53647 0:0 45304
45303 267 1:0 45305
45308 53639 1:0 45309
45308 53646 0:0 45309
45308 269 0:0 45309
45308 53649 0:0 45309
45308 53648 0:0 45309
45308 275 1:0 45319
45308 281 1:0 45320
45308 283 1:0 45320
45310 755 1:0 45312
45314 755 0:0 45315
45315 277 1:0 45320
45315 279 1:0 45320
45319 755 1:0 45320
45321 267 0:0 45323
45321 53650 0:0 45323
45321 53639 0:0 45323
45322 53658 0:0 45323
45329 277 0:0 45331
45349 755 0:0 45350
45357 53659 0:0 45359
45357 275 0:0 45359
45357 279 0:0 45359
45363 53666 0:0 45364
45363 53665 0:0 45364
45363 53668 0:0 45364
45363 53663 0:0 45364
45374 281 0:0 45375
45374 53667 0:0 45375
45374 53652 0:0 45375
45374 53678 0:0 45375
45374 287 1:0 45376
45377 53680 21:0 45603
45378 283 0:0 45380
45379 285 1:0 45381
45384 53682 0:0 45385
45384 53679 0:0 45385
45384 53681 0:0 45385
45384 287 0:0 45385
45384 293 1:0 45395
45384 299 1:0 45396
45384 301 1:0 45396
45386 755 1:0 45388
45390 755 0:0 45391
45391 297 1:0 45396
45391 295 1:0 45396
45395 755 1:0 45396
45397 285 0:0 45399
45397 53672 0:0 45399
45397 53683 0:0 45399
45398 53691 0:0 45399
45405 295 0:0 45407
45425 755 0:0 45426
45433 53692 0:0 45435
45433 293 0:0 45435
45433 297 0:0 45435
45439 53701 0:0 45440
45439 53699 0:0 45440
45439 53698 0:0 45440
45439 53696 0:0 45440
45450 53711 0:0 45451
45450 53700 0:0 45451
45450 53705 0:0 45451
45450 53685 0:0 45451
45450 299 0:0 45451
45450 305 1:0 45452
45455 301 0:0 45456
45455 53713 0:0 45456
45455 303 1:0 45457
45460 53714 0:0 45461
45460 53712 0:0 45461
45460 53705 1:0 45461
45460 305 0:0 45461
45460 53715 0:0 45461
45460 311 1:0 45471
45460 319 1:0 45472
45460 317 1:0 45472
45462 755 1:0 45464
45466 755 0:0 45467
45467 315 1:0 45472
45467 313 1:0 45472
45471 755 1:0 45472
45473 53705 0:0 45475
45473 53716 0:0 45475
45473 303 0:0 45475
45474 53724 0:0 45475
45481 313 0:0 45483
45501 755 0:0 45502
45509 311 0:0 45511
45509 315 0:0 45511
45509 53725 0:0 45511
45515 53731 0:0 45516
45515 53732 0:0 45516
45515 53734 0:0 45516
45515 53729 0:0 45516
45526 53738 0:0 45527
45526 317 0:0 45527
45526 53733 0:0 45527
45526 53718 0:0 45527
45526 53744 0:0 45527
45526 323 1:0 45528
45531 319 0:0 45532
45531 53746 0:0 45532
45531 321 1:0 45533
45536 53747 0:0 45537
45536 323 0:0 45537
45536 53738 1:0 45537
45536 53745 0:0 45537
45536 53748 0:0 45537
45536 329 1:0 45547
45536 335 1:0 45548
45538 755 1:0 45540
45542 755 0:0 45543
45543 331 1:0 45548
45543 333 1:0 45548
45547 755 1:0 45548
45549 53749 0:0 45551
45549 53738 0:0 45551
45549 321 0:0 45551
45550 53757 0:0 45551
45557 331 0:0 45559
45577 755 0:0 45578
45585 53758 0:0 45587
45585 329 0:0 45587
45585 333 0:0 45587
45591 53767 0:0 45592
45591 53765 0:0 45592
45591 53764 0:0 45592
45591 53762 0:0 45592
45591 337 1:0 45599
45602 53751 0:0 45603
45602 53777 0:0 45603
45602 53766 0:0 45603
45602 335 0:0 45603
45602 341 1:0 45604
45605 53779 21:0 45831
45606 337 0:0 45608
45607 339 1:0 45609
45612 53780 0:0 45613
45612 341 0:0 45613
45612 53778 0:0 45613
45612 53781 0:0 45613
45612 347 1:0 45623
45612 353 1:0 45624
45614 755 1:0 45616
45618 755 0:0 45619
45619 349 1:0 45624
45619 351 1:0 45624
45623 755 1:0 45624
45625 53782 0:0 45627
45625 53771 0:0 45627
45625 339 0:0 45627
45626 53790 0:0 45627
45633 349 0:0 45635
45653 755 0:0 45654
45661 347 0:0 45663
45661 53791 0:0 45663
45661 351 0:0 45663
45667 53797 0:0 45668
45667 53798 0:0 45668
45667 53795 0:0 45668
45667 53800 0:0 45668
45667 355 1:0 45675
45678 53784 0:0 45679
45678 53804 0:0 45679
45678 353 0:0 45679
45678 53810 0:0 45679
45678 53799 0:0 45679
45678 359 1:0 45680
45683 355 0:0 45684
45683 53812 0:0 45684
45683 357 1:0 45685
45688 359 0:0 45689
45688 53811 0:0 45689
45688 53814 0:0 45689
45688 53813 0:0 45689
45688 53804 1:0 45689
45688 365 1:0 45699
45688 371 1:0 45700
45690 755 1:0 45692
45694 755 0:0 45695
45695 369 1:0 45700
45695 367 1:0 45700
45699 755 1:0 45700
45701 53815 0:0 45703
45701 357 0:0 45703
45701 53804 0:0 45703
45702 53823 0:0 45703
45709 367 0:0 45711
45729 755 0:0 45730
45737 365 0:0 45739
45737 53824 0:0 45739
45737 369 0:0 45739
45743 53830 0:0 45744
45743 53833 0:0 45744
45743 53828 0:0 45744
45743 53831 0:0 45744
45743 373 1:0 45751
45754 53832 0:0 45755
45754 53843 0:0 45755
45754 53837 0:0 45755
45754 53817 0:0 45755
45754 371 0:0 45755
45754 377 1:0 45756
45759 373 0:0 45760
45759 53845 0:0 45760
45759 375 1:0 45761
45764 377 0:0 45765
45764 53837 1:0 45765
45764 53844 0:0 45765
45764 53846 0:0 45765
45764 53847 0:0 45765
45764 383 1:0 45775
45764 389 1:0 45776
45766 755 1:0 45768
45770 755 0:0 45771
45771 385 1:0 45776
45771 387 1:0 45776
45775 755 1:0 45776
45777 53848 0:0 45779
45777 375 0:0 45779
45777 53837 0:0 45779
45778 53856 0:0 45779
45785 385 0:0 45787
45805 755 0:0 45806
45813 53857 0:0 45815
45813 387 0:0 45815
45813 383 0:0 45815
45819 53861 0:0 45820
45819 53864 0:0 45820
45819 53863 0:0 45820
45819 53866 0:0 45820
45819 391 1:0 45827
45830 53876 0:0 45831
45830 53865 0:0 45831
45830 389 0:0 45831
45830 53850 0:0 45831
45830 395 1:0 45832
45833 53878 21:0 46059
45834 391 0:0 45836
45835 393 1:0 45837
45840 53880 0:0 45841
45840 395 0:0 45841
45840 53877 0:0 45841
45840 53879 0:0 45841
45840 401 1:0 45851
45840 407 1:0 45852
45842 755 1:0 45844
45846 755 0:0 45847
45847 405 1:0 45852
45847 403 1:0 45852
45851 755 1:0 45852
45853 393 0:0 45855
45853 53870 0:0 45855
45853 53881 0:0 45855
45854 53889 0:0 45855
45861 403 0:0 45863
45881 755 0:0 45882
45889 401 0:0 45891
45889 405 0:0 45891
45889 53890 0:0 45891
45895 53896 0:0 45896
45895 53894 0:0 45896
45895 53897 0:0 45896
45895 53899 0:0 45896
45895 409 1:0 45903
45906 53903 0:0 45907
45906 53883 0:0 45907
45906 53909 0:0 45907
45906 407 0:0 45907
45906 53898 0:0 45907
45906 413 1:0 45908
45911 409 0:0 45912
45911 53911 0:0 45912
45911 411 1:0 45913
45916 413 0:0 45917
45916 53903 1:0 45917
45916 53912 0:0 45917
45916 53913 0:0 45917
45916 53910 0:0 45917
45916 419 1:0 45927
45916 425 1:0 45928
45918 755 1:0 45920
45922 755 0:0 45923
45923 423 1:0 45928
45923 421 1:0 45928
45927 755 1:0 45928
45929 53903 0:0 45931
45929 411 0:0 45931
45929 53914 0:0 45931
45930 53922 0:0 45931
45937 421 0:0 45939
45957 755 0:0 45958
45965 423 0:0 45967
45965 53923 0:0 45967
45965 419 0:0 45967
45971 53929 0:0 45972
45971 53927 0:0 45972
45971 53930 0:0 45972
45971 53932 0:0 45972
45971 427 1:0 45979
45982 425 0:0 45983
45982 53916 0:0 45983
45982 53931 0:0 45983
45982 53942 0:0 45983
45982 53936 0:0 45983
45982 431 1:0 45984
45987 53944 0:0 45988
45987 427 0:0 45988
45987 429 1:0 45989
45992 53936 1:0 45993
45992 53943 0:0 45993
45992 431 0:0 45993
45992 53946 0:0 45993
45992 53945 0:0 45993
45992 437 1:0 46003
45992 443 1:0 46004
45994 755 1:0 45996
45998 755 0:0 45999
45999 441 1:0 46004
45999 439 1:0 46004
46003 755 1:0 46004
46005 53947 0:0 46007
46005 429 0:0 46007
46005 53936 0:0 46007
46006 53955 0:0 46007
46013 439 0:0 46015
46033 755 0:0 46034
46041 53956 0:0 46043
46041 441 0:0 46043
46041 437 0:0 46043
46047 53960 0:0 46048
46047 53962 0:0 46048
46047 53963 0:0 46048
46047 53965 0:0 46048
46047 445 1:0 46055
46058 53964 0:0 46059
46058 53975 0:0 46059
46058 53949 0:0 46059
46058 443 0:0 46059
46058 449 1:0 46060
46061 53977 21:0 46287
46062 445 0:0 46064
46063 447 1:0 46065
46068 53978 0:0 46069
46068 449 0:0 46069
46068 53979 0:0 46069
46068 53976 0:0 46069
46068 455 1:0 46079
46068 461 1:0 46080
46070 755 1:0 46072
46074 755 0:0 46075
46075 459 1:0 46080
46075 457 1:0 46080
46079 755 1:0 46080
46081 53980 0:0 46083
46081 447 0:0 46083
46081 53969 0:0 46083
46082 53988 0:0 46083
46089 457 0:0 46091
46109 755 0:0 46110
46117 459 0:0 46119
46117 53989 0:0 46119
46117 455 0:0 46119
46123 53995 0:0 46124
46123 53993 0:0 46124
46123 53998 0:0 46124
46123 53996 0:0 46124
46123 463 1:0 46131
46134 54002 0:0 46135
46134 53982 0:0 46135
46134 53997 0:0 46135
46134 461 0:0 46135
46134 54008 0:0 46135
46134 467 1:0 46136
46139 54010 0:0 46140
46139 463 0:0 46140
46139 465 1:0 46141
46144 54009 0:0 46145
46144 467 0:0 46145
46144 54012 0:0 46145
46144 54002 1:0 46145
46144 54011 0:0 46145
46144 473 1:0 46155
46144 479 1:0 46156
46146 755 1:0 46148
46150 755 0:0 46151
46151 475 1:0 46156
46151 477 1:0 46156
46155 755 1:0 46156
46157 465 0:0 46159
46157 54002 0:0 46159
46157 54013 0:0 46159
46158 54021 0:0 46159
46165 475 0:0 46167
46185 755 0:0 46186
46193 54022 0:0 46195
46193 473 0:0 46195
46193 477 0:0 46195
46199 54029 0:0 46200
46199 54026 0:0 46200
46199 54028 0:0 46200
46199 54031 0:0 46200
46199 481 1:0 46207
46210 54041 0:0 46211
46210 479 0:0 46211
46210 54030 0:0 46211
46210 54035 0:0 46211
46210 54015 0:0 46211
46210 485 1:0 46212
46215 481 0:0 46216
46215 54043 0:0 46216
46215 483 1:0 46217
46220 54035 1:0 46221
46220 54045 0:0 46221
46220 54044 0:0 46221
46220 485 0:0 46221
46220 54042 0:0 46221
46220 491 1:0 46231
46220 497 1:0 46232
46222 755 1:0 46224
46226 755 0:0 46227
46227 495 1:0 46232
46227 493 1:0 46232
46231 755 1:0 46232
46233 483 0:0 46235
46233 54035 0:0 46235
46233 54046 0:0 46235
46234 54054 0:0 46235
46241 493 0:0 46243
46261 755 0:0 46262
46269 491 0:0 46271
46269 495 0:0 46271
46269 54055 0:0 46271
46275 54061 0:0 46276
46275 54062 0:0 46276
46275 54059 0:0 46276
46275 54064 0:0 46276
46275 499 1:0 46283
46286 497 0:0 46287
46286 54048 0:0 46287
46286 54074 0:0 46287
46286 54063 0:0 46287
46286 503 1:0 46288
46289 54076 21:0 46515
46290 499 0:0 46292
46291 501 1:0 46293
46296 54077 0:0 46297
46296 54078 0:0 46297
46296 503 0:0 46297
46296 54075 0:0 46297
46296 509 1:0 46307
46296 515 1:0 46308
46298 755 1:0 46300
46302 755 0:0 46303
46303 511 1:0 46308
46303 513 1:0 46308
46307 755 1:0 46308
46309 501 0:0 46311
46309 54068 0:0 46311
46309 54079 0:0 46311
46310 54087 0:0 46311
46317 511 0:0 46319
46337 755 0:0 46338
46345 54088 0:0 46347
46345 509 0:0 46347
46345 513 0:0 46347
46351 54097 0:0 46352
46351 54094 0:0 46352
46351 54095 0:0 46352
46351 54092 0:0 46352
46351 517 1:0 46359
46362 54081 0:0 46363
46362 54107 0:0 46363
46362 54096 0:0 46363
46362 515 0:0 46363
46362 54101 0:0 46363
46362 521 1:0 46364
46367 517 0:0 46368
46367 54109 0:0 46368
46367 519 1:0 46369
46372 54101 1:0 46373
46372 521 0:0 46373
46372 54110 0:0 46373
46372 54108 0:0 46373
46372 54111 0:0 46373
46372 527 1:0 46383
46372 533 1:0 46384
46374 755 1:0 46376
46378 755 0:0 46379
46379 531 1:0 46384
46379 529 1:0 46384
46383 755 1:0 46384
46385 519 0:0 46387
46385 54112 0:0 46387
46385 54101 0:0 46387
46386 54120 0:0 46387
46393 529 0:0 46395
46413 755 0:0 46414
46421 527 0:0 46423
46421 531 0:0 46423
46421 54121 0:0 46423
46427 54130 0:0 46428
46427 54128 0:0 46428
46427 54125 0:0 46428
46427 54127 0:0 46428
46427 535 1:0 46435
46438 54129 0:0 46439
46438 54114 0:0 46439
46438 533 0:0 46439
46438 54140 0:0 46439
46438 54134 0:0 46439
46438 539 1:0 46440
46443 54142 0:0 46444
46443 535 0:0 46444
46443 537 1:0 46445
46448 539 0:0 46449
46448 54143 0:0 46449
46448 54144 0:0 46449
46448 54134 1:0 46449
46448 54141 0:0 46449
46448 545 1:0 46459
46448 551 1:0 46460
46450 755 1:0 46452
46454 755 0:0 46455
46455 549 1:0 46460
46455 547 1:0 46460
46459 755 1:0 46460
46461 54145 0:0 46463
46461 54134 0:0 46463
46461 537 0:0 46463
46462 54153 0:0 46463
46469 547 0:0 46471
46489 755 0:0 46490
46497 549 0:0 46499
46497 54154 0:0 46499
46497 545 0:0 46499
46503 54163 0:0 46504
46503 54160 0:0 46504
46503 54161 0:0 46504
46503 54158 0:0 46504
46503 553 1:0 46511
46514 54173 0:0 46515
46514 54162 0:0 46515
46514 54147 0:0 46515
46514 551 0:0 46515
46514 557 1:0 46516
46517 54175 21:0 46743
46518 553 0:0 46520
46519 555 1:0 46521
46524 557 0:0 46525
46524 54174 0:0 46525
46524 54176 0:0 46525
46524 54177 0:0 46525
46524 563 1:0 46535
46524 569 1:0 46536
46526 755 1:0 46528
46530 755 0:0 46531
46531 565 1:0 46536
46531 567 1:0 46536
46535 755 1:0 46536
46537 555 0:0 46539
46537 54167 0:0 46539
46537 54178 0:0 46539
46538 54186 0:0 46539
46545 565 0:0 46547
46565 755 0:0 46566
46573 54187 0:0 46575
46573 567 0:0 46575
46573 563 0:0 46575
46579 54191 0:0 46580
46579 54194 0:0 46580
46579 54193 0:0 46580
46579 54196 0:0 46580
46579 571 1:0 46587
46590 569 0:0 46591
46590 54200 0:0 46591
46590 54180 0:0 46591
46590 54195 0:0 46591
46590 54206 0:0 46591
46590 575 1:0 46592
46595 54208 0:0 46596
46595 571 0:0 46596
46595 573 1:0 46597
46600 54209 0:0 46601
46600 54200 1:0 46601
46600 575 0:0 46601
46600 54207 0:0 46601
46600 54210 0:0 46601
46600 581 1:0 46611
46602 755 1:0 46604
46606 755 0:0 46607
46607 583 1:0 46612
46607 585 1:0 46612
46611 755 1:0 46612
46613 54211 0:0 46615
46613 573 0:0 46615
46613 54200 0:0 46615
46614 54219 0:0 46615
46618 587 1:0 46648
46622 583 0:0 46623
46641 755 0:0 46642
46649 585 0:0 46651
46649 54220 0:0 46651
46650 581 0:0 46651
46655 54224 0:0 46656
46655 54226 0:0 46656
46655 54229 0:0 46656
46655 54227 0:0 46656
46655 589 1:0 46663
46655 37362 1:0 46688
46666 54233 0:0 46667
46666 587 0:0 46667
46666 54228 0:0 46667
46666 54239 0:0 46667
46666 54213 0:0 46667
46666 593 1:0 46668
46671 54241 0:0 46672
46671 589 0:0 46672
46671 591 1:0 46673
46676 54233 1:0 46677
46676 54242 0:0 46677
46676 54240 0:0 46677
46676 593 0:0 46677
46676 54243 0:0 46677
46676 599 1:0 46687
46678 755 1:0 46680
46682 755 0:0 46683
46683 601 1:0 46688
46683 603 1:0 46688
46687 755 1:0 46688
46689 591 0:0 46691
46689 54244 0:0 46691
46689 54233 0:0 46691
46690 54252 0:0 46691
46694 605 1:0 46724
46698 601 0:0 46699
46717 755 0:0 46718
46725 54253 0:0 46727
46725 603 0:0 46727
46726 599 0:0 46727
46731 54262 0:0 46732
46731 54257 0:0 46732
46731 54260 0:0 46732
46731 54259 0:0 46732
46731 607 1:0 46739
46731 37191 1:0 46764
46742 605 0:0 46743
46742 54246 0:0 46743
46742 54261 0:0 46743
46742 54272 0:0 46743
46742 611 1:0 46744
46745 54274 21:0 46971
46746 607 0:0 46748
46747 609 1:0 46749
46752 54276 0:0 46753
46752 54273 0:0 46753
46752 611 0:0 46753
46752 54275 0:0 46753
46752 617 1:0 46763
46754 755 1:0 46756
46758 755 0:0 46759
46759 619 1:0 46764
46759 621 1:0 46764
46763 755 1:0 46764
46765 54277 0:0 46767
46765 609 0:0 46767
46765 54266 0:0 46767
46766 54285 0:0 46767
46770 623 1:0 46800
46774 619 0:0 46775
46793 755 0:0 46794
46801 621 0:0 46803
46801 54286 0:0 46803
46802 617 0:0 46803
46807 54295 0:0 46808
46807 54293 0:0 46808
46807 54292 0:0 46808
46807 54290 0:0 46808
46807 625 1:0 46815
46807 37020 1:0 46840
46818 623 0:0 46819
46818 54299 0:0 46819
46818 54305 0:0 46819
46818 54294 0:0 46819
46818 54279 0:0 46819
46818 629 1:0 46820
46823 625 0:0 46824
46823 54307 0:0 46824
46823 627 1:0 46825
46828 629 0:0 46829
46828 54306 0:0 46829
46828 54299 1:0 46829
46828 54309 0:0 46829
46828 54308 0:0 46829
46828 635 1:0 46839
46830 755 1:0 46832
46834 755 0:0 46835
46835 637 1:0 46840
46835 639 1:0 46840
46839 755 1:0 46840
46841 627 0:0 46843
46841 54310 0:0 46843
46841 54299 0:0 46843
46842 54318 0:0 46843
46846 641 1:0 46876
46850 637 0:0 46851
46869 755 0:0 46870
46877 54319 0:0 46879
46877 639 0:0 46879
46878 635 0:0 46879
46883 54328 0:0 46884
46883 54323 0:0 46884
46883 54326 0:0 46884
46883 54325 0:0 46884
46883 643 1:0 46891
46883 36849 1:0 46916
46894 54332 0:0 46895
46894 641 0:0 46895
46894 54327 0:0 46895
46894 54312 0:0 46895
46894 54338 0:0 46895
46894 647 1:0 46896
46899 643 0:0 46900
46899 54340 0:0 46900
46899 645 1:0 46901
46904 54332 1:0 46905
46904 54339 0:0 46905
46904 54342 0:0 46905
46904 54341 0:0 46905
46904 647 0:0 46905
46904 653 1:0 46915
46906 755 1:0 46908
46910 755 0:0 46911
46911 655 1:0 46916
46911 657 1:0 46916
46915 755 1:0 46916
46917 645 0:0 46919
46917 54343 0:0 46919
46917 54332 0:0 46919
46918 54351 0:0 46919
46922 659 1:0 46952
46926 655 0:0 46927
46945 755 0:0 46946
46953 657 0:0 46955
46953 54352 0:0 46955
46954 653 0:0 46955
46959 54358 0:0 46960
46959 54361 0:0 46960
46959 54356 0:0 46960
46959 54359 0:0 46960
46959 661 1:0 46967
46959 36678 1:0 46992
46970 659 0:0 46971
46970 54371 0:0 46971
46970 54360 0:0 46971
46970 54345 0:0 46971
46970 665 1:0 46972
46973 54373 21:0 47199
46974 661 0:0 46976
46975 663 1:0 46977
46980 665 0:0 46981
46980 54374 0:0 46981
46980 54372 0:0 46981
46980 54375 0:0 46981
46980 671 1:0 46991
46982 755 1:0 46984
46986 755 0:0 46987
46987 673 1:0 46992
46987 675 1:0 46992
46991 755 1:0 46992
46993 54376 0:0 46995
46993 663 0:0 46995
46993 54365 0:0 46995
46994 54384 0:0 46995
46998 677 1:0 47028
47002 673 0:0 47003
47021 755 0:0 47022
47029 675 0:0 47031
47029 54385 0:0 47031
47030 671 0:0 47031
47035 54394 0:0 47036
47035 54389 0:0 47036
47035 54391 0:0 47036
47035 54392 0:0 47036
47035 679 1:0 47043
47035 36507 1:0 47068
47046 677 0:0 47047
47046 54378 0:0 47047
47046 54393 0:0 47047
47046 54404 0:0 47047
47046 54398 0:0 47047
47046 683 1:0 47048
47051 54406 0:0 47052
47051 679 0:0 47052
47051 681 1:0 47053
47056 683 0:0 47057
47056 54405 0:0 47057
47056 54407 0:0 47057
47056 54398 1:0 47057
47056 54408 0:0 47057
47056 689 1:0 47067
47058 755 1:0 47060
47062 755 0:0 47063
47063 693 1:0 47068
47063 691 1:0 47068
47067 755 1:0 47068
47069 54409 0:0 47071
47069 681 0:0 47071
47069 54398 0:0 47071
47070 54417 0:0 47071
47074 695 1:0 47104
47078 691 0:0 47079
47097 755 0:0 47098
47105 693 0:0 47107
47105 54418 0:0 47107
47106 689 0:0 47107
47111 54425 0:0 47112
47111 54422 0:0 47112
47111 54424 0:0 47112
47111 54427 0:0 47112
47111 697 1:0 47119
47111 50862 1:0 47144
47122 54411 0:0 47123
47122 54426 0:0 47123
47122 54437 0:0 47123
47122 54431 0:0 47123
47122 695 0:0 47123
47122 701 1:0 47124
47127 697 0:0 47128
47127 54439 0:0 47128
47127 699 1:0 47129
47132 54438 0:0 47133
47132 54431 1:0 47133
47132 54441 0:0 47133
47132 701 0:0 47133
47132 54440 0:0 47133
47132 707 1:0 47143
47134 755 1:0 47136
47138 755 0:0 47139
47139 709 1:0 47144
47143 755 1:0 47144
47145 54431 0:0 47147
47145 54442 0:0 47147
47145 699 0:0 47147
47146 54450 0:0 47147
47150 711 1:0 47151
47150 713 1:0 47180
47154 709 0:0 47155
47173 755 0:0 47174
47181 711 0:0 47183
47181 54451 0:0 47183
47182 707 0:0 47183
47187 54458 0:0 47188
47187 54457 0:0 47188
47187 54455 0:0 47188
47187 54460 0:0 47188
47187 715 1:0 47195
47187 50842 1:0 47212
47198 54444 0:0 47199
47198 713 0:0 47199
47198 54470 0:0 47199
47198 54459 0:0 47199
47198 719 1:0 47200
47201 54472 21:0 47349
47203 717 1:0 47203
47208 54474 0:0 47209
47208 54471 0:0 47209
47208 719 0:0 47209
47208 54473 0:0 47209
47208 50873 1:0 47212
47213 54464 0:0 47215
47213 54475 0:0 47215
47217 36468 1:0 47219
47217 50871 1:0 47220
47217 50872 1:0 47221
47217 50869 1:0 47223
47224 717 0:0 47226
47224 741 0:0 47226
47225 719 1:0 47226
47225 54481 0:0 47226
47225 36468 0:0 47226
47228 36472 1:0 47230
47228 50870 1:0 47231
47228 54481 1:0 47231
47233 719 0:0 47235
47234 54483 0:0 47235
47234 36472 0:0 47235
47237 54483 1:0 47238
47237 36475 1:0 47240
47237 50868 1:0 47241
47237 741 1:0 47249
47237 713 1:0 47261
47237 50857 1:0 47261
47262 715 0:0 47263
47262 36475 0:0 47263
47265 36493 1:0 47267
47265 50853 1:0 47270
47265 50855 1:0 47270
47265 50856 1:0 47270
47265 50849 1:0 47296
47268 50858 1:0 47270
47278 755 1:0 47281
47296 54510 0:0 47298
47296 755 0:0 47298
47297 711 1:0 47298
47300 36502 1:0 47302
47300 54510 1:0 47303
47305 711 0:0 47307
47306 709 1:0 47307
47306 36502 0:0 47307
47309 36504 1:0 47312
47315 36493 0:0 47317
47316 713 0:0 47317
47316 709 0:0 47317
47316 36504 0:0 47317
47316 707 1:0 47317
47316 54516 0:0 47317
47316 54494 0:0 47317
47319 54516 1:0 47320
47319 50848 1:0 47323
47319 54494 1:0 47331
47319 50840 1:0 47344
47344 36507 0:0 47346
47344 707 0:0 47346
47345 699 1:0 47346
47348 36525 1:0 47348
47348 50836 1:0 47348
47348 50838 1:0 47351
47348 50839 1:0 47352
47349 699 0:0 47357
47352 36525 0:0 47357
47356 701 1:0 47357
47359 36529 1:0 47359
47359 50837 1:0 47362
47360 701 0:0 47366
47363 36529 0:0 47366
47365 697 1:0 47366
47368 50824 1:0 47368
47368 695 1:0 47368
47368 36532 1:0 47368
47368 50835 1:0 47368
47368 50829 1:0 47368
47369 697 0:0 47394
47373 36532 0:0 47394
47396 755 1:0 47396
47396 36559 1:0 47396
47396 691 1:0 47396
47396 50825 1:0 47396
47396 693 1:0 47396
47396 36550 1:0 47398
47396 50822 1:0 47401
47396 50820 1:0 47401
47396 50823 1:0 47401
47396 50816 1:0 47427
47397 695 0:0 47432
47400 36550 0:0 47432
47428 755 21:0 47429
47428 54551 0:0 47432
47432 693 0:0 47438
47435 36559 0:0 47438
47440 36561 1:0 47443
47441 691 0:0 47448
47445 36561 0:0 47448
47447 689 1:0 47448
47450 36564 1:0 47453
47450 50815 1:0 47454
47450 50809 1:0 47459
47450 54551 1:0 47462
47450 755 1:0 47462
47450 50807 1:0 47475
47463 36564 0:0 47477
47476 681 1:0 47477
47476 689 0:0 47477
47476 50771 1:0 47624
47479 36582 1:0 47479
47479 50803 1:0 47479
47479 50806 1:0 47479
47479 50805 1:0 47480
47483 36582 21:0 47631
47486 681 0:0 47488
47487 683 1:0 47488
47487 54595 0:0 47488
47490 36586 1:0 47490
47490 54595 1:0 47491
47490 50804 1:0 47491
47495 683 0:0 47497
47496 36586 0:0 47497
47496 54597 0:0 47497
47496 679 1:0 47497
47499 677 1:0 47499
47499 50791 1:0 47499
47499 50802 1:0 47499
47499 36589 1:0 47500
47499 50796 1:0 47500
47499 54597 1:0 47500
47524 679 0:0 47525
47524 36589 0:0 47525
47527 36607 1:0 47527
47527 50789 1:0 47528
47527 50787 1:0 47528
47527 50783 1:0 47528
47527 50790 1:0 47528
47530 50792 1:0 47530
47558 755 0:0 47560
47558 54624 0:0 47560
47559 675 1:0 47560
47562 36616 1:0 47562
47562 54624 1:0 47563
47567 675 0:0 47569
47568 673 1:0 47569
47568 36616 0:0 47569
47571 36618 1:0 47572
47577 36607 0:0 47579
47578 677 0:0 47579
47578 54608 0:0 47579
47578 36618 0:0 47579
47578 671 1:0 47579
47578 673 0:0 47579
47578 54630 0:0 47579
47581 50782 1:0 47581
47581 54608 1:0 47581
47581 36621 1:0 47582
47581 50776 1:0 47582
47581 54630 1:0 47582
47581 50774 1:0 47582
47606 36621 0:0 47608
47607 671 0:0 47608
47607 663 1:0 47608
47610 50770 1:0 47610
47610 36639 1:0 47610
47610 50773 1:0 47610
47610 50772 1:0 47611
47617 54639 0:0 47619
47617 663 0:0 47619
47618 54652 0:0 47619
47618 665 1:0 47619
47618 36639 0:0 47619
47621 36643 1:0 47623
47621 54652 1:0 47624
47626 665 0:0 47628
47627 36643 0:0 47628
47627 661 1:0 47628
47630 36646 1:0 47633
47630 50769 1:0 47634
47630 50763 1:0 47639
47630 54639 1:0 47642
47630 50758 1:0 47653
47635 36646 21:0 47873
47654 661 0:0 47656
47655 659 1:0 47656
47658 36664 1:0 47660
47658 50754 1:0 47663
47658 50756 1:0 47663
47658 50757 1:0 47663
47658 50750 1:0 47689
47661 50759 1:0 47663
47671 755 1:0 47674
47689 755 0:0 47691
47689 54681 0:0 47691
47690 657 1:0 47691
47693 36673 1:0 47695
47693 54681 1:0 47696
47698 657 0:0 47700
47699 36673 0:0 47700
47699 655 1:0 47700
47702 36675 1:0 47705
47708 36664 0:0 47710
47709 659 0:0 47710
47709 653 1:0 47710
47709 54687 0:0 47710
47709 655 0:0 47710
47709 54665 0:0 47710
47709 36675 0:0 47710
47712 54687 1:0 47713
47712 50749 1:0 47716
47712 50743 1:0 47721
47712 54665 1:0 47724
47712 50741 1:0 47737
47737 653 0:0 47739
47737 36678 0:0 47739
47738 645 1:0 47739
47741 36696 1:0 47741
47741 50737 1:0 47741
47741 50739 1:0 47744
47741 50740 1:0 47745
47742 645 0:0 47750
47745 36696 0:0 47750
47748 54696 0:0 47750
47749 647 1:0 47750
47749 54709 0:0 47750
47752 54709 1:0 47752
47752 36700 1:0 47752
47752 50738 1:0 47755
47753 647 0:0 47759
47756 36700 0:0 47759
47758 643 1:0 47759
47758 54711 0:0 47759
47761 54696 1:0 47761
47761 54711 1:0 47761
47761 36703 1:0 47761
47761 641 1:0 47761
47761 50736 1:0 47761
47761 50725 1:0 47761
47761 50730 1:0 47761
47762 643 0:0 47787
47766 36703 0:0 47787
47789 36721 1:0 47791
47789 50723 1:0 47794
47789 50721 1:0 47794
47789 50724 1:0 47794
47789 50717 1:0 47820
47792 50726 1:0 47794
47802 755 1:0 47805
47820 54738 0:0 47822
47820 755 0:0 47822
47821 639 1:0 47822
47824 36730 1:0 47826
47824 54738 1:0 47827
47829 639 0:0 47831
47830 637 1:0 47831
47830 36730 0:0 47831
47833 36732 1:0 47836
47839 36721 0:0 47841
47840 637 0:0 47841
47840 54722 0:0 47841
47840 54744 0:0 47841
47840 641 0:0 47841
47840 36732 0:0 47841
47840 635 1:0 47841
47843 54744 1:0 47844
47843 36735 1:0 47846
47843 50716 1:0 47847
47843 50710 1:0 47852
47843 54722 1:0 47855
47843 50708 1:0 47868
47868 36735 0:0 47870
47869 635 0:0 47870
47869 627 1:0 47870
47869 50672 1:0 48017
47872 36753 1:0 47872
47872 50704 1:0 47872
47872 50707 1:0 47872
47872 50706 1:0 47873
47876 36753 21:0 48024
47879 627 0:0 47881
47880 54766 0:0 47881
47880 629 1:0 47881
47883 36757 1:0 47883
47883 54766 1:0 47884
47883 50705 1:0 47884
47888 629 0:0 47890
47889 36757 0:0 47890
47889 54768 0:0 47890
47889 625 1:0 47890
47892 50703 1:0 47892
47892 50692 1:0 47892
47892 623 1:0 47892
47892 50697 1:0 47893
47892 36760 1:0 47893
47892 54768 1:0 47893
47917 36760 0:0 47918
47917 625 0:0 47918
47920 36778 1:0 47920
47920 50684 1:0 47921
47920 50690 1:0 47921
47920 50688 1:0 47921
47920 50691 1:0 47921
47923 50693 1:0 47923
47933 755 1:0 47934
47951 54795 0:0 47953
47951 755 0:0 47953
47952 621 1:0 47953
47955 36787 1:0 47955
47955 54795 1:0 47956
47960 621 0:0 47962
47961 36787 0:0 47962
47961 619 1:0 47962
47964 36789 1:0 47965
47970 36778 0:0 47972
47971 54779 0:0 47972
47971 617 1:0 47972
47971 619 0:0 47972
47971 623 0:0 47972
47971 54801 0:0 47972
47971 36789 0:0 47972
47974 54779 1:0 47974
47974 50683 1:0 47974
47974 50677 1:0 47975
47974 54801 1:0 47975
47974 50675 1:0 47975
47974 36792 1:0 47975
47999 36792 0:0 48001
48000 617 0:0 48001
48000 609 1:0 48001
48003 50674 1:0 48003
48003 50671 1:0 48003
48003 36810 1:0 48003
48003 50673 1:0 48004
48010 609 0:0 48012
48010 54810 0:0 48012
48011 54823 0:0 48012
48011 36810 0:0 48012
48011 611 1:0 48012
48014 36814 1:0 48016
48014 54823 1:0 48017
48019 611 0:0 48021
48020 607 1:0 48021
48020 36814 0:0 48021
48023 50659 1:0 48023
48023 50664 1:0 48023
48023 50670 1:0 48023
48023 54810 1:0 48023
48023 605 1:0 48023
48023 36817 1:0 48026
48024 607 0:0 48049
48028 36817 0:0 48049
48051 755 1:0 48051
48051 50660 1:0 48051
48051 603 1:0 48051
48051 36844 1:0 48051
48051 601 1:0 48051
48051 36835 1:0 48053
48051 50657 1:0 48056
48051 50655 1:0 48056
48051 50658 1:0 48056
48051 50651 1:0 48082
48052 605 0:0 48087
48055 36835 0:0 48087
48083 755 21:0 48084
48083 54836 0:0 48087
48087 603 0:0 48093
48090 36844 0:0 48093
48095 36846 1:0 48098
48096 601 0:0 48103
48100 36846 0:0 48103
48102 599 1:0 48103
48105 50650 1:0 48109
48105 50644 1:0 48114
48105 54836 1:0 48117
48105 50642 1:0 48130
48118 36849 21:0 48146
48130 599 0:0 48132
48131 591 1:0 48132
48134 50638 1:0 48134
48134 36867 1:0 48134
48134 50640 1:0 48137
48134 50641 1:0 48138
48135 591 0:0 48143
48138 36867 0:0 48143
48141 54867 0:0 48143
48142 593 1:0 48143
48145 36871 1:0 48145
48145 50639 1:0 48148
48146 593 0:0 48152
48149 36871 0:0 48152
48151 589 1:0 48152
48154 587 1:0 48154
48154 50637 1:0 48154
48154 54867 1:0 48154
48154 50626 1:0 48154
48154 50631 1:0 48154
48154 36874 1:0 48154
48155 589 0:0 48180
48159 36874 0:0 48180
48182 50627 1:0 48182
48182 583 1:0 48182
48182 36901 1:0 48182
48182 755 1:0 48182
48182 585 1:0 48182
48182 36892 1:0 48184
48182 50625 1:0 48187
48182 50622 1:0 48187
48182 50624 1:0 48187
48182 50618 1:0 48213
48183 587 0:0 48218
48186 36892 0:0 48218
48214 755 21:0 48215
48214 54893 0:0 48218
48218 585 0:0 48224
48221 36901 0:0 48224
48226 36903 1:0 48229
48227 583 0:0 48234
48231 36903 0:0 48234
48233 581 1:0 48234
48236 36906 1:0 48239
48236 50617 1:0 48240
48236 50611 1:0 48245
48236 755 1:0 48248
48236 54893 1:0 48248
48236 50609 1:0 48261
48249 36906 0:0 48263
48262 573 1:0 48263
48262 581 0:0 48263
48262 50573 1:0 48410
48265 36924 1:0 48265
48265 50608 1:0 48265
48265 50605 1:0 48265
48265 50607 1:0 48266
48269 36924 21:0 48417
48272 573 0:0 48274
48273 54937 0:0 48274
48273 575 1:0 48274
48276 36928 1:0 48276
48276 54937 1:0 48277
48276 50606 1:0 48277
48281 575 0:0 48283
48282 36928 0:0 48283
48282 54939 0:0 48283
48282 571 1:0 48283
48285 50604 1:0 48285
48285 50593 1:0 48285
48285 569 1:0 48285
48285 54939 1:0 48286
48285 36931 1:0 48286
48285 50598 1:0 48286
48310 571 0:0 48311
48310 36931 0:0 48311
48313 36949 1:0 48313
48313 50585 1:0 48314
48313 50592 1:0 48314
48313 50589 1:0 48314
48313 50591 1:0 48314
48316 50594 1:0 48316
48344 54966 0:0 48346
48344 755 0:0 48346
48345 567 1:0 48346
48348 36958 1:0 48348
48348 54966 1:0 48349
48353 567 0:0 48355
48354 36958 0:0 48355
48354 565 1:0 48355
48357 36960 1:0 48358
48363 36949 0:0 48365
48364 569 0:0 48365
48364 563 1:0 48365
48364 565 0:0 48365
48364 54972 0:0 48365
48364 36960 0:0 48365
48364 54950 0:0 48365
48367 50584 1:0 48367
48367 54950 1:0 48367
48367 36963 1:0 48368
48367 50578 1:0 48368
48367 50576 1:0 48368
48367 54972 1:0 48368
48392 36963 0:0 48394
48393 555 1:0 48394
48393 563 0:0 48394
48396 50572 1:0 48396
48396 36981 1:0 48396
48396 50575 1:0 48396
48396 50574 1:0 48397
48403 54981 0:0 48405
48403 555 0:0 48405
48404 36981 0:0 48405
48404 557 1:0 48405
48404 54994 0:0 48405
48407 36985 1:0 48409
48407 54994 1:0 48410
48412 557 0:0 48414
48413 553 1:0 48414
48413 36985 0:0 48414
48416 551 1:0 48416
48416 50565 1:0 48416
48416 50560 1:0 48416
48416 50571 1:0 48416
48416 54981 1:0 48416
48416 36988 1:0 48419
48417 553 0:0 48442
48421 36988 0:0 48442
48444 37015 1:0 48444
48444 549 1:0 48444
48444 50561 1:0 48444
48444 547 1:0 48444
48444 755 1:0 48444
48444 37006 1:0 48446
48444 50556 1:0 48449
48444 50558 1:0 48449
48444 50559 1:0 48449
48444 50552 1:0 48475
48445 551 0:0 48480
48448 37006 0:0 48480
48476 755 21:0 48477
48476 55007 0:0 48480
48480 549 0:0 48486
48483 37015 0:0 48486
48488 37017 1:0 48491
48489 547 0:0 48496
48493 37017 0:0 48496
48495 545 1:0 48496
48498 50551 1:0 48502
48498 50545 1:0 48507
48498 55007 1:0 48510
48498 50543 1:0 48523
48511 37020 21:0 48539
48523 545 0:0 48525
48524 537 1:0 48525
48527 37038 1:0 48527
48527 50539 1:0 48527
48527 50541 1:0 48530
48527 50542 1:0 48531
48528 537 0:0 48536
48531 37038 0:0 48536
48534 55038 0:0 48536
48535 539 1:0 48536
48538 37042 1:0 48538
48538 50540 1:0 48541
48539 539 0:0 48545
48542 37042 0:0 48545
48544 535 1:0 48545
48547 50532 1:0 48547
48547 37045 1:0 48547
48547 533 1:0 48547
48547 50538 1:0 48547
48547 55038 1:0 48547
48547 50527 1:0 48547
48548 535 0:0 48573
48552 37045 0:0 48573
48575 531 1:0 48575
48575 529 1:0 48575
48575 37072 1:0 48575
48575 755 1:0 48575
48575 50528 1:0 48575
48575 37063 1:0 48577
48575 50526 1:0 48580
48575 50525 1:0 48580
48575 50523 1:0 48580
48575 50519 1:0 48606
48576 533 0:0 48611
48579 37063 0:0 48611
48607 755 21:0 48608
48607 55064 0:0 48611
48611 531 0:0 48617
48614 37072 0:0 48617
48619 37074 1:0 48622
48620 529 0:0 48627
48624 37074 0:0 48627
48626 527 1:0 48627
48629 37077 1:0 48632
48629 50518 1:0 48633
48629 50512 1:0 48638
48629 55064 1:0 48641
48629 755 1:0 48641
48629 50510 1:0 48654
48642 37077 0:0 48656
48655 527 0:0 48656
48655 519 1:0 48656
48655 50474 1:0 48803
48658 37095 1:0 48658
48658 50506 1:0 48658
48658 50509 1:0 48658
48658 50508 1:0 48659
48662 37095 21:0 48810
48665 519 0:0 48667
48666 521 1:0 48667
48666 55108 0:0 48667
48669 37099 1:0 48669
48669 55108 1:0 48670
48669 50507 1:0 48670
48674 521 0:0 48676
48675 517 1:0 48676
48675 55110 0:0 48676
48675 37099 0:0 48676
48678 50494 1:0 48678
48678 50505 1:0 48678
48678 515 1:0 48678
48678 55110 1:0 48679
48678 37102 1:0 48679
48678 50499 1:0 48679
48703 37102 0:0 48704
48703 517 0:0 48704
48706 37120 1:0 48706
48706 50490 1:0 48707
48706 50492 1:0 48707
48706 50493 1:0 48707
48706 50486 1:0 48707
48709 50495 1:0 48709
48737 755 0:0 48739
48737 55137 0:0 48739
48738 513 1:0 48739
48741 37129 1:0 48741
48741 55137 1:0 48742
48746 513 0:0 48748
48747 37129 0:0 48748
48747 511 1:0 48748
48750 37131 1:0 48751
48756 37120 0:0 48758
48757 37131 0:0 48758
48757 515 0:0 48758
48757 511 0:0 48758
48757 509 1:0 48758
48757 55143 0:0 48758
48757 55121 0:0 48758
48760 55121 1:0 48760
48760 50485 1:0 48760
48760 50477 1:0 48761
48760 37134 1:0 48761
48760 55143 1:0 48761
48760 50479 1:0 48761
48785 37134 0:0 48787
48786 509 0:0 48787
48786 501 1:0 48787
48789 37152 1:0 48789
48789 50473 1:0 48789
48789 50476 1:0 48789
48789 50475 1:0 48790
48796 55152 0:0 48798
48796 501 0:0 48798
48797 55165 0:0 48798
48797 503 1:0 48798
48797 37152 0:0 48798
48800 37156 1:0 48802
48800 55165 1:0 48803
48805 503 0:0 48807
48806 499 1:0 48807
48806 37156 0:0 48807
48809 50461 1:0 48809
48809 50472 1:0 48809
48809 497 1:0 48809
48809 50466 1:0 48809
48809 55152 1:0 48809
48809 37159 1:0 48812
48810 499 0:0 48835
48814 37159 0:0 48835
48837 493 1:0 48837
48837 755 1:0 48837
48837 495 1:0 48837
48837 50462 1:0 48837
48837 37186 1:0 48837
48837 37177 1:0 48839
48837 50460 1:0 48842
48837 50459 1:0 48842
48837 50457 1:0 48842
48837 50453 1:0 48868
48838 497 0:0 48873
48841 37177 0:0 48873
48869 755 21:0 48870
48869 55178 0:0 48873
48873 495 0:0 48879
48876 37186 0:0 48879
48881 37188 1:0 48884
48882 493 0:0 48889
48886 37188 0:0 48889
48888 491 1:0 48889
48891 50452 1:0 48895
48891 50446 1:0 48900
48891 55178 1:0 48903
48891 50444 1:0 48916
48904 37191 21:0 48932
48916 491 0:0 48918
48917 483 1:0 48918
48920 50440 1:0 48920
48920 37209 1:0 48920
48920 50442 1:0 48923
48920 50443 1:0 48924
48921 483 0:0 48929
48924 37209 0:0 48929
48927 55209 0:0 48929
48928 485 1:0 48929
48931 37213 1:0 48931
48931 50441 1:0 48934
48932 485 0:0 48938
48935 37213 0:0 48938
48937 481 1:0 48938
48940 55209 1:0 48940
48940 50428 1:0 48940
48940 37216 1:0 48940
48940 50433 1:0 48940
48940 50439 1:0 48940
48940 479 1:0 48940
48941 481 0:0 48966
48945 37216 0:0 48966
48968 37243 1:0 48968
48968 755 1:0 48968
48968 477 1:0 48968
48968 50429 1:0 48968
48968 475 1:0 48968
48968 37234 1:0 48970
48968 50427 1:0 48973
48968 50426 1:0 48973
48968 50424 1:0 48973
48968 50420 1:0 48999
48969 479 0:0 49004
48972 37234 0:0 49004
49000 755 21:0 49001
49000 55235 0:0 49004
49004 477 0:0 49010
49007 37243 0:0 49010
49012 37245 1:0 49015
49013 475 0:0 49020
49017 37245 0:0 49020
49019 473 1:0 49020
49022 37248 1:0 49025
49022 50419 1:0 49026
49022 50413 1:0 49031
49022 755 1:0 49034
49022 55235 1:0 49034
49022 50411 1:0 49047
49035 37248 0:0 49049
49048 465 1:0 49049
49048 473 0:0 49049
49048 50375 1:0 49196
49051 37266 1:0 49051
49051 50410 1:0 49051
49051 50407 1:0 49051
49051 50409 1:0 49052
49055 37266 21:0 49203
49058 465 0:0 49060
49059 467 1:0 49060
49059 55279 0:0 49060
49062 37270 1:0 49062
49062 50408 1:0 49063
49062 55279 1:0 49063
49067 467 0:0 49069
49068 55281 0:0 49069
49068 463 1:0 49069
49068 37270 0:0 49069
49071 50406 1:0 49071
49071 50395 1:0 49071
49071 461 1:0 49071
49071 37273 1:0 49072
49071 55281 1:0 49072
49071 50400 1:0 49072
49096 37273 0:0 49097
49096 463 0:0 49097
49099 37291 1:0 49099
49099 50393 1:0 49100
49099 50391 1:0 49100
49099 50387 1:0 49100
49099 50394 1:0 49100
49102 50396 1:0 49102
49130 755 0:0 49132
49130 55308 0:0 49132
49131 459 1:0 49132
49134 37300 1:0 49134
49134 55308 1:0 49135
49139 459 0:0 49141
49140 457 1:0 49141
49140 37300 0:0 49141
49143 37302 1:0 49144
49149 37291 0:0 49151
49150 457 0:0 49151
49150 461 0:0 49151
49150 37302 0:0 49151
49150 455 1:0 49151
49150 55314 0:0 49151
49150 55292 0:0 49151
49153 55292 1:0 49153
49153 50386 1:0 49153
49153 50378 1:0 49154
49153 55314 1:0 49154
49153 37305 1:0 49154
49153 50380 1:0 49154
49178 37305 0:0 49180
49179 447 1:0 49180
49179 455 0:0 49180
49182 50374 1:0 49182
49182 50377 1:0 49182
49182 37323 1:0 49182
49182 50376 1:0 49183
49189 55323 0:0 49191
49189 447 0:0 49191
49190 37323 0:0 49191
49190 449 1:0 49191
49190 55336 0:0 49191
49193 37327 1:0 49195
49193 55336 1:0 49196
49198 449 0:0 49200
49199 445 1:0 49200
49199 37327 0:0 49200
49202 50367 1:0 49202
49202 50362 1:0 49202
49202 55323 1:0 49202
49202 50373 1:0 49202
49202 443 1:0 49202
49202 37330 1:0 49205
49203 445 0:0 49228
49207 37330 0:0 49228
49230 441 1:0 49230
49230 439 1:0 49230
49230 37357 1:0 49230
49230 755 1:0 49230
49230 50363 1:0 49230
49230 37348 1:0 49232
49230 50361 1:0 49235
49230 50358 1:0 49235
49230 50360 1:0 49235
49230 50354 1:0 49261
49231 443 0:0 49266
49234 37348 0:0 49266
49262 755 21:0 49263
49262 55349 0:0 49266
49266 441 0:0 49272
49269 37357 0:0 49272
49274 37359 1:0 49277
49275 439 0:0 49282
49279 37359 0:0 49282
49281 437 1:0 49282
49284 50353 1:0 49288
49284 50347 1:0 49293
49284 55349 1:0 49296
49284 50345 1:0 49309
49297 37362 21:0 49325
49309 437 0:0 49311
49310 429 1:0 49311
49313 37380 1:0 49313
49313 50341 1:0 49313
49313 50343 1:0 49316
49313 50344 1:0 49317
49314 429 0:0 49322
49317 37380 0:0 49322
49320 55380 0:0 49322
49321 431 1:0 49322
49324 37384 1:0 49324
49324 50342 1:0 49327
49325 431 0:0 49331
49328 37384 0:0 49331
49330 427 1:0 49331
49333 37387 1:0 49333
49333 55380 1:0 49333
49333 50340 1:0 49333
49333 50329 1:0 49333
49333 50334 1:0 49333
49333 425 1:0 49333
49334 427 0:0 49359
49338 37387 0:0 49359
49361 37414 1:0 49361
49361 421 1:0 49361
49361 423 1:0 49361
49361 755 1:0 49361
49361 50330 1:0 49361
49361 37405 1:0 49363
49361 50325 1:0 49366
49361 50327 1:0 49366
49361 50328 1:0 49366
49361 50321 1:0 49392
49362 425 0:0 49397
49365 37405 0:0 49397
49393 755 21:0 49394
49393 55406 0:0 49397
49397 423 0:0 49403
49400 37414 0:0 49403
49405 37416 1:0 49408
49406 421 0:0 49413
49410 37416 0:0 49413
49412 419 1:0 49413
49415 37419 1:0 49418
49415 50320 1:0 49419
49415 50314 1:0 49424
49415 55406 1:0 49427
49415 755 1:0 49427
49415 50312 1:0 49440
49428 37419 0:0 49442
49441 419 0:0 49442
49441 411 1:0 49442
49441 50276 1:0 49589
49444 50311 1:0 49444
49444 50308 1:0 49444
49444 37437 1:0 49444
49444 50310 1:0 49445
49448 37437 21:0 49596
49451 411 0:0 49453
49452 55450 0:0 49453
49452 413 1:0 49453
49455 37441 1:0 49455
49455 55450 1:0 49456
49455 50309 1:0 49456
49460 413 0:0 49462
49461 37441 0:0 49462
49461 409 1:0 49462
49461 55452 0:0 49462
49464 50307 1:0 49464
49464 50296 1:0 49464
49464 407 1:0 49464
49464 37444 1:0 49465
49464 55452 1:0 49465
49464 50301 1:0 49465
49489 37444 0:0 49490
49489 409 0:0 49490
49492 37462 1:0 49492
49492 50295 1:0 49493
49492 50294 1:0 49493
49492 50292 1:0 49493
49492 50288 1:0 49493
49495 50297 1:0 49495
49523 755 0:0 49525
49523 55479 0:0 49525
49524 405 1:0 49525
49527 37471 1:0 49527
49527 55479 1:0 49528
49532 405 0:0 49534
49533 37471 0:0 49534
49533 403 1:0 49534
49536 37473 1:0 49537
49542 37462 0:0 49544
49543 37473 0:0 49544
49543 407 0:0 49544
49543 401 1:0 49544
49543 55485 0:0 49544
49543 403 0:0 49544
49543 55463 0:0 49544
49546 50287 1:0 49546
49546 55463 1:0 49546
49546 37476 1:0 49547
49546 50279 1:0 49547
49546 50281 1:0 49547
49546 55485 1:0 49547
49571 37476 0:0 49573
49572 401 0:0 49573
49572 393 1:0 49573
49575 37494 1:0 49575
49575 50278 1:0 49575
49575 50275 1:0 49575
49575 50277 1:0 49576
49582 55494 0:0 49584
49582 393 0:0 49584
49583 37494 0:0 49584
49583 55507 0:0 49584
49583 395 1:0 49584
49586 37498 1:0 49588
49586 55507 1:0 49589
49591 395 0:0 49593
49592 391 1:0 49593
49592 37498 0:0 49593
49595 55494 1:0 49595
49595 50268 1:0 49595
49595 50263 1:0 49595
49595 50274 1:0 49595
49595 389 1:0 49595
49595 37501 1:0 49598
49596 391 0:0 49621
49600 37501 0:0 49621
49623 385 1:0 49623
49623 755 1:0 49623
49623 50264 1:0 49623
49623 37528 1:0 49623
49623 387 1:0 49623
49623 37519 1:0 49625
49623 50259 1:0 49628
49623 50261 1:0 49628
49623 50262 1:0 49628
49623 50255 1:0 49654
49624 389 0:0 49659
49627 37519 0:0 49659
49655 755 21:0 49656
49655 55520 0:0 49659
49659 387 0:0 49665
49662 37528 0:0 49665
49667 37530 1:0 49670
49668 385 0:0 49675
49672 37530 0:0 49675
49674 383 1:0 49675
49677 37533 1:0 49680
49677 50254 1:0 49681
49677 50248 1:0 49686
49677 55520 1:0 49689
49677 50246 1:0 49702
49703 375 1:0 49704
49703 37533 0:0 49704
49703 383 0:0 49704
49706 37551 1:0 49706
49706 50242 1:0 49706
49706 50244 1:0 49709
49706 50245 1:0 49710
49707 375 0:0 49715
49710 37551 0:0 49715
49714 377 1:0 49715
49717 37555 1:0 49717
49717 50243 1:0 49720
49718 377 0:0 49724
49721 37555 0:0 49724
49723 373 1:0 49724
49726 371 1:0 49726
49726 50230 1:0 49726
49726 50241 1:0 49726
49726 37558 1:0 49726
49726 50235 1:0 49726
49727 373 0:0 49752
49731 37558 0:0 49752
49754 755 1:0 49754
49754 50231 1:0 49754
49754 369 1:0 49754
49754 367 1:0 49754
49754 37585 1:0 49754
49754 37576 1:0 49756
49754 50229 1:0 49759
49754 50226 1:0 49759
49754 50228 1:0 49759
49754 50222 1:0 49785
49755 371 0:0 49790
49758 37576 0:0 49790
49786 755 21:0 49787
49786 55577 0:0 49790
49790 369 0:0 49796
49793 37585 0:0 49796
49798 37587 1:0 49801
49799 367 0:0 49806
49803 37587 0:0 49806
49805 365 1:0 49806
49808 37590 1:0 49811
49808 50221 1:0 49812
49808 50215 1:0 49817
49808 755 1:0 49820
49808 55577 1:0 49820
49808 50213 1:0 49833
49821 37590 0:0 49835
49834 365 0:0 49835
49834 357 1:0 49835
49834 50177 1:0 49982
49837 50212 1:0 49837
49837 50209 1:0 49837
49837 37608 1:0 49837
49837 50211 1:0 49838
49841 37608 21:0 49989
49844 357 0:0 49846
49845 55621 0:0 49846
49845 359 1:0 49846
49848 37612 1:0 49848
49848 50210 1:0 49849
49848 55621 1:0 49849
49853 359 0:0 49855
49854 37612 0:0 49855
49854 55623 0:0 49855
49854 355 1:0 49855
49857 353 1:0 49857
49857 50197 1:0 49857
49857 50208 1:0 49857
49857 50202 1:0 49858
49857 37615 1:0 49858
49857 55623 1:0 49858
49882 355 0:0 49883
49882 37615 0:0 49883
49885 37633 1:0 49885
49885 50193 1:0 49886
49885 50195 1:0 49886
49885 50189 1:0 49886
49885 50196 1:0 49886
49888 50198 1:0 49888
49916 55650 0:0 49918
49916 755 0:0 49918
49917 351 1:0 49918
49920 37642 1:0 49920
49920 55650 1:0 49921
49925 351 0:0 49927
49926 349 1:0 49927
49926 37642 0:0 49927
49929 37644 1:0 49930
49935 37633 0:0 49937
49936 349 0:0 49937
49936 353 0:0 49937
49936 55656 0:0 49937
49936 37644 0:0 49937
49936 55634 0:0 49937
49936 347 1:0 49937
49939 50188 1:0 49939
49939 55634 1:0 49939
49939 55656 1:0 49940
49939 50180 1:0 49940
49939 50182 1:0 49940
49939 37647 1:0 49940
49964 37647 0:0 49966
49965 339 1:0 49966
49965 347 0:0 49966
49968 50176 1:0 49968
49968 37665 1:0 49968
49968 50179 1:0 49968
49968 50178 1:0 49969
49975 55665 0:0 49977
49975 339 0:0 49977
49976 341 1:0 49977
49976 37665 0:0 49977
49976 55678 0:0 49977
49979 37669 1:0 49981
49979 55678 1:0 49982
49984 341 0:0 49986
49985 337 1:0 49986
49985 37669 0:0 49986
49988 55665 1:0 49988
49988 50169 1:0 49988
49988 50164 1:0 49988
49988 50175 1:0 49988
49988 335 1:0 49988
49988 37672 1:0 49991
49989 337 0:0 50014
49993 37672 0:0 50014
50016 755 1:0 50016
50016 333 1:0 50016
50016 50165 1:0 50016
50016 331 1:0 50016
50016 37699 1:0 50016
50016 37690 1:0 50018
50016 50162 1:0 50021
50016 50160 1:0 50021
50016 50163 1:0 50021
50016 50156 1:0 50047
50017 335 0:0 50052
50020 37690 0:0 50052
50048 755 21:0 50049
50048 55691 0:0 50052
50052 333 0:0 50058
50055 37699 0:0 50058
50060 37701 1:0 50063
50061 331 0:0 50068
50065 37701 0:0 50068
50067 329 1:0 50068
50070 37704 1:0 50073
50070 50155 1:0 50074
50070 50149 1:0 50079
50070 55691 1:0 50082
50070 50147 1:0 50095
50096 37704 0:0 50097
50096 329 0:0 50097
50096 321 1:0 50097
50099 37722 1:0 50101
50099 50145 1:0 50102
50099 50143 1:0 50102
50099 50146 1:0 50103
50100 321 0:0 50108
50103 37722 0:0 50108
50107 323 1:0 50108
50110 37726 1:0 50112
50110 50144 1:0 50113
50111 323 0:0 50117
50114 37726 0:0 50117
50116 319 1:0 50117
50119 317 1:0 50119
50119 37729 1:0 50122
50119 50131 1:0 50123
50119 50142 1:0 50123
50119 50136 1:0 50123
50120 319 0:0 50145
50124 37729 0:0 50145
50147 755 1:0 50147
50147 315 1:0 50147
50147 313 1:0 50147
50147 50132 1:0 50147
50147 37756 1:0 50147
50147 37747 1:0 50149
50147 50130 1:0 50152
50147 50127 1:0 50152
50147 50129 1:0 50152
50147 50123 1:0 50178
50148 317 0:0 50183
50151 37747 0:0 50183
50179 755 21:0 50180
50179 55748 0:0 50183
50183 315 0:0 50189
50186 37756 0:0 50189
50191 37758 1:0 50194
50192 313 0:0 50199
50196 37758 0:0 50199
50198 311 1:0 50199
50201 37761 1:0 50204
50201 50122 1:0 50205
50201 50116 1:0 50210
50201 755 1:0 50213
50201 55748 1:0 50213
50201 50114 1:0 50226
50214 37761 0:0 50228
50227 303 1:0 50228
50227 311 0:0 50228
50227 50078 1:0 50375
50230 37779 1:0 50230
50230 50113 1:0 50230
50230 50110 1:0 50231
50230 50112 1:0 50231
50234 37779 21:0 50382
50237 303 0:0 50239
50238 55792 0:0 50239
50238 305 1:0 50239
50241 37783 1:0 50241
50241 50111 1:0 50242
50241 55792 1:0 50242
50246 305 0:0 50248
50247 55794 0:0 50248
50247 301 1:0 50248
50247 37783 0:0 50248
50250 50109 1:0 50250
50250 50098 1:0 50250
50250 299 1:0 50250
50250 55794 1:0 50251
50250 50103 1:0 50251
50250 37786 1:0 50251
50275 37786 0:0 50276
50275 301 0:0 50276
50278 37804 1:0 50278
50278 50094 1:0 50279
50278 50096 1:0 50279
50278 50097 1:0 50279
50278 50090 1:0 50279
50281 50099 1:0 50281
50309 755 0:0 50311
50309 55821 0:0 50311
50310 297 1:0 50311
50313 37813 1:0 50313
50313 55821 1:0 50314
50318 297 0:0 50320
50319 37813 0:0 50320
50319 295 1:0 50320
50322 37815 1:0 50323
50328 37804 0:0 50330
50329 299 0:0 50330
50329 295 0:0 50330
50329 55805 0:0 50330
50329 55827 0:0 50330
50329 37815 0:0 50330
50329 293 1:0 50330
50332 55805 1:0 50332
50332 50089 1:0 50332
50332 55827 1:0 50333
50332 50083 1:0 50333
50332 37818 1:0 50333
50332 50081 1:0 50333
50357 37818 0:0 50359
50358 293 0:0 50359
50358 285 1:0 50359
50361 37836 1:0 50361
50361 50080 1:0 50361
50361 50077 1:0 50362
50361 50079 1:0 50362
50368 285 0:0 50370
50368 55836 0:0 50370
50369 287 1:0 50370
50369 55849 0:0 50370
50369 37836 0:0 50370
50372 37840 1:0 50374
50372 55849 1:0 50375
50377 287 0:0 50379
50378 283 1:0 50379
50378 37840 0:0 50379
50381 281 1:0 50381
50381 55836 1:0 50381
50381 37843 1:0 50384
50381 50070 1:0 50385
50381 50076 1:0 50385
50381 50065 1:0 50385
50382 283 0:0 50407
50386 37843 0:0 50407
50409 50066 1:0 50409
50409 277 1:0 50409
50409 755 1:0 50409
50409 279 1:0 50409
50409 37870 1:0 50409
50409 37861 1:0 50411
50409 50061 1:0 50414
50409 50063 1:0 50414
50409 50064 1:0 50414
50409 50057 1:0 50440
50410 281 0:0 50445
50413 37861 0:0 50445
50441 755 21:0 50442
50441 55862 0:0 50445
50445 279 0:0 50451
50448 37870 0:0 50451
50453 37872 1:0 50456
50454 277 0:0 50461
50458 37872 0:0 50461
50460 275 1:0 50461
50463 37875 1:0 50466
50463 50056 1:0 50467
50463 50050 1:0 50472
50463 55862 1:0 50475
50463 50048 1:0 50488
50489 267 1:0 50490
50489 37875 0:0 50490
50489 275 0:0 50490
50492 37893 1:0 50494
50492 50046 1:0 50495
50492 50044 1:0 50495
50492 50047 1:0 50496
50493 267 0:0 50501
50496 37893 0:0 50501
50500 269 1:0 50501
50503 37897 1:0 50505
50503 50045 1:0 50506
50504 269 0:0 50510
50507 37897 0:0 50510
50509 265 1:0 50510
50512 263 1:0 50512
50512 37900 1:0 50515
50512 50043 1:0 50516
50512 50032 1:0 50516
50512 50037 1:0 50516
50513 265 0:0 50538
50517 37900 0:0 50538
50540 261 1:0 50540
50540 37927 1:0 50540
50540 755 1:0 50540
50540 50033 1:0 50540
50540 259 1:0 50540
50540 37918 1:0 50542
50540 50028 1:0 50545
50540 50030 1:0 50545
50540 50031 1:0 50545
50540 50024 1:0 50571
50541 263 0:0 50576
50544 37918 0:0 50576
50572 755 21:0 50573
50572 55919 0:0 50576
50576 261 0:0 50582
50579 37927 0:0 50582
50584 37929 1:0 50587
50585 259 0:0 50592
50589 37929 0:0 50592
50591 257 1:0 50592
50594 37932 1:0 50597
50594 50023 1:0 50598
50594 50017 1:0 50603
50594 55919 1:0 50606
50594 755 1:0 50606
50594 50015 1:0 50619
50607 37932 0:0 50621
50620 249 1:0 50621
50620 257 0:0 50621
50620 49979 1:0 50768
50623 50014 1:0 50623
50623 37950 1:0 50623
50623 50013 1:0 50624
50623 50011 1:0 50624
50627 37950 21:0 50775
50630 249 0:0 50632
50631 55963 0:0 50632
50631 251 1:0 50632
50634 37954 1:0 50634
50634 50012 1:0 50635
50634 55963 1:0 50635
50639 251 0:0 50641
50640 55965 0:0 50641
50640 247 1:0 50641
50640 37954 0:0 50641
50643 50010 1:0 50643
50643 49999 1:0 50643
50643 245 1:0 50643
50643 37957 1:0 50644
50643 50004 1:0 50644
50643 55965 1:0 50644
50668 247 0:0 50669
50668 37957 0:0 50669
50671 37975 1:0 50671
50671 49998 1:0 50672
50671 49991 1:0 50672
50671 49997 1:0 50672
50671 49995 1:0 50672
50674 50000 1:0 50674
50702 755 0:0 50704
50702 55992 0:0 50704
50703 243 1:0 50704
50706 37984 1:0 50706
50706 55992 1:0 50707
50711 243 0:0 50713
50712 37984 0:0 50713
50712 241 1:0 50713
50715 37986 1:0 50716
50721 37975 0:0 50723
50722 241 0:0 50723
50722 245 0:0 50723
50722 37986 0:0 50723
50722 239 1:0 50723
50722 55998 0:0 50723
50722 55976 0:0 50723
50725 49990 1:0 50725
50725 55976 1:0 50725
50725 49984 1:0 50726
50725 55998 1:0 50726
50725 49982 1:0 50726
50725 37989 1:0 50726
50750 37989 0:0 50752
50751 231 1:0 50752
50751 239 0:0 50752
50754 38007 1:0 50754
50754 49981 1:0 50754
50754 49980 1:0 50755
50754 49978 1:0 50755
50761 56007 0:0 50763
50761 231 0:0 50763
50762 38007 0:0 50763
50762 56020 0:0 50763
50762 233 1:0 50763
50765 38011 1:0 50767
50765 56020 1:0 50768
50770 233 0:0 50772
50771 38011 0:0 50772
50771 229 1:0 50772
50774 56007 1:0 50774
50774 227 1:0 50774
50774 38014 1:0 50777
50774 49966 1:0 50778
50774 49977 1:0 50778
50774 49971 1:0 50778
50775 229 0:0 50800
50779 38014 0:0 50800
50802 38041 1:0 50802
50802 755 1:0 50802
50802 49967 1:0 50802
50802 225 1:0 50802
50802 223 1:0 50802
50802 38032 1:0 50804
50802 49965 1:0 50807
50802 49962 1:0 50807
50802 49964 1:0 50807
50802 49958 1:0 50833
50803 227 0:0 50838
50806 38032 0:0 50838
50834 755 21:0 50835
50834 56033 0:0 50838
50838 225 0:0 50844
50841 38041 0:0 50844
50846 38043 1:0 50849
50847 223 0:0 50854
50851 38043 0:0 50854
50853 221 1:0 50854
50856 38046 1:0 50859
50856 49957 1:0 50860
50856 49951 1:0 50865
50856 56033 1:0 50868
50856 49949 1:0 50881
50882 221 0:0 50883
50882 38046 0:0 50883
50882 213 1:0 50883
50885 38064 1:0 50887
50885 49945 1:0 50888
50885 49947 1:0 50888
50885 49948 1:0 50889
50886 213 0:0 50894
50889 38064 0:0 50894
50893 215 1:0 50894
50896 38068 1:0 50898
50896 49946 1:0 50899
50897 215 0:0 50903
50900 38068 0:0 50903
50902 211 1:0 50903
50905 209 1:0 50905
50905 38071 1:0 50908
50905 49933 1:0 50909
50905 49944 1:0 50909
50905 49938 1:0 50909
50906 211 0:0 50931
50910 38071 0:0 50931
50933 207 1:0 50933
50933 755 1:0 50933
50933 49934 1:0 50933
50933 205 1:0 50933
50933 38098 1:0 50933
50933 38089 1:0 50935
50933 49929 1:0 50938
50933 49932 1:0 50938
50933 49931 1:0 50938
50933 49925 1:0 50964
50934 209 0:0 50969
50937 38089 0:0 50969
50965 755 21:0 50966
50965 56090 0:0 50969
50969 207 0:0 50975
50972 38098 0:0 50975
50977 38100 1:0 50980
50978 205 0:0 50985
50982 38100 0:0 50985
50984 203 1:0 50985
50987 38103 1:0 50990
50987 49924 1:0 50991
50987 49918 1:0 50996
50987 755 1:0 50999
50987 56090 1:0 50999
50987 49916 1:0 51012
51000 38103 0:0 51014
51013 195 1:0 51014
51013 203 0:0 51014
51013 49880 1:0 51161
51016 38121 1:0 51016
51016 49915 1:0 51016
51016 49912 1:0 51017
51016 49914 1:0 51017
51020 38121 21:0 51168
51023 195 0:0 51025
51024 197 1:0 51025
51024 56134 0:0 51025
51027 38125 1:0 51027
51027 49913 1:0 51028
51027 56134 1:0 51028
51032 197 0:0 51034
51033 56136 0:0 51034
51033 193 1:0 51034
51033 38125 0:0 51034
51036 49911 1:0 51036
51036 191 1:0 51036
51036 49900 1:0 51036
51036 56136 1:0 51037
51036 38128 1:0 51037
51036 49905 1:0 51037
51061 193 0:0 51062
51061 38128 0:0 51062
51064 38146 1:0 51064
51064 49899 1:0 51065
51064 49892 1:0 51065
51064 49898 1:0 51065
51064 49896 1:0 51065
51067 49901 1:0 51067
51095 755 0:0 51097
51095 56163 0:0 51097
51096 189 1:0 51097
51099 38155 1:0 51099
51099 56163 1:0 51100
51104 189 0:0 51106
51105 187 1:0 51106
51105 38155 0:0 51106
51108 38157 1:0 51109
51114 38146 0:0 51116
51115 56169 0:0 51116
51115 191 0:0 51116
51115 56147 0:0 51116
51115 185 1:0 51116
51115 38157 0:0 51116
51115 187 0:0 51116
51118 49891 1:0 51118
51118 56147 1:0 51118
51118 49885 1:0 51119
51118 38160 1:0 51119
51118 49883 1:0 51119
51118 56169 1:0 51119
51143 38160 0:0 51145
51144 185 0:0 51145
51144 177 1:0 51145
51147 38178 1:0 51147
51147 49882 1:0 51147
51147 49881 1:0 51148
51147 49879 1:0 51148
51154 177 0:0 51156
51154 56178 0:0 51156
51155 179 1:0 51156
51155 56191 0:0 51156
51155 38178 0:0 51156
51158 38182 1:0 51160
51158 56191 1:0 51161
51163 179 0:0 51165
51164 175 1:0 51165
51164 38182 0:0 51165
51167 173 1:0 51167
51167 56178 1:0 51167
51167 38185 1:0 51170
51167 49867 1:0 51171
51167 49872 1:0 51171
51167 49878 1:0 51171
51168 175 0:0 51193
51172 38185 0:0 51193
51195 171 1:0 51195
51195 755 1:0 51195
51195 38212 1:0 51195
51195 49868 1:0 51195
51195 169 1:0 51195
51195 38203 1:0 51197
51195 49866 1:0 51200
51195 49863 1:0 51200
51195 49865 1:0 51200
51195 49859 1:0 51226
51196 173 0:0 51231
51199 38203 0:0 51231
51227 755 21:0 51228
51227 56204 0:0 51231
51231 171 0:0 51237
51234 38212 0:0 51237
51239 38214 1:0 51242
51240 169 0:0 51247
51244 38214 0:0 51247
51246 167 1:0 51247
51249 38217 1:0 51252
51249 49858 1:0 51253
51249 49852 1:0 51258
51249 56204 1:0 51261
51249 49850 1:0 51274
51275 159 1:0 51276
51275 167 0:0 51276
51275 38217 0:0 51276
51278 38235 1:0 51280
51278 49848 1:0 51281
51278 49846 1:0 51281
51278 49849 1:0 51282
51279 159 0:0 51287
51282 38235 0:0 51287
51286 161 1:0 51287
51289 38239 1:0 51291
51289 49847 1:0 51292
51290 161 0:0 51296
51293 38239 0:0 51296
51295 157 1:0 51296
51298 38242 1:0 51301
51298 49834 1:0 51302
51298 49839 1:0 51302
51298 49845 1:0 51302
51299 157 0:0 51324
51303 38242 0:0 51324
51323 155 1:0 51324
51326 38269 1:0 51326
51326 151 1:0 51326
51326 153 1:0 51326
51326 49835 1:0 51326
51326 755 1:0 51326
51326 38260 1:0 51328
51326 49832 1:0 51331
51326 49830 1:0 51331
51326 49833 1:0 51331
51326 49826 1:0 51357
51327 155 0:0 51362
51330 38260 0:0 51362
51358 755 21:0 51359
51358 56261 0:0 51362
51362 153 0:0 51368
51365 38269 0:0 51368
51370 38271 1:0 51373
51371 151 0:0 51378
51375 38271 0:0 51378
51377 149 1:0 51378
51380 38274 1:0 51383
51380 49825 1:0 51384
51380 49819 1:0 51389
51380 755 1:0 51392
51380 56261 1:0 51392
51380 49817 1:0 51405
51393 38274 0:0 51407
51406 141 1:0 51407
51406 149 0:0 51407
51406 49781 1:0 51554
51409 49816 1:0 51409
51409 38292 1:0 51409
51409 49813 1:0 51410
51409 49815 1:0 51410
51413 38292 21:0 51561
51416 141 0:0 51418
51417 143 1:0 51418
51417 56305 0:0 51418
51420 38296 1:0 51420
51420 56305 1:0 51421
51420 49814 1:0 51421
51425 143 0:0 51427
51426 139 1:0 51427
51426 56307 0:0 51427
51426 38296 0:0 51427
51429 49812 1:0 51429
51429 49801 1:0 51429
51429 38299 1:0 51430
51429 49806 1:0 51430
51429 56307 1:0 51430
51454 137 1:0 51455
51454 139 0:0 51455
51454 38299 0:0 51455
51457 38317 1:0 51457
51457 49799 1:0 51458
51457 49800 1:0 51458
51457 49793 1:0 51458
51457 49797 1:0 51458
51460 49802 1:0 51460
51488 56334 0:0 51490
51488 755 0:0 51490
51489 135 1:0 51490
51492 38326 1:0 51492
51492 56334 1:0 51493
51497 135 0:0 51499
51498 133 1:0 51499
51498 38326 0:0 51499
51501 38328 1:0 51502
51507 38317 0:0 51509
51508 133 0:0 51509
51508 38328 0:0 51509
51508 131 1:0 51509
51508 137 0:0 51509
51508 56340 0:0 51509
51508 56318 0:0 51509
51511 49792 1:0 51511
51511 56318 1:0 51511
51511 49784 1:0 51512
51511 49786 1:0 51512
51511 38331 1:0 51512
51511 56340 1:0 51512
51536 38331 0:0 51538
51537 123 1:0 51538
51537 131 0:0 51538
51540 38349 1:0 51540
51540 49783 1:0 51540
51540 49782 1:0 51541
51540 49780 1:0 51541
51547 123 0:0 51549
51547 56349 0:0 51549
51548 56362 0:0 51549
51548 38349 0:0 51549
51548 125 1:0 51549
51551 38353 1:0 51553
51551 56362 1:0 51554
51556 125 0:0 51558
51557 38353 0:0 51558
51557 121 1:0 51558
51560 56349 1:0 51560
51560 38356 1:0 51563
51560 49773 1:0 51564
51560 49779 1:0 51564
51560 49768 1:0 51564
51561 121 0:0 51586
51565 38356 0:0 51586
51585 119 1:0 51586
51588 755 1:0 51588
51588 117 1:0 51588
51588 49769 1:0 51588
51588 115 1:0 51588
51588 38383 1:0 51588
51588 38374 1:0 51590
51588 49764 1:0 51593
51588 49766 1:0 51593
51588 49767 1:0 51593
51588 49760 1:0 51619
51589 119 0:0 51624
51592 38374 0:0 51624
51620 755 21:0 51621
51620 56375 0:0 51624
51624 117 0:0 51630
51627 38383 0:0 51630
51632 38385 1:0 51635
51633 115 0:0 51640
51637 38385 0:0 51640
51639 113 1:0 51640
51642 38388 1:0 51645
51642 49759 1:0 51646
51642 49753 1:0 51651
51642 56375 1:0 51654
51642 49751 1:0 51667
51668 38388 0:0 51669
51668 105 1:0 51669
51668 113 0:0 51669
51671 38406 1:0 51673
51671 49747 1:0 51674
51671 49749 1:0 51674
51671 49750 1:0 51675
51672 105 0:0 51680
51675 38406 0:0 51680
51679 107 1:0 51680
51682 38410 1:0 51684
51682 49748 1:0 51685
51683 107 0:0 51689
51686 38410 0:0 51689
51688 103 1:0 51689
51691 38413 1:0 51694
51691 49735 1:0 51695
51691 49740 1:0 51695
51691 49746 1:0 51695
51692 103 0:0 51717
51696 38413 0:0 51717
51716 101 1:0 51717
51719 755 1:0 51719
51719 99 1:0 51719
51719 38440 1:0 51719
51719 97 1:0 51719
51719 49736 1:0 51719
51719 38431 1:0 51721
51719 49734 1:0 51724
51719 49731 1:0 51724
51719 49733 1:0 51724
51719 49727 1:0 51750
51720 101 0:0 51755
51723 38431 0:0 51755
51751 755 21:0 51752
51751 56432 0:0 51755
51755 99 0:0 51761
51758 38440 0:0 51761
51763 38442 1:0 51766
51764 97 0:0 51771
51768 38442 0:0 51771
51770 95 1:0 51771
51773 38445 1:0 51776
51773 49726 1:0 51777
51773 49720 1:0 51782
51773 755 1:0 51785
51773 56432 1:0 51785
51773 49718 1:0 51798
51786 38445 0:0 51800
51799 95 0:0 51800
51799 87 1:0 51800
51799 49682 1:0 51947
51802 49717 1:0 51802
51802 38463 1:0 51802
51802 49716 1:0 51803
51802 49714 1:0 51803
51806 38463 21:0 51954
51809 87 0:0 51811
51810 56476 0:0 51811
51810 89 1:0 51811
51813 38467 1:0 51813
51813 56476 1:0 51814
51813 49715 1:0 51814
51818 89 0:0 51820
51819 56478 0:0 51820
51819 85 1:0 51820
51819 38467 0:0 51820
51822 49702 1:0 51822
51822 49713 1:0 51822
51822 38470 1:0 51823
51822 56478 1:0 51823
51822 49707 1:0 51823
51847 83 1:0 51848
51847 38470 0:0 51848
51847 85 0:0 51848
51850 38488 1:0 51850
51850 49701 1:0 51851
51850 49698 1:0 51851
51850 49700 1:0 51851
51850 49694 1:0 51851
51853 49703 1:0 51853
51881 755 0:0 51883
51881 56505 0:0 51883
51882 81 1:0 51883
51885 38497 1:0 51885
51885 56505 1:0 51886
51890 81 0:0 51892
51891 79 1:0 51892
51891 38497 0:0 51892
51894 38499 1:0 51895
51900 38488 0:0 51902
51901 56511 0:0 51902
51901 79 0:0 51902
51901 38499 0:0 51902
51901 77 1:0 51902
51901 83 0:0 51902
51901 56489 0:0 51902
51904 56489 1:0 51904
51904 49693 1:0 51904
51904 38502 1:0 51905
51904 49687 1:0 51905
51904 49685 1:0 51905
51904 56511 1:0 51905
51929 38502 0:0 51931
51930 77 0:0 51931
51930 69 1:0 51931
51933 38520 1:0 51933
51933 49684 1:0 51933
51933 49681 1:0 51934
51933 49683 1:0 51934
51940 69 0:0 51942
51940 56520 0:0 51942
51941 71 1:0 51942
51941 38520 0:0 51942
51941 56533 0:0 51942
51944 38524 1:0 51946
51944 56533 1:0 51947
51949 71 0:0 51951
51950 67 1:0 51951
51950 38524 0:0 51951
51953 56520 1:0 51953
51953 38527 1:0 51956
51953 49674 1:0 51957
51953 49680 1:0 51957
51953 49669 1:0 51957
51954 67 0:0 51979
51958 38527 0:0 51979
51978 65 1:0 51979
51981 38545 1:0 51983
51981 61 1:0 51984
51981 63 1:0 51984
51981 49667 1:0 51986
51981 49668 1:0 51986
51981 49665 1:0 51986
51981 49661 1:0 52012
51984 755 1:0 51984
51984 49670 1:0 51984
51985 65 0:0 52017
51985 38545 0:0 52017
52003 56546 0:0 52017
52004 755 21:0 52014
52016 38554 1:0 52018
52017 63 0:0 52023
52020 38554 0:0 52023
52025 38556 1:0 52028
52026 61 0:0 52033
52030 38556 0:0 52033
52032 59 1:0 52033
52035 38559 1:0 52038
52035 49660 1:0 52039
52035 49654 1:0 52044
52035 56546 1:0 52047
52035 49652 1:0 52060
52061 59 0:0 52062
52061 51 1:0 52062
52061 38559 0:0 52062
52064 38577 1:0 52066
52064 49648 1:0 52067
52064 49650 1:0 52067
52064 49651 1:0 52068
52065 51 0:0 52073
52068 38577 0:0 52073
52072 53 1:0 52073
52075 38581 1:0 52077
52075 49649 1:0 52078
52076 53 0:0 52082
52079 38581 0:0 52082
52081 49 1:0 52082
52084 38584 1:0 52087
52084 49647 1:0 52088
52084 49641 1:0 52088
52084 49636 1:0 52088
52085 49 0:0 52110
52089 38584 0:0 52110
52109 47 1:0 52110
52112 38602 1:0 52114
52112 45 1:0 52115
52112 755 1:0 52115
52112 49634 1:0 52117
52112 49635 1:0 52117
52112 49632 1:0 52117
52112 49628 1:0 52143
52115 49637 1:0 52115
52116 38602 0:0 52148
52116 47 0:0 52148
52135 755 21:0 52145
52144 56603 0:0 52148
52147 38611 1:0 52149
52148 45 0:0 52154
52151 38611 0:0 52154
52153 43 1:0 52154
52156 38613 1:0 52159
52157 43 0:0 52164
52161 38613 0:0 52164
52163 41 1:0 52164
52166 38616 1:0 52169
52166 49627 1:0 52170
52166 49621 1:0 52175
52166 56603 1:0 52178
52166 755 1:0 52178
52166 49619 1:0 52191
52179 38616 0:0 52193
52192 41 0:0 52193
52192 33 1:0 52193
52192 49583 1:0 52340
52195 38634 1:0 52195
52195 49618 1:0 52195
52195 49617 1:0 52196
52195 49615 1:0 52196
52199 38634 21:0 52347
52202 33 0:0 52204
52203 35 1:0 52204
52203 56647 0:0 52204
52206 38638 1:0 52206
52206 56647 1:0 52207
52206 49616 1:0 52207
52211 35 0:0 52213
52212 31 1:0 52213
52212 38638 0:0 52213
52212 56649 0:0 52213
52215 49614 1:0 52215
52215 49608 1:0 52215
52215 49603 1:0 52215
52215 38641 1:0 52216
52215 56649 1:0 52216
52220 38641 0:0 52241
52240 29 1:0 52241
52240 31 0:0 52241
52243 38659 1:0 52243
52243 49601 1:0 52244
52243 49602 1:0 52244
52243 49595 1:0 52244
52243 49599 1:0 52244
52246 49604 1:0 52246
52274 755 0:0 52276
52274 56676 0:0 52276
52275 27 1:0 52276
52278 38668 1:0 52278
52278 56676 1:0 52279
52283 27 0:0 52285
52284 25 1:0 52285
52284 38668 0:0 52285
52287 38670 1:0 52288
52293 38659 0:0 52295
52294 23 1:0 52295
52294 38670 0:0 52295
52294 25 0:0 52295
52294 56660 0:0 52295
52294 29 0:0 52295
52294 56682 0:0 52295
52297 56660 1:0 52297
52297 49594 1:0 52297
52297 49588 1:0 52298
52297 38673 1:0 52298
52297 49586 1:0 52298
52297 56682 1:0 52298
52322 38673 0:0 52324
52323 15 1:0 52324
52323 23 0:0 52324
52326 38691 1:0 52326
52326 49585 1:0 52326
52326 49584 1:0 52327
52326 49582 1:0 52327
52330 38691 0:0 52335
52333 15 0:0 52335
52333 56691 0:0 52335
52334 56704 0:0 52335
52334 17 1:0 52335
52337 38695 1:0 52339
52337 56704 1:0 52340
52341 38695 0:0 52344
52342 17 0:0 52344
52343 13 1:0 52344
52346 56691 1:0 52346
52346 38698 1:0 52349
52346 38748 1:0 52350
52346 49581 1:0 52350
52346 49575 1:0 52350
52346 49570 1:0 52350
52347 13 0:0 52372
52351 38698 0:0 52372
52371 11 1:0 52372
52371 38727 1:0 52377
52374 38716 1:0 52376
52374 755 1:0 52376
52374 9 1:0 52377
52374 49566 1:0 52379
52374 49569 1:0 52379
52374 49568 1:0 52379
52374 49562 1:0 52405
52377 49571 1:0 52377
52377 11 0:0 52410
52377 56717 0:0 52410
52378 38716 0:0 52410
52397 755 21:0 52407
52409 38725 1:0 52411
52410 9 0:0 52416
52413 38725 0:0 52416
52415 7 1:0 52416
52423 38727 21:0 52429
52424 7 0:0 52426
52425 5 1:0 52426
52428 38730 1:0 52431
52428 49561 1:0 52432
52428 49555 1:0 52437
52428 56717 1:0 52440
52446 755 1:0 52455
52447 3 1:0 52453
52455 3 21:0 52518
52457 755 0:0 52458
52463 56765 0:0 52466
52464 38730 0:0 52466
52464 38748 0:0 52466
52465 7 1:0 52466
52465 13 1:0 52471
52465 11 1:0 52471
52469 9 1:0 52470
52472 7 0:0 52474
52473 755 1:0 52473
52474 56766 0:0 52502
52492 755 0:0 52493
52500 5 0:0 52502
52500 9 0:0 52502
52501 56759 0:0 52502
52502 56773 0:0 52507
52502 56770 0:0 52507
52502 56772 0:0 52507
52506 56759 1:0 52506
52506 56775 0:0 52507
52507 56774 0:0 52518
52509 56759 0:0 52518
52515 56785 0:0 52518
52517 11 0:0 52518
52517 17 1:0 52519
52520 56787 21:0 52746
52521 13 0:0 52523
52522 15 1:0 52524
52527 56786 0:0 52528
52527 56789 0:0 52528
52527 56788 0:0 52528
52527 17 0:0 52528
52527 23 1:0 52538
52527 31 1:0 52539
52527 29 1:0 52539
52529 755 1:0 52531
52533 755 0:0 52534
52534 27 1:0 52539
52534 25 1:0 52539
52538 755 1:0 52539
52540 56790 0:0 52542
52540 56779 0:0 52542
52540 15 0:0 52542
52541 56798 0:0 52542
52548 25 0:0 52550
52568 755 0:0 52569
52576 23 0:0 52578
52576 56799 0:0 52578
52576 27 0:0 52578
52582 56805 0:0 52583
52582 56806 0:0 52583
52582 56808 0:0 52583
52582 56803 0:0 52583
52593 56818 0:0 52594
52593 56807 0:0 52594
52593 56792 0:0 52594
52593 29 0:0 52594
52593 56812 0:0 52594
52593 35 1:0 52595
52598 56820 0:0 52599
52598 31 0:0 52599
52598 33 1:0 52600
52603 56812 1:0 52604
52603 56819 0:0 52604
52603 56822 0:0 52604
52603 35 0:0 52604
52603 56821 0:0 52604
52603 41 1:0 52614
52603 47 1:0 52615
52603 49 1:0 52615
52605 755 1:0 52607
52609 755 0:0 52610
52610 43 1:0 52615
52610 45 1:0 52615
52614 755 1:0 52615
52616 56823 0:0 52618
52616 56812 0:0 52618
52616 33 0:0 52618
52617 56831 0:0 52618
52624 43 0:0 52626
52644 755 0:0 52645
52652 41 0:0 52654
52652 45 0:0 52654
52652 56832 0:0 52654
52658 56841 0:0 52659
52658 56836 0:0 52659
52658 56838 0:0 52659
52658 56839 0:0 52659
52669 47 0:0 52670
52669 56851 0:0 52670
52669 56845 0:0 52670
52669 56840 0:0 52670
52669 56825 0:0 52670
52669 53 1:0 52671
52674 49 0:0 52675
52674 56853 0:0 52675
52674 51 1:0 52676
52679 53 0:0 52680
52679 56855 0:0 52680
52679 56854 0:0 52680
52679 56852 0:0 52680
52679 56845 1:0 52680
52679 59 1:0 52690
52679 65 1:0 52691
52679 67 1:0 52691
52681 755 1:0 52683
52685 755 0:0 52686
52686 61 1:0 52691
52686 63 1:0 52691
52690 755 1:0 52691
52692 51 0:0 52694
52692 56856 0:0 52694
52692 56845 0:0 52694
52693 56864 0:0 52694
52700 61 0:0 52702
52720 755 0:0 52721
52728 63 0:0 52730
52728 59 0:0 52730
52728 56865 0:0 52730
52734 56869 0:0 52735
52734 56872 0:0 52735
52734 56871 0:0 52735
52734 56874 0:0 52735
52745 56873 0:0 52746
52745 56884 0:0 52746
52745 65 0:0 52746
52745 56858 0:0 52746
52745 71 1:0 52747
52748 56886 21:0 52974
52749 67 0:0 52751
52750 69 1:0 52752
52755 56887 0:0 52756
52755 56888 0:0 52756
52755 71 0:0 52756
52755 56885 0:0 52756
52755 77 1:0 52766
52755 85 1:0 52767
52755 83 1:0 52767
52757 755 1:0 52759
52761 755 0:0 52762
52762 79 1:0 52767
52762 81 1:0 52767
52766 755 1:0 52767
52768 56878 0:0 52770
52768 56889 0:0 52770
52768 69 0:0 52770
52769 56897 0:0 52770
52776 79 0:0 52778
52796 755 0:0 52797
52804 81 0:0 52806
52804 77 0:0 52806
52804 56898 0:0 52806
52810 56902 0:0 52811
52810 56907 0:0 52811
52810 56905 0:0 52811
52810 56904 0:0 52811
52821 56911 0:0 52822
52821 56917 0:0 52822
52821 56906 0:0 52822
52821 83 0:0 52822
52821 56891 0:0 52822
52821 89 1:0 52823
52826 56919 0:0 52827
52826 85 0:0 52827
52826 87 1:0 52828
52831 56918 0:0 52832
52831 56921 0:0 52832
52831 89 0:0 52832
52831 56911 1:0 52832
52831 56920 0:0 52832
52831 95 1:0 52842
52831 101 1:0 52843
52831 103 1:0 52843
52833 755 1:0 52835
52837 755 0:0 52838
52838 99 1:0 52843
52838 97 1:0 52843
52842 755 1:0 52843
52844 56922 0:0 52846
52844 87 0:0 52846
52844 56911 0:0 52846
52845 56930 0:0 52846
52852 97 0:0 52854
52872 755 0:0 52873
52880 99 0:0 52882
52880 95 0:0 52882
52880 56931 0:0 52882
52886 56935 0:0 52887
52886 56938 0:0 52887
52886 56937 0:0 52887
52886 56940 0:0 52887
52897 56944 0:0 52898
52897 56924 0:0 52898
52897 56950 0:0 52898
52897 101 0:0 52898
52897 56939 0:0 52898
52897 107 1:0 52899
52902 56952 0:0 52903
52902 103 0:0 52903
52902 105 1:0 52904
52907 56953 0:0 52908
52907 56954 0:0 52908
52907 56951 0:0 52908
52907 107 0:0 52908
52907 56944 1:0 52908
52907 113 1:0 52918
52907 121 1:0 52919
52907 119 1:0 52919
52909 755 1:0 52911
52913 755 0:0 52914
52914 117 1:0 52919
52914 115 1:0 52919
52918 755 1:0 52919
52920 105 0:0 52922
52920 56944 0:0 52922
52920 56955 0:0 52922
52921 56963 0:0 52922
52928 115 0:0 52930
52948 755 0:0 52949
52956 56964 0:0 52958
52956 117 0:0 52958
52956 113 0:0 52958
52962 56970 0:0 52963
52962 56971 0:0 52963
52962 56973 0:0 52963
52962 56968 0:0 52963
52973 56972 0:0 52974
52973 119 0:0 52974
52973 56957 0:0 52974
52973 56983 0:0 52974
52973 125 1:0 52975
52976 56985 21:0 53202
52977 121 0:0 52979
52978 123 1:0 52980
52983 56984 0:0 52984
52983 125 0:0 52984
52983 56986 0:0 52984
52983 56987 0:0 52984
52983 131 1:0 52994
52983 139 1:0 52995
52983 137 1:0 52995
52985 755 1:0 52987
52989 755 0:0 52990
52990 135 1:0 52995
52990 133 1:0 52995
52994 755 1:0 52995
52996 123 0:0 52998
52996 56988 0:0 52998
52996 56977 0:0 52998
52997 56996 0:0 52998
53004 133 0:0 53006
53024 755 0:0 53025
53032 131 0:0 53034
53032 135 0:0 53034
53032 56997 0:0 53034
53038 57006 0:0 53039
53038 57004 0:0 53039
53038 57001 0:0 53039
53038 57003 0:0 53039
53049 57005 0:0 53050
53049 57016 0:0 53050
53049 56990 0:0 53050
53049 57010 0:0 53050
53049 137 0:0 53050
53049 143 1:0 53051
53054 57018 0:0 53055
53054 139 0:0 53055
53054 141 1:0 53056
53059 57010 1:0 53060
53059 143 0:0 53060
53059 57020 0:0 53060
53059 57019 0:0 53060
53059 57017 0:0 53060
53059 149 1:0 53070
53059 155 1:0 53071
53059 157 1:0 53071
53061 755 1:0 53063
53065 755 0:0 53066
53066 151 1:0 53071
53066 153 1:0 53071
53070 755 1:0 53071
53072 57021 0:0 53074
53072 141 0:0 53074
53072 57010 0:0 53074
53073 57029 0:0 53074
53080 151 0:0 53082
53100 755 0:0 53101
53108 149 0:0 53110
53108 57030 0:0 53110
53108 153 0:0 53110
53114 57037 0:0 53115
53114 57036 0:0 53115
53114 57039 0:0 53115
53114 57034 0:0 53115
53125 57049 0:0 53126
53125 57038 0:0 53126
53125 57023 0:0 53126
53125 155 0:0 53126
53125 57043 0:0 53126
53125 161 1:0 53127
53130 157 0:0 53131
53130 57051 0:0 53131
53130 159 1:0 53132
53135 57052 0:0 53136
53135 57053 0:0 53136
53135 57050 0:0 53136
53135 57043 1:0 53136
53135 161 0:0 53136
53135 167 1:0 53146
53135 175 1:0 53147
53135 173 1:0 53147
53137 755 1:0 53139
53141 755 0:0 53142
53142 169 1:0 53147
53142 171 1:0 53147
53146 755 1:0 53147
53148 57043 0:0 53150
53148 57054 0:0 53150
53148 159 0:0 53150
53149 57062 0:0 53150
53156 169 0:0 53158
53176 755 0:0 53177
53184 171 0:0 53186
53184 167 0:0 53186
53184 57063 0:0 53186
53190 57067 0:0 53191
53190 57070 0:0 53191
53190 57069 0:0 53191
53190 57072 0:0 53191
53201 57071 0:0 53202
53201 57056 0:0 53202
53201 57082 0:0 53202
53201 173 0:0 53202
53201 179 1:0 53203
53204 57084 21:0 53430
53205 175 0:0 53207
53206 177 1:0 53208
53211 57086 0:0 53212
53211 57085 0:0 53212
53211 57083 0:0 53212
53211 179 0:0 53212
53211 185 1:0 53222
53211 193 1:0 53223
53211 191 1:0 53223
53213 755 1:0 53215
53217 755 0:0 53218
53218 187 1:0 53223
53218 189 1:0 53223
53222 755 1:0 53223
53224 57087 0:0 53226
53224 57076 0:0 53226
53224 177 0:0 53226
53225 57095 0:0 53226
53232 187 0:0 53234
53252 755 0:0 53253
53260 185 0:0 53262
53260 57096 0:0 53262
53260 189 0:0 53262
53266 57103 0:0 53267
53266 57102 0:0 53267
53266 57105 0:0 53267
53266 57100 0:0 53267
53277 191 0:0 53278
53277 57089 0:0 53278
53277 57109 0:0 53278
53277 57115 0:0 53278
53277 57104 0:0 53278
53277 197 1:0 53279
53282 193 0:0 53283
53282 57117 0:0 53283
53282 195 1:0 53284
53287 57116 0:0 53288
53287 197 0:0 53288
53287 57109 1:0 53288
53287 57119 0:0 53288
53287 57118 0:0 53288
53287 203 1:0 53298
53287 209 1:0 53299
53287 211 1:0 53299
53289 755 1:0 53291
53293 755 0:0 53294
53294 205 1:0 53299
53294 207 1:0 53299
53298 755 1:0 53299
53300 195 0:0 53302
53300 57109 0:0 53302
53300 57120 0:0 53302
53301 57128 0:0 53302
53308 205 0:0 53310
53328 755 0:0 53329
53336 207 0:0 53338
53336 203 0:0 53338
53336 57129 0:0 53338
53342 57135 0:0 53343
53342 57136 0:0 53343
53342 57133 0:0 53343
53342 57138 0:0 53343
53353 57137 0:0 53354
53353 57148 0:0 53354
53353 57122 0:0 53354
53353 57142 0:0 53354
53353 209 0:0 53354
53353 215 1:0 53355
53358 57150 0:0 53359
53358 211 0:0 53359
53358 213 1:0 53360
53363 215 0:0 53364
53363 57149 0:0 53364
53363 57142 1:0 53364
53363 57151 0:0 53364
53363 57152 0:0 53364
53363 221 1:0 53374
53363 229 1:0 53375
53363 227 1:0 53375
53365 755 1:0 53367
53369 755 0:0 53370
53370 225 1:0 53375
53370 223 1:0 53375
53374 755 1:0 53375
53376 57153 0:0 53378
53376 57142 0:0 53378
53376 213 0:0 53378
53377 57161 0:0 53378
53384 223 0:0 53386
53404 755 0:0 53405
53412 225 0:0 53414
53412 57162 0:0 53414
53412 221 0:0 53414
53418 57166 0:0 53419
53418 57168 0:0 53419
53418 57169 0:0 53419
53418 57171 0:0 53419
53429 227 0:0 53430
53429 57170 0:0 53430
53429 57181 0:0 53430
53429 57155 0:0 53430
53429 233 1:0 53431
53432 57183 21:0 53658
53433 229 0:0 53435
53434 231 1:0 53436
53439 57182 0:0 53440
53439 57184 0:0 53440
53439 57185 0:0 53440
53439 233 0:0 53440
53439 239 1:0 53450
53439 247 1:0 53451
53439 245 1:0 53451
53441 755 1:0 53443
53445 755 0:0 53446
53446 241 1:0 53451
53446 243 1:0 53451
53450 755 1:0 53451
53452 231 0:0 53454
53452 57175 0:0 53454
53452 57186 0:0 53454
53453 57194 0:0 53454
53460 241 0:0 53462
53480 755 0:0 53481
53488 57195 0:0 53490
53488 239 0:0 53490
53488 243 0:0 53490
53494 57204 0:0 53495
53494 57202 0:0 53495
53494 57201 0:0 53495
53494 57199 0:0 53495
53505 245 0:0 53506
53505 57208 0:0 53506
53505 57188 0:0 53506
53505 57203 0:0 53506
53505 57214 0:0 53506
53505 251 1:0 53507
53510 57216 0:0 53511
53510 247 0:0 53511
53510 249 1:0 53512
53515 251 0:0 53516
53515 57208 1:0 53516
53515 57218 0:0 53516
53515 57217 0:0 53516
53515 57215 0:0 53516
53515 257 1:0 53526
53515 265 1:0 53527
53515 263 1:0 53527
53517 755 1:0 53519
53521 755 0:0 53522
53522 259 1:0 53527
53522 261 1:0 53527
53526 755 1:0 53527
53528 249 0:0 53530
53528 57219 0:0 53530
53528 57208 0:0 53530
53529 57227 0:0 53530
53536 259 0:0 53538
53556 755 0:0 53557
53564 57228 0:0 53566
53564 257 0:0 53566
53564 261 0:0 53566
53570 57234 0:0 53571
53570 57237 0:0 53571
53570 57235 0:0 53571
53570 57232 0:0 53571
53581 57236 0:0 53582
53581 57241 0:0 53582
53581 263 0:0 53582
53581 57247 0:0 53582
53581 57221 0:0 53582
53581 269 1:0 53583
53586 57249 0:0 53587
53586 265 0:0 53587
53586 267 1:0 53588
53591 57241 1:0 53592
53591 269 0:0 53592
53591 57250 0:0 53592
53591 57251 0:0 53592
53591 57248 0:0 53592
53591 275 1:0 53602
53591 281 1:0 53603
53593 755 1:0 53595
53597 755 0:0 53598
53598 277 1:0 53603
53598 279 1:0 53603
53602 755 1:0 53603
53604 57241 0:0 53606
53604 267 0:0 53606
53604 57252 0:0 53606
53605 57260 0:0 53606
53612 277 0:0 53614
53632 755 0:0 53633
53640 279 0:0 53642
53640 57261 0:0 53642
53640 275 0:0 53642
53646 57270 0:0 53647
53646 57267 0:0 53647
53646 57268 0:0 53647
53646 57265 0:0 53647
53646 283 1:0 53654
53657 281 0:0 53658
53657 57254 0:0 53658
53657 57269 0:0 53658
53657 57280 0:0 53658
53657 287 1:0 53659
53660 57282 21:0 53886
53661 283 0:0 53663
53662 285 1:0 53664
53667 287 0:0 53668
53667 57284 0:0 53668
53667 57283 0:0 53668
53667 57281 0:0 53668
53667 293 1:0 53678
53667 299 1:0 53679
53669 755 1:0 53671
53673 755 0:0 53674
53674 295 1:0 53679
53674 297 1:0 53679
53678 755 1:0 53679
53680 57274 0:0 53682
53680 285 0:0 53682
53680 57285 0:0 53682
53681 57293 0:0 53682
53688 295 0:0 53690
53708 755 0:0 53709
53716 297 0:0 53718
53716 293 0:0 53718
53716 57294 0:0 53718
53722 57298 0:0 53723
53722 57301 0:0 53723
53722 57303 0:0 53723
53722 57300 0:0 53723
53722 301 1:0 53730
53733 57313 0:0 53734
53733 57302 0:0 53734
53733 57307 0:0 53734
53733 57287 0:0 53734
53733 299 0:0 53734
53733 305 1:0 53735
53738 301 0:0 53739
53738 57315 0:0 53739
53738 303 1:0 53740
53743 57307 1:0 53744
53743 57314 0:0 53744
53743 305 0:0 53744
53743 57317 0:0 53744
53743 57316 0:0 53744
53743 311 1:0 53754
53743 317 1:0 53755
53745 755 1:0 53747
53749 755 0:0 53750
53750 313 1:0 53755
53750 315 1:0 53755
53754 755 1:0 53755
53756 57307 0:0 53758
53756 57318 0:0 53758
53756 303 0:0 53758
53757 57326 0:0 53758
53764 313 0:0 53766
53784 755 0:0 53785
53792 311 0:0 53794
53792 57327 0:0 53794
53792 315 0:0 53794
53798 57334 0:0 53799
53798 57331 0:0 53799
53798 57333 0:0 53799
53798 57336 0:0 53799
53798 319 1:0 53806
53809 57346 0:0 53810
53809 57340 0:0 53810
53809 57335 0:0 53810
53809 317 0:0 53810
53809 57320 0:0 53810
53809 323 1:0 53811
53814 319 0:0 53815
53814 57348 0:0 53815
53814 321 1:0 53816
53819 57347 0:0 53820
53819 57340 1:0 53820
53819 57350 0:0 53820
53819 323 0:0 53820
53819 57349 0:0 53820
53819 329 1:0 53830
53819 335 1:0 53831
53821 755 1:0 53823
53825 755 0:0 53826
53826 333 1:0 53831
53826 331 1:0 53831
53830 755 1:0 53831
53832 321 0:0 53834
53832 57340 0:0 53834
53832 57351 0:0 53834
53833 57359 0:0 53834
53840 331 0:0 53842
53860 755 0:0 53861
53868 333 0:0 53870
53868 57360 0:0 53870
53868 329 0:0 53870
53874 57366 0:0 53875
53874 57369 0:0 53875
53874 57364 0:0 53875
53874 57367 0:0 53875
53874 337 1:0 53882
53885 335 0:0 53886
53885 57379 0:0 53886
53885 57353 0:0 53886
53885 57368 0:0 53886
53885 341 1:0 53887
53888 57381 21:0 54114
53889 337 0:0 53891
53890 339 1:0 53892
53895 57382 0:0 53896
53895 341 0:0 53896
53895 57383 0:0 53896
53895 57380 0:0 53896
53895 347 1:0 53906
53895 353 1:0 53907
53897 755 1:0 53899
53901 755 0:0 53902
53902 349 1:0 53907
53902 351 1:0 53907
53906 755 1:0 53907
53908 339 0:0 53910
53908 57373 0:0 53910
53908 57384 0:0 53910
53909 57392 0:0 53910
53916 349 0:0 53918
53936 755 0:0 53937
53944 57393 0:0 53946
53944 347 0:0 53946
53944 351 0:0 53946
53950 57400 0:0 53951
53950 57399 0:0 53951
53950 57397 0:0 53951
53950 57402 0:0 53951
53950 355 1:0 53958
53961 57401 0:0 53962
53961 57412 0:0 53962
53961 57406 0:0 53962
53961 57386 0:0 53962
53961 353 0:0 53962
53961 359 1:0 53963
53966 57414 0:0 53967
53966 355 0:0 53967
53966 357 1:0 53968
53971 359 0:0 53972
53971 57406 1:0 53972
53971 57415 0:0 53972
53971 57416 0:0 53972
53971 57413 0:0 53972
53971 365 1:0 53982
53971 371 1:0 53983
53973 755 1:0 53975
53977 755 0:0 53978
53978 369 1:0 53983
53978 367 1:0 53983
53982 755 1:0 53983
53984 57417 0:0 53986
53984 57406 0:0 53986
53984 357 0:0 53986
53985 57425 0:0 53986
53992 367 0:0 53994
54012 755 0:0 54013
54020 365 0:0 54022
54020 57426 0:0 54022
54020 369 0:0 54022
54026 57432 0:0 54027
54026 57435 0:0 54027
54026 57430 0:0 54027
54026 57433 0:0 54027
54026 373 1:0 54034
54037 57445 0:0 54038
54037 57434 0:0 54038
54037 57419 0:0 54038
54037 57439 0:0 54038
54037 371 0:0 54038
54037 377 1:0 54039
54042 57447 0:0 54043
54042 373 0:0 54043
54042 375 1:0 54044
54047 57448 0:0 54048
54047 57446 0:0 54048
54047 377 0:0 54048
54047 57449 0:0 54048
54047 57439 1:0 54048
54047 383 1:0 54058
54047 389 1:0 54059
54049 755 1:0 54051
54053 755 0:0 54054
54054 387 1:0 54059
54054 385 1:0 54059
54058 755 1:0 54059
54060 375 0:0 54062
54060 57450 0:0 54062
54060 57439 0:0 54062
54061 57458 0:0 54062
54068 385 0:0 54070
54088 755 0:0 54089
54096 383 0:0 54098
54096 387 0:0 54098
54096 57459 0:0 54098
54102 57463 0:0 54103
54102 57465 0:0 54103
54102 57468 0:0 54103
54102 57466 0:0 54103
54102 391 1:0 54110
54113 389 0:0 54114
54113 57478 0:0 54114
54113 57452 0:0 54114
54113 57467 0:0 54114
54113 395 1:0 54115
54116 57480 21:0 54342
54117 391 0:0 54119
54118 393 1:0 54120
54123 57479 0:0 54124
54123 57481 0:0 54124
54123 395 0:0 54124
54123 57482 0:0 54124
54123 401 1:0 54134
54123 407 1:0 54135
54125 755 1:0 54127
54129 755 0:0 54130
54130 405 1:0 54135
54130 403 1:0 54135
54134 755 1:0 54135
54136 393 0:0 54138
54136 57472 0:0 54138
54136 57483 0:0 54138
54137 57491 0:0 54138
54144 403 0:0 54146
54164 755 0:0 54165
54172 405 0:0 54174
54172 401 0:0 54174
54172 57492 0:0 54174
54178 57501 0:0 54179
54178 57499 0:0 54179
54178 57498 0:0 54179
54178 57496 0:0 54179
54178 409 1:0 54186
54189 407 0:0 54190
54189 57505 0:0 54190
54189 57485 0:0 54190
54189 57500 0:0 54190
54189 57511 0:0 54190
54189 413 1:0 54191
54194 409 0:0 54195
54194 57513 0:0 54195
54194 411 1:0 54196
54199 57514 0:0 54200
54199 413 0:0 54200
54199 57505 1:0 54200
54199 57515 0:0 54200
54199 57512 0:0 54200
54199 419 1:0 54210
54199 425 1:0 54211
54201 755 1:0 54203
54205 755 0:0 54206
54206 421 1:0 54211
54206 423 1:0 54211
54210 755 1:0 54211
54212 57505 0:0 54214
54212 57516 0:0 54214
54212 411 0:0 54214
54213 57524 0:0 54214
54220 421 0:0 54222
54240 755 0:0 54241
54248 423 0:0 54250
54248 419 0:0 54250
54248 57525 0:0 54250
54254 57529 0:0 54255
54254 57534 0:0 54255
54254 57531 0:0 54255
54254 57532 0:0 54255
54254 427 1:0 54262
54265 57533 0:0 54266
54265 57544 0:0 54266
54265 425 0:0 54266
54265 57538 0:0 54266
54265 57518 0:0 54266
54265 431 1:0 54267
54270 57546 0:0 54271
54270 427 0:0 54271
54270 429 1:0 54272
54275 57547 0:0 54276
54275 57548 0:0 54276
54275 57538 1:0 54276
54275 431 0:0 54276
54275 57545 0:0 54276
54275 437 1:0 54286
54275 443 1:0 54287
54277 755 1:0 54279
54281 755 0:0 54282
54282 441 1:0 54287
54282 439 1:0 54287
54286 755 1:0 54287
54288 57538 0:0 54290
54288 57549 0:0 54290
54288 429 0:0 54290
54289 57557 0:0 54290
54296 439 0:0 54298
54316 755 0:0 54317
54324 441 0:0 54326
54324 57558 0:0 54326
54324 437 0:0 54326
54330 57565 0:0 54331
54330 57562 0:0 54331
54330 57567 0:0 54331
54330 57564 0:0 54331
54330 445 1:0 54338
54341 443 0:0 54342
54341 57551 0:0 54342
54341 57577 0:0 54342
54341 57566 0:0 54342
54341 449 1:0 54343
54344 57579 21:0 54570
54345 445 0:0 54347
54346 447 1:0 54348
54351 449 0:0 54352
54351 57581 0:0 54352
54351 57580 0:0 54352
54351 57578 0:0 54352
54351 455 1:0 54362
54351 461 1:0 54363
54353 755 1:0 54355
54357 755 0:0 54358
54358 459 1:0 54363
54358 457 1:0 54363
54362 755 1:0 54363
54364 57571 0:0 54366
54364 57582 0:0 54366
54364 447 0:0 54366
54365 57590 0:0 54366
54372 457 0:0 54374
54392 755 0:0 54393
54400 455 0:0 54402
54400 459 0:0 54402
54400 57591 0:0 54402
54406 57598 0:0 54407
54406 57595 0:0 54407
54406 57597 0:0 54407
54406 57600 0:0 54407
54406 463 1:0 54414
54417 57599 0:0 54418
54417 57584 0:0 54418
54417 461 0:0 54418
54417 57610 0:0 54418
54417 57604 0:0 54418
54417 467 1:0 54419
54422 463 0:0 54423
54422 57612 0:0 54423
54422 465 1:0 54424
54427 57614 0:0 54428
54427 467 0:0 54428
54427 57611 0:0 54428
54427 57613 0:0 54428
54427 57604 1:0 54428
54427 473 1:0 54438
54427 479 1:0 54439
54429 755 1:0 54431
54433 755 0:0 54434
54434 477 1:0 54439
54434 475 1:0 54439
54438 755 1:0 54439
54440 57615 0:0 54442
54440 57604 0:0 54442
54440 465 0:0 54442
54441 57623 0:0 54442
54448 475 0:0 54450
54468 755 0:0 54469
54476 57624 0:0 54478
54476 473 0:0 54478
54476 477 0:0 54478
54482 57633 0:0 54483
54482 57631 0:0 54483
54482 57628 0:0 54483
54482 57630 0:0 54483
54482 481 1:0 54490
54493 57637 0:0 54494
54493 479 0:0 54494
54493 57643 0:0 54494
54493 57632 0:0 54494
54493 57617 0:0 54494
54493 485 1:0 54495
54498 481 0:0 54499
54498 57645 0:0 54499
54498 483 1:0 54500
54503 57637 1:0 54504
54503 57644 0:0 54504
54503 485 0:0 54504
54503 57647 0:0 54504
54503 57646 0:0 54504
54503 491 1:0 54514
54503 497 1:0 54515
54505 755 1:0 54507
54509 755 0:0 54510
54510 495 1:0 54515
54510 493 1:0 54515
54514 755 1:0 54515
54516 57648 0:0 54518
54516 483 0:0 54518
54516 57637 0:0 54518
54517 57656 0:0 54518
54524 493 0:0 54526
54544 755 0:0 54545
54552 57657 0:0 54554
54552 495 0:0 54554
54552 491 0:0 54554
54558 57663 0:0 54559
54558 57661 0:0 54559
54558 57666 0:0 54559
54558 57664 0:0 54559
54558 499 1:0 54566
54569 497 0:0 54570
54569 57676 0:0 54570
54569 57665 0:0 54570
54569 57650 0:0 54570
54569 503 1:0 54571
54572 57678 21:0 54798
54573 499 0:0 54575
54574 501 1:0 54576
54579 57679 0:0 54580
54579 57680 0:0 54580
54579 503 0:0 54580
54579 57677 0:0 54580
54579 509 1:0 54590
54579 515 1:0 54591
54581 755 1:0 54583
54585 755 0:0 54586
54586 511 1:0 54591
54586 513 1:0 54591
54590 755 1:0 54591
54592 57670 0:0 54594
54592 57681 0:0 54594
54592 501 0:0 54594
54593 57689 0:0 54594
54600 511 0:0 54602
54620 755 0:0 54621
54628 57690 0:0 54630
54628 509 0:0 54630
54628 513 0:0 54630
54634 57696 0:0 54635
54634 57694 0:0 54635
54634 57697 0:0 54635
54634 57699 0:0 54635
54634 517 1:0 54642
54645 57683 0:0 54646
54645 57698 0:0 54646
54645 515 0:0 54646
54645 57703 0:0 54646
54645 57709 0:0 54646
54645 521 1:0 54647
54650 517 0:0 54651
54650 57711 0:0 54651
54650 519 1:0 54652
54655 57710 0:0 54656
54655 57713 0:0 54656
54655 57712 0:0 54656
54655 57703 1:0 54656
54655 521 0:0 54656
54655 527 1:0 54666
54655 533 1:0 54667
54657 755 1:0 54659
54661 755 0:0 54662
54662 529 1:0 54667
54662 531 1:0 54667
54666 755 1:0 54667
54668 57714 0:0 54670
54668 519 0:0 54670
54668 57703 0:0 54670
54669 57722 0:0 54670
54676 529 0:0 54678
54696 755 0:0 54697
54704 527 0:0 54706
54704 531 0:0 54706
54704 57723 0:0 54706
54710 57732 0:0 54711
54710 57727 0:0 54711
54710 57729 0:0 54711
54710 57730 0:0 54711
54710 535 1:0 54718
54721 57731 0:0 54722
54721 57742 0:0 54722
54721 533 0:0 54722
54721 57716 0:0 54722
54721 57736 0:0 54722
54721 539 1:0 54723
54726 535 0:0 54727
54726 57744 0:0 54727
54726 537 1:0 54728
54731 57736 1:0 54732
54731 57743 0:0 54732
54731 57745 0:0 54732
54731 539 0:0 54732
54731 57746 0:0 54732
54731 545 1:0 54742
54731 551 1:0 54743
54733 755 1:0 54735
54737 755 0:0 54738
54738 549 1:0 54743
54738 547 1:0 54743
54742 755 1:0 54743
54744 57736 0:0 54746
54744 537 0:0 54746
54744 57747 0:0 54746
54745 57755 0:0 54746
54752 547 0:0 54754
54772 755 0:0 54773
54780 549 0:0 54782
54780 57756 0:0 54782
54780 545 0:0 54782
54786 57765 0:0 54787
54786 57762 0:0 54787
54786 57760 0:0 54787
54786 57763 0:0 54787
54786 553 1:0 54794
54797 551 0:0 54798
54797 57764 0:0 54798
54797 57749 0:0 54798
54797 57775 0:0 54798
54797 557 1:0 54799
54800 57777 21:0 55026
54801 553 0:0 54803
54802 555 1:0 54804
54807 57779 0:0 54808
54807 57778 0:0 54808
54807 57776 0:0 54808
54807 557 0:0 54808
54807 563 1:0 54818
54807 569 1:0 54819
54809 755 1:0 54811
54813 755 0:0 54814
54814 567 1:0 54819
54814 565 1:0 54819
54818 755 1:0 54819
54820 555 0:0 54822
54820 57769 0:0 54822
54820 57780 0:0 54822
54821 57788 0:0 54822
54828 565 0:0 54830
54848 755 0:0 54849
54856 563 0:0 54858
54856 567 0:0 54858
54856 57789 0:0 54858
54862 57796 0:0 54863
54862 57798 0:0 54863
54862 57793 0:0 54863
54862 57795 0:0 54863
54862 571 1:0 54870
54862 37362 1:0 54895
54873 569 0:0 54874
54873 57802 0:0 54874
54873 57808 0:0 54874
54873 57782 0:0 54874
54873 57797 0:0 54874
54873 575 1:0 54875
54878 571 0:0 54879
54878 57810 0:0 54879
54878 573 1:0 54880
54883 57812 0:0 54884
54883 57802 1:0 54884
54883 57811 0:0 54884
54883 575 0:0 54884
54883 57809 0:0 54884
54883 581 1:0 54894
54885 755 1:0 54887
54889 755 0:0 54890
54890 583 1:0 54895
54890 585 1:0 54895
54894 755 1:0 54895
54896 57802 0:0 54898
54896 57813 0:0 54898
54896 573 0:0 54898
54897 57821 0:0 54898
54901 587 1:0 54931
54905 583 0:0 54906
54924 755 0:0 54925
54932 585 0:0 54934
54932 57822 0:0 54934
54933 581 0:0 54934
54938 57828 0:0 54939
54938 57831 0:0 54939
54938 57829 0:0 54939
54938 57826 0:0 54939
54938 589 1:0 54946
54938 37191 1:0 54971
54949 587 0:0 54950
54949 57815 0:0 54950
54949 57830 0:0 54950
54949 57841 0:0 54950
54949 57835 0:0 54950
54949 593 1:0 54951
54954 589 0:0 54955
54954 57843 0:0 54955
54954 591 1:0 54956
54959 57844 0:0 54960
54959 57845 0:0 54960
54959 57842 0:0 54960
54959 593 0:0 54960
54959 57835 1:0 54960
54959 599 1:0 54970
54961 755 1:0 54963
54965 755 0:0 54966
54966 601 1:0 54971
54966 603 1:0 54971
54970 755 1:0 54971
54972 57835 0:0 54974
54972 591 0:0 54974
54972 57846 0:0 54974
54973 57854 0:0 54974
54977 605 1:0 55007
54981 601 0:0 54982
55000 755 0:0 55001
55008 603 0:0 55010
55008 57855 0:0 55010
55009 599 0:0 55010
55014 57859 0:0 55015
55014 57864 0:0 55015
55014 57862 0:0 55015
55014 57861 0:0 55015
55014 607 1:0 55022
55014 37020 1:0 55047
55025 605 0:0 55026
55025 57848 0:0 55026
55025 57863 0:0 55026
55025 57874 0:0 55026
55025 611 1:0 55027
55028 57876 21:0 55254
55029 607 0:0 55031
55030 609 1:0 55032
55035 57878 0:0 55036
55035 57875 0:0 55036
55035 611 0:0 55036
55035 57877 0:0 55036
55035 617 1:0 55046
55037 755 1:0 55039
55041 755 0:0 55042
55042 619 1:0 55047
55042 621 1:0 55047
55046 755 1:0 55047
55048 57868 0:0 55050
55048 57879 0:0 55050
55048 609 0:0 55050
55049 57887 0:0 55050
55056 619 0:0 55058
55076 755 0:0 55077
55084 621 0:0 55086
55085 623 1:0 55087
55090 57895 0:0 55091
55090 57888 0:0 55091
55090 57892 0:0 55091
55090 57897 0:0 55091
55090 57894 0:0 55091
55090 617 0:0 55091
55090 625 1:0 55098
55090 36849 1:0 55123
55101 57881 0:0 55102
55101 57896 0:0 55102
55101 57907 0:0 55102
55101 623 0:0 55102
55101 57901 0:0 55102
55101 629 1:0 55103
55106 625 0:0 55107
55106 57909 0:0 55107
55106 627 1:0 55108
55111 57908 0:0 55112
55111 57911 0:0 55112
55111 57910 0:0 55112
55111 629 0:0 55112
55111 57901 1:0 55112
55111 635 1:0 55122
55113 755 1:0 55115
55117 755 0:0 55118
55118 637 1:0 55123
55118 639 1:0 55123
55122 755 1:0 55123
55124 57901 0:0 55126
55124 627 0:0 55126
55124 57912 0:0 55126
55125 57920 0:0 55126
55132 637 0:0 55134
55152 755 0:0 55153
55160 639 0:0 55162
55161 641 1:0 55163
55166 57928 0:0 55167
55166 57921 0:0 55167
55166 57927 0:0 55167
55166 57925 0:0 55167
55166 635 0:0 55167
55166 57930 0:0 55167
55166 643 1:0 55174
55177 57934 0:0 55178
55177 641 0:0 55178
55177 57929 0:0 55178
55177 57940 0:0 55178
55177 57914 0:0 55178
55177 647 1:0 55179
55177 36646 1:0 55404
55182 643 0:0 55183
55182 57942 0:0 55183
55182 645 1:0 55184
55187 657 1:0 55187
55187 655 1:0 55187
55187 57943 0:0 55188
55187 57944 0:0 55188
55187 647 0:0 55188
55187 57941 0:0 55188
55187 653 1:0 55188
55187 57934 1:0 55188
55189 755 1:0 55189
55193 755 0:0 55194
55198 755 1:0 55199
55200 645 0:0 55202
55200 57934 0:0 55202
55200 57945 0:0 55202
55201 57953 0:0 55202
55208 655 0:0 55210
55228 755 0:0 55229
55236 657 0:0 55238
55237 659 1:0 55237
55242 661 1:0 55242
55242 653 0:0 55243
55242 57961 0:0 55243
55242 57954 0:0 55243
55242 57960 0:0 55243
55242 57958 0:0 55243
55242 57963 0:0 55243
55253 665 1:0 55253
55253 57947 0:0 55254
55253 57962 0:0 55254
55253 57973 0:0 55254
55253 659 0:0 55254
55256 57975 21:0 55482
55257 661 0:0 55259
55258 663 1:0 55260
55263 675 1:0 55263
55263 673 1:0 55263
55263 665 0:0 55264
55263 57977 0:0 55264
55263 671 1:0 55264
55263 57976 0:0 55264
55263 57974 0:0 55264
55265 755 1:0 55265
55269 755 0:0 55270
55274 755 1:0 55275
55276 57978 0:0 55278
55276 663 0:0 55278
55276 57967 0:0 55278
55277 57986 0:0 55278
55284 673 0:0 55286
55304 755 0:0 55305
55312 675 0:0 55314
55313 677 1:0 55313
55318 57994 0:0 55319
55318 671 0:0 55319
55318 57996 0:0 55319
55318 57991 0:0 55319
55318 57987 0:0 55319
55318 57993 0:0 55319
55318 679 1:0 55326
55329 677 0:0 55330
55329 57995 0:0 55330
55329 58006 0:0 55330
55329 57980 0:0 55330
55329 58000 0:0 55330
55329 683 1:0 55331
55334 58008 0:0 55335
55334 679 0:0 55335
55334 681 1:0 55336
55339 691 1:0 55339
55339 693 1:0 55339
55339 58000 1:0 55340
55339 58007 0:0 55340
55339 683 0:0 55340
55339 58009 0:0 55340
55339 689 1:0 55340
55339 58010 0:0 55340
55341 755 1:0 55341
55345 755 0:0 55346
55350 755 1:0 55351
55352 58011 0:0 55354
55352 58000 0:0 55354
55352 681 0:0 55354
55353 58019 0:0 55354
55360 691 0:0 55362
55380 755 0:0 55381
55388 693 0:0 55390
55389 695 1:0 55391
55394 58020 0:0 55395
55394 689 0:0 55395
55394 58029 0:0 55395
55394 58027 0:0 55395
55394 58024 0:0 55395
55394 58026 0:0 55395
55394 697 1:0 55402
55405 701 1:0 55405
55405 695 0:0 55406
55405 58013 0:0 55406
55405 58028 0:0 55406
55405 58039 0:0 55406
55405 58033 0:0 55406
55405 54472 1:0 55514
55410 699 1:0 55410
55410 697 0:0 55411
55410 58041 0:0 55411
55415 709 1:0 55415
55415 58033 1:0 55416
55415 707 1:0 55416
55415 701 0:0 55416
55415 58043 0:0 55416
55415 58042 0:0 55416
55415 58040 0:0 55416
55417 755 1:0 55417
55421 755 0:0 55422
55426 755 1:0 55427
55428 58033 0:0 55430
55428 699 0:0 55430
55428 58044 0:0 55430
55429 58052 0:0 55430
55433 711 1:0 55434
55436 709 0:0 55438
55456 755 0:0 55457
55464 711 0:0 55466
55465 713 1:0 55465
55470 715 1:0 55470
55470 707 0:0 55471
55470 58062 0:0 55471
55470 58059 0:0 55471
55470 58057 0:0 55471
55470 58053 0:0 55471
55470 58060 0:0 55471
55481 719 1:0 55481
55481 713 0:0 55482
55481 58061 0:0 55482
55484 58074 0:0 55487
55486 717 1:0 55486
55489 58076 0:0 55492
55489 58075 0:0 55492
55491 54475 1:0 55492
55492 58077 0:0 55498
55500 36468 1:0 55500
55500 54471 1:0 55500
55500 54474 1:0 55500
55500 54473 1:0 55501
55501 717 0:0 55509
55504 36468 0:0 55509
55511 36472 1:0 55513
55512 719 0:0 55518
55515 36472 0:0 55518
55517 36582 1:0 55758
55520 54470 1:0 55520
55520 54459 1:0 55520
55520 713 1:0 55520
55520 54464 1:0 55520
55520 36475 1:0 55523
55521 715 0:0 55546
55525 36475 0:0 55546
55548 54460 1:0 55548
55548 709 1:0 55548
55548 36493 1:0 55548
55548 711 1:0 55548
55548 36502 1:0 55548
55548 755 1:0 55548
55548 54451 1:0 55549
55548 54455 1:0 55549
55548 54458 1:0 55549
55548 54457 1:0 55549
55549 713 0:0 55584
55552 36493 0:0 55584
55580 58096 0:0 55584
55584 711 0:0 55590
55587 36502 0:0 55590
55592 36504 1:0 55593
55593 709 0:0 55600
55597 36504 0:0 55600
55599 707 1:0 55600
55602 54450 1:0 55602
55602 58096 1:0 55602
55602 54444 1:0 55603
55602 36507 1:0 55603
55602 54442 1:0 55627
55628 707 0:0 55629
55628 36507 0:0 55629
55628 699 1:0 55629
55631 54438 1:0 55631
55631 36525 1:0 55631
55631 54440 1:0 55634
55631 54441 1:0 55635
55632 699 0:0 55640
55635 36525 0:0 55640
55639 701 1:0 55640
55642 36529 1:0 55642
55642 54439 1:0 55645
55646 36529 21:0 55865
55647 701 0:0 55649
55648 697 1:0 55649
55651 695 1:0 55651
55651 54437 1:0 55651
55651 54426 1:0 55651
55651 36532 1:0 55652
55651 54431 1:0 55652
55676 697 0:0 55677
55676 36532 0:0 55677
55679 36550 1:0 55679
55679 54418 1:0 55680
55679 54422 1:0 55680
55679 54424 1:0 55680
55679 54425 1:0 55680
55682 54427 1:0 55682
55710 58169 0:0 55712
55710 755 0:0 55712
55711 693 1:0 55712
55714 36559 1:0 55714
55714 58169 1:0 55715
55719 693 0:0 55721
55720 691 1:0 55721
55720 36559 0:0 55721
55723 36561 1:0 55724
55729 36550 0:0 55731
55730 58153 0:0 55731
55730 36561 0:0 55731
55730 695 0:0 55731
55730 691 0:0 55731
55730 58175 0:0 55731
55730 689 1:0 55731
55733 58175 1:0 55734
55733 36564 1:0 55736
55733 54417 1:0 55737
55733 54411 1:0 55742
55733 58153 1:0 55745
55733 54409 1:0 55758
55759 36564 0:0 55760
55759 681 1:0 55760
55759 689 0:0 55760
55759 54373 1:0 55907
55762 54405 1:0 55762
55762 54408 1:0 55762
55762 54407 1:0 55763
55769 681 0:0 55771
55769 58184 0:0 55771
55770 58197 0:0 55771
55770 36582 0:0 55771
55770 683 1:0 55771
55773 36586 1:0 55773
55773 58197 1:0 55774
55773 54406 1:0 55774
55778 683 0:0 55780
55779 58199 0:0 55780
55779 679 1:0 55780
55779 36586 0:0 55780
55782 54404 1:0 55782
55782 54393 1:0 55782
55782 58184 1:0 55782
55782 677 1:0 55782
55782 54398 1:0 55783
55782 58199 1:0 55783
55782 36589 1:0 55783
55807 36589 0:0 55808
55807 679 0:0 55808
55810 36607 1:0 55810
55810 54389 1:0 55811
55810 54391 1:0 55811
55810 54392 1:0 55811
55810 54385 1:0 55811
55813 54394 1:0 55813
55823 755 1:0 55824
55841 58226 0:0 55843
55841 755 0:0 55843
55842 675 1:0 55843
55845 36616 1:0 55845
55845 58226 1:0 55846
55850 675 0:0 55852
55851 36616 0:0 55852
55851 673 1:0 55852
55854 36618 1:0 55855
55860 36607 0:0 55862
55861 58232 0:0 55862
55861 671 1:0 55862
55861 58210 0:0 55862
55861 677 0:0 55862
55861 673 0:0 55862
55861 36618 0:0 55862
55864 58210 1:0 55864
55864 54384 1:0 55864
55864 54376 1:0 55865
55864 58232 1:0 55865
55864 36621 1:0 55865
55864 54378 1:0 55865
55890 663 1:0 55891
55890 36621 0:0 55891
55890 671 0:0 55891
55893 36639 1:0 55893
55893 54372 1:0 55893
55893 54375 1:0 55893
55893 54374 1:0 55894
55894 663 0:0 55902
55897 36639 0:0 55902
55901 665 1:0 55902
55904 36643 1:0 55906
55905 665 0:0 55911
55908 36643 0:0 55911
55910 661 1:0 55911
55910 36753 1:0 56151
55913 659 1:0 55913
55913 54365 1:0 55913
55913 54371 1:0 55913
55913 54360 1:0 55913
55914 661 0:0 55939
55918 36646 0:0 55939
55941 36664 1:0 55941
55941 655 1:0 55941
55941 54361 1:0 55941
55941 755 1:0 55941
55941 36673 1:0 55941
55941 657 1:0 55941
55941 54358 1:0 55942
55941 54352 1:0 55942
55941 54359 1:0 55942
55941 54356 1:0 55942
55942 659 0:0 55977
55945 36664 0:0 55977
55973 58267 0:0 55977
55977 657 0:0 55983
55980 36673 0:0 55983
55985 36675 1:0 55986
55986 655 0:0 55993
55990 36675 0:0 55993
55992 653 1:0 55993
55995 54351 1:0 55995
55995 58267 1:0 55995
55995 36678 1:0 55996
55995 54345 1:0 55996
55995 54343 1:0 56020
56021 36678 0:0 56022
56021 653 0:0 56022
56021 645 1:0 56022
56024 36696 1:0 56024
56024 54339 1:0 56024
56024 54341 1:0 56027
56024 54342 1:0 56028
56025 645 0:0 56033
56028 36696 0:0 56033
56032 647 1:0 56033
56035 36700 1:0 56035
56035 54340 1:0 56038
56036 647 0:0 56042
56039 36700 0:0 56042
56041 643 1:0 56042
56044 54327 1:0 56044
56044 54332 1:0 56044
56044 54338 1:0 56044
56044 641 1:0 56044
56044 36703 1:0 56045
56045 643 0:0 56070
56049 36703 0:0 56070
56072 637 1:0 56072
56072 36721 1:0 56072
56072 36730 1:0 56072
56072 54328 1:0 56072
56072 639 1:0 56072
56072 54325 1:0 56073
56072 54326 1:0 56073
56072 54319 1:0 56073
56072 54323 1:0 56073
56073 641 0:0 56108
56076 36721 0:0 56108
56104 755 21:0 56105
56104 58324 0:0 56108
56108 639 0:0 56114
56111 36730 0:0 56114
56116 36732 1:0 56117
56117 637 0:0 56124
56121 36732 0:0 56124
56123 635 1:0 56124
56126 36735 1:0 56129
56126 54318 1:0 56130
56126 54312 1:0 56135
56126 58324 1:0 56138
56126 54310 1:0 56151
56133 755 1:0 56151
56152 635 0:0 56153
56152 627 1:0 56153
56152 36735 0:0 56153
56152 54274 1:0 56300
56155 54309 1:0 56155
56155 54306 1:0 56156
56155 54308 1:0 56156
56156 627 21:0 56307
56162 58355 0:0 56164
56163 629 1:0 56164
56163 36753 0:0 56164
56163 58368 0:0 56164
56166 36757 1:0 56166
56166 58368 1:0 56167
56166 54307 1:0 56167
56171 629 0:0 56173
56172 36757 0:0 56173
56172 625 1:0 56173
56172 58370 0:0 56173
56175 58355 1:0 56175
56175 54305 1:0 56175
56175 623 1:0 56175
56175 54294 1:0 56175
56175 36760 1:0 56176
56175 58370 1:0 56176
56175 54299 1:0 56176
56200 625 0:0 56201
56200 36760 0:0 56201
56203 36778 1:0 56203
56203 54290 1:0 56204
56203 54293 1:0 56204
56203 54292 1:0 56204
56203 54286 1:0 56204
56206 54295 1:0 56206
56234 58397 0:0 56236
56234 755 0:0 56236
56235 621 1:0 56236
56238 36787 1:0 56238
56238 58397 1:0 56239
56243 621 0:0 56245
56244 36787 0:0 56245
56244 619 1:0 56245
56247 36789 1:0 56248
56253 36778 0:0 56255
56254 623 0:0 56255
56254 36789 0:0 56255
56254 619 0:0 56255
56254 58403 0:0 56255
56254 58381 0:0 56255
56254 617 1:0 56255
56257 54285 1:0 56257
56257 58381 1:0 56257
56257 36792 1:0 56258
56257 54279 1:0 56258
56257 54277 1:0 56258
56257 58403 1:0 56258
56283 617 0:0 56284
56283 36792 0:0 56284
56283 609 1:0 56284
56286 36810 1:0 56286
56286 54276 1:0 56286
56286 54273 1:0 56286
56286 54275 1:0 56287
56293 58412 0:0 56295
56293 609 0:0 56295
56294 611 1:0 56295
56294 36810 0:0 56295
56294 58425 0:0 56295
56297 36814 1:0 56299
56297 58425 1:0 56300
56302 611 0:0 56304
56303 36814 0:0 56304
56303 607 1:0 56304
56303 36924 1:0 56544
56306 36817 1:0 56306
56306 54266 1:0 56306
56306 605 1:0 56306
56306 54272 1:0 56306
56306 58412 1:0 56306
56306 54261 1:0 56306
56307 607 0:0 56332
56311 36817 0:0 56332
56334 36844 1:0 56334
56334 36835 1:0 56334
56334 54262 1:0 56334
56334 603 1:0 56334
56334 755 1:0 56334
56334 601 1:0 56334
56334 54259 1:0 56335
56334 54260 1:0 56335
56334 54257 1:0 56335
56334 54253 1:0 56335
56335 605 0:0 56370
56338 36835 0:0 56370
56366 58438 0:0 56370
56370 603 0:0 56376
56373 36844 0:0 56376
56378 36846 1:0 56379
56379 601 0:0 56386
56383 36846 0:0 56386
56385 599 1:0 56386
56388 58438 1:0 56388
56388 54252 1:0 56388
56388 54246 1:0 56389
56388 54244 1:0 56413
56401 599 0:0 56415
56401 36849 21:0 56429
56414 591 1:0 56415
56417 54240 1:0 56417
56417 36867 1:0 56417
56417 54242 1:0 56420
56417 54243 1:0 56421
56418 591 0:0 56426
56421 36867 0:0 56426
56424 58469 0:0 56426
56425 593 1:0 56426
56428 36871 1:0 56428
56428 54241 1:0 56431
56429 593 0:0 56435
56432 36871 0:0 56435
56434 589 1:0 56435
56437 58469 1:0 56437
56437 587 1:0 56437
56437 54239 1:0 56437
56437 54233 1:0 56437
56437 54228 1:0 56437
56437 36874 1:0 56438
56438 589 0:0 56463
56442 36874 0:0 56463
56465 585 1:0 56465
56465 583 1:0 56465
56465 54229 1:0 56465
56465 36901 1:0 56465
56465 36892 1:0 56465
56465 54227 1:0 56466
56465 54220 1:0 56466
56465 54226 1:0 56466
56465 54224 1:0 56466
56466 587 0:0 56501
56469 36892 0:0 56501
56497 755 21:0 56498
56497 58495 0:0 56501
56501 585 0:0 56507
56504 36901 0:0 56507
56509 36903 1:0 56510
56510 583 0:0 56517
56514 36903 0:0 56517
56516 581 1:0 56517
56519 36906 1:0 56522
56519 54219 1:0 56523
56519 54213 1:0 56528
56519 58495 1:0 56531
56519 54211 1:0 56544
56526 755 1:0 56544
56545 36906 0:0 56546
56545 581 0:0 56546
56545 573 1:0 56546
56545 54175 1:0 56693
56548 54210 1:0 56548
56548 54207 1:0 56549
56548 54209 1:0 56549
56549 573 21:0 56700
56555 58526 0:0 56557
56556 58539 0:0 56557
56556 575 1:0 56557
56556 36924 0:0 56557
56559 36928 1:0 56559
56559 58539 1:0 56560
56559 54208 1:0 56560
56564 575 0:0 56566
56565 58541 0:0 56566
56565 571 1:0 56566
56565 36928 0:0 56566
56568 569 1:0 56568
56568 54195 1:0 56568
56568 54206 1:0 56568
56568 58526 1:0 56568
56568 58541 1:0 56569
56568 36931 1:0 56569
56568 54200 1:0 56569
56593 36931 0:0 56594
56593 571 0:0 56594
56596 36949 1:0 56596
56596 54194 1:0 56597
56596 54193 1:0 56597
56596 54187 1:0 56597
56596 54191 1:0 56597
56599 54196 1:0 56599
56627 755 0:0 56629
56627 58568 0:0 56629
56628 567 1:0 56629
56631 36958 1:0 56631
56631 58568 1:0 56632
56636 567 0:0 56638
56637 565 1:0 56638
56637 36958 0:0 56638
56640 36960 1:0 56641
56646 36949 0:0 56648
56647 565 0:0 56648
56647 569 0:0 56648
56647 58574 0:0 56648
56647 58552 0:0 56648
56647 563 1:0 56648
56647 36960 0:0 56648
56650 58552 1:0 56650
56650 54186 1:0 56650
56650 58574 1:0 56651
56650 54178 1:0 56651
56650 36963 1:0 56651
56650 54180 1:0 56651
56676 36963 0:0 56677
56676 555 1:0 56677
56676 563 0:0 56677
56679 54177 1:0 56679
56679 54174 1:0 56679
56679 36981 1:0 56679
56679 54176 1:0 56680
56686 555 0:0 56688
56686 58583 0:0 56688
56687 36981 0:0 56688
56687 58596 0:0 56688
56687 557 1:0 56688
56690 36985 1:0 56692
56690 58596 1:0 56693
56695 557 0:0 56697
56696 36985 0:0 56697
56696 553 1:0 56697
56696 37095 1:0 56937
56699 551 1:0 56699
56699 36988 1:0 56699
56699 54167 1:0 56699
56699 58583 1:0 56699
56699 54162 1:0 56699
56699 54173 1:0 56699
56700 553 0:0 56725
56704 36988 0:0 56725
56727 54163 1:0 56727
56727 37015 1:0 56727
56727 755 1:0 56727
56727 547 1:0 56727
56727 549 1:0 56727
56727 37006 1:0 56727
56727 54161 1:0 56728
56727 54158 1:0 56728
56727 54160 1:0 56728
56727 54154 1:0 56728
56728 551 0:0 56763
56731 37006 0:0 56763
56759 58609 0:0 56763
56763 549 0:0 56769
56766 37015 0:0 56769
56771 37017 1:0 56772
56772 547 0:0 56779
56776 37017 0:0 56779
56778 545 1:0 56779
56781 58609 1:0 56781
56781 54153 1:0 56781
56781 54147 1:0 56782
56781 54145 1:0 56806
56794 545 0:0 56808
56807 37020 0:0 56808
56807 537 1:0 56808
56810 37038 1:0 56810
56810 54141 1:0 56810
56810 54143 1:0 56813
56810 54144 1:0 56814
56811 537 0:0 56819
56814 37038 0:0 56819
56818 539 1:0 56819
56821 37042 1:0 56821
56821 54142 1:0 56824
56822 539 0:0 56828
56825 37042 0:0 56828
56827 535 1:0 56828
56830 54134 1:0 56830
56830 533 1:0 56830
56830 54129 1:0 56830
56830 54140 1:0 56830
56830 37045 1:0 56831
56831 535 0:0 56856
56835 37045 0:0 56856
56858 531 1:0 56858
56858 37063 1:0 56858
56858 54130 1:0 56858
56858 529 1:0 56858
56858 37072 1:0 56858
56858 54121 1:0 56859
56858 54127 1:0 56859
56858 54125 1:0 56859
56858 54128 1:0 56859
56859 533 0:0 56894
56862 37063 0:0 56894
56890 755 21:0 56891
56890 58666 0:0 56894
56894 531 0:0 56900
56897 37072 0:0 56900
56902 37074 1:0 56903
56903 529 0:0 56910
56907 37074 0:0 56910
56909 527 1:0 56910
56912 37077 1:0 56915
56912 54120 1:0 56916
56912 54114 1:0 56921
56912 58666 1:0 56924
56912 54112 1:0 56937
56919 755 1:0 56937
56938 37077 0:0 56939
56938 527 0:0 56939
56938 519 1:0 56939
56938 54076 1:0 57086
56941 54108 1:0 56941
56941 54111 1:0 56941
56941 54110 1:0 56942
56945 37095 21:0 57093
56948 519 0:0 56950
56949 58710 0:0 56950
56949 521 1:0 56950
56952 37099 1:0 56952
56952 54109 1:0 56953
56952 58710 1:0 56953
56957 521 0:0 56959
56958 58712 0:0 56959
56958 517 1:0 56959
56958 37099 0:0 56959
56961 515 1:0 56961
56961 54107 1:0 56961
56961 54096 1:0 56961
56961 54101 1:0 56962
56961 37102 1:0 56962
56961 58712 1:0 56962
56986 517 0:0 56987
56986 37102 0:0 56987
56989 37120 1:0 56989
56989 54088 1:0 56990
56989 54092 1:0 56990
56989 54095 1:0 56990
56989 54094 1:0 56990
56992 54097 1:0 56992
57020 58739 0:0 57022
57020 755 0:0 57022
57021 513 1:0 57022
57024 37129 1:0 57024
57024 58739 1:0 57025
57029 513 0:0 57031
57030 37129 0:0 57031
57030 511 1:0 57031
57033 37131 1:0 57034
57039 37120 0:0 57041
57040 509 1:0 57041
57040 515 0:0 57041
57040 37131 0:0 57041
57040 511 0:0 57041
57040 58723 0:0 57041
57040 58745 0:0 57041
57043 54087 1:0 57043
57043 58723 1:0 57043
57043 37134 1:0 57044
57043 54079 1:0 57044
57043 58745 1:0 57044
57043 54081 1:0 57044
57069 37134 0:0 57070
57069 509 0:0 57070
57069 501 1:0 57070
57072 54078 1:0 57072
57072 37152 1:0 57072
57072 54075 1:0 57072
57072 54077 1:0 57073
57079 501 0:0 57081
57079 58754 0:0 57081
57080 37152 0:0 57081
57080 503 1:0 57081
57080 58767 0:0 57081
57083 37156 1:0 57085
57083 58767 1:0 57086
57088 503 0:0 57090
57089 499 1:0 57090
57089 37156 0:0 57090
57089 37266 1:0 57330
57092 54063 1:0 57092
57092 54068 1:0 57092
57092 58754 1:0 57092
57092 497 1:0 57092
57092 54074 1:0 57092
57092 37159 1:0 57093
57093 499 0:0 57118
57097 37159 0:0 57118
57120 37177 1:0 57120
57120 54064 1:0 57120
57120 755 1:0 57120
57120 495 1:0 57120
57120 37186 1:0 57120
57120 493 1:0 57120
57120 54061 1:0 57121
57120 54055 1:0 57121
57120 54059 1:0 57121
57120 54062 1:0 57121
57121 497 0:0 57156
57124 37177 0:0 57156
57152 58780 0:0 57156
57156 495 0:0 57162
57159 37186 0:0 57162
57164 37188 1:0 57165
57165 493 0:0 57172
57169 37188 0:0 57172
57171 491 1:0 57172
57174 54054 1:0 57174
57174 58780 1:0 57174
57174 54048 1:0 57175
57174 54046 1:0 57199
57187 491 0:0 57201
57200 37191 0:0 57201
57200 483 1:0 57201
57203 54042 1:0 57203
57203 37209 1:0 57203
57203 54044 1:0 57206
57203 54045 1:0 57207
57204 483 0:0 57212
57207 37209 0:0 57212
57211 485 1:0 57212
57214 37213 1:0 57214
57214 54043 1:0 57217
57215 485 0:0 57221
57218 37213 0:0 57221
57220 481 1:0 57221
57223 54035 1:0 57223
57223 54030 1:0 57223
57223 54041 1:0 57223
57223 479 1:0 57223
57223 37216 1:0 57224
57224 481 0:0 57249
57228 37216 0:0 57249
57251 37234 1:0 57251
57251 477 1:0 57251
57251 475 1:0 57251
57251 37243 1:0 57251
57251 54031 1:0 57251
57251 54026 1:0 57252
57251 54029 1:0 57252
57251 54022 1:0 57252
57251 54028 1:0 57252
57252 479 0:0 57287
57255 37234 0:0 57287
57283 755 21:0 57284
57283 58837 0:0 57287
57287 477 0:0 57293
57290 37243 0:0 57293
57295 37245 1:0 57296
57296 475 0:0 57303
57300 37245 0:0 57303
57302 473 1:0 57303
57305 37248 1:0 57308
57305 54021 1:0 57309
57305 54015 1:0 57314
57305 58837 1:0 57317
57305 54013 1:0 57330
57312 755 1:0 57330
57331 465 1:0 57332
57331 473 0:0 57332
57331 37248 0:0 57332
57331 53977 1:0 57479
57334 54012 1:0 57334
57334 54009 1:0 57334
57334 54011 1:0 57335
57338 37266 21:0 57486
57341 465 0:0 57343
57342 58881 0:0 57343
57342 467 1:0 57343
57345 37270 1:0 57345
57345 58881 1:0 57346
57345 54010 1:0 57346
57350 467 0:0 57352
57351 58883 0:0 57352
57351 37270 0:0 57352
57351 463 1:0 57352
57354 54008 1:0 57354
57354 53997 1:0 57354
57354 461 1:0 57354
57354 58883 1:0 57355
57354 54002 1:0 57355
57354 37273 1:0 57355
57379 37273 0:0 57380
57379 463 0:0 57380
57382 37291 1:0 57382
57382 53993 1:0 57383
57382 53995 1:0 57383
57382 53996 1:0 57383
57382 53989 1:0 57383
57385 53998 1:0 57385
57413 58910 0:0 57415
57413 755 0:0 57415
57414 459 1:0 57415
57417 37300 1:0 57417
57417 58910 1:0 57418
57422 459 0:0 57424
57423 37300 0:0 57424
57423 457 1:0 57424
57426 37302 1:0 57427
57432 37291 0:0 57434
57433 457 0:0 57434
57433 37302 0:0 57434
57433 461 0:0 57434
57433 58916 0:0 57434
57433 58894 0:0 57434
57433 455 1:0 57434
57436 58894 1:0 57436
57436 53988 1:0 57436
57436 53980 1:0 57437
57436 37305 1:0 57437
57436 58916 1:0 57437
57436 53982 1:0 57437
57462 37305 0:0 57463
57462 455 0:0 57463
57462 447 1:0 57463
57465 37323 1:0 57465
57465 53979 1:0 57465
57465 53976 1:0 57465
57465 53978 1:0 57466
57472 447 0:0 57474
57472 58925 0:0 57474
57473 449 1:0 57474
57473 58938 0:0 57474
57473 37323 0:0 57474
57476 37327 1:0 57478
57476 58938 1:0 57479
57481 449 0:0 57483
57482 445 1:0 57483
57482 37327 0:0 57483
57482 37437 1:0 57723
57485 58925 1:0 57485
57485 53964 1:0 57485
57485 443 1:0 57485
57485 53969 1:0 57485
57485 53975 1:0 57485
57485 37330 1:0 57486
57486 445 0:0 57511
57490 37330 0:0 57511
57513 755 1:0 57513
57513 37357 1:0 57513
57513 53965 1:0 57513
57513 439 1:0 57513
57513 441 1:0 57513
57513 37348 1:0 57513
57513 53963 1:0 57514
57513 53956 1:0 57514
57513 53962 1:0 57514
57513 53960 1:0 57514
57514 443 0:0 57549
57517 37348 0:0 57549
57545 58951 0:0 57549
57549 441 0:0 57555
57552 37357 0:0 57555
57557 37359 1:0 57558
57558 439 0:0 57565
57562 37359 0:0 57565
57564 437 1:0 57565
57567 53955 1:0 57567
57567 58951 1:0 57567
57567 53949 1:0 57568
57567 53947 1:0 57592
57580 437 0:0 57594
57593 37362 0:0 57594
57593 429 1:0 57594
57596 53943 1:0 57596
57596 37380 1:0 57596
57596 53945 1:0 57599
57596 53946 1:0 57600
57597 429 0:0 57605
57600 37380 0:0 57605
57604 431 1:0 57605
57607 37384 1:0 57607
57607 53944 1:0 57610
57608 431 0:0 57614
57611 37384 0:0 57614
57613 427 1:0 57614
57616 53931 1:0 57616
57616 53936 1:0 57616
57616 425 1:0 57616
57616 53942 1:0 57616
57616 37387 1:0 57617
57617 427 0:0 57642
57621 37387 0:0 57642
57644 421 1:0 57644
57644 37414 1:0 57644
57644 37405 1:0 57644
57644 423 1:0 57644
57644 53932 1:0 57644
57644 53929 1:0 57645
57644 53927 1:0 57645
57644 53930 1:0 57645
57644 53923 1:0 57645
57645 425 0:0 57680
57648 37405 0:0 57680
57676 755 21:0 57677
57676 59008 0:0 57680
57680 423 0:0 57686
57683 37414 0:0 57686
57688 37416 1:0 57689
57689 421 0:0 57696
57693 37416 0:0 57696
57695 419 1:0 57696
57698 37419 1:0 57701
57698 53922 1:0 57702
57698 53916 1:0 57707
57698 59008 1:0 57710
57698 53914 1:0 57723
57705 755 1:0 57723
57724 37419 0:0 57725
57724 411 1:0 57725
57724 419 0:0 57725
57724 53878 1:0 57872
57727 53913 1:0 57727
57727 53910 1:0 57727
57727 53912 1:0 57728
57731 37437 21:0 57879
57734 411 0:0 57736
57735 413 1:0 57736
57735 59052 0:0 57736
57738 37441 1:0 57738
57738 53911 1:0 57739
57738 59052 1:0 57739
57743 413 0:0 57745
57744 37441 0:0 57745
57744 59054 0:0 57745
57744 409 1:0 57745
57747 53909 1:0 57747
57747 407 1:0 57747
57747 53898 1:0 57747
57747 59054 1:0 57748
57747 53903 1:0 57748
57747 37444 1:0 57748
57772 37444 0:0 57773
57772 409 0:0 57773
57775 37462 1:0 57775
57775 53897 1:0 57776
57775 53894 1:0 57776
57775 53890 1:0 57776
57775 53896 1:0 57776
57778 53899 1:0 57778
57806 755 0:0 57808
57806 59081 0:0 57808
57807 405 1:0 57808
57810 37471 1:0 57810
57810 59081 1:0 57811
57815 405 0:0 57817
57816 37471 0:0 57817
57816 403 1:0 57817
57819 37473 1:0 57820
57825 37462 0:0 57827
57826 37473 0:0 57827
57826 59087 0:0 57827
57826 59065 0:0 57827
57826 403 0:0 57827
57826 407 0:0 57827
57826 401 1:0 57827
57829 53889 1:0 57829
57829 59065 1:0 57829
57829 37476 1:0 57830
57829 53881 1:0 57830
57829 53883 1:0 57830
57829 59087 1:0 57830
57855 393 1:0 57856
57855 401 0:0 57856
57855 37476 0:0 57856
57858 53877 1:0 57858
57858 37494 1:0 57858
57858 53880 1:0 57858
57858 53879 1:0 57859
57865 59096 0:0 57867
57865 393 0:0 57867
57866 37494 0:0 57867
57866 59109 0:0 57867
57866 395 1:0 57867
57869 37498 1:0 57871
57869 59109 1:0 57872
57874 395 0:0 57876
57875 391 1:0 57876
57875 37498 0:0 57876
57875 37608 1:0 58116
57878 59096 1:0 57878
57878 53865 1:0 57878
57878 53876 1:0 57878
57878 53870 1:0 57878
57878 389 1:0 57878
57878 37501 1:0 57879
57879 391 0:0 57904
57883 37501 0:0 57904
57906 37519 1:0 57906
57906 53866 1:0 57906
57906 387 1:0 57906
57906 385 1:0 57906
57906 37528 1:0 57906
57906 755 1:0 57906
57906 53857 1:0 57907
57906 53864 1:0 57907
57906 53863 1:0 57907
57906 53861 1:0 57907
57907 389 0:0 57942
57910 37519 0:0 57942
57938 59122 0:0 57942
57942 387 0:0 57948
57945 37528 0:0 57948
57950 37530 1:0 57951
57951 385 0:0 57958
57955 37530 0:0 57958
57957 383 1:0 57958
57960 59122 1:0 57960
57960 53856 1:0 57960
57960 53850 1:0 57961
57960 37533 1:0 57961
57960 53848 1:0 57985
57986 383 0:0 57987
57986 375 1:0 57987
57986 37533 0:0 57987
57989 37551 1:0 57989
57989 53844 1:0 57989
57989 53846 1:0 57992
57989 53847 1:0 57993
57990 375 0:0 57998
57993 37551 0:0 57998
57997 377 1:0 57998
58000 37555 1:0 58000
58000 53845 1:0 58003
58001 377 0:0 58007
58004 37555 0:0 58007
58006 373 1:0 58007
58009 371 1:0 58009
58009 53832 1:0 58009
58009 53843 1:0 58009
58009 53837 1:0 58009
58009 37558 1:0 58010
58010 373 0:0 58035
58014 37558 0:0 58035
58037 367 1:0 58037
58037 53833 1:0 58037
58037 37576 1:0 58037
58037 37585 1:0 58037
58037 369 1:0 58037
58037 53831 1:0 58038
58037 53824 1:0 58038
58037 53828 1:0 58038
58037 53830 1:0 58038
58038 371 0:0 58073
58041 37576 0:0 58073
58069 755 21:0 58070
58069 59179 0:0 58073
58073 369 0:0 58079
58076 37585 0:0 58079
58081 37587 1:0 58082
58082 367 0:0 58089
58086 37587 0:0 58089
58088 365 1:0 58089
58091 37590 1:0 58094
58091 53823 1:0 58095
58091 53817 1:0 58100
58091 59179 1:0 58103
58091 53815 1:0 58116
58098 755 1:0 58116
58117 357 1:0 58118
58117 37590 0:0 58118
58117 365 0:0 58118
58117 53779 1:0 58265
58120 53811 1:0 58120
58120 53814 1:0 58120
58120 53813 1:0 58121
58124 37608 21:0 58272
58127 357 0:0 58129
58128 59223 0:0 58129
58128 359 1:0 58129
58131 37612 1:0 58131
58131 53812 1:0 58132
58131 59223 1:0 58132
58136 359 0:0 58138
58137 355 1:0 58138
58137 59225 0:0 58138
58137 37612 0:0 58138
58140 53810 1:0 58140
58140 353 1:0 58140
58140 53799 1:0 58140
58140 53804 1:0 58141
58140 37615 1:0 58141
58140 59225 1:0 58141
58165 355 0:0 58166
58165 37615 0:0 58166
58168 37633 1:0 58168
58168 53795 1:0 58169
58168 53798 1:0 58169
58168 53797 1:0 58169
58168 53791 1:0 58169
58171 53800 1:0 58171
58199 59252 0:0 58201
58199 755 0:0 58201
58200 351 1:0 58201
58203 37642 1:0 58203
58203 59252 1:0 58204
58208 351 0:0 58210
58209 349 1:0 58210
58209 37642 0:0 58210
58212 37644 1:0 58213
58218 37633 0:0 58220
58219 59236 0:0 58220
58219 59258 0:0 58220
58219 37644 0:0 58220
58219 349 0:0 58220
58219 347 1:0 58220
58219 353 0:0 58220
58222 53790 1:0 58222
58222 59236 1:0 58222
58222 53782 1:0 58223
58222 53784 1:0 58223
58222 59258 1:0 58223
58222 37647 1:0 58223
58248 339 1:0 58249
58248 347 0:0 58249
58248 37647 0:0 58249
58251 53778 1:0 58251
58251 53781 1:0 58251
58251 37665 1:0 58251
58251 53780 1:0 58252
58258 59267 0:0 58260
58258 339 0:0 58260
58259 37665 0:0 58260
58259 59280 0:0 58260
58259 341 1:0 58260
58262 37669 1:0 58264
58262 59280 1:0 58265
58267 341 0:0 58269
58268 37669 0:0 58269
58268 337 1:0 58269
58268 37779 1:0 58509
58271 53771 1:0 58271
58271 59267 1:0 58271
58271 53777 1:0 58271
58271 335 1:0 58271
58271 53766 1:0 58271
58271 37672 1:0 58272
58272 337 0:0 58297
58276 37672 0:0 58297
58299 331 1:0 58299
58299 37690 1:0 58299
58299 333 1:0 58299
58299 37699 1:0 58299
58299 755 1:0 58299
58299 53767 1:0 58299
58299 53765 1:0 58300
58299 53758 1:0 58300
58299 53764 1:0 58300
58299 53762 1:0 58300
58300 335 0:0 58335
58303 37690 0:0 58335
58331 59293 0:0 58335
58335 333 0:0 58341
58338 37699 0:0 58341
58343 37701 1:0 58344
58344 331 0:0 58351
58348 37701 0:0 58351
58350 329 1:0 58351
58353 53757 1:0 58353
58353 59293 1:0 58353
58353 53751 1:0 58354
58353 37704 1:0 58354
58353 53749 1:0 58378
58379 37704 0:0 58380
58379 321 1:0 58380
58379 329 0:0 58380
58382 37722 1:0 58382
58382 53745 1:0 58382
58382 53747 1:0 58385
58382 53748 1:0 58386
58383 321 0:0 58391
58386 37722 0:0 58391
58390 323 1:0 58391
58393 37726 1:0 58393
58393 53746 1:0 58396
58394 323 0:0 58400
58397 37726 0:0 58400
58399 319 1:0 58400
58402 317 1:0 58402
58402 53744 1:0 58402
58402 53733 1:0 58402
58402 53738 1:0 58402
58402 37729 1:0 58403
58403 319 0:0 58428
58407 37729 0:0 58428
58430 53734 1:0 58430
58430 37747 1:0 58430
58430 37756 1:0 58430
58430 315 1:0 58430
58430 313 1:0 58430
58430 53731 1:0 58431
58430 53732 1:0 58431
58430 53729 1:0 58431
58430 53725 1:0 58431
58431 317 0:0 58466
58434 37747 0:0 58466
58462 755 21:0 58463
58462 59350 0:0 58466
58466 315 0:0 58472
58469 37756 0:0 58472
58474 37758 1:0 58475
58475 313 0:0 58482
58479 37758 0:0 58482
58481 311 1:0 58482
58484 37761 1:0 58487
58484 53724 1:0 58488
58484 53718 1:0 58493
58484 59350 1:0 58496
58484 53716 1:0 58509
58491 755 1:0 58509
58510 37761 0:0 58511
58510 311 0:0 58511
58510 303 1:0 58511
58510 53680 1:0 58658
58513 53715 1:0 58513
58513 53714 1:0 58514
58513 53712 1:0 58514
58514 303 21:0 58665
58520 59381 0:0 58522
58521 59394 0:0 58522
58521 37779 0:0 58522
58521 305 1:0 58522
58524 37783 1:0 58524
58524 53713 1:0 58525
58524 59394 1:0 58525
58529 305 0:0 58531
58530 59396 0:0 58531
58530 37783 0:0 58531
58530 301 1:0 58531
58533 53711 1:0 58533
58533 53700 1:0 58533
58533 299 1:0 58533
58533 59381 1:0 58533
58533 37786 1:0 58534
58533 59396 1:0 58534
58533 53705 1:0 58534
58558 301 0:0 58559
58558 37786 0:0 58559
58561 37804 1:0 58561
58561 53699 1:0 58562
58561 53698 1:0 58562
58561 53696 1:0 58562
58561 53692 1:0 58562
58564 53701 1:0 58564
58592 755 0:0 58594
58592 59423 0:0 58594
58593 297 1:0 58594
58596 37813 1:0 58596
58596 59423 1:0 58597
58601 297 0:0 58603
58602 295 1:0 58603
58602 37813 0:0 58603
58605 37815 1:0 58606
58611 37804 0:0 58613
58612 295 0:0 58613
58612 59407 0:0 58613
58612 299 0:0 58613
58612 59429 0:0 58613
58612 37815 0:0 58613
58612 293 1:0 58613
58615 59407 1:0 58615
58615 53691 1:0 58615
58615 59429 1:0 58616
58615 53685 1:0 58616
58615 37818 1:0 58616
58615 53683 1:0 58616
58641 285 1:0 58642
58641 293 0:0 58642
58641 37818 0:0 58642
58644 53679 1:0 58644
58644 37836 1:0 58644
58644 53682 1:0 58644
58644 53681 1:0 58645
58651 285 0:0 58653
58651 59438 0:0 58653
58652 37836 0:0 58653
58652 59451 0:0 58653
58652 287 1:0 58653
58655 37840 1:0 58657
58655 59451 1:0 58658
58660 287 0:0 58662
58661 283 1:0 58662
58661 37840 0:0 58662
58661 37950 1:0 58902
58664 53678 1:0 58664
58664 281 1:0 58664
58664 53672 1:0 58664
58664 59438 1:0 58664
58664 53667 1:0 58664
58664 37843 1:0 58665
58665 283 0:0 58690
58669 37843 0:0 58690
58692 53668 1:0 58692
58692 37870 1:0 58692
58692 37861 1:0 58692
58692 755 1:0 58692
58692 279 1:0 58692
58692 277 1:0 58692
58692 53659 1:0 58693
58692 53666 1:0 58693
58692 53663 1:0 58693
58692 53665 1:0 58693
58693 281 0:0 58728
58696 37861 0:0 58728
58724 59464 0:0 58728
58728 279 0:0 58734
58731 37870 0:0 58734
58736 37872 1:0 58737
58737 277 0:0 58744
58741 37872 0:0 58744
58743 275 1:0 58744
58746 59464 1:0 58746
58746 53658 1:0 58746
58746 37875 1:0 58747
58746 53652 1:0 58747
58746 53650 1:0 58771
58772 267 1:0 58773
58772 275 0:0 58773
58772 37875 0:0 58773
58775 37893 1:0 58775
58775 53646 1:0 58775
58775 53648 1:0 58778
58775 53649 1:0 58779
58776 267 0:0 58784
58779 37893 0:0 58784
58783 269 1:0 58784
58786 37897 1:0 58786
58786 53647 1:0 58789
58787 269 0:0 58793
58790 37897 0:0 58793
58792 265 1:0 58793
58795 53634 1:0 58795
58795 53645 1:0 58795
58795 53639 1:0 58795
58795 263 1:0 58795
58795 37900 1:0 58796
58796 265 0:0 58821
58800 37900 0:0 58821
58823 53635 1:0 58823
58823 261 1:0 58823
58823 259 1:0 58823
58823 37927 1:0 58823
58823 37918 1:0 58823
58823 53630 1:0 58824
58823 53626 1:0 58824
58823 53633 1:0 58824
58823 53632 1:0 58824
58824 263 0:0 58859
58827 37918 0:0 58859
58855 755 21:0 58856
58855 59521 0:0 58859
58859 261 0:0 58865
58862 37927 0:0 58865
58867 37929 1:0 58868
58868 259 0:0 58875
58872 37929 0:0 58875
58874 257 1:0 58875
58877 37932 1:0 58880
58877 53625 1:0 58881
58877 53619 1:0 58886
58877 59521 1:0 58889
58877 53617 1:0 58902
58884 755 1:0 58902
58903 37932 0:0 58904
58903 257 0:0 58904
58903 249 1:0 58904
58903 53581 1:0 59051
58906 53613 1:0 58906
58906 53616 1:0 58906
58906 53615 1:0 58907
58910 37950 21:0 59058
58913 249 0:0 58915
58914 59565 0:0 58915
58914 251 1:0 58915
58917 37954 1:0 58917
58917 53614 1:0 58918
58917 59565 1:0 58918
58922 251 0:0 58924
58923 37954 0:0 58924
58923 247 1:0 58924
58923 59567 0:0 58924
58926 245 1:0 58926
58926 53612 1:0 58926
58926 53601 1:0 58926
58926 53606 1:0 58927
58926 59567 1:0 58927
58926 37957 1:0 58927
58951 247 0:0 58952
58951 37957 0:0 58952
58954 37975 1:0 58954
58954 53599 1:0 58955
58954 53593 1:0 58955
58954 53600 1:0 58955
58954 53597 1:0 58955
58957 53602 1:0 58957
58985 755 0:0 58987
58985 59594 0:0 58987
58986 243 1:0 58987
58989 37984 1:0 58989
58989 59594 1:0 58990
58994 243 0:0 58996
58995 241 1:0 58996
58995 37984 0:0 58996
58998 37986 1:0 58999
59004 37975 0:0 59006
59005 241 0:0 59006
59005 245 0:0 59006
59005 59578 0:0 59006
59005 59600 0:0 59006
59005 239 1:0 59006
59005 37986 0:0 59006
59008 53592 1:0 59008
59008 59578 1:0 59008
59008 37989 1:0 59009
59008 53586 1:0 59009
59008 53584 1:0 59009
59008 59600 1:0 59009
59034 231 1:0 59035
59034 37989 0:0 59035
59034 239 0:0 59035
59037 38007 1:0 59037
59037 53583 1:0 59037
59037 53580 1:0 59037
59037 53582 1:0 59038
59044 59609 0:0 59046
59044 231 0:0 59046
59045 59622 0:0 59046
59045 38007 0:0 59046
59045 233 1:0 59046
59048 38011 1:0 59050
59048 59622 1:0 59051
59053 233 0:0 59055
59054 229 1:0 59055
59054 38011 0:0 59055
59054 38121 1:0 59295
59057 59609 1:0 59057
59057 53579 1:0 59057
59057 227 1:0 59057
59057 53573 1:0 59057
59057 53568 1:0 59057
59057 38014 1:0 59058
59058 229 0:0 59083
59062 38014 0:0 59083
59085 225 1:0 59085
59085 38032 1:0 59085
59085 53569 1:0 59085
59085 223 1:0 59085
59085 38041 1:0 59085
59085 755 1:0 59085
59085 53566 1:0 59086
59085 53564 1:0 59086
59085 53567 1:0 59086
59085 53560 1:0 59086
59086 227 0:0 59121
59089 38032 0:0 59121
59117 59635 0:0 59121
59121 225 0:0 59127
59124 38041 0:0 59127
59129 38043 1:0 59130
59130 223 0:0 59137
59134 38043 0:0 59137
59136 221 1:0 59137
59139 53559 1:0 59139
59139 59635 1:0 59139
59139 53553 1:0 59140
59139 38046 1:0 59140
59139 53551 1:0 59164
59165 38046 0:0 59166
59165 221 0:0 59166
59165 213 1:0 59166
59168 53547 1:0 59168
59168 38064 1:0 59168
59168 53549 1:0 59171
59168 53550 1:0 59172
59169 213 0:0 59177
59172 38064 0:0 59177
59176 215 1:0 59177
59179 38068 1:0 59179
59179 53548 1:0 59182
59180 215 0:0 59186
59183 38068 0:0 59186
59185 211 1:0 59186
59188 53540 1:0 59188
59188 209 1:0 59188
59188 53546 1:0 59188
59188 53535 1:0 59188
59188 38071 1:0 59189
59189 211 0:0 59214
59193 38071 0:0 59214
59216 38098 1:0 59216
59216 205 1:0 59216
59216 207 1:0 59216
59216 38089 1:0 59216
59216 53536 1:0 59216
59216 53534 1:0 59217
59216 53533 1:0 59217
59216 53531 1:0 59217
59216 53527 1:0 59217
59217 209 0:0 59252
59220 38089 0:0 59252
59248 755 21:0 59249
59248 59692 0:0 59252
59252 207 0:0 59258
59255 38098 0:0 59258
59260 38100 1:0 59261
59261 205 0:0 59268
59265 38100 0:0 59268
59267 203 1:0 59268
59270 38103 1:0 59273
59270 53526 1:0 59274
59270 53520 1:0 59279
59270 59692 1:0 59282
59270 53518 1:0 59295
59277 755 1:0 59295
59296 203 0:0 59297
59296 38103 0:0 59297
59296 195 1:0 59297
59296 53482 1:0 59444
59299 53517 1:0 59299
59299 53516 1:0 59300
59299 53514 1:0 59300
59300 195 21:0 59451
59306 59723 0:0 59308
59307 197 1:0 59308
59307 38121 0:0 59308
59307 59736 0:0 59308
59310 38125 1:0 59310
59310 59736 1:0 59311
59310 53515 1:0 59311
59315 197 0:0 59317
59316 38125 0:0 59317
59316 59738 0:0 59317
59316 193 1:0 59317
59319 53513 1:0 59319
59319 59723 1:0 59319
59319 191 1:0 59319
59319 53502 1:0 59319
59319 59738 1:0 59320
59319 53507 1:0 59320
59319 38128 1:0 59320
59344 38128 0:0 59345
59344 193 0:0 59345
59347 38146 1:0 59347
59347 53494 1:0 59348
59347 53501 1:0 59348
59347 53500 1:0 59348
59347 53498 1:0 59348
59350 53503 1:0 59350
59378 59765 0:0 59380
59378 755 0:0 59380
59379 189 1:0 59380
59382 38155 1:0 59382
59382 59765 1:0 59383
59387 189 0:0 59389
59388 187 1:0 59389
59388 38155 0:0 59389
59391 38157 1:0 59392
59397 38146 0:0 59399
59398 187 0:0 59399
59398 185 1:0 59399
59398 59749 0:0 59399
59398 191 0:0 59399
59398 59771 0:0 59399
59398 38157 0:0 59399
59401 53493 1:0 59401
59401 59749 1:0 59401
59401 53485 1:0 59402
59401 53487 1:0 59402
59401 59771 1:0 59402
59401 38160 1:0 59402
59427 177 1:0 59428
59427 185 0:0 59428
59427 38160 0:0 59428
59430 53481 1:0 59430
59430 53484 1:0 59430
59430 38178 1:0 59430
59430 53483 1:0 59431
59437 59780 0:0 59439
59437 177 0:0 59439
59438 59793 0:0 59439
59438 38178 0:0 59439
59438 179 1:0 59439
59441 38182 1:0 59443
59441 59793 1:0 59444
59446 179 0:0 59448
59447 38182 0:0 59448
59447 175 1:0 59448
59447 38292 1:0 59688
59450 53474 1:0 59450
59450 59780 1:0 59450
59450 173 1:0 59450
59450 53480 1:0 59450
59450 53469 1:0 59450
59450 38185 1:0 59451
59451 175 0:0 59476
59455 38185 0:0 59476
59478 171 1:0 59478
59478 38203 1:0 59478
59478 53470 1:0 59478
59478 38212 1:0 59478
59478 755 1:0 59478
59478 169 1:0 59478
59478 53465 1:0 59479
59478 53461 1:0 59479
59478 53468 1:0 59479
59478 53467 1:0 59479
59479 173 0:0 59514
59482 38203 0:0 59514
59510 59806 0:0 59514
59514 171 0:0 59520
59517 38212 0:0 59520
59522 38214 1:0 59523
59523 169 0:0 59530
59527 38214 0:0 59530
59529 167 1:0 59530
59532 59806 1:0 59532
59532 53460 1:0 59532
59532 38217 1:0 59533
59532 53454 1:0 59533
59532 53452 1:0 59557
59558 38217 0:0 59559
59558 167 0:0 59559
59558 159 1:0 59559
59561 53448 1:0 59561
59561 38235 1:0 59561
59561 53450 1:0 59564
59561 53451 1:0 59565
59562 159 0:0 59570
59565 38235 0:0 59570
59569 161 1:0 59570
59572 38239 1:0 59572
59572 53449 1:0 59575
59573 161 0:0 59579
59576 38239 0:0 59579
59578 157 1:0 59579
59581 155 1:0 59581
59581 53441 1:0 59581
59581 53436 1:0 59581
59581 53447 1:0 59581
59581 38242 1:0 59582
59582 157 0:0 59607
59586 38242 0:0 59607
59609 38260 1:0 59609
59609 38269 1:0 59609
59609 151 1:0 59609
59609 153 1:0 59609
59609 53437 1:0 59609
59609 53432 1:0 59610
59609 53435 1:0 59610
59609 53434 1:0 59610
59609 53428 1:0 59610
59610 155 0:0 59645
59613 38260 0:0 59645
59641 755 21:0 59642
59641 59863 0:0 59645
59645 153 0:0 59651
59648 38269 0:0 59651
59653 38271 1:0 59654
59654 151 0:0 59661
59658 38271 0:0 59661
59660 149 1:0 59661
59663 38274 1:0 59666
59663 53427 1:0 59667
59663 53421 1:0 59672
59663 59863 1:0 59675
59663 53419 1:0 59688
59670 755 1:0 59688
59689 149 0:0 59690
59689 141 1:0 59690
59689 38274 0:0 59690
59689 53383 1:0 59837
59692 53415 1:0 59692
59692 53418 1:0 59692
59692 53417 1:0 59693
59696 38292 21:0 59844
59699 141 0:0 59701
59700 59907 0:0 59701
59700 143 1:0 59701
59703 38296 1:0 59703
59703 59907 1:0 59704
59703 53416 1:0 59704
59708 143 0:0 59710
59709 59909 0:0 59710
59709 38296 0:0 59710
59709 139 1:0 59710
59712 137 1:0 59712
59712 53414 1:0 59712
59712 53403 1:0 59712
59712 59909 1:0 59713
59712 53408 1:0 59713
59712 38299 1:0 59713
59737 139 0:0 59738
59737 38299 0:0 59738
59740 38317 1:0 59740
59740 53399 1:0 59741
59740 53402 1:0 59741
59740 53395 1:0 59741
59740 53401 1:0 59741
59743 53404 1:0 59743
59771 59936 0:0 59773
59771 755 0:0 59773
59772 135 1:0 59773
59775 38326 1:0 59775
59775 59936 1:0 59776
59780 135 0:0 59782
59781 38326 0:0 59782
59781 133 1:0 59782
59784 38328 1:0 59785
59790 38317 0:0 59792
59791 38328 0:0 59792
59791 133 0:0 59792
59791 137 0:0 59792
59791 59942 0:0 59792
59791 59920 0:0 59792
59791 131 1:0 59792
59794 59920 1:0 59794
59794 53394 1:0 59794
59794 53386 1:0 59795
59794 59942 1:0 59795
59794 53388 1:0 59795
59794 38331 1:0 59795
59820 131 0:0 59821
59820 123 1:0 59821
59820 38331 0:0 59821
59823 38349 1:0 59823
59823 53382 1:0 59823
59823 53385 1:0 59823
59823 53384 1:0 59824
59830 123 0:0 59832
59830 59951 0:0 59832
59831 38349 0:0 59832
59831 125 1:0 59832
59831 59964 0:0 59832
59834 38353 1:0 59836
59834 59964 1:0 59837
59839 125 0:0 59841
59840 121 1:0 59841
59840 38353 0:0 59841
59840 38463 1:0 60081
59843 53370 1:0 59843
59843 59951 1:0 59843
59843 119 1:0 59843
59843 53381 1:0 59843
59843 53375 1:0 59843
59843 38356 1:0 59844
59844 121 0:0 59869
59848 38356 0:0 59869
59871 53371 1:0 59871
59871 117 1:0 59871
59871 115 1:0 59871
59871 755 1:0 59871
59871 38383 1:0 59871
59871 38374 1:0 59871
59871 53368 1:0 59872
59871 53369 1:0 59872
59871 53366 1:0 59872
59871 53362 1:0 59872
59872 119 0:0 59907
59875 38374 0:0 59907
59903 59977 0:0 59907
59907 117 0:0 59913
59910 38383 0:0 59913
59915 38385 1:0 59916
59916 115 0:0 59923
59920 38385 0:0 59923
59922 113 1:0 59923
59925 53361 1:0 59925
59925 59977 1:0 59925
59925 38388 1:0 59926
59925 53355 1:0 59926
59925 53353 1:0 59950
59951 38388 0:0 59952
59951 113 0:0 59952
59951 105 1:0 59952
59954 53349 1:0 59954
59954 38406 1:0 59954
59954 53351 1:0 59957
59954 53352 1:0 59958
59955 105 0:0 59963
59958 38406 0:0 59963
59962 107 1:0 59963
59965 38410 1:0 59965
59965 53350 1:0 59968
59966 107 0:0 59972
59969 38410 0:0 59972
59971 103 1:0 59972
59974 53337 1:0 59974
59974 53342 1:0 59974
59974 101 1:0 59974
59974 53348 1:0 59974
59974 38413 1:0 59975
59975 103 0:0 60000
59979 38413 0:0 60000
60002 53338 1:0 60002
60002 97 1:0 60002
60002 38440 1:0 60002
60002 99 1:0 60002
60002 38431 1:0 60002
60002 53333 1:0 60003
60002 53329 1:0 60003
60002 53336 1:0 60003
60002 53335 1:0 60003
60003 101 0:0 60038
60006 38431 0:0 60038
60034 755 21:0 60035
60034 60034 0:0 60038
60038 99 0:0 60044
60041 38440 0:0 60044
60046 38442 1:0 60047
60047 97 0:0 60054
60051 38442 0:0 60054
60053 95 1:0 60054
60056 38445 1:0 60059
60056 53328 1:0 60060
60056 53322 1:0 60065
60056 60034 1:0 60068
60056 53320 1:0 60081
60063 755 1:0 60081
60082 87 1:0 60083
60082 38445 0:0 60083
60082 95 0:0 60083
60082 53284 1:0 60230
60085 53319 1:0 60085
60085 53316 1:0 60085
60085 53318 1:0 60086
60089 38463 21:0 60237
60092 87 0:0 60094
60093 89 1:0 60094
60093 60078 0:0 60094
60096 38467 1:0 60096
60096 53317 1:0 60097
60096 60078 1:0 60097
60101 89 0:0 60103
60102 60080 0:0 60103
60102 38467 0:0 60103
60102 85 1:0 60103
60105 83 1:0 60105
60105 53304 1:0 60105
60105 53315 1:0 60105
60105 60080 1:0 60106
60105 53309 1:0 60106
60105 38470 1:0 60106
60130 85 0:0 60131
60130 38470 0:0 60131
60133 38488 1:0 60133
60133 53303 1:0 60134
60133 53300 1:0 60134
60133 53302 1:0 60134
60133 53296 1:0 60134
60136 53305 1:0 60136
60164 60107 0:0 60166
60164 755 0:0 60166
60165 81 1:0 60166
60168 38497 1:0 60168
60168 60107 1:0 60169
60173 81 0:0 60175
60174 38497 0:0 60175
60174 79 1:0 60175
60177 38499 1:0 60178
60183 38488 0:0 60185
60184 83 0:0 60185
60184 79 0:0 60185
60184 60091 0:0 60185
60184 38499 0:0 60185
60184 77 1:0 60185
60184 60113 0:0 60185
60187 60091 1:0 60187
60187 53295 1:0 60187
60187 60113 1:0 60188
60187 53289 1:0 60188
60187 38502 1:0 60188
60187 53287 1:0 60188
60213 69 1:0 60214
60213 77 0:0 60214
60213 38502 0:0 60214
60216 53286 1:0 60216
60216 38520 1:0 60216
60216 53283 1:0 60216
60216 53285 1:0 60217
60223 60122 0:0 60225
60223 69 0:0 60225
60224 60135 0:0 60225
60224 38520 0:0 60225
60224 71 1:0 60225
60227 38524 1:0 60229
60227 60135 1:0 60230
60232 71 0:0 60234
60233 38524 0:0 60234
60233 67 1:0 60234
60233 38634 1:0 60474
60236 65 1:0 60236
60236 53271 1:0 60236
60236 53282 1:0 60236
60236 53276 1:0 60236
60236 60122 1:0 60236
60236 38527 1:0 60237
60237 67 0:0 60262
60241 38527 0:0 60262
60264 63 1:0 60264
60264 755 1:0 60264
60264 38545 1:0 60264
60264 53272 1:0 60264
60264 38554 1:0 60264
60264 61 1:0 60264
60264 53263 1:0 60265
60264 53270 1:0 60265
60264 53267 1:0 60265
60264 53269 1:0 60265
60265 65 0:0 60300
60268 38545 0:0 60300
60296 60148 0:0 60300
60300 63 0:0 60306
60303 38554 0:0 60306
60308 38556 1:0 60309
60309 61 0:0 60316
60313 38556 0:0 60316
60315 59 1:0 60316
60318 53262 1:0 60318
60318 60148 1:0 60318
60318 38559 1:0 60319
60318 53256 1:0 60319
60318 53254 1:0 60343
60344 38559 0:0 60345
60344 59 0:0 60345
60344 51 1:0 60345
60347 38577 1:0 60347
60347 53250 1:0 60347
60347 53252 1:0 60350
60347 53253 1:0 60351
60348 51 0:0 60356
60351 38577 0:0 60356
60355 53 1:0 60356
60358 38581 1:0 60358
60358 53251 1:0 60361
60359 53 0:0 60365
60362 38581 0:0 60365
60364 49 1:0 60365
60367 47 1:0 60367
60367 53249 1:0 60367
60367 53243 1:0 60367
60367 53238 1:0 60367
60367 38584 1:0 60368
60368 49 0:0 60393
60372 38584 0:0 60393
60395 43 1:0 60395
60395 38602 1:0 60395
60395 45 1:0 60395
60395 53239 1:0 60395
60395 38611 1:0 60395
60395 53236 1:0 60396
60395 53234 1:0 60396
60395 53230 1:0 60396
60395 53237 1:0 60396
60396 47 0:0 60431
60399 38602 0:0 60431
60427 755 21:0 60428
60427 60205 0:0 60431
60431 45 0:0 60437
60434 38611 0:0 60437
60439 38613 1:0 60440
60440 43 0:0 60447
60444 38613 0:0 60447
60446 41 1:0 60447
60449 38616 1:0 60452
60449 53229 1:0 60453
60449 53223 1:0 60458
60449 60205 1:0 60461
60449 53221 1:0 60474
60456 755 1:0 60474
60475 33 1:0 60476
60475 41 0:0 60476
60475 38616 0:0 60476
60475 53185 1:0 60623
60478 53220 1:0 60478
60478 53217 1:0 60478
60478 53219 1:0 60479
60479 33 0:0 60487
60482 38634 0:0 60487
60486 35 1:0 60487
60489 38638 1:0 60489
60489 53218 1:0 60490
60490 35 0:0 60496
60493 38638 0:0 60496
60495 31 1:0 60496
60498 53205 1:0 60498
60498 53210 1:0 60498
60498 29 1:0 60498
60498 53216 1:0 60498
60498 38641 1:0 60499
60499 31 0:0 60524
60503 38641 0:0 60524
60526 53206 1:0 60526
60526 38659 1:0 60526
60526 25 1:0 60526
60526 27 1:0 60526
60526 38668 1:0 60526
60526 53197 1:0 60527
60526 53204 1:0 60527
60526 53203 1:0 60527
60526 53201 1:0 60527
60527 29 0:0 60562
60530 38659 0:0 60562
60558 755 21:0 60559
60558 60262 0:0 60562
60562 27 0:0 60568
60565 38668 0:0 60568
60570 38670 1:0 60571
60571 25 0:0 60578
60575 38670 0:0 60578
60577 23 1:0 60578
60580 53196 1:0 60580
60580 60262 1:0 60580
60580 38673 1:0 60581
60580 53188 1:0 60581
60580 53190 1:0 60581
60606 15 1:0 60607
60606 23 0:0 60607
60606 38673 0:0 60607
60609 38691 1:0 60609
60609 53187 1:0 60609
60609 53186 1:0 60610
60609 53184 1:0 60610
60610 15 0:0 60618
60613 38691 0:0 60618
60617 17 1:0 60618
60620 38695 1:0 60622
60621 17 0:0 60627
60624 38695 0:0 60627
60626 13 1:0 60627
60629 53183 1:0 60629
60629 53172 1:0 60629
60629 11 1:0 60629
60629 53177 1:0 60629
60629 38727 1:0 60629
60629 38698 1:0 60632
60630 13 0:0 60655
60634 38698 0:0 60655
60657 755 1:0 60657
60657 9 1:0 60657
60657 53173 1:0 60657
60657 38725 1:0 60657
60657 38716 1:0 60659
60657 53170 1:0 60662
60657 53168 1:0 60662
60657 53171 1:0 60662
60657 53164 1:0 60688
60658 11 0:0 60693
60661 38716 0:0 60693
60679 60319 0:0 60693
60680 755 21:0 60690
60693 9 0:0 60699
60696 38725 0:0 60699
60698 7 1:0 60699
60702 7 0:0 60709
60706 38727 0:0 60709
60708 5 1:0 60709
60711 38730 1:0 60714
60711 53163 1:0 60715
60711 53157 1:0 60720
60711 60319 1:0 60723
60711 58077 1:0 60738
60723 755 1:0 60738
60730 38748 1:0 60735
60739 38748 21:0 60740
60739 5 0:0 60740
60739 38730 0:0 60740
60739 717 1:0 60740
60739 36529 1:0 60976
60742 58076 1:0 60742
60742 36468 1:0 60742
60742 58075 1:0 60743
60743 717 0:0 60751
60746 36468 0:0 60751
60750 719 1:0 60751
60753 36472 1:0 60753
60753 58074 1:0 60754
60754 719 0:0 60760
60757 36472 0:0 60760
60759 715 1:0 60760
60762 58061 1:0 60762
60762 36475 1:0 60763
60763 715 0:0 60788
60767 36475 0:0 60788
60787 713 1:0 60788
60790 36493 1:0 60790
60790 58059 1:0 60791
60790 58053 1:0 60791
60790 58060 1:0 60791
60790 58057 1:0 60791
60793 58062 1:0 60793
60813 755 21:0 60823
60822 711 1:0 60823
60822 60377 0:0 60826
60822 713 0:0 60826
60822 36493 0:0 60826
60825 36502 1:0 60825
60831 709 1:0 60832
60834 36504 1:0 60835
60841 707 1:0 60842
60844 60377 1:0 60844
60844 58052 1:0 60844
60844 36468 1:0 60845
60844 715 1:0 60845
60844 719 1:0 60845
60844 36472 1:0 60845
60844 717 1:0 60845
60844 36493 1:0 60845
60844 713 1:0 60845
60844 36475 1:0 60845
60844 36507 1:0 60845
60879 707 0:0 60879
60907 58044 1:0 60959
60909 713 0:0 60909
60910 27954 1:0 60910
60911 27955 1:0 60911
60916 27955 0:0 60916
60919 715 0:0 60919
60919 27954 21:0 60919
60920 27956 1:0 60920
60921 27957 1:0 60921
60926 27957 0:0 60926
60929 717 0:0 60929
60929 27956 21:0 60929
60930 27958 1:0 60930
60931 27959 1:0 60931
60936 27959 0:0 60936
60939 719 0:0 60939
60939 27958 21:0 60939
60960 699 1:0 60961
60963 36525 1:0 60963
60963 58040 1:0 60964
60963 58042 1:0 60966
60963 58043 1:0 60967
60964 699 0:0 60972
60967 36525 0:0 60972
60971 701 1:0 60972
60974 58041 1:0 60977
60974 755 1:0 60979
60975 701 0:0 60981
60978 36529 0:0 60981
60980 697 1:0 60981
60980 36849 1:0 61180
60983 36532 1:0 60986
60983 58039 1:0 60987
60983 58033 1:0 60992
60983 58028 1:0 61007
60984 697 0:0 61009
60988 36532 0:0 61009
61008 695 1:0 61009
61011 36550 1:0 61013
61011 58026 1:0 61016
61011 58027 1:0 61016
61011 58024 1:0 61016
61011 58020 1:0 61042
61014 58029 1:0 61014
61034 755 21:0 61044
61043 693 1:0 61044
61043 60497 0:0 61047
61043 36550 0:0 61047
61043 695 0:0 61047
61046 36559 1:0 61046
61052 691 1:0 61053
61055 36561 1:0 61056
61062 689 1:0 61063
61065 36564 1:0 61068
61065 58019 1:0 61069
61065 58013 1:0 61074
61065 60497 1:0 61077
61065 695 1:0 61088
61065 699 1:0 61088
61065 701 1:0 61088
61065 697 1:0 61088
61065 36532 1:0 61130
61065 36525 1:0 61140
61070 36550 1:0 61120
61076 36529 1:0 61150
61100 689 0:0 61100
61128 58011 1:0 61180
61130 695 0:0 61130
61131 28101 1:0 61131
61132 28102 1:0 61132
61137 28102 0:0 61137
61140 697 0:0 61140
61140 28101 21:0 61140
61141 28103 1:0 61141
61142 28104 1:0 61142
61147 28104 0:0 61147
61150 699 0:0 61150
61150 28103 21:0 61150
61151 28105 1:0 61151
61152 28106 1:0 61152
61156 755 1:0 61180
61157 28106 0:0 61157
61160 701 0:0 61160
61160 28105 21:0 61160
61181 681 1:0 61182
61181 57975 1:0 61419
61184 58010 1:0 61184
61184 36582 1:0 61184
61184 58009 1:0 61185
61184 58007 1:0 61185
61185 681 0:0 61193
61188 36582 0:0 61193
61192 683 1:0 61193
61195 36586 1:0 61195
61195 58008 1:0 61196
61196 683 0:0 61202
61199 36586 0:0 61202
61201 679 1:0 61202
61204 57995 1:0 61204
61204 58006 1:0 61204
61204 36589 1:0 61205
61204 58000 1:0 61205
61205 679 0:0 61230
61209 36589 0:0 61230
61229 677 1:0 61230
61232 36607 1:0 61232
61232 57994 1:0 61233
61232 57991 1:0 61233
61232 57987 1:0 61233
61232 57993 1:0 61233
61235 57996 1:0 61235
61255 755 21:0 61265
61264 675 1:0 61265
61264 60617 0:0 61268
61264 36607 0:0 61268
61264 677 0:0 61268
61267 36616 1:0 61267
61273 673 1:0 61274
61276 36618 1:0 61277
61283 671 1:0 61284
61286 60617 1:0 61286
61286 57986 1:0 61286
61286 683 1:0 61287
61286 57978 1:0 61287
61286 36621 1:0 61287
61286 677 1:0 61287
61286 57980 1:0 61287
61286 36582 1:0 61287
61286 681 1:0 61287
61286 679 1:0 61287
61286 36607 1:0 61287
61286 36589 1:0 61287
61286 36586 1:0 61287
61313 28241 1:0 61313
61318 28241 21:0 61318
61321 671 0:0 61321
61351 677 0:0 61351
61352 28248 1:0 61352
61353 28249 1:0 61353
61358 28249 0:0 61358
61361 679 0:0 61361
61361 28248 21:0 61361
61362 28250 1:0 61362
61363 28251 1:0 61363
61368 28251 0:0 61368
61371 681 0:0 61371
61371 28250 21:0 61371
61372 28252 1:0 61372
61373 28253 1:0 61373
61378 28253 0:0 61378
61381 683 0:0 61381
61381 28252 21:0 61381
61402 663 1:0 61403
61405 57977 1:0 61405
61405 36639 1:0 61405
61405 57974 1:0 61406
61405 57976 1:0 61406
61413 665 1:0 61414
61416 36643 1:0 61418
61416 755 1:0 61421
61422 661 1:0 61423
61422 627 1:0 61843
61425 57962 1:0 61425
61425 57973 1:0 61425
61425 36646 1:0 61426
61425 57967 1:0 61426
61450 659 1:0 61451
61453 36664 1:0 61453
61453 57961 1:0 61454
61453 57954 1:0 61454
61453 57960 1:0 61454
61453 57958 1:0 61454
61456 57963 1:0 61456
61485 657 1:0 61486
61488 36673 1:0 61488
61494 655 1:0 61495
61497 36675 1:0 61498
61504 653 1:0 61505
61507 57953 1:0 61507
61507 57947 1:0 61508
61507 36678 1:0 61508
61533 28387 1:0 61533
61534 28388 1:0 61534
61539 28388 21:0 61539
61542 653 0:0 61542
61542 28387 21:0 61542
61570 57945 1:0 61622
61572 659 0:0 61572
61573 28395 1:0 61573
61574 28396 1:0 61574
61579 28396 0:0 61579
61582 661 0:0 61582
61582 28395 21:0 61582
61583 28397 1:0 61583
61584 28398 1:0 61584
61589 28398 0:0 61589
61592 663 0:0 61592
61592 28397 21:0 61592
61593 28399 1:0 61593
61594 28400 1:0 61594
61599 28400 0:0 61599
61602 665 0:0 61602
61602 28399 21:0 61602
61623 645 1:0 61624
61626 36696 1:0 61626
61626 57941 1:0 61627
61626 57943 1:0 61629
61626 57944 1:0 61630
61627 645 0:0 61635
61630 36696 0:0 61635
61634 647 1:0 61635
61637 36700 1:0 61637
61637 57942 1:0 61640
61638 647 0:0 61644
61641 36700 0:0 61644
61643 643 1:0 61644
61646 57940 1:0 61646
61646 57929 1:0 61646
61646 57934 1:0 61647
61646 36703 1:0 61647
61647 643 0:0 61672
61651 36703 0:0 61672
61671 641 1:0 61672
61674 36721 1:0 61674
61674 57925 1:0 61675
61674 57921 1:0 61675
61674 57928 1:0 61675
61674 57927 1:0 61675
61677 57930 1:0 61677
61697 755 21:0 61707
61706 639 1:0 61707
61706 60857 0:0 61710
61706 36721 0:0 61710
61706 641 0:0 61710
61709 36730 1:0 61709
61715 637 1:0 61716
61718 36732 1:0 61719
61725 635 1:0 61726
61728 36735 1:0 61731
61728 57920 1:0 61732
61728 57914 1:0 61737
61728 60857 1:0 61740
61728 643 1:0 61751
61728 647 1:0 61751
61728 641 1:0 61751
61728 645 1:0 61751
61728 36703 1:0 61793
61728 36696 1:0 61803
61733 36721 1:0 61783
61739 36700 1:0 61813
61754 28534 1:0 61754
61755 28535 1:0 61755
61760 28535 21:0 61760
61763 28534 21:0 61763
61791 57912 1:0 61843
61793 641 0:0 61793
61794 28542 1:0 61794
61795 28543 1:0 61795
61800 28543 0:0 61800
61803 643 0:0 61803
61803 28542 21:0 61803
61804 28544 1:0 61804
61805 28545 1:0 61805
61810 28545 0:0 61810
61813 645 0:0 61813
61813 28544 21:0 61813
61814 28546 1:0 61814
61815 28547 1:0 61815
61819 755 1:0 61843
61820 28547 0:0 61820
61823 647 0:0 61823
61823 28546 21:0 61823
61844 57876 1:0 62082
61847 57911 1:0 61847
61847 36753 1:0 61847
61847 57910 1:0 61848
61847 57908 1:0 61848
61848 627 0:0 61856
61851 36753 0:0 61856
61855 629 1:0 61856
61858 36757 1:0 61858
61858 57909 1:0 61859
61859 629 0:0 61865
61862 36757 0:0 61865
61864 625 1:0 61865
61867 57896 1:0 61867
61867 57907 1:0 61867
61867 57901 1:0 61868
61867 36760 1:0 61868
61868 625 0:0 61893
61872 36760 0:0 61893
61892 623 1:0 61893
61895 36778 1:0 61895
61895 57892 1:0 61896
61895 57888 1:0 61896
61895 57895 1:0 61896
61895 57894 1:0 61896
61898 57897 1:0 61898
61918 755 21:0 61928
61927 621 1:0 61928
61927 60977 0:0 61931
61927 623 0:0 61931
61927 36778 0:0 61931
61930 36787 1:0 61930
61936 619 1:0 61937
61939 36789 1:0 61940
61946 617 1:0 61947
61949 57887 1:0 61949
61949 60977 1:0 61949
61949 627 1:0 61950
61949 625 1:0 61950
61949 623 1:0 61950
61949 36757 1:0 61950
61949 36753 1:0 61950
61949 36792 1:0 61950
61949 36760 1:0 61950
61949 629 1:0 61950
61949 36778 1:0 61950
61949 57881 1:0 61950
61949 57879 1:0 61950
61976 28682 1:0 61976
61981 28682 21:0 61981
62015 28689 1:0 62015
62016 28690 1:0 62016
62021 28690 0:0 62021
62024 625 0:0 62024
62024 28689 21:0 62024
62025 28691 1:0 62025
62026 28692 1:0 62026
62031 28692 0:0 62031
62034 627 0:0 62034
62034 28691 21:0 62034
62035 28693 1:0 62035
62036 28694 1:0 62036
62041 28694 0:0 62041
62044 629 0:0 62044
62044 28693 21:0 62044
62065 609 1:0 62066
62068 57878 1:0 62068
62068 36810 1:0 62068
62068 57877 1:0 62069
62068 57875 1:0 62069
62076 611 1:0 62077
62079 36814 1:0 62081
62079 755 1:0 62084
62085 607 1:0 62086
62085 573 1:0 62506
62088 57863 1:0 62088
62088 57874 1:0 62088
62088 36817 1:0 62089
62088 57868 1:0 62089
62113 605 1:0 62114
62116 36835 1:0 62116
62116 57859 1:0 62117
62116 57862 1:0 62117
62116 57861 1:0 62117
62116 57855 1:0 62117
62119 57864 1:0 62119
62148 603 1:0 62149
62151 36844 1:0 62151
62157 601 1:0 62158
62160 36846 1:0 62161
62167 599 1:0 62168
62170 57854 1:0 62170
62170 57848 1:0 62171
62196 28828 1:0 62196
62197 28829 1:0 62197
62202 28829 21:0 62202
62205 28828 21:0 62205
62233 57846 1:0 62285
62236 28836 1:0 62236
62237 28837 1:0 62237
62242 28837 0:0 62242
62245 607 0:0 62245
62245 28836 21:0 62245
62246 28838 1:0 62246
62247 28839 1:0 62247
62252 28839 0:0 62252
62255 609 0:0 62255
62255 28838 21:0 62255
62256 28840 1:0 62256
62257 28841 1:0 62257
62262 28841 0:0 62262
62265 611 0:0 62265
62265 28840 21:0 62265
62286 591 1:0 62287
62289 36867 1:0 62289
62289 57842 1:0 62290
62289 57844 1:0 62292
62289 57845 1:0 62293
62290 591 0:0 62298
62293 36867 0:0 62298
62297 593 1:0 62298
62300 36871 1:0 62300
62300 57843 1:0 62303
62301 593 0:0 62307
62304 36871 0:0 62307
62306 589 1:0 62307
62309 57830 1:0 62309
62309 57841 1:0 62309
62309 36874 1:0 62310
62309 57835 1:0 62310
62310 589 0:0 62335
62314 36874 0:0 62335
62334 587 1:0 62335
62337 36892 1:0 62337
62337 57826 1:0 62338
62337 57822 1:0 62338
62337 57829 1:0 62338
62337 57828 1:0 62338
62340 57831 1:0 62340
62360 755 21:0 62370
62369 585 1:0 62370
62369 61217 0:0 62373
62369 587 0:0 62373
62369 36892 0:0 62373
62372 36901 1:0 62372
62378 583 1:0 62379
62381 36903 1:0 62382
62388 581 1:0 62389
62391 36906 1:0 62394
62391 57821 1:0 62395
62391 57815 1:0 62400
62391 61217 1:0 62403
62391 587 1:0 62414
62391 589 1:0 62414
62391 593 1:0 62414
62391 591 1:0 62414
62391 36874 1:0 62456
62391 36867 1:0 62466
62396 36892 1:0 62446
62402 36871 1:0 62476
62417 28975 1:0 62417
62418 28976 1:0 62418
62423 28976 21:0 62423
62426 28975 21:0 62426
62454 57813 1:0 62506
62457 28983 1:0 62457
62458 28984 1:0 62458
62463 28984 0:0 62463
62466 589 0:0 62466
62466 28983 21:0 62466
62467 28985 1:0 62467
62468 28986 1:0 62468
62473 28986 0:0 62473
62476 591 0:0 62476
62476 28985 21:0 62476
62477 28987 1:0 62477
62478 28988 1:0 62478
62482 755 1:0 62506
62483 28988 0:0 62483
62486 593 0:0 62486
62486 28987 21:0 62486
62507 57777 1:0 62745
62510 57812 1:0 62510
62510 36924 1:0 62510
62510 57809 1:0 62511
62510 57811 1:0 62511
62511 573 0:0 62519
62514 36924 0:0 62519
62518 575 1:0 62519
62521 36928 1:0 62521
62521 57810 1:0 62522
62522 575 0:0 62528
62525 36928 0:0 62528
62527 571 1:0 62528
62530 57797 1:0 62530
62530 57808 1:0 62530
62530 36931 1:0 62531
62530 57802 1:0 62531
62531 571 0:0 62556
62535 36931 0:0 62556
62555 569 1:0 62556
62558 36949 1:0 62558
62558 57789 1:0 62559
62558 57795 1:0 62559
62558 57793 1:0 62559
62558 57796 1:0 62559
62561 57798 1:0 62561
62581 755 21:0 62591
62590 567 1:0 62591
62590 569 0:0 62594
62590 36949 0:0 62594
62590 61337 0:0 62594
62593 36958 1:0 62593
62599 565 1:0 62600
62602 36960 1:0 62603
62609 563 1:0 62610
62612 57788 1:0 62612
62612 61337 1:0 62612
62612 57782 1:0 62613
62612 36924 1:0 62613
62612 36928 1:0 62613
62612 57780 1:0 62613
62612 569 1:0 62613
62612 571 1:0 62613
62612 36949 1:0 62613
62612 36963 1:0 62613
62612 575 1:0 62613
62612 573 1:0 62613
62612 36931 1:0 62613
62638 29122 1:0 62638
62639 29123 1:0 62639
62644 29123 21:0 62644
62647 29122 21:0 62647
62669 29129 1:0 62669
62674 29129 21:0 62674
62678 29130 1:0 62678
62679 29131 1:0 62679
62684 29131 0:0 62684
62687 571 0:0 62687
62687 29130 21:0 62687
62688 29132 1:0 62688
62689 29133 1:0 62689
62694 29133 0:0 62694
62697 573 0:0 62697
62697 29132 21:0 62697
62698 29134 1:0 62698
62699 29135 1:0 62699
62704 29135 0:0 62704
62707 575 0:0 62707
62707 29134 21:0 62707
62728 555 1:0 62729
62731 57779 1:0 62731
62731 36981 1:0 62731
62731 57776 1:0 62732
62731 57778 1:0 62732
62739 557 1:0 62740
62742 36985 1:0 62744
62742 755 1:0 62747
62748 553 1:0 62749
62748 37095 1:0 63169
62751 57775 1:0 62751
62751 57764 1:0 62751
62751 36988 1:0 62752
62751 57769 1:0 62752
62776 551 1:0 62777
62779 37006 1:0 62779
62779 57762 1:0 62780
62779 57760 1:0 62780
62779 57763 1:0 62780
62779 57756 1:0 62780
62782 57765 1:0 62782
62811 549 1:0 62812
62814 37015 1:0 62814
62820 547 1:0 62821
62823 37017 1:0 62824
62830 545 1:0 62831
62833 57755 1:0 62833
62833 37020 1:0 62834
62833 57749 1:0 62834
62859 29269 1:0 62859
62860 29270 1:0 62860
62865 29270 21:0 62865
62868 29269 21:0 62868
62896 57747 1:0 62948
62899 29277 1:0 62899
62900 29278 1:0 62900
62905 29278 0:0 62905
62908 553 0:0 62908
62908 29277 21:0 62908
62909 29279 1:0 62909
62910 29280 1:0 62910
62915 29280 0:0 62915
62918 555 0:0 62918
62918 29279 21:0 62918
62919 29281 1:0 62919
62920 29282 1:0 62920
62925 29282 0:0 62925
62928 557 0:0 62928
62928 29281 21:0 62928
62949 537 1:0 62950
62952 37038 1:0 62952
62952 57743 1:0 62953
62952 57745 1:0 62955
62952 57746 1:0 62956
62953 537 0:0 62961
62956 37038 0:0 62961
62960 539 1:0 62961
62963 37042 1:0 62963
62963 57744 1:0 62966
62964 539 0:0 62970
62967 37042 0:0 62970
62969 535 1:0 62970
62972 57731 1:0 62972
62972 57742 1:0 62972
62972 57736 1:0 62973
62972 37045 1:0 62973
62973 535 0:0 62998
62977 37045 0:0 62998
62997 533 1:0 62998
63000 37063 1:0 63000
63000 57723 1:0 63001
63000 57727 1:0 63001
63000 57729 1:0 63001
63000 57730 1:0 63001
63003 57732 1:0 63003
63023 755 21:0 63033
63032 531 1:0 63033
63032 533 0:0 63036
63032 61577 0:0 63036
63032 37063 0:0 63036
63035 37072 1:0 63035
63041 529 1:0 63042
63044 37074 1:0 63045
63051 527 1:0 63052
63054 37077 1:0 63057
63054 57722 1:0 63058
63054 57716 1:0 63063
63054 61577 1:0 63066
63054 539 1:0 63077
63054 537 1:0 63077
63054 535 1:0 63077
63054 533 1:0 63077
63054 37045 1:0 63119
63054 37038 1:0 63129
63059 37063 1:0 63109
63065 37042 1:0 63139
63081 29417 1:0 63081
63086 29417 21:0 63086
63111 29423 1:0 63111
63116 29423 21:0 63116
63117 57714 1:0 63169
63120 29424 1:0 63120
63121 29425 1:0 63121
63126 29425 0:0 63126
63129 535 0:0 63129
63129 29424 21:0 63129
63130 29426 1:0 63130
63131 29427 1:0 63131
63136 29427 0:0 63136
63139 537 0:0 63139
63139 29426 21:0 63139
63140 29428 1:0 63140
63141 29429 1:0 63141
63145 755 1:0 63169
63146 29429 0:0 63146
63149 539 0:0 63149
63149 29428 21:0 63149
63170 519 1:0 63171
63170 57678 1:0 63408
63173 57713 1:0 63173
63173 57710 1:0 63174
63173 57712 1:0 63174
63174 519 0:0 63182
63177 37095 0:0 63182
63181 521 1:0 63182
63184 37099 1:0 63184
63184 57711 1:0 63185
63185 521 0:0 63191
63188 37099 0:0 63191
63190 517 1:0 63191
63193 57698 1:0 63193
63193 57709 1:0 63193
63193 37102 1:0 63194
63193 57703 1:0 63194
63194 517 0:0 63219
63198 37102 0:0 63219
63218 515 1:0 63219
63221 37120 1:0 63221
63221 57694 1:0 63222
63221 57697 1:0 63222
63221 57690 1:0 63222
63221 57696 1:0 63222
63224 57699 1:0 63224
63244 755 21:0 63254
63253 513 1:0 63254
63253 37120 0:0 63257
63253 61697 0:0 63257
63253 515 0:0 63257
63256 37129 1:0 63256
63262 511 1:0 63263
63265 37131 1:0 63266
63272 509 1:0 63273
63275 57689 1:0 63275
63275 61697 1:0 63275
63275 37134 1:0 63276
63275 57681 1:0 63276
63275 57683 1:0 63276
63275 37095 1:0 63276
63275 517 1:0 63276
63275 519 1:0 63276
63275 37120 1:0 63276
63275 37102 1:0 63276
63275 37099 1:0 63276
63275 515 1:0 63276
63275 521 1:0 63276
63302 29564 1:0 63302
63307 29564 21:0 63307
63341 29571 1:0 63341
63342 29572 1:0 63342
63347 29572 0:0 63347
63350 517 0:0 63350
63350 29571 21:0 63350
63351 29573 1:0 63351
63352 29574 1:0 63352
63357 29574 0:0 63357
63360 519 0:0 63360
63360 29573 21:0 63360
63361 29575 1:0 63361
63362 29576 1:0 63362
63367 29576 0:0 63367
63370 521 0:0 63370
63370 29575 21:0 63370
63391 501 1:0 63392
63394 57680 1:0 63394
63394 37152 1:0 63394
63394 57677 1:0 63395
63394 57679 1:0 63395
63402 503 1:0 63403
63405 37156 1:0 63407
63405 755 1:0 63410
63411 499 1:0 63412
63411 37266 1:0 63832
63414 57665 1:0 63414
63414 57676 1:0 63414
63414 57670 1:0 63415
63414 37159 1:0 63415
63439 497 1:0 63440
63442 37177 1:0 63442
63442 57657 1:0 63443
63442 57663 1:0 63443
63442 57661 1:0 63443
63442 57664 1:0 63443
63445 57666 1:0 63445
63474 495 1:0 63475
63477 37186 1:0 63477
63483 493 1:0 63484
63486 37188 1:0 63487
63493 491 1:0 63494
63496 57656 1:0 63496
63496 57650 1:0 63497
63496 37191 1:0 63497
63522 29710 1:0 63522
63523 29711 1:0 63523
63528 29711 21:0 63528
63531 29710 21:0 63531
63553 29717 1:0 63553
63558 29717 21:0 63558
63559 57648 1:0 63611
63562 29718 1:0 63562
63563 29719 1:0 63563
63568 29719 21:0 63568
63571 499 0:0 63571
63571 29718 21:0 63571
63572 29720 1:0 63572
63573 29721 1:0 63573
63578 29721 0:0 63578
63581 501 0:0 63581
63581 29720 21:0 63581
63582 29722 1:0 63582
63583 29723 1:0 63583
63588 29723 0:0 63588
63591 503 0:0 63591
63591 29722 21:0 63591
63612 483 1:0 63613
63615 37209 1:0 63615
63615 57644 1:0 63616
63615 57646 1:0 63618
63615 57647 1:0 63619
63616 483 0:0 63624
63619 37209 0:0 63624
63623 485 1:0 63624
63626 37213 1:0 63626
63626 57645 1:0 63629
63627 485 0:0 63633
63630 37213 0:0 63633
63632 481 1:0 63633
63635 57632 1:0 63635
63635 57643 1:0 63635
63635 57637 1:0 63636
63635 37216 1:0 63636
63636 481 0:0 63661
63640 37216 0:0 63661
63660 479 1:0 63661
63663 37234 1:0 63663
63663 57631 1:0 63664
63663 57628 1:0 63664
63663 57624 1:0 63664
63663 57630 1:0 63664
63666 57633 1:0 63666
63686 755 21:0 63696
63695 477 1:0 63696
63695 61937 0:0 63699
63695 479 0:0 63699
63695 37234 0:0 63699
63698 37243 1:0 63698
63704 475 1:0 63705
63707 37245 1:0 63708
63714 473 1:0 63715
63717 37248 1:0 63720
63717 57623 1:0 63721
63717 57617 1:0 63726
63717 61937 1:0 63729
63717 483 1:0 63740
63717 479 1:0 63740
63717 481 1:0 63740
63717 485 1:0 63740
63717 37216 1:0 63782
63717 37209 1:0 63792
63722 37234 1:0 63772
63728 37213 1:0 63802
63743 29857 1:0 63743
63744 29858 1:0 63744
63749 29858 21:0 63749
63752 29857 0:0 63752
63780 57615 1:0 63832
63783 29865 1:0 63783
63784 29866 1:0 63784
63789 29866 0:0 63789
63792 481 0:0 63792
63792 29865 21:0 63792
63793 29867 1:0 63793
63794 29868 1:0 63794
63799 29868 0:0 63799
63802 483 0:0 63802
63802 29867 21:0 63802
63803 29869 1:0 63803
63804 29870 1:0 63804
63808 755 1:0 63832
63809 29870 0:0 63809
63812 485 0:0 63812
63812 29869 21:0 63812
63833 465 1:0 63834
63833 57579 1:0 64071
63836 57614 1:0 63836
63836 57611 1:0 63837
63836 57613 1:0 63837
63837 465 0:0 63845
63840 37266 0:0 63845
63844 467 1:0 63845
63847 37270 1:0 63847
63847 57612 1:0 63848
63848 467 0:0 63854
63851 37270 0:0 63854
63853 463 1:0 63854
63856 57610 1:0 63856
63856 57599 1:0 63856
63856 57604 1:0 63857
63856 37273 1:0 63857
63857 463 0:0 63882
63861 37273 0:0 63882
63881 461 1:0 63882
63884 37291 1:0 63884
63884 57595 1:0 63885
63884 57597 1:0 63885
63884 57591 1:0 63885
63884 57598 1:0 63885
63887 57600 1:0 63887
63907 755 21:0 63917
63916 459 1:0 63917
63916 37291 0:0 63920
63916 461 0:0 63920
63916 62057 0:0 63920
63919 37300 1:0 63919
63925 457 1:0 63926
63928 37302 1:0 63929
63935 455 1:0 63936
63938 62057 1:0 63938
63938 57590 1:0 63938
63938 465 1:0 63939
63938 37266 1:0 63939
63938 37270 1:0 63939
63938 37305 1:0 63939
63938 461 1:0 63939
63938 37291 1:0 63939
63938 57582 1:0 63939
63938 57584 1:0 63939
63938 463 1:0 63939
63938 467 1:0 63939
63938 37273 1:0 63939
63964 30004 1:0 63964
63965 30005 1:0 63965
63970 30005 21:0 63970
63973 30004 21:0 63973
63995 30011 1:0 63995
64000 30011 21:0 64000
64004 30012 1:0 64004
64005 30013 1:0 64005
64010 30013 0:0 64010
64013 463 0:0 64013
64013 30012 21:0 64013
64014 30014 1:0 64014
64015 30015 1:0 64015
64020 30015 0:0 64020
64023 465 0:0 64023
64023 30014 21:0 64023
64024 30016 1:0 64024
64025 30017 1:0 64025
64030 30017 0:0 64030
64033 467 0:0 64033
64033 30016 21:0 64033
64054 447 1:0 64055
64057 57581 1:0 64057
64057 37323 1:0 64057
64057 57580 1:0 64058
64057 57578 1:0 64058
64065 449 1:0 64066
64068 37327 1:0 64070
64068 755 1:0 64073
64074 445 1:0 64075
64074 37437 1:0 64495
64077 57577 1:0 64077
64077 57566 1:0 64077
64077 57571 1:0 64078
64077 37330 1:0 64078
64102 443 1:0 64103
64105 37348 1:0 64105
64105 57558 1:0 64106
64105 57565 1:0 64106
64105 57562 1:0 64106
64105 57564 1:0 64106
64108 57567 1:0 64108
64137 441 1:0 64138
64140 37357 1:0 64140
64146 439 1:0 64147
64149 37359 1:0 64150
64156 437 1:0 64157
64159 57557 1:0 64159
64159 57551 1:0 64160
64159 37362 1:0 64160
64185 30151 1:0 64185
64186 30152 1:0 64186
64191 30152 21:0 64191
64194 30151 21:0 64194
64222 57549 1:0 64274
64225 30159 1:0 64225
64226 30160 1:0 64226
64231 30160 21:0 64231
64234 445 0:0 64234
64234 30159 21:0 64234
64235 30161 1:0 64235
64236 30162 1:0 64236
64241 30162 0:0 64241
64244 447 0:0 64244
64244 30161 21:0 64244
64245 30163 1:0 64245
64246 30164 1:0 64246
64251 30164 0:0 64251
64254 449 0:0 64254
64254 30163 21:0 64254
64275 429 1:0 64276
64278 37380 1:0 64278
64278 57545 1:0 64279
64278 57547 1:0 64281
64278 57548 1:0 64282
64279 429 0:0 64287
64282 37380 0:0 64287
64286 431 1:0 64287
64289 37384 1:0 64289
64289 57546 1:0 64292
64290 431 0:0 64296
64293 37384 0:0 64296
64295 427 1:0 64296
64298 57533 1:0 64298
64298 57544 1:0 64298
64298 57538 1:0 64299
64298 37387 1:0 64299
64299 427 0:0 64324
64303 37387 0:0 64324
64323 425 1:0 64324
64326 37405 1:0 64326
64326 57532 1:0 64327
64326 57531 1:0 64327
64326 57525 1:0 64327
64326 57529 1:0 64327
64329 57534 1:0 64329
64349 755 21:0 64359
64358 423 1:0 64359
64358 37405 0:0 64362
64358 425 0:0 64362
64358 62297 0:0 64362
64361 37414 1:0 64361
64367 421 1:0 64368
64370 37416 1:0 64371
64377 419 1:0 64378
64380 37419 1:0 64383
64380 57524 1:0 64384
64380 57518 1:0 64389
64380 62297 1:0 64392
64380 431 1:0 64403
64380 425 1:0 64403
64380 429 1:0 64403
64380 427 1:0 64403
64380 37387 1:0 64445
64380 37380 1:0 64455
64385 37405 1:0 64435
64391 37384 1:0 64465
64407 30299 1:0 64407
64412 30299 21:0 64412
64443 57516 1:0 64495
64446 30306 1:0 64446
64447 30307 1:0 64447
64452 30307 0:0 64452
64455 427 0:0 64455
64455 30306 21:0 64455
64456 30308 1:0 64456
64457 30309 1:0 64457
64462 30309 0:0 64462
64465 429 0:0 64465
64465 30308 21:0 64465
64466 30310 1:0 64466
64467 30311 1:0 64467
64471 755 1:0 64495
64472 30311 0:0 64472
64475 431 0:0 64475
64475 30310 21:0 64475
64496 411 1:0 64497
64496 57480 1:0 64734
64499 57515 1:0 64499
64499 57512 1:0 64500
64499 57514 1:0 64500
64500 411 0:0 64508
64503 37437 0:0 64508
64507 413 1:0 64508
64510 37441 1:0 64510
64510 57513 1:0 64511
64511 413 0:0 64517
64514 37441 0:0 64517
64516 409 1:0 64517
64519 57500 1:0 64519
64519 57511 1:0 64519
64519 57505 1:0 64520
64519 37444 1:0 64520
64520 409 0:0 64545
64524 37444 0:0 64545
64544 407 1:0 64545
64547 37462 1:0 64547
64547 57499 1:0 64548
64547 57498 1:0 64548
64547 57496 1:0 64548
64547 57492 1:0 64548
64550 57501 1:0 64550
64570 755 21:0 64580
64579 405 1:0 64580
64579 37462 0:0 64583
64579 62417 0:0 64583
64579 407 0:0 64583
64582 37471 1:0 64582
64588 403 1:0 64589
64591 37473 1:0 64592
64598 401 1:0 64599
64601 57491 1:0 64601
64601 62417 1:0 64601
64601 411 1:0 64602
64601 57483 1:0 64602
64601 37462 1:0 64602
64601 413 1:0 64602
64601 409 1:0 64602
64601 37441 1:0 64602
64601 37476 1:0 64602
64601 37444 1:0 64602
64601 57485 1:0 64602
64601 407 1:0 64602
64601 37437 1:0 64602
64628 30446 1:0 64628
64633 30446 21:0 64633
64658 30452 1:0 64658
64663 30452 21:0 64663
64667 30453 1:0 64667
64668 30454 1:0 64668
64673 30454 21:0 64673
64676 409 0:0 64676
64676 30453 21:0 64676
64677 30455 1:0 64677
64678 30456 1:0 64678
64683 30456 21:0 64683
64686 411 0:0 64686
64686 30455 21:0 64686
64687 30457 1:0 64687
64688 30458 1:0 64688
64693 30458 0:0 64693
64696 413 0:0 64696
64696 30457 21:0 64696
64717 393 1:0 64718
64720 57482 1:0 64720
64720 37494 1:0 64720
64720 57481 1:0 64721
64720 57479 1:0 64721
64728 395 1:0 64729
64731 37498 1:0 64733
64731 755 1:0 64736
64737 391 1:0 64738
64737 37608 1:0 65158
64740 57478 1:0 64740
64740 57467 1:0 64740
64740 37501 1:0 64741
64740 57472 1:0 64741
64765 389 1:0 64766
64768 37519 1:0 64768
64768 57465 1:0 64769
64768 57466 1:0 64769
64768 57463 1:0 64769
64768 57459 1:0 64769
64771 57468 1:0 64771
64800 387 1:0 64801
64803 37528 1:0 64803
64809 385 1:0 64810
64812 37530 1:0 64813
64819 383 1:0 64820
64822 57458 1:0 64822
64822 37533 1:0 64823
64822 57452 1:0 64823
64849 30593 1:0 64849
64854 30593 21:0 64854
64879 30599 1:0 64879
64884 30599 21:0 64884
64885 57450 1:0 64937
64888 30600 1:0 64888
64889 30601 1:0 64889
64894 30601 0:0 64894
64897 391 0:0 64897
64897 30600 21:0 64897
64898 30602 1:0 64898
64899 30603 1:0 64899
64904 30603 0:0 64904
64907 393 0:0 64907
64907 30602 21:0 64907
64908 30604 1:0 64908
64909 30605 1:0 64909
64914 30605 0:0 64914
64917 395 0:0 64917
64917 30604 21:0 64917
64938 375 1:0 64939
64941 37551 1:0 64941
64941 57446 1:0 64942
64941 57448 1:0 64944
64941 57449 1:0 64945
64942 375 0:0 64950
64945 37551 0:0 64950
64949 377 1:0 64950
64952 37555 1:0 64952
64952 57447 1:0 64955
64953 377 0:0 64959
64956 37555 0:0 64959
64958 373 1:0 64959
64961 57434 1:0 64961
64961 57445 1:0 64961
64961 37558 1:0 64962
64961 57439 1:0 64962
64962 373 0:0 64987
64966 37558 0:0 64987
64986 371 1:0 64987
64989 37576 1:0 64989
64989 57433 1:0 64990
64989 57426 1:0 64990
64989 57432 1:0 64990
64989 57430 1:0 64990
64992 57435 1:0 64992
65012 755 21:0 65022
65021 369 1:0 65022
65021 62657 0:0 65025
65021 371 0:0 65025
65021 37576 0:0 65025
65024 37585 1:0 65024
65030 367 1:0 65031
65033 37587 1:0 65034
65040 365 1:0 65041
65043 37590 1:0 65046
65043 57425 1:0 65047
65043 57419 1:0 65052
65043 62657 1:0 65055
65043 373 1:0 65066
65043 375 1:0 65066
65043 377 1:0 65066
65043 371 1:0 65066
65043 37558 1:0 65108
65043 37551 1:0 65118
65048 37576 1:0 65098
65054 37555 1:0 65128
65069 30739 1:0 65069
65070 30740 1:0 65070
65075 30740 21:0 65075
65078 30739 21:0 65078
65106 57417 1:0 65158
65109 30747 1:0 65109
65110 30748 1:0 65110
65115 30748 0:0 65115
65118 373 0:0 65118
65118 30747 21:0 65118
65119 30749 1:0 65119
65120 30750 1:0 65120
65125 30750 0:0 65125
65128 375 0:0 65128
65128 30749 21:0 65128
65129 30751 1:0 65129
65130 30752 1:0 65130
65134 755 1:0 65158
65135 30752 0:0 65135
65138 377 0:0 65138
65138 30751 21:0 65138
65159 357 1:0 65160
65159 57381 1:0 65397
65162 57416 1:0 65162
65162 57415 1:0 65163
65162 57413 1:0 65163
65163 357 0:0 65171
65166 37608 0:0 65171
65170 359 1:0 65171
65173 37612 1:0 65173
65173 57414 1:0 65174
65174 359 0:0 65180
65177 37612 0:0 65180
65179 355 1:0 65180
65182 57401 1:0 65182
65182 57412 1:0 65182
65182 37615 1:0 65183
65182 57406 1:0 65183
65183 355 0:0 65208
65187 37615 0:0 65208
65207 353 1:0 65208
65210 37633 1:0 65210
65210 57400 1:0 65211
65210 57399 1:0 65211
65210 57393 1:0 65211
65210 57397 1:0 65211
65213 57402 1:0 65213
65233 755 21:0 65243
65242 351 1:0 65243
65242 37633 0:0 65246
65242 62777 0:0 65246
65242 353 0:0 65246
65245 37642 1:0 65245
65251 349 1:0 65252
65254 37644 1:0 65255
65261 347 1:0 65262
65264 57392 1:0 65264
65264 62777 1:0 65264
65264 357 1:0 65265
65264 57384 1:0 65265
65264 353 1:0 65265
65264 37608 1:0 65265
65264 355 1:0 65265
65264 37633 1:0 65265
65264 37647 1:0 65265
65264 359 1:0 65265
65264 37615 1:0 65265
65264 57386 1:0 65265
65264 37612 1:0 65265
65291 30887 1:0 65291
65296 30887 21:0 65296
65330 30894 1:0 65330
65331 30895 1:0 65331
65336 30895 0:0 65336
65339 355 0:0 65339
65339 30894 21:0 65339
65340 30896 1:0 65340
65341 30897 1:0 65341
65346 30897 0:0 65346
65349 357 0:0 65349
65349 30896 21:0 65349
65350 30898 1:0 65350
65351 30899 1:0 65351
65356 30899 0:0 65356
65359 359 0:0 65359
65359 30898 21:0 65359
65380 339 1:0 65381
65383 37665 1:0 65383
65383 57383 1:0 65383
65383 57382 1:0 65384
65383 57380 1:0 65384
65391 341 1:0 65392
65394 37669 1:0 65396
65394 755 1:0 65399
65400 337 1:0 65401
65400 303 1:0 65821
65403 57379 1:0 65403
65403 57368 1:0 65403
65403 57373 1:0 65404
65403 37672 1:0 65404
65428 335 1:0 65429
65431 37690 1:0 65431
65431 57366 1:0 65432
65431 57367 1:0 65432
65431 57364 1:0 65432
65431 57360 1:0 65432
65434 57369 1:0 65434
65463 333 1:0 65464
65466 37699 1:0 65466
65472 331 1:0 65473
65475 37701 1:0 65476
65482 329 1:0 65483
65485 57359 1:0 65485
65485 37704 1:0 65486
65485 57353 1:0 65486
65512 31034 1:0 65512
65517 31034 21:0 65517
65542 31040 1:0 65542
65547 31040 21:0 65547
65548 57351 1:0 65600
65551 31041 1:0 65551
65552 31042 1:0 65552
65557 31042 0:0 65557
65560 337 0:0 65560
65560 31041 21:0 65560
65561 31043 1:0 65561
65562 31044 1:0 65562
65567 31044 0:0 65567
65570 339 0:0 65570
65570 31043 21:0 65570
65571 31045 1:0 65571
65572 31046 1:0 65572
65577 31046 0:0 65577
65580 341 0:0 65580
65580 31045 21:0 65580
65601 321 1:0 65602
65604 37722 1:0 65604
65604 57347 1:0 65605
65604 57349 1:0 65607
65604 57350 1:0 65608
65605 321 0:0 65613
65608 37722 0:0 65613
65612 323 1:0 65613
65615 37726 1:0 65615
65615 57348 1:0 65618
65616 323 0:0 65622
65619 37726 0:0 65622
65621 319 1:0 65622
65624 57335 1:0 65624
65624 57346 1:0 65624
65624 37729 1:0 65625
65624 57340 1:0 65625
65625 319 0:0 65650
65629 37729 0:0 65650
65649 317 1:0 65650
65652 37747 1:0 65652
65652 57334 1:0 65653
65652 57327 1:0 65653
65652 57331 1:0 65653
65652 57333 1:0 65653
65655 57336 1:0 65655
65675 755 21:0 65685
65684 315 1:0 65685
65684 37747 0:0 65688
65684 317 0:0 65688
65684 63017 0:0 65688
65687 37756 1:0 65687
65693 313 1:0 65694
65696 37758 1:0 65697
65703 311 1:0 65704
65706 37761 1:0 65709
65706 57326 1:0 65710
65706 57320 1:0 65715
65706 63017 1:0 65718
65706 319 1:0 65729
65706 321 1:0 65729
65706 317 1:0 65729
65706 323 1:0 65729
65706 37729 1:0 65771
65706 37722 1:0 65781
65711 37747 1:0 65761
65717 37726 1:0 65791
65732 31180 1:0 65732
65733 31181 1:0 65733
65738 31181 21:0 65738
65741 31180 21:0 65741
65769 57318 1:0 65821
65772 31188 1:0 65772
65773 31189 1:0 65773
65778 31189 0:0 65778
65781 319 0:0 65781
65781 31188 21:0 65781
65782 31190 1:0 65782
65783 31191 1:0 65783
65788 31191 0:0 65788
65791 321 0:0 65791
65791 31190 21:0 65791
65792 31192 1:0 65792
65793 31193 1:0 65793
65797 755 1:0 65821
65798 31193 0:0 65798
65801 323 0:0 65801
65801 31192 21:0 65801
65822 57282 1:0 66060
65825 37779 1:0 65825
65825 57317 1:0 65825
65825 57314 1:0 65826
65825 57316 1:0 65826
65826 303 0:0 65834
65829 37779 0:0 65834
65833 305 1:0 65834
65836 37783 1:0 65836
65836 57315 1:0 65837
65837 305 0:0 65843
65840 37783 0:0 65843
65842 301 1:0 65843
65845 57302 1:0 65845
65845 57313 1:0 65845
65845 57307 1:0 65846
65845 37786 1:0 65846
65846 301 0:0 65871
65850 37786 0:0 65871
65870 299 1:0 65871
65873 37804 1:0 65873
65873 57298 1:0 65874
65873 57300 1:0 65874
65873 57294 1:0 65874
65873 57301 1:0 65874
65876 57303 1:0 65876
65896 755 21:0 65906
65905 297 1:0 65906
65905 63137 0:0 65909
65905 37804 0:0 65909
65905 299 0:0 65909
65908 37813 1:0 65908
65914 295 1:0 65915
65917 37815 1:0 65918
65924 293 1:0 65925
65927 63137 1:0 65927
65927 57293 1:0 65927
65927 37804 1:0 65928
65927 57287 1:0 65928
65927 37779 1:0 65928
65927 37818 1:0 65928
65927 37783 1:0 65928
65927 299 1:0 65928
65927 301 1:0 65928
65927 37786 1:0 65928
65927 303 1:0 65928
65927 57285 1:0 65928
65927 305 1:0 65928
65953 31327 1:0 65953
65954 31328 1:0 65954
65959 31328 21:0 65959
65962 31327 21:0 65962
65993 31335 1:0 65993
65994 31336 1:0 65994
65999 31336 0:0 65999
66002 301 0:0 66002
66002 31335 21:0 66002
66003 31337 1:0 66003
66004 31338 1:0 66004
66009 31338 21:0 66009
66012 303 0:0 66012
66012 31337 21:0 66012
66013 31339 1:0 66013
66014 31340 1:0 66014
66019 31340 0:0 66019
66022 305 0:0 66022
66022 31339 21:0 66022
66043 285 1:0 66044
66046 57284 1:0 66046
66046 37836 1:0 66046
66046 57281 1:0 66047
66046 57283 1:0 66047
66054 287 1:0 66055
66057 37840 1:0 66059
66057 755 1:0 66062
66063 283 1:0 66064
66063 37950 1:0 66484
66066 57269 1:0 66066
66066 57280 1:0 66066
66066 57274 1:0 66067
66066 37843 1:0 66067
66091 281 1:0 66092
66094 37861 1:0 66094
66094 57268 1:0 66095
66094 57267 1:0 66095
66094 57261 1:0 66095
66094 57265 1:0 66095
66097 57270 1:0 66097
66126 279 1:0 66127
66129 37870 1:0 66129
66135 277 1:0 66136
66138 37872 1:0 66139
66145 275 1:0 66146
66148 57260 1:0 66148
66148 57254 1:0 66149
66148 37875 1:0 66149
66175 31475 1:0 66175
66180 31475 21:0 66180
66211 57252 1:0 66263
66214 31482 1:0 66214
66215 31483 1:0 66215
66220 31483 0:0 66220
66223 283 0:0 66223
66223 31482 21:0 66223
66224 31484 1:0 66224
66225 31485 1:0 66225
66230 31485 0:0 66230
66233 285 0:0 66233
66233 31484 21:0 66233
66234 31486 1:0 66234
66235 31487 1:0 66235
66240 31487 0:0 66240
66243 287 0:0 66243
66243 31486 21:0 66243
66264 267 1:0 66265
66267 37893 1:0 66267
66267 57248 1:0 66268
66267 57250 1:0 66270
66267 57251 1:0 66271
66268 267 0:0 66276
66271 37893 0:0 66276
66275 269 1:0 66276
66278 37897 1:0 66278
66278 57249 1:0 66281
66279 269 0:0 66285
66282 37897 0:0 66285
66284 265 1:0 66285
66287 57247 1:0 66287
66287 57236 1:0 66287
66287 57241 1:0 66288
66287 37900 1:0 66288
66288 265 0:0 66313
66292 37900 0:0 66313
66312 263 1:0 66313
66315 37918 1:0 66315
66315 57234 1:0 66316
66315 57235 1:0 66316
66315 57232 1:0 66316
66315 57228 1:0 66316
66318 57237 1:0 66318
66338 755 21:0 66348
66347 261 1:0 66348
66347 37918 0:0 66351
66347 63377 0:0 66351
66347 263 0:0 66351
66350 37927 1:0 66350
66356 259 1:0 66357
66359 37929 1:0 66360
66366 257 1:0 66367
66369 37932 1:0 66372
66369 57227 1:0 66373
66369 57221 1:0 66378
66369 63377 1:0 66381
66369 267 1:0 66392
66369 269 1:0 66392
66369 263 1:0 66392
66369 265 1:0 66392
66369 37900 1:0 66434
66369 37893 1:0 66444
66374 37918 1:0 66424
66380 37897 1:0 66454
66396 31622 1:0 66396
66401 31622 21:0 66401
66432 57219 1:0 66484
66435 31629 1:0 66435
66436 31630 1:0 66436
66441 31630 0:0 66441
66444 265 0:0 66444
66444 31629 21:0 66444
66445 31631 1:0 66445
66446 31632 1:0 66446
66451 31632 0:0 66451
66454 267 0:0 66454
66454 31631 21:0 66454
66455 31633 1:0 66455
66456 31634 1:0 66456
66460 755 1:0 66484
66461 31634 0:0 66461
66464 269 0:0 66464
66464 31633 21:0 66464
66485 249 1:0 66486
66485 57183 1:0 66723
66488 57218 1:0 66488
66488 57217 1:0 66489
66488 57215 1:0 66489
66489 249 0:0 66497
66492 37950 0:0 66497
66496 251 1:0 66497
66499 37954 1:0 66499
66499 57216 1:0 66500
66500 251 0:0 66506
66503 37954 0:0 66506
66505 247 1:0 66506
66508 57203 1:0 66508
66508 57214 1:0 66508
66508 37957 1:0 66509
66508 57208 1:0 66509
66509 247 0:0 66534
66513 37957 0:0 66534
66533 245 1:0 66534
66536 37975 1:0 66536
66536 57201 1:0 66537
66536 57202 1:0 66537
66536 57199 1:0 66537
66536 57195 1:0 66537
66539 57204 1:0 66539
66559 755 21:0 66569
66568 243 1:0 66569
66568 63497 0:0 66572
66568 245 0:0 66572
66568 37975 0:0 66572
66571 37984 1:0 66571
66577 241 1:0 66578
66580 37986 1:0 66581
66587 239 1:0 66588
66590 63497 1:0 66590
66590 57194 1:0 66590
66590 37957 1:0 66591
66590 37954 1:0 66591
66590 37950 1:0 66591
66590 57188 1:0 66591
66590 249 1:0 66591
66590 57186 1:0 66591
66590 251 1:0 66591
66590 247 1:0 66591
66590 245 1:0 66591
66590 37989 1:0 66591
66590 37975 1:0 66591
66617 31769 1:0 66617
66622 31769 21:0 66622
66646 31774 1:0 66646
66647 31775 1:0 66647
66652 31775 21:0 66652
66655 31774 21:0 66655
66655 245 21:0 66718
66656 31776 1:0 66656
66657 31777 1:0 66657
66662 31777 0:0 66662
66665 247 0:0 66665
66665 31776 21:0 66665
66666 31778 1:0 66666
66667 31779 1:0 66667
66672 31779 0:0 66672
66675 249 0:0 66675
66675 31778 21:0 66675
66676 31780 1:0 66676
66677 31781 1:0 66677
66682 31781 0:0 66682
66685 251 0:0 66685
66685 31780 21:0 66685
66706 231 1:0 66707
66709 57185 1:0 66709
66709 38007 1:0 66709
66709 57184 1:0 66710
66709 57182 1:0 66710
66717 233 1:0 66718
66720 38011 1:0 66722
66720 755 1:0 66725
66726 229 1:0 66727
66726 195 1:0 67147
66729 57181 1:0 66729
66729 57170 1:0 66729
66729 57175 1:0 66730
66729 38014 1:0 66730
66754 227 1:0 66755
66757 38032 1:0 66757
66757 57162 1:0 66758
66757 57168 1:0 66758
66757 57169 1:0 66758
66757 57166 1:0 66758
66760 57171 1:0 66760
66789 225 1:0 66790
66792 38041 1:0 66792
66798 223 1:0 66799
66801 38043 1:0 66802
66808 221 1:0 66809
66811 57161 1:0 66811
66811 57155 1:0 66812
66811 38046 1:0 66812
66838 31916 1:0 66838
66843 31916 21:0 66843
66874 57153 1:0 66926
66877 31923 1:0 66877
66878 31924 1:0 66878
66883 31924 0:0 66883
66886 229 0:0 66886
66886 31923 21:0 66886
66887 31925 1:0 66887
66888 31926 1:0 66888
66893 31926 0:0 66893
66896 231 0:0 66896
66896 31925 21:0 66896
66897 31927 1:0 66897
66898 31928 1:0 66898
66903 31928 0:0 66903
66906 233 0:0 66906
66906 31927 21:0 66906
66927 213 1:0 66928
66930 38064 1:0 66930
66930 57149 1:0 66931
66930 57151 1:0 66933
66930 57152 1:0 66934
66931 213 0:0 66939
66934 38064 0:0 66939
66938 215 1:0 66939
66941 38068 1:0 66941
66941 57150 1:0 66944
66942 215 0:0 66948
66945 38068 0:0 66948
66947 211 1:0 66948
66950 57148 1:0 66950
66950 57137 1:0 66950
66950 38071 1:0 66951
66950 57142 1:0 66951
66951 211 0:0 66976
66955 38071 0:0 66976
66975 209 1:0 66976
66978 38089 1:0 66978
66978 57136 1:0 66979
66978 57133 1:0 66979
66978 57135 1:0 66979
66978 57129 1:0 66979
66981 57138 1:0 66981
67001 755 21:0 67011
67010 207 1:0 67011
67010 38089 0:0 67014
67010 209 0:0 67014
67010 63737 0:0 67014
67013 38098 1:0 67013
67019 205 1:0 67020
67022 38100 1:0 67023
67029 203 1:0 67030
67032 38103 1:0 67035
67032 57128 1:0 67036
67032 57122 1:0 67041
67032 63737 1:0 67044
67032 213 1:0 67055
67032 211 1:0 67055
67032 215 1:0 67055
67032 209 1:0 67055
67032 38071 1:0 67097
67032 38064 1:0 67107
67037 38089 1:0 67087
67043 38068 1:0 67117
67058 32062 1:0 67058
67059 32063 1:0 67059
67064 32063 21:0 67064
67067 32062 0:0 67067
67088 32068 1:0 67088
67089 32069 1:0 67089
67094 32069 21:0 67094
67095 57120 1:0 67147
67097 32068 21:0 67097
67098 32070 1:0 67098
67099 32071 1:0 67099
67104 32071 0:0 67104
67107 211 0:0 67107
67107 32070 21:0 67107
67108 32072 1:0 67108
67109 32073 1:0 67109
67114 32073 0:0 67114
67117 213 0:0 67117
67117 32072 21:0 67117
67118 32074 1:0 67118
67119 32075 1:0 67119
67123 755 1:0 67147
67124 32075 21:0 67124
67127 215 0:0 67127
67127 32074 21:0 67127
67148 57084 1:0 67386
67151 57119 1:0 67151
67151 38121 1:0 67151
67151 57116 1:0 67152
67151 57118 1:0 67152
67152 195 0:0 67160
67155 38121 0:0 67160
67159 197 1:0 67160
67162 38125 1:0 67162
67162 57117 1:0 67163
67163 197 0:0 67169
67168 193 1:0 67169
67171 57104 1:0 67171
67171 57115 1:0 67171
67171 38128 1:0 67172
67171 57109 1:0 67172
67172 193 0:0 67197
67176 38128 0:0 67197
67196 191 1:0 67197
67199 38146 1:0 67199
67199 57102 1:0 67200
67199 57096 1:0 67200
67199 57103 1:0 67200
67199 57100 1:0 67200
67202 57105 1:0 67202
67222 755 21:0 67232
67231 189 1:0 67232
67231 38146 0:0 67235
67231 191 0:0 67235
67231 63857 0:0 67235
67234 38155 1:0 67234
67240 187 1:0 67241
67243 38157 1:0 67244
67250 185 1:0 67251
67253 63857 1:0 67253
67253 57095 1:0 67253
67253 38121 1:0 67254
67253 195 1:0 67254
67253 57087 1:0 67254
67253 38146 1:0 67254
67253 57089 1:0 67254
67253 38160 1:0 67254
67253 191 1:0 67254
67253 197 1:0 67254
67253 38128 1:0 67254
67253 193 1:0 67254
67319 32217 1:0 67319
67320 32218 1:0 67320
67325 32218 0:0 67325
67328 193 0:0 67328
67328 32217 21:0 67328
67329 32219 1:0 67329
67330 32220 1:0 67330
67335 32220 0:0 67335
67338 195 0:0 67338
67338 32219 21:0 67338
67339 32221 1:0 67339
67340 32222 1:0 67340
67345 32222 0:0 67345
67348 197 0:0 67348
67348 32221 21:0 67348
67369 177 1:0 67370
67372 38178 1:0 67372
67372 57086 1:0 67372
67372 57085 1:0 67373
67372 57083 1:0 67373
67380 179 1:0 67381
67383 38182 1:0 67385
67383 755 1:0 67388
67389 175 1:0 67390
67389 38292 1:0 67810
67392 57071 1:0 67392
67392 57082 1:0 67392
67392 38185 1:0 67393
67392 57076 1:0 67393
67417 173 1:0 67418
67420 38203 1:0 67420
67420 57067 1:0 67421
67420 57063 1:0 67421
67420 57069 1:0 67421
67420 57070 1:0 67421
67423 57072 1:0 67423
67452 171 1:0 67453
67455 38212 1:0 67455
67461 169 1:0 67462
67464 38214 1:0 67465
67471 167 1:0 67472
67474 57062 1:0 67474
67474 57056 1:0 67475
67474 38217 1:0 67475
67537 57054 1:0 67589
67540 32364 1:0 67540
67541 32365 1:0 67541
67546 32365 0:0 67546
67549 175 0:0 67549
67549 32364 21:0 67549
67550 32366 1:0 67550
67551 32367 1:0 67551
67556 32367 0:0 67556
67559 177 0:0 67559
67559 32366 21:0 67559
67560 32368 1:0 67560
67561 32369 1:0 67561
67566 32369 0:0 67566
67569 179 0:0 67569
67569 32368 21:0 67569
67590 159 1:0 67591
67593 38235 1:0 67593
67593 57050 1:0 67594
67593 57052 1:0 67596
67593 57053 1:0 67597
67594 159 0:0 67602
67597 38235 0:0 67602
67601 161 1:0 67602
67604 38239 1:0 67604
67604 57051 1:0 67607
67605 161 0:0 67611
67608 38239 0:0 67611
67610 157 1:0 67611
67613 57049 1:0 67613
67613 57038 1:0 67613
67613 57043 1:0 67614
67613 38242 1:0 67614
67614 157 0:0 67639
67618 38242 0:0 67639
67638 155 1:0 67639
67641 38260 1:0 67641
67641 57037 1:0 67642
67641 57034 1:0 67642
67641 57030 1:0 67642
67641 57036 1:0 67642
67644 57039 1:0 67644
67664 755 21:0 67674
67673 153 1:0 67674
67673 155 0:0 67677
67673 64097 0:0 67677
67673 38260 0:0 67677
67676 38269 1:0 67676
67682 151 1:0 67683
67685 38271 1:0 67686
67692 149 1:0 67693
67695 38274 1:0 67698
67695 57029 1:0 67699
67695 57023 1:0 67704
67695 64097 1:0 67707
67695 159 1:0 67718
67695 157 1:0 67718
67695 155 1:0 67718
67695 161 1:0 67718
67695 38242 1:0 67760
67695 38235 1:0 67770
67700 38260 1:0 67750
67706 38239 1:0 67780
67758 57021 1:0 67810
67761 32511 1:0 67761
67762 32512 1:0 67762
67767 32512 0:0 67767
67770 157 0:0 67770
67770 32511 21:0 67770
67771 32513 1:0 67771
67772 32514 1:0 67772
67777 32514 0:0 67777
67780 159 0:0 67780
67780 32513 21:0 67780
67781 32515 1:0 67781
67782 32516 1:0 67782
67786 755 1:0 67810
67787 32516 0:0 67787
67790 161 0:0 67790
67790 32515 21:0 67790
67811 141 1:0 67812
67811 56985 1:0 68049
67814 57020 1:0 67814
67814 57019 1:0 67815
67814 57017 1:0 67815
67815 141 0:0 67823
67818 38292 0:0 67823
67822 143 1:0 67823
67825 38296 1:0 67825
67825 57018 1:0 67826
67826 143 0:0 67832
67829 38296 0:0 67832
67831 139 1:0 67832
67834 57005 1:0 67834
67834 57016 1:0 67834
67834 57010 1:0 67835
67834 38299 1:0 67835
67835 139 0:0 67860
67839 38299 0:0 67860
67859 137 1:0 67860
67862 38317 1:0 67862
67862 57001 1:0 67863
67862 57003 1:0 67863
67862 56997 1:0 67863
67862 57004 1:0 67863
67865 57006 1:0 67865
67885 755 21:0 67895
67894 135 1:0 67895
67894 38317 0:0 67898
67894 64217 0:0 67898
67894 137 0:0 67898
67897 38326 1:0 67897
67903 133 1:0 67904
67906 38328 1:0 67907
67913 131 1:0 67914
67916 56996 1:0 67916
67916 64217 1:0 67916
67916 38292 1:0 67917
67916 143 1:0 67917
67916 38331 1:0 67917
67916 137 1:0 67917
67916 38299 1:0 67917
67916 141 1:0 67917
67916 38317 1:0 67917
67916 56988 1:0 67917
67916 56990 1:0 67917
67916 38296 1:0 67917
67916 139 1:0 67917
67982 32658 1:0 67982
67983 32659 1:0 67983
67988 32659 0:0 67988
67991 139 0:0 67991
67991 32658 21:0 67991
67992 32660 1:0 67992
67993 32661 1:0 67993
67998 32661 0:0 67998
68001 141 0:0 68001
68001 32660 21:0 68001
68002 32662 1:0 68002
68003 32663 1:0 68003
68008 32663 0:0 68008
68011 143 0:0 68011
68011 32662 21:0 68011
68032 123 1:0 68033
68035 56987 1:0 68035
68035 38349 1:0 68035
68035 56984 1:0 68036
68035 56986 1:0 68036
68043 125 1:0 68044
68046 38353 1:0 68048
68046 755 1:0 68051
68052 121 1:0 68053
68052 38463 1:0 68473
68055 56972 1:0 68055
68055 56983 1:0 68055
68055 56977 1:0 68056
68055 38356 1:0 68056
68080 119 1:0 68081
68083 38374 1:0 68083
68083 56964 1:0 68084
68083 56968 1:0 68084
68083 56970 1:0 68084
68083 56971 1:0 68084
68086 56973 1:0 68086
68115 117 1:0 68116
68118 38383 1:0 68118
68124 115 1:0 68125
68127 38385 1:0 68128
68134 113 1:0 68135
68137 56963 1:0 68137
68137 38388 1:0 68138
68137 56957 1:0 68138
68200 56955 1:0 68252
68203 32805 1:0 68203
68204 32806 1:0 68204
68209 32806 0:0 68209
68212 121 0:0 68212
68212 32805 21:0 68212
68213 32807 1:0 68213
68214 32808 1:0 68214
68219 32808 0:0 68219
68222 123 0:0 68222
68222 32807 21:0 68222
68223 32809 1:0 68223
68224 32810 1:0 68224
68229 32810 0:0 68229
68232 125 0:0 68232
68232 32809 21:0 68232
68253 105 1:0 68254
68256 38406 1:0 68256
68256 56951 1:0 68257
68256 56953 1:0 68259
68256 56954 1:0 68260
68257 105 0:0 68265
68260 38406 0:0 68265
68264 107 1:0 68265
68267 38410 1:0 68267
68267 56952 1:0 68270
68268 107 0:0 68274
68271 38410 0:0 68274
68273 103 1:0 68274
68276 56939 1:0 68276
68276 56950 1:0 68276
68276 56944 1:0 68277
68276 38413 1:0 68277
68277 103 0:0 68302
68281 38413 0:0 68302
68301 101 1:0 68302
68304 38431 1:0 68304
68304 56938 1:0 68305
68304 56935 1:0 68305
68304 56931 1:0 68305
68304 56937 1:0 68305
68307 56940 1:0 68307
68327 755 21:0 68337
68336 99 1:0 68337
68336 64457 0:0 68340
68336 38431 0:0 68340
68336 101 0:0 68340
68339 38440 1:0 68339
68345 97 1:0 68346
68348 38442 1:0 68349
68355 95 1:0 68356
68358 38445 1:0 68361
68358 56930 1:0 68362
68358 56924 1:0 68367
68358 64457 1:0 68370
68358 105 1:0 68381
68358 107 1:0 68381
68358 101 1:0 68381
68358 103 1:0 68381
68358 38413 1:0 68423
68358 38406 1:0 68433
68363 38431 1:0 68413
68369 38410 1:0 68443
68421 56922 1:0 68473
68424 32952 1:0 68424
68425 32953 1:0 68425
68430 32953 0:0 68430
68433 103 0:0 68433
68433 32952 21:0 68433
68434 32954 1:0 68434
68435 32955 1:0 68435
68440 32955 0:0 68440
68443 105 0:0 68443
68443 32954 21:0 68443
68444 32956 1:0 68444
68445 32957 1:0 68445
68449 755 1:0 68473
68450 32957 0:0 68450
68453 107 0:0 68453
68453 32956 21:0 68453
68474 87 1:0 68475
68474 56886 1:0 68712
68477 56921 1:0 68477
68477 56918 1:0 68478
68477 56920 1:0 68478
68478 87 0:0 68486
68481 38463 0:0 68486
68485 89 1:0 68486
68488 38467 1:0 68488
68488 56919 1:0 68489
68489 89 0:0 68495
68492 38467 0:0 68495
68494 85 1:0 68495
68497 56906 1:0 68497
68497 56917 1:0 68497
68497 38470 1:0 68498
68497 56911 1:0 68498
68498 85 0:0 68523
68502 38470 0:0 68523
68522 83 1:0 68523
68525 38488 1:0 68525
68525 56904 1:0 68526
68525 56898 1:0 68526
68525 56902 1:0 68526
68525 56905 1:0 68526
68528 56907 1:0 68528
68548 755 21:0 68558
68557 81 1:0 68558
68557 83 0:0 68561
68557 64577 0:0 68561
68557 38488 0:0 68561
68560 38497 1:0 68560
68566 79 1:0 68567
68569 38499 1:0 68570
68576 77 1:0 68577
68579 64577 1:0 68579
68579 56897 1:0 68579
68579 38470 1:0 68580
68579 56889 1:0 68580
68579 85 1:0 68580
68579 89 1:0 68580
68579 38488 1:0 68580
68579 38467 1:0 68580
68579 87 1:0 68580
68579 83 1:0 68580
68579 56891 1:0 68580
68579 38502 1:0 68580
68579 38463 1:0 68580
68645 33099 1:0 68645
68646 33100 1:0 68646
68651 33100 0:0 68651
68654 85 0:0 68654
68654 33099 21:0 68654
68655 33101 1:0 68655
68656 33102 1:0 68656
68661 33102 0:0 68661
68664 87 0:0 68664
68664 33101 21:0 68664
68665 33103 1:0 68665
68666 33104 1:0 68666
68671 33104 0:0 68671
68674 89 0:0 68674
68674 33103 21:0 68674
68695 69 1:0 68696
68698 38520 1:0 68698
68698 56888 1:0 68698
68698 56885 1:0 68699
68698 56887 1:0 68699
68706 71 1:0 68707
68706 38520 0:0 68707
68706 69 0:0 68707
68709 38524 1:0 68711
68709 245 1:0 68796
68710 71 0:0 68716
68713 38524 0:0 68716
68715 67 1:0 68716
68718 38527 1:0 68721
68718 56884 1:0 68722
68718 56878 1:0 68727
68718 56873 1:0 68742
68719 67 0:0 68744
68723 38527 0:0 68744
68743 65 1:0 68744
68746 38545 1:0 68748
68746 56872 1:0 68751
68746 56869 1:0 68751
68746 56871 1:0 68751
68746 755 1:0 68762
68746 56865 1:0 68777
68749 56874 1:0 68751
68769 755 21:0 68779
68778 63 1:0 68779
68778 38545 0:0 68782
68778 65 0:0 68782
68778 64697 0:0 68782
68781 38554 1:0 68783
68787 61 1:0 68788
68790 38556 1:0 68793
68790 755 1:0 68796
68797 59 1:0 68798
68797 38748 1:0 68915
68800 64697 1:0 68800
68800 38545 1:0 68801
68800 65 1:0 68801
68800 38520 1:0 68801
68800 69 1:0 68801
68800 38527 1:0 68801
68800 67 1:0 68801
68800 71 1:0 68801
68800 38524 1:0 68801
68800 38559 1:0 68803
68800 56864 1:0 68804
68800 56858 1:0 68809
68863 56856 1:0 68915
68866 33246 1:0 68866
68867 33247 1:0 68867
68872 33247 0:0 68872
68875 67 0:0 68875
68875 33246 21:0 68875
68876 33248 1:0 68876
68877 33249 1:0 68877
68882 33249 0:0 68882
68885 69 0:0 68885
68885 33248 21:0 68885
68886 33250 1:0 68886
68887 33251 1:0 68887
68892 33251 0:0 68892
68895 71 0:0 68895
68895 33250 21:0 68895
68916 51 1:0 68917
68916 56787 1:0 69156
68919 56855 1:0 68919
68919 38577 1:0 68919
68919 56854 1:0 68920
68919 56852 1:0 68920
68920 51 0:0 68928
68923 38577 0:0 68928
68927 53 1:0 68928
68930 38581 1:0 68930
68930 56853 1:0 68931
68931 53 0:0 68937
68934 38581 0:0 68937
68936 49 1:0 68937
68939 56851 1:0 68939
68939 56840 1:0 68939
68939 56845 1:0 68940
68939 38584 1:0 68940
68940 49 0:0 68965
68944 38584 0:0 68965
68964 47 1:0 68965
68967 38602 1:0 68967
68967 56832 1:0 68968
68967 56839 1:0 68968
68967 56838 1:0 68968
68967 56836 1:0 68968
68970 56841 1:0 68970
68990 755 21:0 69000
68999 45 1:0 69000
68999 38602 0:0 69003
68999 64817 0:0 69003
68999 47 0:0 69003
69002 38611 1:0 69002
69008 43 1:0 69009
69011 38613 1:0 69012
69018 41 1:0 69019
69021 56831 1:0 69021
69021 64817 1:0 69021
69021 38584 1:0 69022
69021 38616 1:0 69022
69021 47 1:0 69022
69021 49 1:0 69022
69021 53 1:0 69022
69021 51 1:0 69022
69021 56825 1:0 69022
69021 38577 1:0 69022
69021 38581 1:0 69022
69021 56823 1:0 69022
69021 38602 1:0 69022
69087 33393 1:0 69087
69088 33394 1:0 69088
69093 33394 0:0 69093
69096 33393 21:0 69096
69097 33395 1:0 69097
69098 33396 1:0 69098
69103 33396 0:0 69103
69106 33395 21:0 69106
69107 33397 1:0 69107
69108 33398 1:0 69108
69113 33398 0:0 69113
69116 33397 21:0 69116
69137 33 1:0 69138
69140 38634 1:0 69140
69140 56822 1:0 69140
69140 56819 1:0 69141
69140 56821 1:0 69141
69148 35 1:0 69149
69151 38638 1:0 69153
69151 56820 1:0 69154
69151 755 1:0 69156
69151 3 1:0 69156
69157 31 1:0 69158
69157 33691 1:0 69548
69160 56807 1:0 69160
69160 56818 1:0 69160
69160 56812 1:0 69161
69160 38641 1:0 69161
69185 29 1:0 69186
69188 38659 1:0 69188
69188 56805 1:0 69189
69188 56803 1:0 69189
69188 56799 1:0 69189
69188 56806 1:0 69189
69191 56808 1:0 69191
69220 27 1:0 69221
69223 38668 1:0 69223
69229 25 1:0 69230
69232 38670 1:0 69233
69239 23 1:0 69240
69242 33541 1:0 69242
69242 56798 1:0 69242
69242 56792 1:0 69243
69242 56790 1:0 69243
69242 33544 1:0 69243
69242 33543 1:0 69243
69242 33540 1:0 69243
69242 33542 1:0 69243
69242 15 1:0 69243
69242 38673 1:0 69243
69242 33545 1:0 69243
69314 33541 0:0 69359
69317 33540 0:0 69359
69327 33542 0:0 69359
69358 33543 0:0 69359
69358 33544 0:0 69359
69358 33545 0:0 69359
69361 56789 1:0 69361
69361 38691 1:0 69361
69361 56786 1:0 69362
69361 56788 1:0 69362
69362 15 0:0 69370
69365 38691 0:0 69370
69369 17 1:0 69370
69372 38695 1:0 69372
69373 17 0:0 69379
69376 38695 0:0 69379
69378 13 1:0 69379
69381 56785 1:0 69381
69381 56774 1:0 69381
69381 56779 1:0 69382
69381 38698 1:0 69382
69382 13 0:0 69407
69386 38698 0:0 69407
69406 11 1:0 69407
69409 38716 1:0 69409
69409 56772 1:0 69410
69409 56773 1:0 69410
69409 56770 1:0 69410
69409 56766 1:0 69410
69412 56775 1:0 69412
69433 755 21:0 69442
69441 9 1:0 69442
69444 38725 1:0 69444
69450 7 1:0 69451
69453 38727 1:0 69454
69454 65057 0:0 69461
69454 11 0:0 69461
69454 38716 0:0 69461
69460 5 1:0 69461
69463 38730 1:0 69466
69463 56765 1:0 69467
69463 56759 1:0 69472
69463 65057 1:0 69475
69463 11 1:0 69486
69463 17 1:0 69486
69463 13 1:0 69486
69463 15 1:0 69486
69463 33679 1:0 69488
69463 33680 1:0 69489
69463 33687 1:0 69528
69463 38698 1:0 69528
69463 33688 1:0 69529
69463 33689 1:0 69538
69463 38691 1:0 69538
69463 33690 1:0 69539
69468 33685 1:0 69518
69468 38716 1:0 69518
69469 33686 1:0 69519
69474 38695 1:0 69548
69482 33692 1:0 69549
69494 33681 1:0 69498
69494 33682 1:0 69499
69496 33683 1:0 69508
69496 33684 1:0 69509
69556 33779 1:0 69588
69556 33780 1:0 69589
69558 33691 21:0 302
69581 755 1:0 77
