107 33676 21:0 113
112 13 21:0 112
112 33672 21:0 132
131 15 21:0 131
131 17 21:0 131
131 33673 21:0 184
183 33674 21:0 189
188 31 21:0 188
188 33671 21:0 208
207 35 21:0 207
207 33 21:0 207
207 33824 21:0 260
259 33825 21:0 260
259 33823 21:0 265
264 49 21:0 264
264 33822 21:0 270
269 53 21:0 269
269 33857 21:0 270
269 33855 21:0 320
319 51 21:0 319
319 33856 21:0 336
335 33858 21:0 336
335 33763 21:0 341
340 67 21:0 340
340 33890 21:0 341
340 33891 21:0 346
340 33764 21:0 341
345 71 21:0 345
345 33889 21:0 360
359 69 21:0 359
359 33888 21:0 408
407 33921 21:0 412
411 33923 21:0 417
416 85 21:0 416
416 33922 21:0 417
416 33924 21:0 422
421 89 21:0 421
421 33956 21:0 436
435 87 21:0 435
435 33954 21:0 488
487 33955 21:0 488
487 33957 21:0 493
492 103 21:0 492
492 33987 21:0 498
497 107 21:0 497
497 33988 21:0 498
497 33989 21:0 548
547 105 21:0 547
547 33990 21:0 564
563 117 21:0 564
563 115 21:0 564
563 33794 21:0 564
563 33800 21:0 564
563 33807 21:0 564
563 755 21:0 564
566 121 21:0 566
566 34020 21:0 569
568 33801 21:0 569
568 99 21:0 569
568 97 21:0 569
568 79 21:0 569
571 125 21:0 571
571 34021 21:0 574
573 34022 21:0 592
575 755 1:0 577
576 131 1:0 576
576 139 1:0 576
576 143 1:0 576
576 141 1:0 576
591 123 21:0 591
591 34023 21:0 640
639 33805 21:0 640
639 33808 21:0 640
639 33820 21:0 640
639 133 21:0 640
639 33814 21:0 640
639 755 21:0 642
642 139 21:0 642
642 34053 21:0 645
644 33809 21:0 645
644 61 21:0 645
644 81 21:0 645
644 135 21:0 645
647 143 21:0 647
647 34055 21:0 650
649 34054 21:0 668
651 755 1:0 653
652 155 1:0 652
652 149 1:0 652
652 159 1:0 652
652 161 1:0 652
652 157 1:0 652
667 141 21:0 667
667 34056 21:0 716
715 33833 21:0 716
715 33834 21:0 716
715 33847 21:0 716
715 33821 21:0 716
715 151 21:0 718
717 157 21:0 717
717 755 21:0 718
718 34086 21:0 721
720 153 21:0 721
720 63 21:0 721
720 45 21:0 721
720 33842 21:0 721
723 161 21:0 723
723 34088 21:0 726
725 34087 21:0 744
727 755 1:0 729
728 173 1:0 728
728 167 1:0 728
728 175 1:0 728
728 179 1:0 728
728 177 1:0 728
743 159 21:0 743
743 34089 21:0 792
791 33841 21:0 792
791 33853 21:0 792
791 33838 21:0 792
791 33827 21:0 792
791 169 21:0 794
793 175 21:0 793
793 755 21:0 794
794 34119 21:0 797
796 33840 21:0 797
796 171 21:0 797
796 43 21:0 797
796 25 21:0 797
799 179 21:0 799
799 34121 21:0 802
801 34120 21:0 820
803 755 1:0 805
804 195 1:0 804
804 193 1:0 804
804 197 1:0 804
819 177 21:0 819
819 34122 21:0 868
867 34135 21:0 867
867 33854 21:0 868
867 33886 21:0 868
867 33873 21:0 868
867 33874 21:0 868
867 189 21:0 870
869 193 21:0 869
869 755 21:0 870
870 34152 21:0 873
872 33867 21:0 873
872 187 21:0 873
872 27 21:0 873
872 9 21:0 873
875 197 21:0 875
875 34153 21:0 878
877 34154 21:0 896
879 755 1:0 881
880 203 1:0 880
880 211 1:0 880
880 213 1:0 880
880 215 1:0 880
895 195 21:0 895
895 34155 21:0 944
943 33860 21:0 944
943 33880 21:0 944
943 33866 21:0 944
943 33871 21:0 944
943 207 21:0 946
945 211 21:0 945
945 755 21:0 946
946 34185 21:0 949
948 7 21:0 949
948 33875 21:0 949
948 205 21:0 949
951 215 21:0 951
951 34187 21:0 954
953 34186 21:0 972
955 755 1:0 957
956 227 1:0 956
956 231 1:0 956
956 233 1:0 956
956 229 1:0 956
971 34196 21:0 971
971 213 21:0 971
971 34188 21:0 1020
1019 34205 21:0 1019
1019 34201 21:0 1019
1019 34190 21:0 1019
1019 33939 21:0 1020
1019 33933 21:0 1020
1019 33920 21:0 1020
1019 33908 21:0 1020
1019 225 21:0 1022
1021 229 21:0 1021
1021 755 21:0 1022
1022 34218 21:0 1025
1024 223 21:0 1025
1024 33937 21:0 1025
1024 3 21:0 1025
1027 34217 21:0 1027
1027 233 21:0 1027
1027 34219 21:0 1030
1029 34220 21:0 1048
1031 755 1:0 1033
1032 245 1:0 1032
1032 249 1:0 1032
1032 251 1:0 1032
1032 247 1:0 1032
1047 34229 21:0 1047
1047 231 21:0 1047
1047 34221 21:0 1096
1095 34238 21:0 1095
1095 34249 21:0 1095
1095 34234 21:0 1095
1095 34236 21:0 1095
1095 34223 21:0 1095
1095 33893 21:0 1096
1095 33932 21:0 1096
1095 33900 21:0 1096
1095 33906 21:0 1096
1095 243 21:0 1098
1097 247 21:0 1097
1097 755 21:0 1098
1098 34251 21:0 1101
1100 241 21:0 1101
1100 33946 21:0 1101
1103 251 21:0 1103
1103 34253 21:0 1106
1105 34252 21:0 1124
1107 755 1:0 1109
1108 257 1:0 1108
1108 265 1:0 1108
1108 267 1:0 1108
1108 269 1:0 1108
1123 34243 21:0 1123
1123 249 21:0 1123
1123 34254 21:0 1172
1171 34256 21:0 1171
1171 34269 21:0 1171
1171 34267 21:0 1171
1171 33904 21:0 1172
1171 33940 21:0 1172
1171 33907 21:0 1172
1171 33926 21:0 1172
1171 261 21:0 1174
1173 265 21:0 1173
1173 755 21:0 1174
1174 34284 21:0 1177
1176 33913 21:0 1177
1176 259 21:0 1177
1179 269 21:0 1179
1179 34286 21:0 1182
1181 34285 21:0 1200
1183 755 1:0 1185
1184 281 1:0 1184
1184 275 1:0 1184
1184 287 1:0 1184
1184 283 1:0 1184
1184 285 1:0 1184
1199 267 21:0 1199
1199 34287 21:0 1248
1247 34315 21:0 1247
1247 33941 21:0 1248
1247 33919 21:0 1248
1247 33899 21:0 1248
1247 33887 21:0 1248
1247 279 21:0 1250
1250 283 21:0 1250
1250 34317 21:0 1253
1252 33952 21:0 1253
1252 755 21:0 1253
1252 277 21:0 1253
1255 34316 21:0 1255
1255 287 21:0 1255
1255 34318 21:0 1258
1257 34319 21:0 1276
1259 755 1:0 1261
1260 293 1:0 1260
1260 301 1:0 1260
1260 303 1:0 1260
1260 305 1:0 1260
1275 34328 21:0 1275
1275 285 21:0 1275
1275 34320 21:0 1324
1323 34333 21:0 1323
1323 34336 21:0 1323
1323 34335 21:0 1323
1323 34031 21:0 1324
1323 34025 21:0 1324
1323 34012 21:0 1324
1323 33986 21:0 1324
1323 295 21:0 1326
1326 301 21:0 1326
1326 34350 21:0 1329
1328 33985 21:0 1329
1328 755 21:0 1329
1328 297 21:0 1329
1331 305 21:0 1331
1331 34352 21:0 1334
1333 34351 21:0 1352
1335 755 1:0 1337
1336 311 1:0 1336
1336 319 1:0 1336
1336 323 1:0 1336
1336 321 1:0 1336
1351 34361 21:0 1351
1351 303 21:0 1351
1351 34353 21:0 1400
1399 34370 21:0 1399
1399 34366 21:0 1399
1399 34381 21:0 1399
1399 34369 21:0 1399
1399 34036 21:0 1400
1399 34045 21:0 1400
1399 33970 21:0 1400
1399 34003 21:0 1400
1399 313 21:0 1402
1402 319 21:0 1402
1402 34383 21:0 1405
1404 34051 21:0 1405
1404 755 21:0 1405
1404 315 21:0 1405
1407 323 21:0 1407
1407 34384 21:0 1410
1409 34385 21:0 1428
1411 755 1:0 1413
1412 335 1:0 1412
1412 339 1:0 1412
1412 341 1:0 1412
1412 337 1:0 1412
1427 34394 21:0 1427
1427 34375 21:0 1427
1427 321 21:0 1427
1427 34386 21:0 1476
1475 34403 21:0 1475
1475 34399 21:0 1475
1475 34388 21:0 1475
1475 34395 21:0 1475
1475 34018 21:0 1476
1475 34006 21:0 1476
1475 34039 21:0 1476
1475 33979 21:0 1476
1475 333 21:0 1478
1478 337 21:0 1478
1478 34416 21:0 1481
1480 34019 21:0 1481
1480 755 21:0 1481
1480 331 21:0 1481
1483 34415 21:0 1483
1483 341 21:0 1483
1483 34418 21:0 1486
1485 34417 21:0 1504
1487 755 1:0 1489
1488 347 1:0 1488
1488 359 1:0 1488
1488 355 1:0 1488
1488 357 1:0 1488
1503 34427 21:0 1503
1503 339 21:0 1503
1503 34419 21:0 1552
1551 34447 21:0 1551
1551 34434 21:0 1551
1551 34421 21:0 1551
1551 34436 21:0 1551
1551 34428 21:0 1551
1551 34432 21:0 1551
1551 33972 21:0 1552
1551 33999 21:0 1552
1551 34038 21:0 1552
1551 33973 21:0 1552
1551 351 21:0 1554
1554 355 21:0 1554
1554 34449 21:0 1557
1556 755 21:0 1557
1556 349 21:0 1557
1556 33966 21:0 1557
1559 34448 21:0 1559
1559 359 21:0 1559
1559 34451 21:0 1562
1561 34450 21:0 1580
1563 755 1:0 1565
1564 365 1:0 1564
1564 371 1:0 1564
1564 373 1:0 1564
1564 375 1:0 1564
1564 377 1:0 1564
1579 357 21:0 1579
1579 34452 21:0 1628
1627 34454 21:0 1627
1627 34005 21:0 1628
1627 33965 21:0 1628
1627 33959 21:0 1628
1627 34040 21:0 1628
1627 369 21:0 1630
1630 373 21:0 1630
1630 34482 21:0 1633
1632 755 21:0 1633
1632 367 21:0 1633
1632 33992 21:0 1633
1635 377 21:0 1635
1635 34483 21:0 1638
1637 34484 21:0 1656
1639 755 1:0 1641
1640 383 1:0 1640
1640 389 1:0 1640
1640 391 1:0 1640
1640 395 1:0 1640
1640 393 1:0 1640
1655 375 21:0 1655
1655 34485 21:0 1704
1703 34487 21:0 1703
1703 34494 21:0 1703
1703 34498 21:0 1703
1703 34500 21:0 1703
1703 34501 21:0 1703
1703 34513 21:0 1703
1703 34502 21:0 1703
1703 33998 21:0 1704
1703 33974 21:0 1704
1703 33953 21:0 1704
1703 34007 21:0 1704
1703 385 21:0 1706
1706 391 21:0 1706
1706 34515 21:0 1709
1708 755 21:0 1709
1708 34032 21:0 1709
1708 387 21:0 1709
1711 34514 21:0 1711
1711 395 21:0 1711
1711 34516 21:0 1714
1713 34517 21:0 1732
1715 755 1:0 1717
1716 407 1:0 1716
1716 411 1:0 1716
1716 413 1:0 1716
1716 409 1:0 1716
1731 34507 21:0 1731
1731 393 21:0 1731
1731 34518 21:0 1780
1779 34546 21:0 1779
1779 34531 21:0 1779
1779 34534 21:0 1779
1779 34533 21:0 1779
1779 34535 21:0 1779
1779 34118 21:0 1780
1779 34052 21:0 1780
1779 34058 21:0 1780
1779 34168 21:0 1780
1779 403 21:0 1782
1782 409 21:0 1782
1782 34548 21:0 1785
1784 755 21:0 1785
1784 405 21:0 1785
1784 34124 21:0 1785
1787 413 21:0 1787
1787 34549 21:0 1790
1789 34550 21:0 1808
1791 755 1:0 1793
1792 419 1:0 1792
1792 427 1:0 1792
1792 431 1:0 1792
1792 429 1:0 1792
1807 34559 21:0 1807
1807 34540 21:0 1807
1807 411 21:0 1807
1807 34551 21:0 1856
1855 34560 21:0 1855
1855 34553 21:0 1855
1855 34566 21:0 1855
1855 34564 21:0 1855
1855 34567 21:0 1855
1855 34579 21:0 1855
1855 34568 21:0 1855
1855 34151 21:0 1856
1855 34071 21:0 1856
1855 34117 21:0 1856
1855 34177 21:0 1856
1855 423 21:0 1858
1858 427 21:0 1858
1858 34581 21:0 1861
1860 755 21:0 1861
1860 421 21:0 1861
1860 34171 21:0 1861
1863 431 21:0 1863
1863 34582 21:0 1866
1865 34583 21:0 1884
1867 755 1:0 1869
1868 443 1:0 1868
1868 447 1:0 1868
1868 445 1:0 1868
1868 449 1:0 1868
1883 34573 21:0 1883
1883 429 21:0 1883
1883 34584 21:0 1932
1931 34091 21:0 1932
1931 34106 21:0 1932
1931 34104 21:0 1932
1931 34097 21:0 1932
1931 439 21:0 1934
1934 445 21:0 1934
1934 34614 21:0 1937
1936 34172 21:0 1937
1936 755 21:0 1937
1936 441 21:0 1937
1939 449 21:0 1939
1939 34616 21:0 1942
1941 34615 21:0 1960
1943 755 1:0 1945
1944 455 1:0 1944
1944 461 1:0 1944
1944 467 1:0 1944
1944 463 1:0 1944
1944 465 1:0 1944
1959 447 21:0 1959
1959 34617 21:0 2008
2007 34645 21:0 2007
2007 34170 21:0 2008
2007 755 21:0 2008
2007 34164 21:0 2008
2007 34064 21:0 2008
2007 34065 21:0 2008
2010 463 21:0 2010
2010 34647 21:0 2013
2012 34130 21:0 2013
2012 457 21:0 2013
2012 459 21:0 2013
2015 34646 21:0 2015
2015 467 21:0 2015
2015 34649 21:0 2018
2017 34648 21:0 2036
2019 755 1:0 2021
2020 479 1:0 2020
2020 473 1:0 2020
2020 485 1:0 2020
2020 481 1:0 2020
2020 483 1:0 2020
2035 34639 21:0 2035
2035 465 21:0 2035
2035 34650 21:0 2084
2083 34652 21:0 2083
2083 34131 21:0 2084
2083 34102 21:0 2084
2083 34111 21:0 2084
2083 34105 21:0 2084
2083 475 21:0 2086
2086 481 21:0 2086
2086 34680 21:0 2089
2088 34084 21:0 2089
2088 477 21:0 2089
2088 755 21:0 2089
2091 485 21:0 2091
2091 34682 21:0 2094
2093 34681 21:0 2112
2095 755 1:0 2097
2096 497 1:0 2096
2096 499 1:0 2096
2096 501 1:0 2096
2096 503 1:0 2096
2111 34683 21:0 2160
2159 483 21:0 2165
2164 34078 21:0 2165
2164 495 21:0 2165
2164 493 21:0 2165
2164 34069 21:0 2165
2164 755 21:0 2165
2165 503 21:0 2188
2171 755 1:0 2173
2172 515 1:0 2172
2172 509 1:0 2172
2172 521 1:0 2172
2172 517 1:0 2172
2172 519 1:0 2172
2187 501 21:0 2187
2187 499 21:0 2236
2235 34713 21:0 2241
2240 511 21:0 2241
2240 755 21:0 2241
2240 34085 21:0 2241
2240 34072 21:0 2241
2240 513 21:0 2241
2241 521 21:0 2264
2247 755 1:0 2249
2248 537 1:0 2248
2248 535 1:0 2248
2248 539 1:0 2248
2263 519 21:0 2263
2263 517 21:0 2312
2311 34714 21:0 2317
2316 755 21:0 2317
2316 34183 21:0 2317
2316 529 21:0 2317
2316 531 21:0 2317
2316 34098 21:0 2317
2317 539 21:0 2340
2323 755 1:0 2325
2324 551 1:0 2324
2324 545 1:0 2324
2324 553 1:0 2324
2324 557 1:0 2324
2324 555 1:0 2324
2339 537 21:0 2339
2339 535 21:0 2388
2387 34810 21:0 2387
2387 34797 21:0 2387
2387 34715 21:0 2393
2392 34812 21:0 2392
2392 755 21:0 2393
2392 547 21:0 2393
2392 549 21:0 2393
2392 34073 21:0 2393
2392 34144 21:0 2393
2393 557 21:0 2416
2399 755 1:0 2401
2400 563 1:0 2400
2400 571 1:0 2400
2400 573 1:0 2400
2400 575 1:0 2400
2415 34814 21:0 2415
2415 34815 21:0 2415
2415 34813 21:0 2415
2415 555 21:0 2415
2415 553 21:0 2464
2463 34716 21:0 2469
2468 34845 21:0 2468
2468 755 21:0 2469
2468 34137 21:0 2469
2468 34150 21:0 2469
2468 567 21:0 2469
2468 565 21:0 2469
2469 575 21:0 2492
2475 755 1:0 2477
2476 587 1:0 2476
2476 581 1:0 2476
2476 589 1:0 2476
2476 593 1:0 2476
2476 591 1:0 2476
2491 34846 21:0 2491
2491 34847 21:0 2491
2491 34848 21:0 2491
2491 573 21:0 2491
2491 571 21:0 2540
2539 34863 21:0 2539
2539 34864 21:0 2539
2539 34865 21:0 2539
2539 34746 21:0 2545
2544 34878 21:0 2544
2544 583 21:0 2545
2544 755 21:0 2545
2544 34163 21:0 2545
2544 34139 21:0 2545
2544 585 21:0 2545
2545 593 21:0 2568
2551 755 1:0 2553
2552 605 1:0 2552
2552 599 1:0 2552
2552 607 1:0 2552
2552 609 1:0 2552
2552 611 1:0 2552
2567 34889 21:0 2567
2567 34881 21:0 2567
2567 34879 21:0 2567
2567 34880 21:0 2567
2567 591 21:0 2567
2567 589 21:0 2616
2615 34747 21:0 2621
2620 34911 21:0 2620
2620 34157 21:0 2621
2620 603 21:0 2621
2620 601 21:0 2621
2620 34138 21:0 2621
2620 755 21:0 2621
2621 611 21:0 2644
2627 755 1:0 2629
2628 617 1:0 2628
2628 623 1:0 2628
2628 627 1:0 2628
2628 625 1:0 2628
2628 629 1:0 2628
2643 34912 21:0 2643
2643 34913 21:0 2643
2643 34914 21:0 2643
2643 609 21:0 2643
2643 607 21:0 2692
2691 34929 21:0 2691
2691 34942 21:0 2691
2691 34748 21:0 2697
2696 34944 21:0 2696
2696 619 21:0 2697
2696 755 21:0 2697
2696 621 21:0 2697
2696 34203 21:0 2697
2696 34210 21:0 2697
2697 34943 21:0 2697
2697 629 21:0 2720
2703 755 1:0 2705
2704 641 1:0 2704
2704 635 1:0 2704
2704 643 1:0 2704
2704 645 1:0 2704
2704 647 1:0 2704
2719 34936 21:0 2719
2719 34945 21:0 2719
2719 34946 21:0 2719
2719 34947 21:0 2719
2719 627 21:0 2719
2719 625 21:0 2768
2767 34749 21:0 2773
2772 34977 21:0 2772
2772 755 21:0 2773
2772 34197 21:0 2773
2772 34441 21:0 2773
2772 639 21:0 2773
2772 637 21:0 2773
2773 647 21:0 2796
2779 755 1:0 2781
2780 653 1:0 2780
2780 665 1:0 2780
2780 661 1:0 2780
2780 663 1:0 2780
2795 34979 21:0 2795
2795 34978 21:0 2795
2795 34980 21:0 2795
2795 645 21:0 2795
2795 643 21:0 2844
2843 34779 21:0 2849
2848 35010 21:0 2848
2848 655 21:0 2849
2848 657 21:0 2849
2848 34237 21:0 2849
2848 34547 21:0 2849
2848 755 21:0 2849
2849 665 21:0 2872
2855 755 1:0 2857
2856 677 1:0 2856
2856 671 1:0 2856
2856 681 1:0 2856
2856 679 1:0 2856
2856 683 1:0 2856
2871 35012 21:0 2871
2871 35013 21:0 2871
2871 35011 21:0 2871
2871 663 21:0 2871
2871 661 21:0 2920
2919 34781 21:0 2925
2924 35043 21:0 2924
2924 239 21:0 2925
2924 673 21:0 2925
2924 675 21:0 2925
2924 755 21:0 2925
2925 683 21:0 2948
2931 755 1:0 2933
2932 693 1:0 2932
2932 689 1:0 2932
2932 695 1:0 2932
2932 697 1:0 2932
2932 701 1:0 2932
2932 699 1:0 2932
2947 35044 21:0 2947
2947 35045 21:0 2947
2947 35046 21:0 2947
2947 681 21:0 2947
2947 679 21:0 2996
2995 34780 21:0 3001
3000 35076 21:0 3000
3000 34270 21:0 3001
3000 693 21:0 3001
3000 691 21:0 3001
3000 34382 21:0 3001
3000 755 21:0 3001
3001 701 21:0 3024
3007 755 1:0 3009
3008 709 1:0 3008
3008 711 1:0 3008
3008 713 1:0 3008
3008 707 1:0 3008
3008 719 1:0 3008
3008 715 1:0 3008
3008 717 1:0 3008
3023 35077 21:0 3023
3023 35078 21:0 3023
3023 35079 21:0 3023
3023 699 21:0 3023
3023 697 21:0 3072
3071 34782 21:0 3077
3076 35109 21:0 3076
3076 34300 21:0 3077
3076 34295 21:0 3077
3076 755 21:0 3077
3076 711 21:0 3077
3076 709 21:0 3077
3077 719 21:0 3101
3081 3 1:0 3084
3085 755 1:0 3086
3096 7 1:0 3097
3096 9 1:0 3101
3100 35111 21:0 3100
3100 35110 21:0 3100
3100 35112 21:0 3100
3100 15 1:0 3100
3100 17 1:0 3100
3100 13 1:0 3100
3100 717 21:0 3100
3100 715 21:0 3149
3148 7 21:0 3149
3148 3 21:0 3149
3148 755 21:0 3151
3151 35143 21:0 3154
3153 35115 21:0 3154
3153 9 21:0 3154
3156 35145 21:0 3159
3158 35144 21:0 3177
3160 755 1:0 3162
3172 25 1:0 3173
3172 27 1:0 3177
3176 31 1:0 3176
3176 35 1:0 3176
3176 33 1:0 3176
3176 35146 21:0 3225
3224 29 21:0 3224
3224 35128 21:0 3225
3224 35126 21:0 3225
3224 35122 21:0 3225
3224 35121 21:0 3225
3224 25 21:0 3227
3227 35176 21:0 3230
3229 13 21:0 3235
3234 35178 21:0 3290
3248 43 1:0 3249
3248 45 1:0 3253
3252 51 1:0 3252
3252 53 1:0 3252
3252 49 1:0 3252
3289 41 21:0 3289
3289 35179 21:0 3301
3300 47 21:0 3300
3300 35177 21:0 3306
3305 35209 21:0 3306
3305 35135 21:0 3308
3307 755 21:0 3308
3308 35211 21:0 3311
3310 35210 21:0 3329
3312 755 1:0 3314
3324 61 1:0 3325
3324 63 1:0 3329
3328 59 21:0 3328
3328 69 1:0 3328
3328 71 1:0 3328
3328 67 1:0 3328
3328 35212 21:0 3377
3376 65 21:0 3376
3376 17 21:0 3382
3381 35242 21:0 3387
3386 15 21:0 3442
3400 79 1:0 3401
3400 81 1:0 3405
3404 87 1:0 3404
3404 89 1:0 3404
3404 85 1:0 3404
3441 77 21:0 3441
3441 35244 21:0 3453
3452 83 21:0 3452
3452 35245 21:0 3458
3457 35243 21:0 3458
3457 35275 21:0 3463
3462 35277 21:0 3464
3463 35276 21:0 3518
3476 97 1:0 3477
3476 99 1:0 3481
3480 105 1:0 3480
3480 107 1:0 3480
3480 103 1:0 3480
3517 95 21:0 3517
3517 35278 21:0 3529
3528 101 21:0 3528
3528 31 21:0 3534
3533 35308 21:0 3539
3538 35310 21:0 3553
3552 35319 21:0 3552
3552 115 1:0 3553
3552 117 1:0 3557
3552 35309 21:0 3605
3556 123 1:0 3556
3556 125 1:0 3556
3556 121 1:0 3556
3604 119 21:0 3604
3604 35326 21:0 3604
3604 35313 21:0 3604
3604 43 21:0 3605
3604 27 21:0 3605
3604 755 21:0 3605
3604 35130 21:0 3605
3604 35311 21:0 3605
3607 35341 21:0 3610
3609 61 21:0 3610
3609 45 21:0 3610
3609 35141 21:0 3610
3609 63 21:0 3610
3612 35340 21:0 3612
3612 35343 21:0 3615
3614 35342 21:0 3633
3616 755 1:0 3618
3628 133 1:0 3629
3628 135 1:0 3633
3632 131 21:0 3632
3632 141 1:0 3632
3632 143 1:0 3632
3632 139 1:0 3632
3632 35344 21:0 3681
3680 35357 21:0 3680
3680 35359 21:0 3680
3680 35360 21:0 3680
3680 35361 21:0 3680
3680 35163 21:0 3681
3680 35129 21:0 3681
3680 35162 21:0 3681
3680 35155 21:0 3681
3680 79 21:0 3683
3682 755 21:0 3683
3683 35374 21:0 3686
3685 35 21:0 3691
3690 35373 21:0 3690
3690 35376 21:0 3746
3692 755 1:0 3694
3704 151 1:0 3705
3704 153 1:0 3709
3708 159 1:0 3708
3708 161 1:0 3708
3708 157 1:0 3708
3745 35366 21:0 3745
3745 35375 21:0 3757
3756 35405 21:0 3756
3756 35394 21:0 3756
3756 35377 21:0 3762
3761 35407 21:0 3762
3761 33 21:0 3781
3780 35418 21:0 3780
3780 159 21:0 3780
3780 161 21:0 3780
3780 169 1:0 3781
3780 171 1:0 3785
3780 35409 21:0 3833
3784 177 1:0 3784
3784 179 1:0 3784
3784 175 1:0 3784
3832 35427 21:0 3832
3832 35419 21:0 3832
3832 35412 21:0 3832
3832 35426 21:0 3832
3832 35408 21:0 3833
3832 35410 21:0 3838
3837 175 21:0 3837
3837 755 21:0 3838
3837 35440 21:0 3838
3840 179 21:0 3840
3840 35442 21:0 3843
3842 35441 21:0 3861
3844 755 1:0 3846
3856 187 1:0 3857
3856 189 1:0 3861
3860 185 21:0 3860
3860 195 1:0 3860
3860 197 1:0 3860
3860 193 1:0 3860
3860 177 21:0 3860
3860 35443 21:0 3909
3908 35456 21:0 3908
3908 35445 21:0 3908
3908 35459 21:0 3908
3908 49 21:0 3914
3913 193 21:0 3913
3913 35473 21:0 3919
3918 35472 21:0 3918
3918 197 21:0 3918
3918 53 21:0 3974
3932 205 1:0 3933
3932 207 1:0 3937
3936 213 1:0 3936
3936 215 1:0 3936
3936 211 1:0 3936
3973 35484 21:0 3973
3973 35465 21:0 3973
3973 35491 21:0 3973
3973 195 21:0 3973
3973 35475 21:0 3985
3984 35474 21:0 3990
3989 211 21:0 3989
3989 35476 21:0 3990
3989 35506 21:0 3995
3994 215 21:0 3994
3994 35508 21:0 3995
3994 35507 21:0 4050
4008 223 1:0 4009
4008 225 1:0 4013
4012 231 1:0 4012
4012 233 1:0 4012
4012 229 1:0 4012
4049 35518 21:0 4049
4049 35498 21:0 4049
4049 35517 21:0 4049
4049 213 21:0 4049
4049 35509 21:0 4061
4060 35537 21:0 4060
4060 35526 21:0 4060
4060 35161 21:0 4061
4060 35168 21:0 4061
4060 81 21:0 4061
4060 99 21:0 4063
4062 229 21:0 4062
4062 755 21:0 4063
4063 35539 21:0 4066
4065 51 21:0 4071
4070 233 21:0 4070
4070 239 1:0 4081
4070 35541 21:0 4126
4072 755 1:0 4074
4084 241 1:0 4085
4084 243 1:0 4089
4088 249 1:0 4088
4088 251 1:0 4088
4088 247 1:0 4088
4125 35557 21:0 4125
4125 35558 21:0 4125
4125 35550 21:0 4125
4125 231 21:0 4125
4125 35540 21:0 4137
4136 245 21:0 4136
4136 35570 21:0 4136
4136 35544 21:0 4136
4136 35542 21:0 4142
4141 247 21:0 4141
4141 67 21:0 4147
4146 35571 21:0 4146
4146 251 21:0 4146
4146 35572 21:0 4161
4160 249 21:0 4160
4160 259 1:0 4161
4160 261 1:0 4165
4160 35574 21:0 4213
4164 267 1:0 4164
4164 269 1:0 4164
4164 265 1:0 4164
4212 35591 21:0 4212
4212 35584 21:0 4212
4212 35575 21:0 4213
4212 35573 21:0 4218
4217 265 21:0 4217
4217 755 21:0 4218
4217 35605 21:0 4218
4220 269 21:0 4220
4220 35607 21:0 4223
4222 35606 21:0 4241
4224 755 1:0 4226
4236 277 1:0 4237
4236 279 1:0 4241
4240 285 1:0 4240
4240 287 1:0 4240
4240 283 1:0 4240
4240 267 21:0 4240
4240 35608 21:0 4289
4288 35625 21:0 4288
4288 35621 21:0 4288
4288 35148 21:0 4289
4288 35174 21:0 4289
4288 35142 21:0 4289
4288 35159 21:0 4289
4288 97 21:0 4291
4291 283 21:0 4291
4291 35638 21:0 4294
4293 71 21:0 4299
4298 287 21:0 4298
4298 35640 21:0 4354
4312 295 1:0 4313
4312 297 1:0 4317
4316 303 1:0 4316
4316 305 1:0 4316
4316 301 1:0 4316
4353 35656 21:0 4353
4353 285 21:0 4353
4353 69 21:0 4370
4369 35658 21:0 4369
4369 35643 21:0 4369
4369 301 21:0 4369
4369 35639 21:0 4370
4369 35641 21:0 4375
4374 35670 21:0 4374
4374 305 21:0 4374
4374 35671 21:0 4389
4388 35682 21:0 4388
4388 303 21:0 4388
4388 313 1:0 4389
4388 315 1:0 4393
4388 35673 21:0 4441
4392 321 1:0 4392
4392 323 1:0 4392
4392 319 1:0 4392
4440 35689 21:0 4440
4440 35674 21:0 4441
4440 35672 21:0 4446
4445 319 21:0 4445
4445 755 21:0 4446
4445 35704 21:0 4446
4448 323 21:0 4448
4448 35706 21:0 4451
4450 35705 21:0 4469
4452 755 1:0 4454
4464 331 1:0 4465
4464 333 1:0 4469
4468 339 1:0 4468
4468 341 1:0 4468
4468 337 1:0 4468
4468 321 21:0 4468
4468 35707 21:0 4517
4516 35716 21:0 4516
4516 35709 21:0 4516
4516 35154 21:0 4517
4516 35175 21:0 4517
4516 35225 21:0 4517
4516 35196 21:0 4517
4516 117 21:0 4519
4518 337 21:0 4518
4518 755 21:0 4519
4519 35737 21:0 4522
4521 115 21:0 4522
4521 135 21:0 4522
4521 133 21:0 4522
4521 35214 21:0 4522
4524 341 21:0 4524
4524 35739 21:0 4527
4526 85 21:0 4593
4528 755 1:0 4530
4540 349 1:0 4541
4540 351 1:0 4545
4544 357 1:0 4544
4544 359 1:0 4544
4544 355 1:0 4544
4592 35756 21:0 4592
4592 35748 21:0 4592
4592 35768 21:0 4592
4592 35729 21:0 4592
4592 339 21:0 4592
4592 35738 21:0 4593
4592 35740 21:0 4598
4597 355 21:0 4597
4597 89 21:0 4603
4602 35769 21:0 4602
4602 359 21:0 4602
4602 87 21:0 4669
4616 367 1:0 4617
4616 369 1:0 4621
4620 375 1:0 4620
4620 377 1:0 4620
4620 373 1:0 4620
4668 35775 21:0 4668
4668 35781 21:0 4668
4668 35788 21:0 4668
4668 35786 21:0 4668
4668 35789 21:0 4668
4668 35790 21:0 4668
4668 35782 21:0 4668
4668 357 21:0 4668
4668 35770 21:0 4674
4673 373 21:0 4673
4673 35772 21:0 4674
4673 35771 21:0 4679
4678 35802 21:0 4678
4678 377 21:0 4678
4678 35773 21:0 4679
4678 35803 21:0 4734
4692 385 1:0 4693
4692 387 1:0 4697
4696 393 1:0 4696
4696 395 1:0 4696
4696 391 1:0 4696
4733 35822 21:0 4733
4733 35814 21:0 4733
4733 35795 21:0 4733
4733 375 21:0 4733
4733 35805 21:0 4745
4744 35804 21:0 4750
4749 391 21:0 4749
4749 35806 21:0 4750
4749 35836 21:0 4755
4754 35835 21:0 4754
4754 395 21:0 4754
4754 35838 21:0 4769
4768 35828 21:0 4768
4768 393 21:0 4768
4768 403 1:0 4769
4768 405 1:0 4773
4768 35839 21:0 4821
4772 411 1:0 4772
4772 413 1:0 4772
4772 409 1:0 4772
4820 35841 21:0 4820
4820 153 21:0 4821
4820 35247 21:0 4821
4820 151 21:0 4821
4820 755 21:0 4821
4820 35837 21:0 4821
4823 409 21:0 4823
4823 35869 21:0 4826
4825 103 21:0 4831
4830 413 21:0 4830
4830 35871 21:0 4886
4832 755 1:0 4834
4844 421 1:0 4845
4844 423 1:0 4849
4848 429 1:0 4848
4848 431 1:0 4848
4848 427 1:0 4848
4885 35887 21:0 4885
4885 35881 21:0 4885
4885 35888 21:0 4885
4885 411 21:0 4885
4885 35870 21:0 4897
4896 35900 21:0 4896
4896 35889 21:0 4896
4896 35872 21:0 4902
4901 427 21:0 4901
4901 107 21:0 4907
4906 35901 21:0 4906
4906 431 21:0 4906
4906 35902 21:0 4921
4920 429 21:0 4920
4920 439 1:0 4921
4920 441 1:0 4925
4920 35904 21:0 4973
4924 447 1:0 4924
4924 449 1:0 4924
4924 445 1:0 4924
4972 35933 21:0 4972
4972 35907 21:0 4972
4972 35918 21:0 4972
4972 35903 21:0 4973
4972 35905 21:0 4978
4977 445 21:0 4977
4977 755 21:0 4978
4977 35935 21:0 4978
4980 35934 21:0 4980
4980 449 21:0 4980
4980 35937 21:0 4983
4982 35936 21:0 5001
4984 755 1:0 4986
4996 457 1:0 4997
4996 459 1:0 5001
5000 455 21:0 5000
5000 35946 21:0 5000
5000 465 1:0 5000
5000 467 1:0 5000
5000 463 1:0 5000
5000 447 21:0 5000
5000 35938 21:0 5049
5048 35966 21:0 5048
5048 35953 21:0 5048
5048 35955 21:0 5048
5048 35940 21:0 5048
5048 105 21:0 5054
5053 463 21:0 5053
5053 35968 21:0 5059
5058 35967 21:0 5058
5058 467 21:0 5058
5058 35970 21:0 5059
5058 35969 21:0 5114
5072 475 1:0 5073
5072 477 1:0 5077
5076 485 1:0 5076
5076 481 1:0 5076
5113 35987 21:0 5113
5113 35980 21:0 5113
5113 35984 21:0 5113
5113 465 21:0 5113
5113 35971 21:0 5125
5124 35999 21:0 5124
5124 35988 21:0 5124
5124 35973 21:0 5124
5124 35192 21:0 5125
5124 169 21:0 5125
5124 35228 21:0 5125
5124 755 21:0 5125
5124 35240 21:0 5125
5124 483 1:0 5131
5127 481 21:0 5127
5127 36001 21:0 5130
5129 189 21:0 5130
5129 35294 21:0 5130
5129 171 21:0 5130
5129 187 21:0 5130
5129 493 1:0 5133
5129 495 1:0 5133
5131 755 1:0 5133
5132 36000 21:0 5132
5132 485 21:0 5132
5132 36003 21:0 5135
5134 36002 21:0 5153
5134 499 1:0 5183
5152 36012 21:0 5152
5152 483 21:0 5152
5152 36004 21:0 5201
5184 503 1:0 5202
5200 36032 21:0 5200
5200 36013 21:0 5200
5200 36020 21:0 5200
5200 36021 21:0 5200
5200 36019 21:0 5200
5200 36006 21:0 5200
5200 35306 21:0 5201
5200 35300 21:0 5201
5200 35208 21:0 5201
5200 35260 21:0 5201
5200 205 21:0 5203
5203 499 21:0 5203
5203 36034 21:0 5206
5205 513 1:0 5209
5205 511 1:0 5209
5205 121 21:0 5211
5208 501 1:0 5208
5210 503 21:0 5210
5210 517 1:0 5259
5210 36036 21:0 5266
5260 521 1:0 5278
5265 36053 21:0 5265
5265 36045 21:0 5265
5265 501 21:0 5265
5265 125 21:0 5282
5281 517 21:0 5281
5281 36035 21:0 5282
5281 529 1:0 5285
5281 531 1:0 5285
5281 36037 21:0 5287
5284 519 1:0 5284
5286 36066 21:0 5286
5286 521 21:0 5286
5286 36067 21:0 5301
5286 535 1:0 5335
5300 36078 21:0 5300
5300 519 21:0 5300
5300 36069 21:0 5353
5336 539 1:0 5354
5352 36085 21:0 5352
5352 36087 21:0 5352
5352 36079 21:0 5352
5352 36068 21:0 5353
5352 36070 21:0 5358
5357 535 21:0 5357
5357 36100 21:0 5358
5357 547 1:0 5361
5357 549 1:0 5361
5357 123 21:0 5377
5360 537 1:0 5360
5362 553 1:0 5411
5376 36111 21:0 5376
5376 36099 21:0 5376
5376 537 21:0 5376
5376 539 21:0 5376
5376 36102 21:0 5429
5412 557 1:0 5430
5428 36131 21:0 5428
5428 36112 21:0 5428
5428 36118 21:0 5428
5428 36119 21:0 5428
5428 36101 21:0 5429
5428 36103 21:0 5434
5433 553 21:0 5433
5433 565 1:0 5437
5433 567 1:0 5437
5433 139 21:0 5439
5436 555 1:0 5436
5438 36132 21:0 5438
5438 557 21:0 5438
5438 571 1:0 5487
5438 36133 21:0 5489
5488 36145 21:0 5488
5488 36144 21:0 5488
5488 36125 21:0 5488
5488 555 21:0 5488
5488 36135 21:0 5505
5488 575 1:0 5506
5504 36164 21:0 5504
5504 36151 21:0 5504
5504 36152 21:0 5504
5504 36149 21:0 5504
5504 36153 21:0 5504
5504 36134 21:0 5505
5504 36136 21:0 5510
5509 571 21:0 5509
5509 585 1:0 5513
5509 583 1:0 5513
5509 36166 21:0 5515
5512 573 1:0 5512
5514 36165 21:0 5514
5514 575 21:0 5514
5514 589 1:0 5563
5514 143 21:0 5570
5564 593 1:0 5582
5569 36182 21:0 5569
5569 36185 21:0 5569
5569 36184 21:0 5569
5569 36178 21:0 5569
5569 573 21:0 5569
5569 36168 21:0 5581
5580 36197 21:0 5580
5580 36186 21:0 5580
5580 36171 21:0 5580
5580 36167 21:0 5586
5585 589 21:0 5585
5585 36169 21:0 5586
5585 601 1:0 5589
5585 603 1:0 5589
5585 36199 21:0 5591
5588 591 1:0 5588
5590 36198 21:0 5590
5590 593 21:0 5590
5590 36201 21:0 5605
5590 607 1:0 5639
5604 36210 21:0 5604
5604 36191 21:0 5604
5604 591 21:0 5604
5604 36200 21:0 5653
5640 611 1:0 5658
5652 605 21:0 5652
5652 36215 21:0 5652
5652 36219 21:0 5652
5652 36204 21:0 5652
5652 36202 21:0 5657
5656 225 21:0 5657
5656 223 21:0 5657
5656 207 21:0 5657
5656 755 21:0 5657
5656 35274 21:0 5657
5659 607 21:0 5659
5659 36232 21:0 5662
5661 259 21:0 5662
5661 35194 21:0 5662
5661 243 21:0 5662
5661 241 21:0 5662
5661 619 1:0 5665
5661 621 1:0 5665
5663 755 1:0 5665
5664 611 21:0 5664
5664 609 1:0 5664
5664 36234 21:0 5667
5666 36233 21:0 5685
5666 625 1:0 5715
5684 36224 21:0 5684
5684 609 21:0 5684
5684 36235 21:0 5733
5716 629 1:0 5734
5732 36263 21:0 5732
5732 36251 21:0 5732
5732 36252 21:0 5732
5732 36244 21:0 5732
5732 141 21:0 5738
5737 625 21:0 5737
5737 637 1:0 5741
5737 639 1:0 5741
5737 157 21:0 5743
5740 627 1:0 5740
5742 36264 21:0 5742
5742 629 21:0 5742
5742 643 1:0 5791
5742 36265 21:0 5798
5792 647 1:0 5810
5797 36281 21:0 5797
5797 36257 21:0 5797
5797 36284 21:0 5797
5797 36277 21:0 5797
5797 627 21:0 5797
5797 36267 21:0 5809
5808 36270 21:0 5808
5808 36285 21:0 5808
5808 36296 21:0 5808
5808 36266 21:0 5814
5813 643 21:0 5813
5813 36268 21:0 5814
5813 657 1:0 5817
5813 655 1:0 5817
5813 36298 21:0 5819
5816 645 1:0 5816
5818 36297 21:0 5818
5818 647 21:0 5818
5818 36300 21:0 5819
5818 661 1:0 5867
5818 36299 21:0 5874
5868 665 1:0 5886
5873 36317 21:0 5873
5873 645 21:0 5873
5873 36301 21:0 5885
5884 36318 21:0 5884
5884 36329 21:0 5884
5884 36303 21:0 5884
5884 35295 21:0 5885
5884 261 21:0 5885
5884 755 21:0 5885
5884 277 21:0 5885
5884 35286 21:0 5885
5887 661 21:0 5887
5887 36331 21:0 5890
5889 35241 21:0 5890
5889 297 21:0 5890
5889 295 21:0 5890
5889 279 21:0 5890
5889 673 1:0 5893
5889 675 1:0 5893
5891 755 1:0 5893
5892 36330 21:0 5892
5892 665 21:0 5892
5892 663 1:0 5892
5892 36333 21:0 5895
5894 36332 21:0 5913
5894 679 1:0 5943
5912 36342 21:0 5912
5912 36323 21:0 5912
5912 663 21:0 5912
5912 36334 21:0 5961
5944 683 1:0 5962
5960 36343 21:0 5960
5960 36350 21:0 5960
5960 36362 21:0 5960
5960 35229 21:0 5961
5960 35262 21:0 5961
5960 35280 21:0 5961
5960 35253 21:0 5961
5960 313 21:0 5963
5963 679 21:0 5963
5963 36364 21:0 5966
5965 35181 21:0 5966
5965 315 21:0 5966
5965 333 21:0 5966
5965 331 21:0 5966
5965 755 21:0 5966
5965 691 1:0 5969
5965 693 1:0 5969
5967 755 1:0 5969
5968 36363 21:0 5968
5968 683 21:0 5968
5968 681 1:0 5968
5968 36366 21:0 5971
5970 36365 21:0 5989
5970 697 1:0 6019
5988 36375 21:0 5988
5988 681 21:0 5988
5988 36367 21:0 6037
6020 701 1:0 6038
6036 36395 21:0 6036
6036 36380 21:0 6036
6036 36384 21:0 6036
6036 36376 21:0 6036
6036 36383 21:0 6036
6036 36382 21:0 6036
6036 36369 21:0 6036
6036 35221 21:0 6037
6036 35261 21:0 6037
6036 35254 21:0 6037
6036 35220 21:0 6037
6036 349 21:0 6039
6039 697 21:0 6039
6039 36397 21:0 6042
6041 755 21:0 6042
6041 35195 21:0 6042
6041 369 21:0 6042
6041 367 21:0 6042
6041 351 21:0 6042
6041 711 1:0 6045
6041 709 1:0 6045
6043 755 1:0 6045
6044 701 21:0 6044
6044 699 1:0 6044
6044 36399 21:0 6047
6046 36398 21:0 6065
6046 715 1:0 6095
6064 36389 21:0 6064
6064 699 21:0 6064
6064 36400 21:0 6113
6096 719 1:0 6114
6112 36428 21:0 6112
6112 36415 21:0 6112
6112 36417 21:0 6112
6112 36409 21:0 6112
6112 36416 21:0 6112
6112 36413 21:0 6112
6112 36402 21:0 6112
6112 35293 21:0 6113
6112 35207 21:0 6113
6112 35267 21:0 6113
6112 35258 21:0 6113
6112 385 21:0 6115
6113 35111 1:0 6113
6113 35110 1:0 6113
6113 35112 1:0 6113
6113 35109 1:0 6113
6113 717 1:0 6113
6113 736 1:0 6113
6115 36430 21:0 6118
6117 35234 21:0 6118
6117 755 21:0 6118
6117 387 21:0 6118
6117 403 21:0 6118
6117 405 21:0 6118
6120 36432 21:0 6123
6122 36431 21:0 6129
6128 36422 21:0 6128
6128 36433 21:0 6132
6131 35201 21:0 6132
6131 35287 21:0 6132
6131 35291 21:0 6132
6131 35227 21:0 6132
6131 35273 21:0 6132
6135 36436 21:0 6142
6141 35188 21:0 6142
6141 35187 21:0 6142
6141 421 21:0 6142
6141 423 21:0 6142
6141 35460 21:0 6142
6145 36440 21:0 6150
6149 441 21:0 6150
6149 35425 21:0 6150
6149 35669 21:0 6150
6149 439 21:0 6150
6149 35696 21:0 6150
6154 36443 21:0 6227
6184 755 1:0 6190
6189 699 1:0 6189
6189 701 1:0 6189
6189 697 1:0 6189
6189 35076 1:0 6189
6189 35077 1:0 6189
6189 35078 1:0 6189
6189 35079 1:0 6189
6226 736 21:0 6226
6226 717 21:0 6254
6253 36470 21:0 6254
6253 35616 21:0 6254
6253 35649 21:0 6254
6253 35327 21:0 6254
6253 755 21:0 6254
6253 36472 21:0 6254
6257 36493 21:0 6264
6263 709 21:0 6264
6263 711 21:0 6264
6263 35555 21:0 6264
6263 35636 21:0 6264
6263 35352 21:0 6264
6267 36497 21:0 6272
6271 457 21:0 6272
6271 35654 21:0 6272
6271 35657 21:0 6272
6271 35522 21:0 6272
6271 459 21:0 6272
6276 36500 21:0 6349
6306 755 1:0 6312
6311 681 1:0 6311
6311 679 1:0 6311
6311 683 1:0 6311
6311 35044 1:0 6311
6311 35045 1:0 6311
6311 35046 1:0 6311
6311 35043 1:0 6311
6348 715 21:0 6376
6375 36529 21:0 6376
6375 35583 21:0 6376
6375 36527 21:0 6376
6375 755 21:0 6376
6375 35504 21:0 6376
6375 35720 21:0 6376
6379 36550 21:0 6386
6385 691 21:0 6386
6385 693 21:0 6386
6385 35489 21:0 6386
6385 35690 21:0 6386
6385 35597 21:0 6386
6389 36554 21:0 6394
6393 35438 21:0 6394
6393 35439 21:0 6394
6393 475 21:0 6394
6393 35588 21:0 6394
6393 477 21:0 6394
6398 36557 21:0 6471
6428 755 1:0 6434
6433 665 1:0 6433
6433 661 1:0 6433
6433 663 1:0 6433
6433 35010 1:0 6433
6433 35012 1:0 6433
6433 35013 1:0 6433
6433 35011 1:0 6433
6470 699 21:0 6498
6497 36586 21:0 6498
6497 36584 21:0 6498
6497 35604 21:0 6498
6497 35610 21:0 6498
6497 755 21:0 6498
6497 35663 21:0 6498
6501 36607 21:0 6508
6507 35406 21:0 6508
6507 35577 21:0 6508
6507 675 21:0 6508
6507 673 21:0 6508
6507 35603 21:0 6508
6511 36611 21:0 6516
6515 495 21:0 6516
6515 493 21:0 6516
6515 35493 21:0 6516
6515 35715 21:0 6516
6515 35451 21:0 6516
6520 36614 21:0 6593
6550 755 1:0 6556
6555 643 1:0 6555
6555 645 1:0 6555
6555 647 1:0 6555
6555 34979 1:0 6555
6555 34977 1:0 6555
6555 34978 1:0 6555
6555 34980 1:0 6555
6592 719 21:0 6620
6619 36641 21:0 6620
6619 35637 21:0 6620
6619 36643 21:0 6620
6619 35524 21:0 6620
6619 755 21:0 6620
6619 35676 21:0 6620
6623 36664 21:0 6630
6629 35722 21:0 6630
6629 35307 21:0 6630
6629 35485 21:0 6630
6629 657 21:0 6630
6629 655 21:0 6630
6633 36668 21:0 6638
6637 35379 21:0 6638
6637 511 21:0 6638
6637 35346 21:0 6638
6637 35624 21:0 6638
6637 513 21:0 6638
6642 36671 21:0 6715
6672 755 1:0 6678
6677 34929 1:0 6677
6677 34943 1:0 6677
6677 34942 1:0 6677
6677 34936 1:0 6677
6677 627 1:0 6677
6677 629 1:0 6677
6677 625 1:0 6677
6677 34945 1:0 6677
6677 34944 1:0 6677
6677 34946 1:0 6677
6677 34947 1:0 6677
6714 701 21:0 6742
6741 36700 21:0 6742
6741 35590 21:0 6742
6741 35702 21:0 6742
6741 35630 21:0 6742
6741 639 21:0 6742
6741 755 21:0 6742
6745 36721 21:0 6752
6751 637 21:0 6752
6751 36698 21:0 6752
6751 35757 21:0 6752
6751 35867 21:0 6752
6751 36072 21:0 6752
6755 36725 21:0 6760
6759 35979 21:0 6760
6759 35894 21:0 6760
6759 35823 21:0 6760
6759 529 21:0 6760
6759 531 21:0 6760
6764 36728 21:0 6837
6794 755 1:0 6800
6799 605 1:0 6799
6799 609 1:0 6799
6799 611 1:0 6799
6799 607 1:0 6799
6799 34912 1:0 6799
6799 34913 1:0 6799
6799 34914 1:0 6799
6799 34911 1:0 6799
6836 681 21:0 6864
6863 619 21:0 6864
6863 35650 21:0 6864
6863 36755 21:0 6864
6863 755 21:0 6864
6863 35742 21:0 6864
6863 36046 21:0 6864
6867 36778 21:0 6874
6873 621 21:0 6874
6873 35951 21:0 6874
6873 36757 21:0 6874
6873 35386 21:0 6874
6873 36026 21:0 6874
6877 36782 21:0 6882
6881 547 21:0 6882
6881 35753 21:0 6882
6881 35432 21:0 6882
6881 35736 21:0 6882
6881 549 21:0 6882
6886 36785 21:0 6959
6916 755 1:0 6922
6921 34863 1:0 6921
6921 34864 1:0 6921
6921 34865 1:0 6921
6921 34889 1:0 6921
6921 591 1:0 6921
6921 593 1:0 6921
6921 589 1:0 6921
6921 34881 1:0 6921
6921 34878 1:0 6921
6921 34879 1:0 6921
6921 34880 1:0 6921
6958 683 21:0 6986
6985 755 21:0 6986
6985 35353 21:0 6986
6985 36812 21:0 6986
6985 36814 21:0 6986
6985 35559 21:0 6986
6985 35920 21:0 6986
6989 36835 21:0 6996
6995 603 21:0 6996
6995 35927 21:0 6996
6995 35333 21:0 6996
6995 35861 21:0 6996
6995 601 21:0 6996
6999 36839 21:0 7004
7003 567 21:0 7004
7003 35834 21:0 7004
7003 36050 21:0 7004
7003 35723 21:0 7004
7003 565 21:0 7004
7008 36842 21:0 7081
7038 755 1:0 7044
7043 573 1:0 7043
7043 575 1:0 7043
7043 571 1:0 7043
7043 34846 1:0 7043
7043 34847 1:0 7043
7043 34848 1:0 7043
7043 34845 1:0 7043
7080 679 21:0 7108
7107 755 21:0 7108
7107 36871 21:0 7108
7107 36869 21:0 7108
7107 36120 21:0 7108
7107 35372 21:0 7108
7107 35856 21:0 7108
7111 573 21:0 7111
7111 36892 21:0 7118
7117 35691 21:0 7118
7117 583 21:0 7118
7117 35954 21:0 7118
7117 36138 21:0 7118
7117 585 21:0 7118
7121 36896 21:0 7126
7125 35564 21:0 7126
7125 35735 21:0 7126
7125 35801 21:0 7126
7130 36899 21:0 7203
7151 567 1:0 7183
7160 755 1:0 7166
7185 565 1:0 7191
7190 34810 1:0 7190
7190 34797 1:0 7190
7190 555 1:0 7190
7190 557 1:0 7190
7190 553 1:0 7190
7190 34814 1:0 7190
7190 34815 1:0 7190
7190 34812 1:0 7190
7190 34813 1:0 7190
7202 697 21:0 7230
7229 36928 21:0 7230
7229 36926 21:0 7230
7229 35399 21:0 7230
7229 35855 21:0 7230
7229 755 21:0 7230
7229 35993 21:0 7230
7233 36949 21:0 7240
7239 36017 21:0 7240
7239 695 21:0 7240
7239 565 21:0 7240
7239 567 21:0 7240
7243 36953 21:0 7248
7247 35819 21:0 7248
7247 569 21:0 7248
7252 36956 21:0 7325
7273 549 1:0 7303
7282 755 1:0 7288
7304 547 1:0 7311
7312 34782 1:0 7347
7324 647 21:0 7352
7348 34780 1:0 7350
7349 537 1:0 7349
7351 36988 21:0 7351
7351 755 21:0 7352
7351 547 21:0 7352
7351 545 21:0 7352
7351 36983 21:0 7352
7351 36237 21:0 7352
7351 34781 1:0 7354
7353 539 1:0 7353
7355 37006 21:0 7362
7361 167 21:0 7362
7361 36985 21:0 7362
7361 36052 21:0 7362
7361 549 21:0 7362
7361 34779 1:0 7363
7362 535 1:0 7362
7365 37010 21:0 7370
7369 191 21:0 7370
7369 35505 21:0 7370
7374 37013 21:0 7447
7395 531 1:0 7425
7404 755 1:0 7410
7426 529 1:0 7433
7434 34749 1:0 7469
7446 663 21:0 7474
7470 34748 1:0 7472
7471 519 1:0 7471
7473 37045 21:0 7474
7473 529 21:0 7474
7473 35852 21:0 7474
7473 755 21:0 7474
7473 37042 21:0 7474
7473 34747 1:0 7475
7474 521 1:0 7474
7477 37063 21:0 7484
7483 36116 21:0 7484
7483 531 21:0 7484
7483 527 21:0 7484
7483 37040 21:0 7484
7483 34746 1:0 7485
7484 517 1:0 7484
7487 37067 21:0 7492
7491 36243 21:0 7492
7491 275 21:0 7492
7496 37070 21:0 7569
7517 513 1:0 7547
7526 755 1:0 7532
7548 511 1:0 7555
7556 34716 1:0 7591
7568 37088 21:0 7568
7568 665 21:0 7596
7592 34715 1:0 7594
7593 501 1:0 7593
7595 37097 21:0 7596
7595 755 21:0 7596
7595 36217 21:0 7596
7595 37102 21:0 7596
7595 37099 21:0 7596
7595 34714 1:0 7597
7596 503 1:0 7596
7599 37120 21:0 7606
7605 35848 21:0 7606
7605 511 21:0 7606
7605 513 21:0 7606
7605 599 21:0 7606
7605 34713 1:0 7607
7606 499 1:0 7606
7609 37124 21:0 7614
7613 623 21:0 7614
7613 36098 21:0 7614
7618 499 21:0 7618
7618 37127 21:0 7691
7639 495 1:0 7669
7648 755 1:0 7654
7670 493 1:0 7677
7678 34683 1:0 7713
7690 661 21:0 7718
7714 34681 1:0 7716
7715 483 1:0 7715
7717 755 21:0 7718
7717 493 21:0 7718
7717 37145 21:0 7718
7717 36065 21:0 7718
7717 37156 21:0 7718
7717 34682 1:0 7720
7719 485 1:0 7719
7721 37177 21:0 7728
7727 37154 21:0 7728
7727 497 21:0 7728
7727 36290 21:0 7728
7727 495 21:0 7728
7727 34680 1:0 7729
7728 481 1:0 7728
7731 37181 21:0 7736
7735 515 21:0 7736
7735 36218 21:0 7736
7740 481 21:0 7740
7740 37184 21:0 7813
7761 477 1:0 7791
7770 755 1:0 7776
7792 475 1:0 7799
7798 34652 1:0 7798
7800 34650 1:0 7835
7812 645 21:0 7840
7836 34648 1:0 7838
7837 465 1:0 7837
7839 37216 21:0 7839
7839 37213 21:0 7840
7839 37211 21:0 7840
7839 37202 21:0 7840
7839 755 21:0 7840
7839 36250 21:0 7840
7839 34649 1:0 7842
7841 34646 1:0 7841
7841 467 1:0 7841
7843 37234 21:0 7850
7849 475 21:0 7850
7849 477 21:0 7850
7849 35880 21:0 7850
7849 37159 21:0 7850
7849 34647 1:0 7851
7850 34639 1:0 7850
7850 34645 1:0 7850
7850 463 1:0 7850
7853 467 21:0 7853
7853 37238 21:0 7858
7857 35815 21:0 7858
7857 479 21:0 7858
7862 463 21:0 7862
7862 37241 21:0 7935
7883 459 1:0 7913
7892 755 1:0 7898
7914 457 1:0 7921
7920 455 1:0 7920
7922 34617 1:0 7957
7934 643 21:0 7962
7958 34615 1:0 7960
7959 447 1:0 7959
7961 755 21:0 7962
7961 35393 21:0 7962
7961 563 21:0 7962
7961 37268 21:0 7962
7961 37270 21:0 7962
7961 34616 1:0 7964
7963 449 1:0 7963
7965 447 21:0 7965
7965 37291 21:0 7972
7971 35703 21:0 7972
7971 36475 21:0 7972
7971 459 21:0 7972
7971 457 21:0 7972
7971 34614 1:0 7973
7972 445 1:0 7972
7975 449 21:0 7975
7975 37295 21:0 7980
7979 36349 21:0 7980
7979 581 21:0 7980
7984 445 21:0 7984
7984 37298 21:0 8057
8005 441 1:0 8035
8014 755 1:0 8020
8036 439 1:0 8043
8044 34584 1:0 8079
8056 627 21:0 8084
8080 34583 1:0 8082
8081 429 1:0 8081
8083 37330 21:0 8083
8083 37327 21:0 8084
8083 755 21:0 8084
8083 443 21:0 8084
8083 37325 21:0 8084
8083 35687 21:0 8084
8083 34582 1:0 8085
8084 431 1:0 8084
8087 429 21:0 8087
8087 37348 21:0 8094
8093 36396 21:0 8094
8093 37273 21:0 8094
8093 441 21:0 8094
8093 439 21:0 8094
8093 34581 1:0 8095
8094 34573 1:0 8094
8094 34566 1:0 8094
8094 34564 1:0 8094
8094 34567 1:0 8094
8094 34579 1:0 8094
8094 34568 1:0 8094
8094 427 1:0 8094
8097 431 21:0 8097
8097 37352 21:0 8102
8101 35538 21:0 8102
8101 37259 21:0 8102
8106 427 21:0 8106
8106 37355 21:0 8179
8127 423 1:0 8157
8136 755 1:0 8142
8156 34560 1:0 8156
8158 421 1:0 8165
8164 34559 1:0 8164
8164 34553 1:0 8164
8166 34551 1:0 8201
8178 629 21:0 8206
8202 34550 1:0 8204
8203 411 1:0 8203
8205 37382 21:0 8206
8205 37384 21:0 8206
8205 37373 21:0 8206
8205 755 21:0 8206
8205 423 21:0 8206
8205 421 21:0 8206
8205 34549 1:0 8207
8205 34547 1:0 8211
8209 411 21:0 8209
8209 37405 21:0 8216
8210 413 1:0 8210
8215 37387 21:0 8216
8215 35683 21:0 8216
8215 34548 1:0 8217
8216 34546 1:0 8216
8216 34531 1:0 8216
8216 34534 1:0 8216
8216 34533 1:0 8216
8216 34535 1:0 8216
8216 34540 1:0 8216
8216 409 1:0 8216
8219 413 21:0 8219
8219 37409 21:0 8224
8223 419 21:0 8224
8223 35525 21:0 8224
8228 409 21:0 8228
8228 37412 21:0 8301
8249 405 1:0 8279
8258 755 1:0 8264
8280 403 1:0 8287
8288 34518 1:0 8323
8300 625 21:0 8328
8324 34517 1:0 8326
8325 393 1:0 8325
8327 37444 21:0 8327
8327 37439 21:0 8328
8327 37430 21:0 8328
8327 403 21:0 8328
8327 755 21:0 8328
8327 405 21:0 8328
8327 37441 21:0 8328
8327 34516 1:0 8329
8328 34514 1:0 8328
8328 395 1:0 8328
8331 393 21:0 8331
8331 37462 21:0 8338
8337 35922 21:0 8338
8337 36803 21:0 8338
8337 34515 1:0 8339
8338 34498 1:0 8338
8338 34500 1:0 8338
8338 34501 1:0 8338
8338 34513 1:0 8338
8338 34502 1:0 8338
8338 34507 1:0 8338
8338 391 1:0 8338
8341 395 21:0 8341
8341 37466 21:0 8346
8345 35511 21:0 8346
8345 36817 21:0 8346
8350 391 21:0 8350
8350 37469 21:0 8423
8371 387 1:0 8401
8380 755 1:0 8386
8400 34494 1:0 8400
8402 385 1:0 8409
8408 34487 1:0 8408
8410 34485 1:0 8445
8422 37487 21:0 8422
8422 609 21:0 8450
8446 34484 1:0 8448
8447 375 1:0 8447
8449 755 21:0 8450
8449 37501 21:0 8450
8449 37498 21:0 8450
8449 36310 21:0 8450
8449 37496 21:0 8450
8449 34483 1:0 8451
8450 377 1:0 8450
8453 375 21:0 8453
8453 37519 21:0 8460
8459 387 21:0 8460
8459 35724 21:0 8460
8459 385 21:0 8460
8459 36689 21:0 8460
8459 34482 1:0 8461
8460 373 1:0 8460
8463 377 21:0 8463
8463 37523 21:0 8468
8467 36033 21:0 8468
8467 461 21:0 8468
8472 373 21:0 8472
8472 37526 21:0 8545
8493 369 1:0 8523
8502 755 1:0 8508
8524 367 1:0 8531
8530 34454 1:0 8530
8532 34452 1:0 8567
8544 37544 21:0 8544
8544 553 21:0 8572
8568 34450 1:0 8570
8569 357 1:0 8569
8571 36518 21:0 8572
8571 755 21:0 8572
8571 37555 21:0 8572
8571 35960 21:0 8572
8571 37553 21:0 8572
8571 34451 1:0 8574
8573 34448 1:0 8573
8573 359 1:0 8573
8575 357 21:0 8575
8575 37576 21:0 8582
8581 367 21:0 8582
8581 389 21:0 8582
8581 369 21:0 8582
8581 35617 21:0 8582
8581 34449 1:0 8583
8582 34447 1:0 8582
8582 355 1:0 8582
8585 359 21:0 8585
8585 37580 21:0 8590
8589 36314 21:0 8590
8589 36931 21:0 8590
8589 34441 1:0 8596
8594 355 21:0 8594
8594 37583 21:0 8667
8595 34434 1:0 8595
8595 34436 1:0 8595
8595 34432 1:0 8595
8615 351 1:0 8645
8624 755 1:0 8630
8644 34428 1:0 8644
8646 349 1:0 8653
8652 34427 1:0 8652
8652 34421 1:0 8652
8654 34419 1:0 8689
8666 571 21:0 8694
8690 34417 1:0 8692
8691 339 1:0 8691
8693 755 21:0 8694
8693 37612 21:0 8694
8693 353 21:0 8694
8693 36105 21:0 8694
8693 37610 21:0 8694
8693 34418 1:0 8696
8695 34415 1:0 8695
8695 341 1:0 8695
8697 339 21:0 8697
8697 37633 21:0 8704
8703 35551 21:0 8704
8703 36874 21:0 8704
8703 349 21:0 8704
8703 351 21:0 8704
8703 34416 1:0 8705
8704 34403 1:0 8704
8704 34399 1:0 8704
8704 337 1:0 8704
8707 341 21:0 8707
8707 37637 21:0 8712
8711 36211 21:0 8712
8711 37558 21:0 8712
8716 337 21:0 8716
8716 37640 21:0 8789
8737 333 1:0 8767
8746 755 1:0 8752
8766 34395 1:0 8766
8768 331 1:0 8775
8774 34388 1:0 8774
8774 34394 1:0 8774
8776 34386 1:0 8811
8788 37658 21:0 8788
8788 593 21:0 8816
8812 34385 1:0 8814
8813 321 1:0 8813
8815 37672 21:0 8815
8815 335 21:0 8816
8815 755 21:0 8816
8815 35478 21:0 8816
8815 37667 21:0 8816
8815 37669 21:0 8816
8815 34384 1:0 8817
8815 34382 1:0 8821
8819 321 21:0 8819
8819 37690 21:0 8826
8820 323 1:0 8820
8825 329 21:0 8826
8825 333 21:0 8826
8825 331 21:0 8826
8825 36276 21:0 8826
8825 34383 1:0 8827
8826 34370 1:0 8826
8826 34366 1:0 8826
8826 34381 1:0 8826
8826 34375 1:0 8826
8826 34369 1:0 8826
8826 319 1:0 8826
8829 323 21:0 8829
8829 37694 21:0 8834
8833 36760 21:0 8834
8833 35868 21:0 8834
8838 319 21:0 8838
8838 37697 21:0 8911
8859 315 1:0 8889
8868 755 1:0 8874
8890 313 1:0 8897
8896 34361 1:0 8896
8898 34353 1:0 8933
8910 37715 21:0 8910
8910 591 21:0 8938
8934 34351 1:0 8936
8935 303 1:0 8935
8937 313 21:0 8938
8937 315 21:0 8938
8937 37726 21:0 8938
8937 755 21:0 8938
8937 37724 21:0 8938
8937 36575 21:0 8938
8937 34352 1:0 8940
8939 305 1:0 8939
8941 303 21:0 8941
8941 37747 21:0 8948
8947 35385 21:0 8948
8947 707 21:0 8948
8947 34350 1:0 8949
8948 34333 1:0 8948
8948 34336 1:0 8948
8948 34335 1:0 8948
8948 301 1:0 8948
8951 305 21:0 8951
8951 37751 21:0 8956
8955 671 21:0 8956
8955 35914 21:0 8956
8960 301 21:0 8960
8960 37754 21:0 9033
8981 297 1:0 9011
8990 755 1:0 8996
9012 295 1:0 9019
9018 34328 1:0 9018
9020 34320 1:0 9055
9032 575 21:0 9060
9056 34319 1:0 9058
9057 285 1:0 9057
9059 37783 21:0 9060
9059 37781 21:0 9060
9059 293 21:0 9060
9059 295 21:0 9060
9059 755 21:0 9060
9059 297 21:0 9060
9059 34318 1:0 9061
9060 34316 1:0 9060
9060 287 1:0 9060
9063 285 21:0 9063
9063 37804 21:0 9070
9069 35471 21:0 9070
9069 713 21:0 9070
9069 34317 1:0 9071
9070 34315 1:0 9070
9070 283 1:0 9070
9073 287 21:0 9073
9073 37808 21:0 9078
9077 689 21:0 9078
9077 36283 21:0 9078
9077 34295 1:0 9099
9077 279 1:0 9099
9082 283 21:0 9082
9082 37811 21:0 9155
9100 275 1:0 9141
9103 34300 1:0 9107
9112 755 1:0 9118
9134 277 1:0 9141
9142 34287 1:0 9177
9154 607 21:0 9182
9178 34285 1:0 9180
9179 267 1:0 9179
9181 37843 21:0 9181
9181 37840 21:0 9182
9181 37838 21:0 9182
9181 37829 21:0 9182
9181 35921 21:0 9182
9181 755 21:0 9182
9181 34286 1:0 9184
9183 269 1:0 9183
9185 267 21:0 9185
9185 37861 21:0 9192
9191 277 21:0 9192
9191 279 21:0 9192
9191 347 21:0 9192
9191 35390 21:0 9192
9191 34284 1:0 9193
9192 265 1:0 9192
9195 269 21:0 9195
9195 37865 21:0 9200
9199 653 21:0 9200
9199 36158 21:0 9200
9204 265 21:0 9204
9204 37868 21:0 9277
9225 34270 1:0 9229
9225 261 1:0 9255
9228 34269 1:0 9228
9228 34267 1:0 9228
9234 755 1:0 9240
9256 259 1:0 9263
9262 34256 1:0 9262
9264 34254 1:0 9299
9276 555 21:0 9304
9300 34252 1:0 9302
9301 249 1:0 9301
9303 35808 21:0 9304
9303 257 21:0 9304
9303 37895 21:0 9304
9303 37897 21:0 9304
9303 755 21:0 9304
9303 34253 1:0 9306
9307 249 21:0 9307
9307 37918 21:0 9314
9310 191 1:0 9312
9311 251 1:0 9311
9313 36230 21:0 9314
9313 263 21:0 9314
9313 259 21:0 9314
9313 261 21:0 9314
9313 34251 1:0 9315
9313 34237 1:0 9317
9317 251 21:0 9317
9317 37922 21:0 9322
9318 34210 1:0 9320
9318 34197 1:0 9320
9318 34203 1:0 9320
9318 167 1:0 9320
9319 34243 1:0 9319
9319 34249 1:0 9319
9319 247 1:0 9319
9321 35328 21:0 9322
9321 437 21:0 9322
9321 34163 1:0 9343
9321 34157 1:0 9343
9321 34139 1:0 9343
9321 34150 1:0 9343
9321 34138 1:0 9343
9326 247 21:0 9326
9326 37925 21:0 9399
9342 34238 1:0 9342
9344 34137 1:0 9346
9345 245 1:0 9345
9345 34234 1:0 9345
9345 34236 1:0 9345
9347 243 1:0 9377
9347 34073 1:0 9385
9356 755 1:0 9362
9378 241 1:0 9385
9384 34229 1:0 9384
9384 34223 1:0 9384
9386 34221 1:0 9421
9398 611 21:0 9426
9422 34144 1:0 9424
9422 34220 1:0 9424
9423 231 1:0 9423
9425 37957 21:0 9425
9425 37031 21:0 9426
9425 755 21:0 9426
9425 35324 21:0 9426
9425 37954 21:0 9426
9425 37952 21:0 9426
9425 34219 1:0 9427
9425 34098 1:0 9431
9429 231 21:0 9429
9429 37975 21:0 9436
9430 34217 1:0 9430
9432 34069 1:0 9434
9432 34078 1:0 9434
9432 34085 1:0 9434
9432 34072 1:0 9434
9432 34183 1:0 9434
9433 233 1:0 9433
9435 241 21:0 9436
9435 243 21:0 9436
9435 36356 21:0 9436
9435 605 21:0 9436
9435 34218 1:0 9437
9435 34084 1:0 9439
9439 233 21:0 9439
9439 37979 21:0 9444
9440 34102 1:0 9442
9440 34105 1:0 9442
9440 34131 1:0 9442
9440 34111 1:0 9442
9440 34130 1:0 9442
9441 229 1:0 9441
9443 455 21:0 9444
9443 35885 21:0 9444
9443 34172 1:0 9465
9443 34064 1:0 9465
9443 34065 1:0 9465
9443 34164 1:0 9465
9443 34170 1:0 9465
9448 229 21:0 9448
9448 37982 21:0 9521
9464 34205 1:0 9464
9466 34097 1:0 9468
9467 34201 1:0 9467
9469 225 1:0 9499
9469 34104 1:0 9507
9478 755 1:0 9484
9500 223 1:0 9507
9506 34196 1:0 9506
9506 34190 1:0 9506
9508 34188 1:0 9543
9520 557 21:0 9548
9544 34106 1:0 9546
9544 34186 1:0 9546
9545 213 1:0 9545
9547 38014 21:0 9547
9547 36347 21:0 9548
9547 38000 21:0 9548
9547 755 21:0 9548
9547 38009 21:0 9548
9547 38011 21:0 9548
9547 34187 1:0 9550
9547 34091 1:0 9553
9551 213 21:0 9551
9551 38032 21:0 9558
9554 34071 1:0 9556
9554 34177 1:0 9556
9554 34171 1:0 9556
9554 34151 1:0 9556
9554 34117 1:0 9556
9555 215 1:0 9555
9557 225 21:0 9558
9557 223 21:0 9558
9557 36092 21:0 9558
9557 425 21:0 9558
9557 34185 1:0 9559
9557 34124 1:0 9561
9561 215 21:0 9561
9561 38036 21:0 9566
9562 34058 1:0 9564
9562 34168 1:0 9564
9562 34032 1:0 9564
9562 34052 1:0 9564
9562 34118 1:0 9564
9563 211 1:0 9563
9565 37786 21:0 9566
9565 36316 21:0 9566
9565 33998 1:0 9582
9565 34007 1:0 9582
9565 207 1:0 9582
9565 205 1:0 9582
9565 33992 1:0 9582
9565 33953 1:0 9582
9565 33974 1:0 9582
9570 211 21:0 9570
9570 38039 21:0 9643
9581 755 1:0 9582
9583 34155 1:0 9629
9630 34154 1:0 9665
9642 38057 21:0 9642
9642 519 21:0 9670
9666 34005 1:0 9668
9666 34153 1:0 9668
9667 195 1:0 9667
9669 755 21:0 9670
9669 38066 21:0 9670
9669 38068 21:0 9670
9669 38071 21:0 9670
9669 35874 21:0 9670
9669 33965 1:0 9675
9669 34152 1:0 9675
9673 195 21:0 9673
9673 38089 21:0 9680
9676 33959 1:0 9678
9676 34122 1:0 9678
9677 197 1:0 9677
9679 207 21:0 9680
9679 36059 21:0 9680
9679 383 21:0 9680
9679 205 21:0 9680
9679 34040 1:0 9683
9679 34120 1:0 9683
9683 197 21:0 9683
9683 38093 21:0 9688
9684 189 1:0 9686
9684 33966 1:0 9686
9684 34121 1:0 9686
9684 187 1:0 9686
9685 193 1:0 9685
9687 36231 21:0 9688
9687 37601 21:0 9688
9687 33999 1:0 9704
9687 34038 1:0 9704
9687 34119 1:0 9704
9692 38096 21:0 9765
9703 34135 1:0 9703
9703 755 1:0 9704
9705 34089 1:0 9751
9750 185 1:0 9750
9752 34087 1:0 9787
9764 465 21:0 9792
9788 33973 1:0 9790
9788 34088 1:0 9790
9789 177 1:0 9789
9791 38114 21:0 9792
9791 38123 21:0 9792
9791 755 21:0 9792
9791 35749 21:0 9792
9791 38125 21:0 9792
9791 33972 1:0 9797
9791 34086 1:0 9797
9795 38146 21:0 9802
9798 34056 1:0 9800
9798 34019 1:0 9800
9799 179 1:0 9799
9801 401 21:0 9802
9801 189 21:0 9802
9801 187 21:0 9802
9801 36429 21:0 9802
9801 34054 1:0 9805
9801 33979 1:0 9805
9805 38150 21:0 9810
9806 34055 1:0 9808
9806 34039 1:0 9808
9807 175 1:0 9807
9809 36974 21:0 9810
9809 35339 21:0 9810
9809 157 1:0 9873
9814 38153 21:0 9887
9835 171 1:0 9865
9835 34006 1:0 9873
9844 755 1:0 9850
9866 169 1:0 9873
9874 34053 1:0 9909
9886 501 21:0 9914
9908 159 1:0 9908
9910 141 1:0 9919
9913 38180 21:0 9914
9913 38182 21:0 9914
9913 755 21:0 9914
9913 36248 21:0 9914
9913 38171 21:0 9914
9913 34018 1:0 9919
9913 34051 1:0 9919
9913 34003 1:0 9919
9917 38203 21:0 9924
9920 33970 1:0 9922
9920 34023 1:0 9922
9921 161 1:0 9921
9923 171 21:0 9924
9923 38185 21:0 9924
9923 35623 21:0 9924
9923 169 21:0 9924
9923 34036 1:0 9927
9923 34022 1:0 9927
9927 38207 21:0 9932
9928 34045 1:0 9930
9928 153 1:0 9930
9928 151 1:0 9930
9928 34021 1:0 9930
9931 36746 21:0 9932
9931 35913 21:0 9932
9931 34031 1:0 9948
9931 33985 1:0 9948
9931 34020 1:0 9948
9936 38210 21:0 10009
9947 755 1:0 9948
9949 33990 1:0 9995
9996 33989 1:0 10031
10008 503 21:0 10036
10032 34012 1:0 10034
10032 135 1:0 10034
10032 33988 1:0 10034
10035 38239 21:0 10036
10035 38237 21:0 10036
10035 755 21:0 10036
10035 35755 21:0 10036
10035 37729 21:0 10036
10035 143 1:0 10043
10039 38260 21:0 10046
10042 33952 1:0 10044
10042 33986 1:0 10044
10042 133 1:0 10044
10042 34025 1:0 10044
10045 151 21:0 10046
10045 35986 21:0 10046
10045 36632 21:0 10046
10045 153 21:0 10046
10045 139 1:0 10051
10049 38264 21:0 10054
10050 33987 1:0 10052
10053 227 21:0 10054
10053 35320 21:0 10054
10053 33899 1:0 10075
10053 33887 1:0 10075
10053 33957 1:0 10075
10058 38267 21:0 10131
10073 755 1:0 10075
10076 33955 1:0 10126
10125 131 1:0 10125
10127 123 1:0 10155
10130 38285 21:0 10130
10130 485 21:0 10158
10154 115 1:0 10156
10154 33919 1:0 10156
10157 38299 21:0 10157
10157 35492 21:0 10158
10157 755 21:0 10158
10157 38242 21:0 10158
10157 38296 21:0 10158
10157 38294 21:0 10158
10157 125 1:0 10165
10161 38317 21:0 10168
10164 33904 1:0 10166
10164 33913 1:0 10166
10164 117 1:0 10166
10164 33941 1:0 10166
10167 133 21:0 10168
10167 36039 21:0 10168
10167 135 21:0 10168
10167 38228 21:0 10168
10167 121 1:0 10173
10171 38321 21:0 10176
10172 33954 1:0 10174
10175 37943 21:0 10176
10175 36083 21:0 10176
10175 33940 1:0 10197
10175 33907 1:0 10197
10175 33956 1:0 10197
10180 38324 21:0 10253
10195 755 1:0 10197
10196 119 1:0 10196
10198 33924 1:0 10248
10249 105 1:0 10277
10252 38342 21:0 10252
10252 517 21:0 10280
10276 33926 1:0 10278
10276 97 1:0 10278
10279 38356 21:0 10279
10279 173 21:0 10280
10279 755 21:0 10280
10279 38353 21:0 10280
10279 38351 21:0 10280
10279 36086 21:0 10280
10279 107 1:0 10287
10283 38374 21:0 10290
10286 33946 1:0 10288
10286 99 1:0 10288
10286 33932 1:0 10288
10286 33893 1:0 10288
10289 35458 21:0 10290
10289 115 21:0 10290
10289 117 21:0 10290
10289 281 21:0 10290
10289 103 1:0 10295
10293 38378 21:0 10298
10294 33922 1:0 10296
10297 37886 21:0 10298
10297 36177 21:0 10298
10297 33906 1:0 10319
10297 33923 1:0 10319
10297 33900 1:0 10319
10302 38381 21:0 10375
10317 755 1:0 10319
10318 101 1:0 10318
10320 33921 1:0 10370
10369 95 1:0 10369
10371 87 1:0 10399
10374 521 21:0 10402
10398 33937 1:0 10400
10398 81 1:0 10400
10401 38413 21:0 10401
10401 38410 21:0 10402
10401 36408 21:0 10402
10401 38399 21:0 10402
10401 755 21:0 10402
10401 38408 21:0 10402
10401 89 1:0 10409
10405 38431 21:0 10412
10408 33933 1:0 10410
10408 33908 1:0 10410
10408 79 1:0 10410
10408 33920 1:0 10410
10411 35423 21:0 10412
10411 677 21:0 10412
10411 99 21:0 10412
10411 97 21:0 10412
10411 85 1:0 10417
10415 38435 21:0 10420
10416 33888 1:0 10418
10419 38128 21:0 10420
10419 36309 21:0 10420
10419 33889 1:0 10441
10419 33875 1:0 10441
10419 33939 1:0 10441
10424 38438 21:0 10497
10439 755 1:0 10441
10440 83 1:0 10440
10442 33891 1:0 10492
10491 77 1:0 10491
10493 69 1:0 10521
10496 38456 21:0 10496
10496 483 21:0 10524
10520 63 1:0 10522
10520 33860 1:0 10522
10523 38465 21:0 10524
10523 755 21:0 10524
10523 38467 21:0 10524
10523 35452 21:0 10524
10523 37772 21:0 10524
10523 71 1:0 10531
10527 38488 21:0 10534
10530 33871 1:0 10532
10530 61 1:0 10532
10530 33880 1:0 10532
10530 33866 1:0 10532
10533 79 21:0 10534
10533 81 21:0 10534
10533 35392 21:0 10534
10533 533 21:0 10534
10533 67 1:0 10539
10537 38492 21:0 10542
10538 33890 1:0 10540
10541 36336 21:0 10542
10541 37615 21:0 10542
10541 33867 1:0 10563
10541 33874 1:0 10563
10541 33858 1:0 10563
10546 38495 21:0 10619
10561 755 1:0 10563
10562 65 1:0 10562
10564 33856 1:0 10614
10613 59 1:0 10613
10615 51 1:0 10643
10618 38513 21:0 10618
10618 539 21:0 10646
10642 45 1:0 10644
10642 33873 1:0 10644
10645 38527 21:0 10645
10645 38524 21:0 10646
10645 38522 21:0 10646
10645 149 21:0 10646
10645 35847 21:0 10646
10645 755 21:0 10646
10645 53 1:0 10653
10649 38545 21:0 10656
10652 33886 1:0 10654
10652 43 1:0 10654
10652 33840 1:0 10654
10652 33854 1:0 10654
10655 36351 21:0 10656
10655 63 21:0 10656
10655 61 21:0 10656
10655 119 21:0 10656
10655 49 1:0 10661
10659 38549 21:0 10664
10660 33855 1:0 10662
10663 36461 21:0 10664
10663 35821 21:0 10664
10663 33853 1:0 10685
10663 33841 1:0 10685
10663 33857 1:0 10685
10668 38552 21:0 10741
10683 755 1:0 10685
10684 47 1:0 10684
10686 33822 1:0 10736
10735 41 1:0 10735
10737 33 1:0 10765
10740 38570 21:0 10740
10740 535 21:0 10768
10764 27 1:0 10766
10764 33838 1:0 10766
10767 38584 21:0 10767
10767 38579 21:0 10768
10767 36054 21:0 10768
10767 38470 21:0 10768
10767 755 21:0 10768
10767 38581 21:0 10768
10767 35 1:0 10775
10771 38602 21:0 10778
10774 33847 1:0 10776
10774 25 1:0 10776
10774 33827 1:0 10776
10774 33842 1:0 10776
10777 35762 21:0 10778
10777 43 21:0 10778
10777 45 21:0 10778
10777 37316 21:0 10778
10777 31 1:0 10783
10781 38606 21:0 10786
10782 33823 1:0 10784
10785 35947 21:0 10786
10785 209 21:0 10786
10785 33834 1:0 10807
10785 33825 1:0 10807
10785 33833 1:0 10807
10790 38609 21:0 10863
10805 755 1:0 10807
10806 29 1:0 10806
10808 33824 1:0 10858
10859 15 1:0 10887
10862 537 21:0 10890
10886 33821 1:0 10888
10889 38636 21:0 10890
10889 755 21:0 10890
10889 35854 21:0 10890
10889 38638 21:0 10890
10889 38641 21:0 10890
10889 17 1:0 10897
10893 38659 21:0 10900
10899 38627 21:0 10900
10899 27 21:0 10900
10899 25 21:0 10900
10899 35531 21:0 10900
10899 13 1:0 10905
10903 38663 21:0 10908
10907 37900 21:0 10908
10907 35592 21:0 10908
10907 33820 1:0 10910
10907 33814 1:0 10914
10907 33808 1:0 10929
10907 33809 1:0 10929
10907 33805 1:0 10929
10912 38666 21:0 10985
10930 33801 1:0 10932
10933 33807 1:0 10937
10933 9 1:0 10965
10942 755 1:0 10948
10967 7 1:0 10973
10981 33800 1:0 10983
10984 38684 21:0 10984
10984 33794 1:0 10991
10984 3 1:0 11006
10984 589 21:0 11071
11070 11 21:0 11070
11070 5 21:0 11070
11070 38698 21:0 11070
11070 3 21:0 11071
11070 9 21:0 11071
11070 38723 21:0 11071
11070 38717 21:0 11071
11070 755 21:0 11073
11073 13 21:0 11073
11073 38745 21:0 11076
11075 38731 21:0 11076
11075 7 21:0 11076
11075 38716 21:0 11076
11078 17 21:0 11078
11078 38747 21:0 11081
11080 38746 21:0 11099
11082 755 1:0 11084
11094 25 1:0 11095
11094 27 1:0 11099
11098 23 21:0 11098
11098 15 21:0 11098
11098 38748 21:0 11147
11146 29 21:0 11146
11146 38693 21:0 11147
11146 38724 21:0 11147
11146 38728 21:0 11147
11146 38730 21:0 11147
11146 38732 21:0 11147
11146 755 21:0 11148
11149 31 21:0 11149
11149 38778 21:0 11152
11151 38695 21:0 11152
11151 27 21:0 11152
11151 25 21:0 11152
11151 38743 21:0 11152
11154 35 21:0 11154
11154 38780 21:0 11157
11156 38779 21:0 11175
11158 755 1:0 11160
11170 43 1:0 11171
11170 45 1:0 11175
11174 41 21:0 11174
11174 33 21:0 11174
11174 38781 21:0 11223
11222 47 21:0 11222
11222 38737 21:0 11223
11222 43 21:0 11223
11222 38789 21:0 11223
11222 38770 21:0 11223
11222 38744 21:0 11223
11222 755 21:0 11225
11225 49 21:0 11225
11225 38811 21:0 11228
11227 38796 21:0 11228
11227 45 21:0 11228
11230 53 21:0 11230
11230 38813 21:0 11233
11232 38812 21:0 11251
11234 755 1:0 11236
11246 61 1:0 11247
11246 63 1:0 11251
11250 59 21:0 11250
11250 51 21:0 11250
11250 38814 21:0 11299
11298 65 21:0 11298
11298 38790 21:0 11299
11298 38764 21:0 11299
11298 38809 21:0 11299
11298 63 21:0 11299
11298 38777 21:0 11299
11298 755 21:0 11301
11301 67 21:0 11301
11301 38844 21:0 11304
11303 61 21:0 11304
11303 38757 21:0 11304
11306 71 21:0 11306
11306 38846 21:0 11309
11308 38845 21:0 11327
11310 755 1:0 11312
11322 79 1:0 11323
11322 81 1:0 11327
11326 77 21:0 11326
11326 69 21:0 11326
11326 38847 21:0 11375
11374 83 21:0 11374
11374 38794 21:0 11375
11374 38798 21:0 11375
11374 38797 21:0 11375
11374 79 21:0 11375
11374 38765 21:0 11375
11374 755 21:0 11377
11377 85 21:0 11377
11377 38877 21:0 11380
11379 81 21:0 11380
11379 38783 21:0 11380
11382 89 21:0 11382
11382 38879 21:0 11385
11384 38878 21:0 11403
11386 755 1:0 11388
11398 97 1:0 11399
11398 99 1:0 11403
11402 95 21:0 11402
11402 87 21:0 11402
11402 38880 21:0 11451
11450 101 21:0 11450
11450 38756 21:0 11451
11450 38776 21:0 11451
11450 38750 21:0 11451
11450 38763 21:0 11451
11450 97 21:0 11451
11450 755 21:0 11453
11453 103 21:0 11453
11453 38910 21:0 11456
11455 38761 21:0 11456
11455 99 21:0 11456
11458 107 21:0 11458
11458 38912 21:0 11461
11460 117 1:0 11473
11460 115 1:0 11473
11460 38911 21:0 11479
11462 755 1:0 11464
11474 119 1:0 11512
11478 113 21:0 11478
11478 105 21:0 11478
11478 38913 21:0 11527
11526 119 21:0 11526
11526 117 21:0 11527
11526 38822 21:0 11527
11526 38831 21:0 11527
11526 38830 21:0 11527
11526 38810 21:0 11527
11526 755 21:0 11529
11529 121 21:0 11529
11529 38943 21:0 11532
11531 38842 21:0 11532
11531 115 21:0 11532
11534 125 21:0 11534
11534 38945 21:0 11537
11536 38944 21:0 11555
11538 755 1:0 11540
11550 133 1:0 11551
11550 135 1:0 11555
11554 131 21:0 11554
11554 123 21:0 11554
11554 38946 21:0 11603
11602 137 21:0 11602
11602 133 21:0 11603
11602 38829 21:0 11603
11602 38816 21:0 11603
11602 38827 21:0 11603
11602 38803 21:0 11603
11602 755 21:0 11605
11605 139 21:0 11605
11605 38976 21:0 11608
11607 38823 21:0 11608
11607 135 21:0 11608
11610 143 21:0 11610
11610 38978 21:0 11613
11612 149 1:0 11623
11612 38977 21:0 11631
11614 755 1:0 11616
11626 151 1:0 11627
11626 153 1:0 11631
11630 149 21:0 11630
11630 38968 21:0 11630
11630 141 21:0 11630
11630 38979 21:0 11679
11678 155 21:0 11678
11678 38836 21:0 11679
11678 151 21:0 11679
11678 38856 21:0 11679
11678 38863 21:0 11679
11678 38860 21:0 11679
11678 755 21:0 11681
11681 157 21:0 11681
11681 39009 21:0 11684
11683 153 21:0 11684
11683 38862 21:0 11684
11686 161 21:0 11686
11686 39011 21:0 11689
11688 171 1:0 11701
11688 169 1:0 11701
11688 39010 21:0 11707
11690 755 1:0 11692
11702 173 1:0 11740
11706 167 21:0 11706
11706 159 21:0 11706
11706 39012 21:0 11755
11754 173 21:0 11754
11754 39028 21:0 11754
11754 38855 21:0 11755
11754 755 21:0 11755
11754 38849 21:0 11755
11754 38843 21:0 11755
11754 171 21:0 11755
11754 38875 21:0 11755
11757 175 21:0 11757
11757 39042 21:0 11760
11759 169 21:0 11760
11759 38864 21:0 11760
11762 179 21:0 11762
11762 39044 21:0 11765
11764 39043 21:0 11783
11766 755 1:0 11768
11778 187 1:0 11779
11778 189 1:0 11783
11778 35592 1:0 11818
11782 185 21:0 11782
11782 177 21:0 11782
11782 39045 21:0 11831
11819 35531 1:0 11829
11830 191 21:0 11830
11830 38869 21:0 11831
11830 38994 21:0 11831
11830 38961 21:0 11831
11830 38974 21:0 11831
11830 187 21:0 11831
11830 755 21:0 11833
11830 35821 1:0 11834
11830 35762 1:0 11834
11830 36054 1:0 11834
11830 35947 1:0 11834
11830 35854 1:0 11834
11833 197 1:0 11833
11833 193 21:0 11833
11833 39075 21:0 11836
11835 38896 21:0 11836
11835 189 21:0 11836
11835 205 1:0 11839
11835 35392 1:0 11839
11835 35847 1:0 11839
11835 36351 1:0 11839
11835 36336 1:0 11839
11835 35452 1:0 11839
11838 195 1:0 11838
11838 197 21:0 11838
11838 39077 21:0 11841
11840 36408 1:0 11853
11840 35423 1:0 11853
11840 36309 1:0 11853
11840 35458 1:0 11853
11840 207 1:0 11853
11840 36177 1:0 11853
11840 39076 21:0 11859
11842 755 1:0 11844
11854 209 1:0 11892
11858 203 21:0 11858
11858 195 21:0 11858
11858 39078 21:0 11907
11895 36086 1:0 11905
11904 211 1:0 11904
11906 209 21:0 11906
11906 39087 21:0 11906
11906 205 21:0 11907
11906 38882 21:0 11907
11906 38987 21:0 11907
11906 39027 21:0 11907
11906 38942 21:0 11907
11906 755 21:0 11909
11906 35320 1:0 11910
11906 35986 1:0 11910
11906 36039 1:0 11910
11906 35492 1:0 11910
11906 36083 1:0 11910
11909 215 1:0 11909
11909 211 21:0 11909
11909 39108 21:0 11912
11911 207 21:0 11912
11911 38926 21:0 11912
11911 35339 1:0 11915
11911 35623 1:0 11915
11911 223 1:0 11915
11911 35913 1:0 11915
11911 35755 1:0 11915
11911 36248 1:0 11915
11914 213 1:0 11914
11914 215 21:0 11914
11914 39110 21:0 11917
11916 35749 1:0 11929
11916 36231 1:0 11929
11916 36059 1:0 11929
11916 35874 1:0 11929
11916 36429 1:0 11929
11916 225 1:0 11929
11916 39109 21:0 11935
11918 755 1:0 11920
11930 227 1:0 11968
11934 221 21:0 11934
11934 213 21:0 11934
11934 39111 21:0 11983
11971 36316 1:0 11981
11980 229 1:0 11980
11982 227 21:0 11982
11982 39139 21:0 11982
11982 38962 21:0 11983
11982 39058 21:0 11983
11982 38988 21:0 11983
11982 225 21:0 11983
11982 39029 21:0 11983
11982 755 21:0 11985
11982 35885 1:0 11986
11982 36092 1:0 11986
11982 36347 1:0 11986
11982 36356 1:0 11986
11982 35324 1:0 11986
11985 233 1:0 11985
11985 229 21:0 11985
11985 39141 21:0 11988
11987 38922 21:0 11988
11987 223 21:0 11988
11987 36158 1:0 11991
11987 35390 1:0 11991
11987 35328 1:0 11991
11987 35808 1:0 11991
11987 36230 1:0 11991
11987 243 1:0 11991
11990 39140 21:0 11990
11990 231 1:0 11990
11990 233 21:0 11990
11990 39143 21:0 11993
11992 35914 1:0 12005
11992 35471 1:0 12005
11992 35385 1:0 12005
11992 36283 1:0 12005
11992 35921 1:0 12005
11992 241 1:0 12005
11992 39142 21:0 12011
11994 755 1:0 11996
12006 36276 1:0 12046
12006 35868 1:0 12046
12010 239 21:0 12010
12010 231 21:0 12010
12010 39144 21:0 12059
12047 35478 1:0 12057
12056 247 1:0 12056
12058 245 21:0 12058
12058 39153 21:0 12058
12058 38955 21:0 12059
12058 39001 21:0 12059
12058 38902 21:0 12059
12058 39034 21:0 12059
12058 243 21:0 12059
12058 755 21:0 12061
12058 36211 1:0 12062
12058 37900 1:0 12062
12058 37316 1:0 12062
12061 251 1:0 12061
12061 247 21:0 12061
12061 39174 21:0 12064
12063 38959 21:0 12064
12063 241 21:0 12064
12063 261 1:0 12067
12063 36461 1:0 12067
12063 35551 1:0 12067
12063 38470 1:0 12067
12066 249 1:0 12066
12066 251 21:0 12066
12066 39176 21:0 12069
12068 257 1:0 12079
12068 259 1:0 12081
12068 36105 1:0 12081
12068 38627 1:0 12081
12068 39175 21:0 12087
12070 755 1:0 12072
12082 263 1:0 12120
12086 257 21:0 12086
12086 249 21:0 12086
12086 39177 21:0 12135
12118 38641 1:0 12133
12132 265 1:0 12132
12134 263 21:0 12134
12134 39179 21:0 12134
12134 259 21:0 12135
12134 39020 21:0 12135
12134 39054 21:0 12135
12134 39128 21:0 12135
12134 39152 21:0 12135
12134 755 21:0 12137
12134 533 1:0 12138
12134 36314 1:0 12138
12134 37615 1:0 12138
12137 269 1:0 12137
12137 265 21:0 12137
12137 39207 21:0 12140
12139 261 21:0 12140
12139 39133 21:0 12140
12139 38128 1:0 12143
12139 35617 1:0 12143
12139 37772 1:0 12143
12139 277 1:0 12143
12142 267 1:0 12142
12142 269 21:0 12142
12142 39209 21:0 12145
12144 279 1:0 12157
12144 37886 1:0 12157
12144 35960 1:0 12157
12144 677 1:0 12157
12144 39208 21:0 12163
12146 755 1:0 12148
12158 281 1:0 12193
12162 275 21:0 12162
12162 39218 21:0 12162
12162 267 21:0 12162
12162 39210 21:0 12211
12194 37943 1:0 12209
12208 283 1:0 12208
12210 281 21:0 12210
12210 39219 21:0 12210
12210 38909 21:0 12211
12210 39025 21:0 12211
12210 38893 21:0 12211
12210 39008 21:0 12211
12210 277 21:0 12211
12210 755 21:0 12213
12210 38242 1:0 12214
12210 38228 1:0 12214
12210 36033 1:0 12214
12213 287 1:0 12213
12213 283 21:0 12213
12213 39240 21:0 12216
12215 279 21:0 12216
12215 39100 21:0 12216
12215 36632 1:0 12219
12215 295 1:0 12219
12215 37729 1:0 12219
12215 35724 1:0 12219
12218 285 1:0 12218
12218 287 21:0 12218
12218 39242 21:0 12221
12220 293 1:0 12231
12220 36310 1:0 12233
12220 297 1:0 12233
12220 36746 1:0 12233
12220 39241 21:0 12239
12222 755 1:0 12224
12234 36974 1:0 12269
12238 293 21:0 12238
12238 39232 21:0 12238
12238 39251 21:0 12238
12238 285 21:0 12238
12238 39243 21:0 12287
12270 401 1:0 12285
12284 301 1:0 12284
12286 299 21:0 12286
12286 39271 21:0 12286
12286 38915 21:0 12287
12286 39014 21:0 12287
12286 39091 21:0 12287
12286 295 21:0 12287
12286 38929 21:0 12287
12286 755 21:0 12289
12286 383 1:0 12290
12286 35511 1:0 12290
12286 37601 1:0 12290
12289 305 1:0 12289
12289 301 21:0 12289
12289 39273 21:0 12292
12291 39062 21:0 12292
12291 297 21:0 12292
12291 35922 1:0 12295
12291 37786 1:0 12295
12291 425 1:0 12295
12291 313 1:0 12295
12294 303 1:0 12294
12294 305 21:0 12294
12294 39275 21:0 12297
12296 315 1:0 12309
12296 35525 1:0 12309
12296 455 1:0 12309
12296 605 1:0 12309
12296 39274 21:0 12315
12298 755 1:0 12300
12310 37031 1:0 12345
12314 311 21:0 12314
12314 39265 21:0 12314
12314 303 21:0 12314
12314 39276 21:0 12363
12346 437 1:0 12361
12360 319 1:0 12360
12362 317 21:0 12362
12362 39304 21:0 12362
12362 39285 21:0 12362
12362 39289 21:0 12362
12362 39086 21:0 12363
12362 39095 21:0 12363
12362 313 21:0 12363
12362 39021 21:0 12363
12362 38995 21:0 12363
12362 755 21:0 12365
12362 35683 1:0 12366
12362 653 1:0 12366
12362 347 1:0 12366
12365 323 1:0 12365
12365 319 21:0 12365
12365 39306 21:0 12368
12367 39040 21:0 12368
12367 315 21:0 12368
12367 333 1:0 12371
12367 689 1:0 12371
12367 713 1:0 12371
12367 35538 1:0 12371
12370 321 1:0 12370
12370 323 21:0 12370
12370 39308 21:0 12373
12372 329 1:0 12383
12372 36396 1:0 12385
12372 331 1:0 12385
12372 671 1:0 12385
12372 39307 21:0 12391
12374 755 1:0 12376
12386 335 1:0 12424
12390 329 21:0 12390
12390 39317 21:0 12390
12390 321 21:0 12390
12390 39309 21:0 12439
12422 707 1:0 12437
12436 337 1:0 12436
12438 335 21:0 12438
12438 39324 21:0 12438
12438 39337 21:0 12438
12438 39326 21:0 12438
12438 331 21:0 12439
12438 39159 21:0 12439
12438 39119 21:0 12439
12438 38928 21:0 12439
12438 38876 21:0 12439
12438 755 21:0 12441
12438 36575 1:0 12442
12438 35687 1:0 12442
12438 36760 1:0 12442
12441 341 1:0 12441
12441 337 21:0 12441
12441 39339 21:0 12444
12443 39113 21:0 12444
12443 333 21:0 12444
12443 351 1:0 12447
12443 36349 1:0 12447
12443 37558 1:0 12447
12443 36874 1:0 12447
12446 39338 21:0 12446
12446 339 1:0 12446
12446 341 21:0 12446
12446 39341 21:0 12449
12448 35703 1:0 12461
12448 349 1:0 12461
12448 36931 1:0 12461
12448 389 1:0 12461
12448 39340 21:0 12467
12450 755 1:0 12452
12462 353 1:0 12500
12466 347 21:0 12466
12466 339 21:0 12466
12466 39342 21:0 12515
12498 36518 1:0 12513
12512 355 1:0 12512
12514 353 21:0 12514
12514 39370 21:0 12514
12514 39358 21:0 12514
12514 39074 21:0 12515
12514 39126 21:0 12515
12514 349 21:0 12515
12514 38889 21:0 12515
12514 38921 21:0 12515
12514 755 21:0 12517
12514 367 1:0 12518
12514 461 1:0 12518
12514 35393 1:0 12518
12514 36689 1:0 12518
12517 359 1:0 12517
12517 355 21:0 12517
12517 39372 21:0 12520
12519 351 21:0 12520
12519 38888 21:0 12520
12519 35815 1:0 12523
12519 369 1:0 12523
12519 36803 1:0 12523
12519 36817 1:0 12523
12521 755 1:0 12523
12522 39371 21:0 12522
12522 357 1:0 12522
12522 359 21:0 12522
12522 39374 21:0 12525
12524 39373 21:0 12543
12524 589 1:0 12589
12542 365 21:0 12542
12542 357 21:0 12542
12542 39375 21:0 12591
12574 37259 1:0 12589
12588 373 1:0 12588
12588 377 1:0 12588
12590 371 21:0 12590
12590 39377 21:0 12590
12590 38996 21:0 12591
12590 39107 21:0 12591
12590 39106 21:0 12591
12590 369 21:0 12591
12590 39060 21:0 12591
12590 755 21:0 12593
12590 537 1:0 12599
12593 373 21:0 12593
12593 39405 21:0 12596
12595 38963 21:0 12596
12595 367 21:0 12596
12595 35880 1:0 12599
12595 385 1:0 12599
12595 37273 1:0 12599
12595 387 1:0 12599
12597 755 1:0 12599
12598 377 21:0 12598
12598 375 1:0 12598
12598 39407 21:0 12601
12600 39406 21:0 12619
12600 535 1:0 12665
12618 383 21:0 12618
12618 39397 21:0 12618
12618 375 21:0 12618
12618 39408 21:0 12667
12650 581 1:0 12665
12664 391 1:0 12664
12664 395 1:0 12664
12666 389 21:0 12666
12666 39436 21:0 12666
12666 39423 21:0 12666
12666 39094 21:0 12667
12666 38975 21:0 12667
12666 39146 21:0 12667
12666 39067 21:0 12667
12666 387 21:0 12667
12666 755 21:0 12669
12666 539 1:0 12675
12669 391 21:0 12669
12669 39438 21:0 12672
12671 385 21:0 12672
12671 39416 21:0 12672
12671 405 1:0 12675
12671 37501 1:0 12675
12671 36250 1:0 12675
12671 403 1:0 12675
12673 755 1:0 12675
12674 395 21:0 12674
12674 393 1:0 12674
12674 39440 21:0 12677
12676 39439 21:0 12695
12676 483 1:0 12741
12694 401 21:0 12694
12694 39449 21:0 12694
12694 393 21:0 12694
12694 39441 21:0 12743
12726 419 1:0 12741
12740 409 1:0 12740
12740 413 1:0 12740
12742 407 21:0 12742
12742 39454 21:0 12742
12742 39355 21:0 12743
12742 39350 21:0 12743
12742 39404 21:0 12743
12742 39359 21:0 12743
12742 405 21:0 12745
12742 521 1:0 12751
12744 409 21:0 12744
12744 755 21:0 12745
12745 39471 21:0 12748
12747 403 21:0 12748
12747 38992 21:0 12748
12747 423 1:0 12751
12747 421 1:0 12751
12747 37430 1:0 12751
12747 36218 1:0 12751
12749 755 1:0 12751
12750 413 21:0 12750
12750 411 1:0 12750
12750 39473 21:0 12753
12752 39472 21:0 12771
12752 517 1:0 12817
12770 419 21:0 12770
12770 411 21:0 12770
12770 39474 21:0 12819
12802 443 1:0 12817
12816 427 1:0 12816
12816 431 1:0 12816
12818 425 21:0 12818
12818 39490 21:0 12818
12818 39238 21:0 12819
12818 39093 21:0 12819
12818 39364 21:0 12819
12818 39318 21:0 12819
12818 421 21:0 12821
12818 485 1:0 12827
12820 427 21:0 12820
12820 755 21:0 12821
12821 39504 21:0 12824
12823 39258 21:0 12824
12823 423 21:0 12824
12823 36475 1:0 12827
12823 36290 1:0 12827
12823 441 1:0 12827
12823 439 1:0 12827
12825 755 1:0 12827
12826 39503 21:0 12826
12826 431 21:0 12826
12826 429 1:0 12826
12826 39506 21:0 12829
12828 39505 21:0 12847
12828 503 1:0 12893
12846 437 21:0 12846
12846 39496 21:0 12846
12846 429 21:0 12846
12846 39507 21:0 12895
12878 563 1:0 12893
12892 445 1:0 12892
12892 449 1:0 12892
12894 443 21:0 12894
12894 39524 21:0 12894
12894 39523 21:0 12894
12894 39520 21:0 12894
12894 39443 21:0 12895
12894 39491 21:0 12895
12894 39391 21:0 12895
12894 39390 21:0 12895
12894 439 21:0 12897
12894 501 1:0 12903
12896 445 21:0 12896
12896 755 21:0 12897
12897 39537 21:0 12900
12899 441 21:0 12900
12899 39456 21:0 12900
12899 36065 1:0 12903
12899 457 1:0 12903
12899 459 1:0 12903
12899 479 1:0 12903
12901 755 1:0 12903
12902 39536 21:0 12902
12902 449 21:0 12902
12902 447 1:0 12902
12902 39539 21:0 12905
12904 39538 21:0 12923
12904 465 1:0 12969
12922 455 21:0 12922
12922 447 21:0 12922
12922 39540 21:0 12971
12954 37159 1:0 12969
12968 463 1:0 12968
12968 467 1:0 12968
12970 461 21:0 12970
12970 39556 21:0 12970
12970 39549 21:0 12970
12970 39291 21:0 12971
12970 39166 21:0 12971
12970 39194 21:0 12971
12970 39450 21:0 12971
12970 459 21:0 12973
12970 519 1:0 12979
12972 463 21:0 12972
12972 755 21:0 12973
12973 39570 21:0 12976
12975 457 21:0 12976
12975 39388 21:0 12976
12975 36098 1:0 12979
12975 475 1:0 12979
12975 515 1:0 12979
12975 477 1:0 12979
12977 755 1:0 12979
12978 39569 21:0 12978
12978 467 21:0 12978
12978 39572 21:0 12981
12980 39571 21:0 12999
12980 557 1:0 13045
12998 473 21:0 12998
12998 465 21:0 12998
12998 39573 21:0 13047
13030 623 1:0 13045
13044 481 1:0 13044
13046 479 21:0 13046
13046 39601 21:0 13046
13046 39193 21:0 13047
13046 39430 21:0 13047
13046 39311 21:0 13047
13046 39469 21:0 13047
13046 475 21:0 13049
13046 611 1:0 13055
13048 481 21:0 13048
13048 755 21:0 13049
13049 39603 21:0 13052
13051 39073 21:0 13052
13051 477 21:0 13052
13051 495 1:0 13055
13051 493 1:0 13055
13051 497 1:0 13055
13051 35848 1:0 13055
13053 755 1:0 13055
13054 39602 21:0 13054
13054 485 21:0 13054
13054 39605 21:0 13057
13056 39604 21:0 13075
13056 555 1:0 13121
13074 491 21:0 13074
13074 483 21:0 13074
13074 39606 21:0 13123
13106 38000 1:0 13121
13120 499 1:0 13120
13122 497 21:0 13122
13122 39622 21:0 13122
13122 39225 21:0 13123
13122 38935 21:0 13123
13122 39470 21:0 13123
13122 39502 21:0 13123
13122 495 21:0 13125
13122 607 1:0 13131
13124 499 21:0 13124
13124 755 21:0 13125
13125 39636 21:0 13128
13127 493 21:0 13128
13127 39292 21:0 13128
13127 511 1:0 13131
13127 513 1:0 13131
13127 36217 1:0 13131
13127 37829 1:0 13131
13129 755 1:0 13131
13130 503 21:0 13130
13130 39638 21:0 13133
13132 39637 21:0 13151
13132 575 1:0 13197
13150 509 21:0 13150
13150 39647 21:0 13150
13150 501 21:0 13150
13150 39639 21:0 13199
13182 37387 1:0 13197
13198 515 21:0 13198
13198 39621 21:0 13199
13198 39357 21:0 13199
13198 39522 21:0 13199
13198 39424 21:0 13199
13198 513 21:0 13201
13198 591 1:0 13207
13200 517 21:0 13200
13200 755 21:0 13201
13201 39669 21:0 13204
13203 39120 21:0 13204
13203 511 21:0 13204
13203 36243 1:0 13207
13203 531 1:0 13207
13203 529 1:0 13207
13203 527 1:0 13207
13205 755 1:0 13207
13206 521 21:0 13206
13206 39671 21:0 13209
13208 39670 21:0 13227
13208 593 1:0 13273
13226 527 21:0 13226
13226 39661 21:0 13226
13226 519 21:0 13226
13226 39672 21:0 13275
13258 37373 1:0 13273
13274 533 21:0 13274
13274 39689 21:0 13274
13274 38908 21:0 13275
13274 39410 21:0 13275
13274 39614 21:0 13275
13274 39548 21:0 13275
13274 529 21:0 13277
13274 571 1:0 13283
13276 535 21:0 13276
13276 755 21:0 13277
13277 39702 21:0 13280
13279 531 21:0 13280
13279 39476 21:0 13280
13279 547 1:0 13283
13279 549 1:0 13283
13279 545 1:0 13283
13279 36116 1:0 13283
13281 755 1:0 13283
13282 539 21:0 13282
13282 39704 21:0 13285
13284 39703 21:0 13303
13284 553 1:0 13347
13302 545 21:0 13302
13302 537 21:0 13302
13302 39705 21:0 13351
13334 599 1:0 13349
13350 551 21:0 13350
13350 39722 21:0 13350
13350 39714 21:0 13350
13350 39298 21:0 13351
13350 39383 21:0 13351
13350 39553 21:0 13351
13350 39458 21:0 13351
13350 547 21:0 13353
13350 609 1:0 13359
13352 553 21:0 13352
13352 755 21:0 13353
13353 39735 21:0 13356
13355 39568 21:0 13356
13355 549 21:0 13356
13355 565 1:0 13359
13355 35852 1:0 13359
13355 569 1:0 13359
13355 567 1:0 13359
13357 755 1:0 13359
13358 39734 21:0 13358
13358 557 21:0 13358
13358 39737 21:0 13361
13360 39736 21:0 13379
13360 625 1:0 13425
13378 39746 21:0 13378
13378 39727 21:0 13378
13378 555 21:0 13378
13378 39738 21:0 13427
13410 38399 1:0 13425
13426 39755 21:0 13426
13426 39245 21:0 13427
13426 39656 21:0 13427
13426 39667 21:0 13427
13426 39635 21:0 13427
13426 567 21:0 13429
13426 629 1:0 13435
13428 571 21:0 13428
13428 755 21:0 13429
13429 39768 21:0 13432
13431 565 21:0 13432
13431 39212 21:0 13432
13431 583 1:0 13435
13431 585 1:0 13435
13431 35505 1:0 13435
13431 37202 1:0 13435
13433 755 1:0 13435
13434 39767 21:0 13434
13434 575 21:0 13434
13434 573 1:0 13434
13434 39770 21:0 13437
13436 39769 21:0 13455
13436 627 1:0 13501
13454 39779 21:0 13454
13454 39760 21:0 13454
13454 573 21:0 13454
13454 39771 21:0 13503
13486 37145 1:0 13501
13502 39799 21:0 13502
13502 39786 21:0 13502
13502 39787 21:0 13502
13502 39260 21:0 13503
13502 38954 21:0 13503
13502 755 21:0 13503
13502 39680 21:0 13503
13502 39535 21:0 13503
13502 643 1:0 13511
13505 589 21:0 13505
13505 39801 21:0 13508
13507 39080 21:0 13508
13507 601 1:0 13511
13507 603 1:0 13511
13507 37102 1:0 13511
13507 36052 1:0 13511
13509 755 1:0 13511
13510 39800 21:0 13510
13510 593 21:0 13510
13510 39803 21:0 13513
13512 39802 21:0 13531
13512 645 1:0 13577
13530 39793 21:0 13530
13530 591 21:0 13530
13530 39804 21:0 13579
13534 565 1:0 13561
13562 38071 1:0 13577
13578 39821 21:0 13578
13578 39817 21:0 13578
13578 39806 21:0 13578
13578 39687 21:0 13579
13578 755 21:0 13579
13578 39575 21:0 13579
13578 39185 21:0 13579
13578 39589 21:0 13579
13578 661 1:0 13587
13581 607 21:0 13581
13581 39834 21:0 13584
13583 39053 21:0 13584
13583 36237 1:0 13587
13583 621 1:0 13587
13583 37045 1:0 13587
13583 619 1:0 13587
13585 755 1:0 13587
13586 39833 21:0 13586
13586 611 21:0 13586
13586 39836 21:0 13589
13588 39835 21:0 13607
13588 665 1:0 13653
13606 609 21:0 13606
13606 39837 21:0 13655
13610 567 1:0 13637
13638 38185 1:0 13653
13654 39865 21:0 13654
13654 39854 21:0 13654
13654 39852 21:0 13654
13654 39681 21:0 13655
13654 39634 21:0 13655
13654 39463 21:0 13655
13654 755 21:0 13655
13654 39562 21:0 13655
13654 663 1:0 13663
13657 625 21:0 13657
13657 39867 21:0 13660
13659 39557 21:0 13660
13659 35819 1:0 13663
13659 38171 1:0 13663
13659 637 1:0 13663
13659 639 1:0 13663
13661 755 1:0 13663
13662 629 21:0 13662
13662 39869 21:0 13665
13664 39868 21:0 13683
13664 647 1:0 13729
13682 39878 21:0 13682
13682 627 21:0 13682
13682 39870 21:0 13731
13686 549 1:0 13713
13714 38114 1:0 13729
13730 39879 21:0 13730
13730 39883 21:0 13730
13730 39886 21:0 13730
13730 755 21:0 13731
13730 39192 21:0 13731
13730 39190 21:0 13731
13730 39173 21:0 13731
13730 39227 21:0 13731
13730 697 1:0 13739
13733 643 21:0 13733
13733 39900 21:0 13736
13735 39555 21:0 13736
13735 36017 1:0 13739
13735 695 1:0 13739
13735 657 1:0 13739
13735 655 1:0 13739
13737 755 1:0 13739
13738 647 21:0 13738
13738 39902 21:0 13741
13740 39901 21:0 13759
13740 679 1:0 13805
13758 645 21:0 13758
13758 39903 21:0 13807
13762 547 1:0 13789
13790 531 1:0 13794
13795 35993 1:0 13805
13795 529 1:0 13805
13795 511 1:0 13805
13806 39931 21:0 13806
13806 39919 21:0 13806
13806 39916 21:0 13806
13806 39403 21:0 13807
13806 39272 21:0 13807
13806 39226 21:0 13807
13806 39623 21:0 13807
13806 755 21:0 13807
13806 683 1:0 13815
13809 661 21:0 13809
13809 39933 21:0 13812
13811 39205 21:0 13812
13811 673 1:0 13815
13811 35399 1:0 13815
13811 675 1:0 13815
13811 35564 1:0 13815
13811 35855 1:0 13815
13813 755 1:0 13815
13814 665 21:0 13814
13814 39935 21:0 13817
13816 39934 21:0 13835
13816 681 1:0 13881
13834 663 21:0 13834
13834 39925 21:0 13834
13834 39936 21:0 13883
13838 513 1:0 13865
13866 493 1:0 13870
13871 495 1:0 13881
13871 35735 1:0 13881
13871 477 1:0 13881
13882 39284 21:0 13883
13882 39172 21:0 13883
13882 755 21:0 13883
13882 39425 21:0 13883
13882 39700 21:0 13883
13882 701 1:0 13891
13885 679 21:0 13885
13885 39966 21:0 13888
13887 39747 21:0 13888
13887 35954 1:0 13891
13887 35691 1:0 13891
13887 35801 1:0 13891
13887 693 1:0 13891
13887 691 1:0 13891
13889 755 1:0 13891
13890 683 21:0 13890
13890 39968 21:0 13893
13892 39967 21:0 13911
13892 719 1:0 13957
13910 681 21:0 13910
13910 39958 21:0 13910
13910 39969 21:0 13959
13914 475 1:0 13941
13942 457 1:0 13946
13947 441 1:0 13957
13947 459 1:0 13957
13947 36138 1:0 13957
13958 39997 21:0 13958
13958 39985 21:0 13958
13958 755 21:0 13959
13958 39542 21:0 13959
13958 39986 21:0 13959
13958 39826 21:0 13959
13958 39595 21:0 13959
13958 699 1:0 13965
13961 697 21:0 13961
13961 39999 21:0 13964
13963 38895 21:0 13964
13963 36120 1:0 13967
13963 35372 1:0 13967
13963 35856 1:0 13967
13963 709 1:0 13967
13963 711 1:0 13967
13965 755 1:0 13967
13966 39998 21:0 13966
13966 701 21:0 13966
13966 40001 21:0 13969
13968 40000 21:0 13987
13968 715 1:0 14031
13986 699 21:0 13986
13986 40002 21:0 14035
13990 439 1:0 14017
14018 423 1:0 14022
14023 35723 1:0 14033
14023 421 1:0 14033
14023 403 1:0 14033
14034 40011 21:0 14034
14034 40018 21:0 14034
14034 39331 21:0 14035
14034 755 21:0 14035
14034 39417 21:0 14035
14034 39853 21:0 14035
14034 39239 21:0 14035
14034 717 1:0 14041
14037 40032 21:0 14040
14039 39608 21:0 14040
14039 405 1:0 14043
14039 36433 1:0 14043
14042 40031 21:0 14042
14042 40034 21:0 14045
14044 367 1:0 14049
14044 36431 1:0 14049
14044 387 1:0 14049
14044 385 1:0 14049
14044 36050 1:0 14049
14044 40033 21:0 14051
14048 737 1:0 14048
14050 40035 21:0 14054
14050 36436 1:0 14055
14053 39740 21:0 14054
14053 40019 21:0 14054
14053 39788 21:0 14054
14053 39384 21:0 14054
14053 39256 21:0 14054
14053 36432 1:0 14057
14057 36436 21:0 14065
14061 36440 1:0 14066
14064 39718 21:0 14065
14064 39949 21:0 14065
14064 39529 21:0 14065
14064 36430 1:0 14067
14068 36440 21:0 14074
14070 36443 1:0 14076
14073 39586 21:0 14074
14073 39124 21:0 14074
14073 39457 21:0 14074
14073 36470 1:0 14076
14073 369 1:0 14076
14073 35333 1:0 14094
14073 35834 1:0 14094
14073 35927 1:0 14094
14075 36422 1:0 14075
14075 36428 1:0 14075
14075 755 1:0 14076
14077 36472 1:0 14094
14078 36443 21:0 14156
14093 36415 1:0 14093
14093 36417 1:0 14093
14093 36409 1:0 14093
14093 36416 1:0 14093
14093 36413 1:0 14093
14095 36400 1:0 14141
14140 36402 1:0 14140
14142 36398 1:0 14180
14155 737 21:0 14155
14155 717 21:0 14185
14179 699 1:0 14179
14181 36493 1:0 14186
14184 36470 21:0 14185
14184 36472 21:0 14185
14184 39161 21:0 14185
14184 713 21:0 14185
14184 709 21:0 14188
14184 36399 1:0 14188
14187 701 1:0 14187
14187 755 21:0 14188
14188 36493 21:0 14196
14192 36497 1:0 14197
14195 39351 21:0 14196
14195 707 21:0 14196
14195 711 21:0 14196
14195 36397 1:0 14198
14197 697 1:0 14197
14199 36497 21:0 14205
14201 36500 1:0 14207
14204 36475 21:0 14205
14204 39489 21:0 14205
14204 351 1:0 14207
14204 36529 1:0 14207
14204 35920 1:0 14225
14204 35861 1:0 14225
14204 35559 1:0 14225
14206 36389 1:0 14206
14206 36395 1:0 14206
14206 755 1:0 14207
14208 36527 1:0 14225
14209 36500 21:0 14287
14224 36380 1:0 14224
14224 36384 1:0 14224
14224 36376 1:0 14224
14224 36383 1:0 14224
14224 36382 1:0 14224
14226 36367 1:0 14272
14271 36369 1:0 14271
14271 36375 1:0 14271
14273 36365 1:0 14311
14286 719 21:0 14316
14310 681 1:0 14310
14312 36550 1:0 14317
14315 36518 21:0 14316
14315 36529 21:0 14316
14315 39952 21:0 14316
14315 36527 21:0 14316
14315 691 21:0 14319
14315 36366 1:0 14319
14318 36363 1:0 14318
14318 683 1:0 14318
14318 755 21:0 14319
14319 36550 21:0 14327
14323 36554 1:0 14328
14326 39971 21:0 14327
14326 693 21:0 14327
14326 689 21:0 14327
14326 36364 1:0 14329
14328 679 1:0 14328
14330 36554 21:0 14336
14332 36557 1:0 14338
14335 39047 21:0 14336
14335 36532 21:0 14336
14335 36586 1:0 14338
14335 349 1:0 14338
14335 35432 1:0 14356
14335 35753 1:0 14356
14335 35353 1:0 14356
14337 36362 1:0 14337
14337 755 1:0 14338
14339 36584 1:0 14356
14340 36557 21:0 14418
14355 36343 1:0 14355
14355 36350 1:0 14355
14357 36334 1:0 14403
14402 36342 1:0 14402
14404 36332 1:0 14442
14417 715 21:0 14447
14441 663 1:0 14441
14443 36607 1:0 14448
14446 36586 21:0 14447
14446 677 21:0 14447
14446 39655 21:0 14447
14446 36584 21:0 14447
14446 673 21:0 14450
14446 36333 1:0 14450
14449 36330 1:0 14449
14449 665 1:0 14449
14449 755 21:0 14450
14450 36607 21:0 14458
14454 36611 1:0 14459
14457 675 21:0 14458
14457 39223 21:0 14458
14457 671 21:0 14458
14457 36331 1:0 14460
14459 661 1:0 14459
14461 36611 21:0 14467
14463 36614 1:0 14469
14466 39951 21:0 14467
14466 36461 21:0 14467
14466 36641 1:0 14469
14466 333 1:0 14469
14466 35386 1:0 14487
14466 35951 1:0 14487
14466 35736 1:0 14487
14468 36323 1:0 14468
14468 36329 1:0 14468
14468 755 1:0 14469
14470 36643 1:0 14487
14471 36614 21:0 14549
14486 36318 1:0 14486
14486 36317 1:0 14486
14488 36301 1:0 14534
14533 36303 1:0 14533
14535 36299 1:0 14573
14548 699 21:0 14578
14572 645 1:0 14572
14574 36664 1:0 14579
14577 39892 21:0 14578
14577 36641 21:0 14578
14577 36643 21:0 14578
14577 36632 21:0 14578
14577 657 21:0 14581
14577 36300 1:0 14581
14580 36297 1:0 14580
14580 647 1:0 14580
14580 755 21:0 14581
14581 36664 21:0 14589
14585 36668 1:0 14590
14588 655 21:0 14589
14588 39619 21:0 14589
14588 659 21:0 14589
14588 36298 1:0 14591
14590 643 1:0 14590
14592 36668 21:0 14598
14594 36671 1:0 14600
14597 36646 21:0 14598
14597 39899 21:0 14598
14597 331 1:0 14600
14597 36698 1:0 14600
14597 36046 1:0 14618
14597 36026 1:0 14618
14597 35650 1:0 14618
14599 36296 1:0 14599
14599 755 1:0 14600
14601 36700 1:0 14618
14602 36671 21:0 14680
14617 36281 1:0 14617
14617 36285 1:0 14617
14617 36284 1:0 14617
14617 36277 1:0 14617
14619 36268 1:0 14665
14664 36270 1:0 14664
14666 36266 1:0 14704
14679 701 21:0 14709
14703 627 1:0 14703
14705 36721 1:0 14710
14708 36689 21:0 14709
14708 36698 21:0 14709
14708 36700 21:0 14709
14708 39912 21:0 14709
14708 36267 1:0 14712
14708 637 21:0 14712
14711 36264 1:0 14711
14711 629 1:0 14711
14711 755 21:0 14712
14712 36721 21:0 14720
14716 36725 1:0 14721
14719 639 21:0 14720
14719 39982 21:0 14720
14719 641 21:0 14720
14719 36265 1:0 14722
14721 625 1:0 14721
14723 36725 21:0 14729
14725 36728 1:0 14731
14728 39487 21:0 14729
14728 36589 21:0 14729
14728 315 1:0 14731
14728 36757 1:0 14731
14728 35979 1:0 14749
14728 35894 1:0 14749
14728 35742 1:0 14749
14730 36257 1:0 14730
14730 36263 1:0 14730
14730 755 1:0 14731
14732 36755 1:0 14749
14733 36728 21:0 14811
14748 36251 1:0 14748
14748 36252 1:0 14748
14748 36244 1:0 14748
14750 36235 1:0 14796
14797 36233 1:0 14835
14810 697 21:0 14840
14834 609 1:0 14834
14836 36778 1:0 14841
14839 36757 21:0 14840
14839 38948 21:0 14840
14839 36746 21:0 14840
14839 36755 21:0 14840
14839 621 21:0 14843
14839 36234 1:0 14843
14842 611 1:0 14842
14842 755 21:0 14843
14843 36778 21:0 14851
14847 36782 1:0 14852
14850 619 21:0 14851
14850 617 21:0 14851
14850 39898 21:0 14851
14850 36232 1:0 14853
14852 607 1:0 14852
14854 36782 21:0 14860
14856 36785 1:0 14862
14859 39007 21:0 14860
14859 36760 21:0 14860
14859 313 1:0 14862
14859 36814 1:0 14862
14859 35867 1:0 14880
14859 35757 1:0 14880
14859 35823 1:0 14880
14861 36224 1:0 14861
14861 755 1:0 14862
14863 36812 1:0 14880
14864 36785 21:0 14942
14879 36215 1:0 14879
14879 36219 1:0 14879
14881 36202 1:0 14927
14926 36204 1:0 14926
14926 36210 1:0 14926
14928 36200 1:0 14966
14941 681 21:0 14971
14965 591 1:0 14965
14967 36835 1:0 14972
14970 39628 21:0 14971
14970 605 21:0 14971
14970 36814 21:0 14971
14970 603 21:0 14971
14970 36812 21:0 14974
14970 36201 1:0 14974
14973 36198 1:0 14973
14973 593 1:0 14973
14973 755 21:0 14974
14974 36835 21:0 14982
14978 36839 1:0 14983
14981 599 21:0 14982
14981 601 21:0 14982
14981 39157 21:0 14982
14981 36199 1:0 14984
14983 589 1:0 14983
14985 36839 21:0 14991
14987 36842 1:0 14993
14990 38930 21:0 14991
14990 36817 21:0 14991
14990 36869 1:0 14993
14990 297 1:0 14993
14990 35590 1:0 15011
14990 36072 1:0 15011
14990 35702 1:0 15011
14992 36191 1:0 14992
14992 36197 1:0 14992
14992 755 1:0 14993
14994 36871 1:0 15011
14995 36842 21:0 15073
15010 36186 1:0 15010
15010 36182 1:0 15010
15010 36185 1:0 15010
15010 36184 1:0 15010
15010 36178 1:0 15010
15012 36169 1:0 15058
15057 36171 1:0 15057
15059 36167 1:0 15097
15072 683 21:0 15102
15096 573 1:0 15096
15098 36892 1:0 15103
15101 36871 21:0 15102
15101 36869 21:0 15102
15101 36860 21:0 15102
15101 39199 21:0 15102
15101 36168 1:0 15105
15101 585 21:0 15105
15104 36165 1:0 15104
15104 575 1:0 15104
15104 755 21:0 15105
15105 36892 21:0 15113
15109 36896 1:0 15114
15112 583 21:0 15113
15112 39707 21:0 15113
15112 36874 21:0 15113
15112 36166 1:0 15115
15114 571 1:0 15114
15116 36896 21:0 15122
15118 36899 1:0 15124
15121 39965 21:0 15122
15121 623 21:0 15122
15121 36926 1:0 15124
15121 295 1:0 15124
15121 35624 1:0 15142
15121 35346 1:0 15142
15121 35630 1:0 15142
15123 36164 1:0 15123
15123 755 1:0 15124
15125 36928 1:0 15142
15126 36899 21:0 15204
15141 36151 1:0 15141
15141 36152 1:0 15141
15141 36149 1:0 15141
15141 36153 1:0 15141
15141 36145 1:0 15141
15143 36136 1:0 15189
15188 36144 1:0 15188
15190 36134 1:0 15228
15203 679 21:0 15233
15227 555 1:0 15227
15229 36949 1:0 15234
15232 569 21:0 15233
15232 36926 21:0 15233
15232 36928 21:0 15233
15232 39766 21:0 15233
15232 36135 1:0 15236
15232 567 21:0 15236
15235 36132 1:0 15235
15235 557 1:0 15235
15235 755 21:0 15236
15236 36949 21:0 15244
15240 36953 1:0 15245
15243 36931 21:0 15244
15243 39186 21:0 15244
15243 565 21:0 15244
15243 36133 1:0 15246
15245 553 1:0 15245
15247 36953 21:0 15253
15249 36956 1:0 15255
15252 39846 21:0 15253
15252 36803 21:0 15253
15252 279 1:0 15255
15252 36985 1:0 15255
15252 35307 1:0 15273
15252 35485 1:0 15273
15252 35379 1:0 15273
15254 36125 1:0 15254
15254 36131 1:0 15254
15254 755 1:0 15255
15256 36983 1:0 15273
15257 36956 21:0 15335
15272 551 1:0 15272
15272 36112 1:0 15272
15272 36118 1:0 15272
15272 36119 1:0 15272
15274 36103 1:0 15320
15319 36988 1:0 15319
15319 545 1:0 15319
15319 36111 1:0 15319
15321 36101 1:0 15359
15334 663 21:0 15364
15358 537 1:0 15358
15360 37006 1:0 15365
15363 36985 21:0 15364
15363 36983 21:0 15364
15363 39721 21:0 15364
15363 551 21:0 15364
15363 36102 1:0 15367
15363 547 21:0 15367
15366 36099 1:0 15366
15366 539 1:0 15366
15366 755 21:0 15367
15367 37006 21:0 15375
15371 37010 1:0 15376
15374 549 21:0 15375
15374 39325 21:0 15375
15374 36917 21:0 15375
15374 36100 1:0 15377
15376 535 1:0 15376
15378 37010 21:0 15384
15380 37013 1:0 15386
15383 39780 21:0 15384
15383 563 21:0 15384
15383 37040 1:0 15386
15383 277 1:0 15386
15383 35722 1:0 15404
15383 35524 1:0 15404
15383 35637 1:0 15404
15385 755 1:0 15386
15387 37042 1:0 15404
15388 37013 21:0 15466
15403 533 1:0 15403
15403 36085 1:0 15403
15403 36087 1:0 15403
15403 36079 1:0 15403
15405 36070 1:0 15451
15450 527 1:0 15450
15450 36078 1:0 15450
15452 36068 1:0 15490
15465 647 21:0 15495
15489 519 1:0 15489
15491 37063 1:0 15496
15494 37040 21:0 15495
15494 37042 21:0 15495
15494 533 21:0 15495
15494 39421 21:0 15495
15494 529 21:0 15498
15494 36069 1:0 15498
15497 36066 1:0 15497
15497 521 1:0 15497
15497 755 21:0 15498
15498 37063 21:0 15506
15502 37067 1:0 15507
15505 527 21:0 15506
15505 531 21:0 15506
15505 39654 21:0 15506
15505 36067 1:0 15508
15507 517 1:0 15507
15509 37067 21:0 15515
15511 37070 1:0 15517
15514 39812 21:0 15515
15514 37031 21:0 15515
15514 37097 1:0 15517
15514 261 1:0 15517
15514 35451 1:0 15535
15514 35715 1:0 15535
15514 35676 1:0 15535
15516 755 1:0 15517
15518 37099 1:0 15535
15519 37070 21:0 15597
15534 37088 1:0 15534
15534 515 1:0 15534
15534 36053 1:0 15534
15536 36037 1:0 15582
15581 509 1:0 15581
15581 36045 1:0 15581
15583 36035 1:0 15621
15596 665 21:0 15626
15620 501 1:0 15620
15622 37120 1:0 15627
15625 37099 21:0 15626
15625 515 21:0 15626
15625 39813 21:0 15626
15625 37097 21:0 15626
15625 511 21:0 15629
15625 36036 1:0 15629
15628 503 1:0 15628
15628 755 21:0 15629
15629 37120 21:0 15637
15633 37124 1:0 15638
15636 39582 21:0 15637
15636 513 21:0 15637
15636 509 21:0 15637
15636 36034 1:0 15639
15638 499 1:0 15638
15640 37124 21:0 15646
15642 37127 1:0 15648
15645 39784 21:0 15646
15645 37045 21:0 15646
15645 37154 1:0 15648
15645 259 1:0 15648
15645 35493 1:0 15666
15645 35603 1:0 15666
15645 35577 1:0 15666
15647 36032 1:0 15647
15647 755 1:0 15648
15649 37156 1:0 15666
15650 37127 21:0 15728
15665 497 1:0 15665
15665 36013 1:0 15665
15665 36020 1:0 15665
15665 36021 1:0 15665
15665 36019 1:0 15665
15667 36004 1:0 15713
15712 491 1:0 15712
15712 36006 1:0 15712
15712 36012 1:0 15712
15714 36002 1:0 15752
15727 37145 21:0 15727
15727 661 21:0 15757
15751 483 1:0 15751
15753 37177 1:0 15758
15756 39322 21:0 15757
15756 37154 21:0 15757
15756 37102 21:0 15757
15756 37156 21:0 15757
15756 36003 1:0 15760
15756 493 21:0 15760
15759 36000 1:0 15759
15759 485 1:0 15759
15759 755 21:0 15760
15760 37177 21:0 15768
15764 37181 1:0 15769
15767 495 21:0 15768
15767 545 21:0 15768
15767 39061 21:0 15768
15767 36001 1:0 15770
15769 481 1:0 15769
15771 485 21:0 15771
15771 37181 21:0 15777
15773 37184 1:0 15779
15776 37159 21:0 15777
15776 39206 21:0 15777
15776 37213 1:0 15779
15776 241 1:0 15779
15776 35406 1:0 15797
15776 35604 1:0 15797
15776 35610 1:0 15797
15778 35999 1:0 15778
15778 755 1:0 15779
15780 37211 1:0 15797
15781 481 21:0 15781
15781 37184 21:0 15859
15796 479 1:0 15796
15796 35988 1:0 15796
15796 35987 1:0 15796
15796 35980 1:0 15796
15796 35984 1:0 15796
15798 35971 1:0 15844
15843 473 1:0 15843
15843 35973 1:0 15843
15843 37216 1:0 15843
15845 35969 1:0 15883
15858 643 21:0 15888
15882 465 1:0 15882
15884 37234 1:0 15889
15887 37213 21:0 15888
15887 37216 21:0 15888
15887 37211 21:0 15888
15887 39754 21:0 15888
15887 35970 1:0 15891
15887 477 21:0 15891
15890 35967 1:0 15890
15890 467 1:0 15890
15890 465 21:0 15890
15890 755 21:0 15891
15891 37234 21:0 15899
15895 37238 1:0 15900
15898 479 21:0 15899
15898 475 21:0 15899
15898 40015 21:0 15899
15898 35968 1:0 15901
15900 463 1:0 15900
15902 467 21:0 15902
15902 37238 21:0 15908
15904 37241 1:0 15910
15907 40017 21:0 15908
15907 473 21:0 15908
15907 37270 1:0 15910
15907 243 1:0 15910
15907 35588 1:0 15928
15907 35439 1:0 15928
15907 35663 1:0 15928
15909 35966 1:0 15909
15909 755 1:0 15910
15911 37268 1:0 15928
15912 463 21:0 15912
15912 37241 21:0 15990
15927 461 1:0 15927
15927 35953 1:0 15927
15927 35955 1:0 15927
15929 35938 1:0 15975
15974 455 1:0 15974
15974 35940 1:0 15974
15974 35946 1:0 15974
15976 35936 1:0 16014
15989 645 21:0 16019
16013 447 1:0 16013
16015 37291 1:0 16020
16018 37268 21:0 16019
16018 37270 21:0 16019
16018 39859 21:0 16019
16018 37259 21:0 16019
16018 35937 1:0 16022
16018 459 21:0 16022
16021 35934 1:0 16021
16021 449 1:0 16021
16021 447 21:0 16021
16021 755 21:0 16022
16022 37291 21:0 16030
16026 37295 1:0 16031
16029 457 21:0 16030
16029 455 21:0 16030
16029 39820 21:0 16030
16029 35935 1:0 16032
16031 445 1:0 16031
16033 449 21:0 16033
16033 37295 21:0 16039
16035 37298 1:0 16041
16038 461 21:0 16039
16038 39581 21:0 16039
16038 223 1:0 16041
16038 37327 1:0 16041
16038 35489 1:0 16059
16038 35690 1:0 16059
16038 35438 1:0 16059
16040 35933 1:0 16040
16040 755 1:0 16041
16042 37325 1:0 16059
16043 445 21:0 16043
16043 37298 21:0 16121
16058 443 1:0 16058
16058 35918 1:0 16058
16060 35905 1:0 16106
16105 437 1:0 16105
16105 37330 1:0 16105
16105 35907 1:0 16105
16107 35903 1:0 16145
16120 591 21:0 16150
16144 429 1:0 16144
16146 37348 1:0 16151
16149 441 21:0 16150
16149 37327 21:0 16150
16149 37325 21:0 16150
16149 755 21:0 16150
16149 37273 21:0 16150
16149 439 21:0 16150
16149 35904 1:0 16153
16152 35901 1:0 16152
16152 431 1:0 16152
16153 429 21:0 16153
16153 37348 21:0 16161
16157 37352 1:0 16162
16160 39773 21:0 16161
16160 37202 21:0 16161
16160 35902 1:0 16163
16162 427 1:0 16162
16164 431 21:0 16164
16164 37352 21:0 16170
16166 37355 1:0 16172
16169 39918 21:0 16170
16169 37316 21:0 16170
16169 207 1:0 16172
16169 37382 1:0 16172
16169 35597 1:0 16190
16169 35720 1:0 16190
16169 35583 1:0 16190
16171 35900 1:0 16171
16171 755 1:0 16172
16173 37384 1:0 16190
16174 427 21:0 16174
16174 37355 21:0 16252
16189 425 1:0 16189
16189 35889 1:0 16189
16189 35887 1:0 16189
16189 35881 1:0 16189
16189 35888 1:0 16189
16191 35872 1:0 16237
16236 419 1:0 16236
16238 35870 1:0 16276
16251 593 21:0 16281
16275 411 1:0 16275
16277 37405 1:0 16282
16280 37384 21:0 16281
16280 37382 21:0 16281
16280 755 21:0 16281
16280 423 21:0 16281
16280 421 21:0 16281
16280 419 21:0 16281
16280 35871 1:0 16284
16283 413 1:0 16283
16284 411 21:0 16284
16284 37405 21:0 16292
16288 37409 1:0 16293
16291 39887 21:0 16292
16291 36703 21:0 16292
16291 35869 1:0 16294
16293 409 1:0 16293
16295 413 21:0 16295
16295 37409 21:0 16301
16297 37412 1:0 16303
16300 635 21:0 16301
16300 39978 21:0 16301
16300 205 1:0 16303
16300 37439 1:0 16303
16300 35657 1:0 16321
16300 35654 1:0 16321
16300 35504 1:0 16321
16302 755 1:0 16303
16304 37441 1:0 16321
16305 409 21:0 16305
16305 37412 21:0 16383
16320 407 1:0 16320
16322 35837 1:0 16368
16367 401 1:0 16367
16367 37444 1:0 16367
16367 35841 1:0 16367
16369 35839 1:0 16407
16382 609 21:0 16412
16406 393 1:0 16406
16408 37462 1:0 16413
16411 405 21:0 16412
16411 401 21:0 16412
16411 37439 21:0 16412
16411 37441 21:0 16412
16411 403 21:0 16412
16411 755 21:0 16412
16411 35838 1:0 16415
16414 35835 1:0 16414
16414 395 1:0 16414
16415 393 21:0 16415
16415 37462 21:0 16423
16419 37466 1:0 16424
16422 37387 21:0 16423
16422 39668 21:0 16423
16422 35836 1:0 16425
16424 391 1:0 16424
16426 395 21:0 16426
16426 37466 21:0 16432
16428 37469 1:0 16434
16431 37330 21:0 16432
16431 39652 21:0 16432
16431 37496 1:0 16434
16431 189 1:0 16434
16431 35352 1:0 16452
16431 35522 1:0 16452
16431 35555 1:0 16452
16433 35828 1:0 16433
16433 755 1:0 16434
16435 37498 1:0 16452
16436 391 21:0 16436
16436 37469 21:0 16514
16451 37487 1:0 16451
16451 389 1:0 16451
16451 35822 1:0 16451
16453 35806 1:0 16499
16498 383 1:0 16498
16498 35814 1:0 16498
16500 35804 1:0 16538
16513 625 21:0 16543
16537 375 1:0 16537
16539 37519 1:0 16544
16542 387 21:0 16543
16542 37496 21:0 16543
16542 37501 21:0 16543
16542 385 21:0 16543
16542 37498 21:0 16543
16542 755 21:0 16543
16542 35805 1:0 16546
16545 35802 1:0 16545
16545 377 1:0 16545
16546 375 21:0 16546
16546 37519 21:0 16554
16550 37523 1:0 16555
16553 39648 21:0 16554
16553 587 21:0 16554
16553 35803 1:0 16556
16555 373 1:0 16555
16557 377 21:0 16557
16557 37523 21:0 16563
16559 37526 1:0 16565
16562 437 21:0 16563
16562 39483 21:0 16563
16562 37555 1:0 16565
16562 187 1:0 16565
16562 35616 1:0 16583
16562 35636 1:0 16583
16562 35327 1:0 16583
16564 35795 1:0 16564
16564 755 1:0 16565
16566 37553 1:0 16583
16567 373 21:0 16567
16567 37526 21:0 16645
16582 37544 1:0 16582
16582 371 1:0 16582
16582 35788 1:0 16582
16582 35786 1:0 16582
16582 35789 1:0 16582
16582 35790 1:0 16582
16582 35782 1:0 16582
16584 35773 1:0 16630
16629 365 1:0 16629
16629 35775 1:0 16629
16629 35781 1:0 16629
16631 35771 1:0 16669
16644 629 21:0 16674
16668 357 1:0 16668
16670 37576 1:0 16675
16673 371 21:0 16674
16673 755 21:0 16674
16673 37553 21:0 16674
16673 37555 21:0 16674
16673 369 21:0 16674
16673 367 21:0 16674
16673 35772 1:0 16677
16676 35769 1:0 16676
16676 359 1:0 16676
16677 357 21:0 16677
16677 37576 21:0 16685
16681 37580 1:0 16686
16684 39953 21:0 16685
16684 36974 21:0 16685
16684 35770 1:0 16687
16686 355 1:0 16686
16688 359 21:0 16688
16688 37580 21:0 16694
16690 37583 1:0 16696
16693 39905 21:0 16694
16693 443 21:0 16694
16693 153 1:0 16696
16693 37610 1:0 16696
16693 35669 1:0 16714
16693 35649 1:0 16714
16693 35425 1:0 16714
16695 35768 1:0 16695
16695 755 1:0 16696
16697 37612 1:0 16714
16698 355 21:0 16698
16698 37583 21:0 16776
16713 353 1:0 16713
16713 35756 1:0 16713
16715 35740 1:0 16761
16760 347 1:0 16760
16760 35748 1:0 16760
16762 35738 1:0 16800
16775 37601 21:0 16775
16775 589 21:0 16805
16799 339 1:0 16799
16801 37633 1:0 16806
16804 39964 21:0 16805
16804 353 21:0 16805
16804 37612 21:0 16805
16804 37610 21:0 16805
16804 35739 1:0 16808
16804 349 21:0 16808
16807 339 21:0 16807
16807 341 1:0 16807
16807 755 21:0 16808
16808 37633 21:0 16816
16812 37637 1:0 16817
16815 39293 21:0 16816
16815 351 21:0 16816
16815 37487 21:0 16816
16815 35737 1:0 16818
16817 337 1:0 16817
16819 341 21:0 16819
16819 37637 21:0 16825
16821 37640 1:0 16827
16824 39509 21:0 16825
16824 491 21:0 16825
16824 37669 1:0 16827
16824 151 1:0 16827
16824 35696 1:0 16845
16824 35460 1:0 16845
16824 35187 1:0 16845
16826 35729 1:0 16826
16826 755 1:0 16827
16828 37667 1:0 16845
16829 337 21:0 16829
16829 37640 21:0 16907
16844 335 1:0 16844
16844 37658 1:0 16844
16844 35716 1:0 16844
16846 35707 1:0 16892
16891 329 1:0 16891
16891 37672 1:0 16891
16891 35709 1:0 16891
16893 35705 1:0 16931
16906 611 21:0 16936
16930 321 1:0 16930
16932 37690 1:0 16937
16935 38897 21:0 16936
16935 37669 21:0 16936
16935 37667 21:0 16936
16935 37658 21:0 16936
16935 333 21:0 16939
16935 35706 1:0 16939
16938 321 21:0 16938
16938 323 1:0 16938
16938 755 21:0 16939
16939 37690 21:0 16947
16943 37694 1:0 16948
16946 39753 21:0 16947
16946 36988 21:0 16947
16946 331 21:0 16947
16946 35704 1:0 16949
16948 319 1:0 16948
16950 323 21:0 16950
16950 37694 21:0 16956
16952 37697 1:0 16958
16955 39885 21:0 16956
16955 497 21:0 16956
16955 37724 1:0 16958
16955 135 1:0 16958
16955 35287 1:0 16976
16955 35201 1:0 16976
16955 35188 1:0 16976
16957 755 1:0 16958
16959 37726 1:0 16976
16960 319 21:0 16960
16960 37697 21:0 17038
16975 317 1:0 16975
16975 37715 1:0 16975
16975 35689 1:0 16975
16977 35672 1:0 17023
17022 311 1:0 17022
17022 35682 1:0 17022
17024 35674 1:0 17062
17037 627 21:0 17067
17061 303 1:0 17061
17063 37747 1:0 17068
17066 37729 21:0 17066
17066 37715 21:0 17067
17066 37726 21:0 17067
17066 37724 21:0 17067
17066 39482 21:0 17067
17066 315 21:0 17070
17066 35673 1:0 17070
17069 35670 1:0 17069
17069 303 21:0 17069
17069 305 1:0 17069
17069 755 21:0 17070
17070 37747 21:0 17078
17074 37751 1:0 17079
17077 313 21:0 17078
17077 317 21:0 17078
17077 39945 21:0 17078
17077 35671 1:0 17080
17079 301 1:0 17079
17081 37751 21:0 17087
17083 37754 1:0 17089
17086 39392 21:0 17087
17086 37672 21:0 17087
17086 37783 1:0 17089
17086 133 1:0 17089
17086 35273 1:0 17107
17086 35227 1:0 17107
17086 35291 1:0 17107
17088 755 1:0 17089
17090 37781 1:0 17107
17091 37754 21:0 17169
17106 299 1:0 17106
17106 35658 1:0 17106
17106 35656 1:0 17106
17108 35641 1:0 17154
17153 293 1:0 17153
17153 35643 1:0 17153
17155 35639 1:0 17193
17168 607 21:0 17198
17192 285 1:0 17192
17194 37804 1:0 17199
17197 37786 21:0 17197
17197 37783 21:0 17198
17197 37781 21:0 17198
17197 39932 21:0 17198
17197 347 21:0 17198
17197 35640 1:0 17201
17197 295 21:0 17201
17200 287 1:0 17200
17200 755 21:0 17201
17201 37804 21:0 17209
17205 37808 1:0 17210
17208 39850 21:0 17209
17208 297 21:0 17209
17208 329 21:0 17209
17208 35638 1:0 17211
17210 283 1:0 17210
17212 37808 21:0 17218
17214 37811 1:0 17220
17217 39160 21:0 17218
17217 37430 21:0 17218
17217 115 1:0 17220
17217 37838 1:0 17220
17217 35234 1:0 17238
17217 35293 1:0 17238
17217 35267 1:0 17238
17219 755 1:0 17220
17221 37840 1:0 17238
17222 37811 21:0 17300
17237 281 1:0 17237
17237 35625 1:0 17237
17237 35621 1:0 17237
17239 35608 1:0 17285
17284 275 1:0 17284
17284 37843 1:0 17284
17286 35606 1:0 17324
17299 519 21:0 17329
17323 267 1:0 17323
17325 37861 1:0 17330
17328 39259 21:0 17329
17328 37544 21:0 17329
17328 37838 21:0 17329
17328 37840 21:0 17329
17328 277 21:0 17332
17328 35607 1:0 17332
17331 269 1:0 17331
17331 755 21:0 17332
17332 37861 21:0 17340
17336 37865 1:0 17341
17339 279 21:0 17340
17339 36575 21:0 17340
17339 39991 21:0 17340
17339 35605 1:0 17342
17341 265 1:0 17341
17343 37865 21:0 17349
17345 37868 1:0 17351
17348 37829 21:0 17349
17348 39278 21:0 17349
17348 117 1:0 17351
17348 37895 1:0 17351
17348 35195 1:0 17369
17348 35258 1:0 17369
17348 35207 1:0 17369
17350 755 1:0 17351
17352 37897 1:0 17369
17353 37868 21:0 17431
17368 263 1:0 17368
17368 35591 1:0 17368
17368 35584 1:0 17368
17370 35573 1:0 17416
17415 257 1:0 17415
17417 35575 1:0 17455
17430 557 21:0 17460
17454 249 1:0 17454
17456 37918 1:0 17461
17459 37900 21:0 17459
17459 37886 21:0 17460
17459 37897 21:0 17460
17459 39305 21:0 17460
17459 37895 21:0 17460
17459 259 21:0 17463
17459 35574 1:0 17463
17462 35571 1:0 17462
17462 251 1:0 17462
17462 755 21:0 17463
17463 37918 21:0 17471
17467 37922 1:0 17472
17470 39127 21:0 17471
17470 261 21:0 17471
17470 263 21:0 17471
17470 35572 1:0 17473
17472 247 1:0 17472
17474 37922 21:0 17480
17476 37925 1:0 17482
17479 37843 21:0 17480
17479 39845 21:0 17480
17479 37952 1:0 17482
17479 99 1:0 17482
17479 35254 1:0 17500
17479 35221 1:0 17500
17479 35261 1:0 17500
17481 35570 1:0 17481
17481 755 1:0 17482
17483 37954 1:0 17500
17484 37925 21:0 17562
17499 245 1:0 17499
17499 35557 1:0 17499
17499 35558 1:0 17499
17501 35542 1:0 17547
17546 37957 1:0 17546
17546 239 1:0 17546
17546 35544 1:0 17546
17546 35550 1:0 17546
17548 35540 1:0 17586
17561 573 21:0 17591
17585 231 1:0 17585
17587 37975 1:0 17592
17590 37952 21:0 17591
17590 37954 21:0 17591
17590 37957 21:0 17591
17590 38981 21:0 17591
17590 35541 1:0 17594
17590 243 21:0 17594
17593 233 1:0 17593
17594 37975 21:0 17602
17598 37979 1:0 17603
17601 38941 21:0 17602
17601 241 21:0 17602
17601 755 21:0 17602
17601 275 21:0 17602
17601 35539 1:0 17604
17603 229 1:0 17603
17605 37979 21:0 17611
17607 37982 1:0 17613
17610 257 21:0 17611
17610 39911 21:0 17611
17610 225 1:0 17612
17610 38009 1:0 17612
17610 35220 1:0 17631
17610 35253 1:0 17631
17610 35181 1:0 17631
17612 35537 1:0 17612
17612 755 1:0 17612
17613 38011 1:0 17631
17615 37982 21:0 17693
17630 227 1:0 17630
17630 35526 1:0 17630
17630 35518 1:0 17630
17632 35509 1:0 17678
17677 221 1:0 17677
17677 38014 1:0 17677
17677 35517 1:0 17677
17679 35507 1:0 17717
17692 38000 21:0 17692
17692 539 21:0 17722
17716 213 1:0 17716
17718 38032 1:0 17723
17721 38009 21:0 17722
17721 38011 21:0 17722
17721 39713 21:0 17722
17721 38014 21:0 17722
17721 35508 1:0 17725
17721 225 21:0 17725
17724 215 1:0 17724
17725 38032 21:0 17733
17729 38036 1:0 17734
17732 223 21:0 17733
17732 581 21:0 17733
17732 755 21:0 17733
17732 39751 21:0 17733
17732 35506 1:0 17735
17734 211 1:0 17734
17736 38036 21:0 17742
17738 38039 1:0 17744
17741 40004 21:0 17742
17741 653 21:0 17742
17741 38068 1:0 17744
17741 97 1:0 17744
17741 35229 1:0 17762
17741 35262 1:0 17762
17741 35280 1:0 17762
17743 35498 1:0 17743
17743 755 1:0 17744
17745 38066 1:0 17762
17746 38039 21:0 17824
17761 38057 1:0 17761
17761 209 1:0 17761
17761 35491 1:0 17761
17763 35476 1:0 17809
17808 203 1:0 17808
17808 35484 1:0 17808
17810 35474 1:0 17848
17823 553 21:0 17853
17847 195 1:0 17847
17849 38089 1:0 17854
17852 38071 21:0 17852
17852 38057 21:0 17853
17852 38068 21:0 17853
17852 38066 21:0 17853
17852 205 21:0 17853
17852 207 21:0 17853
17852 755 21:0 17853
17852 35475 1:0 17856
17855 35472 1:0 17855
17855 197 1:0 17855
17856 38089 21:0 17864
17860 38093 1:0 17865
17863 39688 21:0 17864
17863 311 21:0 17864
17863 35473 1:0 17866
17865 193 1:0 17865
17867 38093 21:0 17873
17869 38096 1:0 17875
17872 40030 21:0 17873
17872 425 21:0 17873
17872 38182 1:0 17875
17872 38123 1:0 17875
17872 35286 1:0 17893
17872 35241 1:0 17893
17872 35295 1:0 17893
17874 35465 1:0 17874
17874 755 1:0 17875
17876 38125 1:0 17893
17877 38096 21:0 17955
17892 191 1:0 17892
17892 35456 1:0 17892
17892 35459 1:0 17892
17894 35443 1:0 17940
17939 185 1:0 17939
17939 35445 1:0 17939
17941 35441 1:0 17979
17954 571 21:0 17984
17978 177 1:0 17978
17980 38146 1:0 17985
17983 38125 21:0 17984
17983 755 21:0 17984
17983 189 21:0 17984
17983 38123 21:0 17984
17983 187 21:0 17984
17983 191 21:0 17984
17983 35442 1:0 17987
17986 179 1:0 17986
17987 38146 21:0 17995
17991 38150 1:0 17996
17994 38114 21:0 17995
17994 40010 21:0 17995
17994 35440 1:0 17997
17996 175 1:0 17996
17998 38150 21:0 18004
18000 38153 1:0 18006
18003 38128 21:0 18004
18003 39839 21:0 18004
18003 169 1:0 18006
18003 38180 1:0 18006
18003 35194 1:0 18024
18003 35274 1:0 18024
18003 35300 1:0 18024
18005 755 1:0 18006
18007 171 1:0 18024
18008 38153 21:0 18086
18023 173 1:0 18023
18023 35427 1:0 18023
18023 35419 1:0 18023
18023 35426 1:0 18023
18025 35410 1:0 18071
18070 167 1:0 18070
18070 35412 1:0 18070
18070 35418 1:0 18070
18072 35408 1:0 18110
18085 535 21:0 18115
18109 159 1:0 18109
18111 38203 1:0 18116
18114 171 21:0 18115
18114 38182 21:0 18115
18114 38171 21:0 18115
18114 38180 21:0 18115
18114 755 21:0 18115
18114 169 21:0 18115
18114 35409 1:0 18118
18117 161 1:0 18117
18118 38203 21:0 18126
18122 38207 1:0 18127
18125 245 21:0 18126
18125 39515 21:0 18126
18125 35407 1:0 18128
18127 157 1:0 18127
18129 38207 21:0 18135
18131 38210 1:0 18137
18134 39694 21:0 18135
18134 37772 21:0 18135
18134 81 1:0 18137
18134 38237 1:0 18137
18134 35306 1:0 18155
18134 35208 1:0 18155
18134 35260 1:0 18155
18136 35405 1:0 18136
18136 755 1:0 18137
18138 38239 1:0 18155
18139 38210 21:0 18217
18154 155 1:0 18154
18154 35394 1:0 18154
18156 35377 1:0 18202
18201 149 1:0 18201
18203 35375 1:0 18241
18216 521 21:0 18246
18240 141 1:0 18240
18242 38260 1:0 18247
18245 38239 21:0 18246
18245 39041 21:0 18246
18245 38228 21:0 18246
18245 38237 21:0 18246
18245 35376 1:0 18249
18245 153 21:0 18249
18248 35373 1:0 18248
18248 143 1:0 18248
18248 755 21:0 18249
18249 38260 21:0 18257
18253 38264 1:0 18258
18256 38242 21:0 18257
18256 151 21:0 18257
18256 39615 21:0 18257
18256 35374 1:0 18259
18258 139 1:0 18258
18260 38264 21:0 18266
18262 38267 1:0 18268
18265 37943 21:0 18266
18265 39720 21:0 18266
18265 79 1:0 18268
18265 38294 1:0 18268
18265 35294 1:0 18286
18265 35192 1:0 18286
18265 35228 1:0 18286
18267 35366 1:0 18267
18267 755 1:0 18268
18269 38296 1:0 18286
18270 38267 21:0 18348
18285 137 1:0 18285
18285 38285 1:0 18285
18285 35357 1:0 18285
18285 35359 1:0 18285
18285 35360 1:0 18285
18285 35361 1:0 18285
18287 35344 1:0 18333
18332 131 1:0 18332
18332 38299 1:0 18332
18334 35342 1:0 18372
18347 38285 21:0 18347
18347 517 21:0 18377
18371 123 1:0 18371
18373 38317 1:0 18378
18376 38299 21:0 18376
18376 38296 21:0 18377
18376 39590 21:0 18377
18376 38294 21:0 18377
18376 37444 21:0 18377
18376 133 21:0 18380
18376 35343 1:0 18380
18379 35340 1:0 18379
18379 125 1:0 18379
18379 755 21:0 18380
18380 38317 21:0 18388
18384 38321 1:0 18389
18387 37088 21:0 18388
18387 39920 21:0 18388
18387 135 21:0 18388
18387 35341 1:0 18390
18389 121 1:0 18389
18391 38321 21:0 18397
18393 38324 1:0 18399
18396 37373 21:0 18397
18396 39832 21:0 18397
18396 38351 1:0 18399
18396 61 1:0 18399
18396 35240 1:0 18417
18396 35247 1:0 18417
18396 35214 1:0 18417
18398 755 1:0 18399
18400 38353 1:0 18417
18401 38324 21:0 18479
18416 119 1:0 18416
18416 38342 1:0 18416
18416 35326 1:0 18416
18418 35311 1:0 18464
18463 113 1:0 18463
18463 38356 1:0 18463
18463 35313 1:0 18463
18463 35319 1:0 18463
18465 35309 1:0 18503
18478 38342 21:0 18478
18478 575 21:0 18508
18502 105 1:0 18502
18504 38374 1:0 18509
18507 37615 21:0 18508
18507 39977 21:0 18508
18507 38353 21:0 18508
18507 38351 21:0 18508
18507 35310 1:0 18511
18507 117 21:0 18511
18510 107 1:0 18510
18510 755 21:0 18511
18511 38374 21:0 18519
18515 38378 1:0 18520
18518 39344 21:0 18519
18518 335 21:0 18519
18518 115 21:0 18519
18518 35308 1:0 18521
18520 103 1:0 18520
18522 38378 21:0 18528
18524 38381 1:0 18530
18527 39588 21:0 18528
18527 37558 21:0 18528
18527 38408 1:0 18530
18527 45 1:0 18530
18527 35196 1:0 18548
18527 35225 1:0 18548
18527 35175 1:0 18548
18529 755 1:0 18530
18531 38410 1:0 18548
18532 38381 21:0 18610
18547 101 1:0 18547
18549 35278 1:0 18595
18594 38413 1:0 18594
18594 95 1:0 18594
18596 35276 1:0 18634
18609 38399 21:0 18609
18609 537 21:0 18639
18633 87 1:0 18633
18635 38431 1:0 18640
18638 39944 21:0 18639
18638 38408 21:0 18639
18638 383 21:0 18639
18638 38410 21:0 18639
18638 35277 1:0 18642
18638 99 21:0 18642
18641 89 1:0 18641
18641 755 21:0 18642
18642 38431 21:0 18650
18646 38435 1:0 18651
18649 97 21:0 18650
18649 39516 21:0 18650
18649 407 21:0 18650
18649 35275 1:0 18652
18651 85 1:0 18651
18653 38435 21:0 18659
18655 38438 1:0 18661
18658 43 1:0 18659
18658 39685 21:0 18659
18658 209 21:0 18659
18658 38467 1:0 18659
18658 35148 1:0 18679
18658 35154 1:0 18679
18658 35174 1:0 18679
18660 38465 1:0 18679
18663 38438 21:0 18741
18678 38456 1:0 18678
18678 83 1:0 18678
18678 755 1:0 18679
18680 35243 1:0 18726
18725 77 1:0 18725
18727 35245 1:0 18765
18740 38456 21:0 18740
18740 501 21:0 18770
18764 69 1:0 18764
18766 38488 1:0 18771
18769 38470 21:0 18769
18769 203 21:0 18770
18769 39819 21:0 18770
18769 38465 21:0 18770
18769 38467 21:0 18770
18769 81 21:0 18773
18769 35244 1:0 18773
18772 71 1:0 18772
18773 38488 21:0 18781
18777 38492 1:0 18782
18780 38356 21:0 18781
18780 40024 21:0 18781
18780 79 21:0 18781
18780 755 21:0 18781
18780 35242 1:0 18783
18782 67 1:0 18782
18784 38492 21:0 18790
18786 38495 1:0 18792
18789 155 21:0 18790
18789 39733 21:0 18790
18789 38522 1:0 18792
18789 63 1:0 18792
18789 35159 1:0 18810
18789 35142 1:0 18810
18789 35168 1:0 18810
18791 755 1:0 18792
18793 38524 1:0 18810
18794 38495 21:0 18872
18809 65 1:0 18809
18809 38513 1:0 18809
18811 35212 1:0 18857
18856 38527 1:0 18856
18856 59 1:0 18856
18858 35210 1:0 18896
18871 38513 21:0 18871
18871 555 21:0 18901
18895 51 1:0 18895
18897 38545 1:0 18902
18900 38527 21:0 18900
18900 38522 21:0 18901
18900 38413 21:0 18901
18900 39984 21:0 18901
18900 38524 21:0 18901
18900 35211 1:0 18904
18900 63 21:0 18904
18903 53 1:0 18903
18903 755 21:0 18904
18904 38545 21:0 18912
18908 38549 1:0 18913
18911 61 21:0 18912
18911 227 21:0 18912
18911 39641 21:0 18912
18911 35209 1:0 18914
18913 49 1:0 18913
18915 38549 21:0 18921
18917 38552 1:0 18923
18920 39252 21:0 18921
18920 299 21:0 18921
18920 25 1:0 18923
18920 38579 1:0 18923
18920 35161 1:0 18941
18920 35155 1:0 18941
18920 35162 1:0 18941
18922 755 1:0 18923
18924 38581 1:0 18941
18925 38552 21:0 19003
18940 38570 1:0 18940
18940 47 1:0 18940
18942 35177 1:0 18988
18987 38584 1:0 18987
18987 41 1:0 18987
18989 35179 1:0 19027
19002 38570 21:0 19002
19002 503 21:0 19032
19026 33 1:0 19026
19028 38602 1:0 19033
19031 38584 21:0 19031
19031 281 21:0 19032
19031 38579 21:0 19032
19031 38581 21:0 19032
19031 39872 21:0 19032
19031 45 21:0 19035
19031 35178 1:0 19035
19034 35 1:0 19034
19034 755 21:0 19035
19035 38602 21:0 19043
19039 38606 1:0 19044
19042 167 21:0 19043
19042 39674 21:0 19043
19042 43 21:0 19043
19042 35176 1:0 19045
19044 31 1:0 19044
19046 38606 21:0 19052
19048 38609 1:0 19054
19051 39437 21:0 19052
19051 38185 21:0 19052
19051 38638 1:0 19054
19051 27 1:0 19054
19051 35129 1:0 19072
19051 35163 1:0 19072
19051 35141 1:0 19072
19053 755 1:0 19054
19055 38636 1:0 19072
19056 38609 21:0 19134
19071 29 1:0 19071
19073 35146 1:0 19119
19118 23 1:0 19118
19120 35144 1:0 19158
19133 38627 21:0 19133
19133 499 21:0 19163
19157 15 1:0 19157
19159 38659 1:0 19164
19162 38641 21:0 19162
19162 39866 21:0 19163
19162 38636 21:0 19163
19162 38638 21:0 19163
19162 131 21:0 19163
19162 35145 1:0 19166
19162 25 21:0 19166
19165 17 1:0 19165
19165 755 21:0 19166
19166 38659 21:0 19174
19170 38663 1:0 19175
19173 27 21:0 19174
19173 39938 21:0 19174
19173 695 21:0 19174
19173 35143 1:0 19176
19175 13 1:0 19175
19177 38663 21:0 19183
19179 38666 1:0 19185
19182 173 21:0 19183
19182 39701 21:0 19183
19182 35135 1:0 19191
19182 35126 1:0 19206
19182 35130 1:0 19206
19187 38666 21:0 19265
19207 38695 1:0 19209
19207 755 1:0 19209
19207 35128 1:0 19209
19208 11 1:0 19208
19210 7 1:0 19212
19210 38693 1:0 19212
19210 35122 1:0 19241
19211 38684 1:0 19211
19213 9 1:0 19243
19245 38716 1:0 19260
19261 35121 1:0 19263
19262 5 1:0 19262
19262 38698 1:0 19262
19264 38684 21:0 19264
19264 35115 1:0 19273
19264 3 1:0 19289
19264 483 21:0 19354
19353 5 21:0 19353
19353 38693 21:0 19354
19353 42325 21:0 19354
19353 42319 21:0 19354
19353 755 21:0 19354
19353 3 21:0 19354
19356 13 21:0 19356
19356 42347 21:0 19359
19358 42333 21:0 19359
19358 38695 21:0 19359
19358 38716 21:0 19359
19361 17 21:0 19361
19361 42349 21:0 19364
19363 42348 21:0 19382
19365 755 1:0 19367
19377 25 1:0 19378
19377 27 1:0 19382
19377 39701 1:0 19417
19381 23 21:0 19381
19381 15 21:0 19381
19381 42350 21:0 19430
19418 39938 1:0 19428
19429 29 21:0 19429
19429 42326 21:0 19430
19429 42332 21:0 19430
19429 42330 21:0 19430
19429 42345 21:0 19430
19429 7 21:0 19432
19429 39437 1:0 19433
19429 39674 1:0 19433
19429 39252 1:0 19433
19429 39866 1:0 19433
19429 39872 1:0 19433
19432 31 21:0 19432
19432 42380 21:0 19435
19434 755 21:0 19435
19434 27 21:0 19435
19434 25 21:0 19435
19434 9 21:0 19435
19434 42334 21:0 19435
19434 39984 1:0 19438
19434 40024 1:0 19438
19434 39641 1:0 19438
19434 43 1:0 19438
19434 39819 1:0 19438
19434 39733 1:0 19438
19436 755 1:0 19438
19437 35 21:0 19437
19437 42382 21:0 19440
19439 45 1:0 19452
19439 39685 1:0 19452
19439 39344 1:0 19452
19439 39588 1:0 19452
19439 39944 1:0 19452
19439 39516 1:0 19452
19439 42381 21:0 19458
19453 39977 1:0 19493
19453 39832 1:0 19493
19457 41 21:0 19457
19457 33 21:0 19457
19457 42383 21:0 19506
19494 39920 1:0 19504
19505 47 21:0 19505
19505 42379 21:0 19506
19505 42363 21:0 19506
19505 42365 21:0 19506
19505 42339 21:0 19506
19505 45 21:0 19508
19505 39694 1:0 19509
19505 39041 1:0 19509
19505 39590 1:0 19509
19505 39720 1:0 19509
19505 39615 1:0 19509
19508 49 21:0 19508
19508 42413 21:0 19511
19510 755 21:0 19511
19510 43 21:0 19511
19510 42392 21:0 19511
19510 61 1:0 19514
19510 39515 1:0 19514
19510 39839 1:0 19514
19510 40010 1:0 19514
19510 40030 1:0 19514
19510 39688 1:0 19514
19512 755 1:0 19514
19513 53 21:0 19513
19513 42415 21:0 19516
19515 38941 1:0 19528
19515 39911 1:0 19528
19515 39751 1:0 19528
19515 40004 1:0 19528
19515 63 1:0 19528
19515 39713 1:0 19528
19515 42414 21:0 19534
19529 38981 1:0 19569
19529 39845 1:0 19569
19533 59 21:0 19533
19533 51 21:0 19533
19533 42416 21:0 19582
19570 39127 1:0 19580
19581 65 21:0 19581
19581 42400 21:0 19582
19581 42359 21:0 19582
19581 42346 21:0 19582
19581 42358 21:0 19582
19581 63 21:0 19584
19581 39278 1:0 19585
19581 39160 1:0 19585
19581 39259 1:0 19585
19581 39991 1:0 19585
19581 39305 1:0 19585
19584 67 21:0 19584
19584 42446 21:0 19587
19586 755 21:0 19587
19586 61 21:0 19587
19586 42398 21:0 19587
19586 39932 1:0 19590
19586 79 1:0 19590
19586 39850 1:0 19590
19586 39482 1:0 19590
19586 39945 1:0 19590
19586 39392 1:0 19590
19588 755 1:0 19590
19589 71 21:0 19589
19589 42448 21:0 19592
19591 39509 1:0 19604
19591 39293 1:0 19604
19591 38897 1:0 19604
19591 39753 1:0 19604
19591 81 1:0 19604
19591 39885 1:0 19604
19591 42447 21:0 19610
19605 173 1:0 19640
19609 77 21:0 19609
19609 69 21:0 19609
19609 42449 21:0 19658
19641 695 1:0 19656
19657 83 21:0 19657
19657 42385 21:0 19658
19657 42399 21:0 19658
19657 42378 21:0 19658
19657 42411 21:0 19658
19657 81 21:0 19660
19657 131 1:0 19661
19657 39964 1:0 19661
19657 38185 1:0 19661
19660 85 21:0 19660
19660 42479 21:0 19663
19662 755 21:0 19663
19662 79 21:0 19663
19662 42438 21:0 19663
19662 39905 1:0 19666
19662 167 1:0 19666
19662 281 1:0 19666
19662 97 1:0 19666
19664 755 1:0 19666
19665 89 21:0 19665
19665 42481 21:0 19668
19667 227 1:0 19680
19667 39953 1:0 19680
19667 299 1:0 19680
19667 99 1:0 19680
19667 42480 21:0 19686
19681 38413 1:0 19716
19685 95 21:0 19685
19685 87 21:0 19685
19685 42482 21:0 19734
19717 155 1:0 19732
19733 101 21:0 19733
19733 42462 21:0 19734
19733 42352 21:0 19734
19733 42396 21:0 19734
19733 42367 21:0 19734
19733 99 21:0 19736
19733 39483 1:0 19737
19733 38356 1:0 19737
19733 203 1:0 19737
19736 103 21:0 19736
19736 42512 21:0 19739
19738 42391 21:0 19739
19738 755 21:0 19739
19738 97 21:0 19739
19738 209 1:0 19742
19738 115 1:0 19742
19738 407 1:0 19742
19738 39648 1:0 19742
19740 755 1:0 19742
19741 107 21:0 19741
19741 42514 21:0 19744
19743 117 1:0 19756
19743 383 1:0 19756
19743 39652 1:0 19756
19743 37558 1:0 19756
19743 42513 21:0 19762
19757 335 1:0 19792
19761 113 21:0 19761
19761 42523 21:0 19761
19761 105 21:0 19761
19761 42515 21:0 19810
19793 37615 1:0 19808
19809 119 21:0 19809
19809 42429 21:0 19810
19809 42405 21:0 19810
19809 42465 21:0 19810
19809 42372 21:0 19810
19809 117 21:0 19812
19809 37088 1:0 19813
19809 37373 1:0 19813
19809 39668 1:0 19813
19812 121 21:0 19812
19812 42545 21:0 19815
19814 115 21:0 19815
19814 42458 21:0 19815
19814 755 21:0 19815
19814 39978 1:0 19818
19814 135 1:0 19818
19814 37943 1:0 19818
19814 37444 1:0 19818
19816 755 1:0 19818
19817 125 21:0 19817
19817 42547 21:0 19820
19819 39887 1:0 19832
19819 133 1:0 19832
19819 37772 1:0 19832
19819 245 1:0 19832
19819 42546 21:0 19838
19833 425 1:0 19868
19837 131 21:0 19837
19837 123 21:0 19837
19837 42548 21:0 19886
19869 311 1:0 19884
19885 137 21:0 19885
19885 42477 21:0 19886
19885 42431 21:0 19886
19885 42424 21:0 19886
19885 42444 21:0 19886
19885 135 21:0 19888
19885 653 1:0 19889
19885 581 1:0 19889
19885 39918 1:0 19889
19888 139 21:0 19888
19888 42578 21:0 19891
19890 755 21:0 19891
19890 42432 21:0 19891
19890 133 21:0 19891
19890 38228 1:0 19894
19890 151 1:0 19894
19890 39773 1:0 19894
19890 38242 1:0 19894
19892 755 1:0 19894
19893 143 21:0 19893
19893 42580 21:0 19896
19895 39581 1:0 19908
19895 153 1:0 19908
19895 38171 1:0 19908
19895 38128 1:0 19908
19895 42579 21:0 19914
19909 38114 1:0 19944
19913 149 21:0 19913
19913 141 21:0 19913
19913 42581 21:0 19962
19945 191 1:0 19960
19961 155 21:0 19961
19961 42609 21:0 19961
19961 42597 21:0 19961
19961 42412 21:0 19962
19961 42366 21:0 19962
19961 42445 21:0 19962
19961 42418 21:0 19962
19961 151 21:0 19964
19961 39754 1:0 19965
19961 40015 1:0 19965
19961 40017 1:0 19965
19961 39820 1:0 19965
19961 39859 1:0 19965
19964 157 21:0 19964
19964 42611 21:0 19967
19966 755 21:0 19967
19966 153 21:0 19967
19966 42425 21:0 19967
19966 39206 1:0 19970
19966 39061 1:0 19970
19966 39322 1:0 19970
19966 39784 1:0 19970
19966 39582 1:0 19970
19966 169 1:0 19970
19968 755 1:0 19970
19969 161 21:0 19969
19969 42613 21:0 19972
19971 275 1:0 19984
19971 39813 1:0 19984
19971 171 1:0 19984
19971 257 1:0 19984
19971 42612 21:0 19990
19985 37843 1:0 20020
19989 167 21:0 19989
19989 159 21:0 19989
19989 42614 21:0 20038
20021 37829 1:0 20036
20037 173 21:0 20037
20037 42629 21:0 20037
20037 42433 21:0 20038
20037 42466 21:0 20038
20037 42451 21:0 20038
20037 42457 21:0 20038
20037 169 21:0 20040
20037 36575 1:0 20041
20037 39812 1:0 20041
20037 37544 1:0 20041
20040 175 21:0 20040
20040 42644 21:0 20043
20042 171 21:0 20043
20042 42464 21:0 20043
20042 755 21:0 20043
20042 37430 1:0 20046
20042 189 1:0 20046
20042 39654 1:0 20046
20042 329 1:0 20046
20044 755 1:0 20046
20045 179 21:0 20045
20045 42646 21:0 20048
20047 187 1:0 20060
20047 39421 1:0 20060
20047 38014 1:0 20060
20047 347 1:0 20060
20047 42645 21:0 20066
20061 37672 1:0 20096
20065 185 21:0 20065
20065 42636 21:0 20065
20065 177 21:0 20065
20065 42647 21:0 20114
20097 497 1:0 20112
20113 191 21:0 20113
20113 42656 21:0 20113
20113 42499 21:0 20114
20113 42478 21:0 20114
20113 42510 21:0 20114
20113 42491 21:0 20114
20113 189 21:0 20116
20113 491 1:0 20117
20113 36988 1:0 20117
20113 39780 1:0 20117
20116 193 21:0 20116
20116 42677 21:0 20119
20118 755 21:0 20119
20118 42497 21:0 20119
20118 187 21:0 20119
20118 37487 1:0 20122
20118 443 1:0 20122
20118 39325 1:0 20122
20118 205 1:0 20122
20120 755 1:0 20122
20121 42676 21:0 20121
20121 197 21:0 20121
20121 42679 21:0 20124
20123 39721 1:0 20136
20123 36974 1:0 20136
20123 437 1:0 20136
20123 207 1:0 20136
20123 42678 21:0 20142
20137 587 1:0 20172
20141 203 21:0 20141
20141 42688 21:0 20141
20141 195 21:0 20141
20141 42680 21:0 20190
20173 37330 1:0 20188
20189 209 21:0 20189
20189 42490 21:0 20190
20189 42484 21:0 20190
20189 42471 21:0 20190
20189 42495 21:0 20190
20189 207 21:0 20192
20189 39846 1:0 20193
20189 37387 1:0 20193
20189 635 1:0 20193
20192 211 21:0 20192
20192 42710 21:0 20195
20194 42498 21:0 20195
20194 755 21:0 20195
20194 205 21:0 20195
20194 39186 1:0 20198
20194 39766 1:0 20198
20194 39965 1:0 20198
20194 36703 1:0 20198
20194 223 1:0 20198
20196 755 1:0 20198
20197 215 21:0 20197
20197 42712 21:0 20200
20199 39157 1:0 20212
20199 225 1:0 20212
20199 39199 1:0 20212
20199 38930 1:0 20212
20199 39628 1:0 20212
20199 39707 1:0 20212
20199 42711 21:0 20218
20213 39007 1:0 20253
20213 39898 1:0 20253
20217 221 21:0 20217
20217 213 21:0 20217
20217 42713 21:0 20266
20254 38948 1:0 20264
20265 227 21:0 20265
20265 42682 21:0 20266
20265 42598 21:0 20266
20265 42623 21:0 20266
20265 42689 21:0 20266
20265 223 21:0 20268
20265 39912 1:0 20269
20265 39619 1:0 20269
20265 39982 1:0 20269
20265 39899 1:0 20269
20265 39487 1:0 20269
20268 229 21:0 20268
20268 42743 21:0 20271
20270 42721 21:0 20271
20270 225 21:0 20271
20270 755 21:0 20271
20270 39951 1:0 20274
20270 39892 1:0 20274
20270 241 1:0 20274
20270 263 1:0 20274
20270 39223 1:0 20274
20272 755 1:0 20274
20273 233 21:0 20273
20273 42745 21:0 20276
20275 243 1:0 20288
20275 39655 1:0 20288
20275 401 1:0 20288
20275 37159 1:0 20288
20275 42744 21:0 20294
20289 37501 1:0 20324
20293 239 21:0 20293
20293 42735 21:0 20293
20293 231 21:0 20293
20293 42746 21:0 20342
20325 419 1:0 20340
20341 245 21:0 20341
20341 42570 21:0 20342
20341 42603 21:0 20342
20341 42726 21:0 20342
20341 42590 21:0 20342
20341 243 21:0 20344
20341 37316 1:0 20345
20341 39047 1:0 20345
20341 545 1:0 20345
20344 247 21:0 20344
20344 42776 21:0 20347
20346 755 21:0 20347
20346 42627 21:0 20347
20346 241 21:0 20347
20346 261 1:0 20350
20346 37102 1:0 20350
20346 39971 1:0 20350
20346 36589 1:0 20350
20348 755 1:0 20350
20349 251 21:0 20349
20349 42778 21:0 20352
20351 39952 1:0 20364
20351 36917 1:0 20364
20351 259 1:0 20364
20351 563 1:0 20364
20351 42777 21:0 20370
20365 37202 1:0 20400
20369 257 21:0 20369
20369 249 21:0 20369
20369 42779 21:0 20418
20401 473 1:0 20416
20417 263 21:0 20417
20417 42781 21:0 20417
20417 42517 21:0 20418
20417 42557 21:0 20418
20417 42696 21:0 20418
20417 755 21:0 20418
20417 42664 21:0 20418
20417 36803 1:0 20421
20417 39489 1:0 20421
20417 37045 1:0 20421
20420 265 21:0 20420
20420 42809 21:0 20423
20422 42660 21:0 20423
20422 261 21:0 20423
20422 259 21:0 20423
20422 671 1:0 20426
20422 279 1:0 20426
20422 36461 1:0 20426
20422 39351 1:0 20426
20424 755 1:0 20426
20425 269 21:0 20425
20425 42811 21:0 20428
20427 461 1:0 20440
20427 37273 1:0 20440
20427 39161 1:0 20440
20427 277 1:0 20440
20427 42810 21:0 20446
20441 455 1:0 20476
20445 275 21:0 20445
20445 42820 21:0 20445
20445 267 21:0 20445
20445 42812 21:0 20494
20477 37259 1:0 20492
20493 281 21:0 20493
20493 42827 21:0 20493
20493 42828 21:0 20493
20493 42821 21:0 20493
20493 42642 21:0 20494
20493 42729 21:0 20494
20493 42594 21:0 20494
20493 42655 21:0 20494
20493 277 21:0 20496
20493 37216 1:0 20497
20493 39457 1:0 20497
20493 479 1:0 20497
20496 283 21:0 20496
20496 42842 21:0 20499
20498 42649 21:0 20499
20498 279 21:0 20499
20498 755 21:0 20499
20498 509 1:0 20502
20498 297 1:0 20502
20498 39586 1:0 20502
20498 37031 1:0 20502
20500 755 1:0 20502
20501 287 21:0 20501
20501 42844 21:0 20504
20503 36931 1:0 20516
20503 39124 1:0 20516
20503 527 1:0 20516
20503 295 1:0 20516
20503 42843 21:0 20522
20517 569 1:0 20552
20521 293 21:0 20521
20521 285 21:0 20521
20521 42845 21:0 20570
20553 623 1:0 20568
20569 299 21:0 20569
20569 42862 21:0 20569
20569 42847 21:0 20569
20569 42860 21:0 20569
20569 42854 21:0 20569
20569 42531 21:0 20570
20569 42663 21:0 20570
20569 42693 21:0 20570
20569 42708 21:0 20570
20569 297 21:0 20572
20569 39529 1:0 20573
20569 617 1:0 20573
20569 36760 1:0 20573
20572 301 21:0 20572
20572 42875 21:0 20575
20574 42528 21:0 20575
20574 755 21:0 20575
20574 295 21:0 20575
20574 39949 1:0 20578
20574 313 1:0 20578
20574 36646 1:0 20578
20574 641 1:0 20578
20576 755 1:0 20578
20577 42874 21:0 20577
20577 303 1:0 20577
20577 305 21:0 20577
20577 42877 21:0 20580
20579 315 1:0 20592
20579 39718 1:0 20592
20579 36532 1:0 20592
20579 659 1:0 20592
20579 42876 21:0 20598
20593 317 1:0 20631
20597 311 21:0 20597
20597 42886 21:0 20597
20597 303 21:0 20597
20597 42878 21:0 20646
20629 36475 1:0 20644
20643 319 1:0 20643
20645 317 21:0 20645
20645 42887 21:0 20645
20645 42891 21:0 20645
20645 42504 21:0 20646
20645 42715 21:0 20646
20645 42563 21:0 20646
20645 42697 21:0 20646
20645 315 21:0 20648
20645 36817 1:0 20649
20645 36689 1:0 20649
20645 40019 1:0 20649
20648 323 1:0 20648
20648 319 21:0 20648
20648 42908 21:0 20651
20650 313 21:0 20651
20650 755 21:0 20651
20650 42630 21:0 20651
20650 39788 1:0 20654
20650 36632 1:0 20654
20650 689 1:0 20654
20650 331 1:0 20654
20652 755 1:0 20654
20653 321 1:0 20653
20653 323 21:0 20653
20653 42910 21:0 20656
20655 707 1:0 20668
20655 36518 1:0 20668
20655 333 1:0 20668
20655 39740 1:0 20668
20655 42909 21:0 20674
20669 39256 1:0 20704
20669 39384 1:0 20704
20673 329 21:0 20673
20673 42900 21:0 20673
20673 321 21:0 20673
20673 42911 21:0 20722
20705 713 1:0 20720
20719 337 1:0 20719
20721 335 21:0 20721
20721 42927 21:0 20721
20721 42913 21:0 20721
20721 42561 21:0 20722
20721 42577 21:0 20722
20721 42722 21:0 20722
20721 42596 21:0 20722
20721 331 21:0 20724
20721 39239 1:0 20725
20721 39608 1:0 20725
20721 533 1:0 20725
20721 39417 1:0 20725
20724 341 1:0 20724
20724 337 21:0 20724
20724 42941 21:0 20727
20726 755 21:0 20727
20726 42524 21:0 20727
20726 333 21:0 20727
20726 551 1:0 20730
20726 39853 1:0 20730
20726 36874 1:0 20730
20726 351 1:0 20730
20728 755 1:0 20730
20729 339 1:0 20729
20729 341 21:0 20729
20729 42943 21:0 20732
20731 36860 1:0 20744
20731 599 1:0 20744
20731 349 1:0 20744
20731 39331 1:0 20744
20731 42942 21:0 20750
20745 353 1:0 20783
20749 347 21:0 20749
20749 339 21:0 20749
20749 42944 21:0 20798
20781 38057 1:0 20796
20795 355 1:0 20795
20797 353 21:0 20797
20797 42960 21:0 20797
20797 42957 21:0 20797
20797 42741 21:0 20798
20797 42565 21:0 20798
20797 42544 21:0 20798
20797 42643 21:0 20798
20797 351 21:0 20800
20797 369 1:0 20801
20797 605 1:0 20801
20797 38895 1:0 20801
20797 37957 1:0 20801
20800 359 1:0 20800
20800 355 21:0 20800
20800 42974 21:0 20803
20802 42695 21:0 20803
20802 349 21:0 20803
20802 755 21:0 20803
20802 39826 1:0 20806
20802 36746 1:0 20806
20802 367 1:0 20806
20802 371 1:0 20806
20804 755 1:0 20806
20805 357 1:0 20805
20805 359 21:0 20805
20805 42976 21:0 20808
20807 42975 21:0 20826
20807 483 1:0 20872
20825 365 21:0 20825
20825 357 21:0 20825
20825 42977 21:0 20874
20857 677 1:0 20872
20871 373 1:0 20871
20871 377 1:0 20871
20873 371 21:0 20873
20873 42994 21:0 20873
20873 42787 21:0 20874
20873 42755 21:0 20874
20873 42959 21:0 20874
20873 42880 21:0 20874
20873 369 21:0 20876
20873 499 1:0 20882
20876 373 21:0 20876
20876 43007 21:0 20879
20878 367 21:0 20879
20878 42761 21:0 20879
20878 755 21:0 20879
20878 39986 1:0 20882
20878 39595 1:0 20882
20878 387 1:0 20882
20878 39542 1:0 20882
20878 385 1:0 20882
20880 755 1:0 20882
20881 377 21:0 20881
20881 375 1:0 20881
20881 43009 21:0 20884
20883 43008 21:0 20902
20883 503 1:0 20948
20901 383 21:0 20901
20901 375 21:0 20901
20901 43010 21:0 20950
20933 37886 1:0 20948
20947 391 1:0 20947
20947 395 1:0 20947
20949 389 21:0 20949
20949 43026 21:0 20949
20949 42940 21:0 20950
20949 42979 21:0 20950
20949 42530 21:0 20950
20949 42662 21:0 20950
20949 385 21:0 20952
20949 555 1:0 20958
20952 391 21:0 20952
20952 43040 21:0 20955
20954 755 21:0 20955
20954 387 21:0 20955
20954 42675 21:0 20955
20954 403 1:0 20958
20954 405 1:0 20958
20954 39747 1:0 20958
20954 37715 1:0 20958
20956 755 1:0 20958
20957 395 21:0 20957
20957 393 1:0 20957
20957 43042 21:0 20960
20959 43041 21:0 20978
20959 501 1:0 21024
20977 401 21:0 20977
20977 43032 21:0 20977
20977 393 21:0 20977
20977 43043 21:0 21026
21009 37658 1:0 21024
21023 409 1:0 21023
21023 413 1:0 21023
21025 407 21:0 21025
21025 43056 21:0 21025
21025 43058 21:0 21025
21025 43045 21:0 21025
21025 42814 21:0 21026
21025 42953 21:0 21026
21025 42583 21:0 21026
21025 42858 21:0 21026
21025 403 21:0 21028
21025 537 1:0 21034
21028 409 21:0 21028
21028 43073 21:0 21031
21030 42939 21:0 21031
21030 405 21:0 21031
21030 755 21:0 21031
21030 515 1:0 21034
21030 39700 1:0 21034
21030 421 1:0 21034
21030 423 1:0 21034
21032 755 1:0 21034
21033 43072 21:0 21033
21033 413 21:0 21033
21033 411 1:0 21033
21033 43075 21:0 21036
21035 43074 21:0 21054
21035 575 1:0 21100
21053 419 21:0 21053
21053 43084 21:0 21053
21053 411 21:0 21053
21053 43076 21:0 21102
21090 39284 1:0 21100
21099 427 1:0 21099
21099 431 1:0 21099
21101 425 21:0 21101
21101 43091 21:0 21101
21101 42873 21:0 21102
21101 42829 21:0 21102
21101 42763 21:0 21102
21101 42867 21:0 21102
21101 421 21:0 21104
21101 517 1:0 21110
21104 427 21:0 21104
21104 43106 21:0 21107
21106 42840 21:0 21107
21106 755 21:0 21107
21106 423 21:0 21107
21106 39425 1:0 21110
21106 39205 1:0 21110
21106 39172 1:0 21110
21106 441 1:0 21110
21106 439 1:0 21110
21108 755 1:0 21110
21109 43105 21:0 21109
21109 431 21:0 21109
21109 429 1:0 21109
21109 43108 21:0 21112
21111 43107 21:0 21130
21111 521 1:0 21176
21129 437 21:0 21129
21129 429 21:0 21129
21129 43109 21:0 21178
21166 39226 1:0 21176
21175 445 1:0 21175
21175 449 1:0 21175
21177 443 21:0 21177
21177 43137 21:0 21177
21177 43125 21:0 21177
21177 42920 21:0 21178
21177 42616 21:0 21178
21177 42825 21:0 21178
21177 755 21:0 21178
21177 42792 21:0 21178
21177 535 1:0 21186
21180 445 21:0 21180
21180 43139 21:0 21183
21182 42775 21:0 21183
21182 441 21:0 21183
21182 439 21:0 21183
21182 39272 1:0 21186
21182 39403 1:0 21186
21182 457 1:0 21186
21182 459 1:0 21186
21182 39623 1:0 21186
21184 755 1:0 21186
21185 449 21:0 21185
21185 447 1:0 21185
21185 43141 21:0 21188
21187 43140 21:0 21206
21187 571 1:0 21252
21205 455 21:0 21205
21205 43131 21:0 21205
21205 447 21:0 21205
21205 43142 21:0 21254
21242 39555 1:0 21252
21251 463 1:0 21251
21251 467 1:0 21251
21253 461 21:0 21253
21253 43151 21:0 21253
21253 43155 21:0 21253
21253 43157 21:0 21253
21253 43144 21:0 21253
21253 42906 21:0 21254
21253 42762 21:0 21254
21253 42759 21:0 21254
21253 42993 21:0 21254
21253 457 21:0 21256
21253 553 1:0 21262
21256 463 21:0 21256
21256 43172 21:0 21259
21258 42669 21:0 21259
21258 459 21:0 21259
21258 475 1:0 21262
21258 39192 1:0 21262
21258 39173 1:0 21262
21258 39190 1:0 21262
21258 477 1:0 21262
21261 43171 21:0 21261
21261 467 21:0 21261
21261 465 1:0 21261
21261 43174 21:0 21264
21263 43173 21:0 21282
21263 539 1:0 21328
21281 473 21:0 21281
21281 465 21:0 21281
21281 43175 21:0 21330
21318 39227 1:0 21328
21327 481 1:0 21327
21327 485 1:0 21327
21329 479 21:0 21329
21329 43190 21:0 21329
21329 43188 21:0 21329
21329 42894 21:0 21330
21329 42796 21:0 21330
21329 42966 21:0 21330
21329 42992 21:0 21330
21329 477 21:0 21332
21329 573 1:0 21338
21332 481 21:0 21332
21332 43205 21:0 21335
21334 755 21:0 21335
21334 42834 21:0 21335
21334 475 21:0 21335
21334 39463 1:0 21338
21334 493 1:0 21338
21334 39562 1:0 21338
21334 495 1:0 21338
21334 39557 1:0 21338
21336 755 1:0 21338
21337 43204 21:0 21337
21337 485 21:0 21337
21337 43207 21:0 21340
21339 43206 21:0 21358
21339 557 1:0 21404
21357 491 21:0 21357
21357 483 21:0 21357
21357 43208 21:0 21406
21394 39634 1:0 21404
21405 497 21:0 21405
21405 42537 21:0 21406
21405 42973 21:0 21406
21405 42550 21:0 21406
21405 42768 21:0 21406
21405 495 21:0 21408
21405 519 1:0 21414
21408 499 21:0 21408
21408 43238 21:0 21411
21410 755 21:0 21411
21410 42576 21:0 21411
21410 493 21:0 21411
21410 39687 1:0 21414
21410 39681 1:0 21414
21410 511 1:0 21414
21410 513 1:0 21414
21410 39053 1:0 21414
21412 755 1:0 21414
21413 503 21:0 21413
21413 43240 21:0 21416
21415 43239 21:0 21434
21415 607 1:0 21480
21433 509 21:0 21433
21433 43230 21:0 21433
21433 501 21:0 21433
21433 43241 21:0 21482
21470 39185 1:0 21480
21481 515 21:0 21481
21481 43258 21:0 21481
21481 43243 21:0 21481
21481 42610 21:0 21482
21481 42985 21:0 21482
21481 43249 21:0 21482
21481 43085 21:0 21482
21481 511 21:0 21484
21481 627 1:0 21490
21484 517 21:0 21484
21484 43271 21:0 21487
21486 43216 21:0 21487
21486 755 21:0 21487
21486 513 21:0 21487
21486 39589 1:0 21490
21486 39080 1:0 21490
21486 529 1:0 21490
21486 531 1:0 21490
21486 39575 1:0 21490
21488 755 1:0 21490
21489 43270 21:0 21489
21489 521 21:0 21489
21489 43273 21:0 21492
21491 43272 21:0 21510
21491 611 1:0 21556
21509 527 21:0 21509
21509 43263 21:0 21509
21509 519 21:0 21509
21509 43274 21:0 21558
21546 39680 1:0 21556
21557 533 21:0 21557
21557 43302 21:0 21557
21557 43289 21:0 21557
21557 43287 21:0 21557
21557 43276 21:0 21557
21557 43023 21:0 21558
21557 42895 21:0 21558
21557 43012 21:0 21558
21557 42754 21:0 21558
21557 531 21:0 21560
21557 589 1:0 21566
21560 535 21:0 21560
21560 43304 21:0 21563
21562 43122 21:0 21563
21562 755 21:0 21563
21562 529 21:0 21563
21562 39535 1:0 21566
21562 38954 1:0 21566
21562 39260 1:0 21566
21562 547 1:0 21566
21562 549 1:0 21566
21564 755 1:0 21566
21565 43303 21:0 21565
21565 539 21:0 21565
21565 43306 21:0 21568
21567 43305 21:0 21586
21567 629 1:0 21632
21585 43315 21:0 21585
21585 43296 21:0 21585
21585 537 21:0 21585
21585 43307 21:0 21634
21622 39212 1:0 21632
21633 43335 21:0 21633
21633 43324 21:0 21633
21633 43322 21:0 21633
21633 43320 21:0 21633
21633 42924 21:0 21634
21633 43197 21:0 21634
21633 42861 21:0 21634
21633 42986 21:0 21634
21633 549 21:0 21636
21633 625 1:0 21642
21636 553 21:0 21636
21636 43337 21:0 21639
21638 755 21:0 21639
21638 43269 21:0 21639
21638 547 21:0 21639
21638 567 1:0 21642
21638 565 1:0 21642
21638 39667 1:0 21642
21638 39656 1:0 21642
21638 39635 1:0 21642
21640 755 1:0 21642
21641 43336 21:0 21641
21641 557 21:0 21641
21641 43339 21:0 21644
21643 43338 21:0 21662
21643 609 1:0 21708
21661 43348 21:0 21661
21661 43329 21:0 21661
21661 555 21:0 21661
21661 43340 21:0 21710
21698 39245 1:0 21708
21709 43368 21:0 21709
21709 43355 21:0 21709
21709 42795 21:0 21710
21709 42990 21:0 21710
21709 42853 21:0 21710
21709 43111 21:0 21710
21709 567 21:0 21712
21709 593 1:0 21718
21712 571 21:0 21712
21712 43370 21:0 21715
21714 565 21:0 21715
21714 755 21:0 21715
21714 43071 21:0 21715
21714 39383 1:0 21718
21714 583 1:0 21718
21714 39553 1:0 21718
21714 39568 1:0 21718
21714 585 1:0 21718
21716 755 1:0 21718
21717 575 21:0 21717
21717 43372 21:0 21720
21719 43371 21:0 21738
21719 591 1:0 21784
21737 43381 21:0 21737
21737 573 21:0 21737
21737 43373 21:0 21786
21774 39458 1:0 21784
21785 43390 21:0 21785
21785 43382 21:0 21785
21785 43389 21:0 21785
21785 43375 21:0 21785
21785 43018 21:0 21786
21785 43217 21:0 21786
21785 42730 21:0 21786
21785 43019 21:0 21786
21785 583 21:0 21788
21785 645 1:0 21794
21788 589 21:0 21788
21788 43403 21:0 21791
21790 755 21:0 21791
21790 585 21:0 21791
21790 43192 21:0 21791
21790 601 1:0 21794
21790 603 1:0 21794
21790 39298 1:0 21794
21790 39548 1:0 21794
21790 39476 1:0 21794
21792 755 1:0 21794
21793 593 21:0 21793
21793 43405 21:0 21796
21795 43404 21:0 21814
21795 643 1:0 21860
21813 43395 21:0 21813
21813 591 21:0 21813
21813 43406 21:0 21862
21850 38908 1:0 21860
21850 585 1:0 21860
21861 43423 21:0 21861
21861 43415 21:0 21861
21861 43408 21:0 21861
21861 43104 21:0 21862
21861 755 21:0 21862
21861 43237 21:0 21862
21861 42952 21:0 21862
21861 43223 21:0 21862
21861 661 1:0 21870
21864 607 21:0 21864
21864 43436 21:0 21867
21866 42926 21:0 21867
21866 39120 1:0 21870
21866 619 1:0 21870
21866 621 1:0 21870
21866 39614 1:0 21870
21866 39410 1:0 21870
21868 755 1:0 21870
21869 611 21:0 21869
21869 43438 21:0 21872
21871 43437 21:0 21890
21871 665 1:0 21936
21889 43428 21:0 21889
21889 609 21:0 21889
21889 43439 21:0 21938
21893 583 1:0 21920
21921 565 1:0 21925
21926 567 1:0 21936
21926 39424 1:0 21936
21926 547 1:0 21936
21937 43467 21:0 21937
21937 43448 21:0 21937
21937 43454 21:0 21937
21937 755 21:0 21938
21937 42907 21:0 21938
21937 42532 21:0 21938
21937 42631 21:0 21938
21937 43164 21:0 21938
21937 647 1:0 21946
21940 625 21:0 21940
21940 43469 21:0 21943
21942 43170 21:0 21943
21942 637 1:0 21946
21942 39621 1:0 21946
21942 39357 1:0 21946
21942 39522 1:0 21946
21942 639 1:0 21946
21944 755 1:0 21946
21945 43468 21:0 21945
21945 629 21:0 21945
21945 43471 21:0 21948
21947 43470 21:0 21966
21947 663 1:0 22012
21965 43461 21:0 21965
21965 627 21:0 21965
21965 43472 21:0 22014
21969 549 1:0 21996
21997 529 1:0 22001
22002 531 1:0 22012
22002 513 1:0 22012
22002 39292 1:0 22012
22013 43485 21:0 22013
22013 43481 21:0 22013
22013 43489 21:0 22013
22013 43065 21:0 22014
22013 42556 21:0 22014
22013 43052 21:0 22014
22013 42893 21:0 22014
22013 679 1:0 22022
22016 643 21:0 22016
22016 43502 21:0 22019
22018 43060 21:0 22019
22018 39502 1:0 22022
22018 38935 1:0 22022
22018 39470 1:0 22022
22018 511 1:0 22022
22018 657 1:0 22022
22018 655 1:0 22022
22021 43501 21:0 22021
22021 647 21:0 22021
22021 43504 21:0 22024
22023 43503 21:0 22042
22023 683 1:0 22088
22041 43494 21:0 22041
22041 43513 21:0 22041
22041 645 21:0 22041
22041 43505 21:0 22090
22045 493 1:0 22072
22073 495 1:0 22077
22078 39225 1:0 22088
22078 477 1:0 22088
22078 475 1:0 22088
22089 43533 21:0 22089
22089 43514 21:0 22089
22089 43518 21:0 22089
22089 43520 21:0 22089
22089 755 21:0 22090
22089 43447 21:0 22090
22089 42807 21:0 22090
22089 43290 21:0 22090
22089 42808 21:0 22090
22089 681 1:0 22098
22092 661 21:0 22092
22092 43535 21:0 22095
22094 43362 21:0 22095
22094 39073 1:0 22098
22094 673 1:0 22098
22094 675 1:0 22098
22094 39311 1:0 22098
22094 39469 1:0 22098
22096 755 1:0 22098
22097 665 21:0 22097
22097 43537 21:0 22100
22099 43536 21:0 22118
22099 697 1:0 22164
22117 43546 21:0 22117
22117 43527 21:0 22117
22117 43538 21:0 22166
22121 459 1:0 22148
22149 457 1:0 22153
22154 439 1:0 22164
22154 441 1:0 22164
22154 39430 1:0 22164
22165 43555 21:0 22165
22165 43540 21:0 22165
22165 43554 21:0 22165
22165 43480 21:0 22166
22165 755 21:0 22166
22165 42961 21:0 22166
22165 43414 21:0 22166
22165 43353 21:0 22166
22165 701 1:0 22174
22168 43568 21:0 22171
22170 43323 21:0 22171
22170 693 1:0 22174
22170 39388 1:0 22174
22170 39193 1:0 22174
22170 39450 1:0 22174
22170 691 1:0 22174
22172 755 1:0 22174
22173 43567 21:0 22173
22173 43570 21:0 22176
22175 43569 21:0 22194
22175 699 1:0 22240
22193 43579 21:0 22193
22193 43560 21:0 22193
22193 43571 21:0 22242
22197 423 1:0 22224
22225 421 1:0 22229
22230 39291 1:0 22240
22230 405 1:0 22240
22230 403 1:0 22240
22241 43580 21:0 22241
22241 43588 21:0 22241
22241 43587 21:0 22241
22241 43573 21:0 22241
22241 755 21:0 22242
22241 43357 21:0 22242
22241 43051 21:0 22242
22241 43488 21:0 22242
22241 43092 21:0 22242
22241 715 1:0 22250
22244 43601 21:0 22247
22246 43474 21:0 22247
22246 39166 1:0 22250
22246 39456 1:0 22250
22246 709 1:0 22250
22246 711 1:0 22250
22246 39194 1:0 22250
22248 755 1:0 22250
22249 43600 21:0 22249
22249 43603 21:0 22252
22251 43602 21:0 22270
22251 719 1:0 22316
22269 43612 21:0 22269
22269 43593 21:0 22269
22269 43604 21:0 22318
22273 387 1:0 22300
22301 385 1:0 22305
22306 39391 1:0 22316
22306 369 1:0 22316
22306 367 1:0 22316
22317 43606 21:0 22317
22317 43621 21:0 22317
22317 42919 21:0 22318
22317 43584 21:0 22318
22317 755 21:0 22318
22317 43038 21:0 22318
22317 43586 21:0 22318
22317 717 1:0 22324
22320 43634 21:0 22323
22322 43059 21:0 22323
22322 40035 1:0 22326
22325 43636 21:0 22328
22327 43599 21:0 22328
22327 333 1:0 22332
22327 40033 1:0 22332
22327 39390 1:0 22332
22327 351 1:0 22332
22327 349 1:0 22332
22328 43637 21:0 22334
22331 738 1:0 22331
22333 43626 21:0 22333
22333 43635 21:0 22337
22333 36436 1:0 22338
22336 43309 21:0 22337
22336 43419 21:0 22337
22336 43117 21:0 22337
22336 40034 1:0 22340
22339 40031 1:0 22339
22340 36436 21:0 22348
22344 36440 1:0 22349
22347 43093 21:0 22348
22347 43098 21:0 22348
22347 43617 21:0 22348
22347 40032 1:0 22350
22351 36440 21:0 22357
22353 36443 1:0 22359
22356 43507 21:0 22357
22356 42928 21:0 22357
22356 42702 21:0 22357
22356 36472 1:0 22359
22356 331 1:0 22359
22356 39258 1:0 22377
22356 39443 1:0 22377
22356 39491 1:0 22377
22358 755 1:0 22359
22360 36470 1:0 22377
22361 36443 21:0 22439
22376 40011 1:0 22376
22376 40018 1:0 22376
22378 40002 1:0 22424
22425 40000 1:0 22463
22438 738 21:0 22438
22438 717 21:0 22468
22464 36493 1:0 22469
22467 36472 21:0 22468
22467 707 21:0 22468
22467 43456 21:0 22468
22467 36470 21:0 22468
22467 40001 1:0 22471
22467 711 21:0 22471
22470 39998 1:0 22470
22471 36493 21:0 22479
22475 36497 1:0 22480
22478 43386 21:0 22479
22478 709 21:0 22479
22478 36475 21:0 22479
22478 755 21:0 22479
22478 39999 1:0 22481
22482 36497 21:0 22488
22484 36500 1:0 22490
22487 713 21:0 22488
22487 43422 21:0 22488
22487 36529 1:0 22490
22487 313 1:0 22490
22487 39318 1:0 22508
22487 39238 1:0 22508
22487 39364 1:0 22508
22489 39997 1:0 22489
22489 755 1:0 22490
22491 36527 1:0 22508
22492 36500 21:0 22570
22507 39985 1:0 22507
22509 39969 1:0 22555
22556 39967 1:0 22594
22569 719 21:0 22599
22595 36550 1:0 22600
22598 695 21:0 22599
22598 43632 21:0 22599
22598 36527 21:0 22599
22598 36529 21:0 22599
22598 39968 1:0 22602
22598 691 21:0 22602
22601 755 21:0 22602
22602 36550 21:0 22610
22606 36554 1:0 22611
22609 43089 21:0 22610
22609 693 21:0 22610
22609 36532 21:0 22610
22609 39966 1:0 22612
22613 36554 21:0 22619
22615 36557 1:0 22621
22618 36461 21:0 22619
22618 43203 21:0 22619
22618 315 1:0 22621
22618 36584 1:0 22621
22618 39355 1:0 22639
22618 38992 1:0 22639
22618 39093 1:0 22639
22620 39958 1:0 22620
22620 755 1:0 22621
22622 36586 1:0 22639
22623 36557 21:0 22701
22640 39936 1:0 22686
22687 39934 1:0 22725
22700 36575 21:0 22700
22700 715 21:0 22730
22726 36607 1:0 22731
22729 36584 21:0 22730
22729 677 21:0 22730
22729 675 21:0 22730
22729 36586 21:0 22730
22729 42788 21:0 22733
22729 39935 1:0 22733
22732 665 1:0 22732
22732 755 21:0 22733
22733 36607 21:0 22741
22737 36611 1:0 22742
22740 673 21:0 22741
22740 36589 21:0 22741
22740 43118 21:0 22741
22740 39933 1:0 22743
22742 661 1:0 22742
22744 36611 21:0 22750
22746 36614 1:0 22752
22749 689 21:0 22750
22749 43435 21:0 22750
22749 295 1:0 22752
22749 36643 1:0 22752
22749 39359 1:0 22770
22749 39404 1:0 22770
22749 39350 1:0 22770
22751 39925 1:0 22751
22751 39931 1:0 22751
22751 755 1:0 22752
22753 36641 1:0 22770
22754 36614 21:0 22832
22769 39919 1:0 22769
22769 39916 1:0 22769
22771 39903 1:0 22817
22818 39901 1:0 22856
22831 699 21:0 22861
22855 645 1:0 22855
22857 36664 1:0 22862
22860 36646 21:0 22860
22860 43342 21:0 22861
22860 36643 21:0 22861
22860 36641 21:0 22861
22860 36632 21:0 22861
22860 655 21:0 22864
22860 39902 1:0 22864
22863 647 1:0 22863
22863 755 21:0 22864
22864 36664 21:0 22872
22868 36668 1:0 22873
22871 42543 21:0 22872
22871 653 21:0 22872
22871 657 21:0 22872
22871 39900 1:0 22874
22873 643 1:0 22873
22875 36668 21:0 22881
22877 36671 1:0 22883
22880 43551 21:0 22881
22880 659 21:0 22881
22880 297 1:0 22883
22880 36698 1:0 22883
22880 39067 1:0 22901
22880 39416 1:0 22901
22880 39146 1:0 22901
22882 755 1:0 22883
22884 36700 1:0 22901
22885 36671 21:0 22963
22900 39879 1:0 22900
22900 39883 1:0 22900
22900 39886 1:0 22900
22902 39870 1:0 22948
22947 39878 1:0 22947
22949 39868 1:0 22987
22962 697 21:0 22992
22986 627 1:0 22986
22988 36721 1:0 22993
22991 43126 21:0 22992
22991 36700 21:0 22992
22991 36689 21:0 22992
22991 36698 21:0 22992
22991 639 21:0 22995
22991 39869 1:0 22995
22994 629 1:0 22994
22994 755 21:0 22995
22995 36721 21:0 23003
22999 36725 1:0 23004
23002 637 21:0 23003
23002 36518 21:0 23003
23002 43027 21:0 23003
23002 39867 1:0 23005
23004 625 1:0 23004
23006 36725 21:0 23012
23008 36728 1:0 23014
23011 43005 21:0 23012
23011 641 21:0 23012
23011 36755 1:0 23014
23011 279 1:0 23014
23011 39094 1:0 23032
23011 38975 1:0 23032
23011 38963 1:0 23032
23013 39865 1:0 23013
23013 755 1:0 23014
23015 36757 1:0 23032
23016 36728 21:0 23094
23031 39854 1:0 23031
23031 39852 1:0 23031
23033 39837 1:0 23079
23080 39835 1:0 23118
23093 701 21:0 23123
23117 609 1:0 23117
23119 36778 1:0 23124
23122 36755 21:0 23123
23122 617 21:0 23123
23122 43210 21:0 23123
23122 36757 21:0 23123
23122 621 21:0 23126
23122 39836 1:0 23126
23125 39833 1:0 23125
23125 611 1:0 23125
23125 755 21:0 23126
23126 36778 21:0 23134
23130 36782 1:0 23135
23133 619 21:0 23134
23133 43025 21:0 23134
23133 36760 21:0 23134
23133 39834 1:0 23136
23135 607 1:0 23135
23137 36782 21:0 23143
23139 36785 1:0 23145
23142 43421 21:0 23143
23142 36746 21:0 23143
23142 277 1:0 23145
23142 36812 1:0 23145
23142 39106 1:0 23163
23142 38996 1:0 23163
23142 39107 1:0 23163
23144 755 1:0 23145
23146 36814 1:0 23163
23147 36785 21:0 23225
23162 39821 1:0 23162
23162 39817 1:0 23162
23164 39804 1:0 23210
23209 39806 1:0 23209
23211 39802 1:0 23249
23224 679 21:0 23254
23248 591 1:0 23248
23250 36835 1:0 23255
23253 36812 21:0 23254
23253 36817 21:0 23254
23253 43487 21:0 23254
23253 36814 21:0 23254
23253 601 21:0 23257
23253 39803 1:0 23257
23256 39800 1:0 23256
23256 593 1:0 23256
23256 755 21:0 23257
23257 36835 21:0 23265
23261 36839 1:0 23266
23264 605 21:0 23265
23264 603 21:0 23265
23264 43257 21:0 23265
23264 39801 1:0 23267
23266 589 1:0 23266
23268 36839 21:0 23274
23270 36842 1:0 23276
23273 43402 21:0 23274
23273 36803 21:0 23274
23273 36869 1:0 23276
23273 259 1:0 23276
23273 39074 1:0 23294
23273 39060 1:0 23294
23273 38888 1:0 23294
23275 39793 1:0 23275
23275 39799 1:0 23275
23275 755 1:0 23276
23277 36871 1:0 23294
23278 36842 21:0 23356
23293 39786 1:0 23293
23293 39787 1:0 23293
23295 39771 1:0 23341
23340 39779 1:0 23340
23342 39769 1:0 23380
23355 683 21:0 23385
23379 573 1:0 23379
23381 36892 1:0 23386
23384 36869 21:0 23385
23384 36871 21:0 23385
23384 43388 21:0 23385
23384 36860 21:0 23385
23384 39770 1:0 23388
23384 585 21:0 23388
23387 39767 1:0 23387
23387 575 1:0 23387
23387 755 21:0 23388
23388 36892 21:0 23396
23392 36896 1:0 23397
23395 42622 21:0 23396
23395 581 21:0 23396
23395 583 21:0 23396
23395 39768 1:0 23398
23397 571 1:0 23397
23399 36896 21:0 23405
23401 36899 1:0 23407
23404 42999 21:0 23405
23404 36874 21:0 23405
23404 36926 1:0 23407
23404 241 1:0 23407
23404 39126 1:0 23427
23404 38921 1:0 23427
23404 38889 1:0 23427
23406 39760 1:0 23406
23408 36928 1:0 23427
23409 36899 21:0 23487
23425 755 1:0 23427
23426 39755 1:0 23426
23428 39738 1:0 23472
23471 39746 1:0 23471
23473 39736 1:0 23511
23486 681 21:0 23516
23510 555 1:0 23510
23512 36949 1:0 23517
23515 599 21:0 23516
23515 36926 21:0 23516
23515 36928 21:0 23516
23515 42933 21:0 23516
23515 39737 1:0 23519
23515 565 21:0 23519
23518 39734 1:0 23518
23518 557 1:0 23518
23518 755 21:0 23519
23519 36949 21:0 23527
23523 36953 1:0 23528
23526 43254 21:0 23527
23526 567 21:0 23527
23526 36931 21:0 23527
23526 39735 1:0 23529
23528 553 1:0 23528
23530 36953 21:0 23536
23532 36956 1:0 23538
23535 671 21:0 23536
23535 43177 21:0 23536
23535 36983 1:0 23538
23535 243 1:0 23538
23535 38876 1:0 23556
23535 39159 1:0 23556
23535 39113 1:0 23556
23537 39727 1:0 23537
23537 755 1:0 23538
23539 36985 1:0 23556
23540 36956 21:0 23618
23555 39722 1:0 23555
23555 39714 1:0 23555
23557 39705 1:0 23603
23604 39703 1:0 23642
23617 663 21:0 23647
23641 537 1:0 23641
23643 37006 1:0 23648
23646 36985 21:0 23647
23646 545 21:0 23647
23646 36983 21:0 23647
23646 43500 21:0 23647
23646 547 21:0 23650
23646 39704 1:0 23650
23649 539 1:0 23649
23649 755 21:0 23650
23650 37006 21:0 23658
23654 37010 1:0 23659
23657 551 21:0 23658
23657 549 21:0 23658
23657 43434 21:0 23658
23657 39702 1:0 23660
23659 535 1:0 23659
23661 37010 21:0 23667
23663 37013 1:0 23669
23666 43455 21:0 23667
23666 36988 21:0 23667
23666 37040 1:0 23669
23666 225 1:0 23669
23666 39119 1:0 23687
23666 38928 1:0 23687
23666 39040 1:0 23687
23668 755 1:0 23669
23670 37042 1:0 23687
23671 37013 21:0 23749
23686 533 1:0 23686
23686 39689 1:0 23686
23688 39672 1:0 23734
23733 527 1:0 23733
23735 39670 1:0 23773
23748 665 21:0 23778
23772 519 1:0 23772
23774 37063 1:0 23779
23777 37031 21:0 23778
23777 43124 21:0 23778
23777 37040 21:0 23778
23777 37042 21:0 23778
23777 39671 1:0 23781
23777 531 21:0 23781
23780 521 1:0 23780
23780 755 21:0 23781
23781 37063 21:0 23789
23785 37067 1:0 23790
23788 529 21:0 23789
23788 43283 21:0 23789
23788 527 21:0 23789
23788 39669 1:0 23791
23790 517 1:0 23790
23792 37067 21:0 23798
23794 37070 1:0 23800
23797 36974 21:0 23798
23797 43547 21:0 23798
23797 223 1:0 23800
23797 37099 1:0 23800
23797 38995 1:0 23818
23797 39095 1:0 23818
23797 39021 1:0 23818
23799 39661 1:0 23799
23799 755 1:0 23800
23801 37097 1:0 23818
23802 517 21:0 23802
23802 37070 21:0 23880
23817 515 1:0 23817
23819 39639 1:0 23865
23864 509 1:0 23864
23864 39647 1:0 23864
23866 39637 1:0 23904
23879 661 21:0 23909
23903 501 1:0 23903
23905 37120 1:0 23910
23908 42589 21:0 23909
23908 509 21:0 23909
23908 37097 21:0 23909
23908 37099 21:0 23909
23908 39638 1:0 23912
23908 513 21:0 23912
23911 503 1:0 23911
23911 755 21:0 23912
23912 37120 21:0 23920
23916 37124 1:0 23921
23919 511 21:0 23920
23919 43534 21:0 23920
23919 36917 21:0 23920
23919 39636 1:0 23922
23921 499 1:0 23921
23923 503 21:0 23923
23923 37124 21:0 23929
23925 37127 1:0 23931
23928 43250 21:0 23929
23928 37088 21:0 23929
23928 205 1:0 23931
23928 37154 1:0 23931
23928 39091 1:0 23949
23928 39062 1:0 23949
23928 39086 1:0 23949
23930 755 1:0 23931
23932 37156 1:0 23949
23933 37127 21:0 24011
23948 497 1:0 23948
23948 37145 1:0 23948
23948 39622 1:0 23948
23950 39606 1:0 23996
23995 491 1:0 23995
23997 39604 1:0 24035
24010 643 21:0 24040
24034 483 1:0 24034
24036 37177 1:0 24041
24039 497 21:0 24040
24039 43138 21:0 24040
24039 37154 21:0 24040
24039 37156 21:0 24040
24039 39605 1:0 24043
24039 493 21:0 24043
24042 39602 1:0 24042
24042 485 1:0 24042
24042 755 21:0 24043
24043 37177 21:0 24051
24047 37181 1:0 24052
24050 495 21:0 24051
24050 42742 21:0 24051
24050 491 21:0 24051
24050 39603 1:0 24053
24052 481 1:0 24052
24054 485 21:0 24054
24054 37181 21:0 24060
24056 37184 1:0 24062
24059 42972 21:0 24060
24059 37045 21:0 24060
24059 37213 1:0 24062
24059 187 1:0 24062
24059 38929 1:0 24080
24059 38915 1:0 24080
24059 39014 1:0 24080
24061 39601 1:0 24061
24061 755 1:0 24062
24063 37211 1:0 24080
24064 37184 21:0 24142
24079 479 1:0 24079
24081 39573 1:0 24127
24126 473 1:0 24126
24128 39571 1:0 24166
24141 625 21:0 24171
24165 465 1:0 24165
24167 37234 1:0 24172
24170 37216 21:0 24170
24170 43159 21:0 24171
24170 37202 21:0 24171
24170 37213 21:0 24171
24170 37211 21:0 24171
24170 39572 1:0 24174
24170 475 21:0 24174
24173 39569 1:0 24173
24173 467 1:0 24173
24173 465 21:0 24173
24173 755 21:0 24174
24174 37234 21:0 24182
24178 37238 1:0 24183
24181 477 21:0 24182
24181 37145 21:0 24182
24181 43553 21:0 24182
24181 39570 1:0 24184
24183 463 1:0 24183
24185 37238 21:0 24191
24187 37241 1:0 24193
24190 533 21:0 24191
24190 43078 21:0 24191
24190 171 1:0 24193
24190 37268 1:0 24193
24190 39100 1:0 24211
24190 39025 1:0 24211
24190 38909 1:0 24211
24192 755 1:0 24193
24194 37270 1:0 24211
24195 463 21:0 24195
24195 37241 21:0 24273
24210 461 1:0 24210
24210 39556 1:0 24210
24210 39549 1:0 24210
24212 39540 1:0 24258
24257 455 1:0 24257
24259 39538 1:0 24297
24272 629 21:0 24302
24296 447 1:0 24296
24298 37291 1:0 24303
24301 37268 21:0 24302
24301 459 21:0 24302
24301 457 21:0 24302
24301 755 21:0 24302
24301 37270 21:0 24302
24301 461 21:0 24302
24301 39539 1:0 24305
24304 39536 1:0 24304
24304 449 1:0 24304
24305 447 21:0 24305
24305 37291 21:0 24313
24309 37295 1:0 24314
24312 37273 21:0 24313
24312 43349 21:0 24313
24312 39537 1:0 24315
24314 445 1:0 24314
24316 449 21:0 24316
24316 37295 21:0 24322
24318 37298 1:0 24324
24321 43184 21:0 24322
24321 455 21:0 24322
24321 169 1:0 24324
24321 37325 1:0 24324
24321 39008 1:0 24342
24321 39133 1:0 24342
24321 38893 1:0 24342
24323 755 1:0 24324
24325 37327 1:0 24342
24326 445 21:0 24326
24326 37298 21:0 24404
24341 443 1:0 24341
24341 39524 1:0 24341
24341 39523 1:0 24341
24341 39520 1:0 24341
24343 39507 1:0 24389
24388 437 1:0 24388
24390 39505 1:0 24428
24403 645 21:0 24433
24427 429 1:0 24427
24429 37348 1:0 24434
24432 37327 21:0 24433
24432 441 21:0 24433
24432 439 21:0 24433
24432 37325 21:0 24433
24432 37259 21:0 24433
24432 755 21:0 24433
24432 39506 1:0 24436
24435 39503 1:0 24435
24435 431 1:0 24435
24436 429 21:0 24436
24436 37348 21:0 24444
24440 37352 1:0 24445
24443 42794 21:0 24444
24443 623 21:0 24444
24443 39504 1:0 24446
24445 427 1:0 24445
24447 431 21:0 24447
24447 37352 21:0 24453
24449 37355 1:0 24455
24452 473 21:0 24453
24452 43316 21:0 24453
24452 37382 1:0 24455
24452 153 1:0 24455
24452 39054 1:0 24473
24452 39152 1:0 24473
24452 39128 1:0 24473
24454 39496 1:0 24454
24454 755 1:0 24455
24456 37384 1:0 24473
24457 427 21:0 24457
24457 37355 21:0 24535
24472 425 1:0 24472
24472 39490 1:0 24472
24474 39474 1:0 24520
24519 419 1:0 24519
24521 39472 1:0 24559
24534 647 21:0 24564
24558 411 1:0 24558
24560 37405 1:0 24565
24563 755 21:0 24564
24563 419 21:0 24564
24563 37382 21:0 24564
24563 37384 21:0 24564
24563 423 21:0 24564
24563 421 21:0 24564
24563 39473 1:0 24567
24566 413 1:0 24566
24567 411 21:0 24567
24567 37405 21:0 24575
24571 37409 1:0 24576
24574 37373 21:0 24575
24574 43291 21:0 24575
24574 39471 1:0 24577
24576 409 1:0 24576
24578 413 21:0 24578
24578 37409 21:0 24584
24580 37412 1:0 24586
24583 43282 21:0 24584
24583 37387 21:0 24584
24583 37441 1:0 24586
24583 133 1:0 24586
24583 39020 1:0 24604
24583 38959 1:0 24604
24583 39034 1:0 24604
24585 755 1:0 24586
24587 37439 1:0 24604
24588 409 21:0 24588
24588 37412 21:0 24666
24603 407 1:0 24603
24603 39454 1:0 24603
24605 39441 1:0 24651
24650 401 1:0 24650
24650 39449 1:0 24650
24652 39439 1:0 24690
24665 627 21:0 24695
24689 393 1:0 24689
24691 37462 1:0 24696
24694 37441 21:0 24695
24694 405 21:0 24695
24694 407 21:0 24695
24694 37439 21:0 24695
24694 403 21:0 24695
24694 755 21:0 24695
24694 39440 1:0 24698
24697 395 1:0 24697
24698 393 21:0 24698
24698 37462 21:0 24706
24702 37466 1:0 24707
24705 43452 21:0 24706
24705 37430 21:0 24706
24705 39438 1:0 24708
24707 391 1:0 24707
24709 395 21:0 24709
24709 37466 21:0 24715
24711 37469 1:0 24717
24714 42564 21:0 24715
24714 37444 21:0 24715
24714 135 1:0 24717
24714 37496 1:0 24717
24714 38955 1:0 24735
24714 38902 1:0 24735
24714 39001 1:0 24735
24716 39436 1:0 24716
24716 755 1:0 24717
24718 37498 1:0 24735
24719 391 21:0 24719
24719 37469 21:0 24797
24734 389 1:0 24734
24734 39423 1:0 24734
24736 39408 1:0 24782
24781 383 1:0 24781
24783 39406 1:0 24821
24796 609 21:0 24826
24820 375 1:0 24820
24822 37519 1:0 24827
24825 37501 21:0 24825
24825 37498 21:0 24826
24825 385 21:0 24826
24825 387 21:0 24826
24825 37496 21:0 24826
24825 37487 21:0 24826
24825 755 21:0 24826
24825 39407 1:0 24829
24828 377 1:0 24828
24829 375 21:0 24829
24829 37519 21:0 24837
24833 37523 1:0 24838
24836 383 21:0 24837
24836 43150 21:0 24837
24836 39405 1:0 24839
24838 373 1:0 24838
24840 377 21:0 24840
24840 37523 21:0 24846
24842 37526 1:0 24848
24845 479 21:0 24846
24845 42774 21:0 24846
24845 37553 1:0 24848
24845 115 1:0 24848
24845 38988 1:0 24866
24845 39029 1:0 24866
24845 38922 1:0 24866
24847 39397 1:0 24847
24847 755 1:0 24848
24849 37555 1:0 24866
24850 373 21:0 24850
24850 37526 21:0 24928
24865 371 1:0 24865
24867 39375 1:0 24913
24912 365 1:0 24912
24912 39377 1:0 24912
24914 39373 1:0 24952
24927 593 21:0 24957
24951 357 1:0 24951
24953 37576 1:0 24958
24956 37553 21:0 24957
24956 371 21:0 24957
24956 43224 21:0 24957
24956 37555 21:0 24957
24956 367 21:0 24960
24956 39374 1:0 24960
24959 39371 1:0 24959
24959 357 21:0 24959
24959 359 1:0 24959
24959 755 21:0 24960
24960 37576 21:0 24968
24964 37580 1:0 24969
24967 43039 21:0 24968
24967 37544 21:0 24968
24967 369 21:0 24968
24967 39372 1:0 24970
24969 355 1:0 24969
24971 359 21:0 24971
24971 37580 21:0 24977
24973 37583 1:0 24979
24976 43633 21:0 24977
24976 38698 21:0 24977
24976 97 1:0 24979
24976 37610 1:0 24979
24976 39058 1:0 24997
24976 38962 1:0 24997
24976 38926 1:0 24997
24978 39370 1:0 24978
24978 755 1:0 24979
24980 37612 1:0 24997
24981 355 21:0 24981
24981 37583 21:0 25059
24996 353 1:0 24996
24996 37601 1:0 24996
24996 39358 1:0 24996
24998 39342 1:0 25044
25043 347 1:0 25043
25045 39340 1:0 25083
25058 607 21:0 25088
25082 339 1:0 25082
25084 37633 1:0 25089
25087 43613 21:0 25088
25087 37612 21:0 25088
25087 37330 21:0 25088
25087 37610 21:0 25088
25087 39341 1:0 25091
25087 351 21:0 25091
25090 39338 1:0 25090
25090 339 21:0 25090
25090 341 1:0 25090
25090 755 21:0 25091
25091 37633 21:0 25099
25095 37637 1:0 25100
25098 37102 21:0 25099
25098 349 21:0 25099
25098 43521 21:0 25099
25098 39339 1:0 25101
25100 337 1:0 25100
25102 341 21:0 25102
25102 37637 21:0 25108
25104 37640 1:0 25110
25107 43441 21:0 25108
25107 37558 21:0 25108
25107 37669 1:0 25110
25107 99 1:0 25110
25107 38987 1:0 25128
25107 39027 1:0 25128
25107 38942 1:0 25128
25109 39337 1:0 25109
25109 755 1:0 25110
25111 37667 1:0 25128
25112 337 21:0 25112
25112 37640 21:0 25190
25127 335 1:0 25127
25127 39324 1:0 25127
25127 39326 1:0 25127
25129 39309 1:0 25175
25174 329 1:0 25174
25174 39317 1:0 25174
25176 39307 1:0 25214
25189 611 21:0 25219
25213 321 1:0 25213
25215 37690 1:0 25220
25218 37669 21:0 25219
25218 43566 21:0 25219
25218 37601 21:0 25219
25218 37667 21:0 25219
25218 39308 1:0 25222
25218 331 21:0 25222
25221 321 21:0 25221
25221 323 1:0 25221
25221 755 21:0 25222
25222 37690 21:0 25230
25226 37694 1:0 25231
25229 37159 21:0 25230
25229 333 21:0 25230
25229 42728 21:0 25230
25229 39306 1:0 25232
25231 319 1:0 25231
25233 323 21:0 25233
25233 37694 21:0 25239
25235 37697 1:0 25241
25238 569 21:0 25239
25238 42748 21:0 25239
25238 37726 1:0 25241
25238 79 1:0 25241
25238 38896 1:0 25259
25238 38882 1:0 25259
25238 38974 1:0 25259
25240 39304 1:0 25240
25240 755 1:0 25241
25242 37724 1:0 25259
25243 319 21:0 25243
25243 37697 21:0 25321
25258 317 1:0 25258
25258 39285 1:0 25258
25258 39289 1:0 25258
25260 39276 1:0 25306
25305 311 1:0 25305
25305 37729 1:0 25305
25307 39274 1:0 25345
25320 37715 21:0 25320
25320 571 21:0 25350
25344 303 1:0 25344
25346 37747 1:0 25351
25349 42709 21:0 25350
25349 311 21:0 25350
25349 37724 21:0 25350
25349 37726 21:0 25350
25349 313 21:0 25353
25349 39275 1:0 25353
25352 303 21:0 25352
25352 305 1:0 25352
25352 755 21:0 25353
25353 37747 21:0 25361
25357 37751 1:0 25362
25360 587 21:0 25361
25360 43158 21:0 25361
25360 315 21:0 25361
25360 39273 1:0 25363
25362 301 1:0 25362
25364 37751 21:0 25370
25366 37754 1:0 25372
25369 437 21:0 25370
25369 43221 21:0 25370
25369 61 1:0 25372
25369 37781 1:0 25372
25369 38994 1:0 25390
25369 38961 1:0 25390
25369 38869 1:0 25390
25371 39271 1:0 25371
25371 39265 1:0 25371
25371 755 1:0 25372
25373 37783 1:0 25390
25374 37754 21:0 25452
25389 299 1:0 25389
25391 39243 1:0 25437
25436 37786 1:0 25436
25436 293 1:0 25436
25436 39251 1:0 25436
25438 39241 1:0 25476
25451 575 21:0 25481
25475 285 1:0 25475
25477 37804 1:0 25482
25480 37783 21:0 25481
25480 37781 21:0 25481
25480 37772 21:0 25481
25480 43401 21:0 25481
25480 295 21:0 25484
25480 39242 1:0 25484
25483 287 1:0 25483
25483 755 21:0 25484
25484 37804 21:0 25492
25488 37808 1:0 25493
25491 297 21:0 25492
25491 43356 21:0 25492
25491 299 21:0 25492
25491 39240 1:0 25494
25493 283 1:0 25493
25495 37808 21:0 25501
25497 37811 1:0 25503
25500 293 21:0 25501
25500 42511 21:0 25501
25500 63 1:0 25503
25500 37838 1:0 25503
25500 38849 1:0 25521
25500 38843 1:0 25521
25500 38864 1:0 25521
25502 39232 1:0 25502
25502 755 1:0 25503
25504 37840 1:0 25521
25505 37811 21:0 25583
25520 281 1:0 25520
25520 39219 1:0 25520
25522 39210 1:0 25568
25567 275 1:0 25567
25567 39218 1:0 25567
25569 39208 1:0 25607
25582 555 21:0 25612
25606 267 1:0 25606
25608 37861 1:0 25613
25611 37840 21:0 25612
25611 43225 21:0 25612
25611 37829 21:0 25612
25611 37838 21:0 25612
25611 279 21:0 25615
25611 39209 1:0 25615
25614 269 1:0 25614
25614 755 21:0 25615
25615 37861 21:0 25623
25619 37865 1:0 25624
25622 37843 21:0 25623
25622 43006 21:0 25623
25622 277 21:0 25623
25622 39207 1:0 25625
25624 265 1:0 25624
25626 37865 21:0 25632
25628 37868 1:0 25634
25631 37672 21:0 25632
25631 43522 21:0 25632
25631 37897 1:0 25634
25631 261 1:0 25634
25631 38875 1:0 25652
25631 38862 1:0 25652
25631 38855 1:0 25652
25633 755 1:0 25634
25635 37895 1:0 25652
25636 37868 21:0 25714
25651 263 1:0 25651
25653 39177 1:0 25699
25698 257 1:0 25698
25698 37900 1:0 25698
25698 39179 1:0 25698
25700 39175 1:0 25738
25713 557 21:0 25743
25737 249 1:0 25737
25739 37918 1:0 25744
25742 43619 21:0 25743
25742 257 21:0 25743
25742 37895 21:0 25743
25742 37897 21:0 25743
25742 39176 1:0 25746
25742 259 21:0 25746
25745 251 1:0 25745
25745 755 21:0 25746
25746 37918 21:0 25754
25750 37922 1:0 25755
25753 42946 21:0 25754
25753 275 21:0 25754
25753 261 21:0 25754
25753 39174 1:0 25756
25755 247 1:0 25755
25757 37922 21:0 25763
25759 37925 1:0 25765
25762 42801 21:0 25763
25762 37786 21:0 25763
25762 43 1:0 25765
25762 37952 1:0 25765
25762 38856 1:0 25783
25762 38863 1:0 25783
25762 38860 1:0 25783
25764 755 1:0 25765
25766 37954 1:0 25783
25767 37925 21:0 25845
25782 245 1:0 25782
25782 39153 1:0 25782
25784 39144 1:0 25830
25829 239 1:0 25829
25831 39142 1:0 25869
25844 37943 21:0 25844
25844 591 21:0 25874
25868 231 1:0 25868
25870 37975 1:0 25875
25873 37952 21:0 25874
25873 43236 21:0 25874
25873 37954 21:0 25874
25873 239 21:0 25874
25873 243 21:0 25877
25873 39143 1:0 25877
25876 39140 1:0 25876
25876 233 1:0 25876
25876 755 21:0 25877
25877 37975 21:0 25885
25881 37979 1:0 25886
25884 37900 21:0 25885
25884 241 21:0 25885
25884 42841 21:0 25885
25884 39141 1:0 25887
25886 229 1:0 25886
25888 37979 21:0 25894
25890 37982 1:0 25896
25893 43369 21:0 25894
25893 11 21:0 25894
25893 38009 1:0 25896
25893 45 1:0 25896
25893 38803 1:0 25914
25893 38836 1:0 25914
25893 38823 1:0 25914
25895 39139 1:0 25895
25895 755 1:0 25896
25897 38011 1:0 25914
25898 37982 21:0 25976
25913 227 1:0 25913
25913 38000 1:0 25913
25915 39111 1:0 25961
25960 221 1:0 25960
25962 39109 1:0 26000
25975 589 21:0 26005
25999 213 1:0 25999
26001 38032 1:0 26006
26004 38014 21:0 26005
26004 38011 21:0 26005
26004 43191 21:0 26005
26004 38009 21:0 26005
26004 39110 1:0 26008
26004 223 21:0 26008
26007 215 1:0 26007
26007 755 21:0 26008
26008 38032 21:0 26016
26012 38036 1:0 26017
26015 38000 21:0 26016
26015 225 21:0 26016
26015 43620 21:0 26016
26015 39108 1:0 26018
26017 211 1:0 26017
26019 38036 21:0 26025
26021 38039 1:0 26027
26024 227 21:0 26025
26024 43256 21:0 26025
26024 38068 1:0 26027
26024 38066 1:0 26027
26024 38827 1:0 26045
26024 38816 1:0 26045
26024 38829 1:0 26045
26026 755 1:0 26027
26028 207 1:0 26045
26029 38039 21:0 26107
26044 209 1:0 26044
26044 39087 1:0 26044
26046 39078 1:0 26092
26091 203 1:0 26091
26091 38071 1:0 26091
26093 39076 1:0 26131
26106 38057 21:0 26106
26106 573 21:0 26136
26130 195 1:0 26130
26132 38089 1:0 26137
26135 38068 21:0 26136
26135 43183 21:0 26136
26135 38066 21:0 26136
26135 221 21:0 26136
26135 39077 1:0 26139
26135 207 21:0 26139
26138 197 1:0 26138
26138 755 21:0 26139
26139 38089 21:0 26147
26143 38093 1:0 26148
26146 37957 21:0 26147
26146 205 21:0 26147
26146 39075 1:0 26149
26148 193 1:0 26148
26150 38093 21:0 26156
26152 38096 1:0 26158
26155 245 21:0 26156
26155 38123 1:0 26158
26155 189 1:0 26158
26155 38822 1:0 26176
26155 38842 1:0 26176
26155 38831 1:0 26176
26157 755 1:0 26158
26159 38125 1:0 26176
26160 38096 21:0 26238
26175 191 1:0 26175
26177 39045 1:0 26223
26222 185 1:0 26222
26224 39043 1:0 26262
26237 38114 21:0 26237
26237 553 21:0 26267
26261 177 1:0 26261
26263 38146 1:0 26268
26266 187 21:0 26267
26266 38123 21:0 26267
26266 189 21:0 26267
26266 38125 21:0 26267
26266 515 21:0 26267
26266 755 21:0 26267
26266 39044 1:0 26270
26269 179 1:0 26269
26270 38146 21:0 26278
26274 38150 1:0 26279
26277 37658 21:0 26278
26277 39042 1:0 26280
26279 175 1:0 26279
26281 38150 21:0 26287
26283 38153 1:0 26289
26286 563 21:0 26287
26286 38182 1:0 26289
26286 25 1:0 26289
26286 38761 1:0 26307
26286 38810 1:0 26307
26286 38830 1:0 26307
26288 755 1:0 26289
26290 38180 1:0 26307
26291 38153 21:0 26369
26306 173 1:0 26306
26306 39028 1:0 26306
26308 39012 1:0 26354
26353 167 1:0 26353
26355 39010 1:0 26393
26368 38171 21:0 26368
26368 539 21:0 26398
26392 159 1:0 26392
26394 38203 1:0 26399
26397 38185 21:0 26398
26397 755 21:0 26398
26397 38182 21:0 26398
26397 171 21:0 26398
26397 38180 21:0 26398
26397 169 21:0 26398
26397 39011 1:0 26401
26400 161 1:0 26400
26401 38203 21:0 26409
26405 38207 1:0 26410
26408 167 21:0 26409
26408 39009 1:0 26411
26410 157 1:0 26410
26412 38207 21:0 26418
26414 38210 1:0 26420
26417 353 21:0 26418
26417 151 1:0 26420
26417 38237 1:0 26420
26417 38776 1:0 26438
26417 38750 1:0 26438
26417 38763 1:0 26438
26419 755 1:0 26420
26421 38239 1:0 26438
26422 38210 21:0 26500
26437 155 1:0 26437
26439 38979 1:0 26485
26484 149 1:0 26484
26486 38977 1:0 26524
26499 483 21:0 26529
26523 141 1:0 26523
26525 38260 1:0 26530
26528 755 21:0 26529
26528 365 21:0 26529
26528 151 21:0 26529
26528 38237 21:0 26529
26528 153 21:0 26529
26528 38239 21:0 26529
26528 38978 1:0 26532
26531 143 1:0 26531
26532 38260 21:0 26540
26536 38264 1:0 26541
26539 335 21:0 26540
26539 38976 1:0 26542
26541 139 1:0 26541
26543 38264 21:0 26549
26545 38267 1:0 26551
26548 347 21:0 26549
26548 27 1:0 26551
26548 38294 1:0 26551
26548 38798 1:0 26569
26548 38783 1:0 26569
26548 38756 1:0 26569
26550 38968 1:0 26550
26550 755 1:0 26551
26552 38296 1:0 26569
26553 38267 21:0 26631
26568 38285 1:0 26568
26568 137 1:0 26568
26570 38946 1:0 26616
26615 38299 1:0 26615
26615 131 1:0 26615
26617 38944 1:0 26655
26630 519 21:0 26660
26654 123 1:0 26654
26656 38317 1:0 26661
26659 38299 21:0 26659
26659 131 21:0 26660
26659 755 21:0 26660
26659 38296 21:0 26660
26659 38294 21:0 26660
26659 135 21:0 26660
26659 133 21:0 26660
26659 38945 1:0 26663
26662 125 1:0 26662
26663 38317 21:0 26671
26667 38321 1:0 26672
26670 38285 21:0 26671
26670 38943 1:0 26673
26672 121 1:0 26672
26674 38321 21:0 26680
26676 38324 1:0 26682
26679 38128 21:0 26680
26679 38353 1:0 26682
26679 117 1:0 26682
26679 38797 1:0 26700
26679 38765 1:0 26700
26679 38794 1:0 26700
26681 755 1:0 26682
26683 38351 1:0 26700
26684 38324 21:0 26762
26699 38342 1:0 26699
26699 119 1:0 26699
26701 38913 1:0 26747
26746 113 1:0 26746
26748 38911 1:0 26786
26761 537 21:0 26791
26785 105 1:0 26785
26787 38374 1:0 26792
26790 38356 21:0 26790
26790 38342 21:0 26791
26790 117 21:0 26791
26790 115 21:0 26791
26790 755 21:0 26791
26790 38353 21:0 26791
26790 38351 21:0 26791
26790 38912 1:0 26794
26793 107 1:0 26793
26794 38374 21:0 26802
26798 38378 1:0 26803
26801 38071 21:0 26802
26801 38910 1:0 26804
26803 103 1:0 26803
26805 38378 21:0 26811
26807 38381 1:0 26813
26810 173 21:0 26811
26810 38636 1:0 26813
26810 38410 1:0 26813
26810 38790 1:0 26831
26810 38809 1:0 26831
26810 38757 1:0 26831
26812 755 1:0 26813
26814 38408 1:0 26831
26815 38381 21:0 26893
26830 38399 1:0 26830
26830 101 1:0 26830
26832 38880 1:0 26878
26877 95 1:0 26877
26879 38878 1:0 26917
26892 38399 21:0 26892
26892 499 21:0 26922
26916 87 1:0 26916
26918 38431 1:0 26923
26921 755 21:0 26922
26921 38413 21:0 26922
26921 97 21:0 26922
26921 38408 21:0 26922
26921 38410 21:0 26922
26921 99 21:0 26922
26921 38879 1:0 26925
26924 89 1:0 26924
26925 38431 21:0 26933
26929 38435 1:0 26934
26932 37615 21:0 26933
26932 38877 1:0 26935
26934 85 1:0 26934
26936 38435 21:0 26942
26938 38438 1:0 26944
26941 37316 21:0 26942
26941 38467 1:0 26944
26941 38465 1:0 26944
26941 38777 1:0 26962
26941 38764 1:0 26962
26941 38796 1:0 26962
26943 755 1:0 26944
26945 81 1:0 26962
26946 38438 21:0 27024
26961 38456 1:0 26961
26961 83 1:0 26961
26963 38847 1:0 27009
27008 38470 1:0 27008
27008 77 1:0 27008
27010 38845 1:0 27048
27023 38456 21:0 27023
27023 535 21:0 27053
27047 69 1:0 27047
27049 38488 1:0 27054
27052 38470 21:0 27053
27052 38465 21:0 27053
27052 38467 21:0 27053
27052 755 21:0 27053
27052 79 21:0 27053
27052 81 21:0 27053
27052 38846 1:0 27056
27055 71 1:0 27055
27056 38488 21:0 27064
27060 38492 1:0 27065
27063 635 21:0 27064
27063 38844 1:0 27066
27065 67 1:0 27065
27067 38492 21:0 27073
27069 38495 1:0 27075
27072 443 21:0 27073
27072 38524 1:0 27075
27072 38579 1:0 27075
27072 38789 1:0 27093
27072 38744 1:0 27093
27072 38770 1:0 27093
27074 755 1:0 27075
27076 38522 1:0 27093
27077 38495 21:0 27155
27092 65 1:0 27092
27092 38513 1:0 27092
27094 38814 1:0 27140
27139 59 1:0 27139
27139 38527 1:0 27139
27141 38812 1:0 27179
27154 38513 21:0 27154
27154 467 21:0 27184
27178 51 1:0 27178
27180 38545 1:0 27185
27183 38527 21:0 27183
27183 61 21:0 27184
27183 755 21:0 27184
27183 38524 21:0 27184
27183 38522 21:0 27184
27183 149 21:0 27184
27183 63 21:0 27184
27183 38813 1:0 27187
27186 53 1:0 27186
27187 38545 21:0 27195
27191 38549 1:0 27196
27194 281 21:0 27195
27194 38811 1:0 27197
27196 49 1:0 27196
27198 38549 21:0 27204
27200 38552 1:0 27206
27203 203 21:0 27204
27203 38781 1:0 27224
27205 755 1:0 27206
27207 38581 1:0 27224
27208 38552 21:0 27286
27223 47 1:0 27223
27223 38570 1:0 27223
27225 38779 1:0 27271
27270 38584 1:0 27270
27270 41 1:0 27270
27272 38780 1:0 27310
27285 38570 21:0 27285
27285 501 21:0 27315
27309 33 1:0 27309
27311 38602 1:0 27316
27314 38584 21:0 27314
27314 755 21:0 27315
27314 38581 21:0 27315
27314 45 21:0 27315
27314 43 21:0 27315
27314 37886 21:0 27315
27314 38579 21:0 27315
27314 38778 1:0 27321
27318 38602 21:0 27326
27320 35 1:0 27320
27322 38606 1:0 27327
27325 37729 21:0 27326
27325 38748 1:0 27330
27329 31 1:0 27329
27329 38606 21:0 27335
27331 38609 1:0 27337
27334 38242 21:0 27335
27334 38746 1:0 27358
27338 38638 1:0 27358
27339 38609 21:0 27417
27356 755 1:0 27358
27357 23 1:0 27357
27357 29 1:0 27357
27357 38627 1:0 27357
27357 38641 1:0 27357
27359 38663 1:0 27441
27416 38627 21:0 27416
27416 521 21:0 27446
27440 15 1:0 27440
27442 38659 1:0 27447
27445 38641 21:0 27445
27445 38638 21:0 27446
27445 755 21:0 27446
27445 38636 21:0 27446
27445 25 21:0 27446
27445 38228 21:0 27446
27445 27 21:0 27446
27445 38747 1:0 27449
27449 38659 21:0 27457
27453 38698 1:0 27455
27453 11 1:0 27455
27454 17 1:0 27454
27456 36703 21:0 27457
27456 38745 1:0 27459
27456 38737 1:0 27461
27456 38743 1:0 27461
27460 13 1:0 27460
27460 38663 21:0 27466
27462 38666 1:0 27468
27465 155 21:0 27466
27465 38730 1:0 27489
27465 38732 1:0 27489
27465 38728 1:0 27489
27470 38666 21:0 27548
27490 755 1:0 27492
27490 9 1:0 27492
27490 38724 1:0 27492
27493 7 1:0 27495
27493 38695 1:0 27495
27493 38731 1:0 27498
27494 38684 1:0 27494
27496 38693 1:0 27527
27528 38716 1:0 27543
27544 38717 1:0 27546
27545 5 1:0 27545
27547 38684 21:0 27547
27547 38723 1:0 27551
27547 3 1:0 27572
27547 481 21:0 27637
27636 5 21:0 27636
27636 11 21:0 27636
27636 38698 21:0 27636
27636 9 21:0 27637
27636 38716 21:0 27637
27636 755 21:0 27637
27636 45927 21:0 27637
27636 45921 21:0 27637
27639 13 21:0 27639
27639 45949 21:0 27642
27641 45932 21:0 27642
27641 3 21:0 27642
27641 7 21:0 27642
27644 17 21:0 27644
27644 45951 21:0 27647
27646 45950 21:0 27665
27648 755 1:0 27650
27660 25 1:0 27661
27660 27 1:0 27665
27664 23 21:0 27664
27664 15 21:0 27664
27664 45952 21:0 27713
27712 29 21:0 27712
27712 45936 21:0 27713
27712 45934 21:0 27713
27712 755 21:0 27713
27712 45935 21:0 27713
27712 45928 21:0 27713
27715 31 21:0 27715
27715 45982 21:0 27718
27717 27 21:0 27718
27717 38693 21:0 27718
27717 38695 21:0 27718
27717 45947 21:0 27718
27720 35 21:0 27720
27720 45984 21:0 27723
27722 45983 21:0 27741
27724 755 1:0 27726
27736 43 1:0 27737
27736 45 1:0 27741
27740 41 21:0 27740
27740 33 21:0 27740
27740 45985 21:0 27789
27788 47 21:0 27788
27788 45980 21:0 27789
27788 45941 21:0 27789
27788 46001 21:0 27789
27788 45961 21:0 27789
27788 25 21:0 27791
27791 49 21:0 27791
27791 46015 21:0 27794
27793 755 21:0 27794
27793 46000 21:0 27794
27793 43 21:0 27794
27793 45 21:0 27794
27796 53 21:0 27796
27796 46017 21:0 27799
27798 46016 21:0 27817
27800 755 1:0 27802
27812 61 1:0 27813
27812 63 1:0 27817
27816 59 21:0 27816
27816 51 21:0 27816
27816 46018 21:0 27865
27864 65 21:0 27864
27864 45965 21:0 27865
27864 46013 21:0 27865
27864 45960 21:0 27865
27864 45987 21:0 27865
27864 61 21:0 27867
27864 43256 1:0 27868
27864 43369 1:0 27868
27864 43183 1:0 27868
27864 43191 1:0 27868
27864 43620 1:0 27868
27866 67 21:0 27866
27866 755 21:0 27867
27867 46048 21:0 27870
27869 45974 21:0 27870
27869 63 21:0 27870
27869 43236 1:0 27873
27869 42801 1:0 27873
27869 42841 1:0 27873
27869 42946 1:0 27873
27869 43619 1:0 27873
27869 79 1:0 27873
27871 755 1:0 27873
27872 71 21:0 27872
27872 46050 21:0 27875
27874 43356 1:0 27887
27874 43006 1:0 27887
27874 43522 1:0 27887
27874 81 1:0 27887
27874 43225 1:0 27887
27874 42511 1:0 27887
27874 46049 21:0 27893
27888 43221 1:0 27928
27888 43401 1:0 27928
27892 77 21:0 27892
27892 69 21:0 27892
27892 46051 21:0 27941
27929 43158 1:0 27939
27940 83 21:0 27940
27940 45993 21:0 27941
27940 46002 21:0 27941
27940 45967 21:0 27941
27940 45969 21:0 27941
27940 79 21:0 27943
27940 42728 1:0 27944
27940 42709 1:0 27944
27940 43441 1:0 27944
27940 43566 1:0 27944
27940 42748 1:0 27944
27943 85 21:0 27943
27943 46081 21:0 27946
27945 81 21:0 27946
27945 45968 21:0 27946
27945 755 21:0 27946
27945 43224 1:0 27949
27945 43521 1:0 27949
27945 97 1:0 27949
27945 43633 1:0 27949
27945 43613 1:0 27949
27945 43039 1:0 27949
27947 755 1:0 27949
27948 89 21:0 27948
27948 46083 21:0 27951
27950 155 1:0 27963
27950 99 1:0 27963
27950 42774 1:0 27963
27950 36703 1:0 27963
27950 46082 21:0 27969
27964 38228 1:0 27999
27968 95 21:0 27968
27968 87 21:0 27968
27968 46084 21:0 28017
28000 38242 1:0 28015
28016 101 21:0 28016
28016 45981 21:0 28017
28016 45994 21:0 28017
28016 45948 21:0 28017
28016 45954 21:0 28017
28016 97 21:0 28019
28016 37729 1:0 28020
28016 43150 1:0 28020
28016 37886 1:0 28020
28018 103 21:0 28018
28018 755 21:0 28019
28019 46114 21:0 28022
28021 99 21:0 28022
28021 45998 21:0 28022
28021 281 1:0 28025
28021 203 1:0 28025
28021 115 1:0 28025
28021 42564 1:0 28025
28023 755 1:0 28025
28024 107 21:0 28024
28024 46116 21:0 28027
28026 443 1:0 28039
28026 43452 1:0 28039
28026 117 1:0 28039
28026 149 1:0 28039
28026 46115 21:0 28045
28040 635 1:0 28075
28044 113 21:0 28044
28044 105 21:0 28044
28044 46117 21:0 28093
28076 37316 1:0 28091
28092 119 21:0 28092
28092 46007 21:0 28093
28092 46034 21:0 28093
28092 46100 21:0 28093
28092 46125 21:0 28093
28092 117 21:0 28095
28092 173 1:0 28096
28092 37615 1:0 28096
28092 43282 1:0 28096
28095 121 21:0 28095
28095 46147 21:0 28098
28097 46101 21:0 28098
28097 755 21:0 28098
28097 115 21:0 28098
28097 135 1:0 28101
28097 43291 1:0 28101
28097 38071 1:0 28101
28097 38128 1:0 28101
28099 755 1:0 28101
28100 46146 21:0 28100
28100 125 21:0 28100
28100 46149 21:0 28103
28102 131 1:0 28113
28102 43316 1:0 28115
28102 347 1:0 28115
28102 133 1:0 28115
28102 46148 21:0 28121
28116 38285 1:0 28151
28120 131 21:0 28120
28120 123 21:0 28120
28120 46150 21:0 28169
28152 335 1:0 28167
28168 137 21:0 28168
28168 46046 21:0 28169
28168 46086 21:0 28169
28168 46020 21:0 28169
28168 46133 21:0 28169
28168 135 21:0 28171
28168 365 1:0 28172
28168 353 1:0 28172
28168 42794 1:0 28172
28171 139 21:0 28171
28171 46180 21:0 28174
28173 133 21:0 28174
28173 46112 21:0 28174
28173 755 21:0 28174
28173 38470 1:0 28177
28173 43184 1:0 28177
28173 38342 1:0 28177
28173 151 1:0 28177
28175 755 1:0 28177
28176 143 21:0 28176
28176 46182 21:0 28179
28178 43349 1:0 28191
28178 153 1:0 28191
28178 563 1:0 28191
28178 37658 1:0 28191
28178 46181 21:0 28197
28192 515 1:0 28227
28196 149 21:0 28196
28196 141 21:0 28196
28196 46183 21:0 28245
28228 38413 1:0 28243
28244 155 21:0 28244
28244 46196 21:0 28244
28244 46113 21:0 28245
28244 46092 21:0 28245
28244 46059 21:0 28245
28244 46060 21:0 28245
28244 151 21:0 28247
28244 43078 1:0 28248
28244 167 1:0 28248
28244 38185 1:0 28248
28247 157 21:0 28247
28247 46213 21:0 28250
28249 153 21:0 28250
28249 755 21:0 28250
28249 46145 21:0 28250
28249 43159 1:0 28253
28249 43553 1:0 28253
28249 169 1:0 28253
28249 42742 1:0 28253
28249 43138 1:0 28253
28249 42972 1:0 28253
28251 755 1:0 28253
28252 161 21:0 28252
28252 46215 21:0 28255
28254 43250 1:0 28267
28254 171 1:0 28267
28254 43534 1:0 28267
28254 42589 1:0 28267
28254 43547 1:0 28267
28254 43283 1:0 28267
28254 46214 21:0 28273
28268 43455 1:0 28303
28268 43124 1:0 28303
28272 167 21:0 28272
28272 159 21:0 28272
28272 46216 21:0 28321
28304 245 1:0 28319
28320 173 21:0 28320
28320 46225 21:0 28320
28320 46093 21:0 28321
28320 46073 21:0 28321
28320 46099 21:0 28321
28320 46033 21:0 28321
28320 169 21:0 28323
28320 37957 1:0 28324
28320 37900 1:0 28324
28320 43434 1:0 28324
28323 175 21:0 28323
28323 46246 21:0 28326
28325 46097 21:0 28326
28325 755 21:0 28326
28325 171 21:0 28326
28325 43500 1:0 28329
28325 37786 1:0 28329
28325 275 1:0 28329
28325 187 1:0 28329
28327 755 1:0 28329
28328 179 21:0 28328
28328 46248 21:0 28331
28330 43177 1:0 28343
28330 189 1:0 28343
28330 437 1:0 28343
28330 37672 1:0 28343
28330 46247 21:0 28349
28344 587 1:0 28379
28348 185 21:0 28348
28348 46238 21:0 28348
28348 177 21:0 28348
28348 46249 21:0 28397
28380 569 1:0 28395
28396 191 21:0 28396
28396 46066 21:0 28397
28396 46079 21:0 28397
28396 46126 21:0 28397
28396 46134 21:0 28397
28396 187 21:0 28399
28396 37159 1:0 28400
28396 43254 1:0 28400
28396 37601 1:0 28400
28399 193 21:0 28399
28399 46279 21:0 28402
28401 189 21:0 28402
28401 755 21:0 28402
28401 46053 21:0 28402
28401 42933 1:0 28405
28401 205 1:0 28405
28401 37102 1:0 28405
28401 37558 1:0 28405
28403 755 1:0 28405
28404 197 21:0 28404
28404 46281 21:0 28407
28406 207 1:0 28419
28406 42999 1:0 28419
28406 37330 1:0 28419
28406 221 1:0 28419
28406 46280 21:0 28425
28420 227 1:0 28455
28424 203 21:0 28424
28424 195 21:0 28424
28424 46282 21:0 28473
28456 479 1:0 28471
28472 209 21:0 28472
28472 46295 21:0 28472
28472 46310 21:0 28472
28472 46298 21:0 28472
28472 46035 21:0 28473
28472 46031 21:0 28473
28472 46132 21:0 28473
28472 46119 21:0 28473
28472 207 21:0 28475
28472 473 1:0 28476
28472 42622 1:0 28476
28472 257 1:0 28476
28475 211 21:0 28475
28475 46312 21:0 28478
28477 755 21:0 28478
28477 46068 21:0 28478
28477 205 21:0 28478
28477 37843 1:0 28481
28477 43388 1:0 28481
28477 623 1:0 28481
28477 225 1:0 28481
28479 755 1:0 28481
28480 46311 21:0 28480
28480 215 21:0 28480
28480 46314 21:0 28483
28482 533 1:0 28495
28482 43402 1:0 28495
28482 223 1:0 28495
28482 37145 1:0 28495
28482 46313 21:0 28501
28496 43257 1:0 28536
28496 43487 1:0 28536
28500 221 21:0 28500
28500 213 21:0 28500
28500 46315 21:0 28549
28537 43421 1:0 28547
28548 227 21:0 28548
28548 46328 21:0 28548
28548 46047 21:0 28549
28548 46067 21:0 28549
28548 46014 21:0 28549
28548 46080 21:0 28549
28548 223 21:0 28551
28548 43025 1:0 28552
28548 43210 1:0 28552
28548 43005 1:0 28552
28548 43027 1:0 28552
28548 43126 1:0 28552
28551 229 21:0 28551
28551 46345 21:0 28554
28553 225 21:0 28554
28553 755 21:0 28554
28553 46064 21:0 28554
28553 43551 1:0 28557
28553 371 1:0 28557
28553 37544 1:0 28557
28553 241 1:0 28557
28555 755 1:0 28557
28556 233 21:0 28556
28556 46347 21:0 28559
28558 239 1:0 28569
28558 243 1:0 28571
28558 42543 1:0 28571
28558 37444 1:0 28571
28558 46346 21:0 28577
28572 37430 1:0 28607
28576 239 21:0 28576
28576 231 21:0 28576
28576 46348 21:0 28625
28608 37387 1:0 28623
28624 245 21:0 28624
28624 46106 21:0 28625
28624 46027 21:0 28625
28624 46130 21:0 28625
28624 46040 21:0 28625
28624 241 21:0 28627
28624 43342 1:0 28628
28624 37373 1:0 28628
28624 37045 1:0 28628
28627 247 21:0 28627
28627 46378 21:0 28630
28629 243 21:0 28630
28629 46026 21:0 28630
28629 755 21:0 28630
28629 36917 1:0 28633
28629 43435 1:0 28633
28629 261 1:0 28633
28629 37088 1:0 28633
28631 755 1:0 28633
28632 251 21:0 28632
28632 46380 21:0 28635
28634 259 1:0 28647
28634 671 1:0 28647
28634 641 1:0 28647
28634 43118 1:0 28647
28634 46379 21:0 28653
28648 36518 1:0 28683
28652 257 21:0 28652
28652 46389 21:0 28652
28652 249 21:0 28652
28652 46381 21:0 28701
28684 407 1:0 28699
28700 263 21:0 28700
28700 46396 21:0 28700
28700 46365 21:0 28701
28700 46317 21:0 28701
28700 46178 21:0 28701
28700 46163 21:0 28701
28700 261 21:0 28703
28700 37259 1:0 28704
28700 419 1:0 28704
28700 42788 1:0 28704
28703 265 21:0 28703
28703 46411 21:0 28706
28705 259 21:0 28706
28705 755 21:0 28706
28705 46364 21:0 28706
28705 43203 1:0 28709
28705 277 1:0 28709
28705 491 1:0 28709
28705 509 1:0 28709
28707 755 1:0 28709
28708 46410 21:0 28708
28708 269 21:0 28708
28708 46413 21:0 28711
28710 36988 1:0 28723
28710 36974 1:0 28723
28710 279 1:0 28723
28710 43089 1:0 28723
28710 46412 21:0 28729
28724 36931 1:0 28759
28728 275 21:0 28728
28728 46422 21:0 28728
28728 267 21:0 28728
28728 46414 21:0 28777
28760 599 1:0 28775
28776 281 21:0 28776
28776 46416 21:0 28776
28776 46431 21:0 28776
28776 46244 21:0 28777
28776 46232 21:0 28777
28776 46376 21:0 28777
28776 46159 21:0 28777
28776 279 21:0 28779
28776 43632 1:0 28780
28776 36803 1:0 28780
28776 689 1:0 28780
28779 283 21:0 28779
28779 46444 21:0 28782
28781 755 21:0 28782
28781 46211 21:0 28782
28781 277 21:0 28782
28781 36589 1:0 28785
28781 297 1:0 28785
28781 43422 1:0 28785
28781 36461 1:0 28785
28783 755 1:0 28785
28784 287 21:0 28784
28784 46446 21:0 28787
28786 293 1:0 28797
28786 295 1:0 28799
28786 43386 1:0 28799
28786 36532 1:0 28799
28786 46445 21:0 28805
28800 299 1:0 28838
28804 293 21:0 28804
28804 285 21:0 28804
28804 46447 21:0 28853
28836 455 1:0 28851
28852 299 21:0 28852
28852 46463 21:0 28852
28852 46449 21:0 28852
28852 46460 21:0 28852
28852 46475 21:0 28852
28852 46205 21:0 28853
28852 46264 21:0 28853
28852 46332 21:0 28853
28852 46251 21:0 28853
28852 297 21:0 28855
28852 43456 1:0 28856
28852 37273 1:0 28856
28852 497 1:0 28856
28854 301 21:0 28854
28854 755 21:0 28855
28855 46477 21:0 28858
28857 295 21:0 28858
28857 46277 21:0 28858
28857 551 1:0 28861
28857 42702 1:0 28861
28857 677 1:0 28861
28857 315 1:0 28861
28859 755 1:0 28861
28860 303 1:0 28860
28860 305 21:0 28860
28860 46479 21:0 28863
28862 311 1:0 28873
28862 42928 1:0 28875
28862 313 1:0 28875
28862 695 1:0 28875
28862 46478 21:0 28881
28876 545 1:0 28911
28880 311 21:0 28880
28880 303 21:0 28880
28880 46480 21:0 28929
28912 36874 1:0 28927
28926 319 1:0 28926
28928 317 21:0 28928
28928 46489 21:0 28928
28928 46224 21:0 28929
28928 46212 21:0 28929
28928 46166 21:0 28929
28928 46383 21:0 28929
28928 313 21:0 28931
28928 36746 1:0 28932
28928 43507 1:0 28932
28928 605 1:0 28932
28931 323 1:0 28931
28931 319 21:0 28931
28931 46510 21:0 28934
28933 46370 21:0 28934
28933 315 21:0 28934
28933 755 21:0 28934
28933 43093 1:0 28937
28933 36689 1:0 28937
28933 659 1:0 28937
28933 333 1:0 28937
28935 755 1:0 28937
28936 46509 21:0 28936
28936 321 1:0 28936
28936 323 21:0 28936
28936 46512 21:0 28939
28938 43098 1:0 28951
28938 43419 1:0 28951
28938 581 1:0 28951
28938 43617 1:0 28951
28938 331 1:0 28951
28938 46511 21:0 28957
28952 36760 1:0 28987
28956 329 21:0 28956
28956 46502 21:0 28956
28956 321 21:0 28956
28956 46513 21:0 29005
28988 617 1:0 29003
29002 337 1:0 29002
29004 335 21:0 29004
29004 46515 21:0 29004
29004 46344 21:0 29005
29004 46324 21:0 29005
29004 46245 21:0 29005
29004 46356 21:0 29005
29004 333 21:0 29007
29004 43599 1:0 29008
29004 43117 1:0 29008
29004 653 1:0 29008
29004 43309 1:0 29008
29007 341 1:0 29007
29007 337 21:0 29007
29007 46543 21:0 29010
29009 46257 21:0 29010
29009 331 21:0 29010
29009 755 21:0 29010
29009 43586 1:0 29013
29009 43584 1:0 29013
29009 43038 1:0 29013
29009 349 1:0 29013
29009 43059 1:0 29013
29009 42919 1:0 29013
29011 755 1:0 29013
29012 339 1:0 29012
29012 341 21:0 29012
29012 46545 21:0 29015
29014 527 1:0 29027
29014 43474 1:0 29027
29014 351 1:0 29027
29014 43488 1:0 29027
29014 43051 1:0 29027
29014 46544 21:0 29033
29028 37031 1:0 29063
29032 347 21:0 29032
29032 46554 21:0 29032
29032 339 21:0 29032
29032 46546 21:0 29081
29064 461 1:0 29079
29078 355 1:0 29078
29080 353 21:0 29080
29080 46167 21:0 29081
29080 46350 21:0 29081
29080 46191 21:0 29081
29080 46271 21:0 29081
29080 349 21:0 29083
29080 369 1:0 29084
29080 36632 1:0 29084
29080 38000 1:0 29084
29080 43092 1:0 29084
29083 359 1:0 29083
29083 355 21:0 29083
29083 46576 21:0 29086
29085 351 21:0 29086
29085 46218 21:0 29086
29085 755 21:0 29086
29085 367 1:0 29089
29085 43357 1:0 29089
29085 36817 1:0 29089
29085 36860 1:0 29089
29087 755 1:0 29089
29088 357 1:0 29088
29088 359 21:0 29088
29088 46578 21:0 29091
29090 46577 21:0 29109
29090 481 1:0 29155
29108 365 21:0 29108
29108 357 21:0 29108
29108 46579 21:0 29157
29140 713 1:0 29155
29154 373 1:0 29154
29154 377 1:0 29154
29156 371 21:0 29156
29156 46607 21:0 29156
29156 46592 21:0 29156
29156 46200 21:0 29157
29156 46390 21:0 29157
29156 46337 21:0 29157
29156 46233 21:0 29157
29156 369 21:0 29159
29156 521 1:0 29165
29159 373 21:0 29159
29159 46609 21:0 29162
29161 367 21:0 29162
29161 755 21:0 29162
29161 46284 21:0 29162
29161 43323 1:0 29165
29161 387 1:0 29165
29161 383 1:0 29165
29161 385 1:0 29165
29163 755 1:0 29165
29164 377 21:0 29164
29164 375 1:0 29164
29164 46611 21:0 29167
29166 46610 21:0 29185
29166 501 1:0 29231
29184 383 21:0 29184
29184 375 21:0 29184
29184 46612 21:0 29233
29216 36475 1:0 29231
29230 391 1:0 29230
29230 395 1:0 29230
29232 389 21:0 29232
29232 46628 21:0 29232
29232 46363 21:0 29233
29232 46331 21:0 29233
29232 46158 21:0 29233
29232 46397 21:0 29233
29232 385 21:0 29235
29232 467 1:0 29241
29235 391 21:0 29235
29235 46642 21:0 29238
29237 387 21:0 29238
29237 46265 21:0 29238
29237 755 21:0 29238
29237 42961 1:0 29241
29237 403 1:0 29241
29237 707 1:0 29241
29237 405 1:0 29241
29239 755 1:0 29241
29240 46641 21:0 29240
29240 395 21:0 29240
29240 393 1:0 29240
29240 46644 21:0 29243
29242 46643 21:0 29261
29242 535 1:0 29307
29260 401 21:0 29260
29260 46634 21:0 29260
29260 393 21:0 29260
29260 46645 21:0 29309
29297 43414 1:0 29307
29306 409 1:0 29306
29306 413 1:0 29306
29308 405 21:0 29308
29308 403 21:0 29308
29308 407 21:0 29308
29308 46647 21:0 29308
29308 46179 21:0 29309
29308 46139 21:0 29309
29308 46496 21:0 29309
29308 46297 21:0 29309
29308 499 1:0 29317
29311 409 21:0 29311
29311 46675 21:0 29314
29313 46495 21:0 29314
29313 43353 1:0 29317
29313 43362 1:0 29317
29313 43480 1:0 29317
29313 421 1:0 29317
29313 423 1:0 29317
29316 413 21:0 29316
29316 411 1:0 29316
29316 46677 21:0 29319
29318 46676 21:0 29337
29318 537 1:0 29383
29336 419 21:0 29336
29336 46686 21:0 29336
29336 411 21:0 29336
29336 46678 21:0 29385
29368 38014 1:0 29383
29382 427 1:0 29382
29382 431 1:0 29382
29384 425 21:0 29384
29384 46343 21:0 29385
29384 46199 21:0 29385
29384 46629 21:0 29385
29384 46568 21:0 29385
29384 423 21:0 29387
29384 519 1:0 29393
29387 427 21:0 29387
29387 46708 21:0 29390
29389 755 21:0 29390
29389 46429 21:0 29390
29389 421 21:0 29390
29389 42807 1:0 29393
29389 441 1:0 29393
29389 439 1:0 29393
29389 37829 1:0 29393
29391 755 1:0 29393
29392 431 21:0 29392
29392 429 1:0 29392
29392 46710 21:0 29395
29394 46709 21:0 29413
29394 483 1:0 29459
29412 437 21:0 29412
29412 46719 21:0 29412
29412 429 21:0 29412
29412 46711 21:0 29461
29444 37772 1:0 29459
29458 445 1:0 29458
29458 449 1:0 29458
29460 443 21:0 29460
29460 46291 21:0 29461
29460 46575 21:0 29461
29460 46469 21:0 29461
29460 46192 21:0 29461
29460 439 21:0 29463
29460 539 1:0 29469
29463 445 21:0 29463
29463 46741 21:0 29466
29465 755 21:0 29466
29465 441 21:0 29466
29465 46562 21:0 29466
29465 37487 1:0 29469
29465 459 1:0 29469
29465 43447 1:0 29469
29465 457 1:0 29469
29467 755 1:0 29469
29468 449 21:0 29468
29468 447 1:0 29468
29468 46743 21:0 29471
29470 46742 21:0 29489
29470 553 1:0 29535
29488 455 21:0 29488
29488 447 21:0 29488
29488 46744 21:0 29537
29520 37202 1:0 29535
29534 463 1:0 29534
29536 461 21:0 29536
29536 46760 21:0 29536
29536 46746 21:0 29536
29536 46561 21:0 29537
29536 46627 21:0 29537
29536 46653 21:0 29537
29536 46542 21:0 29537
29536 459 21:0 29539
29536 573 1:0 29545
29539 463 21:0 29539
29539 46774 21:0 29542
29541 46436 21:0 29542
29541 755 21:0 29542
29541 457 21:0 29542
29541 477 1:0 29545
29541 43290 1:0 29545
29541 43060 1:0 29545
29541 42808 1:0 29545
29541 475 1:0 29545
29543 755 1:0 29545
29544 467 21:0 29544
29544 465 1:0 29544
29544 46776 21:0 29547
29546 46775 21:0 29565
29546 589 1:0 29611
29564 473 21:0 29564
29564 465 21:0 29564
29564 46777 21:0 29613
29601 42893 1:0 29611
29610 485 1:0 29610
29612 479 21:0 29612
29612 46786 21:0 29612
29612 46792 21:0 29612
29612 46794 21:0 29612
29612 46455 21:0 29613
29612 46608 21:0 29613
29612 46614 21:0 29613
29612 46430 21:0 29613
29612 475 21:0 29615
29612 591 1:0 29621
29615 481 21:0 29615
29615 46807 21:0 29618
29617 46661 21:0 29618
29617 477 21:0 29618
29617 755 21:0 29618
29617 495 1:0 29621
29617 493 1:0 29621
29617 42556 1:0 29621
29617 43052 1:0 29621
29617 43065 1:0 29621
29619 755 1:0 29621
29620 46806 21:0 29620
29620 485 21:0 29620
29620 46809 21:0 29623
29622 46808 21:0 29641
29622 557 1:0 29687
29640 491 21:0 29640
29640 46818 21:0 29640
29640 483 21:0 29640
29640 46810 21:0 29689
29677 43170 1:0 29687
29686 503 1:0 29686
29688 497 21:0 29688
29688 46823 21:0 29688
29688 46522 21:0 29689
29688 46548 21:0 29689
29688 46394 21:0 29689
29688 46462 21:0 29689
29688 495 21:0 29691
29688 555 1:0 29697
29691 499 21:0 29691
29691 46840 21:0 29694
29693 493 21:0 29694
29693 46409 21:0 29694
29693 755 21:0 29694
29693 42532 1:0 29697
29693 43164 1:0 29697
29693 513 1:0 29697
29693 42907 1:0 29697
29693 511 1:0 29697
29695 755 1:0 29697
29696 503 21:0 29696
29696 46842 21:0 29699
29698 46841 21:0 29717
29698 575 1:0 29763
29716 509 21:0 29716
29716 46832 21:0 29716
29716 501 21:0 29716
29716 46843 21:0 29765
29753 42631 1:0 29763
29762 517 1:0 29762
29764 515 21:0 29764
29764 46852 21:0 29764
29764 46856 21:0 29764
29764 46858 21:0 29764
29764 46563 21:0 29765
29764 46278 21:0 29765
29764 46541 21:0 29765
29764 46330 21:0 29765
29764 513 21:0 29767
29764 571 1:0 29773
29767 517 21:0 29767
29767 46873 21:0 29770
29769 755 21:0 29770
29769 511 21:0 29770
29769 46640 21:0 29770
29769 529 1:0 29773
29769 42926 1:0 29773
29769 531 1:0 29773
29769 43104 1:0 29773
29769 43223 1:0 29773
29771 755 1:0 29773
29772 521 21:0 29772
29772 46875 21:0 29775
29774 46874 21:0 29793
29774 611 1:0 29839
29792 527 21:0 29792
29792 46884 21:0 29792
29792 519 21:0 29792
29792 46876 21:0 29841
29829 42952 1:0 29839
29840 533 21:0 29840
29840 46904 21:0 29840
29840 46885 21:0 29840
29840 46891 21:0 29840
29840 46528 21:0 29841
29840 46152 21:0 29841
29840 46508 21:0 29841
29840 46304 21:0 29841
29840 529 21:0 29843
29840 607 1:0 29849
29843 535 21:0 29843
29843 46906 21:0 29846
29845 46482 21:0 29846
29845 755 21:0 29846
29845 531 21:0 29846
29845 43237 1:0 29849
29845 43192 1:0 29849
29845 43217 1:0 29849
29845 547 1:0 29849
29845 549 1:0 29849
29847 755 1:0 29849
29848 539 21:0 29848
29848 46908 21:0 29851
29850 46907 21:0 29869
29850 593 1:0 29915
29868 545 21:0 29868
29868 46917 21:0 29868
29868 537 21:0 29868
29868 46909 21:0 29917
29905 42730 1:0 29915
29916 551 21:0 29916
29916 46926 21:0 29916
29916 46924 21:0 29916
29916 46918 21:0 29916
29916 46911 21:0 29916
29916 46529 21:0 29917
29916 46662 21:0 29917
29916 46476 21:0 29917
29916 46530 21:0 29917
29916 549 21:0 29919
29916 609 1:0 29925
29919 553 21:0 29919
29919 46939 21:0 29922
29921 755 21:0 29922
29921 46859 21:0 29922
29921 547 21:0 29922
29921 43018 1:0 29925
29921 43071 1:0 29925
29921 43019 1:0 29925
29921 567 1:0 29925
29921 565 1:0 29925
29923 755 1:0 29925
29924 46938 21:0 29924
29924 557 21:0 29924
29924 46941 21:0 29927
29926 46940 21:0 29945
29926 627 1:0 29991
29944 563 21:0 29944
29944 46931 21:0 29944
29944 555 21:0 29944
29944 46942 21:0 29993
29981 42795 1:0 29991
29992 569 21:0 29992
29992 46955 21:0 29992
29992 46957 21:0 29992
29992 46377 21:0 29993
29992 46667 21:0 29993
29992 46892 21:0 29993
29992 46654 21:0 29993
29992 567 21:0 29995
29992 647 1:0 30001
29995 571 21:0 29995
29995 46972 21:0 29998
29997 755 21:0 29998
29997 46700 21:0 29998
29997 565 21:0 29998
29997 43111 1:0 30001
29997 583 1:0 30001
29997 42990 1:0 30001
29997 585 1:0 30001
29997 42853 1:0 30001
29999 755 1:0 30001
30000 46971 21:0 30000
30000 575 21:0 30000
30000 46974 21:0 30003
30002 46973 21:0 30021
30002 645 1:0 30067
30020 581 21:0 30020
30020 573 21:0 30020
30020 46975 21:0 30069
30057 43269 1:0 30067
30068 587 21:0 30068
30068 46990 21:0 30068
30068 46740 21:0 30069
30068 46601 21:0 30069
30068 46521 21:0 30069
30068 46827 21:0 30069
30068 583 21:0 30071
30068 629 1:0 30077
30071 589 21:0 30071
30071 47005 21:0 30074
30073 46893 21:0 30074
30073 755 21:0 30074
30073 585 21:0 30074
30073 601 1:0 30077
30073 42924 1:0 30077
30073 603 1:0 30077
30073 42861 1:0 30077
30073 42986 1:0 30077
30075 755 1:0 30077
30076 593 21:0 30076
30076 47007 21:0 30079
30078 47006 21:0 30097
30078 625 1:0 30143
30096 599 21:0 30096
30096 46997 21:0 30096
30096 591 21:0 30096
30096 47008 21:0 30145
30133 43197 1:0 30143
30144 605 21:0 30144
30144 47036 21:0 30144
30144 47017 21:0 30144
30144 47021 21:0 30144
30144 47024 21:0 30144
30144 47010 21:0 30144
30144 46398 21:0 30145
30144 46687 21:0 30145
30144 46757 21:0 30145
30144 46739 21:0 30145
30144 603 21:0 30147
30144 643 1:0 30153
30147 607 21:0 30147
30147 47038 21:0 30150
30149 601 21:0 30150
30149 46707 21:0 30150
30149 755 21:0 30150
30149 43122 1:0 30153
30149 43012 1:0 30153
30149 619 1:0 30153
30149 621 1:0 30153
30149 42754 1:0 30153
30151 755 1:0 30153
30152 611 21:0 30152
30152 47040 21:0 30155
30154 47039 21:0 30173
30154 661 1:0 30219
30172 617 21:0 30172
30172 609 21:0 30172
30172 47041 21:0 30221
30176 601 1:0 30203
30204 603 1:0 30208
30209 585 1:0 30219
30209 583 1:0 30219
30209 42895 1:0 30219
30220 621 21:0 30220
30220 619 21:0 30220
30220 623 21:0 30220
30220 47056 21:0 30220
30220 46673 21:0 30221
30220 46761 21:0 30221
30220 46443 21:0 30221
30220 46674 21:0 30221
30220 755 21:0 30221
30220 665 1:0 30229
30223 625 21:0 30223
30223 47071 21:0 30226
30225 46290 21:0 30226
30225 43023 1:0 30229
30225 42610 1:0 30229
30225 637 1:0 30229
30225 639 1:0 30229
30225 43216 1:0 30229
30227 755 1:0 30229
30228 629 21:0 30228
30228 47073 21:0 30231
30230 47072 21:0 30249
30230 663 1:0 30295
30248 635 21:0 30248
30248 47082 21:0 30248
30248 47063 21:0 30248
30248 627 21:0 30248
30248 47074 21:0 30297
30252 565 1:0 30279
30280 567 1:0 30284
30285 43249 1:0 30295
30285 547 1:0 30295
30285 549 1:0 30295
30296 637 21:0 30296
30296 639 21:0 30296
30296 641 21:0 30296
30296 47102 21:0 30296
30296 47087 21:0 30296
30296 47076 21:0 30296
30296 46526 21:0 30297
30296 46231 21:0 30297
30296 46262 21:0 30297
30296 755 21:0 30297
30296 46851 21:0 30297
30296 681 1:0 30305
30299 643 21:0 30299
30299 47104 21:0 30302
30301 46625 21:0 30302
30301 655 1:0 30305
30301 43085 1:0 30305
30301 42985 1:0 30305
30301 42576 1:0 30305
30301 657 1:0 30305
30303 755 1:0 30305
30304 647 21:0 30304
30304 47103 21:0 30304
30304 47106 21:0 30307
30306 47105 21:0 30325
30306 683 1:0 30371
30324 653 21:0 30324
30324 645 21:0 30324
30324 47107 21:0 30373
30328 531 1:0 30355
30356 529 1:0 30360
30361 511 1:0 30371
30361 513 1:0 30371
30361 42768 1:0 30371
30372 657 21:0 30372
30372 655 21:0 30372
30372 47122 21:0 30372
30372 47120 21:0 30372
30372 47135 21:0 30372
30372 659 21:0 30372
30372 47123 21:0 30372
30372 46752 21:0 30373
30372 46779 21:0 30373
30372 46860 21:0 30373
30372 46733 21:0 30373
30372 755 21:0 30373
30372 679 1:0 30381
30375 661 21:0 30375
30375 47137 21:0 30378
30377 46488 21:0 30378
30377 42550 1:0 30381
30377 42973 1:0 30381
30377 673 1:0 30381
30377 675 1:0 30381
30377 42537 1:0 30381
30379 755 1:0 30381
30380 665 21:0 30380
30380 47139 21:0 30383
30382 47138 21:0 30401
30382 701 1:0 30447
30400 671 21:0 30400
30400 663 21:0 30400
30400 47140 21:0 30449
30404 493 1:0 30431
30432 495 1:0 30436
30437 475 1:0 30447
30437 42834 1:0 30447
30437 477 1:0 30447
30448 675 21:0 30448
30448 673 21:0 30448
30448 677 21:0 30448
30448 47168 21:0 30448
30448 47153 21:0 30448
30448 755 21:0 30449
30448 46937 21:0 30449
30448 46535 21:0 30449
30448 46442 21:0 30449
30448 46493 21:0 30449
30448 697 1:0 30457
30451 679 21:0 30451
30451 47170 21:0 30454
30453 46724 21:0 30454
30453 42796 1:0 30457
30453 42966 1:0 30457
30453 42894 1:0 30457
30453 691 1:0 30457
30453 693 1:0 30457
30455 755 1:0 30457
30456 47169 21:0 30456
30456 683 21:0 30456
30456 47172 21:0 30459
30458 47171 21:0 30477
30458 699 1:0 30523
30476 689 21:0 30476
30476 47181 21:0 30476
30476 681 21:0 30476
30476 47173 21:0 30525
30480 457 1:0 30507
30508 459 1:0 30512
30513 439 1:0 30523
30513 441 1:0 30523
30513 42992 1:0 30523
30524 691 21:0 30524
30524 693 21:0 30524
30524 695 21:0 30524
30524 47175 21:0 30524
30524 46660 21:0 30525
30524 755 21:0 30525
30524 46299 21:0 30525
30524 46845 21:0 30525
30524 46988 21:0 30525
30524 715 1:0 30533
30527 697 21:0 30527
30527 47203 21:0 30530
30529 46555 21:0 30530
30529 42759 1:0 30533
30529 42762 1:0 30533
30529 42669 1:0 30533
30529 709 1:0 30533
30529 711 1:0 30533
30531 755 1:0 30533
30532 701 21:0 30532
30532 47205 21:0 30535
30534 47204 21:0 30553
30534 719 1:0 30599
30552 707 21:0 30552
30552 699 21:0 30552
30552 47206 21:0 30601
30556 421 1:0 30583
30584 423 1:0 30588
30589 385 1:0 30599
30589 387 1:0 30599
30589 42906 1:0 30599
30600 709 21:0 30600
30600 711 21:0 30600
30600 47234 21:0 30600
30600 47223 21:0 30600
30600 713 21:0 30600
30600 755 21:0 30601
30600 46872 21:0 30601
30600 47188 21:0 30601
30600 46497 21:0 30601
30600 47129 21:0 30601
30600 717 1:0 30607
30603 715 21:0 30603
30603 47236 21:0 30606
30605 46172 21:0 30606
30605 43635 1:0 30609
30608 719 21:0 30608
30608 47238 21:0 30611
30610 46588 21:0 30611
30610 369 1:0 30615
30610 367 1:0 30615
30610 351 1:0 30615
30610 43637 1:0 30615
30610 42993 1:0 30615
30611 47239 21:0 30617
30614 739 1:0 30614
30616 47237 21:0 30620
30616 36436 1:0 30621
30619 47142 21:0 30620
30619 47202 21:0 30620
30619 47195 21:0 30620
30619 43636 1:0 30623
30622 719 1:0 30622
30623 36436 21:0 30631
30627 36440 1:0 30632
30630 47246 21:0 30630
30630 46695 21:0 30631
30630 47214 21:0 30631
30630 47037 21:0 30631
30630 43634 1:0 30633
30632 47246 1:0 30632
30632 715 1:0 30632
30634 36440 21:0 30640
30636 36443 1:0 30642
30639 47249 21:0 30639
30639 47156 21:0 30640
30639 47189 21:0 30640
30639 46185 21:0 30640
30639 36470 1:0 30642
30639 349 1:0 30642
30639 42792 1:0 30660
30639 42775 1:0 30660
30639 42920 1:0 30660
30641 43626 1:0 30641
30641 47249 1:0 30641
30641 755 1:0 30642
30643 36472 1:0 30660
30644 36443 21:0 30722
30659 43621 1:0 30659
30659 711 1:0 30659
30659 713 1:0 30659
30661 43604 1:0 30707
30706 43606 1:0 30706
30706 43612 1:0 30706
30706 709 1:0 30706
30706 707 1:0 30706
30708 43602 1:0 30746
30721 739 21:0 30721
30721 717 21:0 30751
30745 699 1:0 30745
30747 36493 1:0 30752
30750 36472 21:0 30751
30750 36470 21:0 30751
30750 713 21:0 30751
30750 47182 21:0 30751
30750 711 21:0 30754
30750 43603 1:0 30754
30753 43600 1:0 30753
30753 701 1:0 30753
30753 755 21:0 30754
30754 36493 21:0 30762
30758 36497 1:0 30763
30761 46587 21:0 30762
30761 707 21:0 30762
30761 709 21:0 30762
30761 43601 1:0 30764
30763 697 1:0 30763
30765 36497 21:0 30771
30767 36500 1:0 30773
30770 46198 21:0 30771
30770 36461 21:0 30771
30770 331 1:0 30773
30770 36527 1:0 30773
30770 42825 1:0 30791
30770 42616 1:0 30791
30770 42840 1:0 30791
30772 43593 1:0 30772
30772 755 1:0 30773
30774 36529 1:0 30791
30775 36500 21:0 30853
30790 43580 1:0 30790
30790 43588 1:0 30790
30790 43587 1:0 30790
30790 693 1:0 30790
30790 695 1:0 30790
30792 43571 1:0 30838
30837 43579 1:0 30837
30837 43573 1:0 30837
30837 691 1:0 30837
30837 689 1:0 30837
30839 43569 1:0 30877
30852 719 21:0 30882
30876 681 1:0 30876
30878 36550 1:0 30883
30881 36529 21:0 30882
30881 36532 21:0 30882
30881 46357 21:0 30882
30881 36527 21:0 30882
30881 693 21:0 30885
30881 43570 1:0 30885
30884 43567 1:0 30884
30884 683 1:0 30884
30884 755 21:0 30885
30885 36550 21:0 30893
30889 36554 1:0 30894
30892 46594 21:0 30893
30892 689 21:0 30893
30892 691 21:0 30893
30892 43568 1:0 30895
30894 679 1:0 30894
30896 36554 21:0 30902
30898 36557 1:0 30904
30901 695 21:0 30902
30901 47115 21:0 30902
30901 333 1:0 30904
30901 36586 1:0 30904
30901 42829 1:0 30922
30901 42873 1:0 30922
30901 42763 1:0 30922
30903 43560 1:0 30903
30903 755 1:0 30904
30905 36584 1:0 30922
30906 36557 21:0 30984
30921 43555 1:0 30921
30921 43554 1:0 30921
30921 675 1:0 30921
30921 677 1:0 30921
30921 36575 1:0 30921
30923 43538 1:0 30969
30968 43546 1:0 30968
30968 43540 1:0 30968
30968 673 1:0 30968
30968 671 1:0 30968
30970 43536 1:0 31008
30983 715 21:0 31013
31007 663 1:0 31007
31009 36607 1:0 31014
31012 677 21:0 31013
31012 36584 21:0 31013
31012 36586 21:0 31013
31012 47016 21:0 31013
31012 673 21:0 31016
31012 43537 1:0 31016
31015 665 1:0 31015
31015 755 21:0 31016
31016 36607 21:0 31024
31020 36611 1:0 31025
31023 671 21:0 31024
31023 46427 21:0 31024
31023 675 21:0 31024
31023 43535 1:0 31026
31025 661 1:0 31025
31027 36611 21:0 31033
31029 36614 1:0 31035
31032 36589 21:0 31033
31032 46165 21:0 31033
31032 315 1:0 31035
31032 36641 1:0 31035
31032 42939 1:0 31053
31032 42867 1:0 31053
31032 42953 1:0 31053
31034 43533 1:0 31034
31034 43527 1:0 31034
31034 755 1:0 31035
31036 36643 1:0 31053
31037 36614 21:0 31115
31052 43514 1:0 31052
31052 43518 1:0 31052
31052 43520 1:0 31052
31052 657 1:0 31052
31052 659 1:0 31052
31054 43505 1:0 31100
31099 655 1:0 31099
31099 36646 1:0 31099
31099 43513 1:0 31099
31099 653 1:0 31099
31101 43503 1:0 31139
31114 701 21:0 31144
31138 645 1:0 31138
31140 36664 1:0 31145
31143 36641 21:0 31144
31143 36646 21:0 31144
31143 36643 21:0 31144
31143 46693 21:0 31144
31143 657 21:0 31147
31143 43504 1:0 31147
31146 43501 1:0 31146
31146 647 1:0 31146
31146 755 21:0 31147
31147 36664 21:0 31155
31151 36668 1:0 31156
31154 659 21:0 31155
31154 655 21:0 31155
31154 47228 21:0 31155
31154 43502 1:0 31157
31156 643 1:0 31156
31158 36668 21:0 31164
31160 36671 1:0 31166
31163 36632 21:0 31164
31163 46595 21:0 31164
31163 36698 1:0 31166
31163 313 1:0 31166
31163 42814 1:0 31184
31163 42583 1:0 31184
31163 42858 1:0 31184
31165 43494 1:0 31165
31165 755 1:0 31166
31167 36700 1:0 31184
31168 36671 21:0 31246
31183 639 1:0 31183
31183 641 1:0 31183
31183 43485 1:0 31183
31183 43481 1:0 31183
31183 43489 1:0 31183
31185 43472 1:0 31231
31230 637 1:0 31230
31230 635 1:0 31230
31232 43470 1:0 31270
31245 699 21:0 31275
31269 627 1:0 31269
31271 36721 1:0 31276
31274 36698 21:0 31275
31274 36700 21:0 31275
31274 46620 21:0 31275
31274 36689 21:0 31275
31274 637 21:0 31278
31274 43471 1:0 31278
31277 43468 1:0 31277
31277 629 1:0 31277
31277 755 21:0 31278
31278 36721 21:0 31286
31282 36725 1:0 31287
31285 46720 21:0 31286
31285 639 21:0 31286
31285 641 21:0 31286
31285 43469 1:0 31288
31287 625 1:0 31287
31289 36725 21:0 31295
31291 36728 1:0 31297
31294 36475 21:0 31295
31294 46889 21:0 31295
31294 36755 1:0 31297
31294 295 1:0 31297
31294 42662 1:0 31315
31294 42675 1:0 31315
31294 42940 1:0 31315
31296 43461 1:0 31296
31296 43467 1:0 31296
31296 755 1:0 31297
31298 36757 1:0 31315
31299 36728 21:0 31377
31314 621 1:0 31314
31314 623 1:0 31314
31314 43448 1:0 31314
31314 43454 1:0 31314
31316 43439 1:0 31362
31361 619 1:0 31361
31361 617 1:0 31361
31363 43437 1:0 31401
31376 697 21:0 31406
31400 609 1:0 31400
31402 36778 1:0 31407
31405 36755 21:0 31406
31405 36757 21:0 31406
31405 46950 21:0 31406
31405 36518 21:0 31406
31405 43438 1:0 31409
31405 621 21:0 31409
31408 611 1:0 31408
31408 755 21:0 31409
31409 36778 21:0 31417
31413 36782 1:0 31418
31416 617 21:0 31417
31416 47222 21:0 31417
31416 619 21:0 31417
31416 43436 1:0 31419
31418 607 1:0 31418
31420 36782 21:0 31426
31422 36785 1:0 31428
31425 36760 21:0 31426
31425 46423 21:0 31426
31425 36814 1:0 31428
31425 297 1:0 31428
31425 42761 1:0 31446
31425 42979 1:0 31446
31425 42530 1:0 31446
31427 43428 1:0 31427
31427 755 1:0 31428
31429 36812 1:0 31446
31430 36785 21:0 31508
31445 605 1:0 31445
31445 43423 1:0 31445
31445 43415 1:0 31445
31447 43406 1:0 31493
31492 599 1:0 31492
31492 43408 1:0 31492
31494 43404 1:0 31532
31507 681 21:0 31537
31531 591 1:0 31531
31533 36835 1:0 31538
31536 36803 21:0 31537
31536 36812 21:0 31537
31536 46812 21:0 31537
31536 36814 21:0 31537
31536 43405 1:0 31540
31536 603 21:0 31540
31539 593 1:0 31539
31539 755 21:0 31540
31540 36835 21:0 31548
31544 36839 1:0 31549
31547 47083 21:0 31548
31547 36817 21:0 31548
31547 601 21:0 31548
31547 43403 1:0 31550
31549 589 1:0 31549
31551 36839 21:0 31557
31553 36842 1:0 31559
31556 605 21:0 31557
31556 47116 21:0 31557
31556 36869 1:0 31559
31556 277 1:0 31559
31556 42959 1:0 31577
31556 42787 1:0 31577
31556 42755 1:0 31577
31558 43395 1:0 31558
31558 755 1:0 31559
31560 36871 1:0 31577
31561 36842 21:0 31639
31576 587 1:0 31576
31576 43390 1:0 31576
31576 43382 1:0 31576
31576 43389 1:0 31576
31578 43373 1:0 31624
31623 581 1:0 31623
31623 43375 1:0 31623
31623 43381 1:0 31623
31625 43371 1:0 31663
31638 683 21:0 31668
31662 573 1:0 31662
31664 36892 1:0 31669
31667 36871 21:0 31668
31667 36869 21:0 31668
31667 36860 21:0 31668
31667 46964 21:0 31668
31667 585 21:0 31671
31667 43372 1:0 31671
31670 575 1:0 31670
31670 755 21:0 31671
31671 36892 21:0 31679
31675 36896 1:0 31680
31678 583 21:0 31679
31678 36874 21:0 31679
31678 46456 21:0 31679
31678 43370 1:0 31681
31680 571 1:0 31680
31682 36896 21:0 31688
31684 36899 1:0 31690
31687 46970 21:0 31688
31687 46596 21:0 31688
31687 46680 21:0 31688
31687 279 1:0 31690
31687 36928 1:0 31690
31687 42880 1:0 31708
31687 42695 1:0 31708
31687 42544 1:0 31708
31689 43368 1:0 31689
31689 755 1:0 31690
31691 36926 1:0 31708
31692 36899 21:0 31770
31707 569 1:0 31707
31707 43355 1:0 31707
31709 43340 1:0 31755
31754 563 1:0 31754
31754 43348 1:0 31754
31756 43338 1:0 31794
31769 679 21:0 31799
31793 555 1:0 31793
31795 36949 1:0 31800
31798 36917 21:0 31799
31798 46759 21:0 31799
31798 36926 21:0 31799
31798 36928 21:0 31799
31798 43339 1:0 31802
31798 565 21:0 31802
31801 43336 1:0 31801
31801 557 1:0 31801
31801 755 21:0 31802
31802 36949 21:0 31810
31806 36953 1:0 31811
31809 46229 21:0 31810
31809 36746 21:0 31810
31809 567 21:0 31810
31809 43337 1:0 31812
31811 553 1:0 31811
31813 36953 21:0 31819
31815 36956 1:0 31821
31818 36931 21:0 31819
31818 46839 21:0 31819
31818 259 1:0 31821
31818 36983 1:0 31821
31818 42565 1:0 31839
31818 42643 1:0 31839
31818 42741 1:0 31839
31820 43329 1:0 31820
31820 43335 1:0 31820
31820 755 1:0 31821
31822 36985 1:0 31839
31823 36956 21:0 31901
31838 551 1:0 31838
31838 43324 1:0 31838
31838 43322 1:0 31838
31838 43320 1:0 31838
31840 43307 1:0 31886
31885 545 1:0 31885
31885 43315 1:0 31885
31887 43305 1:0 31925
31900 645 21:0 31930
31924 537 1:0 31924
31926 37006 1:0 31931
31929 545 21:0 31930
31929 36983 21:0 31930
31929 46984 21:0 31930
31929 549 21:0 31930
31929 43306 1:0 31933
31929 36985 21:0 31933
31932 43303 1:0 31932
31932 539 1:0 31932
31932 755 21:0 31933
31933 37006 21:0 31941
31937 37010 1:0 31942
31940 36988 21:0 31941
31940 46922 21:0 31941
31940 547 21:0 31941
31940 43304 1:0 31943
31942 535 1:0 31942
31944 37010 21:0 31950
31946 37013 1:0 31952
31949 635 21:0 31950
31949 46805 21:0 31950
31949 261 1:0 31952
31949 37040 1:0 31952
31949 42524 1:0 31970
31949 42561 1:0 31970
31949 42596 1:0 31970
31951 43296 1:0 31951
31951 43302 1:0 31951
31951 755 1:0 31952
31953 37042 1:0 31970
31954 37013 21:0 32032
31969 533 1:0 31969
31969 43289 1:0 31969
31969 43287 1:0 31969
31971 43274 1:0 32017
32016 527 1:0 32016
32016 43276 1:0 32016
32018 43272 1:0 32056
32031 643 21:0 32061
32055 519 1:0 32055
32057 37063 1:0 32062
32060 37042 21:0 32061
32060 37040 21:0 32061
32060 37045 21:0 32061
32060 46694 21:0 32061
32060 43273 1:0 32064
32060 529 21:0 32064
32063 43270 1:0 32063
32063 521 1:0 32063
32063 755 21:0 32064
32064 37063 21:0 32072
32068 37067 1:0 32073
32071 46713 21:0 32072
32071 531 21:0 32072
32071 527 21:0 32072
32071 43271 1:0 32074
32073 517 1:0 32073
32075 37067 21:0 32081
32077 37070 1:0 32083
32080 47201 21:0 32081
32080 37031 21:0 32081
32080 243 1:0 32083
32080 37097 1:0 32083
32080 42630 1:0 32101
32080 42577 1:0 32101
32080 42722 1:0 32101
32082 43263 1:0 32082
32082 755 1:0 32083
32084 37099 1:0 32101
32085 37070 21:0 32163
32100 515 1:0 32100
32100 43258 1:0 32100
32102 43241 1:0 32148
32147 509 1:0 32147
32147 43243 1:0 32147
32149 43239 1:0 32187
32162 661 21:0 32192
32186 501 1:0 32186
32188 37120 1:0 32193
32191 37097 21:0 32192
32191 37099 21:0 32192
32191 37102 21:0 32192
32191 755 21:0 32192
32191 513 21:0 32192
32191 511 21:0 32192
32191 43240 1:0 32195
32194 503 1:0 32194
32195 37120 21:0 32203
32199 37124 1:0 32204
32202 47091 21:0 32203
32202 509 21:0 32203
32202 43238 1:0 32205
32204 499 1:0 32204
32206 37124 21:0 32212
32208 37127 1:0 32214
32211 515 21:0 32212
32211 46925 21:0 32212
32211 241 1:0 32214
32211 37154 1:0 32214
32211 42563 1:0 32232
32211 42715 1:0 32232
32211 42697 1:0 32232
32213 43230 1:0 32213
32213 755 1:0 32214
32215 37156 1:0 32232
32216 37127 21:0 32294
32231 497 1:0 32231
32233 43208 1:0 32279
32278 491 1:0 32278
32280 43206 1:0 32318
32293 663 21:0 32323
32317 483 1:0 32317
32319 37177 1:0 32324
32322 37156 21:0 32323
32322 493 21:0 32323
32322 495 21:0 32323
32322 755 21:0 32323
32322 491 21:0 32323
32322 37154 21:0 32323
32322 43207 1:0 32326
32325 43204 1:0 32325
32325 485 1:0 32325
32326 37177 21:0 32334
32330 37181 1:0 32335
32333 37145 21:0 32334
32333 46361 21:0 32334
32333 43205 1:0 32336
32335 481 1:0 32335
32337 485 21:0 32337
32337 37181 21:0 32343
32339 37184 1:0 32345
32342 497 21:0 32343
32342 47058 21:0 32343
32342 37213 1:0 32345
32342 225 1:0 32345
32342 42663 1:0 32363
32342 42528 1:0 32363
32342 42504 1:0 32363
32344 755 1:0 32345
32346 37211 1:0 32363
32347 481 21:0 32347
32347 37184 21:0 32425
32362 479 1:0 32362
32362 43190 1:0 32362
32362 43188 1:0 32362
32364 43175 1:0 32410
32409 473 1:0 32409
32409 37216 1:0 32409
32411 43173 1:0 32449
32424 647 21:0 32454
32448 465 1:0 32448
32450 37234 1:0 32455
32453 37202 21:0 32454
32453 37213 21:0 32454
32453 475 21:0 32454
32453 477 21:0 32454
32453 37211 21:0 32454
32453 755 21:0 32454
32453 43174 1:0 32457
32456 43171 1:0 32456
32456 467 1:0 32456
32457 465 21:0 32457
32457 37234 21:0 32465
32461 37238 1:0 32466
32464 47109 21:0 32465
32464 37216 21:0 32465
32464 43172 1:0 32467
32466 463 1:0 32466
32468 467 21:0 32468
32468 37238 21:0 32474
32470 37241 1:0 32476
32473 46658 21:0 32474
32473 37088 21:0 32474
32473 223 1:0 32476
32473 37268 1:0 32476
32473 42531 1:0 32494
32473 42693 1:0 32494
32473 42708 1:0 32494
32475 755 1:0 32476
32477 37270 1:0 32494
32478 463 21:0 32478
32478 37241 21:0 32556
32493 461 1:0 32493
32493 43151 1:0 32493
32493 43155 1:0 32493
32493 43157 1:0 32493
32495 43142 1:0 32541
32540 455 1:0 32540
32540 43144 1:0 32540
32542 43140 1:0 32580
32555 665 21:0 32585
32579 447 1:0 32579
32581 37291 1:0 32586
32584 37270 21:0 32585
32584 455 21:0 32585
32584 459 21:0 32585
32584 457 21:0 32585
32584 755 21:0 32585
32584 37268 21:0 32585
32584 43141 1:0 32588
32587 449 1:0 32587
32588 447 21:0 32588
32588 37291 21:0 32596
32592 37295 1:0 32597
32595 47069 21:0 32596
32595 37273 21:0 32596
32595 43139 1:0 32598
32597 445 1:0 32597
32599 449 21:0 32599
32599 37295 21:0 32605
32601 37298 1:0 32607
32604 46878 21:0 32605
32604 37259 21:0 32605
32604 37325 1:0 32607
32604 205 1:0 32607
32604 42649 1:0 32625
32604 42594 1:0 32625
32604 42729 1:0 32625
32606 43131 1:0 32606
32606 43137 1:0 32606
32606 755 1:0 32607
32608 37327 1:0 32625
32609 445 21:0 32609
32609 37298 21:0 32687
32624 443 1:0 32624
32624 43125 1:0 32624
32626 43109 1:0 32672
32671 437 1:0 32671
32673 43107 1:0 32711
32686 37316 21:0 32686
32686 607 21:0 32716
32710 429 1:0 32710
32712 37348 1:0 32717
32715 37327 21:0 32716
32715 37325 21:0 32716
32715 437 21:0 32716
32715 439 21:0 32716
32715 441 21:0 32716
32715 755 21:0 32716
32715 43108 1:0 32719
32718 43105 1:0 32718
32718 431 1:0 32718
32719 429 21:0 32719
32719 37348 21:0 32727
32723 37352 1:0 32728
32726 46793 21:0 32727
32726 473 21:0 32727
32726 43106 1:0 32729
32728 427 1:0 32728
32730 431 21:0 32730
32730 37352 21:0 32736
32732 37355 1:0 32738
32735 46726 21:0 32736
32735 37159 21:0 32736
32735 37382 1:0 32738
32735 189 1:0 32738
32735 42655 1:0 32756
32735 42642 1:0 32756
32735 42660 1:0 32756
32737 755 1:0 32738
32739 37384 1:0 32756
32740 427 21:0 32740
32740 37355 21:0 32818
32755 425 1:0 32755
32755 43091 1:0 32755
32757 43076 1:0 32803
32802 419 1:0 32802
32802 43084 1:0 32802
32804 43074 1:0 32842
32817 591 21:0 32847
32841 411 1:0 32841
32843 37405 1:0 32848
32846 37382 21:0 32847
32846 37384 21:0 32847
32846 423 21:0 32847
32846 421 21:0 32847
32846 419 21:0 32847
32846 755 21:0 32847
32846 43075 1:0 32850
32849 43072 1:0 32849
32849 413 1:0 32849
32850 411 21:0 32850
32850 37405 21:0 32858
32854 37409 1:0 32859
32857 37387 21:0 32858
32857 46581 21:0 32858
32857 43073 1:0 32860
32859 409 1:0 32859
32861 413 21:0 32861
32861 37409 21:0 32867
32863 37412 1:0 32869
32866 47049 21:0 32867
32866 443 21:0 32867
32866 187 1:0 32869
32866 37441 1:0 32869
32866 42517 1:0 32887
32866 42557 1:0 32887
32866 42664 1:0 32887
32868 755 1:0 32869
32870 37439 1:0 32887
32871 409 21:0 32871
32871 37412 21:0 32949
32886 405 1:0 32886
32886 407 1:0 32886
32886 43056 1:0 32886
32886 43058 1:0 32886
32888 43043 1:0 32934
32933 403 1:0 32933
32933 401 1:0 32933
32933 43045 1:0 32933
32935 43041 1:0 32973
32948 627 21:0 32978
32972 393 1:0 32972
32974 37462 1:0 32979
32977 755 21:0 32978
32977 37439 21:0 32978
32977 405 21:0 32978
32977 403 21:0 32978
32977 37373 21:0 32978
32977 37441 21:0 32978
32977 43042 1:0 32981
32980 395 1:0 32980
32981 393 21:0 32981
32981 37462 21:0 32989
32985 37466 1:0 32990
32988 37330 21:0 32989
32988 46825 21:0 32989
32988 43040 1:0 32991
32990 391 1:0 32990
32992 395 21:0 32992
32992 37466 21:0 32998
32994 37469 1:0 33000
32997 46266 21:0 32998
32997 407 21:0 32998
32997 37498 1:0 33000
32997 153 1:0 33000
32997 42590 1:0 33018
32997 42627 1:0 33018
32997 42696 1:0 33018
32999 43032 1:0 32999
32999 755 1:0 33000
33001 37496 1:0 33018
33002 391 21:0 33002
33002 37469 21:0 33080
33017 389 1:0 33017
33017 43026 1:0 33017
33019 43010 1:0 33065
33064 383 1:0 33064
33064 37501 1:0 33064
33066 43008 1:0 33104
33079 611 21:0 33109
33103 375 1:0 33103
33105 37519 1:0 33110
33108 37496 21:0 33109
33108 37498 21:0 33109
33108 47215 21:0 33109
33108 37501 21:0 33109
33108 387 21:0 33112
33108 43009 1:0 33112
33111 377 1:0 33111
33111 375 21:0 33111
33111 755 21:0 33112
33112 37519 21:0 33120
33116 37523 1:0 33121
33119 385 21:0 33120
33119 46323 21:0 33120
33119 569 21:0 33120
33119 43007 1:0 33122
33121 373 1:0 33121
33123 377 21:0 33123
33123 37523 21:0 33129
33125 37526 1:0 33131
33128 46559 21:0 33129
33128 623 21:0 33129
33128 151 1:0 33131
33128 37555 1:0 33131
33128 42603 1:0 33149
33128 42570 1:0 33149
33128 42726 1:0 33149
33130 755 1:0 33131
33132 37553 1:0 33149
33133 373 21:0 33133
33133 37526 21:0 33211
33148 371 1:0 33148
33148 42994 1:0 33148
33150 42977 1:0 33196
33195 365 1:0 33195
33197 42975 1:0 33235
33210 609 21:0 33240
33234 357 1:0 33234
33236 37576 1:0 33241
33239 46727 21:0 33240
33239 37553 21:0 33240
33239 37555 21:0 33240
33239 37558 21:0 33240
33239 42976 1:0 33243
33239 369 21:0 33243
33242 357 21:0 33242
33242 359 1:0 33242
33242 755 21:0 33243
33243 37576 21:0 33251
33247 37580 1:0 33252
33250 367 21:0 33251
33250 46958 21:0 33251
33250 37544 21:0 33251
33250 42974 1:0 33253
33252 355 1:0 33252
33254 359 21:0 33254
33254 37580 21:0 33260
33256 37583 1:0 33262
33259 36575 21:0 33260
33259 46706 21:0 33260
33259 133 1:0 33262
33259 37610 1:0 33262
33259 42721 1:0 33280
33259 42689 1:0 33280
33259 42598 1:0 33280
33261 755 1:0 33262
33263 37612 1:0 33280
33264 355 21:0 33264
33264 37583 21:0 33342
33279 353 1:0 33279
33279 42960 1:0 33279
33279 42957 1:0 33279
33281 42944 1:0 33327
33326 347 1:0 33326
33328 42942 1:0 33366
33341 37601 21:0 33341
33341 589 21:0 33371
33365 339 1:0 33365
33367 37633 1:0 33372
33370 47043 21:0 33371
33370 353 21:0 33371
33370 37612 21:0 33371
33370 37610 21:0 33371
33370 351 21:0 33374
33370 42943 1:0 33374
33373 339 21:0 33373
33373 341 1:0 33373
33373 755 21:0 33374
33374 37633 21:0 33382
33378 37637 1:0 33383
33381 349 21:0 33382
33381 47070 21:0 33382
33381 347 21:0 33382
33381 42941 1:0 33384
33383 337 1:0 33383
33385 341 21:0 33385
33385 37637 21:0 33391
33387 37640 1:0 33393
33390 47025 21:0 33391
33390 563 21:0 33391
33390 37669 1:0 33393
33390 135 1:0 33393
33390 42498 1:0 33411
33390 42682 1:0 33411
33390 42623 1:0 33411
33392 755 1:0 33393
33394 37667 1:0 33411
33395 337 21:0 33395
33395 37640 21:0 33473
33410 335 1:0 33410
33410 42927 1:0 33410
33412 42911 1:0 33458
33457 329 1:0 33457
33457 42913 1:0 33457
33459 42909 1:0 33497
33472 629 21:0 33502
33496 321 1:0 33496
33498 37690 1:0 33503
33501 37658 21:0 33502
33501 37669 21:0 33502
33501 47050 21:0 33502
33501 37667 21:0 33502
33501 42910 1:0 33505
33501 333 21:0 33505
33504 321 21:0 33504
33504 323 1:0 33504
33504 755 21:0 33505
33505 37690 21:0 33513
33509 37694 1:0 33514
33512 329 21:0 33513
33512 331 21:0 33513
33512 47186 21:0 33513
33512 42908 1:0 33515
33514 319 1:0 33514
33516 323 21:0 33516
33516 37694 21:0 33522
33518 37697 1:0 33524
33521 46991 21:0 33522
33521 37672 21:0 33522
33521 115 1:0 33524
33521 37724 1:0 33524
33521 42471 1:0 33542
33521 42484 1:0 33542
33521 42495 1:0 33542
33523 42900 1:0 33523
33523 755 1:0 33524
33525 37726 1:0 33542
33526 319 21:0 33526
33526 37697 21:0 33604
33541 37715 1:0 33541
33541 317 1:0 33541
33541 42887 1:0 33541
33541 42891 1:0 33541
33543 42878 1:0 33589
33588 311 1:0 33588
33588 42886 1:0 33588
33590 42876 1:0 33628
33603 37715 21:0 33603
33603 593 21:0 33633
33627 303 1:0 33627
33629 37747 1:0 33634
33632 37724 21:0 33633
33632 311 21:0 33633
33632 46766 21:0 33633
33632 37726 21:0 33633
33632 42877 1:0 33636
33632 313 21:0 33636
33635 42874 1:0 33635
33635 303 21:0 33635
33635 305 1:0 33635
33635 755 21:0 33636
33636 37747 21:0 33644
33640 37751 1:0 33645
33643 315 21:0 33644
33643 653 21:0 33644
33643 47057 21:0 33644
33643 42875 1:0 33646
33645 301 1:0 33645
33647 37751 21:0 33653
33649 37754 1:0 33655
33652 46871 21:0 33653
33652 587 21:0 33653
33652 117 1:0 33655
33652 37781 1:0 33655
33652 42499 1:0 33673
33652 42497 1:0 33673
33652 42490 1:0 33673
33654 755 1:0 33655
33656 37783 1:0 33673
33657 37754 21:0 33735
33672 299 1:0 33672
33672 42862 1:0 33672
33672 42860 1:0 33672
33672 42854 1:0 33672
33674 42845 1:0 33720
33719 293 1:0 33719
33719 42847 1:0 33719
33721 42843 1:0 33759
33734 625 21:0 33764
33758 285 1:0 33758
33760 37804 1:0 33765
33763 37786 21:0 33763
33763 37783 21:0 33764
33763 295 21:0 33764
33763 297 21:0 33764
33763 755 21:0 33764
33763 599 21:0 33764
33763 37781 21:0 33764
33763 42844 1:0 33767
33766 287 1:0 33766
33767 37804 21:0 33775
33771 37808 1:0 33776
33774 47162 21:0 33775
33774 581 21:0 33775
33774 42842 1:0 33777
33776 283 1:0 33776
33778 37808 21:0 33784
33780 37811 1:0 33786
33783 46753 21:0 33784
33783 36703 21:0 33784
33783 99 1:0 33786
33783 37840 1:0 33786
33783 42510 1:0 33804
33783 42491 1:0 33804
33783 42478 1:0 33804
33785 755 1:0 33786
33787 37838 1:0 33804
33788 37811 21:0 33866
33803 281 1:0 33803
33803 42827 1:0 33803
33803 42828 1:0 33803
33803 42821 1:0 33803
33805 42812 1:0 33851
33850 275 1:0 33850
33850 42820 1:0 33850
33852 42810 1:0 33890
33865 539 21:0 33895
33889 267 1:0 33889
33891 37861 1:0 33896
33894 755 21:0 33895
33894 551 21:0 33895
33894 277 21:0 33895
33894 37838 21:0 33895
33894 37840 21:0 33895
33894 279 21:0 33895
33894 42811 1:0 33898
33897 269 1:0 33897
33898 37861 21:0 33906
33902 37865 1:0 33907
33905 36974 21:0 33906
33905 46574 21:0 33906
33905 42809 1:0 33908
33907 265 1:0 33907
33909 37865 21:0 33915
33911 37868 1:0 33917
33914 425 21:0 33915
33914 46992 21:0 33915
33914 97 1:0 33917
33914 37895 1:0 33917
33914 42433 1:0 33935
33914 42466 1:0 33935
33914 42464 1:0 33935
33916 755 1:0 33917
33918 37897 1:0 33935
33919 37868 21:0 33997
33934 263 1:0 33934
33936 42779 1:0 33982
33981 257 1:0 33981
33981 42781 1:0 33981
33983 42777 1:0 34021
33996 535 21:0 34026
34020 249 1:0 34020
34022 37918 1:0 34027
34025 37895 21:0 34026
34025 259 21:0 34026
34025 261 21:0 34026
34025 37897 21:0 34026
34025 479 21:0 34026
34025 755 21:0 34026
34025 42778 1:0 34029
34028 251 1:0 34028
34029 37918 21:0 34037
34033 37922 1:0 34038
34036 46728 21:0 34037
34036 37444 21:0 34037
34036 42776 1:0 34039
34038 247 1:0 34038
34040 37922 21:0 34046
34042 37925 1:0 34048
34045 46464 21:0 34046
34045 371 21:0 34046
34045 81 1:0 34048
34045 37952 1:0 34048
34045 42425 1:0 34066
34045 42451 1:0 34066
34045 42457 1:0 34066
34047 755 1:0 34048
34049 37954 1:0 34066
34050 37925 21:0 34128
34065 37943 1:0 34065
34065 245 1:0 34065
34067 42746 1:0 34113
34112 239 1:0 34112
34114 42744 1:0 34152
34127 555 21:0 34157
34151 231 1:0 34151
34153 37975 1:0 34158
34156 241 21:0 34157
34156 243 21:0 34157
34156 755 21:0 34157
34156 37954 21:0 34157
34156 37952 21:0 34157
34156 37957 21:0 34157
34156 42745 1:0 34160
34159 233 1:0 34159
34160 37975 21:0 34168
34164 37979 1:0 34169
34167 37943 21:0 34168
34167 46621 21:0 34168
34167 42743 1:0 34170
34169 229 1:0 34169
34171 37979 21:0 34177
34173 37982 1:0 34179
34176 46826 21:0 34177
34176 245 21:0 34177
34176 38009 1:0 34179
34176 79 1:0 34179
34176 42418 1:0 34197
34176 42412 1:0 34197
34176 42366 1:0 34197
34178 42735 1:0 34178
34178 755 1:0 34179
34180 38011 1:0 34197
34181 37982 21:0 34259
34196 227 1:0 34196
34198 42713 1:0 34244
34243 221 1:0 34243
34245 42711 1:0 34283
34258 571 21:0 34288
34282 213 1:0 34282
34284 38032 1:0 34289
34287 755 21:0 34288
34287 225 21:0 34288
34287 223 21:0 34288
34287 38009 21:0 34288
34287 38011 21:0 34288
34287 38000 21:0 34288
34287 42712 1:0 34291
34290 215 1:0 34290
34291 38032 21:0 34299
34295 38036 1:0 34300
34298 47004 21:0 34299
34298 533 21:0 34299
34298 42710 1:0 34301
34300 211 1:0 34300
34302 38036 21:0 34308
34304 38039 1:0 34310
34307 46403 21:0 34308
34307 37615 21:0 34308
34307 38068 1:0 34310
34307 207 1:0 34310
34307 42445 1:0 34328
34307 42432 1:0 34328
34307 42444 1:0 34328
34309 755 1:0 34310
34311 38066 1:0 34328
34312 38039 21:0 34390
34327 209 1:0 34327
34327 38057 1:0 34327
34329 42680 1:0 34375
34374 203 1:0 34374
34374 42688 1:0 34374
34376 42678 1:0 34414
34389 38057 21:0 34389
34389 521 21:0 34419
34413 195 1:0 34413
34415 38089 1:0 34420
34418 38066 21:0 34419
34418 46258 21:0 34419
34418 38068 21:0 34419
34418 38071 21:0 34419
34418 207 21:0 34422
34418 42679 1:0 34422
34421 42676 1:0 34421
34421 197 1:0 34421
34421 755 21:0 34422
34422 38089 21:0 34430
34426 38093 1:0 34431
34429 205 21:0 34430
34429 37772 21:0 34430
34429 47089 21:0 34430
34429 42677 1:0 34432
34431 193 1:0 34431
34433 38093 21:0 34439
34435 38096 1:0 34441
34438 299 21:0 34439
34438 46785 21:0 34439
34438 38125 1:0 34441
34438 171 1:0 34441
34438 42431 1:0 34459
34438 42477 1:0 34459
34438 42424 1:0 34459
34440 755 1:0 34441
34442 38123 1:0 34459
34443 38096 21:0 34521
34458 191 1:0 34458
34458 38114 1:0 34458
34458 42656 1:0 34458
34460 42647 1:0 34506
34505 185 1:0 34505
34507 42645 1:0 34545
34520 573 21:0 34550
34544 177 1:0 34544
34546 38146 1:0 34551
34549 38128 21:0 34549
34549 37829 21:0 34550
34549 38123 21:0 34550
34549 38125 21:0 34550
34549 46819 21:0 34550
34549 189 21:0 34553
34549 42646 1:0 34553
34552 179 1:0 34552
34552 755 21:0 34553
34553 38146 21:0 34561
34557 38150 1:0 34562
34560 46865 21:0 34561
34560 187 21:0 34561
34560 37729 21:0 34561
34560 42644 1:0 34563
34562 175 1:0 34562
34564 38150 21:0 34570
34566 38153 1:0 34572
34569 46977 21:0 34570
34569 37430 21:0 34570
34569 38182 1:0 34572
34569 169 1:0 34572
34569 42405 1:0 34590
34569 42458 1:0 34590
34569 42429 1:0 34590
34571 42636 1:0 34571
34571 755 1:0 34572
34573 38180 1:0 34590
34574 38153 21:0 34652
34589 173 1:0 34589
34589 38171 1:0 34589
34589 42629 1:0 34589
34591 42614 1:0 34637
34636 167 1:0 34636
34638 42612 1:0 34676
34651 38171 21:0 34651
34651 537 21:0 34681
34675 159 1:0 34675
34677 38203 1:0 34682
34680 389 21:0 34681
34680 46691 21:0 34681
34680 38182 21:0 34681
34680 38180 21:0 34681
34680 42613 1:0 34684
34680 171 21:0 34684
34683 161 1:0 34683
34683 755 21:0 34684
34684 38203 21:0 34692
34688 38207 1:0 34693
34691 169 21:0 34692
34691 47219 21:0 34692
34691 401 21:0 34692
34691 42611 1:0 34694
34693 157 1:0 34693
34695 38207 21:0 34701
34697 38210 1:0 34703
34700 47090 21:0 34701
34700 37487 21:0 34701
34700 63 1:0 34703
34700 38237 1:0 34703
34700 42391 1:0 34721
34700 42372 1:0 34721
34700 42465 1:0 34721
34702 42609 1:0 34702
34702 755 1:0 34703
34704 38239 1:0 34721
34705 38210 21:0 34783
34720 155 1:0 34720
34720 42597 1:0 34720
34722 42581 1:0 34768
34767 149 1:0 34767
34769 42579 1:0 34807
34782 38228 21:0 34782
34782 553 21:0 34812
34806 141 1:0 34806
34808 38260 1:0 34813
34811 38242 21:0 34811
34811 38237 21:0 34812
34811 38239 21:0 34812
34811 46799 21:0 34812
34811 37843 21:0 34812
34811 151 21:0 34815
34811 42580 1:0 34815
34814 143 1:0 34814
34814 755 21:0 34815
34815 38260 21:0 34823
34819 38264 1:0 34824
34822 281 21:0 34823
34822 47136 21:0 34823
34822 153 21:0 34823
34822 42578 1:0 34825
34824 139 1:0 34824
34826 38264 21:0 34832
34828 38267 1:0 34834
34831 461 21:0 34832
34831 46951 21:0 34832
34831 38294 1:0 34834
34831 61 1:0 34834
34831 42462 1:0 34852
34831 42396 1:0 34852
34831 42352 1:0 34852
34833 755 1:0 34834
34835 38296 1:0 34852
34836 38267 21:0 34914
34851 137 1:0 34851
34853 42548 1:0 34899
34898 38299 1:0 34898
34898 131 1:0 34898
34900 42546 1:0 34938
34913 517 21:0 34943
34937 123 1:0 34937
34939 38317 1:0 34944
34942 38299 21:0 34942
34942 38294 21:0 34943
34942 46944 21:0 34943
34942 38285 21:0 34943
34942 38296 21:0 34943
34942 42547 1:0 34946
34942 135 21:0 34946
34945 125 1:0 34945
34945 755 21:0 34946
34946 38317 21:0 34954
34950 38321 1:0 34955
34953 133 21:0 34954
34953 203 21:0 34954
34953 47155 21:0 34954
34953 42545 1:0 34956
34955 121 1:0 34955
34957 38321 21:0 34963
34959 38324 1:0 34965
34962 38014 21:0 34963
34962 47235 21:0 34963
34962 43 1:0 34965
34962 38351 1:0 34965
34962 42411 1:0 34983
34962 42367 1:0 34983
34962 42438 1:0 34983
34964 755 1:0 34965
34966 38353 1:0 34983
34967 38324 21:0 35045
34982 119 1:0 34982
34984 42515 1:0 35030
35029 113 1:0 35029
35029 38356 1:0 35029
35029 42523 1:0 35029
35031 42513 1:0 35069
35044 519 21:0 35074
35068 105 1:0 35068
35070 38374 1:0 35075
35073 38356 21:0 35073
35073 221 21:0 35074
35073 46898 21:0 35074
35073 38353 21:0 35074
35073 38351 21:0 35074
35073 115 21:0 35077
35073 42514 1:0 35077
35076 107 1:0 35076
35076 755 21:0 35077
35077 38374 21:0 35085
35081 38378 1:0 35086
35084 335 21:0 35085
35084 47190 21:0 35085
35084 117 21:0 35085
35084 42512 1:0 35087
35086 103 1:0 35086
35088 38378 21:0 35094
35090 38381 1:0 35096
35093 46959 21:0 35094
35093 37900 21:0 35094
35093 38408 1:0 35096
35093 45 1:0 35096
35093 42378 1:0 35114
35093 42385 1:0 35114
35093 42399 1:0 35114
35095 755 1:0 35096
35097 38410 1:0 35114
35098 38381 21:0 35176
35113 101 1:0 35113
35113 38399 1:0 35113
35115 42482 1:0 35161
35160 95 1:0 35160
35162 42480 1:0 35200
35175 557 21:0 35205
35199 87 1:0 35199
35201 38431 1:0 35206
35204 38413 21:0 35204
35204 46790 21:0 35205
35204 275 21:0 35205
35204 38408 21:0 35205
35204 38410 21:0 35205
35204 97 21:0 35208
35204 42481 1:0 35208
35207 89 1:0 35207
35207 755 21:0 35208
35208 38431 21:0 35216
35212 38435 1:0 35217
35215 99 21:0 35216
35215 47096 21:0 35216
35215 38114 21:0 35216
35215 42479 1:0 35218
35217 85 1:0 35217
35219 38435 21:0 35225
35221 38438 1:0 35227
35224 185 21:0 35225
35224 47148 21:0 35225
35224 38467 1:0 35227
35224 25 1:0 35227
35224 42346 1:0 35245
35224 42358 1:0 35245
35224 42398 1:0 35245
35226 755 1:0 35227
35228 38465 1:0 35245
35229 38438 21:0 35307
35244 38456 1:0 35244
35244 83 1:0 35244
35246 42449 1:0 35292
35291 77 1:0 35291
35293 42447 1:0 35331
35306 38456 21:0 35306
35306 575 21:0 35336
35330 69 1:0 35330
35332 38488 1:0 35337
35335 38470 21:0 35336
35335 38467 21:0 35336
35335 47221 21:0 35336
35335 38465 21:0 35336
35335 42448 1:0 35339
35335 81 21:0 35339
35338 71 1:0 35338
35338 755 21:0 35339
35339 38488 21:0 35347
35343 38492 1:0 35348
35346 37886 21:0 35347
35346 79 21:0 35347
35346 47124 21:0 35347
35346 42446 1:0 35349
35348 67 1:0 35348
35350 38492 21:0 35356
35352 38495 1:0 35358
35355 38185 21:0 35356
35355 47157 21:0 35356
35355 38522 1:0 35358
35355 27 1:0 35358
35355 42392 1:0 35376
35355 42400 1:0 35376
35355 42359 1:0 35376
35357 755 1:0 35358
35359 38524 1:0 35376
35360 38495 21:0 35438
35375 65 1:0 35375
35375 38513 1:0 35375
35377 42416 1:0 35423
35422 38527 1:0 35422
35422 59 1:0 35422
35424 42414 1:0 35462
35437 38513 21:0 35437
35437 501 21:0 35467
35461 51 1:0 35461
35463 38545 1:0 35468
35466 38527 21:0 35466
35466 191 21:0 35467
35466 38524 21:0 35467
35466 38522 21:0 35467
35466 46773 21:0 35467
35466 42415 1:0 35470
35466 61 21:0 35470
35469 53 1:0 35469
35469 755 21:0 35470
35470 38545 21:0 35478
35474 38549 1:0 35479
35477 47003 21:0 35478
35477 63 21:0 35478
35477 149 21:0 35478
35477 42413 1:0 35480
35479 49 1:0 35479
35481 38549 21:0 35487
35483 38552 1:0 35489
35486 113 21:0 35487
35486 47149 21:0 35487
35486 38579 1:0 35489
35486 38636 1:0 35489
35486 42365 1:0 35507
35486 42363 1:0 35507
35486 42379 1:0 35507
35488 755 1:0 35489
35490 38581 1:0 35507
35491 38552 21:0 35569
35506 47 1:0 35506
35506 38570 1:0 35506
35508 42383 1:0 35554
35553 41 1:0 35553
35553 38584 1:0 35553
35555 42381 1:0 35593
35568 38570 21:0 35568
35568 503 21:0 35598
35592 33 1:0 35592
35594 38602 1:0 35599
35597 38584 21:0 35597
35597 46772 21:0 35598
35597 38581 21:0 35598
35597 38579 21:0 35598
35597 257 21:0 35598
35597 42382 1:0 35601
35597 43 21:0 35601
35600 35 1:0 35600
35600 755 21:0 35601
35601 38602 21:0 35609
35605 38606 1:0 35610
35608 46838 21:0 35609
35608 38342 21:0 35609
35608 45 21:0 35609
35608 42380 1:0 35611
35610 31 1:0 35610
35612 38606 21:0 35618
35614 38609 1:0 35620
35617 47023 21:0 35618
35617 38399 21:0 35618
35617 42350 1:0 35638
35619 755 1:0 35620
35621 38638 1:0 35638
35622 38609 21:0 35700
35637 38627 1:0 35637
35637 29 1:0 35637
35639 42348 1:0 35685
35684 23 1:0 35684
35684 38641 1:0 35684
35686 42349 1:0 35724
35699 38627 21:0 35699
35699 499 21:0 35729
35723 15 1:0 35723
35725 38659 1:0 35730
35728 38641 21:0 35728
35728 38636 21:0 35729
35728 38638 21:0 35729
35728 46983 21:0 35729
35728 365 21:0 35729
35728 27 21:0 35732
35728 38663 1:0 35738
35731 755 21:0 35732
35732 38659 21:0 35740
35737 17 1:0 35737
35739 47 21:0 35740
35739 25 21:0 35740
35739 47054 21:0 35740
35739 42347 1:0 35742
35739 42339 1:0 35744
35739 42334 1:0 35744
35743 13 1:0 35743
35743 38663 21:0 35749
35745 38666 1:0 35751
35748 47208 21:0 35749
35748 47030 21:0 35749
35748 46905 21:0 35749
35748 42345 1:0 35752
35748 42332 1:0 35772
35748 42326 1:0 35772
35753 38666 21:0 35831
35773 42330 1:0 35775
35773 38695 1:0 35775
35773 755 1:0 35775
35774 11 1:0 35774
35776 7 1:0 35778
35776 38693 1:0 35778
35776 42333 1:0 35781
35777 38684 1:0 35777
35779 9 1:0 35809
35811 3 1:0 35826
35827 42325 1:0 35829
35828 5 1:0 35828
35828 38698 1:0 35828
35830 38684 21:0 35830
35830 42319 1:0 35839
35830 38716 1:0 35854
35830 483 21:0 35920
35919 5 21:0 35919
35919 38698 21:0 35919
35919 11 21:0 35919
35919 755 21:0 35920
35919 38693 21:0 35920
35919 49523 21:0 35920
35919 49529 21:0 35920
35919 3 21:0 35920
35922 13 21:0 35922
35922 49551 21:0 35925
35924 49537 21:0 35925
35924 7 21:0 35925
35924 38716 21:0 35925
35927 17 21:0 35927
35927 49553 21:0 35930
35929 49552 21:0 35948
35931 755 1:0 35933
35943 25 1:0 35944
35943 27 1:0 35948
35947 23 21:0 35947
35947 15 21:0 35947
35947 49554 21:0 35996
35995 29 21:0 35995
35995 49536 21:0 35996
35995 49534 21:0 35996
35995 49530 21:0 35996
35995 49549 21:0 35996
35995 25 21:0 35998
35995 47030 1:0 35999
35997 31 21:0 35997
35997 755 21:0 35998
35998 49584 21:0 36001
36000 38695 21:0 36001
36000 9 21:0 36001
36000 27 21:0 36001
36000 49538 21:0 36001
36000 47054 1:0 36004
36000 46983 1:0 36004
36000 47023 1:0 36004
36000 45 1:0 36004
36000 47208 1:0 36004
36000 46905 1:0 36004
36002 755 1:0 36004
36003 35 21:0 36003
36003 49586 21:0 36006
36005 47003 1:0 36018
36005 47149 1:0 36018
36005 43 1:0 36018
36005 46773 1:0 36018
36005 46772 1:0 36018
36005 46838 1:0 36018
36005 49585 21:0 36024
36019 47 1:0 36057
36023 41 21:0 36023
36023 33 21:0 36023
36023 49587 21:0 36072
36060 47157 1:0 36070
36071 47 21:0 36071
36071 49569 21:0 36072
36071 49583 21:0 36072
36071 49543 21:0 36072
36071 49570 21:0 36072
36071 43 21:0 36074
36071 47148 1:0 36075
36071 46790 1:0 36075
36071 47096 1:0 36075
36071 47221 1:0 36075
36071 47124 1:0 36075
36074 49 21:0 36074
36074 49617 21:0 36077
36076 45 21:0 36077
36076 49615 21:0 36077
36076 755 21:0 36077
36076 47190 1:0 36080
36076 63 1:0 36080
36076 47155 1:0 36080
36076 46959 1:0 36080
36076 46898 1:0 36080
36076 47235 1:0 36080
36078 755 1:0 36080
36079 53 21:0 36079
36079 49619 21:0 36082
36081 47090 1:0 36094
36081 46799 1:0 36094
36081 61 1:0 36094
36081 47136 1:0 36094
36081 46944 1:0 36094
36081 46951 1:0 36094
36081 49618 21:0 36100
36095 47219 1:0 36135
36095 46691 1:0 36135
36099 59 21:0 36099
36099 51 21:0 36099
36099 49620 21:0 36148
36136 46977 1:0 36146
36147 65 21:0 36147
36147 49556 21:0 36148
36147 49563 21:0 36148
36147 49595 21:0 36148
36147 49602 21:0 36148
36147 63 21:0 36150
36147 46258 1:0 36151
36147 47089 1:0 36151
36147 46865 1:0 36151
36147 46819 1:0 36151
36147 46785 1:0 36151
36150 67 21:0 36150
36150 49650 21:0 36153
36152 755 21:0 36153
36152 61 21:0 36153
36152 49567 21:0 36153
36152 46464 1:0 36156
36152 46403 1:0 36156
36152 79 1:0 36156
36152 46621 1:0 36156
36152 46826 1:0 36156
36152 47004 1:0 36156
36154 755 1:0 36156
36155 71 21:0 36155
36155 49652 21:0 36158
36157 46728 1:0 36170
36157 47162 1:0 36170
36157 46992 1:0 36170
36157 81 1:0 36170
36157 46574 1:0 36170
36157 46753 1:0 36170
36157 49651 21:0 36176
36171 47057 1:0 36211
36171 46871 1:0 36211
36175 77 21:0 36175
36175 69 21:0 36175
36175 49653 21:0 36224
36212 46766 1:0 36222
36223 83 21:0 36223
36223 49571 21:0 36224
36223 49600 21:0 36224
36223 49589 21:0 36224
36223 49603 21:0 36224
36223 79 21:0 36226
36223 47186 1:0 36227
36223 47050 1:0 36227
36223 47025 1:0 36227
36223 47070 1:0 36227
36223 46991 1:0 36227
36226 85 21:0 36226
36226 49683 21:0 36229
36228 49576 21:0 36229
36228 81 21:0 36229
36228 755 21:0 36229
36228 46727 1:0 36232
36228 46706 1:0 36232
36228 47043 1:0 36232
36228 99 1:0 36232
36228 46958 1:0 36232
36228 46559 1:0 36232
36230 755 1:0 36232
36231 89 21:0 36231
36231 49685 21:0 36234
36233 46266 1:0 36246
36233 47215 1:0 36246
36233 46323 1:0 36246
36233 46825 1:0 36246
36233 97 1:0 36246
36233 47049 1:0 36246
36233 49684 21:0 36252
36247 365 1:0 36282
36251 95 21:0 36251
36251 87 21:0 36251
36251 49686 21:0 36300
36283 38399 1:0 36298
36299 101 21:0 36299
36299 49582 21:0 36300
36299 49550 21:0 36300
36299 49604 21:0 36300
36299 49562 21:0 36300
36299 99 21:0 36302
36299 38342 1:0 36303
36299 257 1:0 36303
36299 46581 1:0 36303
36302 103 21:0 36302
36302 49716 21:0 36305
36304 755 21:0 36305
36304 97 21:0 36305
36304 49596 21:0 36305
36304 149 1:0 36308
36304 113 1:0 36308
36304 46726 1:0 36308
36304 117 1:0 36308
36306 755 1:0 36308
36307 107 21:0 36307
36307 49718 21:0 36310
36309 115 1:0 36322
36309 38185 1:0 36322
36309 191 1:0 36322
36309 46793 1:0 36322
36309 49717 21:0 36328
36323 37886 1:0 36358
36327 113 21:0 36327
36327 105 21:0 36327
36327 49719 21:0 36376
36359 185 1:0 36374
36375 119 21:0 36375
36375 49708 21:0 36376
36375 49616 21:0 36376
36375 49728 21:0 36376
36375 49609 21:0 36376
36375 117 21:0 36378
36375 46878 1:0 36379
36375 38114 1:0 36379
36375 275 1:0 36379
36378 121 21:0 36378
36378 49749 21:0 36381
36380 755 21:0 36381
36380 115 21:0 36381
36380 49736 21:0 36381
36380 37900 1:0 36384
36380 133 1:0 36384
36380 47069 1:0 36384
36380 335 1:0 36384
36382 755 1:0 36384
36383 125 21:0 36383
36383 49751 21:0 36386
36385 135 1:0 36398
36385 46658 1:0 36398
36385 221 1:0 36398
36385 38014 1:0 36398
36385 49750 21:0 36404
36399 203 1:0 36434
36403 131 21:0 36403
36403 123 21:0 36403
36403 49752 21:0 36452
36435 461 1:0 36450
36451 137 21:0 36451
36451 49669 21:0 36452
36451 49648 21:0 36452
36451 49699 21:0 36452
36451 49714 21:0 36452
36451 135 21:0 36454
36451 37843 1:0 36455
36451 281 1:0 36455
36451 47109 1:0 36455
36454 139 21:0 36454
36454 49782 21:0 36457
36456 755 21:0 36457
36456 49681 21:0 36457
36456 133 21:0 36457
36456 47058 1:0 36460
36456 401 1:0 36460
36456 37487 1:0 36460
36456 153 1:0 36460
36458 755 1:0 36460
36459 49781 21:0 36459
36459 143 21:0 36459
36459 49784 21:0 36462
36461 46361 1:0 36474
36461 37430 1:0 36474
36461 389 1:0 36474
36461 151 1:0 36474
36461 49783 21:0 36480
36475 37729 1:0 36510
36479 149 21:0 36479
36479 141 21:0 36479
36479 49785 21:0 36528
36511 37829 1:0 36526
36527 155 21:0 36527
36527 49798 21:0 36527
36527 49802 21:0 36527
36527 49787 21:0 36527
36527 49662 21:0 36528
36527 49629 21:0 36528
36527 49675 21:0 36528
36527 49661 21:0 36528
36527 151 21:0 36530
36527 299 1:0 36531
36527 46925 1:0 36531
36527 38470 1:0 36531
36530 157 21:0 36530
36530 49815 21:0 36533
36532 153 21:0 36533
36532 49670 21:0 36533
36532 755 21:0 36533
36532 169 1:0 36536
36532 47091 1:0 36536
36532 37615 1:0 36536
36532 37772 1:0 36536
36534 755 1:0 36536
36535 161 21:0 36535
36535 49817 21:0 36538
36537 371 1:0 36550
36537 533 1:0 36550
36537 171 1:0 36550
36537 47201 1:0 36550
36537 49816 21:0 36556
36551 245 1:0 36586
36555 167 21:0 36555
36555 159 21:0 36555
36555 49818 21:0 36604
36587 37444 1:0 36602
36603 173 21:0 36603
36603 49820 21:0 36603
36603 49642 21:0 36604
36603 755 21:0 36604
36603 49703 21:0 36604
36603 49688 21:0 36604
36603 49715 21:0 36604
36603 46713 1:0 36607
36603 425 1:0 36607
36603 479 1:0 36607
36606 175 21:0 36606
36606 49848 21:0 36609
36608 169 21:0 36609
36608 171 21:0 36609
36608 49668 21:0 36609
36608 36974 1:0 36612
36608 551 1:0 36612
36608 187 1:0 36612
36608 46694 1:0 36612
36610 755 1:0 36612
36611 179 21:0 36611
36611 49850 21:0 36614
36613 46805 1:0 36626
36613 189 1:0 36626
36613 36703 1:0 36626
36613 581 1:0 36626
36613 49849 21:0 36632
36627 599 1:0 36662
36631 185 21:0 36631
36631 177 21:0 36631
36631 49851 21:0 36680
36663 587 1:0 36678
36679 191 21:0 36679
36679 49853 21:0 36679
36679 49655 21:0 36680
36679 755 21:0 36680
36679 49622 21:0 36680
36679 49666 21:0 36680
36679 49747 21:0 36680
36679 563 1:0 36683
36679 653 1:0 36683
36679 46922 1:0 36683
36682 193 21:0 36682
36682 49881 21:0 36685
36684 49694 21:0 36685
36684 189 21:0 36685
36684 187 21:0 36685
36684 46984 1:0 36688
36684 205 1:0 36688
36684 623 1:0 36688
36684 36575 1:0 36688
36686 755 1:0 36688
36687 197 21:0 36687
36687 49883 21:0 36690
36689 569 1:0 36702
36689 635 1:0 36702
36689 207 1:0 36702
36689 46839 1:0 36702
36689 49882 21:0 36708
36703 36931 1:0 36738
36707 203 21:0 36707
36707 195 21:0 36707
36707 49884 21:0 36756
36739 407 1:0 36754
36755 209 21:0 36755
36755 49633 21:0 36756
36755 49732 21:0 36756
36755 49701 21:0 36756
36755 49635 21:0 36756
36755 205 21:0 36758
36755 37672 1:0 36759
36755 46229 1:0 36759
36755 37330 1:0 36759
36758 211 21:0 36758
36758 49914 21:0 36761
36760 49702 21:0 36761
36760 755 21:0 36761
36760 207 21:0 36761
36760 225 1:0 36764
36760 37373 1:0 36764
36760 329 1:0 36764
36760 46759 1:0 36764
36762 755 1:0 36764
36763 215 21:0 36763
36763 49916 21:0 36766
36765 223 1:0 36778
36765 46970 1:0 36778
36765 46596 1:0 36778
36765 36746 1:0 36778
36765 46680 1:0 36778
36765 49915 21:0 36784
36779 46456 1:0 36819
36779 46964 1:0 36819
36783 221 21:0 36783
36783 213 21:0 36783
36783 49917 21:0 36832
36820 47116 1:0 36830
36831 227 21:0 36831
36831 49636 21:0 36832
36831 49637 21:0 36832
36831 49727 21:0 36832
36831 49682 21:0 36832
36831 223 21:0 36834
36831 47083 1:0 36835
36831 46423 1:0 36835
36831 443 1:0 36835
36831 46812 1:0 36835
36834 229 21:0 36834
36834 49947 21:0 36837
36836 225 21:0 36837
36836 49628 21:0 36837
36836 755 21:0 36837
36836 37544 1:0 36840
36836 47222 1:0 36840
36836 37558 1:0 36840
36836 243 1:0 36840
36838 755 1:0 36840
36839 233 21:0 36839
36839 49949 21:0 36842
36841 46950 1:0 36854
36841 37387 1:0 36854
36841 241 1:0 36854
36841 37501 1:0 36854
36841 49948 21:0 36860
36855 37159 1:0 36890
36859 239 21:0 36859
36859 231 21:0 36859
36859 49950 21:0 36908
36891 473 1:0 36906
36907 245 21:0 36907
36907 49734 21:0 36908
36907 49649 21:0 36908
36907 49695 21:0 36908
36907 49721 21:0 36908
36907 241 21:0 36910
36907 37031 1:0 36911
36907 46889 1:0 36911
36907 37088 1:0 36911
36910 247 21:0 36910
36910 49980 21:0 36913
36912 243 21:0 36913
36912 49735 21:0 36913
36912 755 21:0 36913
36912 46720 1:0 36916
36912 259 1:0 36916
36912 36817 1:0 36916
36912 605 1:0 36916
36914 755 1:0 36916
36915 251 21:0 36915
36915 49982 21:0 36918
36917 437 1:0 36930
36917 261 1:0 36930
36917 36760 1:0 36930
36917 46620 1:0 36930
36917 49981 21:0 36936
36931 37259 1:0 36966
36935 257 21:0 36935
36935 249 21:0 36935
36935 49983 21:0 36984
36967 515 1:0 36982
36983 263 21:0 36983
36983 49912 21:0 36984
36983 49767 21:0 36984
36983 49834 21:0 36984
36983 49930 21:0 36984
36983 259 21:0 36986
36983 46595 1:0 36987
36983 617 1:0 36987
36983 37273 1:0 36987
36986 265 21:0 36986
36986 50013 21:0 36989
36988 261 21:0 36989
36988 755 21:0 36989
36988 49794 21:0 36989
36988 47228 1:0 36992
36988 279 1:0 36992
36988 509 1:0 36992
36988 527 1:0 36992
36990 755 1:0 36992
36991 269 21:0 36991
36991 50015 21:0 36994
36993 37045 1:0 37006
36993 36874 1:0 37006
36993 277 1:0 37006
36993 46693 1:0 37006
36993 50014 21:0 37012
37007 36860 1:0 37042
37011 275 21:0 37011
37011 50024 21:0 37011
37011 267 21:0 37011
37011 50016 21:0 37060
37043 36803 1:0 37058
37059 281 21:0 37059
37059 50044 21:0 37059
37059 49926 21:0 37060
37059 49800 21:0 37060
37059 49847 21:0 37060
37059 49754 21:0 37060
37059 277 21:0 37062
37059 36518 1:0 37063
37059 46427 1:0 37063
37059 46165 1:0 37063
37059 47016 1:0 37063
37062 283 21:0 37062
37062 50046 21:0 37065
37064 49919 21:0 37065
37064 755 21:0 37065
37064 279 21:0 37065
37064 297 1:0 37068
37064 37216 1:0 37068
37064 455 1:0 37068
37064 47115 1:0 37068
37066 755 1:0 37068
37067 287 21:0 37067
37067 50048 21:0 37070
37069 37145 1:0 37082
37069 497 1:0 37082
37069 295 1:0 37082
37069 46594 1:0 37082
37069 50047 21:0 37088
37083 491 1:0 37118
37087 293 21:0 37087
37087 285 21:0 37087
37087 50049 21:0 37136
37119 37102 1:0 37134
37135 299 21:0 37135
37135 50077 21:0 37135
37135 50000 21:0 37136
37135 50011 21:0 37136
37135 49893 21:0 37136
37135 49886 21:0 37136
37135 295 21:0 37138
37135 695 1:0 37139
37135 36475 1:0 37139
37135 46357 1:0 37139
37138 301 21:0 37138
37138 50079 21:0 37141
37140 297 21:0 37141
37140 49999 21:0 37141
37140 755 21:0 37141
37140 46198 1:0 37144
37140 641 1:0 37144
37140 36917 1:0 37144
37140 315 1:0 37144
37142 755 1:0 37144
37143 303 1:0 37143
37143 305 21:0 37143
37143 50081 21:0 37146
37145 311 1:0 37156
37145 46587 1:0 37158
37145 36632 1:0 37158
37145 313 1:0 37158
37145 50080 21:0 37164
37159 36589 1:0 37194
37163 311 21:0 37163
37163 50071 21:0 37163
37163 50090 21:0 37163
37163 303 21:0 37163
37163 50082 21:0 37212
37195 689 1:0 37210
37209 319 1:0 37209
37211 317 21:0 37211
37211 50097 21:0 37211
37211 50098 21:0 37211
37211 49967 21:0 37212
37211 49765 21:0 37212
37211 49959 21:0 37212
37211 49807 21:0 37212
37211 315 21:0 37214
37211 36461 1:0 37215
37211 47182 1:0 37215
37211 36532 1:0 37215
37214 323 1:0 37214
37214 319 21:0 37214
37214 50112 21:0 37217
37216 313 21:0 37217
37216 755 21:0 37217
37216 49780 21:0 37217
37216 713 1:0 37220
37216 331 1:0 37220
37216 47189 1:0 37220
37216 707 1:0 37220
37218 755 1:0 37220
37219 321 1:0 37219
37219 323 21:0 37219
37219 50114 21:0 37222
37221 36988 1:0 37234
37221 47156 1:0 37234
37221 37202 1:0 37234
37221 333 1:0 37234
37221 50113 21:0 37240
37235 545 1:0 37270
37239 329 21:0 37239
37239 50104 21:0 37239
37239 321 21:0 37239
37239 50115 21:0 37288
37271 38071 1:0 37286
37285 337 1:0 37285
37287 335 21:0 37287
37287 50143 21:0 37287
37287 49866 21:0 37288
37287 49879 21:0 37288
37287 49945 21:0 37288
37287 49932 21:0 37288
37287 333 21:0 37290
37287 46185 1:0 37291
37287 347 1:0 37291
37287 36689 1:0 37291
37290 341 1:0 37290
37290 337 21:0 37290
37290 50145 21:0 37293
37292 49998 21:0 37293
37292 331 21:0 37293
37292 755 21:0 37293
37292 47037 1:0 37296
37292 677 1:0 37296
37292 349 1:0 37296
37292 671 1:0 37296
37294 755 1:0 37296
37295 339 1:0 37295
37295 341 21:0 37295
37295 50147 21:0 37298
37297 46695 1:0 37310
37297 38000 1:0 37310
37297 351 1:0 37310
37297 38285 1:0 37310
37297 50146 21:0 37316
37311 353 1:0 37349
37315 347 21:0 37315
37315 50137 21:0 37315
37315 50156 21:0 37315
37315 339 21:0 37315
37315 50148 21:0 37364
37347 659 1:0 37362
37361 355 1:0 37361
37363 353 21:0 37363
37363 50150 21:0 37363
37363 49801 21:0 37364
37363 49840 21:0 37364
37363 49996 21:0 37364
37363 49873 21:0 37364
37363 349 21:0 37366
37363 47214 1:0 37367
37363 36646 1:0 37367
37363 47195 1:0 37367
37363 47202 1:0 37367
37363 367 1:0 37367
37366 359 1:0 37366
37366 355 21:0 37366
37366 50178 21:0 37369
37368 351 21:0 37369
37368 49946 21:0 37369
37368 755 21:0 37369
37368 46872 1:0 37372
37368 47142 1:0 37372
37368 46588 1:0 37372
37368 46172 1:0 37372
37368 47188 1:0 37372
37368 369 1:0 37372
37370 755 1:0 37372
37371 357 1:0 37371
37371 359 21:0 37371
37371 50180 21:0 37374
37373 50179 21:0 37392
37373 483 1:0 37438
37391 365 21:0 37391
37391 357 21:0 37391
37391 50181 21:0 37440
37428 46497 1:0 37438
37437 373 1:0 37437
37437 377 1:0 37437
37439 371 21:0 37439
37439 49897 21:0 37440
37439 49827 21:0 37440
37439 49741 21:0 37440
37439 49860 21:0 37440
37439 367 21:0 37442
37439 499 1:0 37448
37442 373 21:0 37442
37442 50211 21:0 37445
37444 369 21:0 37445
37444 49965 21:0 37445
37444 755 21:0 37445
37444 47129 1:0 37448
37444 387 1:0 37448
37444 46555 1:0 37448
37444 385 1:0 37448
37444 46660 1:0 37448
37446 755 1:0 37448
37447 377 21:0 37447
37447 375 1:0 37447
37447 50213 21:0 37450
37449 50212 21:0 37468
37449 503 1:0 37514
37467 383 21:0 37467
37467 50203 21:0 37467
37467 375 21:0 37467
37467 50214 21:0 37516
37499 37943 1:0 37514
37513 391 1:0 37513
37513 395 1:0 37513
37515 389 21:0 37515
37515 50242 21:0 37515
37515 49900 21:0 37516
37515 49859 21:0 37516
37515 49991 21:0 37516
37515 49833 21:0 37516
37515 387 21:0 37518
37515 501 1:0 37524
37518 391 21:0 37518
37518 50244 21:0 37521
37520 49958 21:0 37521
37520 385 21:0 37521
37520 755 21:0 37521
37520 403 1:0 37524
37520 37957 1:0 37524
37520 405 1:0 37524
37520 46988 1:0 37524
37522 755 1:0 37524
37523 395 21:0 37523
37523 393 1:0 37523
37523 50246 21:0 37526
37525 50245 21:0 37544
37525 575 1:0 37590
37543 401 21:0 37543
37543 393 21:0 37543
37543 50247 21:0 37592
37575 37658 1:0 37590
37589 409 1:0 37589
37589 413 1:0 37589
37591 407 21:0 37591
37591 50275 21:0 37591
37591 50209 21:0 37592
37591 50264 21:0 37592
37591 49774 21:0 37592
37591 50163 21:0 37592
37591 403 21:0 37594
37591 557 1:0 37600
37594 409 21:0 37594
37594 50277 21:0 37597
37596 755 21:0 37597
37596 50161 21:0 37597
37596 405 21:0 37597
37596 423 1:0 37600
37596 419 1:0 37600
37596 421 1:0 37600
37596 46299 1:0 37600
37598 755 1:0 37600
37599 50276 21:0 37599
37599 413 21:0 37599
37599 411 1:0 37599
37599 50279 21:0 37602
37601 50278 21:0 37620
37601 519 1:0 37666
37619 419 21:0 37619
37619 411 21:0 37619
37619 50280 21:0 37668
37656 46845 1:0 37666
37665 427 1:0 37665
37665 431 1:0 37665
37667 425 21:0 37667
37667 50293 21:0 37667
37667 50289 21:0 37667
37667 50130 21:0 37668
37667 50260 21:0 37668
37667 49985 21:0 37668
37667 49748 21:0 37668
37667 421 21:0 37670
37667 517 1:0 37676
37670 427 21:0 37670
37670 50310 21:0 37673
37672 423 21:0 37673
37672 49826 21:0 37673
37672 755 21:0 37673
37672 46937 1:0 37676
37672 46535 1:0 37676
37672 439 1:0 37676
37672 441 1:0 37676
37672 46724 1:0 37676
37674 755 1:0 37676
37675 431 21:0 37675
37675 429 1:0 37675
37675 50312 21:0 37678
37677 50311 21:0 37696
37677 553 1:0 37742
37695 429 21:0 37695
37695 50313 21:0 37744
37732 46442 1:0 37742
37741 445 1:0 37741
37741 449 1:0 37741
37743 50329 21:0 37743
37743 50322 21:0 37743
37743 50328 21:0 37743
37743 50326 21:0 37743
37743 50315 21:0 37743
37743 49992 21:0 37744
37743 50229 21:0 37744
37743 50236 21:0 37744
37743 49966 21:0 37744
37743 439 21:0 37746
37743 537 1:0 37752
37746 445 21:0 37746
37746 50343 21:0 37749
37748 50025 21:0 37749
37748 441 21:0 37749
37748 755 21:0 37749
37748 459 1:0 37752
37748 46488 1:0 37752
37748 46493 1:0 37752
37748 46752 1:0 37752
37748 457 1:0 37752
37750 755 1:0 37752
37751 50342 21:0 37751
37751 449 21:0 37751
37751 447 1:0 37751
37751 50345 21:0 37754
37753 50344 21:0 37772
37753 573 1:0 37818
37771 447 21:0 37771
37771 50346 21:0 37820
37808 46779 1:0 37818
37817 463 1:0 37817
37817 467 1:0 37817
37819 50362 21:0 37819
37819 50230 21:0 37820
37819 49899 21:0 37820
37819 50051 21:0 37820
37819 50177 21:0 37820
37819 459 21:0 37822
37819 521 1:0 37828
37822 463 21:0 37822
37822 50376 21:0 37825
37824 755 21:0 37825
37824 457 21:0 37825
37824 49814 21:0 37825
37824 46733 1:0 37828
37824 477 1:0 37828
37824 46860 1:0 37828
37824 46625 1:0 37828
37824 475 1:0 37828
37826 755 1:0 37828
37827 467 21:0 37827
37827 465 1:0 37827
37827 50378 21:0 37830
37829 50377 21:0 37848
37829 571 1:0 37894
37847 465 21:0 37847
37847 50379 21:0 37896
37884 46262 1:0 37894
37893 481 1:0 37893
37893 485 1:0 37893
37895 50395 21:0 37895
37895 50394 21:0 37895
37895 50032 21:0 37896
37895 50045 21:0 37896
37895 50117 21:0 37896
37895 50018 21:0 37896
37895 475 21:0 37898
37895 555 1:0 37904
37898 481 21:0 37898
37898 50409 21:0 37901
37900 49906 21:0 37901
37900 755 21:0 37901
37900 477 21:0 37901
37900 46231 1:0 37904
37900 46526 1:0 37904
37900 495 1:0 37904
37900 46851 1:0 37904
37900 493 1:0 37904
37902 755 1:0 37904
37903 50408 21:0 37903
37903 485 21:0 37903
37903 50411 21:0 37906
37905 50410 21:0 37924
37905 535 1:0 37970
37923 50420 21:0 37923
37923 483 21:0 37923
37923 50412 21:0 37972
37960 46290 1:0 37970
37971 50427 21:0 37971
37971 50428 21:0 37971
37971 50429 21:0 37971
37971 50157 21:0 37972
37971 49934 21:0 37972
37971 50196 21:0 37972
37971 50131 21:0 37972
37971 495 21:0 37974
37971 539 1:0 37980
37974 499 21:0 37974
37974 50442 21:0 37977
37976 493 21:0 37977
37976 50029 21:0 37977
37976 755 21:0 37977
37976 513 1:0 37980
37976 46761 1:0 37980
37976 511 1:0 37980
37976 46673 1:0 37980
37976 46443 1:0 37980
37978 755 1:0 37980
37979 503 21:0 37979
37979 50444 21:0 37982
37981 50443 21:0 38000
37981 625 1:0 38046
37999 50453 21:0 37999
37999 501 21:0 37999
37999 50445 21:0 38048
38036 46674 1:0 38046
38047 50462 21:0 38047
38047 50447 21:0 38047
38047 50231 21:0 38048
38047 50031 21:0 38048
38047 50078 21:0 38048
38047 50189 21:0 38048
38047 513 21:0 38050
38047 593 1:0 38056
38050 517 21:0 38050
38050 50475 21:0 38053
38052 50095 21:0 38053
38052 755 21:0 38053
38052 511 21:0 38053
38052 46707 1:0 38056
38052 46739 1:0 38056
38052 46398 1:0 38056
38052 531 1:0 38056
38052 529 1:0 38056
38054 755 1:0 38056
38055 521 21:0 38055
38055 50477 21:0 38058
38057 50476 21:0 38076
38057 629 1:0 38122
38075 519 21:0 38075
38075 50478 21:0 38124
38112 46757 1:0 38122
38123 50493 21:0 38123
38123 50494 21:0 38123
38123 49835 21:0 38124
38123 50176 21:0 38124
38123 50249 21:0 38124
38123 50066 21:0 38124
38123 531 21:0 38126
38123 589 1:0 38132
38126 535 21:0 38126
38126 50508 21:0 38129
38128 755 21:0 38129
38128 529 21:0 38129
38128 50170 21:0 38129
38128 549 1:0 38132
38128 46687 1:0 38132
38128 46893 1:0 38132
38128 46827 1:0 38132
38128 547 1:0 38132
38130 755 1:0 38132
38131 539 21:0 38131
38131 50510 21:0 38134
38133 50509 21:0 38152
38133 609 1:0 38198
38151 537 21:0 38151
38151 50511 21:0 38200
38188 46601 1:0 38198
38199 50526 21:0 38199
38199 49979 21:0 38200
38199 49939 21:0 38200
38199 50330 21:0 38200
38199 50396 21:0 38200
38199 549 21:0 38202
38199 611 1:0 38208
38202 553 21:0 38202
38202 50541 21:0 38205
38204 547 21:0 38205
38204 49952 21:0 38205
38204 755 21:0 38205
38204 46700 1:0 38208
38204 46740 1:0 38208
38204 46521 1:0 38208
38204 565 1:0 38208
38204 567 1:0 38208
38206 755 1:0 38208
38207 557 21:0 38207
38207 50543 21:0 38210
38209 50542 21:0 38228
38209 627 1:0 38274
38227 555 21:0 38227
38227 50544 21:0 38276
38264 46892 1:0 38274
38275 50572 21:0 38275
38275 50559 21:0 38275
38275 50553 21:0 38275
38275 50557 21:0 38275
38275 50560 21:0 38275
38275 49925 21:0 38276
38275 49963 21:0 38276
38275 50065 21:0 38276
38275 50038 21:0 38276
38275 565 21:0 38278
38275 591 1:0 38284
38278 571 21:0 38278
38278 50574 21:0 38281
38280 50524 21:0 38281
38280 567 21:0 38281
38280 755 21:0 38281
38280 46667 1:0 38284
38280 585 1:0 38284
38280 46654 1:0 38284
38280 46377 1:0 38284
38280 583 1:0 38284
38282 755 1:0 38284
38283 50573 21:0 38283
38283 575 21:0 38283
38283 50576 21:0 38286
38285 50575 21:0 38304
38285 607 1:0 38350
38303 573 21:0 38303
38303 50577 21:0 38352
38340 46859 1:0 38350
38351 50605 21:0 38351
38351 50594 21:0 38351
38351 50590 21:0 38351
38351 50593 21:0 38351
38351 50414 21:0 38352
38351 50084 21:0 38352
38351 50123 21:0 38352
38351 50500 21:0 38352
38351 583 21:0 38354
38351 665 1:0 38360
38354 589 21:0 38354
38354 50607 21:0 38357
38356 755 21:0 38357
38356 49761 21:0 38357
38356 585 21:0 38357
38356 46662 1:0 38360
38356 601 1:0 38360
38356 46476 1:0 38360
38356 46529 1:0 38360
38356 603 1:0 38360
38358 755 1:0 38360
38359 593 21:0 38359
38359 50609 21:0 38362
38361 50608 21:0 38380
38361 647 1:0 38426
38379 591 21:0 38379
38379 50610 21:0 38428
38416 46530 1:0 38426
38427 50638 21:0 38427
38427 50623 21:0 38427
38427 50612 21:0 38427
38427 50255 21:0 38428
38427 50458 21:0 38428
38427 50461 21:0 38428
38427 50487 21:0 38428
38427 603 21:0 38430
38427 663 1:0 38436
38430 607 21:0 38430
38430 50640 21:0 38433
38432 755 21:0 38433
38432 49933 21:0 38433
38432 619 1:0 38436
38432 621 1:0 38436
38432 46482 1:0 38436
38432 46152 1:0 38436
38432 46528 1:0 38436
38434 755 1:0 38436
38435 611 21:0 38435
38435 50642 21:0 38438
38437 50641 21:0 38456
38437 661 1:0 38502
38455 50632 21:0 38455
38455 609 21:0 38455
38455 50643 21:0 38504
38459 603 1:0 38486
38487 585 1:0 38491
38492 583 1:0 38502
38492 46508 1:0 38502
38492 567 1:0 38502
38503 50652 21:0 38503
38503 50656 21:0 38503
38503 50645 21:0 38503
38503 50288 21:0 38504
38503 50144 21:0 38504
38503 50528 21:0 38504
38503 50309 21:0 38504
38503 643 1:0 38512
38506 625 21:0 38506
38506 50673 21:0 38509
38508 50513 21:0 38509
38508 637 1:0 38512
38508 639 1:0 38512
38508 565 1:0 38512
38508 46304 1:0 38512
38508 46640 1:0 38512
38508 46278 1:0 38512
38511 50672 21:0 38511
38511 629 21:0 38511
38511 50675 21:0 38514
38513 50674 21:0 38532
38513 645 1:0 38578
38531 627 21:0 38531
38531 50676 21:0 38580
38535 547 1:0 38562
38563 549 1:0 38567
38568 531 1:0 38578
38568 46563 1:0 38578
38568 529 1:0 38578
38579 50685 21:0 38579
38579 50693 21:0 38579
38579 50692 21:0 38579
38579 50440 21:0 38580
38579 50222 21:0 38580
38579 50308 21:0 38580
38579 50363 21:0 38580
38579 755 21:0 38580
38579 679 1:0 38588
38582 643 21:0 38582
38582 50706 21:0 38585
38584 50491 21:0 38585
38584 655 1:0 38588
38584 657 1:0 38588
38584 46409 1:0 38588
38584 46330 1:0 38588
38584 46541 1:0 38588
38586 755 1:0 38588
38587 647 21:0 38587
38587 50708 21:0 38590
38589 50707 21:0 38608
38589 683 1:0 38654
38607 645 21:0 38607
38607 50709 21:0 38656
38611 511 1:0 38638
38639 513 1:0 38643
38644 495 1:0 38654
38644 493 1:0 38654
38644 46462 1:0 38654
38655 50190 21:0 38656
38655 755 21:0 38656
38655 50388 21:0 38656
38655 49864 21:0 38656
38655 50374 21:0 38656
38655 681 1:0 38664
38658 661 21:0 38658
38658 50739 21:0 38661
38660 50387 21:0 38661
38660 675 1:0 38664
38660 673 1:0 38664
38660 46522 1:0 38664
38660 46548 1:0 38664
38660 46394 1:0 38664
38662 755 1:0 38664
38663 665 21:0 38663
38663 50741 21:0 38666
38665 50740 21:0 38684
38665 697 1:0 38730
38683 663 21:0 38683
38683 50742 21:0 38732
38687 477 1:0 38714
38715 475 1:0 38719
38720 459 1:0 38730
38720 457 1:0 38730
38720 46661 1:0 38730
38731 755 21:0 38732
38731 50507 21:0 38732
38731 50164 21:0 38732
38731 50454 21:0 38732
38731 50223 21:0 38732
38731 699 1:0 38740
38734 679 21:0 38734
38734 50772 21:0 38737
38736 50198 21:0 38737
38736 693 1:0 38740
38736 46614 1:0 38740
38736 691 1:0 38740
38736 46608 1:0 38740
38736 46455 1:0 38740
38738 755 1:0 38740
38739 683 21:0 38739
38739 50774 21:0 38742
38741 50773 21:0 38760
38741 701 1:0 38806
38759 681 21:0 38759
38759 50775 21:0 38808
38763 441 1:0 38790
38791 423 1:0 38795
38796 46430 1:0 38806
38796 405 1:0 38806
38796 421 1:0 38806
38807 755 21:0 38808
38807 50711 21:0 38808
38807 50401 21:0 38808
38807 50764 21:0 38808
38807 49760 21:0 38808
38807 715 1:0 38816
38810 697 21:0 38810
38810 50805 21:0 38813
38812 50586 21:0 38813
38812 46627 1:0 38816
38812 46653 1:0 38816
38812 46436 1:0 38816
38812 709 1:0 38816
38812 711 1:0 38816
38814 755 1:0 38816
38815 701 21:0 38815
38815 50807 21:0 38818
38817 50806 21:0 38836
38817 719 1:0 38882
38835 699 21:0 38835
38835 50808 21:0 38884
38839 403 1:0 38866
38867 385 1:0 38871
38872 46542 1:0 38882
38872 387 1:0 38882
38872 369 1:0 38882
38883 50671 21:0 38884
38883 50724 21:0 38884
38883 50480 21:0 38884
38883 50263 21:0 38884
38883 755 21:0 38884
38883 717 1:0 38890
38886 50838 21:0 38889
38888 50566 21:0 38889
38888 47237 1:0 38892
38891 50840 21:0 38894
38893 367 1:0 38898
38893 47239 1:0 38898
38893 351 1:0 38898
38893 349 1:0 38898
38893 46561 1:0 38898
38893 50839 21:0 38900
38897 740 1:0 38897
38899 50841 21:0 38903
38899 36436 1:0 38904
38902 50520 21:0 38903
38902 50825 21:0 38903
38902 50506 21:0 38903
38902 50359 21:0 38903
38902 50282 21:0 38903
38902 47238 1:0 38906
38906 36436 21:0 38914
38910 36440 1:0 38915
38913 50552 21:0 38914
38913 50486 21:0 38914
38913 50585 21:0 38914
38913 47236 1:0 38916
38917 36440 21:0 38923
38919 36443 1:0 38925
38922 50726 21:0 38923
38922 50626 21:0 38923
38922 50579 21:0 38923
38922 439 1:0 38925
38922 36470 1:0 38925
38922 46469 1:0 38943
38922 46291 1:0 38943
38922 46562 1:0 38943
38924 47234 1:0 38924
38924 755 1:0 38925
38926 36472 1:0 38943
38927 36443 21:0 39005
38942 47223 1:0 38942
38944 47206 1:0 38990
38991 47204 1:0 39029
39004 740 21:0 39004
39004 717 21:0 39034
39028 699 1:0 39028
39030 36493 1:0 39035
39033 50407 21:0 39034
39033 36475 21:0 39034
39033 711 21:0 39034
39033 36470 21:0 39034
39033 36472 21:0 39037
39033 47205 1:0 39037
39036 701 1:0 39036
39036 755 21:0 39037
39037 36493 21:0 39045
39041 36497 1:0 39046
39044 36461 21:0 39045
39044 50194 21:0 39045
39044 709 21:0 39045
39044 47203 1:0 39047
39046 697 1:0 39046
39048 36497 21:0 39054
39050 36500 1:0 39056
39053 707 21:0 39054
39053 50099 21:0 39054
39053 331 1:0 39056
39053 36527 1:0 39056
39053 46429 1:0 39074
39053 46575 1:0 39074
39053 46192 1:0 39074
39055 755 1:0 39056
39057 36529 1:0 39074
39058 36500 21:0 39136
39075 47173 1:0 39121
39120 47175 1:0 39120
39120 47181 1:0 39120
39122 47171 1:0 39160
39135 719 21:0 39165
39159 681 1:0 39159
39161 36550 1:0 39166
39164 49867 21:0 39165
39164 36527 21:0 39165
39164 36529 21:0 39165
39164 713 21:0 39165
39164 47172 1:0 39168
39164 693 21:0 39168
39167 47169 1:0 39167
39167 683 1:0 39167
39167 755 21:0 39168
39168 36550 21:0 39176
39172 36554 1:0 39177
39175 50658 21:0 39176
39175 50256 21:0 39176
39175 50821 21:0 39176
39175 691 21:0 39176
39175 47170 1:0 39178
39177 679 1:0 39177
39179 36554 21:0 39185
39181 36557 1:0 39187
39184 50717 21:0 39185
39184 50592 21:0 39185
39184 50354 21:0 39185
39184 36586 1:0 39187
39184 333 1:0 39187
39184 46199 1:0 39205
39184 46568 1:0 39205
39184 46343 1:0 39205
39186 47168 1:0 39186
39186 755 1:0 39187
39188 36584 1:0 39205
39189 36557 21:0 39267
39204 47153 1:0 39204
39206 47140 1:0 39252
39253 47138 1:0 39291
39266 715 21:0 39296
39290 663 1:0 39290
39292 36607 1:0 39297
39295 50434 21:0 39296
39295 677 21:0 39296
39295 36584 21:0 39296
39295 36586 21:0 39296
39295 47139 1:0 39299
39295 675 21:0 39299
39298 665 1:0 39298
39298 755 21:0 39299
39299 36607 21:0 39307
39303 36611 1:0 39308
39306 50606 21:0 39307
39306 50837 21:0 39307
39306 673 21:0 39307
39306 50058 21:0 39307
39306 47137 1:0 39309
39308 661 1:0 39308
39310 36611 21:0 39316
39312 36614 1:0 39318
39315 50691 21:0 39316
39315 49769 21:0 39316
39315 50243 21:0 39316
39315 313 1:0 39318
39315 36643 1:0 39318
39315 46629 1:0 39336
39315 46495 1:0 39336
39315 46297 1:0 39336
39317 47135 1:0 39317
39317 755 1:0 39318
39319 36641 1:0 39336
39320 36614 21:0 39398
39335 47122 1:0 39335
39335 47120 1:0 39335
39335 47123 1:0 39335
39337 47107 1:0 39383
39384 47105 1:0 39422
39397 701 21:0 39427
39421 645 1:0 39421
39423 36664 1:0 39428
39426 36641 21:0 39427
39426 50684 21:0 39427
39426 36632 21:0 39427
39426 36643 21:0 39427
39426 657 21:0 39430
39426 47106 1:0 39430
39429 647 1:0 39429
39429 47103 1:0 39429
39429 755 21:0 39430
39430 36664 21:0 39438
39434 36668 1:0 39439
39437 653 21:0 39438
39437 50627 21:0 39438
39437 655 21:0 39438
39437 47104 1:0 39440
39439 643 1:0 39439
39441 36668 21:0 39447
39443 36671 1:0 39449
39446 659 21:0 39447
39446 50788 21:0 39447
39446 36698 1:0 39449
39446 315 1:0 39449
39446 46139 1:0 39467
39446 46496 1:0 39467
39446 46179 1:0 39467
39448 47102 1:0 39448
39448 755 1:0 39449
39450 36700 1:0 39467
39451 36671 21:0 39529
39466 47087 1:0 39466
39468 47074 1:0 39514
39513 47076 1:0 39513
39513 47082 1:0 39513
39515 47072 1:0 39553
39528 699 21:0 39558
39552 627 1:0 39552
39554 36721 1:0 39559
39557 49972 21:0 39558
39557 36700 21:0 39558
39557 635 21:0 39558
39557 36698 21:0 39558
39557 47073 1:0 39561
39557 639 21:0 39561
39560 629 1:0 39560
39560 755 21:0 39561
39561 36721 21:0 39569
39565 36725 1:0 39570
39568 36703 21:0 39569
39568 637 21:0 39569
39568 50392 21:0 39569
39568 47071 1:0 39571
39570 625 1:0 39570
39572 36725 21:0 39578
39574 36728 1:0 39580
39577 36689 21:0 39578
39577 50546 21:0 39578
39577 297 1:0 39580
39577 36755 1:0 39580
39577 46363 1:0 39598
39577 46397 1:0 39598
39577 46265 1:0 39598
39579 47063 1:0 39579
39579 755 1:0 39580
39581 36757 1:0 39598
39582 36728 21:0 39660
39597 47056 1:0 39597
39599 47041 1:0 39645
39646 47039 1:0 39684
39659 697 21:0 39689
39683 609 1:0 39683
39685 36778 1:0 39690
39688 36760 21:0 39689
39688 36757 21:0 39689
39688 50816 21:0 39689
39688 36755 21:0 39689
39688 47040 1:0 39692
39688 621 21:0 39692
39691 611 1:0 39691
39691 755 21:0 39692
39692 36778 21:0 39700
39696 36782 1:0 39701
39699 619 21:0 39700
39699 50791 21:0 39700
39699 36746 21:0 39700
39699 47038 1:0 39702
39701 607 1:0 39701
39703 36782 21:0 39709
39705 36785 1:0 39711
39708 50599 21:0 39709
39708 617 21:0 39709
39708 36814 1:0 39711
39708 279 1:0 39711
39708 46284 1:0 39729
39708 46158 1:0 39729
39708 46331 1:0 39729
39710 47036 1:0 39710
39710 755 1:0 39711
39712 36812 1:0 39729
39713 36785 21:0 39791
39728 47017 1:0 39728
39728 47021 1:0 39728
39728 47024 1:0 39728
39730 47008 1:0 39776
39775 47010 1:0 39775
39777 47006 1:0 39815
39790 681 21:0 39820
39814 591 1:0 39814
39816 36835 1:0 39821
39819 36812 21:0 39820
39819 623 21:0 39820
39819 603 21:0 39820
39819 50527 21:0 39820
39819 47007 1:0 39823
39819 36814 21:0 39823
39822 593 1:0 39822
39822 755 21:0 39823
39823 36835 21:0 39831
39827 36839 1:0 39832
39830 641 21:0 39831
39830 601 21:0 39831
39830 50197 21:0 39831
39830 47005 1:0 39833
39832 589 1:0 39832
39834 36839 21:0 39840
39836 36842 1:0 39842
39839 36589 21:0 39840
39839 50751 21:0 39840
39839 277 1:0 39842
39839 36869 1:0 39842
39839 46390 1:0 39860
39839 46200 1:0 39860
39839 46337 1:0 39860
39841 46997 1:0 39841
39841 755 1:0 39842
39843 36871 1:0 39860
39844 36842 21:0 39922
39859 46990 1:0 39859
39861 46975 1:0 39907
39908 46973 1:0 39946
39921 683 21:0 39951
39945 573 1:0 39945
39947 36892 1:0 39952
39950 581 21:0 39951
39950 36869 21:0 39951
39950 50425 21:0 39951
39950 36871 21:0 39951
39950 583 21:0 39954
39950 46974 1:0 39954
39953 46971 1:0 39953
39953 575 1:0 39953
39953 755 21:0 39954
39954 36892 21:0 39962
39958 36896 1:0 39963
39961 585 21:0 39962
39961 50467 21:0 39962
39961 36518 21:0 39962
39961 46972 1:0 39964
39963 571 1:0 39963
39965 36896 21:0 39971
39967 36899 1:0 39973
39970 50441 21:0 39971
39970 689 21:0 39971
39970 261 1:0 39973
39970 36928 1:0 39973
39970 46191 1:0 39991
39970 46233 1:0 39991
39970 46218 1:0 39991
39972 755 1:0 39973
39974 36926 1:0 39991
39975 36899 21:0 40053
39990 46955 1:0 39990
39990 46957 1:0 39990
39992 46942 1:0 40038
40039 46940 1:0 40077
40052 679 21:0 40082
40076 555 1:0 40076
40078 36949 1:0 40083
40081 565 21:0 40082
40081 36928 21:0 40082
40081 563 21:0 40082
40081 50722 21:0 40082
40081 46941 1:0 40085
40081 36926 21:0 40085
40084 46938 1:0 40084
40084 557 1:0 40084
40084 755 21:0 40085
40085 36949 21:0 40093
40089 36953 1:0 40094
40092 36803 21:0 40093
40092 567 21:0 40093
40092 50618 21:0 40093
40092 46939 1:0 40095
40094 553 1:0 40094
40096 36953 21:0 40102
40098 36956 1:0 40104
40101 50064 21:0 40102
40101 599 21:0 40102
40101 259 1:0 40104
40101 36985 1:0 40104
40101 46350 1:0 40122
40101 46167 1:0 40122
40101 46271 1:0 40122
40103 46931 1:0 40103
40103 755 1:0 40104
40105 36983 1:0 40122
40106 36956 21:0 40184
40121 46926 1:0 40121
40121 46924 1:0 40121
40121 46918 1:0 40121
40123 46909 1:0 40169
40168 46911 1:0 40168
40168 46917 1:0 40168
40170 46907 1:0 40208
40183 665 21:0 40213
40207 537 1:0 40207
40209 37006 1:0 40214
40212 50210 21:0 40213
40212 36985 21:0 40213
40212 551 21:0 40213
40212 36983 21:0 40213
40212 46908 1:0 40216
40212 547 21:0 40216
40215 539 1:0 40215
40215 755 21:0 40216
40216 37006 21:0 40224
40220 37010 1:0 40225
40223 50539 21:0 40224
40223 549 21:0 40224
40223 36917 21:0 40224
40223 46906 1:0 40226
40225 535 1:0 40225
40227 37010 21:0 40233
40229 37013 1:0 40235
40232 50321 21:0 40233
40232 36874 21:0 40233
40232 37042 1:0 40235
40232 243 1:0 40235
40232 46324 1:0 40253
40232 46257 1:0 40253
40232 46245 1:0 40253
40234 46904 1:0 40234
40234 755 1:0 40235
40236 37040 1:0 40253
40237 37013 21:0 40315
40252 46885 1:0 40252
40252 46891 1:0 40252
40254 46876 1:0 40300
40299 46884 1:0 40299
40301 46874 1:0 40339
40314 663 21:0 40344
40338 519 1:0 40338
40340 37063 1:0 40345
40343 49831 21:0 40344
40343 37042 21:0 40344
40343 37031 21:0 40344
40343 37040 21:0 40344
40343 531 21:0 40347
40343 46875 1:0 40347
40346 521 1:0 40346
40346 755 21:0 40347
40347 37063 21:0 40355
40351 37067 1:0 40356
40354 50659 21:0 40355
40354 529 21:0 40355
40354 533 21:0 40355
40354 46873 1:0 40357
40356 517 1:0 40356
40358 37067 21:0 40364
40360 37070 1:0 40366
40363 50783 21:0 40364
40363 37045 21:0 40364
40363 37099 1:0 40366
40363 241 1:0 40366
40363 46370 1:0 40384
40363 46356 1:0 40384
40363 46344 1:0 40384
40365 755 1:0 40366
40367 37097 1:0 40384
40368 37070 21:0 40446
40383 46852 1:0 40383
40383 46856 1:0 40383
40383 46858 1:0 40383
40385 46843 1:0 40431
40432 46841 1:0 40470
40445 643 21:0 40475
40469 501 1:0 40469
40471 37120 1:0 40476
40474 509 21:0 40475
40474 50830 21:0 40475
40474 37097 21:0 40475
40474 37099 21:0 40475
40474 46842 1:0 40478
40474 511 21:0 40478
40477 503 1:0 40477
40477 755 21:0 40478
40478 37120 21:0 40486
40482 37124 1:0 40487
40485 50227 21:0 40486
40485 513 21:0 40486
40485 37088 21:0 40486
40485 46840 1:0 40488
40487 499 1:0 40487
40489 37124 21:0 40495
40491 37127 1:0 40497
40494 527 21:0 40495
40494 50738 21:0 40495
40494 225 1:0 40497
40494 37156 1:0 40497
40494 46383 1:0 40515
40494 46212 1:0 40515
40494 46224 1:0 40515
40496 46832 1:0 40496
40496 755 1:0 40497
40498 37154 1:0 40515
40499 37127 21:0 40577
40514 46823 1:0 40514
40516 46810 1:0 40562
40561 46818 1:0 40561
40563 46808 1:0 40601
40576 647 21:0 40606
40600 483 1:0 40600
40602 37177 1:0 40607
40605 37156 21:0 40606
40605 491 21:0 40606
40605 37154 21:0 40606
40605 50057 21:0 40606
40605 46809 1:0 40609
40605 493 21:0 40609
40608 46806 1:0 40608
40608 485 1:0 40608
40608 755 21:0 40609
40609 37177 21:0 40617
40613 37181 1:0 40618
40616 495 21:0 40617
40616 37159 21:0 40617
40616 49846 21:0 40617
40616 46807 1:0 40619
40618 481 1:0 40618
40620 485 21:0 40620
40620 37181 21:0 40626
40622 37184 1:0 40628
40625 50262 21:0 40626
40625 37145 21:0 40626
40625 223 1:0 40628
40625 37213 1:0 40628
40625 46205 1:0 40646
40625 46277 1:0 40646
40625 46166 1:0 40646
40627 755 1:0 40628
40629 37211 1:0 40646
40630 481 21:0 40630
40630 37184 21:0 40708
40645 46786 1:0 40645
40645 46792 1:0 40645
40645 46794 1:0 40645
40647 46777 1:0 40693
40694 46775 1:0 40732
40707 645 21:0 40737
40731 465 1:0 40731
40733 37234 1:0 40738
40736 50759 21:0 40737
40736 37216 21:0 40737
40736 37211 21:0 40737
40736 37213 21:0 40737
40736 477 21:0 40740
40736 46776 1:0 40740
40739 467 1:0 40739
40739 465 21:0 40739
40739 755 21:0 40740
40740 37234 21:0 40748
40744 37238 1:0 40749
40747 50824 21:0 40748
40747 473 21:0 40748
40747 475 21:0 40748
40747 46774 1:0 40750
40749 463 1:0 40749
40751 467 21:0 40751
40751 37238 21:0 40757
40753 37241 1:0 40759
40756 37102 21:0 40757
40756 50758 21:0 40757
40756 207 1:0 40759
40756 37268 1:0 40759
40756 46264 1:0 40777
40756 46332 1:0 40777
40756 46251 1:0 40777
40758 755 1:0 40759
40760 37270 1:0 40777
40761 463 21:0 40761
40761 37241 21:0 40839
40776 46760 1:0 40776
40778 46744 1:0 40824
40823 46746 1:0 40823
40825 46742 1:0 40863
40838 661 21:0 40868
40862 447 1:0 40862
40864 37291 1:0 40869
40867 37268 21:0 40868
40867 461 21:0 40868
40867 459 21:0 40868
40867 457 21:0 40868
40867 37270 21:0 40868
40867 755 21:0 40868
40867 46743 1:0 40871
40870 449 1:0 40870
40871 447 21:0 40871
40871 37291 21:0 40879
40875 37295 1:0 40880
40878 50473 21:0 40879
40878 37259 21:0 40879
40878 46741 1:0 40881
40880 445 1:0 40880
40882 449 21:0 40882
40882 37295 21:0 40888
40884 37298 1:0 40890
40887 455 21:0 40888
40887 49892 21:0 40888
40887 37327 1:0 40890
40887 205 1:0 40890
40887 46211 1:0 40908
40887 46232 1:0 40908
40887 46376 1:0 40908
40889 755 1:0 40890
40891 37325 1:0 40908
40892 445 21:0 40892
40892 37298 21:0 40970
40907 37316 1:0 40907
40909 46711 1:0 40955
40954 46719 1:0 40954
40956 46709 1:0 40994
40969 627 21:0 40999
40993 429 1:0 40993
40995 37348 1:0 41000
40998 439 21:0 40999
40998 37327 21:0 40999
40998 441 21:0 40999
40998 37202 21:0 40999
40998 755 21:0 40999
40998 37325 21:0 40999
40998 46710 1:0 41002
41001 431 1:0 41001
41002 429 21:0 41002
41002 37348 21:0 41010
41006 37352 1:0 41011
41009 50495 21:0 41010
41009 36860 21:0 41010
41009 46708 1:0 41012
41011 427 1:0 41011
41013 431 21:0 41013
41013 37352 21:0 41019
41015 37355 1:0 41021
41018 36575 21:0 41019
41018 50792 21:0 41019
41018 37384 1:0 41021
41018 187 1:0 41021
41018 46364 1:0 41039
41018 46159 1:0 41039
41018 46244 1:0 41039
41020 755 1:0 41021
41022 37382 1:0 41039
41023 427 21:0 41023
41023 37355 21:0 41101
41038 425 1:0 41038
41040 46678 1:0 41086
41085 419 1:0 41085
41085 46686 1:0 41085
41087 46676 1:0 41125
41100 611 21:0 41130
41124 411 1:0 41124
41126 37405 1:0 41131
41129 37384 21:0 41130
41129 37382 21:0 41130
41129 421 21:0 41130
41129 423 21:0 41130
41129 755 21:0 41130
41129 419 21:0 41130
41129 46677 1:0 41133
41132 413 1:0 41132
41133 411 21:0 41133
41133 37405 21:0 41141
41137 37409 1:0 41142
41140 50348 21:0 41141
41140 37373 21:0 41141
41140 46675 1:0 41143
41142 409 1:0 41142
41144 413 21:0 41144
41144 37409 21:0 41150
41146 37412 1:0 41152
41149 50296 21:0 41150
41149 37387 21:0 41150
41149 37441 1:0 41152
41149 171 1:0 41152
41149 46178 1:0 41170
41149 46317 1:0 41170
41149 46365 1:0 41170
41151 755 1:0 41152
41153 37439 1:0 41170
41154 409 21:0 41154
41154 37412 21:0 41232
41169 407 1:0 41169
41171 46645 1:0 41217
41216 401 1:0 41216
41216 46647 1:0 41216
41218 46643 1:0 41256
41231 609 21:0 41261
41255 393 1:0 41255
41257 37462 1:0 41262
41260 37444 21:0 41260
41260 37441 21:0 41261
41260 37439 21:0 41261
41260 755 21:0 41261
41260 405 21:0 41261
41260 401 21:0 41261
41260 403 21:0 41261
41260 46644 1:0 41264
41263 46641 1:0 41263
41263 395 1:0 41263
41264 393 21:0 41264
41264 37462 21:0 41272
41268 37466 1:0 41273
41271 407 21:0 41272
41271 50110 21:0 41272
41271 46642 1:0 41274
41273 391 1:0 41273
41275 395 21:0 41275
41275 37466 21:0 41281
41277 37469 1:0 41283
41280 50302 21:0 41281
41280 695 21:0 41281
41280 37498 1:0 41283
41280 169 1:0 41283
41280 46163 1:0 41301
41280 46026 1:0 41301
41280 46040 1:0 41301
41282 46634 1:0 41282
41282 755 1:0 41283
41284 37496 1:0 41301
41285 391 21:0 41285
41285 37469 21:0 41363
41300 389 1:0 41300
41300 46628 1:0 41300
41302 46612 1:0 41348
41347 383 1:0 41347
41349 46610 1:0 41387
41362 625 21:0 41392
41386 375 1:0 41386
41388 37519 1:0 41393
41391 755 21:0 41392
41391 37498 21:0 41392
41391 37496 21:0 41392
41391 387 21:0 41392
41391 385 21:0 41392
41391 389 21:0 41392
41391 46611 1:0 41395
41394 377 1:0 41394
41395 375 21:0 41395
41395 37519 21:0 41403
41399 37523 1:0 41404
41402 50216 21:0 41403
41402 383 21:0 41403
41402 46609 1:0 41405
41404 373 1:0 41404
41406 377 21:0 41406
41406 37523 21:0 41412
41408 37526 1:0 41414
41411 50718 21:0 41412
41411 437 21:0 41412
41411 153 1:0 41414
41411 37555 1:0 41414
41411 46027 1:0 41432
41411 46106 1:0 41432
41411 46130 1:0 41432
41413 46607 1:0 41413
41413 755 1:0 41414
41415 37553 1:0 41432
41416 373 21:0 41416
41416 37526 21:0 41494
41431 371 1:0 41431
41431 46592 1:0 41431
41433 46579 1:0 41479
41478 365 1:0 41478
41480 46577 1:0 41518
41493 629 21:0 41523
41517 357 1:0 41517
41519 37576 1:0 41524
41522 367 21:0 41523
41522 37553 21:0 41523
41522 37555 21:0 41523
41522 755 21:0 41523
41522 369 21:0 41523
41522 37316 21:0 41523
41522 46578 1:0 41526
41525 359 1:0 41525
41526 357 21:0 41526
41526 37576 21:0 41534
41530 37580 1:0 41535
41533 36931 21:0 41534
41533 50368 21:0 41534
41533 46576 1:0 41536
41535 355 1:0 41535
41537 359 21:0 41537
41537 37580 21:0 41543
41539 37583 1:0 41545
41542 50375 21:0 41543
41542 443 21:0 41543
41542 151 1:0 41545
41542 37612 1:0 41545
41542 46064 1:0 41563
41542 46047 1:0 41563
41542 46067 1:0 41563
41544 755 1:0 41545
41546 37610 1:0 41563
41547 355 21:0 41547
41547 37583 21:0 41625
41562 353 1:0 41562
41562 37601 1:0 41562
41564 46546 1:0 41610
41609 347 1:0 41609
41609 46554 1:0 41609
41611 46544 1:0 41649
41624 591 21:0 41654
41648 339 1:0 41648
41650 37633 1:0 41655
41653 37615 21:0 41654
41653 37612 21:0 41654
41653 49868 21:0 41654
41653 37610 21:0 41654
41653 349 21:0 41657
41653 46545 1:0 41657
41656 339 21:0 41656
41656 341 1:0 41656
41656 755 21:0 41657
41657 37633 21:0 41665
41661 37637 1:0 41666
41664 50421 21:0 41665
41664 351 21:0 41665
41664 37601 21:0 41665
41664 46543 1:0 41667
41666 337 1:0 41666
41668 341 21:0 41668
41668 37637 21:0 41674
41670 37640 1:0 41676
41673 50460 21:0 41674
41673 36646 21:0 41674
41673 133 1:0 41676
41673 37667 1:0 41676
41673 46080 1:0 41694
41673 46068 1:0 41694
41673 46014 1:0 41694
41675 755 1:0 41676
41677 37669 1:0 41694
41678 337 21:0 41678
41678 37640 21:0 41756
41693 335 1:0 41693
41695 46513 1:0 41741
41740 329 1:0 41740
41740 46515 1:0 41740
41742 46511 1:0 41780
41755 593 21:0 41785
41779 321 1:0 41779
41781 37690 1:0 41786
41784 37672 21:0 41784
41784 50784 21:0 41785
41784 329 21:0 41785
41784 37667 21:0 41785
41784 37669 21:0 41785
41784 46512 1:0 41788
41784 331 21:0 41788
41787 46509 1:0 41787
41787 321 21:0 41787
41787 323 1:0 41787
41787 755 21:0 41788
41788 37690 21:0 41796
41792 37694 1:0 41797
41795 36974 21:0 41796
41795 333 21:0 41796
41795 50770 21:0 41796
41795 46510 1:0 41798
41797 319 1:0 41797
41799 323 21:0 41799
41799 37694 21:0 41805
41801 37697 1:0 41807
41804 50519 21:0 41805
41804 37430 21:0 41805
41804 115 1:0 41807
41804 37724 1:0 41807
41804 46031 1:0 41825
41804 46132 1:0 41825
41804 46119 1:0 41825
41806 46502 1:0 41806
41806 755 1:0 41807
41808 37726 1:0 41825
41809 319 21:0 41809
41809 37697 21:0 41887
41824 37715 1:0 41824
41824 317 1:0 41824
41824 46489 1:0 41824
41826 46480 1:0 41872
41871 311 1:0 41871
41873 46478 1:0 41911
41886 607 21:0 41916
41910 303 1:0 41910
41912 37747 1:0 41917
41915 37729 21:0 41915
41915 37726 21:0 41916
41915 50012 21:0 41916
41915 37724 21:0 41916
41915 311 21:0 41916
41915 46479 1:0 41919
41915 315 21:0 41919
41918 303 21:0 41918
41918 305 1:0 41918
41918 755 21:0 41919
41919 37747 21:0 41927
41923 37751 1:0 41928
41926 37544 21:0 41927
41926 50689 21:0 41927
41926 313 21:0 41927
41926 46477 1:0 41929
41928 301 1:0 41928
41930 37751 21:0 41936
41932 37754 1:0 41938
41935 50033 21:0 41936
41935 587 21:0 41936
41935 295 1:0 41938
41935 37783 1:0 41938
41935 46035 1:0 41956
41935 46053 1:0 41956
41935 46066 1:0 41956
41937 46475 1:0 41937
41937 755 1:0 41938
41939 37781 1:0 41956
41940 37754 21:0 42018
41955 299 1:0 41955
41955 46463 1:0 41955
41955 46460 1:0 41955
41957 46447 1:0 42003
42002 293 1:0 42002
42002 37786 1:0 42002
42002 46449 1:0 42002
42004 46445 1:0 42042
42017 37772 21:0 42017
42017 589 21:0 42047
42041 285 1:0 42041
42043 37804 1:0 42048
42046 37786 21:0 42046
42046 37783 21:0 42047
42046 299 21:0 42047
42046 37781 21:0 42047
42046 49901 21:0 42047
42046 297 21:0 42050
42046 46446 1:0 42050
42049 287 1:0 42049
42049 755 21:0 42050
42050 37804 21:0 42058
42054 37808 1:0 42059
42057 50091 21:0 42058
42057 479 21:0 42058
42057 295 21:0 42058
42057 46444 1:0 42060
42059 283 1:0 42059
42061 37808 21:0 42067
42063 37811 1:0 42069
42066 50619 21:0 42067
42066 545 21:0 42067
42066 97 1:0 42069
42066 37840 1:0 42069
42066 46126 1:0 42087
42066 46079 1:0 42087
42066 46134 1:0 42087
42068 755 1:0 42069
42070 37838 1:0 42087
42071 37811 21:0 42149
42086 281 1:0 42086
42086 46431 1:0 42086
42088 46414 1:0 42134
42133 275 1:0 42133
42133 46416 1:0 42133
42133 46422 1:0 42133
42135 46412 1:0 42173
42148 553 21:0 42178
42172 267 1:0 42172
42174 37861 1:0 42179
42177 281 21:0 42178
42177 50698 21:0 42178
42177 37840 21:0 42178
42177 37838 21:0 42178
42177 277 21:0 42181
42177 46413 1:0 42181
42180 46410 1:0 42180
42180 269 1:0 42180
42180 755 21:0 42181
42181 37861 21:0 42189
42185 37865 1:0 42190
42188 37829 21:0 42189
42188 50750 21:0 42189
42188 279 21:0 42189
42188 46411 1:0 42191
42190 265 1:0 42190
42192 37865 21:0 42198
42194 37868 1:0 42200
42197 275 21:0 42198
42197 50790 21:0 42198
42197 99 1:0 42200
42197 37895 1:0 42200
42197 46073 1:0 42218
42197 46093 1:0 42218
42197 46097 1:0 42218
42199 755 1:0 42200
42201 37897 1:0 42218
42202 37868 21:0 42280
42217 263 1:0 42217
42217 46396 1:0 42217
42219 46381 1:0 42265
42264 257 1:0 42264
42264 46389 1:0 42264
42266 46379 1:0 42304
42279 519 21:0 42309
42303 249 1:0 42303
42305 37918 1:0 42310
42308 37886 21:0 42309
42308 755 21:0 42309
42308 37897 21:0 42309
42308 37895 21:0 42309
42308 259 21:0 42309
42308 261 21:0 42309
42308 46380 1:0 42312
42311 251 1:0 42311
42312 37918 21:0 42320
42316 37922 1:0 42321
42319 50128 21:0 42320
42319 263 21:0 42320
42319 46378 1:0 42322
42321 247 1:0 42321
42323 37922 21:0 42329
42325 37925 1:0 42331
42328 50355 21:0 42329
42328 37900 21:0 42329
42328 37954 1:0 42331
42328 81 1:0 42331
42328 46145 1:0 42349
42328 46033 1:0 42349
42328 46099 1:0 42349
42330 755 1:0 42331
42332 37952 1:0 42349
42333 37925 21:0 42411
42348 245 1:0 42348
42350 46348 1:0 42396
42395 239 1:0 42395
42397 46346 1:0 42435
42410 539 21:0 42440
42434 231 1:0 42434
42436 37975 1:0 42441
42439 37957 21:0 42440
42439 241 21:0 42440
42439 243 21:0 42440
42439 37954 21:0 42440
42439 755 21:0 42440
42439 37952 21:0 42440
42439 46347 1:0 42443
42442 233 1:0 42442
42443 37975 21:0 42451
42447 37979 1:0 42452
42450 50704 21:0 42451
42450 37943 21:0 42451
42450 46345 1:0 42453
42452 229 1:0 42452
42454 37979 21:0 42460
42456 37982 1:0 42462
42459 245 21:0 42460
42459 50639 21:0 42460
42459 79 1:0 42462
42459 38009 1:0 42462
42459 46059 1:0 42480
42459 46060 1:0 42480
42459 46113 1:0 42480
42461 755 1:0 42462
42463 38011 1:0 42480
42464 37982 21:0 42542
42479 227 1:0 42479
42479 46328 1:0 42479
42481 46315 1:0 42527
42526 221 1:0 42526
42528 46313 1:0 42566
42541 38000 21:0 42541
42541 499 21:0 42571
42565 213 1:0 42565
42567 38032 1:0 42572
42570 38014 21:0 42570
42570 38011 21:0 42571
42570 755 21:0 42571
42570 37501 21:0 42571
42570 38009 21:0 42571
42570 225 21:0 42571
42570 223 21:0 42571
42570 46314 1:0 42574
42573 46311 1:0 42573
42573 215 1:0 42573
42574 38032 21:0 42582
42578 38036 1:0 42583
42581 49813 21:0 42582
42581 36988 21:0 42582
42581 46312 1:0 42584
42583 211 1:0 42583
42585 38036 21:0 42591
42587 38039 1:0 42593
42590 569 21:0 42591
42590 50540 21:0 42591
42590 61 1:0 42593
42590 38068 1:0 42593
42590 46112 1:0 42611
42590 46046 1:0 42611
42590 46092 1:0 42611
42592 46310 1:0 42592
42592 755 1:0 42593
42594 38066 1:0 42611
42595 38039 21:0 42673
42610 38057 1:0 42610
42610 209 1:0 42610
42610 46295 1:0 42610
42610 46298 1:0 42610
42612 46282 1:0 42658
42657 203 1:0 42657
42659 46280 1:0 42697
42672 517 21:0 42702
42696 195 1:0 42696
42698 38089 1:0 42703
42701 38068 21:0 42702
42701 209 21:0 42702
42701 205 21:0 42702
42701 207 21:0 42702
42701 755 21:0 42702
42701 38066 21:0 42702
42701 46281 1:0 42705
42704 197 1:0 42704
42705 38089 21:0 42713
42709 38093 1:0 42714
42712 50335 21:0 42713
42712 36532 21:0 42713
42712 46279 1:0 42715
42714 193 1:0 42714
42716 38093 21:0 42722
42718 38096 1:0 42724
42721 50381 21:0 42722
42721 671 21:0 42722
42721 189 1:0 42724
42721 38123 1:0 42724
42721 46133 1:0 42742
42721 46086 1:0 42742
42721 46020 1:0 42742
42723 755 1:0 42724
42725 38125 1:0 42742
42726 38096 21:0 42804
42741 191 1:0 42741
42743 46249 1:0 42789
42788 185 1:0 42788
42788 38128 1:0 42788
42790 46247 1:0 42828
42803 557 21:0 42833
42827 177 1:0 42827
42829 38146 1:0 42834
42832 38128 21:0 42832
42832 38125 21:0 42833
42832 50111 21:0 42833
42832 38123 21:0 42833
42832 37558 21:0 42833
42832 46248 1:0 42836
42832 187 21:0 42836
42835 179 1:0 42835
42835 755 21:0 42836
42836 38146 21:0 42844
42840 38150 1:0 42845
42843 515 21:0 42844
42843 49793 21:0 42844
42843 189 21:0 42844
42843 46246 1:0 42846
42845 175 1:0 42845
42847 38150 21:0 42853
42849 38153 1:0 42855
42852 50474 21:0 42853
42852 36817 21:0 42853
42852 63 1:0 42855
42852 38180 1:0 42855
42852 46100 1:0 42873
42852 46034 1:0 42873
42852 46101 1:0 42873
42854 46238 1:0 42854
42854 755 1:0 42855
42856 38182 1:0 42873
42857 38153 21:0 42935
42872 173 1:0 42872
42872 38171 1:0 42872
42872 46225 1:0 42872
42874 46216 1:0 42920
42919 167 1:0 42919
42921 46214 1:0 42959
42934 575 21:0 42964
42958 159 1:0 42958
42960 38203 1:0 42965
42963 38185 21:0 42963
42963 365 21:0 42964
42963 49978 21:0 42964
42963 38182 21:0 42964
42963 38180 21:0 42964
42963 171 21:0 42967
42963 46215 1:0 42967
42966 161 1:0 42966
42966 755 21:0 42967
42967 38203 21:0 42975
42971 38207 1:0 42976
42974 371 21:0 42975
42974 169 21:0 42975
42974 50165 21:0 42975
42974 46213 1:0 42977
42976 157 1:0 42976
42978 38207 21:0 42984
42980 38210 1:0 42986
42983 37330 21:0 42984
42983 50705 21:0 42984
42983 45 1:0 42986
42983 38237 1:0 42986
42983 45998 1:0 43004
42983 46125 1:0 43004
42983 46007 1:0 43004
42985 755 1:0 42986
42987 38239 1:0 43004
42988 38210 21:0 43066
43003 38228 1:0 43003
43003 155 1:0 43003
43003 46196 1:0 43003
43005 46183 1:0 43051
43050 149 1:0 43050
43050 38242 1:0 43050
43052 46181 1:0 43090
43065 38228 21:0 43065
43065 537 21:0 43095
43089 141 1:0 43089
43091 38260 1:0 43096
43094 38242 21:0 43094
43094 605 21:0 43095
43094 50005 21:0 43095
43094 38237 21:0 43095
43094 38239 21:0 43095
43094 153 21:0 43098
43094 46182 1:0 43098
43097 143 1:0 43097
43097 755 21:0 43098
43098 38260 21:0 43106
43102 38264 1:0 43107
43105 151 21:0 43106
43105 50361 21:0 43106
43105 37273 21:0 43106
43105 46180 1:0 43108
43107 139 1:0 43107
43109 38264 21:0 43115
43111 38267 1:0 43117
43114 50731 21:0 43115
43114 353 21:0 43115
43114 38294 1:0 43117
43114 38296 1:0 43117
43114 45954 1:0 43135
43114 45994 1:0 43135
43114 45981 1:0 43135
43116 755 1:0 43117
43118 135 1:0 43135
43119 38267 21:0 43197
43134 137 1:0 43134
43136 46150 1:0 43182
43181 38299 1:0 43181
43181 131 1:0 43181
43183 46148 1:0 43221
43196 38285 21:0 43196
43196 521 21:0 43226
43220 123 1:0 43220
43222 38317 1:0 43227
43225 50269 21:0 43226
43225 38296 21:0 43226
43225 37715 21:0 43226
43225 38294 21:0 43226
43225 133 21:0 43229
43225 46149 1:0 43229
43228 46146 1:0 43228
43228 125 1:0 43228
43228 755 21:0 43229
43229 38317 21:0 43237
43233 38321 1:0 43238
43236 167 21:0 43237
43236 135 21:0 43237
43236 50836 21:0 43237
43236 46147 1:0 43239
43238 121 1:0 43238
43240 38321 21:0 43246
43242 38324 1:0 43248
43245 191 21:0 43246
43245 50678 21:0 43246
43245 38353 1:0 43248
43245 117 1:0 43248
43245 45948 1:0 43266
43245 45969 1:0 43266
43245 45968 1:0 43266
43247 755 1:0 43248
43249 38351 1:0 43266
43250 38324 21:0 43328
43265 119 1:0 43265
43267 46117 1:0 43313
43312 38356 1:0 43312
43312 113 1:0 43312
43314 46115 1:0 43352
43327 38342 21:0 43327
43327 573 21:0 43357
43351 105 1:0 43351
43353 38374 1:0 43358
43356 38356 21:0 43356
43356 117 21:0 43357
43356 115 21:0 43357
43356 755 21:0 43357
43356 38353 21:0 43357
43356 38351 21:0 43357
43356 38299 21:0 43357
43356 46116 1:0 43360
43359 107 1:0 43359
43360 38374 21:0 43368
43364 38378 1:0 43369
43367 137 21:0 43368
43367 50183 21:0 43368
43367 46114 1:0 43370
43369 103 1:0 43369
43371 38378 21:0 43377
43373 38381 1:0 43379
43376 50295 21:0 43377
43376 38114 21:0 43377
43376 38408 1:0 43379
43376 43 1:0 43379
43376 45967 1:0 43397
43376 45993 1:0 43397
43376 46002 1:0 43397
43378 755 1:0 43379
43380 38410 1:0 43397
43381 38381 21:0 43459
43396 101 1:0 43396
43398 46084 1:0 43444
43443 38413 1:0 43443
43443 95 1:0 43443
43445 46082 1:0 43483
43458 555 21:0 43488
43482 87 1:0 43482
43484 38431 1:0 43489
43487 50651 21:0 43488
43487 38071 21:0 43488
43487 38408 21:0 43488
43487 38410 21:0 43488
43487 46083 1:0 43491
43487 97 21:0 43491
43490 89 1:0 43490
43490 755 21:0 43491
43491 38431 21:0 43499
43495 38435 1:0 43500
43498 50132 21:0 43499
43498 37487 21:0 43499
43498 99 21:0 43499
43498 46081 1:0 43501
43500 85 1:0 43500
43502 38435 21:0 43508
43504 38438 1:0 43510
43507 50533 21:0 43508
43507 37843 21:0 43508
43507 27 1:0 43510
43507 38465 1:0 43510
43507 45974 1:0 43528
43507 45960 1:0 43528
43507 45965 1:0 43528
43509 755 1:0 43510
43511 38467 1:0 43528
43512 38438 21:0 43590
43527 38456 1:0 43527
43527 83 1:0 43527
43529 46051 1:0 43575
43574 77 1:0 43574
43576 46049 1:0 43614
43589 535 21:0 43619
43613 69 1:0 43613
43615 38488 1:0 43620
43618 38470 21:0 43618
43618 38467 21:0 43619
43618 38465 21:0 43619
43618 50625 21:0 43619
43618 293 21:0 43619
43618 81 21:0 43622
43618 46050 1:0 43622
43621 71 1:0 43621
43621 755 21:0 43622
43622 38488 21:0 43630
43626 38492 1:0 43631
43629 38171 21:0 43630
43629 79 21:0 43630
43629 49880 21:0 43630
43629 46048 1:0 43632
43631 67 1:0 43631
43633 38492 21:0 43639
43635 38495 1:0 43641
43638 50297 21:0 43639
43638 38057 21:0 43639
43638 38522 1:0 43641
43638 38638 1:0 43641
43638 46013 1:0 43659
43638 46000 1:0 43659
43638 45987 1:0 43659
43640 755 1:0 43641
43642 38524 1:0 43659
43643 38495 21:0 43721
43658 65 1:0 43658
43658 38513 1:0 43658
43660 46018 1:0 43706
43705 59 1:0 43705
43705 38527 1:0 43705
43707 46016 1:0 43745
43720 38513 21:0 43720
43720 483 21:0 43750
43744 51 1:0 43744
43746 38545 1:0 43751
43749 38527 21:0 43749
43749 239 21:0 43750
43749 38522 21:0 43750
43749 38524 21:0 43750
43749 50341 21:0 43750
43749 63 21:0 43753
43749 46017 1:0 43753
43752 53 1:0 43752
43752 755 21:0 43753
43753 38545 21:0 43761
43757 38549 1:0 43762
43760 61 21:0 43761
43760 50660 21:0 43761
43760 38413 21:0 43761
43760 46015 1:0 43763
43762 49 1:0 43762
43764 38549 21:0 43770
43766 38552 1:0 43772
43769 50665 21:0 43770
43769 38399 21:0 43770
43769 38636 1:0 43772
43769 38581 1:0 43772
43769 45961 1:0 43790
43769 45980 1:0 43790
43769 46001 1:0 43790
43771 755 1:0 43772
43773 38579 1:0 43790
43774 38552 21:0 43852
43789 47 1:0 43789
43789 38570 1:0 43789
43791 45985 1:0 43837
43836 41 1:0 43836
43836 38584 1:0 43836
43838 45983 1:0 43876
43851 501 21:0 43881
43875 33 1:0 43875
43877 38602 1:0 43882
43880 38584 21:0 43880
43880 50062 21:0 43881
43880 38456 21:0 43881
43880 38581 21:0 43881
43880 38579 21:0 43881
43880 45 21:0 43884
43880 45984 1:0 43884
43883 35 1:0 43883
43883 755 21:0 43884
43884 38602 21:0 43892
43888 38606 1:0 43893
43891 38570 21:0 43892
43891 43 21:0 43892
43891 50561 21:0 43892
43891 45982 1:0 43894
43893 31 1:0 43893
43895 38606 21:0 43901
43897 38609 1:0 43903
43900 49913 21:0 43901
43900 149 21:0 43901
43900 45952 1:0 43921
43902 755 1:0 43903
43904 25 1:0 43921
43905 38609 21:0 43983
43920 38627 1:0 43920
43920 29 1:0 43920
43922 45950 1:0 43968
43967 38641 1:0 43967
43967 23 1:0 43967
43969 45951 1:0 44007
43982 571 21:0 44012
44006 15 1:0 44006
44008 38659 1:0 44013
44011 38636 21:0 44012
44011 38638 21:0 44012
44011 37658 21:0 44012
44011 49768 21:0 44012
44011 25 21:0 44015
44011 38663 1:0 44021
44014 755 21:0 44015
44015 38659 21:0 44023
44020 17 1:0 44020
44022 50810 21:0 44023
44022 38627 21:0 44023
44022 27 21:0 44023
44022 45949 1:0 44025
44022 45947 1:0 44027
44022 45941 1:0 44027
44026 13 1:0 44026
44026 38663 21:0 44032
44028 38666 1:0 44034
44031 50124 21:0 44032
44031 38641 21:0 44032
44031 45935 1:0 44055
44031 45936 1:0 44055
44031 45934 1:0 44055
44036 38666 21:0 44114
44056 38695 1:0 44058
44056 45928 1:0 44058
44056 755 1:0 44058
44057 11 1:0 44057
44059 9 1:0 44061
44059 7 1:0 44061
44059 45932 1:0 44064
44060 38684 1:0 44060
44062 38693 1:0 44093
44094 38716 1:0 44109
44110 45921 1:0 44112
44111 5 1:0 44111
44113 38684 21:0 44113
44113 45927 1:0 44117
44113 3 1:0 44138
44113 503 21:0 44203
44116 38698 1:0 44116
44202 38698 21:0 44202
44202 5 21:0 44202
44202 755 21:0 44203
44202 53151 21:0 44203
44202 38695 21:0 44203
44202 3 21:0 44203
44202 53136 21:0 44203
44205 13 21:0 44205
44205 53153 21:0 44208
44207 38716 21:0 44208
44207 53139 21:0 44208
44207 38693 21:0 44208
44210 17 21:0 44210
44210 53155 21:0 44213
44212 53154 21:0 44231
44214 755 1:0 44216
44226 25 1:0 44227
44226 27 1:0 44231
44230 23 21:0 44230
44230 15 21:0 44230
44230 53156 21:0 44279
44278 29 21:0 44278
44278 53138 21:0 44279
44278 53140 21:0 44279
44278 53125 21:0 44279
44278 53131 21:0 44279
44278 9 21:0 44281
44278 49768 1:0 44282
44278 50810 1:0 44282
44278 49913 1:0 44282
44278 50124 1:0 44282
44281 31 21:0 44281
44281 53186 21:0 44284
44283 755 21:0 44284
44283 25 21:0 44284
44283 27 21:0 44284
44283 7 21:0 44284
44283 53132 21:0 44284
44283 50561 1:0 44287
44283 50341 1:0 44287
44283 50660 1:0 44287
44283 43 1:0 44287
44283 50665 1:0 44287
44283 50062 1:0 44287
44285 755 1:0 44287
44286 35 21:0 44286
44286 53188 21:0 44289
44288 50625 1:0 44301
44288 45 1:0 44301
44288 49880 1:0 44301
44288 50533 1:0 44301
44288 50297 1:0 44301
44288 50132 1:0 44301
44288 53187 21:0 44307
44302 50295 1:0 44342
44302 50651 1:0 44342
44306 41 21:0 44306
44306 33 21:0 44306
44306 53189 21:0 44355
44343 50183 1:0 44353
44354 47 21:0 44354
44354 53145 21:0 44355
44354 53152 21:0 44355
44354 53205 21:0 44355
44354 53173 21:0 44355
44354 43 21:0 44357
44354 50678 1:0 44358
44354 50361 1:0 44358
44354 50731 1:0 44358
44354 50269 1:0 44358
44354 50836 1:0 44358
44356 49 21:0 44356
44356 755 21:0 44357
44357 53219 21:0 44360
44359 53204 21:0 44360
44359 45 21:0 44360
44359 50705 1:0 44363
44359 61 1:0 44363
44359 50005 1:0 44363
44359 50165 1:0 44363
44359 49978 1:0 44363
44359 50474 1:0 44363
44361 755 1:0 44363
44362 53 21:0 44362
44362 53221 21:0 44365
44364 50381 1:0 44377
44364 50111 1:0 44377
44364 50540 1:0 44377
44364 49793 1:0 44377
44364 63 1:0 44377
44364 50335 1:0 44377
44364 53220 21:0 44383
44378 50639 1:0 44418
44378 49813 1:0 44418
44382 59 21:0 44382
44382 51 21:0 44382
44382 53222 21:0 44431
44419 50704 1:0 44429
44430 65 21:0 44430
44430 53191 21:0 44431
44430 53197 21:0 44431
44430 53172 21:0 44431
44430 53217 21:0 44431
44430 61 21:0 44433
44430 38627 1:0 44434
44430 38641 1:0 44434
44430 50355 1:0 44434
44433 67 21:0 44433
44433 53252 21:0 44436
44435 53198 21:0 44436
44435 755 21:0 44436
44435 63 21:0 44436
44435 149 1:0 44439
44435 79 1:0 44439
44435 37658 1:0 44439
44435 50128 1:0 44439
44437 755 1:0 44439
44438 71 21:0 44438
44438 53254 21:0 44441
44440 50790 1:0 44453
44440 38456 1:0 44453
44440 81 1:0 44453
44440 38570 1:0 44453
44440 53253 21:0 44459
44454 50750 1:0 44494
44454 50698 1:0 44494
44458 77 21:0 44458
44458 69 21:0 44458
44458 53255 21:0 44507
44495 50619 1:0 44505
44506 83 21:0 44506
44506 53158 21:0 44507
44506 53164 21:0 44507
44506 53165 21:0 44507
44506 53184 21:0 44507
44506 81 21:0 44509
44506 50012 1:0 44510
44506 50689 1:0 44510
44506 50033 1:0 44510
44506 49901 1:0 44510
44506 50091 1:0 44510
44509 85 21:0 44509
44509 53285 21:0 44512
44511 53171 21:0 44512
44511 79 21:0 44512
44511 755 21:0 44512
44511 50421 1:0 44515
44511 50770 1:0 44515
44511 50519 1:0 44515
44511 99 1:0 44515
44511 50460 1:0 44515
44511 50784 1:0 44515
44513 755 1:0 44515
44514 89 21:0 44514
44514 53287 21:0 44517
44516 49868 1:0 44529
44516 97 1:0 44529
44516 38399 1:0 44529
44516 38413 1:0 44529
44516 53286 21:0 44535
44530 239 1:0 44565
44534 95 21:0 44534
44534 87 21:0 44534
44534 53288 21:0 44583
44566 38057 1:0 44581
44582 101 21:0 44582
44582 53316 21:0 44582
44582 53202 21:0 44583
44582 53169 21:0 44583
44582 53185 21:0 44583
44582 53178 21:0 44583
44582 99 21:0 44585
44582 293 1:0 44586
44582 38171 1:0 44586
44582 50375 1:0 44586
44585 103 21:0 44585
44585 53318 21:0 44588
44587 53206 21:0 44588
44587 97 21:0 44588
44587 755 21:0 44588
44587 37487 1:0 44591
44587 37843 1:0 44591
44587 50368 1:0 44591
44587 115 1:0 44591
44589 755 1:0 44591
44590 107 21:0 44590
44590 53320 21:0 44593
44592 38071 1:0 44605
44592 50718 1:0 44605
44592 38114 1:0 44605
44592 117 1:0 44605
44592 53319 21:0 44611
44606 137 1:0 44641
44610 113 21:0 44610
44610 105 21:0 44610
44610 53321 21:0 44659
44642 38299 1:0 44657
44658 119 21:0 44658
44658 53235 21:0 44659
44658 53218 21:0 44659
44658 53211 21:0 44659
44658 53250 21:0 44659
44658 115 21:0 44661
44658 191 1:0 44662
44658 50216 1:0 44662
44658 167 1:0 44662
44661 121 21:0 44661
44661 53351 21:0 44664
44663 117 21:0 44664
44663 755 21:0 44664
44663 53237 21:0 44664
44663 37715 1:0 44667
44663 50302 1:0 44667
44663 135 1:0 44667
44663 353 1:0 44667
44665 755 1:0 44667
44666 53350 21:0 44666
44666 125 21:0 44666
44666 53353 21:0 44669
44668 605 1:0 44681
44668 37273 1:0 44681
44668 133 1:0 44681
44668 50110 1:0 44681
44668 53352 21:0 44687
44682 37330 1:0 44717
44686 131 21:0 44686
44686 123 21:0 44686
44686 53354 21:0 44735
44718 371 1:0 44733
44734 137 21:0 44734
44734 53356 21:0 44734
44734 53238 21:0 44735
44734 53230 21:0 44735
44734 53239 21:0 44735
44734 53231 21:0 44735
44734 135 21:0 44737
44734 365 1:0 44738
44734 50296 1:0 44738
44734 36817 1:0 44738
44737 139 21:0 44737
44737 53384 21:0 44740
44739 755 21:0 44740
44739 133 21:0 44740
44739 53224 21:0 44740
44739 151 1:0 44743
44739 515 1:0 44743
44739 37558 1:0 44743
44739 50348 1:0 44743
44741 755 1:0 44743
44742 143 21:0 44742
44742 53386 21:0 44745
44744 153 1:0 44757
44744 36532 1:0 44757
44744 671 1:0 44757
44744 50792 1:0 44757
44744 53385 21:0 44763
44758 569 1:0 44793
44762 149 21:0 44762
44762 141 21:0 44762
44762 53387 21:0 44811
44794 36988 1:0 44809
44810 53396 21:0 44810
44810 53283 21:0 44811
44810 53244 21:0 44811
44810 53263 21:0 44811
44810 53271 21:0 44811
44810 151 21:0 44813
44810 50495 1:0 44814
44810 37501 1:0 44814
44810 545 1:0 44814
44813 157 21:0 44813
44813 53417 21:0 44816
44815 53270 21:0 44816
44815 755 21:0 44816
44815 153 21:0 44816
44815 169 1:0 44819
44815 587 1:0 44819
44815 49892 1:0 44819
44815 479 1:0 44819
44817 755 1:0 44819
44818 161 21:0 44818
44818 53419 21:0 44821
44820 50473 1:0 44833
44820 37544 1:0 44833
44820 37430 1:0 44833
44820 171 1:0 44833
44820 53418 21:0 44839
44834 36974 1:0 44869
44838 167 21:0 44838
44838 159 21:0 44838
44838 53420 21:0 44887
44870 36646 1:0 44885
44886 173 21:0 44886
44886 53264 21:0 44887
44886 53251 21:0 44887
44886 53257 21:0 44887
44886 53272 21:0 44887
44886 169 21:0 44889
44886 50824 1:0 44890
44886 443 1:0 44890
44886 50759 1:0 44890
44886 50758 1:0 44890
44889 175 21:0 44889
44889 53450 21:0 44892
44891 755 21:0 44892
44891 53268 21:0 44892
44891 171 21:0 44892
44891 50262 1:0 44895
44891 245 1:0 44895
44891 189 1:0 44895
44891 49846 1:0 44895
44891 50057 1:0 44895
44893 755 1:0 44895
44894 179 21:0 44894
44894 53452 21:0 44897
44896 187 1:0 44909
44896 263 1:0 44909
44896 37900 1:0 44909
44896 50738 1:0 44909
44896 53451 21:0 44915
44910 275 1:0 44945
44914 185 21:0 44914
44914 177 21:0 44914
44914 53453 21:0 44963
44946 37829 1:0 44961
44962 191 21:0 44962
44962 53469 21:0 44962
44962 53470 21:0 44962
44962 53297 21:0 44963
44962 53468 21:0 44963
44962 53296 21:0 44963
44962 53290 21:0 44963
44962 189 21:0 44965
44962 50227 1:0 44966
44962 37601 1:0 44966
44962 37615 1:0 44966
44965 193 21:0 44965
44965 53483 21:0 44968
44967 755 21:0 44968
44967 53277 21:0 44968
44967 187 21:0 44968
44967 37316 1:0 44971
44967 50830 1:0 44971
44967 36931 1:0 44971
44967 207 1:0 44971
44969 755 1:0 44971
44970 197 21:0 44970
44970 53485 21:0 44973
44972 205 1:0 44985
44972 50783 1:0 44985
44972 50659 1:0 44985
44972 49831 1:0 44985
44972 437 1:0 44985
44972 53484 21:0 44991
44986 209 1:0 45024
44990 203 21:0 44990
44990 53475 21:0 44990
44990 195 21:0 44990
44990 53486 21:0 45039
45027 50321 1:0 45037
45038 209 21:0 45038
45038 53514 21:0 45038
45038 755 21:0 45039
45038 53442 21:0 45039
45038 53343 21:0 45039
45038 53370 21:0 45039
45038 53369 21:0 45039
45038 50210 1:0 45042
45038 50722 1:0 45042
45038 50618 1:0 45042
45038 50064 1:0 45042
45038 50539 1:0 45042
45041 211 21:0 45041
45041 53516 21:0 45044
45043 205 21:0 45044
45043 207 21:0 45044
45043 53455 21:0 45044
45043 223 1:0 45047
45043 695 1:0 45047
45043 50441 1:0 45047
45043 383 1:0 45047
45045 755 1:0 45047
45046 215 21:0 45046
45046 53518 21:0 45049
45048 37886 1:0 45061
45048 225 1:0 45061
45048 329 1:0 45061
45048 50467 1:0 45061
45048 53517 21:0 45067
45062 37387 1:0 45097
45066 221 21:0 45066
45066 53508 21:0 45066
45066 213 21:0 45066
45066 53519 21:0 45115
45098 389 1:0 45113
45114 227 21:0 45114
45114 53532 21:0 45114
45114 53521 21:0 45114
45114 53422 21:0 45115
45114 53428 21:0 45115
45114 53336 21:0 45115
45114 53338 21:0 45115
45114 223 21:0 45117
45114 50425 1:0 45118
45114 407 1:0 45118
45114 37373 1:0 45118
45117 229 21:0 45117
45117 53549 21:0 45120
45119 53462 21:0 45120
45119 225 21:0 45120
45119 755 21:0 45120
45119 50751 1:0 45123
45119 36860 1:0 45123
45119 36575 1:0 45123
45119 241 1:0 45123
45121 755 1:0 45123
45122 233 21:0 45122
45122 53551 21:0 45125
45124 37202 1:0 45137
45124 50197 1:0 45137
45124 243 1:0 45137
45124 419 1:0 45137
45124 53550 21:0 45143
45138 37102 1:0 45173
45142 239 21:0 45142
45142 231 21:0 45142
45142 53552 21:0 45191
45174 527 1:0 45189
45190 245 21:0 45190
45190 53580 21:0 45190
45190 53568 21:0 45190
45190 53561 21:0 45190
45190 53569 21:0 45190
45190 53481 21:0 45191
45190 53284 21:0 45191
45190 53349 21:0 45191
45190 53337 21:0 45191
45190 241 21:0 45193
45190 50527 1:0 45194
45190 36874 1:0 45194
45190 36917 1:0 45194
45193 247 21:0 45193
45193 53582 21:0 45196
45195 53400 21:0 45196
45195 755 21:0 45196
45195 243 21:0 45196
45195 37088 1:0 45199
45195 50599 1:0 45199
45195 37145 1:0 45199
45195 259 1:0 45199
45197 755 1:0 45199
45198 53581 21:0 45198
45198 251 21:0 45198
45198 53584 21:0 45201
45200 261 1:0 45213
45200 509 1:0 45213
45200 50791 1:0 45213
45200 599 1:0 45213
45200 53583 21:0 45219
45214 36803 1:0 45249
45218 257 21:0 45218
45218 249 21:0 45218
45218 53585 21:0 45267
45250 689 1:0 45265
45266 263 21:0 45266
45266 53600 21:0 45266
45266 53395 21:0 45267
45266 53329 21:0 45267
45266 53433 21:0 45267
45266 53409 21:0 45267
45266 259 21:0 45269
45266 50816 1:0 45270
45266 36589 1:0 45270
45266 36518 1:0 45270
45269 265 21:0 45269
45269 53615 21:0 45272
45271 261 21:0 45272
45271 755 21:0 45272
45271 53435 21:0 45272
45271 49972 1:0 45275
45271 50392 1:0 45275
45271 50788 1:0 45275
45271 279 1:0 45275
45271 50546 1:0 45275
45271 50627 1:0 45275
45273 755 1:0 45275
45274 269 21:0 45274
45274 53617 21:0 45277
45276 49769 1:0 45289
45276 277 1:0 45289
45276 50691 1:0 45289
45276 50058 1:0 45289
45276 50684 1:0 45289
45276 50243 1:0 45289
45276 53616 21:0 45295
45290 281 1:0 45328
45294 275 21:0 45294
45294 267 21:0 45294
45294 53618 21:0 45343
45331 50606 1:0 45341
45342 281 21:0 45342
45342 53376 21:0 45343
45342 53310 21:0 45343
45342 53367 21:0 45343
45342 53461 21:0 45343
45342 279 21:0 45345
45342 50837 1:0 45346
45342 50434 1:0 45346
45342 50717 1:0 45346
45342 50592 1:0 45346
45342 50354 1:0 45346
45345 283 21:0 45345
45345 53648 21:0 45348
45347 755 21:0 45348
45347 277 21:0 45348
45347 53305 21:0 45348
45347 37216 1:0 45351
45347 473 1:0 45351
45347 50658 1:0 45351
45347 295 1:0 45351
45349 755 1:0 45351
45350 287 21:0 45350
45350 53650 21:0 45353
45352 491 1:0 45365
45352 37159 1:0 45365
45352 297 1:0 45365
45352 50256 1:0 45365
45352 53649 21:0 45371
45366 299 1:0 45404
45370 293 21:0 45370
45370 285 21:0 45370
45370 53651 21:0 45419
45402 37045 1:0 45417
45418 299 21:0 45418
45418 53668 21:0 45418
45418 53660 21:0 45418
45418 53304 21:0 45419
45418 53416 21:0 45419
45418 53436 21:0 45419
45418 53323 21:0 45419
45418 297 21:0 45421
45418 50821 1:0 45422
45418 677 1:0 45422
45418 563 1:0 45422
45421 301 21:0 45421
45421 53681 21:0 45424
45423 755 21:0 45424
45423 295 21:0 45424
45423 53383 21:0 45424
45423 36689 1:0 45427
45423 313 1:0 45427
45423 49867 1:0 45427
45423 641 1:0 45427
45425 755 1:0 45427
45426 303 1:0 45426
45426 305 21:0 45426
45426 53683 21:0 45429
45428 311 1:0 45439
45428 36703 1:0 45441
45428 315 1:0 45441
45428 50099 1:0 45441
45428 53682 21:0 45447
45442 659 1:0 45477
45446 311 21:0 45446
45446 303 21:0 45446
45446 53684 21:0 45495
45478 653 1:0 45493
45492 319 1:0 45492
45494 317 21:0 45494
45494 53699 21:0 45494
45494 53403 21:0 45495
45494 53363 21:0 45495
45494 53448 21:0 45495
45494 53362 21:0 45495
45494 313 21:0 45497
45494 50194 1:0 45498
45494 50407 1:0 45498
45494 50626 1:0 45498
45494 50579 1:0 45498
45494 50726 1:0 45498
45497 323 1:0 45497
45497 319 21:0 45497
45497 53714 21:0 45500
45499 315 21:0 45500
45499 755 21:0 45500
45499 53317 21:0 45500
45499 50552 1:0 45503
45499 50825 1:0 45503
45499 333 1:0 45503
45499 50520 1:0 45503
45499 50585 1:0 45503
45499 50486 1:0 45503
45501 755 1:0 45503
45502 321 1:0 45502
45502 323 21:0 45502
45502 53716 21:0 45505
45504 50506 1:0 45517
45504 635 1:0 45517
45504 36632 1:0 45517
45504 331 1:0 45517
45504 53715 21:0 45523
45518 533 1:0 45553
45522 329 21:0 45522
45522 321 21:0 45522
45522 53717 21:0 45571
45554 37031 1:0 45569
45568 337 1:0 45568
45570 335 21:0 45570
45570 53732 21:0 45570
45570 53503 21:0 45571
45570 53664 21:0 45571
45570 53659 21:0 45571
45570 53382 21:0 45571
45570 333 21:0 45573
45570 551 1:0 45574
45570 455 1:0 45574
45570 50359 1:0 45574
45573 341 1:0 45573
45573 337 21:0 45573
45573 53747 21:0 45576
45575 53730 21:0 45576
45575 331 21:0 45576
45575 755 21:0 45576
45575 351 1:0 45579
45575 37259 1:0 45579
45575 461 1:0 45579
45575 50282 1:0 45579
45577 755 1:0 45579
45578 339 1:0 45578
45578 341 21:0 45578
45578 53749 21:0 45581
45580 349 1:0 45593
45580 50566 1:0 45593
45580 623 1:0 45593
45580 617 1:0 45593
45580 53748 21:0 45599
45594 581 1:0 45629
45598 347 21:0 45598
45598 339 21:0 45598
45598 53750 21:0 45647
45630 36746 1:0 45645
45644 355 1:0 45644
45646 353 21:0 45646
45646 53759 21:0 45646
45646 53598 21:0 45647
45646 53631 21:0 45647
45646 53686 21:0 45647
45646 53613 21:0 45647
45646 349 21:0 45649
45646 369 1:0 45650
45646 50724 1:0 45650
45646 713 1:0 45650
45646 36760 1:0 45650
45649 359 1:0 45649
45649 355 21:0 45649
45649 53780 21:0 45652
45651 755 21:0 45652
45651 351 21:0 45652
45651 53389 21:0 45652
45651 367 1:0 45655
45651 50263 1:0 45655
45651 36461 1:0 45655
45651 707 1:0 45655
45653 755 1:0 45655
45654 357 1:0 45654
45654 359 21:0 45654
45654 53782 21:0 45657
45656 53781 21:0 45675
45656 503 1:0 45721
45674 365 21:0 45674
45674 357 21:0 45674
45674 53783 21:0 45723
45706 36475 1:0 45721
45720 373 1:0 45720
45720 377 1:0 45720
45722 371 21:0 45722
45722 53811 21:0 45722
45722 53798 21:0 45722
45722 53799 21:0 45722
45722 53792 21:0 45722
45722 53785 21:0 45722
45722 53371 21:0 45723
45722 53680 21:0 45723
45722 53301 21:0 45723
45722 53502 21:0 45723
45722 369 21:0 45725
45722 571 1:0 45731
45725 373 21:0 45725
45725 53813 21:0 45728
45727 755 21:0 45728
45727 53626 21:0 45728
45727 367 21:0 45728
45727 50586 1:0 45731
45727 50671 1:0 45731
45727 50480 1:0 45731
45727 387 1:0 45731
45727 385 1:0 45731
45729 755 1:0 45731
45730 377 21:0 45730
45730 375 1:0 45730
45730 53815 21:0 45733
45732 53814 21:0 45751
45732 501 1:0 45797
45750 383 21:0 45750
45750 53824 21:0 45750
45750 375 21:0 45750
45750 53816 21:0 45799
45787 49760 1:0 45797
45796 391 1:0 45796
45796 395 1:0 45796
45798 389 21:0 45798
45798 53832 21:0 45798
45798 53844 21:0 45798
45798 53547 21:0 45799
45798 53647 21:0 45799
45798 53666 21:0 45799
45798 53501 21:0 45799
45798 385 21:0 45801
45798 483 1:0 45807
45801 391 21:0 45801
45801 53846 21:0 45804
45803 53495 21:0 45804
45803 755 21:0 45804
45803 387 21:0 45804
45803 401 1:0 45807
45803 405 1:0 45807
45803 403 1:0 45807
45803 50764 1:0 45807
45805 755 1:0 45807
45806 395 21:0 45806
45806 393 1:0 45806
45806 53848 21:0 45809
45808 53847 21:0 45827
45808 535 1:0 45873
45826 401 21:0 45826
45826 393 21:0 45826
45826 53849 21:0 45875
45863 50401 1:0 45873
45872 409 1:0 45872
45872 413 1:0 45872
45874 407 21:0 45874
45874 53866 21:0 45874
45874 53864 21:0 45874
45874 53851 21:0 45874
45874 53415 21:0 45875
45874 53527 21:0 45875
45874 53733 21:0 45875
45874 53719 21:0 45875
45874 403 21:0 45877
45874 555 1:0 45883
45877 409 21:0 45877
45877 53879 21:0 45880
45879 405 21:0 45880
45879 755 21:0 45880
45879 53560 21:0 45880
45879 50711 1:0 45883
45879 423 1:0 45883
45879 37943 1:0 45883
45879 421 1:0 45883
45881 755 1:0 45883
45882 413 21:0 45882
45882 411 1:0 45882
45882 53881 21:0 45885
45884 53880 21:0 45903
45884 573 1:0 45949
45902 53890 21:0 45902
45902 53871 21:0 45902
45902 411 21:0 45902
45902 53882 21:0 45951
45934 37957 1:0 45949
45948 427 1:0 45948
45948 431 1:0 45948
45950 425 21:0 45950
45950 53910 21:0 45950
45950 53897 21:0 45950
45950 53898 21:0 45950
45950 53884 21:0 45950
45950 53494 21:0 45951
45950 53620 21:0 45951
45950 53713 21:0 45951
45950 53534 21:0 45951
45950 423 21:0 45953
45950 521 1:0 45959
45953 427 21:0 45953
45953 53912 21:0 45956
45955 421 21:0 45956
45955 755 21:0 45956
45955 53402 21:0 45956
45955 50223 1:0 45959
45955 441 1:0 45959
45955 50198 1:0 45959
45955 439 1:0 45959
45955 50454 1:0 45959
45957 755 1:0 45959
45958 431 21:0 45958
45958 429 1:0 45958
45958 53914 21:0 45961
45960 53913 21:0 45979
45960 537 1:0 46025
45978 53904 21:0 45978
45978 53923 21:0 45978
45978 429 21:0 45978
45978 53915 21:0 46027
46015 50164 1:0 46025
46024 445 1:0 46024
46024 449 1:0 46024
46026 53601 21:0 46027
46026 53515 21:0 46027
46026 53633 21:0 46027
46026 53567 21:0 46027
46026 441 21:0 46029
46026 575 1:0 46035
46029 445 21:0 46029
46029 53945 21:0 46032
46031 53535 21:0 46032
46031 439 21:0 46032
46031 50387 1:0 46035
46031 459 1:0 46035
46031 457 1:0 46035
46031 50507 1:0 46035
46031 50190 1:0 46035
46034 449 21:0 46034
46034 447 1:0 46034
46034 53947 21:0 46037
46036 53946 21:0 46055
46036 557 1:0 46101
46054 53956 21:0 46054
46054 447 21:0 46054
46054 53948 21:0 46103
46091 50374 1:0 46101
46100 463 1:0 46100
46100 467 1:0 46100
46102 53976 21:0 46102
46102 53965 21:0 46102
46102 53950 21:0 46102
46102 53334 21:0 46103
46102 53725 21:0 46103
46102 53429 21:0 46103
46102 53697 21:0 46103
46102 457 21:0 46105
46102 517 1:0 46111
46105 463 21:0 46105
46105 53978 21:0 46108
46107 459 21:0 46108
46107 53635 21:0 46108
46107 755 21:0 46108
46107 50491 1:0 46111
46107 50388 1:0 46111
46107 49864 1:0 46111
46107 475 1:0 46111
46107 477 1:0 46111
46109 755 1:0 46111
46110 53977 21:0 46110
46110 467 21:0 46110
46110 465 1:0 46110
46110 53980 21:0 46113
46112 53979 21:0 46131
46112 499 1:0 46177
46130 465 21:0 46130
46130 53981 21:0 46179
46167 50440 1:0 46177
46176 481 1:0 46176
46176 485 1:0 46176
46178 54009 21:0 46178
46178 53994 21:0 46178
46178 53996 21:0 46178
46178 53983 21:0 46178
46178 53634 21:0 46179
46178 53488 21:0 46179
46178 53466 21:0 46179
46178 53831 21:0 46179
46178 477 21:0 46181
46178 539 1:0 46187
46181 481 21:0 46181
46181 54011 21:0 46184
46183 475 21:0 46184
46183 755 21:0 46184
46183 53899 21:0 46184
46183 495 1:0 46187
46183 493 1:0 46187
46183 50363 1:0 46187
46183 50308 1:0 46187
46183 50222 1:0 46187
46185 755 1:0 46187
46186 54010 21:0 46186
46186 485 21:0 46186
46186 54013 21:0 46189
46188 54012 21:0 46207
46188 519 1:0 46253
46206 54003 21:0 46206
46206 483 21:0 46206
46206 54014 21:0 46255
46243 50513 1:0 46253
46254 54042 21:0 46254
46254 54023 21:0 46254
46254 54030 21:0 46254
46254 54029 21:0 46254
46254 53805 21:0 46255
46254 53673 21:0 46255
46254 53712 21:0 46255
46254 53653 21:0 46255
46254 493 21:0 46257
46254 553 1:0 46263
46257 499 21:0 46257
46257 54044 21:0 46260
46259 53924 21:0 46260
46259 755 21:0 46260
46259 495 21:0 46260
46259 513 1:0 46263
46259 50528 1:0 46263
46259 50288 1:0 46263
46259 511 1:0 46263
46259 50144 1:0 46263
46261 755 1:0 46263
46262 54043 21:0 46262
46262 503 21:0 46262
46262 54046 21:0 46265
46264 54045 21:0 46283
46264 589 1:0 46329
46282 54055 21:0 46282
46282 54036 21:0 46282
46282 501 21:0 46282
46282 54047 21:0 46331
46319 50309 1:0 46329
46330 54075 21:0 46330
46330 54063 21:0 46330
46330 54049 21:0 46330
46330 54062 21:0 46330
46330 53607 21:0 46331
46330 53963 21:0 46331
46330 53957 21:0 46331
46330 53857 21:0 46331
46330 511 21:0 46333
46330 607 1:0 46339
46333 517 21:0 46333
46333 54077 21:0 46336
46335 53700 21:0 46336
46335 513 21:0 46336
46335 755 21:0 46336
46335 529 1:0 46339
46335 49933 1:0 46339
46335 531 1:0 46339
46335 50458 1:0 46339
46335 50255 1:0 46339
46337 755 1:0 46339
46338 521 21:0 46338
46338 54079 21:0 46341
46340 54078 21:0 46359
46340 593 1:0 46405
46358 54088 21:0 46358
46358 54069 21:0 46358
46358 519 21:0 46358
46358 54080 21:0 46407
46395 50461 1:0 46405
46406 54095 21:0 46406
46406 54096 21:0 46406
46406 54082 21:0 46406
46406 54093 21:0 46406
46406 54097 21:0 46406
46406 53838 21:0 46407
46406 53931 21:0 46407
46406 53937 21:0 46407
46406 53878 21:0 46407
46406 531 21:0 46409
46406 591 1:0 46415
46408 535 21:0 46408
46408 755 21:0 46409
46409 54110 21:0 46412
46411 529 21:0 46412
46411 53943 21:0 46412
46411 549 1:0 46415
46411 50123 1:0 46415
46411 547 1:0 46415
46411 50487 1:0 46415
46411 49761 1:0 46415
46413 755 1:0 46415
46414 54109 21:0 46414
46414 539 21:0 46414
46414 54111 21:0 46417
46416 54112 21:0 46435
46416 629 1:0 46481
46434 54121 21:0 46434
46434 537 21:0 46434
46434 54113 21:0 46483
46471 50414 1:0 46481
46482 54128 21:0 46482
46482 54129 21:0 46482
46482 53640 21:0 46483
46482 53765 21:0 46483
46482 53739 21:0 46483
46482 53818 21:0 46483
46482 549 21:0 46485
46482 625 1:0 46491
46485 553 21:0 46485
46485 54143 21:0 46488
46487 755 21:0 46488
46487 547 21:0 46488
46487 53911 21:0 46488
46487 567 1:0 46491
46487 50524 1:0 46491
46487 50084 1:0 46491
46487 50500 1:0 46491
46487 565 1:0 46491
46489 755 1:0 46491
46490 557 21:0 46490
46490 54145 21:0 46493
46492 54144 21:0 46511
46492 609 1:0 46557
46510 555 21:0 46510
46510 54146 21:0 46559
46547 50038 1:0 46557
46558 54161 21:0 46558
46558 54155 21:0 46558
46558 54148 21:0 46558
46558 54162 21:0 46558
46558 53970 21:0 46559
46558 54174 21:0 46559
46558 53812 21:0 46559
46558 54064 21:0 46559
46558 565 21:0 46561
46558 611 1:0 46567
46561 571 21:0 46561
46561 54176 21:0 46564
46563 567 21:0 46564
46563 54016 21:0 46564
46563 755 21:0 46564
46563 49963 1:0 46567
46563 50065 1:0 46567
46563 49925 1:0 46567
46563 585 1:0 46567
46563 583 1:0 46567
46565 755 1:0 46567
46566 54175 21:0 46566
46566 575 21:0 46566
46566 54177 21:0 46569
46568 54178 21:0 46587
46568 627 1:0 46633
46586 54187 21:0 46586
46586 573 21:0 46586
46586 54179 21:0 46635
46623 49952 1:0 46633
46634 54207 21:0 46634
46634 54194 21:0 46634
46634 54192 21:0 46634
46634 53772 21:0 46635
46634 53593 21:0 46635
46634 53594 21:0 46635
46634 53796 21:0 46635
46634 585 21:0 46637
46634 661 1:0 46643
46637 589 21:0 46637
46637 54209 21:0 46640
46639 53574 21:0 46640
46639 755 21:0 46640
46639 583 21:0 46640
46639 601 1:0 46643
46639 603 1:0 46643
46639 50330 1:0 46643
46639 49939 1:0 46643
46639 49979 1:0 46643
46641 755 1:0 46643
46642 593 21:0 46642
46642 54211 21:0 46645
46644 54210 21:0 46663
46644 645 1:0 46709
46662 54201 21:0 46662
46662 591 21:0 46662
46662 54212 21:0 46711
46699 50396 1:0 46709
46710 53587 21:0 46711
46710 53303 21:0 46711
46710 53778 21:0 46711
46710 53646 21:0 46711
46710 601 21:0 46713
46710 647 1:0 46719
46713 607 21:0 46713
46713 54242 21:0 46716
46715 53877 21:0 46716
46715 755 21:0 46716
46715 49835 1:0 46719
46715 621 1:0 46719
46715 619 1:0 46719
46715 50170 1:0 46719
46715 50176 1:0 46719
46717 755 1:0 46719
46718 611 21:0 46718
46718 54243 21:0 46721
46720 54244 21:0 46739
46720 643 1:0 46785
46738 609 21:0 46738
46738 54245 21:0 46787
46742 601 1:0 46769
46770 583 1:0 46774
46775 50249 1:0 46785
46775 585 1:0 46785
46775 567 1:0 46785
46786 53961 21:0 46787
46786 53499 21:0 46787
46786 53614 21:0 46787
46786 755 21:0 46787
46786 53791 21:0 46787
46786 663 1:0 46795
46789 625 21:0 46789
46789 54275 21:0 46792
46791 53944 21:0 46792
46791 639 1:0 46795
46791 637 1:0 46795
46791 50066 1:0 46795
46791 50078 1:0 46795
46791 50095 1:0 46795
46793 755 1:0 46795
46794 629 21:0 46794
46794 54276 21:0 46797
46796 54277 21:0 46815
46796 665 1:0 46861
46814 627 21:0 46814
46814 54278 21:0 46863
46818 565 1:0 46845
46846 547 1:0 46850
46851 50031 1:0 46861
46851 529 1:0 46861
46851 549 1:0 46861
46862 53865 21:0 46863
46862 755 21:0 46863
46862 54076 21:0 46863
46862 53404 21:0 46863
46862 53541 21:0 46863
46862 679 1:0 46871
46865 643 21:0 46865
46865 54308 21:0 46868
46867 53667 21:0 46868
46867 50029 1:0 46871
46867 50189 1:0 46871
46867 50231 1:0 46871
46867 655 1:0 46871
46867 657 1:0 46871
46869 755 1:0 46871
46870 647 21:0 46870
46870 54310 21:0 46873
46872 54309 21:0 46891
46872 683 1:0 46937
46890 645 21:0 46890
46890 54311 21:0 46939
46894 531 1:0 46921
46922 513 1:0 46926
46927 50196 1:0 46937
46927 495 1:0 46937
46927 511 1:0 46937
46938 53800 21:0 46939
46938 53779 21:0 46939
46938 53745 21:0 46939
46938 53602 21:0 46939
46938 681 1:0 46947
46941 661 21:0 46941
46941 54341 21:0 46944
46943 54060 21:0 46944
46943 673 1:0 46947
46943 493 1:0 46947
46943 50131 1:0 46947
46943 50157 1:0 46947
46943 49934 1:0 46947
46943 675 1:0 46947
46946 665 21:0 46946
46946 54343 21:0 46949
46948 54342 21:0 46967
46948 697 1:0 47013
46966 663 21:0 46966
46966 54344 21:0 47015
46970 475 1:0 46997
46998 477 1:0 47002
47003 457 1:0 47013
47003 49906 1:0 47013
47003 459 1:0 47013
47014 53449 21:0 47015
47014 54102 21:0 47015
47014 53763 21:0 47015
47014 53998 21:0 47015
47014 755 21:0 47015
47014 699 1:0 47023
47017 679 21:0 47017
47017 54374 21:0 47020
47019 53734 21:0 47020
47019 691 1:0 47023
47019 50117 1:0 47023
47019 693 1:0 47023
47019 50018 1:0 47023
47019 50045 1:0 47023
47021 755 1:0 47023
47022 683 21:0 47022
47022 54376 21:0 47025
47024 54375 21:0 47043
47024 701 1:0 47089
47042 681 21:0 47042
47042 54377 21:0 47091
47046 439 1:0 47073
47074 421 1:0 47078
47079 405 1:0 47089
47079 50032 1:0 47089
47079 423 1:0 47089
47090 54294 21:0 47091
47090 54274 21:0 47091
47090 54352 21:0 47091
47090 755 21:0 47091
47090 54357 21:0 47091
47090 715 1:0 47099
47093 697 21:0 47093
47093 54407 21:0 47096
47095 53862 21:0 47096
47095 711 1:0 47099
47095 50177 1:0 47099
47095 50230 1:0 47099
47095 709 1:0 47099
47095 49814 1:0 47099
47097 755 1:0 47099
47098 701 21:0 47098
47098 54409 21:0 47101
47100 54408 21:0 47119
47100 719 1:0 47165
47118 699 21:0 47118
47118 54410 21:0 47167
47122 403 1:0 47149
47150 387 1:0 47154
47155 50051 1:0 47165
47155 367 1:0 47165
47155 385 1:0 47165
47166 54196 21:0 47167
47166 54027 21:0 47167
47166 755 21:0 47167
47166 54307 21:0 47167
47166 54188 21:0 47167
47166 717 1:0 47173
47169 54440 21:0 47172
47171 53726 21:0 47172
47171 50841 1:0 47175
47174 54442 21:0 47177
47176 351 1:0 47181
47176 49899 1:0 47181
47176 349 1:0 47181
47176 50839 1:0 47181
47176 369 1:0 47181
47176 54441 21:0 47183
47180 741 1:0 47180
47182 54443 21:0 47186
47182 36436 1:0 47187
47185 53679 21:0 47186
47185 53891 21:0 47186
47185 54089 21:0 47186
47185 53858 21:0 47186
47185 54418 21:0 47186
47185 50840 1:0 47189
47189 36436 21:0 47197
47193 36440 1:0 47198
47196 53990 21:0 47197
47196 54306 21:0 47197
47196 54159 21:0 47197
47196 50838 1:0 47199
47200 36440 21:0 47206
47202 36443 1:0 47208
47205 53932 21:0 47206
47205 53693 21:0 47206
47205 54426 21:0 47206
47205 441 1:0 47208
47205 36472 1:0 47208
47205 50229 1:0 47226
47205 49992 1:0 47226
47205 50025 1:0 47226
47207 755 1:0 47208
47209 36470 1:0 47226
47210 36443 21:0 47288
47227 50808 1:0 47273
47274 50806 1:0 47312
47287 741 21:0 47287
47287 717 21:0 47317
47311 699 1:0 47311
47313 36493 1:0 47318
47316 36470 21:0 47317
47316 54142 21:0 47317
47316 36472 21:0 47317
47316 36461 21:0 47317
47316 709 21:0 47320
47316 50807 1:0 47320
47319 701 1:0 47319
47319 755 21:0 47320
47320 36493 21:0 47328
47324 36497 1:0 47329
47327 54324 21:0 47328
47327 711 21:0 47328
47327 707 21:0 47328
47327 50805 1:0 47330
47329 697 1:0 47329
47331 36497 21:0 47337
47333 36500 1:0 47339
47336 713 21:0 47337
47336 53692 21:0 47337
47336 331 1:0 47339
47336 36529 1:0 47339
47336 49826 1:0 47357
47336 50236 1:0 47357
47336 49966 1:0 47357
47338 755 1:0 47339
47340 36527 1:0 47357
47341 36500 21:0 47419
47358 50775 1:0 47404
47405 50773 1:0 47443
47418 719 21:0 47448
47442 681 1:0 47442
47444 36550 1:0 47449
47447 36527 21:0 47448
47447 36532 21:0 47448
47447 36529 21:0 47448
47447 53330 21:0 47448
47447 693 21:0 47451
47447 50774 1:0 47451
47450 683 1:0 47450
47450 755 21:0 47451
47451 36550 21:0 47459
47455 36554 1:0 47460
47458 691 21:0 47459
47458 54262 21:0 47459
47458 689 21:0 47459
47458 50772 1:0 47461
47460 679 1:0 47460
47462 36554 21:0 47468
47464 36557 1:0 47470
47467 53746 21:0 47468
47467 36518 21:0 47468
47467 333 1:0 47470
47467 36586 1:0 47470
47467 49748 1:0 47488
47467 50260 1:0 47488
47467 50130 1:0 47488
47469 755 1:0 47470
47471 36584 1:0 47488
47472 36557 21:0 47550
47489 50742 1:0 47535
47536 50740 1:0 47574
47549 715 21:0 47579
47573 663 1:0 47573
47575 36607 1:0 47580
47578 54419 21:0 47579
47578 671 21:0 47579
47578 36586 21:0 47579
47578 36584 21:0 47579
47578 50741 1:0 47582
47578 675 21:0 47582
47581 665 1:0 47581
47581 755 21:0 47582
47582 36607 21:0 47590
47586 36611 1:0 47591
47589 673 21:0 47590
47589 677 21:0 47590
47589 53548 21:0 47590
47589 50739 1:0 47592
47591 661 1:0 47591
47593 36611 21:0 47599
47595 36614 1:0 47601
47598 54130 21:0 47599
47598 36575 21:0 47599
47598 36641 1:0 47601
47598 315 1:0 47601
47598 50161 1:0 47619
47598 49985 1:0 47619
47598 49774 1:0 47619
47600 755 1:0 47601
47602 36643 1:0 47619
47603 36614 21:0 47681
47620 50709 1:0 47666
47667 50707 1:0 47705
47680 701 21:0 47710
47704 645 1:0 47704
47706 36664 1:0 47711
47709 36641 21:0 47710
47709 36632 21:0 47710
47709 36643 21:0 47710
47709 54320 21:0 47710
47709 50708 1:0 47713
47709 657 21:0 47713
47712 647 1:0 47712
47712 755 21:0 47713
47713 36664 21:0 47721
47717 36668 1:0 47722
47720 653 21:0 47721
47720 655 21:0 47721
47720 54287 21:0 47721
47720 50706 1:0 47723
47722 643 1:0 47722
47724 36668 21:0 47730
47726 36671 1:0 47732
47729 54390 21:0 47730
47729 659 21:0 47730
47729 313 1:0 47732
47729 36698 1:0 47732
47729 50209 1:0 47750
47729 50163 1:0 47750
47729 50264 1:0 47750
47731 755 1:0 47732
47733 36700 1:0 47750
47734 36671 21:0 47812
47749 50685 1:0 47749
47749 50693 1:0 47749
47749 50692 1:0 47749
47751 50676 1:0 47797
47798 50674 1:0 47836
47811 699 21:0 47841
47835 627 1:0 47835
47837 36721 1:0 47842
47840 36698 21:0 47841
47840 54386 21:0 47841
47840 36689 21:0 47841
47840 36700 21:0 47841
47840 50675 1:0 47844
47840 637 21:0 47844
47843 50672 1:0 47843
47843 629 1:0 47843
47843 755 21:0 47844
47844 36721 21:0 47852
47848 36725 1:0 47853
47851 639 21:0 47852
47851 36703 21:0 47852
47851 53437 21:0 47852
47851 50673 1:0 47854
47853 625 1:0 47853
47855 36725 21:0 47861
47857 36728 1:0 47863
47860 641 21:0 47861
47860 54181 21:0 47861
47860 36755 1:0 47863
47860 295 1:0 47863
47860 49958 1:0 47881
47860 49900 1:0 47881
47860 49859 1:0 47881
47862 755 1:0 47863
47864 36757 1:0 47881
47865 36728 21:0 47943
47880 50652 1:0 47880
47880 50656 1:0 47880
47882 50643 1:0 47928
47927 50645 1:0 47927
47929 50641 1:0 47967
47942 681 21:0 47972
47966 609 1:0 47966
47968 36778 1:0 47973
47971 36746 21:0 47972
47971 36757 21:0 47972
47971 36755 21:0 47972
47971 54353 21:0 47972
47971 50642 1:0 47975
47971 621 21:0 47975
47974 611 1:0 47974
47974 755 21:0 47975
47975 36778 21:0 47983
47979 36782 1:0 47984
47982 36760 21:0 47983
47982 619 21:0 47983
47982 54163 21:0 47983
47982 50640 1:0 47985
47984 607 1:0 47984
47986 36782 21:0 47992
47988 36785 1:0 47994
47991 53825 21:0 47992
47991 617 21:0 47992
47991 297 1:0 47994
47991 36814 1:0 47994
47991 49991 1:0 48012
47991 49965 1:0 48012
47991 49833 1:0 48012
47993 50632 1:0 47993
47993 50638 1:0 47993
47993 755 1:0 47994
47995 36812 1:0 48012
47996 36785 21:0 48074
48011 50623 1:0 48011
48013 50610 1:0 48059
48058 50612 1:0 48058
48060 50608 1:0 48098
48073 697 21:0 48103
48097 591 1:0 48097
48099 36835 1:0 48104
48102 599 21:0 48103
48102 54253 21:0 48103
48102 36814 21:0 48103
48102 36812 21:0 48103
48102 603 21:0 48106
48102 50609 1:0 48106
48105 593 1:0 48105
48105 755 21:0 48106
48106 36835 21:0 48114
48110 36839 1:0 48115
48113 54313 21:0 48114
48113 605 21:0 48114
48113 601 21:0 48114
48113 50607 1:0 48116
48115 589 1:0 48115
48117 36839 21:0 48123
48119 36842 1:0 48125
48122 54056 21:0 48123
48122 36475 21:0 48123
48122 277 1:0 48125
48122 36869 1:0 48125
48122 49827 1:0 48143
48122 49860 1:0 48143
48122 49741 1:0 48143
48124 50605 1:0 48124
48124 755 1:0 48125
48126 36871 1:0 48143
48127 36842 21:0 48205
48142 50594 1:0 48142
48142 50590 1:0 48142
48142 50593 1:0 48142
48144 50577 1:0 48190
48191 50575 1:0 48229
48204 683 21:0 48234
48228 573 1:0 48228
48230 36892 1:0 48235
48233 36869 21:0 48234
48233 581 21:0 48234
48233 54360 21:0 48234
48233 36871 21:0 48234
48233 50576 1:0 48237
48233 583 21:0 48237
48236 50573 1:0 48236
48236 575 1:0 48236
48236 755 21:0 48237
48237 36892 21:0 48245
48241 36896 1:0 48246
48244 36874 21:0 48245
48244 585 21:0 48245
48244 53701 21:0 48245
48244 50574 1:0 48247
48246 571 1:0 48246
48248 36896 21:0 48254
48250 36899 1:0 48256
48253 36589 21:0 48254
48253 53829 21:0 48254
48253 36926 1:0 48256
48253 279 1:0 48256
48253 49873 1:0 48274
48253 49946 1:0 48274
48253 49897 1:0 48274
48255 50572 1:0 48255
48255 755 1:0 48256
48257 36928 1:0 48274
48258 36899 21:0 48336
48273 50559 1:0 48273
48273 50553 1:0 48273
48273 50557 1:0 48273
48273 50560 1:0 48273
48275 50544 1:0 48321
48322 50542 1:0 48360
48335 679 21:0 48365
48359 555 1:0 48359
48361 36949 1:0 48366
48364 36917 21:0 48365
48364 54273 21:0 48365
48364 36928 21:0 48365
48364 36926 21:0 48365
48364 50543 1:0 48368
48364 565 21:0 48368
48367 557 1:0 48367
48368 36949 21:0 48376
48372 36953 1:0 48377
48375 53767 21:0 48376
48375 36931 21:0 48376
48375 755 21:0 48376
48375 567 21:0 48376
48375 50541 1:0 48378
48377 553 1:0 48377
48379 36953 21:0 48385
48381 36956 1:0 48387
48384 53895 21:0 48385
48384 563 21:0 48385
48384 261 1:0 48387
48384 36985 1:0 48387
48384 49801 1:0 48405
48384 49840 1:0 48405
48384 49996 1:0 48405
48386 755 1:0 48387
48388 36983 1:0 48405
48389 36956 21:0 48467
48404 50526 1:0 48404
48406 50511 1:0 48452
48453 50509 1:0 48491
48466 663 21:0 48496
48490 537 1:0 48490
48492 37006 1:0 48497
48495 54327 21:0 48496
48495 569 21:0 48496
48495 36985 21:0 48496
48495 36983 21:0 48496
48495 50510 1:0 48499
48495 547 21:0 48499
48498 539 1:0 48498
48498 755 21:0 48499
48499 37006 21:0 48507
48503 37010 1:0 48508
48506 549 21:0 48507
48506 54393 21:0 48507
48506 36974 21:0 48507
48506 50508 1:0 48509
48508 535 1:0 48508
48510 37010 21:0 48516
48512 37013 1:0 48518
48515 36988 21:0 48516
48515 54108 21:0 48516
48515 259 1:0 48518
48515 37040 1:0 48518
48515 49879 1:0 48536
48515 49945 1:0 48536
48515 49998 1:0 48536
48517 755 1:0 48518
48519 37042 1:0 48536
48520 535 21:0 48520
48520 37013 21:0 48598
48535 50493 1:0 48535
48535 50494 1:0 48535
48537 50478 1:0 48583
48584 50476 1:0 48622
48597 665 21:0 48627
48621 519 1:0 48621
48623 37063 1:0 48628
48626 54214 21:0 48627
48626 37040 21:0 48627
48626 37042 21:0 48627
48626 533 21:0 48627
48626 529 21:0 48630
48626 50477 1:0 48630
48629 521 1:0 48629
48629 519 21:0 48629
48629 755 21:0 48630
48630 37063 21:0 48638
48634 37067 1:0 48639
48637 54168 21:0 48638
48637 37045 21:0 48638
48637 531 21:0 48638
48637 50475 1:0 48640
48639 517 1:0 48639
48641 521 21:0 48641
48641 37067 21:0 48647
48643 37070 1:0 48649
48646 54221 21:0 48647
48646 37031 21:0 48647
48646 37099 1:0 48649
48646 243 1:0 48649
48646 49780 1:0 48667
48646 49866 1:0 48667
48646 49932 1:0 48667
48648 755 1:0 48649
48650 37097 1:0 48667
48651 517 21:0 48651
48651 37070 21:0 48729
48666 50462 1:0 48666
48668 50445 1:0 48714
48713 50447 1:0 48713
48713 50453 1:0 48713
48715 50443 1:0 48753
48728 643 21:0 48758
48752 501 1:0 48752
48754 37120 1:0 48759
48757 37099 21:0 48758
48757 37102 21:0 48758
48757 37097 21:0 48758
48757 54115 21:0 48758
48757 513 21:0 48761
48757 50444 1:0 48761
48760 503 1:0 48760
48760 755 21:0 48761
48761 37120 21:0 48769
48765 37124 1:0 48770
48768 37088 21:0 48769
48768 54126 21:0 48769
48768 511 21:0 48769
48768 50442 1:0 48771
48770 499 1:0 48770
48772 503 21:0 48772
48772 37124 21:0 48778
48774 37127 1:0 48780
48777 545 21:0 48778
48777 53766 21:0 48778
48777 37156 1:0 48780
48777 241 1:0 48780
48777 49807 1:0 48798
48777 49765 1:0 48798
48777 49967 1:0 48798
48779 755 1:0 48780
48781 37154 1:0 48798
48782 37127 21:0 48860
48797 50427 1:0 48797
48797 50428 1:0 48797
48797 50429 1:0 48797
48799 50412 1:0 48845
48844 50420 1:0 48844
48846 50410 1:0 48884
48859 627 21:0 48889
48883 483 1:0 48883
48885 37177 1:0 48890
48888 37154 21:0 48889
48888 37156 21:0 48889
48888 54208 21:0 48889
48888 497 21:0 48889
48888 493 21:0 48892
48888 50411 1:0 48892
48891 50408 1:0 48891
48891 485 1:0 48891
48891 755 21:0 48892
48892 37177 21:0 48900
48896 37181 1:0 48901
48899 37159 21:0 48900
48899 495 21:0 48900
48899 53554 21:0 48900
48899 50409 1:0 48902
48901 481 1:0 48901
48903 37181 21:0 48909
48905 37184 1:0 48911
48908 509 21:0 48909
48908 54293 21:0 48909
48908 225 1:0 48911
48908 37211 1:0 48911
48908 49999 1:0 48929
48908 49893 1:0 48929
48908 49959 1:0 48929
48910 755 1:0 48911
48912 37213 1:0 48929
48913 481 21:0 48913
48913 37184 21:0 48991
48928 50395 1:0 48928
48928 50394 1:0 48928
48930 50379 1:0 48976
48977 50377 1:0 49015
48990 625 21:0 49020
49014 465 1:0 49014
49016 37234 1:0 49021
49019 53917 21:0 49020
49019 37211 21:0 49020
49019 37216 21:0 49020
49019 37213 21:0 49020
49019 477 21:0 49023
49019 50378 1:0 49023
49022 467 1:0 49022
49022 465 21:0 49022
49022 755 21:0 49023
49023 37234 21:0 49031
49027 37238 1:0 49032
49030 475 21:0 49031
49030 53833 21:0 49031
49030 479 21:0 49031
49030 50376 1:0 49033
49032 463 1:0 49032
49034 37238 21:0 49040
49036 37241 1:0 49042
49039 527 21:0 49040
49039 53845 21:0 49040
49039 223 1:0 49042
49039 37270 1:0 49042
49039 50000 1:0 49060
49039 49886 1:0 49060
49039 50011 1:0 49060
49041 755 1:0 49042
49043 37268 1:0 49060
49044 37241 21:0 49122
49059 50362 1:0 49059
49061 50346 1:0 49107
49108 50344 1:0 49146
49121 629 21:0 49151
49145 447 1:0 49145
49147 37291 1:0 49152
49150 54195 21:0 49151
49150 37270 21:0 49151
49150 37268 21:0 49151
49150 461 21:0 49151
49150 50345 1:0 49154
49150 459 21:0 49154
49153 50342 1:0 49153
49153 449 1:0 49153
49153 755 21:0 49154
49154 37291 21:0 49162
49158 37295 1:0 49163
49161 457 21:0 49162
49161 37259 21:0 49162
49161 53930 21:0 49162
49161 50343 1:0 49164
49163 445 1:0 49163
49165 449 21:0 49165
49165 37295 21:0 49171
49167 37298 1:0 49173
49170 53997 21:0 49171
49170 695 21:0 49171
49170 205 1:0 49173
49170 37325 1:0 49173
49170 49919 1:0 49191
49170 49800 1:0 49191
49170 49847 1:0 49191
49172 755 1:0 49173
49174 37327 1:0 49191
49175 37298 21:0 49253
49190 50329 1:0 49190
49190 50322 1:0 49190
49190 50328 1:0 49190
49190 50326 1:0 49190
49192 50313 1:0 49238
49237 50315 1:0 49237
49239 50311 1:0 49277
49252 661 21:0 49282
49276 429 1:0 49276
49278 37348 1:0 49283
49281 443 21:0 49282
49281 54258 21:0 49282
49281 37327 21:0 49282
49281 37325 21:0 49282
49281 439 21:0 49285
49281 50312 1:0 49285
49284 431 1:0 49284
49284 429 21:0 49284
49284 755 21:0 49285
49285 37348 21:0 49293
49289 37352 1:0 49294
49292 36803 21:0 49293
49292 441 21:0 49293
49292 53627 21:0 49293
49292 50310 1:0 49295
49294 427 1:0 49294
49296 431 21:0 49296
49296 37352 21:0 49302
49298 37355 1:0 49304
49301 36860 21:0 49302
49301 54366 21:0 49302
49301 37384 1:0 49304
49301 207 1:0 49304
49301 49926 1:0 49322
49301 49794 1:0 49322
49301 49754 1:0 49322
49303 755 1:0 49304
49305 37382 1:0 49322
49306 427 21:0 49306
49306 37355 21:0 49384
49321 425 1:0 49321
49321 50293 1:0 49321
49321 50289 1:0 49321
49323 50280 1:0 49369
49370 50278 1:0 49408
49383 37373 21:0 49383
49383 647 21:0 49413
49407 411 1:0 49407
49409 37405 1:0 49414
49412 425 21:0 49413
49412 423 21:0 49413
49412 755 21:0 49413
49412 421 21:0 49413
49412 37382 21:0 49413
49412 37384 21:0 49413
49412 50279 1:0 49416
49415 50276 1:0 49415
49415 413 1:0 49415
49416 411 21:0 49416
49416 37405 21:0 49424
49420 37409 1:0 49425
49423 53964 21:0 49424
49423 587 21:0 49424
49423 50277 1:0 49426
49425 409 1:0 49425
49427 413 21:0 49427
49427 37409 21:0 49433
49429 37412 1:0 49435
49432 37145 21:0 49433
49432 53706 21:0 49433
49432 37441 1:0 49435
49432 187 1:0 49435
49432 49912 1:0 49453
49432 49930 1:0 49453
49432 49767 1:0 49453
49434 50275 1:0 49434
49434 755 1:0 49435
49436 37439 1:0 49453
49437 409 21:0 49437
49437 37412 21:0 49515
49452 407 1:0 49452
49454 50247 1:0 49500
49499 37444 1:0 49499
49499 401 1:0 49499
49501 50245 1:0 49539
49514 645 21:0 49544
49538 393 1:0 49538
49540 37462 1:0 49545
49543 37444 21:0 49543
49543 405 21:0 49544
49543 403 21:0 49544
49543 37439 21:0 49544
49543 623 21:0 49544
49543 755 21:0 49544
49543 37441 21:0 49544
49543 50246 1:0 49547
49546 395 1:0 49546
49547 393 21:0 49547
49547 37462 21:0 49555
49551 37466 1:0 49556
49554 54220 21:0 49555
49554 36817 21:0 49555
49554 50244 1:0 49557
49556 391 1:0 49556
49558 395 21:0 49558
49558 37466 21:0 49564
49560 37469 1:0 49566
49563 53928 21:0 49564
49563 515 21:0 49564
49563 189 1:0 49566
49563 37498 1:0 49566
49563 49721 1:0 49584
49563 49834 1:0 49584
49563 49735 1:0 49584
49565 50242 1:0 49565
49565 755 1:0 49566
49567 37496 1:0 49584
49568 391 21:0 49568
49568 37469 21:0 49646
49583 389 1:0 49583
49585 50214 1:0 49631
49630 383 1:0 49630
49632 50212 1:0 49670
49645 37487 21:0 49645
49645 609 21:0 49675
49669 375 1:0 49669
49671 37519 1:0 49676
49674 37501 21:0 49674
49674 385 21:0 49675
49674 387 21:0 49675
49674 37498 21:0 49675
49674 635 21:0 49675
49674 37496 21:0 49675
49674 755 21:0 49675
49674 50213 1:0 49678
49677 377 1:0 49677
49678 375 21:0 49678
49678 37519 21:0 49686
49682 37523 1:0 49687
49685 551 21:0 49686
49685 54240 21:0 49686
49685 50211 1:0 49688
49687 373 1:0 49687
49689 377 21:0 49689
49689 37523 21:0 49695
49691 37526 1:0 49697
49694 53482 21:0 49695
49694 491 21:0 49695
49694 37553 1:0 49697
49694 171 1:0 49697
49694 49734 1:0 49715
49694 49649 1:0 49715
49694 49695 1:0 49715
49696 50203 1:0 49696
49696 755 1:0 49697
49698 37555 1:0 49715
49699 373 21:0 49699
49699 37526 21:0 49777
49714 371 1:0 49714
49716 50181 1:0 49762
49761 365 1:0 49761
49763 50179 1:0 49801
49776 607 21:0 49806
49800 357 1:0 49800
49802 37576 1:0 49807
49805 37555 21:0 49806
49805 37558 21:0 49806
49805 755 21:0 49806
49805 37553 21:0 49806
49805 369 21:0 49806
49805 367 21:0 49806
49805 50180 1:0 49809
49808 359 1:0 49808
49809 357 21:0 49809
49809 37576 21:0 49817
49813 37580 1:0 49818
49816 37544 21:0 49817
49816 54254 21:0 49817
49816 50178 1:0 49819
49818 355 1:0 49818
49820 359 21:0 49820
49820 37580 21:0 49826
49822 37583 1:0 49828
49825 36646 21:0 49826
49825 53536 21:0 49826
49825 169 1:0 49828
49825 37612 1:0 49828
49825 49636 1:0 49846
49825 49628 1:0 49846
49825 49682 1:0 49846
49827 755 1:0 49828
49829 37610 1:0 49846
49830 355 21:0 49830
49830 37583 21:0 49908
49845 353 1:0 49845
49847 50148 1:0 49893
49892 347 1:0 49892
49892 50150 1:0 49892
49892 50156 1:0 49892
49894 50146 1:0 49932
49907 37601 21:0 49907
49907 611 21:0 49937
49931 339 1:0 49931
49933 37633 1:0 49938
49936 755 21:0 49937
49936 37615 21:0 49937
49936 37610 21:0 49937
49936 37612 21:0 49937
49936 351 21:0 49937
49936 349 21:0 49937
49936 50147 1:0 49940
49939 341 1:0 49939
49940 339 21:0 49940
49940 37633 21:0 49948
49944 37637 1:0 49949
49947 473 21:0 49948
49947 54141 21:0 49948
49947 50145 1:0 49950
49949 337 1:0 49949
49951 341 21:0 49951
49951 37637 21:0 49957
49953 37640 1:0 49959
49956 37202 21:0 49957
49956 54328 21:0 49957
49956 37669 1:0 49959
49956 153 1:0 49959
49956 49727 1:0 49977
49956 49702 1:0 49977
49956 49637 1:0 49977
49958 50137 1:0 49958
49958 50143 1:0 49958
49958 755 1:0 49959
49960 37667 1:0 49977
49961 337 21:0 49961
49961 37640 21:0 50039
49976 335 1:0 49976
49978 50115 1:0 50024
50023 329 1:0 50023
50023 37672 1:0 50023
50025 50113 1:0 50063
50038 555 21:0 50068
50062 321 1:0 50062
50064 37690 1:0 50069
50067 37672 21:0 50068
50067 331 21:0 50068
50067 755 21:0 50068
50067 37669 21:0 50068
50067 37667 21:0 50068
50067 333 21:0 50068
50067 50114 1:0 50071
50070 323 1:0 50070
50071 321 21:0 50071
50071 37690 21:0 50079
50075 37694 1:0 50080
50078 335 21:0 50079
50078 54291 21:0 50079
50078 50112 1:0 50081
50080 319 1:0 50080
50082 323 21:0 50082
50082 37694 21:0 50088
50084 37697 1:0 50090
50087 54394 21:0 50088
50087 455 21:0 50088
50087 151 1:0 50090
50087 37724 1:0 50090
50087 49701 1:0 50108
50087 49732 1:0 50108
50087 49635 1:0 50108
50089 50104 1:0 50089
50089 755 1:0 50090
50091 37726 1:0 50108
50092 319 21:0 50092
50092 37697 21:0 50170
50107 317 1:0 50107
50107 50097 1:0 50107
50107 50098 1:0 50107
50109 50082 1:0 50155
50154 37729 1:0 50154
50154 311 1:0 50154
50154 50090 1:0 50154
50156 50080 1:0 50194
50169 593 21:0 50199
50193 303 1:0 50193
50195 37747 1:0 50200
50198 37715 21:0 50199
50198 37724 21:0 50199
50198 37726 21:0 50199
50198 54261 21:0 50199
50198 313 21:0 50202
50198 50081 1:0 50202
50201 303 21:0 50201
50201 305 1:0 50201
50201 755 21:0 50202
50202 37747 21:0 50210
50206 37751 1:0 50211
50209 315 21:0 50210
50209 37729 21:0 50210
50209 54135 21:0 50210
50209 50079 1:0 50212
50211 301 1:0 50211
50213 37751 21:0 50219
50215 37754 1:0 50221
50218 54154 21:0 50219
50218 317 21:0 50219
50218 37783 1:0 50221
50218 133 1:0 50221
50218 49633 1:0 50239
50218 49622 1:0 50239
50218 49694 1:0 50239
50220 50071 1:0 50220
50220 50077 1:0 50220
50220 755 1:0 50221
50222 37781 1:0 50239
50223 37754 21:0 50301
50238 299 1:0 50238
50238 37772 1:0 50238
50240 50049 1:0 50286
50285 37786 1:0 50285
50285 293 1:0 50285
50287 50047 1:0 50325
50300 575 21:0 50330
50324 285 1:0 50324
50326 37804 1:0 50331
50329 37783 21:0 50330
50329 54022 21:0 50330
50329 311 21:0 50330
50329 37781 21:0 50330
50329 50048 1:0 50333
50329 295 21:0 50333
50332 287 1:0 50332
50332 755 21:0 50333
50333 37804 21:0 50341
50337 37808 1:0 50342
50340 297 21:0 50341
50340 53989 21:0 50341
50340 37772 21:0 50341
50340 50046 1:0 50343
50342 283 1:0 50342
50344 37808 21:0 50350
50346 37811 1:0 50352
50349 37786 21:0 50350
50349 54122 21:0 50350
50349 37838 1:0 50352
50349 135 1:0 50352
50349 49666 1:0 50370
50349 49747 1:0 50370
50349 49655 1:0 50370
50351 50044 1:0 50351
50351 755 1:0 50352
50353 37840 1:0 50370
50354 37811 21:0 50432
50369 281 1:0 50369
50371 50016 1:0 50417
50416 275 1:0 50416
50416 50024 1:0 50416
50418 50014 1:0 50456
50431 37829 21:0 50431
50431 573 21:0 50461
50455 267 1:0 50455
50457 37861 1:0 50462
50460 37838 21:0 50461
50460 37840 21:0 50461
50460 54225 21:0 50461
50460 299 21:0 50461
50460 50015 1:0 50464
50460 277 21:0 50464
50463 269 1:0 50463
50463 755 21:0 50464
50464 37861 21:0 50472
50468 37865 1:0 50473
50471 279 21:0 50472
50471 53752 21:0 50472
50471 37273 21:0 50472
50471 50013 1:0 50474
50473 265 1:0 50473
50475 37865 21:0 50481
50477 37868 1:0 50483
50480 37330 21:0 50481
50480 54399 21:0 50481
50480 117 1:0 50483
50480 37895 1:0 50483
50480 49715 1:0 50501
50480 49688 1:0 50501
50480 49668 1:0 50501
50482 755 1:0 50483
50484 37897 1:0 50501
50485 37868 21:0 50563
50500 263 1:0 50500
50502 49983 1:0 50548
50547 257 1:0 50547
50549 49981 1:0 50587
50562 591 21:0 50592
50586 249 1:0 50586
50588 37918 1:0 50593
50591 37897 21:0 50592
50591 37895 21:0 50592
50591 37316 21:0 50592
50591 54031 21:0 50592
50591 49982 1:0 50595
50591 261 21:0 50595
50594 251 1:0 50594
50594 755 21:0 50595
50595 37918 21:0 50603
50599 37922 1:0 50604
50602 53528 21:0 50603
50602 437 21:0 50603
50602 259 21:0 50603
50602 49980 1:0 50605
50604 247 1:0 50604
50606 37922 21:0 50612
50608 37925 1:0 50614
50611 37430 21:0 50612
50611 54247 21:0 50612
50611 37952 1:0 50614
50611 115 1:0 50614
50611 49670 1:0 50632
50611 49642 1:0 50632
50611 49703 1:0 50632
50613 755 1:0 50614
50615 37954 1:0 50632
50616 37925 21:0 50694
50631 245 1:0 50631
50633 49950 1:0 50679
50678 239 1:0 50678
50680 49948 1:0 50718
50693 589 21:0 50723
50717 231 1:0 50717
50719 37975 1:0 50724
50722 53758 21:0 50723
50722 37954 21:0 50723
50722 37957 21:0 50723
50722 37952 21:0 50723
50722 49949 1:0 50726
50722 243 21:0 50726
50725 233 1:0 50725
50725 755 21:0 50726
50726 37975 21:0 50734
50730 37979 1:0 50735
50733 53565 21:0 50734
50733 241 21:0 50734
50733 37886 21:0 50734
50733 49947 1:0 50736
50735 229 1:0 50735
50737 37979 21:0 50743
50739 37982 1:0 50745
50742 401 21:0 50743
50742 97 1:0 50745
50742 38011 1:0 50745
50742 49662 1:0 50763
50742 49675 1:0 50763
50742 49629 1:0 50763
50744 755 1:0 50745
50746 38009 1:0 50763
50747 37982 21:0 50825
50762 227 1:0 50762
50762 38000 1:0 50762
50764 49917 1:0 50810
50809 221 1:0 50809
50809 38014 1:0 50809
50811 49915 1:0 50849
50824 571 21:0 50854
50848 213 1:0 50848
50850 38032 1:0 50855
50853 38009 21:0 50854
50853 365 21:0 50854
50853 225 21:0 50854
50853 755 21:0 50854
50853 38011 21:0 50854
50853 223 21:0 50854
50853 49916 1:0 50857
50856 215 1:0 50856
50857 38032 21:0 50865
50861 38036 1:0 50866
50864 245 21:0 50865
50864 49914 1:0 50867
50866 211 1:0 50866
50868 38036 21:0 50874
50870 38039 1:0 50876
50873 239 21:0 50874
50873 99 1:0 50876
50873 38068 1:0 50876
50873 49681 1:0 50894
50873 49714 1:0 50894
50873 49661 1:0 50894
50875 755 1:0 50876
50877 38066 1:0 50894
50878 38039 21:0 50956
50893 209 1:0 50893
50895 49884 1:0 50941
50940 203 1:0 50940
50942 49882 1:0 50980
50955 557 21:0 50985
50979 195 1:0 50979
50981 38089 1:0 50986
50984 38068 21:0 50985
50984 209 21:0 50985
50984 205 21:0 50985
50984 38066 21:0 50985
50984 207 21:0 50985
50984 755 21:0 50985
50984 49883 1:0 50988
50987 197 1:0 50987
50988 38089 21:0 50996
50992 38093 1:0 50997
50995 293 21:0 50996
50995 49881 1:0 50998
50997 193 1:0 50997
50999 38093 21:0 51005
51001 38096 1:0 51007
51004 257 21:0 51005
51004 38123 1:0 51007
51004 79 1:0 51007
51004 49669 1:0 51025
51004 49648 1:0 51025
51004 49699 1:0 51025
51006 755 1:0 51007
51008 38125 1:0 51025
51009 38096 21:0 51087
51024 191 1:0 51024
51026 49851 1:0 51072
51071 185 1:0 51071
51071 38128 1:0 51071
51071 49853 1:0 51071
51073 49849 1:0 51111
51086 553 21:0 51116
51110 177 1:0 51110
51112 38146 1:0 51117
51115 38123 21:0 51116
51115 38125 21:0 51116
51115 189 21:0 51116
51115 755 21:0 51116
51115 187 21:0 51116
51115 185 21:0 51116
51115 49850 1:0 51119
51118 179 1:0 51118
51119 38146 21:0 51127
51123 38150 1:0 51128
51126 37900 21:0 51127
51126 49848 1:0 51129
51128 175 1:0 51128
51130 38150 21:0 51136
51132 38153 1:0 51138
51135 38014 21:0 51136
51135 38182 1:0 51138
51135 81 1:0 51138
51135 49708 1:0 51156
51135 49736 1:0 51156
51135 49728 1:0 51156
51137 755 1:0 51138
51139 38180 1:0 51156
51140 38153 21:0 51218
51155 173 1:0 51155
51157 49818 1:0 51203
51202 38185 1:0 51202
51202 167 1:0 51202
51202 49820 1:0 51202
51204 49816 1:0 51242
51217 38171 21:0 51217
51217 537 21:0 51247
51241 159 1:0 51241
51243 38203 1:0 51248
51246 171 21:0 51247
51246 755 21:0 51247
51246 169 21:0 51247
51246 38182 21:0 51247
51246 38185 21:0 51247
51246 38180 21:0 51247
51246 49817 1:0 51250
51249 161 1:0 51249
51250 38203 21:0 51258
51254 38207 1:0 51259
51257 167 21:0 51258
51257 49815 1:0 51260
51259 157 1:0 51259
51261 38207 21:0 51267
51263 38210 1:0 51269
51266 37387 21:0 51267
51266 63 1:0 51269
51266 38237 1:0 51269
51266 49616 1:0 51287
51266 49609 1:0 51287
51266 49596 1:0 51287
51268 755 1:0 51269
51270 38239 1:0 51287
51271 38210 21:0 51349
51286 38228 1:0 51286
51286 49798 1:0 51286
51286 49802 1:0 51286
51288 49785 1:0 51334
51333 38242 1:0 51333
51333 149 1:0 51333
51333 49787 1:0 51333
51335 49783 1:0 51373
51348 539 21:0 51378
51372 141 1:0 51372
51374 38260 1:0 51379
51377 38242 21:0 51377
51377 38239 21:0 51378
51377 755 21:0 51378
51377 38237 21:0 51378
51377 153 21:0 51378
51377 149 21:0 51378
51377 151 21:0 51378
51377 49784 1:0 51381
51380 49781 1:0 51380
51380 143 1:0 51380
51381 38260 21:0 51389
51385 38264 1:0 51390
51388 38228 21:0 51389
51388 49782 1:0 51391
51390 139 1:0 51390
51392 38264 21:0 51398
51394 38267 1:0 51400
51397 38057 21:0 51398
51397 61 1:0 51400
51397 38294 1:0 51400
51397 49582 1:0 51418
51397 49550 1:0 51418
51397 49604 1:0 51418
51399 755 1:0 51400
51401 38296 1:0 51418
51402 38267 21:0 51480
51417 38285 1:0 51417
51417 137 1:0 51417
51419 49752 1:0 51465
51464 131 1:0 51464
51466 49750 1:0 51504
51479 38285 21:0 51479
51479 463 21:0 51509
51503 123 1:0 51503
51505 38317 1:0 51510
51508 135 21:0 51509
51508 38299 21:0 51509
51508 133 21:0 51509
51508 38294 21:0 51509
51508 755 21:0 51509
51508 38296 21:0 51509
51508 49751 1:0 51512
51511 125 1:0 51511
51512 38317 21:0 51520
51516 38321 1:0 51521
51519 137 21:0 51520
51519 49749 1:0 51522
51521 121 1:0 51521
51523 38321 21:0 51529
51525 38324 1:0 51531
51528 203 21:0 51529
51528 45 1:0 51531
51528 38353 1:0 51531
51528 49562 1:0 51549
51528 49576 1:0 51549
51528 49600 1:0 51549
51530 755 1:0 51531
51532 38351 1:0 51549
51533 38324 21:0 51611
51548 119 1:0 51548
51548 38342 1:0 51548
51550 49719 1:0 51596
51595 113 1:0 51595
51595 38356 1:0 51595
51597 49717 1:0 51635
51610 499 21:0 51640
51634 105 1:0 51634
51636 38374 1:0 51641
51639 38356 21:0 51639
51639 117 21:0 51640
51639 755 21:0 51640
51639 38351 21:0 51640
51639 115 21:0 51640
51639 38342 21:0 51640
51639 38353 21:0 51640
51639 49718 1:0 51643
51642 107 1:0 51642
51643 38374 21:0 51651
51647 38378 1:0 51652
51650 119 21:0 51651
51650 49716 1:0 51653
51652 103 1:0 51652
51654 38378 21:0 51660
51656 38381 1:0 51662
51659 38128 21:0 51660
51659 43 1:0 51662
51659 38408 1:0 51662
51659 49589 1:0 51680
51659 49571 1:0 51680
51659 49603 1:0 51680
51661 755 1:0 51662
51663 38410 1:0 51680
51664 38381 21:0 51742
51679 101 1:0 51679
51681 49686 1:0 51727
51726 95 1:0 51726
51728 49684 1:0 51766
51741 38399 21:0 51741
51741 447 21:0 51771
51765 87 1:0 51765
51767 38431 1:0 51772
51770 38413 21:0 51770
51770 38410 21:0 51771
51770 755 21:0 51771
51770 97 21:0 51771
51770 99 21:0 51771
51770 38000 21:0 51771
51770 38408 21:0 51771
51770 49685 1:0 51774
51773 89 1:0 51773
51774 38431 21:0 51782
51778 38435 1:0 51783
51781 371 21:0 51782
51781 49683 1:0 51784
51783 85 1:0 51783
51785 38435 21:0 51791
51787 38438 1:0 51793
51790 37658 21:0 51791
51790 38467 1:0 51793
51790 25 1:0 51793
51790 49556 1:0 51811
51790 49567 1:0 51811
51790 49595 1:0 51811
51792 755 1:0 51793
51794 38465 1:0 51811
51795 38438 21:0 51873
51810 83 1:0 51810
51812 49653 1:0 51858
51857 77 1:0 51857
51857 38470 1:0 51857
51859 49651 1:0 51897
51872 38456 21:0 51872
51872 485 21:0 51902
51896 69 1:0 51896
51898 38488 1:0 51903
51901 38470 21:0 51901
51901 38465 21:0 51902
51901 755 21:0 51902
51901 38467 21:0 51902
51901 221 21:0 51902
51901 81 21:0 51902
51901 79 21:0 51902
51901 49652 1:0 51905
51904 71 1:0 51904
51905 38488 21:0 51913
51909 38492 1:0 51914
51912 407 21:0 51913
51912 49650 1:0 51915
51914 67 1:0 51914
51916 38492 21:0 51922
51918 38495 1:0 51924
51921 38071 21:0 51922
51921 38522 1:0 51924
51921 27 1:0 51924
51921 49602 1:0 51942
51921 49615 1:0 51942
51921 49563 1:0 51942
51923 755 1:0 51924
51925 38524 1:0 51942
51926 38495 21:0 52004
51941 65 1:0 51941
51941 38513 1:0 51941
51943 49620 1:0 51989
51988 38527 1:0 51988
51988 59 1:0 51988
51990 49618 1:0 52028
52003 38513 21:0 52003
52003 467 21:0 52033
52027 51 1:0 52027
52029 38545 1:0 52034
52032 38527 21:0 52032
52032 61 21:0 52033
52032 38524 21:0 52033
52032 38522 21:0 52033
52032 63 21:0 52033
52032 37943 21:0 52033
52032 755 21:0 52033
52032 49619 1:0 52036
52035 53 1:0 52035
52036 38545 21:0 52044
52040 38549 1:0 52045
52043 347 21:0 52044
52043 49617 1:0 52046
52045 49 1:0 52045
52047 38549 21:0 52053
52049 38552 1:0 52055
52052 38114 21:0 52053
52052 38638 1:0 52055
52052 38579 1:0 52055
52052 49570 1:0 52073
52052 49583 1:0 52073
52052 49569 1:0 52073
52054 755 1:0 52055
52056 38581 1:0 52073
52057 38552 21:0 52135
52072 47 1:0 52072
52074 49587 1:0 52120
52119 38584 1:0 52119
52119 41 1:0 52119
52121 49585 1:0 52159
52134 38570 21:0 52134
52134 501 21:0 52164
52158 33 1:0 52158
52160 38602 1:0 52165
52163 38584 21:0 52163
52163 755 21:0 52164
52163 38581 21:0 52164
52163 43 21:0 52164
52163 38579 21:0 52164
52163 37843 21:0 52164
52163 45 21:0 52164
52163 49586 1:0 52167
52166 35 1:0 52166
52167 38602 21:0 52175
52171 38606 1:0 52176
52174 49584 1:0 52177
52176 31 1:0 52176
52178 38606 21:0 52184
52180 38609 1:0 52186
52183 49554 1:0 52204
52185 755 1:0 52186
52187 38636 1:0 52204
52188 38609 21:0 52266
52203 29 1:0 52203
52205 49552 1:0 52251
52250 23 1:0 52250
52252 49553 1:0 52290
52265 38627 21:0 52265
52265 483 21:0 52295
52289 15 1:0 52289
52291 38659 1:0 52296
52294 38641 21:0 52294
52294 38638 21:0 52295
52294 25 21:0 52295
52294 27 21:0 52295
52294 755 21:0 52295
52294 38636 21:0 52295
52294 38663 1:0 52304
52298 38659 21:0 52306
52302 53565 1:0 52304
52303 17 1:0 52303
52305 49551 1:0 52308
52305 49538 1:0 52310
52305 49543 1:0 52310
52309 13 1:0 52309
52309 38663 21:0 52315
52311 38666 1:0 52317
52314 49549 1:0 52318
52314 49536 1:0 52338
52314 49530 1:0 52338
52319 38666 21:0 52397
52339 7 1:0 52341
52339 49534 1:0 52341
52339 755 1:0 52341
52342 38693 1:0 52344
52342 9 1:0 52344
52342 49537 1:0 52347
52343 38684 1:0 52343
52345 38695 1:0 52376
52377 38716 1:0 52392
52393 49523 1:0 52395
52394 5 1:0 52394
52396 38684 21:0 52396
52396 49529 1:0 52400
52396 3 1:0 52421
52396 445 21:0 52486
52399 38698 1:0 52399
52433 53758 1:0 52473
52433 54247 1:0 52473
52474 53528 1:0 52484
52485 11 21:0 52485
52485 5 21:0 52485
52485 38698 21:0 52485
52485 56753 21:0 52486
52485 56740 21:0 52486
52485 3 21:0 52486
52485 38695 21:0 52486
52485 755 21:0 52486
52485 54399 1:0 52489
52485 54122 1:0 52489
52485 54225 1:0 52489
52485 54031 1:0 52489
52485 53752 1:0 52489
52488 13 21:0 52488
52488 56755 21:0 52491
52490 7 21:0 52491
52490 38716 21:0 52491
52490 56727 21:0 52491
52490 54154 1:0 52494
52490 27 1:0 52494
52490 54135 1:0 52494
52490 54261 1:0 52494
52490 54022 1:0 52494
52490 53989 1:0 52494
52492 755 1:0 52494
52493 17 21:0 52493
52493 56757 21:0 52496
52495 54291 1:0 52508
52495 54394 1:0 52508
52495 54328 1:0 52508
52495 37843 1:0 52508
52495 25 1:0 52508
52495 56756 21:0 52514
52509 38114 1:0 52544
52513 23 21:0 52513
52513 15 21:0 52513
52513 56758 21:0 52562
52545 347 1:0 52560
52561 29 21:0 52561
52561 56738 21:0 52562
52561 56742 21:0 52562
52561 56741 21:0 52562
52561 56734 21:0 52562
52561 27 21:0 52564
52561 38071 1:0 52565
52561 37943 1:0 52565
52561 54141 1:0 52565
52564 31 21:0 52564
52564 56788 21:0 52567
52566 9 21:0 52567
52566 38693 21:0 52567
52566 25 21:0 52567
52566 755 21:0 52567
52566 56733 21:0 52567
52566 43 1:0 52570
52566 53536 1:0 52570
52566 407 1:0 52570
52566 221 1:0 52570
52568 755 1:0 52570
52569 35 21:0 52569
52569 56790 21:0 52572
52571 37658 1:0 52584
52571 371 1:0 52584
52571 45 1:0 52584
52571 54254 1:0 52584
52571 56789 21:0 52590
52585 38000 1:0 52620
52589 41 21:0 52589
52589 33 21:0 52589
52589 56791 21:0 52638
52621 38128 1:0 52636
52637 47 21:0 52637
52637 56747 21:0 52638
52637 56773 21:0 52638
52637 56767 21:0 52638
52637 56771 21:0 52638
52637 43 21:0 52640
52637 203 1:0 52641
52637 38057 1:0 52641
52637 53482 1:0 52641
52640 49 21:0 52640
52640 56821 21:0 52643
52642 755 21:0 52643
52642 45 21:0 52643
52642 56754 21:0 52643
52642 63 1:0 52646
52642 37387 1:0 52646
52642 38014 1:0 52646
52642 54240 1:0 52646
52644 755 1:0 52646
52645 53 21:0 52645
52645 56822 21:0 52648
52647 185 1:0 52660
52647 53928 1:0 52660
52647 37900 1:0 52660
52647 61 1:0 52660
52647 56823 21:0 52666
52661 257 1:0 52696
52665 59 21:0 52665
52665 51 21:0 52665
52665 56824 21:0 52714
52697 293 1:0 52712
52713 65 21:0 52713
52713 56766 21:0 52714
52713 56775 21:0 52714
52713 56786 21:0 52714
52713 56774 21:0 52714
52713 63 21:0 52716
52713 54220 1:0 52717
52713 38185 1:0 52717
52713 167 1:0 52717
52716 67 21:0 52716
52716 56854 21:0 52719
52718 56760 21:0 52719
52718 755 21:0 52719
52718 61 21:0 52719
52718 79 1:0 52722
52718 53706 1:0 52722
52718 239 1:0 52722
52718 119 1:0 52722
52720 755 1:0 52722
52721 71 21:0 52721
52721 56855 21:0 52724
52723 38342 1:0 52736
52723 137 1:0 52736
52723 53964 1:0 52736
52723 81 1:0 52736
52723 56856 21:0 52742
52737 38299 1:0 52772
52741 77 21:0 52741
52741 69 21:0 52741
52741 56857 21:0 52790
52773 38228 1:0 52788
52789 83 21:0 52789
52789 56787 21:0 52790
52789 56799 21:0 52790
52789 56780 21:0 52790
52789 56793 21:0 52790
52789 81 21:0 52792
52789 54366 1:0 52793
52789 245 1:0 52793
52789 365 1:0 52793
52792 85 21:0 52792
52792 56887 21:0 52795
52794 755 21:0 52795
52794 79 21:0 52795
52794 56873 21:0 52795
52794 53627 1:0 52798
52794 53997 1:0 52798
52794 54195 1:0 52798
52794 54258 1:0 52798
52794 97 1:0 52798
52794 53930 1:0 52798
52796 755 1:0 52798
52797 89 21:0 52797
52797 56889 21:0 52800
52799 54293 1:0 52812
52799 53833 1:0 52812
52799 53917 1:0 52812
52799 53554 1:0 52812
52799 99 1:0 52812
52799 53845 1:0 52812
52799 56888 21:0 52818
52813 54208 1:0 52853
52813 53766 1:0 52853
52817 95 21:0 52817
52817 87 21:0 52817
52817 56890 21:0 52866
52854 54126 1:0 52864
52865 101 21:0 52865
52865 56870 21:0 52866
52865 56837 21:0 52866
52865 56852 21:0 52866
52865 56819 21:0 52866
52865 99 21:0 52868
52865 54168 1:0 52869
52865 54115 1:0 52869
52865 54108 1:0 52869
52865 54221 1:0 52869
52865 54214 1:0 52869
52868 103 21:0 52868
52868 56920 21:0 52871
52870 755 21:0 52871
52870 97 21:0 52871
52870 56839 21:0 52871
52870 54327 1:0 52874
52870 54393 1:0 52874
52870 117 1:0 52874
52870 54273 1:0 52874
52870 53895 1:0 52874
52870 53767 1:0 52874
52872 755 1:0 52874
52873 107 21:0 52873
52873 56921 21:0 52876
52875 53829 1:0 52888
52875 54313 1:0 52888
52875 115 1:0 52888
52875 53701 1:0 52888
52875 54360 1:0 52888
52875 54056 1:0 52888
52875 56922 21:0 52894
52889 53825 1:0 52924
52889 54253 1:0 52924
52893 113 21:0 52893
52893 105 21:0 52893
52893 56923 21:0 52942
52925 401 1:0 52940
52941 119 21:0 52941
52941 56936 21:0 52941
52941 56951 21:0 52941
52941 56874 21:0 52942
52941 56806 21:0 52942
52941 56865 21:0 52942
52941 56808 21:0 52942
52941 115 21:0 52944
52941 37886 1:0 52945
52941 37430 1:0 52945
52941 54163 1:0 52945
52944 121 21:0 52944
52944 56953 21:0 52947
52946 56832 21:0 52947
52946 755 21:0 52947
52946 117 21:0 52947
52946 54353 1:0 52950
52946 37316 1:0 52950
52946 135 1:0 52950
52946 437 1:0 52950
52948 755 1:0 52950
52949 56952 21:0 52949
52949 125 21:0 52949
52949 56954 21:0 52952
52951 54181 1:0 52964
52951 37330 1:0 52964
52951 37273 1:0 52964
52951 133 1:0 52964
52951 56955 21:0 52970
52965 455 1:0 53000
52969 131 21:0 52969
52969 56964 21:0 52969
52969 123 21:0 52969
52969 56956 21:0 53018
53001 37202 1:0 53016
53017 137 21:0 53017
53017 56973 21:0 53017
53017 56972 21:0 53017
53017 56826 21:0 53018
53017 56833 21:0 53018
53017 56866 21:0 53018
53017 56872 21:0 53018
53017 133 21:0 53020
53017 36646 1:0 53021
53017 53437 1:0 53021
53017 473 1:0 53021
53020 139 21:0 53020
53020 56986 21:0 53023
53022 755 21:0 53023
53022 56846 21:0 53023
53022 135 21:0 53023
53022 151 1:0 53026
53022 54386 1:0 53026
53022 491 1:0 53026
53022 551 1:0 53026
53024 755 1:0 53026
53025 143 21:0 53025
53025 56987 21:0 53028
53027 149 1:0 53038
53027 153 1:0 53040
53027 635 1:0 53040
53027 54390 1:0 53040
53027 56988 21:0 53046
53041 515 1:0 53076
53045 149 21:0 53045
53045 141 21:0 53045
53045 56989 21:0 53094
53077 36817 1:0 53092
53093 155 21:0 53093
53093 57002 21:0 53093
53093 56853 21:0 53094
53093 56885 21:0 53094
53093 56840 21:0 53094
53093 56813 21:0 53094
53093 153 21:0 53096
53093 623 1:0 53097
53093 54287 1:0 53097
53093 37145 1:0 53097
53096 157 21:0 53096
53096 57019 21:0 53099
53098 56807 21:0 53099
53098 755 21:0 53099
53098 151 21:0 53099
53098 587 1:0 53102
53098 36860 1:0 53102
53098 54320 1:0 53102
53098 171 1:0 53102
53100 755 1:0 53102
53101 57018 21:0 53101
53101 161 21:0 53101
53101 57020 21:0 53104
53103 36803 1:0 53116
53103 169 1:0 53116
53103 54130 1:0 53116
53103 695 1:0 53116
53103 57021 21:0 53122
53117 527 1:0 53152
53121 167 21:0 53121
53121 159 21:0 53121
53121 57022 21:0 53170
53153 509 1:0 53168
53169 173 21:0 53169
53169 57037 21:0 53169
53169 57031 21:0 53169
53169 57039 21:0 53169
53169 57038 21:0 53169
53169 57035 21:0 53169
53169 57050 21:0 53169
53169 56804 21:0 53170
53169 56859 21:0 53170
53169 56820 21:0 53170
53169 56841 21:0 53170
53169 169 21:0 53172
53169 479 1:0 53173
53169 36589 1:0 53173
53169 53548 1:0 53173
53172 175 21:0 53172
53172 57052 21:0 53175
53174 171 21:0 53175
53174 755 21:0 53175
53174 56800 21:0 53175
53174 37615 1:0 53178
53174 54419 1:0 53178
53174 187 1:0 53178
53174 335 1:0 53178
53176 755 1:0 53178
53177 179 21:0 53177
53177 57054 21:0 53180
53179 54262 1:0 53192
53179 53692 1:0 53192
53179 53330 1:0 53192
53179 189 1:0 53192
53179 54324 1:0 53192
53179 53746 1:0 53192
53179 57053 21:0 53198
53193 36475 1:0 53228
53197 185 21:0 53197
53197 57044 21:0 53197
53197 57063 21:0 53197
53197 177 21:0 53197
53197 57055 21:0 53246
53229 713 1:0 53244
53245 191 21:0 53245
53245 57064 21:0 53245
53245 56892 21:0 53246
53245 56898 21:0 53246
53245 56886 21:0 53246
53245 56879 21:0 53246
53245 187 21:0 53248
53245 37259 1:0 53249
53245 54142 1:0 53249
53245 545 1:0 53249
53248 193 21:0 53248
53248 57085 21:0 53251
53250 755 21:0 53251
53250 56903 21:0 53251
53250 189 21:0 53251
53250 443 1:0 53254
53250 707 1:0 53254
53250 53932 1:0 53254
53250 207 1:0 53254
53252 755 1:0 53254
53253 57084 21:0 53253
53253 197 21:0 53253
53253 57086 21:0 53256
53255 205 1:0 53268
53255 53693 1:0 53268
53255 37159 1:0 53268
53255 36874 1:0 53268
53255 57087 21:0 53274
53269 209 1:0 53307
53273 203 21:0 53273
53273 195 21:0 53273
53273 57088 21:0 53322
53305 36461 1:0 53320
53321 209 21:0 53321
53321 57105 21:0 53321
53321 57103 21:0 53321
53321 56905 21:0 53322
53321 56907 21:0 53322
53321 56899 21:0 53322
53321 56918 21:0 53322
53321 205 21:0 53324
53321 54426 1:0 53325
53321 659 1:0 53325
53321 641 1:0 53325
53324 211 21:0 53324
53324 57118 21:0 53327
53326 207 21:0 53327
53326 755 21:0 53327
53326 56906 21:0 53327
53326 37088 1:0 53330
53326 54159 1:0 53330
53326 223 1:0 53330
53326 37031 1:0 53330
53328 755 1:0 53330
53329 215 21:0 53329
53329 57119 21:0 53332
53331 53990 1:0 53344
53331 225 1:0 53344
53331 36988 1:0 53344
53331 36974 1:0 53344
53331 57120 21:0 53350
53345 37045 1:0 53380
53349 221 21:0 53349
53349 57129 21:0 53349
53349 213 21:0 53349
53349 57121 21:0 53398
53381 569 1:0 53396
53397 227 21:0 53397
53397 57123 21:0 53397
53397 57137 21:0 53397
53397 57138 21:0 53397
53397 57130 21:0 53397
53397 57149 21:0 53397
53397 56912 21:0 53398
53397 56919 21:0 53398
53397 56931 21:0 53398
53397 56925 21:0 53398
53397 225 21:0 53400
53397 54306 1:0 53401
53397 581 1:0 53401
53397 605 1:0 53401
53400 229 21:0 53400
53400 57151 21:0 53403
53402 57134 21:0 53403
53402 755 21:0 53403
53402 223 21:0 53403
53402 54089 1:0 53406
53402 653 1:0 53406
53402 617 1:0 53406
53402 241 1:0 53406
53404 755 1:0 53406
53405 57150 21:0 53405
53405 233 21:0 53405
53405 57153 21:0 53408
53407 243 1:0 53420
53407 53858 1:0 53420
53407 36632 1:0 53420
53407 36575 1:0 53420
53407 57152 21:0 53426
53421 36518 1:0 53456
53425 239 21:0 53425
53425 57162 21:0 53425
53425 57143 21:0 53425
53425 231 21:0 53425
53425 57154 21:0 53474
53457 689 1:0 53472
53473 245 21:0 53473
53473 57171 21:0 53473
53473 57167 21:0 53473
53473 57170 21:0 53473
53473 57156 21:0 53473
53473 57169 21:0 53473
53473 57163 21:0 53473
53473 57182 21:0 53473
53473 56939 21:0 53474
53473 57030 21:0 53474
53473 56991 21:0 53474
53473 57051 21:0 53474
53473 243 21:0 53476
53473 53679 1:0 53477
53473 36703 1:0 53477
53473 36689 1:0 53477
53476 247 21:0 53476
53476 57184 21:0 53479
53478 241 21:0 53479
53478 755 21:0 53479
53478 56998 21:0 53479
53478 53891 1:0 53482
53478 259 1:0 53482
53478 677 1:0 53482
53478 671 1:0 53482
53480 755 1:0 53482
53481 57183 21:0 53481
53481 251 21:0 53481
53481 57186 21:0 53484
53483 54307 1:0 53496
53483 54188 1:0 53496
53483 54027 1:0 53496
53483 261 1:0 53496
53483 53726 1:0 53496
53483 54418 1:0 53496
53483 57185 21:0 53502
53497 299 1:0 53532
53501 257 21:0 53501
53501 57195 21:0 53501
53501 57176 21:0 53501
53501 249 21:0 53501
53501 57187 21:0 53550
53533 37544 1:0 53548
53549 263 21:0 53549
53549 57215 21:0 53549
53549 57204 21:0 53549
53549 57200 21:0 53549
53549 57202 21:0 53549
53549 57203 21:0 53549
53549 57196 21:0 53549
53549 57189 21:0 53549
53549 56985 21:0 53550
53549 57057 21:0 53550
53549 57116 21:0 53550
53549 57077 21:0 53550
53549 259 21:0 53552
53549 37102 1:0 53553
53549 425 1:0 53553
53549 54196 1:0 53553
53552 265 21:0 53552
53552 57217 21:0 53555
53554 261 21:0 53555
53554 755 21:0 53555
53554 56965 21:0 53555
53554 279 1:0 53558
53554 53862 1:0 53558
53554 563 1:0 53558
53554 533 1:0 53558
53556 755 1:0 53558
53557 57216 21:0 53557
53557 269 21:0 53557
53557 57219 21:0 53560
53559 36760 1:0 53572
53559 54357 1:0 53572
53559 277 1:0 53572
53559 36931 1:0 53572
53559 57218 21:0 53578
53573 37957 1:0 53608
53577 275 21:0 53577
53577 57209 21:0 53577
53577 57228 21:0 53577
53577 267 21:0 53577
53577 57220 21:0 53626
53609 37558 1:0 53624
53625 281 21:0 53625
53625 57236 21:0 53625
53625 57235 21:0 53625
53625 57229 21:0 53625
53625 57222 21:0 53625
53625 57233 21:0 53625
53625 57237 21:0 53625
53625 57248 21:0 53625
53625 57072 21:0 53626
53625 57070 21:0 53626
53625 57068 21:0 53626
53625 57096 21:0 53626
53625 277 21:0 53628
53625 54274 1:0 53629
53625 36917 1:0 53629
53625 497 1:0 53629
53627 283 21:0 53627
53627 755 21:0 53628
53628 57250 21:0 53631
53630 279 21:0 53631
53630 57101 21:0 53631
53630 54352 1:0 53634
53630 297 1:0 53634
53630 36746 1:0 53634
53630 599 1:0 53634
53632 755 1:0 53634
53633 57249 21:0 53633
53633 287 21:0 53633
53633 57251 21:0 53636
53635 37216 1:0 53648
53635 54294 1:0 53648
53635 295 1:0 53648
53635 36532 1:0 53648
53635 57252 21:0 53654
53649 54102 1:0 53689
53649 53734 1:0 53689
53653 293 21:0 53653
53653 57261 21:0 53653
53653 57242 21:0 53653
53653 285 21:0 53653
53653 57253 21:0 53702
53690 53763 1:0 53700
53701 299 21:0 53701
53701 57255 21:0 53701
53701 57270 21:0 53701
53701 57281 21:0 53701
53701 57266 21:0 53701
53701 57262 21:0 53701
53701 57269 21:0 53701
53701 57268 21:0 53701
53701 57071 21:0 53702
53701 57011 21:0 53702
53701 56958 21:0 53702
53701 57004 21:0 53702
53701 295 21:0 53704
53701 53779 1:0 53705
53701 53745 1:0 53705
53701 54060 1:0 53705
53701 53449 1:0 53705
53701 53998 1:0 53705
53704 301 21:0 53704
53704 57283 21:0 53707
53706 57005 21:0 53707
53706 297 21:0 53707
53706 755 21:0 53707
53706 53404 1:0 53710
53706 315 1:0 53710
53706 53667 1:0 53710
53706 53602 1:0 53710
53706 53800 1:0 53710
53706 53865 1:0 53710
53708 755 1:0 53710
53709 57282 21:0 53709
53709 303 1:0 53709
53709 305 21:0 53709
53709 57285 21:0 53712
53711 311 1:0 53722
53711 53944 1:0 53724
53711 313 1:0 53724
53711 54076 1:0 53724
53711 53541 1:0 53724
53711 57284 21:0 53730
53725 317 1:0 53763
53729 311 21:0 53729
53729 57294 21:0 53729
53729 57275 21:0 53729
53729 303 21:0 53729
53729 57286 21:0 53778
53766 53614 1:0 53776
53775 319 1:0 53775
53777 317 21:0 53777
53777 57303 21:0 53777
53777 57302 21:0 53777
53777 57314 21:0 53777
53777 57299 21:0 53777
53777 57288 21:0 53777
53777 57295 21:0 53777
53777 57301 21:0 53777
53777 57117 21:0 53778
53777 57136 21:0 53778
53777 755 21:0 53778
53777 56940 21:0 53778
53777 56932 21:0 53778
53777 53877 1:0 53781
53777 53791 1:0 53781
53777 53646 1:0 53781
53777 53499 1:0 53781
53777 53961 1:0 53781
53780 323 1:0 53780
53780 319 21:0 53780
53780 57316 21:0 53783
53782 313 21:0 53783
53782 57017 21:0 53783
53782 315 21:0 53783
53782 53778 1:0 53786
53782 53587 1:0 53786
53782 53772 1:0 53786
53782 331 1:0 53786
53782 53574 1:0 53786
53782 53303 1:0 53786
53784 755 1:0 53786
53785 57315 21:0 53785
53785 321 1:0 53785
53785 323 21:0 53785
53785 57317 21:0 53788
53787 53796 1:0 53800
53787 53812 1:0 53800
53787 53594 1:0 53800
53787 333 1:0 53800
53787 53593 1:0 53800
53787 54016 1:0 53800
53787 57318 21:0 53806
53801 37786 1:0 53836
53805 329 21:0 53805
53805 57308 21:0 53805
53805 57327 21:0 53805
53805 321 21:0 53805
53805 57319 21:0 53854
53837 37772 1:0 53852
53851 337 1:0 53851
53853 335 21:0 53853
53853 57321 21:0 53853
53853 57328 21:0 53853
53853 57347 21:0 53853
53853 57334 21:0 53853
53853 57336 21:0 53853
53853 57335 21:0 53853
53853 57332 21:0 53853
53853 56971 21:0 53854
53853 56997 21:0 53854
53853 56945 21:0 53854
53853 57083 21:0 53854
53853 333 21:0 53856
53853 37715 1:0 53857
53853 37729 1:0 53857
53853 54064 1:0 53857
53856 341 1:0 53856
53856 337 21:0 53856
53856 57349 21:0 53859
53858 57090 21:0 53859
53858 755 21:0 53859
53858 331 21:0 53859
53858 461 1:0 53862
53858 351 1:0 53862
53858 37672 1:0 53862
53858 53970 1:0 53862
53861 57348 21:0 53861
53861 339 1:0 53861
53861 341 21:0 53861
53861 57351 21:0 53864
53863 53911 1:0 53876
53863 53739 1:0 53876
53863 53765 1:0 53876
53863 54174 1:0 53876
53863 53640 1:0 53876
53863 349 1:0 53876
53863 57350 21:0 53882
53865 755 1:0 53867
53877 53943 1:0 53917
53877 53818 1:0 53917
53881 347 21:0 53881
53881 57360 21:0 53881
53881 57341 21:0 53881
53881 339 21:0 53881
53881 57352 21:0 53930
53918 53878 1:0 53928
53927 355 1:0 53927
53929 353 21:0 53929
53929 57368 21:0 53929
53929 57367 21:0 53929
53929 57380 21:0 53929
53929 57354 21:0 53929
53929 57365 21:0 53929
53929 57369 21:0 53929
53929 57361 21:0 53929
53929 57024 21:0 53930
53929 57110 21:0 53930
53929 56969 21:0 53930
53929 56984 21:0 53930
53929 349 21:0 53932
53929 53857 1:0 53933
53929 367 1:0 53933
53929 53700 1:0 53933
53929 53838 1:0 53933
53929 53931 1:0 53933
53929 53937 1:0 53933
53932 359 1:0 53932
53932 355 21:0 53932
53932 57382 21:0 53935
53934 755 21:0 53935
53934 351 21:0 53935
53934 56978 21:0 53935
53934 53607 1:0 53938
53934 369 1:0 53938
53934 53924 1:0 53938
53934 53957 1:0 53938
53934 53653 1:0 53938
53934 53963 1:0 53938
53936 755 1:0 53938
53937 57381 21:0 53937
53937 357 1:0 53937
53937 359 21:0 53937
53937 57384 21:0 53940
53939 57383 21:0 53958
53939 445 1:0 54004
53957 365 21:0 53957
53957 57393 21:0 53957
53957 57374 21:0 53957
53957 357 21:0 53957
53957 57385 21:0 54006
53994 53712 1:0 54004
54003 373 1:0 54003
54003 377 1:0 54003
54005 371 21:0 54005
54005 57400 21:0 54005
54005 57394 21:0 54005
54005 57401 21:0 54005
54005 57402 21:0 54005
54005 57387 21:0 54005
54005 57398 21:0 54005
54005 57413 21:0 54005
54005 57104 21:0 54006
54005 56938 21:0 54006
54005 57006 21:0 54006
54005 57097 21:0 54006
54005 369 21:0 54008
54005 483 1:0 54014
54008 373 21:0 54008
54008 57415 21:0 54011
54010 755 21:0 54011
54010 367 21:0 54011
54010 53899 1:0 54014
54010 53805 1:0 54014
54010 387 1:0 54014
54010 53673 1:0 54014
54010 385 1:0 54014
54012 755 1:0 54014
54013 57414 21:0 54013
54013 377 21:0 54013
54013 375 1:0 54013
54013 57417 21:0 54016
54015 57416 21:0 54034
54015 501 1:0 54080
54033 383 21:0 54033
54033 57426 21:0 54033
54033 57407 21:0 54033
54033 375 21:0 54033
54033 57418 21:0 54082
54070 53831 1:0 54080
54079 391 1:0 54079
54079 395 1:0 54079
54081 389 21:0 54081
54081 57446 21:0 54081
54081 57435 21:0 54081
54081 57433 21:0 54081
54081 57427 21:0 54081
54081 57431 21:0 54081
54081 57420 21:0 54081
54081 57434 21:0 54081
54081 387 21:0 54082
54081 755 21:0 54082
54081 385 21:0 54082
54081 467 1:0 54090
54084 391 21:0 54084
54084 57448 21:0 54087
54086 53466 1:0 54090
54086 403 1:0 54090
54086 53634 1:0 54090
54086 405 1:0 54090
54086 53488 1:0 54090
54088 755 1:0 54090
54089 57447 21:0 54089
54089 395 21:0 54089
54089 393 1:0 54089
54089 57450 21:0 54092
54091 57449 21:0 54110
54091 485 1:0 54156
54109 401 21:0 54109
54109 57459 21:0 54109
54109 57440 21:0 54109
54109 393 21:0 54109
54109 57451 21:0 54158
54146 53635 1:0 54156
54155 409 1:0 54155
54155 413 1:0 54155
54157 407 21:0 54157
54157 57460 21:0 54157
54157 57466 21:0 54157
54157 57464 21:0 54157
54157 57467 21:0 54157
54157 57453 21:0 54157
54157 57468 21:0 54157
54157 57479 21:0 54157
54157 403 21:0 54158
54157 755 21:0 54158
54157 405 21:0 54158
54157 447 1:0 54166
54160 409 21:0 54160
54160 57481 21:0 54163
54162 53429 1:0 54166
54162 421 1:0 54166
54162 423 1:0 54166
54162 53725 1:0 54166
54162 53697 1:0 54166
54164 755 1:0 54166
54165 57480 21:0 54165
54165 413 21:0 54165
54165 411 1:0 54165
54165 57482 21:0 54168
54167 57483 21:0 54186
54167 499 1:0 54232
54185 419 21:0 54185
54185 57492 21:0 54185
54185 57473 21:0 54185
54185 411 21:0 54185
54185 57484 21:0 54234
54222 53334 1:0 54232
54231 427 1:0 54231
54231 431 1:0 54231
54233 425 21:0 54233
54233 57499 21:0 54233
54233 57500 21:0 54233
54233 57501 21:0 54233
54233 57497 21:0 54233
54233 57512 21:0 54233
54233 57493 21:0 54233
54233 57486 21:0 54233
54233 755 21:0 54234
54233 421 21:0 54234
54233 423 21:0 54234
54233 463 1:0 54242
54236 427 21:0 54236
54236 57514 21:0 54239
54238 53535 1:0 54242
54238 53567 1:0 54242
54238 53633 1:0 54242
54238 439 1:0 54242
54238 441 1:0 54242
54240 755 1:0 54242
54241 57513 21:0 54241
54241 431 21:0 54241
54241 429 1:0 54241
54241 57515 21:0 54244
54243 57516 21:0 54262
54243 539 1:0 54308
54261 437 21:0 54261
54261 57525 21:0 54261
54261 57506 21:0 54261
54261 429 21:0 54261
54261 57517 21:0 54310
54298 53515 1:0 54308
54307 449 1:0 54307
54309 443 21:0 54309
54309 57530 21:0 54309
54309 57526 21:0 54309
54309 57532 21:0 54309
54309 57545 21:0 54309
54309 57519 21:0 54309
54309 57533 21:0 54309
54309 57534 21:0 54309
54309 439 21:0 54310
54309 441 21:0 54310
54309 755 21:0 54310
54309 537 1:0 54318
54312 445 21:0 54312
54312 57547 21:0 54315
54314 457 1:0 54318
54314 53534 1:0 54318
54314 459 1:0 54318
54314 53402 1:0 54318
54314 53601 1:0 54318
54316 755 1:0 54318
54317 57546 21:0 54317
54317 449 21:0 54317
54317 57548 21:0 54320
54319 57549 21:0 54338
54319 553 1:0 54384
54337 455 21:0 54337
54337 57539 21:0 54337
54337 57558 21:0 54337
54337 447 21:0 54337
54337 57550 21:0 54386
54374 53713 1:0 54384
54385 461 21:0 54385
54385 57559 21:0 54385
54385 57565 21:0 54385
54385 57552 21:0 54385
54385 57578 21:0 54385
54385 57567 21:0 54385
54385 57563 21:0 54385
54385 57566 21:0 54385
54385 457 21:0 54386
54385 459 21:0 54386
54385 755 21:0 54386
54385 557 1:0 54394
54388 463 21:0 54388
54388 57580 21:0 54391
54390 475 1:0 54394
54390 477 1:0 54394
54390 53620 1:0 54394
54390 53494 1:0 54394
54390 53560 1:0 54394
54392 755 1:0 54394
54393 57579 21:0 54393
54393 467 21:0 54393
54393 465 1:0 54393
54393 57581 21:0 54396
54395 57582 21:0 54414
54395 571 1:0 54460
54413 57572 21:0 54413
54413 57591 21:0 54413
54413 465 21:0 54413
54413 57583 21:0 54462
54450 53415 1:0 54460
54459 481 1:0 54459
54461 57611 21:0 54461
54461 57600 21:0 54461
54461 57599 21:0 54461
54461 57596 21:0 54461
54461 57592 21:0 54461
54461 57585 21:0 54461
54461 57598 21:0 54461
54461 477 21:0 54462
54461 755 21:0 54462
54461 475 21:0 54462
54461 589 1:0 54470
54464 481 21:0 54464
54464 57613 21:0 54467
54466 53733 1:0 54470
54466 495 1:0 54470
54466 53719 1:0 54470
54466 493 1:0 54470
54466 53527 1:0 54470
54468 755 1:0 54470
54469 57612 21:0 54469
54469 485 21:0 54469
54469 57614 21:0 54472
54471 57615 21:0 54490
54471 591 1:0 54536
54489 57605 21:0 54489
54489 57624 21:0 54489
54489 483 21:0 54489
54489 57616 21:0 54538
54493 477 1:0 54520
54521 475 1:0 54525
54526 459 1:0 54536
54526 457 1:0 54536
54526 53495 1:0 54536
54535 503 1:0 54535
54537 57629 21:0 54537
54537 57631 21:0 54537
54537 57633 21:0 54537
54537 57632 21:0 54537
54537 57625 21:0 54537
54537 57618 21:0 54537
54537 57644 21:0 54537
54537 755 21:0 54538
54537 573 1:0 54546
54540 499 21:0 54540
54540 57646 21:0 54543
54542 53666 1:0 54546
54542 53547 1:0 54546
54542 53647 1:0 54546
54542 513 1:0 54546
54542 511 1:0 54546
54544 755 1:0 54546
54545 57645 21:0 54545
54545 503 21:0 54545
54545 57647 21:0 54548
54547 57648 21:0 54566
54547 575 1:0 54612
54565 57657 21:0 54565
54565 57638 21:0 54565
54565 501 21:0 54565
54565 57649 21:0 54614
54569 439 1:0 54596
54597 441 1:0 54601
54602 423 1:0 54612
54602 53501 1:0 54612
54602 421 1:0 54612
54611 517 1:0 54611
54611 521 1:0 54611
54613 57658 21:0 54613
54613 57662 21:0 54613
54613 57665 21:0 54613
54613 57666 21:0 54613
54613 57677 21:0 54613
54613 57664 21:0 54613
54613 57651 21:0 54613
54613 755 21:0 54614
54613 593 1:0 54622
54616 517 21:0 54616
54616 57679 21:0 54619
54618 529 1:0 54622
54618 53680 1:0 54622
54618 53626 1:0 54622
54618 531 1:0 54622
54618 53301 1:0 54622
54620 755 1:0 54622
54621 57678 21:0 54621
54621 521 21:0 54621
54621 519 1:0 54621
54621 57681 21:0 54624
54623 57680 21:0 54642
54623 555 1:0 54688
54641 57690 21:0 54641
54641 57671 21:0 54641
54641 519 21:0 54641
54641 57682 21:0 54690
54645 403 1:0 54672
54673 405 1:0 54677
54678 53502 1:0 54688
54678 387 1:0 54688
54678 385 1:0 54688
54687 535 1:0 54687
54689 57695 21:0 54689
54689 57697 21:0 54689
54689 57684 21:0 54689
54689 57691 21:0 54689
54689 57699 21:0 54689
54689 57698 21:0 54689
54689 57710 21:0 54689
54689 755 21:0 54690
54689 611 1:0 54698
54692 535 21:0 54692
54692 57712 21:0 54695
54694 53389 1:0 54698
54694 53371 1:0 54698
54694 547 1:0 54698
54694 549 1:0 54698
54694 53631 1:0 54698
54696 755 1:0 54698
54697 57711 21:0 54697
54697 539 21:0 54697
54697 57713 21:0 54700
54699 57714 21:0 54718
54699 607 1:0 54764
54717 57704 21:0 54717
54717 57723 21:0 54717
54717 537 21:0 54717
54717 57715 21:0 54766
54721 367 1:0 54748
54749 369 1:0 54753
54754 349 1:0 54764
54754 351 1:0 54764
54754 53686 1:0 54764
54765 609 1:0 54774
54768 57732 21:0 54768
54768 57728 21:0 54768
54768 57743 21:0 54768
54768 57730 21:0 54768
54768 57724 21:0 54768
54768 57731 21:0 54768
54768 57717 21:0 54768
54768 553 21:0 54768
54768 57745 21:0 54771
54770 565 1:0 54774
54770 53613 1:0 54774
54770 53598 1:0 54774
54770 331 1:0 54774
54770 53730 1:0 54774
54770 567 1:0 54774
54773 57744 21:0 54773
54773 557 21:0 54773
54773 57747 21:0 54776
54775 57746 21:0 54794
54775 645 1:0 54840
54793 57737 21:0 54793
54793 57756 21:0 54793
54793 555 21:0 54793
54793 57748 21:0 54842
54797 333 1:0 54824
54825 315 1:0 54829
54830 313 1:0 54840
54830 53664 1:0 54840
54830 297 1:0 54840
54841 57776 21:0 54841
54841 57757 21:0 54841
54841 57761 21:0 54841
54841 57764 21:0 54841
54841 57750 21:0 54841
54841 57765 21:0 54841
54841 57763 21:0 54841
54841 755 21:0 54842
54841 647 1:0 54850
54844 571 21:0 54844
54844 57778 21:0 54847
54846 57097 1:0 54850
54846 53659 1:0 54850
54846 583 1:0 54850
54846 585 1:0 54850
54846 53503 1:0 54850
54848 755 1:0 54850
54849 57777 21:0 54849
54849 575 21:0 54849
54849 57780 21:0 54852
54851 57779 21:0 54870
54851 661 1:0 54916
54869 57770 21:0 54869
54869 57789 21:0 54869
54869 573 21:0 54869
54869 57781 21:0 54918
54873 295 1:0 54900
54901 279 1:0 54905
54906 277 1:0 54916
54906 261 1:0 54916
54906 57006 1:0 54916
54917 57783 21:0 54917
54917 57809 21:0 54917
54917 57797 21:0 54917
54917 57794 21:0 54917
54917 57790 21:0 54917
54917 57796 21:0 54917
54917 57798 21:0 54917
54917 755 21:0 54918
54917 629 1:0 54926
54920 589 21:0 54920
54920 57811 21:0 54923
54922 601 1:0 54926
54922 53382 1:0 54926
54922 53317 1:0 54926
54922 53363 1:0 54926
54922 603 1:0 54926
54924 755 1:0 54926
54925 57810 21:0 54925
54925 593 21:0 54925
54925 57812 21:0 54928
54927 57813 21:0 54946
54927 625 1:0 54992
54945 57803 21:0 54945
54945 57822 21:0 54945
54945 591 21:0 54945
54945 57814 21:0 54994
54949 259 1:0 54976
54977 241 1:0 54981
54982 225 1:0 54992
54982 223 1:0 54992
54982 53362 1:0 54992
54993 57831 21:0 54993
54993 57842 21:0 54993
54993 57823 21:0 54993
54993 57829 21:0 54993
54993 57830 21:0 54993
54993 57816 21:0 54993
54993 57827 21:0 54993
54993 755 21:0 54994
54993 627 1:0 55002
54996 607 21:0 54996
54996 57844 21:0 54999
54998 621 1:0 55002
54998 619 1:0 55002
54998 53383 1:0 55002
54998 53403 1:0 55002
54998 53448 1:0 55002
55000 755 1:0 55002
55001 57843 21:0 55001
55001 611 21:0 55001
55001 57845 21:0 55004
55003 57846 21:0 55022
55003 643 1:0 55068
55021 57855 21:0 55021
55021 57836 21:0 55021
55021 609 21:0 55021
55021 57847 21:0 55070
55025 207 1:0 55052
55053 205 1:0 55057
55058 53304 1:0 55068
55058 187 1:0 55068
55058 189 1:0 55068
55069 57863 21:0 55069
55069 57849 21:0 55069
55069 57856 21:0 55069
55069 57860 21:0 55069
55069 57864 21:0 55069
55069 57875 21:0 55069
55069 57862 21:0 55069
55069 755 21:0 55070
55069 665 1:0 55078
55072 625 21:0 55072
55072 57877 21:0 55075
55074 639 1:0 55078
55074 53323 1:0 55078
55074 637 1:0 55078
55074 53436 1:0 55078
55074 53416 1:0 55078
55076 755 1:0 55078
55077 57876 21:0 55077
55077 629 21:0 55077
55077 57878 21:0 55080
55079 57879 21:0 55098
55079 663 1:0 55144
55097 57888 21:0 55097
55097 57869 21:0 55097
55097 627 21:0 55097
55097 57880 21:0 55146
55101 171 1:0 55128
55129 151 1:0 55133
55134 153 1:0 55144
55134 135 1:0 55144
55134 53305 1:0 55144
55145 57895 21:0 55145
55145 57882 21:0 55145
55145 57908 21:0 55145
55145 57889 21:0 55145
55145 57896 21:0 55145
55145 57897 21:0 55145
55145 57893 21:0 55145
55145 755 21:0 55146
55145 679 1:0 55154
55148 643 21:0 55148
55148 57910 21:0 55151
55150 53461 1:0 55154
55150 53367 1:0 55154
55150 53310 1:0 55154
55150 655 1:0 55154
55150 657 1:0 55154
55152 755 1:0 55154
55155 683 1:0 55220
55161 57909 21:0 55161
55161 57902 21:0 55161
55161 645 21:0 55161
55161 647 21:0 55161
55161 57911 21:0 55161
55161 57913 21:0 55161
55161 57912 21:0 55161
55161 755 21:0 55163
55173 755 1:0 55176
55177 133 1:0 55204
55192 755 21:0 55197
55205 97 1:0 55209
55210 99 1:0 55220
55210 53376 1:0 55220
55210 79 1:0 55220
55221 697 1:0 55230
55226 53435 1:0 55230
55226 53395 1:0 55230
55226 675 1:0 55230
55226 673 1:0 55230
55226 53433 1:0 55230
55228 755 1:0 55230
55231 681 1:0 55296
55237 665 21:0 55237
55237 661 21:0 55237
55237 57944 21:0 55237
55237 57946 21:0 55237
55237 57945 21:0 55237
55237 57943 21:0 55237
55237 755 21:0 55239
55249 755 1:0 55252
55253 61 1:0 55280
55268 57955 21:0 55268
55268 57954 21:0 55268
55268 755 21:0 55273
55281 63 1:0 55285
55286 53409 1:0 55296
55286 45 1:0 55296
55286 25 1:0 55296
55297 699 1:0 55306
55302 53481 1:0 55306
55302 53400 1:0 55306
55302 53329 1:0 55306
55302 693 1:0 55306
55302 691 1:0 55306
55304 755 1:0 55306
55307 701 1:0 55372
55313 57974 21:0 55313
55313 57963 21:0 55313
55313 57968 21:0 55313
55313 57948 21:0 55313
55313 57959 21:0 55313
55313 57962 21:0 55313
55313 57961 21:0 55313
55313 57979 21:0 55313
55313 57977 21:0 55313
55313 57978 21:0 55313
55313 57976 21:0 55313
55313 755 21:0 55315
55325 755 1:0 55328
55329 38636 1:0 55356
55344 57988 21:0 55344
55344 57987 21:0 55344
55344 755 21:0 55349
55357 38579 1:0 55361
55362 53284 1:0 55372
55362 38522 1:0 55372
55362 38524 1:0 55372
55373 715 1:0 55382
55378 711 1:0 55382
55378 53462 1:0 55382
55378 53337 1:0 55382
55378 53349 1:0 55382
55378 709 1:0 55382
55380 755 1:0 55382
55383 719 1:0 55448
55389 58007 21:0 55389
55389 58001 21:0 55389
55389 57992 21:0 55389
55389 57995 21:0 55389
55389 57981 21:0 55389
55389 57996 21:0 55389
55389 57994 21:0 55389
55389 58012 21:0 55389
55389 58010 21:0 55389
55389 58011 21:0 55389
55389 58009 21:0 55389
55389 755 21:0 55391
55401 755 1:0 55404
55405 38410 1:0 55432
55420 755 21:0 55425
55433 38353 1:0 55437
55438 38351 1:0 55448
55438 36757 1:0 55448
55438 53338 1:0 55448
55449 717 1:0 55456
55454 54443 1:0 55458
55459 36700 1:0 55464
55459 54441 1:0 55464
55459 36755 1:0 55464
55459 36698 1:0 55464
55459 53428 1:0 55464
55463 742 1:0 55463
55465 36436 1:0 55470
55468 54442 1:0 55472
55472 58045 21:0 55472
55472 58044 21:0 55472
55472 58043 21:0 55472
55472 58042 21:0 55472
55472 36436 21:0 55480
55476 36440 1:0 55481
55479 54440 1:0 55482
55483 36440 21:0 55489
55485 36443 1:0 55491
55488 37097 1:0 55491
55488 36472 1:0 55491
55488 53336 1:0 55509
55488 53455 1:0 55509
55488 53422 1:0 55509
55490 755 1:0 55491
55492 36470 1:0 55509
55493 36443 21:0 55571
55510 54410 1:0 55556
55557 54408 1:0 55595
55570 36461 21:0 55570
55570 713 21:0 55570
55570 742 21:0 55570
55570 715 21:0 55600
55596 36493 1:0 55601
55599 36475 21:0 55599
55599 707 21:0 55599
55599 54409 1:0 55603
55599 717 21:0 55608
55607 719 21:0 55611
55607 36497 1:0 55612
55610 54407 1:0 55613
55610 36493 21:0 55620
55616 36500 1:0 55622
55619 701 21:0 55619
55619 36497 21:0 55619
55619 755 21:0 55620
55619 36529 1:0 55622
55619 36643 1:0 55622
55619 53442 1:0 55640
55619 53343 1:0 55640
55619 53370 1:0 55640
55621 755 1:0 55622
55623 36527 1:0 55640
55624 697 21:0 55624
55624 36500 21:0 55702
55641 54377 1:0 55687
55688 54375 1:0 55726
55701 695 21:0 55701
55701 36518 21:0 55701
55701 699 21:0 55731
55727 36550 1:0 55732
55730 689 21:0 55730
55730 36532 21:0 55730
55730 755 21:0 55731
55730 54376 1:0 55734
55738 36554 1:0 55743
55741 54374 1:0 55744
55747 36557 1:0 55753
55750 36586 1:0 55753
55750 36641 1:0 55753
55750 53369 1:0 55771
55750 53277 1:0 55771
55750 53297 1:0 55771
55752 755 1:0 55753
55754 36584 1:0 55771
55755 36550 21:0 55755
55755 681 21:0 55755
55755 36554 21:0 55755
55755 683 21:0 55755
55755 679 21:0 55755
55755 36557 21:0 55833
55772 54344 1:0 55818
55819 54342 1:0 55857
55832 677 21:0 55832
55832 36575 21:0 55832
55832 673 21:0 55852
55851 36584 21:0 55859
55858 675 21:0 55859
55858 755 21:0 55859
55858 36586 21:0 55859
55858 36607 1:0 55863
55861 54343 1:0 55865
55864 665 1:0 55864
55865 36607 21:0 55873
55869 36611 1:0 55874
55872 54341 1:0 55875
55874 661 1:0 55874
55876 665 21:0 55876
55876 36611 21:0 55882
55878 36614 1:0 55884
55881 37042 1:0 55884
55881 36983 1:0 55884
55881 53296 1:0 55902
55881 53468 1:0 55902
55881 53290 1:0 55902
55883 755 1:0 55884
55885 36928 1:0 55902
55886 661 21:0 55886
55886 36614 21:0 55964
55903 54311 1:0 55949
55950 54309 1:0 55988
55963 659 21:0 55963
55963 36632 21:0 55963
55963 663 21:0 55993
55987 645 1:0 55987
55989 36664 1:0 55994
55992 36646 21:0 55992
55992 653 21:0 55992
55992 755 21:0 55993
55992 54310 1:0 55996
55995 647 1:0 55995
55996 36664 21:0 56004
56000 36668 1:0 56005
56003 54308 1:0 56006
56005 643 1:0 56005
56007 647 21:0 56007
56007 36668 21:0 56013
56009 36671 1:0 56015
56012 54278 1:0 56033
56014 755 1:0 56015
56016 36814 1:0 56033
56017 36671 21:0 56095
56034 54277 1:0 56080
56081 54276 1:0 56119
56094 637 21:0 56094
56094 641 21:0 56094
56094 36689 21:0 56094
56094 645 21:0 56124
56118 627 1:0 56118
56120 36721 1:0 56125
56123 635 21:0 56123
56123 36703 21:0 56123
56123 36698 21:0 56124
56123 755 21:0 56124
56123 639 21:0 56124
56123 36700 21:0 56124
56123 54275 1:0 56130
56127 36721 21:0 56135
56129 629 1:0 56129
56131 36725 1:0 56136
56134 54245 1:0 56139
56138 625 1:0 56138
56138 36725 21:0 56144
56140 36728 1:0 56146
56143 54244 1:0 56164
56145 755 1:0 56146
56147 36871 1:0 56164
56148 36728 21:0 56226
56165 54243 1:0 56211
56212 54242 1:0 56250
56225 36746 21:0 56225
56225 623 21:0 56225
56225 627 21:0 56255
56249 609 1:0 56249
56251 36778 1:0 56256
56254 617 21:0 56254
56254 36760 21:0 56254
56254 36755 21:0 56255
56254 755 21:0 56255
56254 36757 21:0 56255
56254 621 21:0 56255
56254 619 21:0 56255
56254 54212 1:0 56261
56258 36778 21:0 56266
56260 611 1:0 56260
56262 36782 1:0 56267
56265 54210 1:0 56270
56269 607 1:0 56269
56269 36782 21:0 56275
56271 36785 1:0 56277
56274 54211 1:0 56295
56276 755 1:0 56277
56278 36812 1:0 56295
56279 36785 21:0 56357
56296 54209 1:0 56342
56343 54179 1:0 56381
56356 605 21:0 56356
56356 36803 21:0 56356
56356 609 21:0 56386
56380 591 1:0 56380
56382 36835 1:0 56387
56385 599 21:0 56385
56385 36817 21:0 56385
56385 36812 21:0 56386
56385 755 21:0 56386
56385 601 21:0 56386
56385 603 21:0 56386
56385 36814 21:0 56386
56385 54178 1:0 56392
56389 36835 21:0 56397
56391 593 1:0 56391
56393 36839 1:0 56398
56396 54177 1:0 56401
56400 589 1:0 56400
56400 36839 21:0 56406
56402 36842 1:0 56408
56405 54176 1:0 56426
56407 54201 1:0 56407
56407 54207 1:0 56407
56407 755 1:0 56408
56409 36869 1:0 56426
56410 589 21:0 56410
56410 36842 21:0 56488
56425 54194 1:0 56425
56425 54192 1:0 56425
56427 54146 1:0 56473
56472 54187 1:0 56472
56474 54144 1:0 56512
56487 587 21:0 56487
56487 36860 21:0 56487
56487 591 21:0 56517
56511 573 1:0 56511
56513 36892 1:0 56518
56516 581 21:0 56516
56516 36874 21:0 56516
56516 755 21:0 56517
56516 36869 21:0 56517
56516 36871 21:0 56517
56516 583 21:0 56517
56516 585 21:0 56517
56516 54145 1:0 56523
56520 36892 21:0 56528
56522 54175 1:0 56522
56522 575 1:0 56522
56524 36896 1:0 56529
56527 54143 1:0 56532
56531 571 1:0 56531
56531 36896 21:0 56537
56533 36899 1:0 56539
56536 54113 1:0 56560
56540 36926 1:0 56560
56541 571 21:0 56541
56541 36899 21:0 56619
56558 755 1:0 56560
56559 54161 1:0 56559
56559 54155 1:0 56559
56559 54148 1:0 56559
56559 54162 1:0 56559
56561 699 1:0 56643
56618 36928 21:0 56618
56618 567 21:0 56618
56618 565 21:0 56618
56618 36926 21:0 56618
56618 36917 21:0 56618
56618 569 21:0 56618
56618 573 21:0 56648
56642 555 1:0 56642
56644 36949 1:0 56649
56647 36931 21:0 56647
56647 563 21:0 56647
56647 54112 1:0 56654
56647 575 21:0 56656
56653 557 1:0 56653
56655 555 21:0 56655
56655 36949 21:0 56655
56655 607 21:0 56659
56655 36953 1:0 56660
56658 54111 1:0 56663
56658 593 21:0 56668
56662 553 1:0 56662
56664 36956 1:0 56670
56667 557 21:0 56667
56667 36953 21:0 56667
56667 54110 1:0 56691
56667 625 21:0 56696
56671 36985 1:0 56691
56690 54128 1:0 56690
56690 54129 1:0 56690
56690 54121 1:0 56690
56692 36493 1:0 56774
56695 553 21:0 56695
56695 36956 21:0 56695
56695 611 21:0 56776
56773 537 1:0 56773
56775 36985 21:0 56775
56775 549 21:0 56775
56775 36983 21:0 56775
56775 547 21:0 56775
56775 36974 21:0 56775
56775 551 21:0 56775
56775 36988 21:0 56775
56775 545 21:0 56775
56775 643 21:0 56779
56775 37006 1:0 56780
56778 54080 1:0 56785
56778 629 21:0 56790
56784 54109 1:0 56784
56784 539 1:0 56784
56786 37010 1:0 56791
56789 37006 21:0 56789
56789 537 21:0 56789
56789 755 21:0 56790
56789 54078 1:0 56794
56793 535 1:0 56793
56795 37013 1:0 56801
56798 54079 1:0 56822
56802 37040 1:0 56822
56803 37010 21:0 56803
56803 539 21:0 56803
56803 535 21:0 56803
56803 37013 21:0 56881
56820 755 1:0 56822
56821 54095 1:0 56821
56821 54096 1:0 56821
56821 54082 1:0 56821
56821 54093 1:0 56821
56821 54097 1:0 56821
56821 54088 1:0 56821
56823 719 1:0 56905
56880 533 21:0 56880
56880 37031 21:0 56880
56880 37042 21:0 56900
56899 527 21:0 56899
56899 37045 21:0 56899
56899 37040 21:0 56907
56904 519 1:0 56904
56906 755 21:0 56907
56906 531 21:0 56907
56906 529 21:0 56907
56906 37063 1:0 56911
56909 54077 1:0 56916
56913 519 21:0 56913
56913 37063 21:0 56921
56915 521 1:0 56915
56917 37067 1:0 56922
56920 54047 1:0 56925
56924 517 1:0 56924
56924 521 21:0 56924
56924 37067 21:0 56930
56926 37070 1:0 56932
56929 54045 1:0 56953
56931 54069 1:0 56931
56931 54075 1:0 56931
56933 37099 1:0 56953
56934 517 21:0 56934
56934 37070 21:0 57012
56951 755 1:0 56953
56952 54063 1:0 56952
56952 54049 1:0 56952
56952 54062 1:0 56952
56952 54055 1:0 56952
56954 717 1:0 57036
57011 515 21:0 57011
57011 37088 21:0 57011
57011 37099 21:0 57031
57030 37102 21:0 57030
57030 509 21:0 57030
57030 513 21:0 57038
57035 501 1:0 57035
57037 755 21:0 57038
57037 37097 21:0 57038
57037 511 21:0 57038
57037 37120 1:0 57042
57040 54046 1:0 57044
57043 54043 1:0 57043
57043 503 1:0 57043
57044 37120 21:0 57052
57048 37124 1:0 57053
57051 54044 1:0 57054
57053 499 1:0 57053
57055 503 21:0 57055
57055 37124 21:0 57061
57057 37127 1:0 57063
57060 38296 1:0 57063
57060 37154 1:0 57063
57060 53257 1:0 57081
57060 53268 1:0 57081
57060 53272 1:0 57081
57062 54036 1:0 57062
57062 54042 1:0 57062
57062 755 1:0 57063
57064 37156 1:0 57081
57065 37127 21:0 57143
57080 54023 1:0 57080
57080 54030 1:0 57080
57080 54029 1:0 57080
57082 54014 1:0 57128
57129 54012 1:0 57167
57142 497 21:0 57142
57142 37145 21:0 57142
57142 501 21:0 57172
57166 483 1:0 57166
57168 37177 1:0 57173
57171 37159 21:0 57171
57171 491 21:0 57171
57171 37154 21:0 57172
57171 495 21:0 57172
57171 755 21:0 57172
57171 37156 21:0 57172
57171 493 21:0 57172
57171 54013 1:0 57175
57174 54010 1:0 57174
57174 485 1:0 57174
57175 37177 21:0 57183
57179 37181 1:0 57184
57182 54011 1:0 57185
57184 481 1:0 57184
57186 37181 21:0 57192
57188 37184 1:0 57194
57191 38239 1:0 57194
57191 37211 1:0 57194
57191 53251 1:0 57212
57191 53270 1:0 57212
57191 53264 1:0 57212
57193 54003 1:0 57193
57193 54009 1:0 57193
57193 755 1:0 57194
57195 37213 1:0 57212
57196 37184 21:0 57274
57211 53994 1:0 57211
57211 53996 1:0 57211
57213 53981 1:0 57259
57258 53983 1:0 57258
57260 53979 1:0 57298
57273 479 21:0 57273
57273 37202 21:0 57273
57273 483 21:0 57303
57297 465 1:0 57297
57299 37234 1:0 57304
57302 37216 21:0 57302
57302 473 21:0 57302
57302 477 21:0 57303
57302 37211 21:0 57303
57302 475 21:0 57303
57302 37213 21:0 57303
57302 755 21:0 57303
57302 53980 1:0 57306
57305 53977 1:0 57305
57305 467 1:0 57305
57306 37234 21:0 57314
57310 37238 1:0 57315
57313 53978 1:0 57316
57315 463 1:0 57315
57317 37238 21:0 57323
57319 37241 1:0 57325
57322 38182 1:0 57325
57322 37268 1:0 57325
57322 53263 1:0 57343
57322 53244 1:0 57343
57322 53271 1:0 57343
57324 53976 1:0 57324
57324 755 1:0 57325
57326 37270 1:0 57343
57327 37241 21:0 57405
57342 461 1:0 57342
57342 53965 1:0 57342
57344 53948 1:0 57390
57389 455 1:0 57389
57389 53950 1:0 57389
57389 53956 1:0 57389
57391 53946 1:0 57429
57404 461 21:0 57404
57404 37259 21:0 57404
57404 465 21:0 57434
57428 447 1:0 57428
57430 37291 1:0 57435
57433 37273 21:0 57433
57433 455 21:0 57433
57433 37268 21:0 57434
57433 459 21:0 57434
57433 37270 21:0 57434
57433 457 21:0 57434
57433 755 21:0 57434
57433 53947 1:0 57437
57436 449 1:0 57436
57437 37291 21:0 57445
57441 37295 1:0 57446
57444 53945 1:0 57447
57446 445 1:0 57446
57448 37295 21:0 57454
57450 37298 1:0 57456
57453 38180 1:0 57456
57453 37327 1:0 57456
57453 53224 1:0 57474
57453 53283 1:0 57474
57453 53238 1:0 57474
57455 755 1:0 57456
57457 37325 1:0 57474
57458 37298 21:0 57536
57473 443 1:0 57473
57475 53915 1:0 57521
57520 437 1:0 57520
57520 53923 1:0 57520
57522 53913 1:0 57560
57535 443 21:0 57535
57535 37316 21:0 57535
57535 447 21:0 57565
57559 429 1:0 57559
57561 37348 1:0 57566
57564 37330 21:0 57564
57564 437 21:0 57564
57564 441 21:0 57565
57564 755 21:0 57565
57564 37327 21:0 57565
57564 37325 21:0 57565
57564 439 21:0 57565
57564 53914 1:0 57568
57567 431 1:0 57567
57568 37348 21:0 57576
57572 37352 1:0 57577
57575 53912 1:0 57578
57575 429 21:0 57582
57577 427 1:0 57577
57581 445 21:0 57585
57581 37355 1:0 57587
57584 37384 1:0 57587
57584 38123 1:0 57587
57584 53231 1:0 57605
57584 53239 1:0 57605
57584 53230 1:0 57605
57586 53904 1:0 57586
57586 53910 1:0 57586
57586 755 1:0 57587
57588 37382 1:0 57605
57589 427 21:0 57589
57589 37355 21:0 57667
57604 37373 1:0 57604
57604 425 1:0 57604
57604 53897 1:0 57604
57604 53898 1:0 57604
57606 53882 1:0 57652
57651 419 1:0 57651
57651 53884 1:0 57651
57651 53890 1:0 57651
57653 53880 1:0 57691
57666 37373 21:0 57666
57666 425 21:0 57666
57666 463 21:0 57696
57690 411 1:0 57690
57692 37405 1:0 57697
57695 37387 21:0 57695
57695 419 21:0 57695
57695 53881 1:0 57699
57695 449 21:0 57704
57698 413 1:0 57698
57703 37405 21:0 57703
57703 411 21:0 57703
57703 481 21:0 57707
57703 37409 1:0 57708
57706 53879 1:0 57709
57706 431 21:0 57716
57708 409 1:0 57708
57712 37412 1:0 57718
57715 37409 21:0 57715
57715 413 21:0 57715
57715 37384 21:0 57716
57715 421 21:0 57716
57715 423 21:0 57716
57715 755 21:0 57716
57715 37382 21:0 57716
57715 38125 1:0 57718
57715 37441 1:0 57718
57715 53237 1:0 57736
57715 53235 1:0 57736
57715 53218 1:0 57736
57717 53871 1:0 57717
57717 755 1:0 57718
57719 37439 1:0 57736
57720 409 21:0 57720
57720 37412 21:0 57798
57735 407 1:0 57735
57735 53866 1:0 57735
57735 53864 1:0 57735
57737 53849 1:0 57783
57782 401 1:0 57782
57782 37444 1:0 57782
57782 53851 1:0 57782
57784 53847 1:0 57822
57797 37441 21:0 57797
57797 37439 21:0 57797
57797 405 21:0 57797
57797 403 21:0 57797
57797 37430 21:0 57797
57797 407 21:0 57797
57797 37352 21:0 57827
57821 393 1:0 57821
57823 37462 1:0 57828
57826 37444 21:0 57826
57826 401 21:0 57826
57826 755 21:0 57827
57826 53848 1:0 57830
57829 395 1:0 57829
57830 37462 21:0 57838
57834 37466 1:0 57839
57837 53846 1:0 57840
57839 391 1:0 57839
57841 395 21:0 57841
57841 37466 21:0 57847
57843 37469 1:0 57849
57846 38066 1:0 57849
57846 37496 1:0 57849
57846 53206 1:0 57867
57846 53211 1:0 57867
57846 53250 1:0 57867
57848 53844 1:0 57848
57848 755 1:0 57849
57850 37498 1:0 57867
57851 37469 21:0 57929
57866 37487 1:0 57866
57866 389 1:0 57866
57866 53832 1:0 57866
57868 53816 1:0 57914
57913 383 1:0 57913
57913 37501 1:0 57913
57913 53824 1:0 57913
57915 53814 1:0 57953
57928 385 21:0 57928
57928 387 21:0 57928
57928 37496 21:0 57928
57928 37498 21:0 57928
57928 389 21:0 57928
57928 37487 21:0 57928
57928 393 21:0 57958
57952 375 1:0 57952
57954 37519 1:0 57959
57957 37501 21:0 57957
57957 383 21:0 57957
57957 755 21:0 57958
57957 53815 1:0 57961
57960 377 1:0 57960
57961 37519 21:0 57969
57965 37523 1:0 57970
57968 53813 1:0 57971
57970 373 1:0 57970
57972 377 21:0 57972
57972 37523 21:0 57978
57974 37526 1:0 57980
57977 37553 1:0 57980
57977 38068 1:0 57980
57977 53202 1:0 57998
57977 53169 1:0 57998
57977 53185 1:0 57998
57979 53811 1:0 57979
57979 755 1:0 57980
57981 37555 1:0 57998
57982 37526 21:0 58060
57997 371 1:0 57997
57997 53798 1:0 57997
57997 53799 1:0 57997
57997 53792 1:0 57997
57999 53783 1:0 58045
58044 365 1:0 58044
58044 53785 1:0 58044
58046 53781 1:0 58084
58059 371 21:0 58059
58059 37544 21:0 58059
58059 375 21:0 58089
58083 357 1:0 58083
58085 37576 1:0 58090
58088 37558 21:0 58088
58088 365 21:0 58088
58088 369 21:0 58089
58088 755 21:0 58089
58088 367 21:0 58089
58088 37553 21:0 58089
58088 37555 21:0 58089
58088 53782 1:0 58092
58091 359 1:0 58091
58092 37576 21:0 58100
58096 37580 1:0 58101
58099 53780 1:0 58102
58101 355 1:0 58101
58103 37580 21:0 58109
58105 37583 1:0 58111
58108 37610 1:0 58111
58108 38011 1:0 58111
58108 53178 1:0 58129
58108 53171 1:0 58129
58108 53158 1:0 58129
58110 755 1:0 58111
58112 37612 1:0 58129
58113 37583 21:0 58191
58128 37601 1:0 58128
58128 353 1:0 58128
58128 53759 1:0 58128
58130 53750 1:0 58176
58175 347 1:0 58175
58177 53748 1:0 58215
58190 37601 21:0 58190
58190 353 21:0 58190
58190 357 21:0 58220
58214 339 1:0 58214
58216 37633 1:0 58221
58219 37615 21:0 58219
58219 347 21:0 58219
58219 37612 21:0 58220
58219 37610 21:0 58220
58219 349 21:0 58220
58219 351 21:0 58220
58219 755 21:0 58220
58219 53749 1:0 58223
58222 341 1:0 58222
58223 37633 21:0 58231
58227 37637 1:0 58232
58230 53747 1:0 58233
58230 339 21:0 58237
58232 337 1:0 58232
58236 37637 21:0 58236
58236 341 21:0 58236
58236 355 21:0 58240
58236 37640 1:0 58242
58239 37895 1:0 58242
58239 37669 1:0 58242
58239 53165 1:0 58260
58239 53164 1:0 58260
58239 53184 1:0 58260
58239 373 21:0 58322
58241 755 1:0 58242
58243 37667 1:0 58260
58259 335 1:0 58259
58259 53732 1:0 58259
58261 53717 1:0 58307
58306 329 1:0 58306
58308 53715 1:0 58346
58321 331 21:0 58321
58321 37669 21:0 58321
58321 333 21:0 58321
58321 37667 21:0 58321
58321 335 21:0 58321
58321 37658 21:0 58321
58321 37640 21:0 58321
58321 337 21:0 58321
58321 359 21:0 58351
58345 321 1:0 58345
58347 37690 1:0 58352
58350 329 21:0 58350
58350 37672 21:0 58350
58350 53716 1:0 58354
58350 391 21:0 58359
58353 323 1:0 58353
58358 321 21:0 58358
58358 37690 21:0 58358
58358 467 21:0 58362
58358 37694 1:0 58363
58361 53714 1:0 58364
58361 499 21:0 58371
58363 319 1:0 58363
58367 37697 1:0 58373
58370 37694 21:0 58370
58370 323 21:0 58370
58370 755 21:0 58371
58370 37840 1:0 58373
58370 37726 1:0 58373
58370 53198 1:0 58391
58370 53191 1:0 58391
58370 53197 1:0 58391
58372 755 1:0 58373
58374 37724 1:0 58391
58375 319 21:0 58375
58375 37697 21:0 58453
58390 317 1:0 58390
58390 53699 1:0 58390
58392 53684 1:0 58438
58437 311 1:0 58437
58439 53682 1:0 58477
58452 37715 21:0 58452
58452 317 21:0 58452
58452 485 21:0 58482
58476 303 1:0 58476
58478 37747 1:0 58483
58481 311 21:0 58481
58481 37729 21:0 58481
58481 755 21:0 58482
58481 37726 21:0 58482
58481 37724 21:0 58482
58481 313 21:0 58482
58481 315 21:0 58482
58481 53683 1:0 58485
58484 305 1:0 58484
58485 303 21:0 58485
58485 37747 21:0 58493
58489 37751 1:0 58494
58492 53681 1:0 58495
58494 301 1:0 58494
58498 37754 1:0 58504
58501 117 1:0 58504
58501 37783 1:0 58504
58501 53204 1:0 58522
58501 53217 1:0 58522
58501 53172 1:0 58522
58503 755 1:0 58504
58505 37781 1:0 58522
58506 37751 21:0 58506
58506 305 21:0 58506
58506 301 21:0 58506
58506 37754 21:0 58584
58521 299 1:0 58521
58521 53668 1:0 58521
58521 53660 1:0 58521
58523 53651 1:0 58569
58568 293 1:0 58568
58570 53649 1:0 58608
58583 299 21:0 58583
58583 37772 21:0 58583
58583 37781 21:0 58603
58602 37786 21:0 58602
58602 293 21:0 58602
58602 37783 21:0 58610
58607 285 1:0 58607
58609 295 21:0 58610
58609 297 21:0 58610
58609 755 21:0 58610
58609 37804 1:0 58614
58612 53650 1:0 58616
58615 287 1:0 58615
58616 37804 21:0 58624
58620 37808 1:0 58625
58623 53648 1:0 58626
58625 283 1:0 58625
58627 287 21:0 58627
58627 37808 21:0 58633
58629 37811 1:0 58635
58632 43 1:0 58635
58632 115 1:0 58635
58632 53152 1:0 58653
58632 53173 1:0 58653
58632 53205 1:0 58653
58634 755 1:0 58635
58636 37838 1:0 58653
58637 37811 21:0 58715
58652 37829 1:0 58652
58652 281 1:0 58652
58654 53618 1:0 58700
58699 275 1:0 58699
58701 53616 1:0 58739
58714 37829 21:0 58714
58714 281 21:0 58714
58714 285 21:0 58744
58738 267 1:0 58738
58740 37861 1:0 58745
58743 37843 21:0 58743
58743 275 21:0 58743
58743 37838 21:0 58744
58743 279 21:0 58744
58743 277 21:0 58744
58743 37840 21:0 58744
58743 755 21:0 58744
58743 53617 1:0 58747
58746 269 1:0 58746
58747 37861 21:0 58755
58751 37865 1:0 58756
58754 53615 1:0 58757
58756 265 1:0 58756
58758 269 21:0 58758
58758 37865 21:0 58764
58760 37868 1:0 58766
58763 38467 1:0 58766
58763 169 1:0 58766
58763 53140 1:0 58784
58763 53145 1:0 58784
58763 53132 1:0 58784
58765 755 1:0 58766
58767 37897 1:0 58784
58768 37868 21:0 58846
58783 263 1:0 58783
58783 53600 1:0 58783
58785 53585 1:0 58831
58830 257 1:0 58830
58832 53583 1:0 58870
58845 37886 21:0 58845
58845 263 21:0 58845
58845 267 21:0 58875
58869 249 1:0 58869
58871 37918 1:0 58876
58874 257 21:0 58874
58874 37900 21:0 58874
58874 37895 21:0 58875
58874 261 21:0 58875
58874 37897 21:0 58875
58874 755 21:0 58875
58874 259 21:0 58875
58874 53584 1:0 58878
58877 53581 1:0 58877
58877 251 1:0 58877
58878 37918 21:0 58886
58882 37922 1:0 58887
58885 53582 1:0 58888
58887 247 1:0 58887
58889 37922 21:0 58895
58891 37925 1:0 58897
58894 243 1:0 58897
58894 37952 1:0 58897
58894 53138 1:0 58915
58894 53125 1:0 58915
58894 53131 1:0 58915
58896 53580 1:0 58896
58896 755 1:0 58897
58898 37954 1:0 58915
58899 37925 21:0 58977
58914 245 1:0 58914
58914 53568 1:0 58914
58914 53561 1:0 58914
58914 53569 1:0 58914
58916 53552 1:0 58962
58961 239 1:0 58961
58963 53550 1:0 59001
58976 245 21:0 58976
58976 37943 21:0 58976
58976 249 21:0 59006
59000 231 1:0 59000
59002 37975 1:0 59007
59005 239 21:0 59005
59005 37957 21:0 59005
59005 37952 21:0 59006
59005 243 21:0 59006
59005 241 21:0 59006
59005 37954 21:0 59006
59005 755 21:0 59006
59005 53551 1:0 59009
59008 233 1:0 59008
59009 37975 21:0 59017
59013 37979 1:0 59018
59016 53549 1:0 59019
59016 231 21:0 59023
59018 229 1:0 59018
59022 247 21:0 59026
59022 37982 1:0 59028
59025 57910 1:0 59046
59027 755 1:0 59028
59029 38009 1:0 59046
59030 37982 21:0 59108
59045 227 1:0 59045
59045 53532 1:0 59045
59047 53519 1:0 59093
59092 221 1:0 59092
59092 53521 1:0 59092
59094 53517 1:0 59132
59107 38000 21:0 59107
59107 227 21:0 59107
59107 229 21:0 59137
59131 213 1:0 59131
59133 38032 1:0 59138
59136 221 21:0 59136
59136 38014 21:0 59136
59136 53518 1:0 59140
59136 233 21:0 59145
59139 215 1:0 59139
59144 213 21:0 59144
59144 38032 21:0 59144
59144 37979 21:0 59148
59144 38036 1:0 59149
59147 38011 21:0 59148
59147 53516 1:0 59150
59147 223 21:0 59151
59149 211 1:0 59149
59150 755 21:0 59151
59151 38036 21:0 59157
59153 38039 1:0 59159
59156 38009 21:0 59157
59156 225 21:0 59157
59156 57880 1:0 59177
59158 53514 1:0 59158
59158 53508 1:0 59158
59158 755 1:0 59159
59160 9 1:0 59177
59161 211 21:0 59161
59161 38039 21:0 59239
59176 209 1:0 59176
59178 53486 1:0 59224
59223 203 1:0 59223
59225 53484 1:0 59263
59238 209 21:0 59238
59238 38057 21:0 59238
59238 215 21:0 59268
59262 195 1:0 59262
59264 38089 1:0 59269
59267 38071 21:0 59267
59267 203 21:0 59267
59267 53485 1:0 59271
59267 265 21:0 59276
59270 197 1:0 59270
59275 251 21:0 59279
59275 38093 1:0 59280
59278 53483 1:0 59281
59278 283 21:0 59288
59280 193 1:0 59280
59284 38096 1:0 59290
59287 197 21:0 59287
59287 38093 21:0 59287
59287 755 21:0 59288
59287 38068 21:0 59288
59287 207 21:0 59288
59287 38066 21:0 59288
59287 205 21:0 59288
59287 57879 1:0 59308
59289 53475 1:0 59289
59289 755 1:0 59290
59291 38693 1:0 59308
59292 193 21:0 59292
59292 38096 21:0 59370
59307 191 1:0 59307
59307 53469 1:0 59307
59307 53470 1:0 59307
59309 53453 1:0 59355
59354 185 1:0 59354
59356 53451 1:0 59394
59369 191 21:0 59369
59369 38114 21:0 59369
59369 38089 21:0 59399
59393 177 1:0 59393
59395 38146 1:0 59400
59398 185 21:0 59398
59398 38128 21:0 59398
59398 53452 1:0 59402
59398 195 21:0 59407
59401 179 1:0 59401
59406 177 21:0 59406
59406 38146 21:0 59406
59406 755 21:0 59407
59406 38123 21:0 59407
59406 187 21:0 59407
59406 38125 21:0 59407
59406 189 21:0 59407
59406 38150 1:0 59411
59409 53450 1:0 59412
59411 175 1:0 59411
59415 38153 1:0 59421
59418 57878 1:0 59439
59420 755 1:0 59421
59422 7 1:0 59439
59423 179 21:0 59423
59423 38150 21:0 59423
59423 175 21:0 59423
59423 38153 21:0 59501
59438 38171 1:0 59438
59438 173 1:0 59438
59440 53420 1:0 59486
59485 167 1:0 59485
59487 53418 1:0 59525
59500 173 21:0 59500
59500 38171 21:0 59500
59500 38182 21:0 59520
59519 38185 21:0 59519
59519 167 21:0 59519
59519 169 21:0 59527
59524 159 1:0 59524
59526 38180 21:0 59527
59526 755 21:0 59527
59526 171 21:0 59527
59526 38203 1:0 59531
59529 53419 1:0 59533
59532 161 1:0 59532
59537 38207 1:0 59542
59540 53417 1:0 59543
59542 157 1:0 59542
59546 38210 1:0 59552
59549 57877 1:0 59570
59551 755 1:0 59552
59553 38237 1:0 59570
59554 159 21:0 59554
59554 38203 21:0 59554
59554 161 21:0 59554
59554 38207 21:0 59554
59554 38210 21:0 59632
59569 155 1:0 59569
59569 53396 1:0 59569
59571 53387 1:0 59617
59616 38242 1:0 59616
59616 149 1:0 59616
59618 53385 1:0 59656
59631 38228 21:0 59631
59631 155 21:0 59631
59631 157 21:0 59661
59655 141 1:0 59655
59657 38260 1:0 59662
59660 149 21:0 59660
59660 38242 21:0 59660
59660 38237 21:0 59661
59660 153 21:0 59661
59660 755 21:0 59661
59660 38239 21:0 59661
59660 151 21:0 59661
59660 53386 1:0 59664
59663 143 1:0 59663
59668 38264 1:0 59673
59671 53384 1:0 59674
59672 141 21:0 59672
59672 38260 21:0 59672
59672 143 21:0 59681
59673 139 1:0 59673
59677 38267 1:0 59683
59680 57847 1:0 59701
59682 755 1:0 59683
59684 38294 1:0 59701
59685 38267 21:0 59763
59700 137 1:0 59700
59700 38285 1:0 59700
59702 53354 1:0 59748
59747 131 1:0 59747
59747 53356 1:0 59747
59749 53352 1:0 59787
59762 137 21:0 59762
59762 38285 21:0 59762
59762 139 21:0 59792
59786 123 1:0 59786
59788 38317 1:0 59793
59791 131 21:0 59791
59791 38299 21:0 59791
59791 53353 1:0 59795
59791 38264 21:0 59800
59794 53350 1:0 59794
59794 125 1:0 59794
59799 123 21:0 59799
59799 38317 21:0 59799
59799 133 21:0 59800
59799 135 21:0 59800
59799 38294 21:0 59800
59799 38296 21:0 59800
59799 755 21:0 59800
59799 38321 1:0 59804
59802 53351 1:0 59805
59803 125 21:0 59812
59804 121 1:0 59804
59808 38324 1:0 59814
59811 57846 1:0 59832
59813 755 1:0 59814
59815 81 1:0 59832
59816 38324 21:0 59894
59831 119 1:0 59831
59833 53321 1:0 59879
59878 113 1:0 59878
59878 38356 1:0 59878
59880 53319 1:0 59918
59893 38342 21:0 59893
59893 119 21:0 59893
59893 121 21:0 59923
59917 105 1:0 59917
59919 38374 1:0 59924
59922 113 21:0 59922
59922 38356 21:0 59922
59922 53320 1:0 59926
59922 38321 21:0 59931
59925 107 1:0 59925
59930 105 21:0 59930
59930 38374 21:0 59930
59930 117 21:0 59931
59930 38351 21:0 59931
59930 115 21:0 59931
59930 38353 21:0 59931
59930 755 21:0 59931
59930 38378 1:0 59935
59933 53318 1:0 59936
59934 107 21:0 59943
59935 103 1:0 59935
59939 38381 1:0 59945
59942 57845 1:0 59963
59944 53316 1:0 59944
59944 755 1:0 59945
59946 38408 1:0 59963
59947 103 21:0 59947
59947 38381 21:0 60025
59962 101 1:0 59962
59962 38399 1:0 59962
59964 53288 1:0 60010
60009 38413 1:0 60009
60009 95 1:0 60009
60011 53286 1:0 60049
60024 101 21:0 60024
60024 38399 21:0 60024
60024 38378 21:0 60054
60048 87 1:0 60048
60050 38431 1:0 60055
60053 95 21:0 60053
60053 38413 21:0 60053
60053 99 21:0 60054
60053 755 21:0 60054
60053 38408 21:0 60054
60053 38410 21:0 60054
60053 97 21:0 60054
60053 53287 1:0 60057
60056 89 1:0 60056
60061 38435 1:0 60066
60064 53285 1:0 60067
60065 87 21:0 60065
60065 38431 21:0 60065
60065 89 21:0 60074
60066 85 1:0 60066
60070 38438 1:0 60076
60073 57844 1:0 60094
60075 755 1:0 60076
60077 38465 1:0 60094
60078 85 21:0 60078
60078 38438 21:0 60156
60093 38456 1:0 60093
60093 83 1:0 60093
60095 53255 1:0 60141
60140 77 1:0 60140
60140 38470 1:0 60140
60142 53253 1:0 60180
60155 38456 21:0 60155
60155 83 21:0 60155
60155 38435 21:0 60185
60179 69 1:0 60179
60181 38488 1:0 60186
60184 38470 21:0 60184
60184 77 21:0 60184
60184 755 21:0 60185
60184 38465 21:0 60185
60184 79 21:0 60185
60184 38467 21:0 60185
60184 81 21:0 60185
60184 53254 1:0 60188
60185 69 21:0 60196
60187 71 1:0 60187
60192 38492 1:0 60197
60195 53252 1:0 60198
60195 38488 21:0 60202
60197 67 1:0 60197
60201 38495 1:0 60207
60204 57814 1:0 60225
60206 755 1:0 60207
60208 38638 1:0 60225
60209 71 21:0 60209
60209 38492 21:0 60209
60209 38495 21:0 60287
60224 38513 1:0 60224
60224 65 1:0 60224
60226 53222 1:0 60272
60271 38527 1:0 60271
60271 59 1:0 60271
60273 53220 1:0 60311
60286 65 21:0 60286
60286 38513 21:0 60286
60286 67 21:0 60316
60310 51 1:0 60310
60312 38545 1:0 60317
60315 59 21:0 60315
60315 38527 21:0 60315
60315 61 21:0 60316
60315 38524 21:0 60316
60315 63 21:0 60316
60315 38522 21:0 60316
60315 755 21:0 60316
60315 53221 1:0 60319
60318 53 1:0 60318
60323 38549 1:0 60328
60326 53219 1:0 60329
60327 51 21:0 60327
60327 38545 21:0 60327
60327 53 21:0 60336
60328 49 1:0 60328
60332 38552 1:0 60338
60335 57813 1:0 60356
60337 755 1:0 60338
60339 38581 1:0 60356
60340 38549 21:0 60340
60340 38552 21:0 60418
60355 38570 1:0 60355
60355 47 1:0 60355
60357 53189 1:0 60403
60402 41 1:0 60402
60402 38584 1:0 60402
60404 53187 1:0 60442
60417 38570 21:0 60417
60417 47 21:0 60417
60417 49 21:0 60447
60441 33 1:0 60441
60443 38602 1:0 60448
60446 41 21:0 60446
60446 38584 21:0 60446
60446 38579 21:0 60447
60446 43 21:0 60447
60446 38581 21:0 60447
60446 45 21:0 60447
60446 755 21:0 60447
60446 53188 1:0 60450
60447 33 21:0 60458
60449 35 1:0 60449
60454 38606 1:0 60459
60457 53186 1:0 60460
60457 38602 21:0 60464
60459 31 1:0 60459
60463 38609 1:0 60469
60466 53156 1:0 60487
60468 755 1:0 60469
60470 27 1:0 60487
60486 38627 1:0 60486
60486 29 1:0 60486
60488 53154 1:0 60534
60517 38627 21:0 60517
60517 29 21:0 60517
60517 38606 21:0 60517
60517 35 21:0 60517
60517 31 21:0 60517
60517 38609 21:0 60517
60517 755 21:0 60527
60533 38641 1:0 60533
60533 23 1:0 60533
60533 38636 21:0 60539
60535 53155 1:0 60573
60538 27 21:0 60546
60545 38638 21:0 60546
60545 25 21:0 60546
60572 15 1:0 60572
60574 38659 1:0 60579
60577 38663 1:0 60587
60585 53139 1:0 60587
60585 38716 1:0 60587
60586 17 1:0 60586
60588 53153 1:0 60591
60588 53151 1:0 60593
60588 53136 1:0 60593
60592 13 1:0 60592
60594 38666 1:0 60600
60597 57812 1:0 60621
60601 38695 1:0 60621
60619 755 1:0 60621
60620 38684 1:0 60620
60620 11 1:0 60620
60620 5 1:0 60620
60620 38698 1:0 60620
60622 715 1:0 60706
60648 38641 21:0 60648
60648 38684 21:0 60648
60648 11 21:0 60648
60648 23 21:0 60648
60648 15 21:0 60648
60648 38659 21:0 60648
60648 38663 21:0 60648
60648 17 21:0 60648
60648 38666 21:0 60648
60648 13 21:0 60648
60648 755 21:0 60658
60664 38693 21:0 60670
60669 9 21:0 60677
60676 7 21:0 60677
60676 38695 21:0 60677
60705 38698 21:0 60705
60705 5 21:0 60705
60705 58045 1:0 60705
60705 743 1:0 60705
60705 38716 21:0 60708
60707 36436 1:0 60712
60710 57811 1:0 60717
60711 58044 1:0 60711
60711 58043 1:0 60711
60718 36440 1:0 60723
60721 57781 1:0 60726
60725 58042 1:0 60725
60727 36443 1:0 60733
60730 57779 1:0 60757
60734 36698 1:0 60754
60752 755 1:0 60754
60755 36700 1:0 60757
60755 57104 1:0 60757
60755 639 1:0 60757
60756 36475 1:0 60756
60756 707 1:0 60756
60756 36461 1:0 60756
60756 713 1:0 60756
60756 27933 1:0 60756
60756 27934 1:0 60756
60756 27932 1:0 60756
60756 27935 1:0 60756
60756 27936 1:0 60756
60756 27931 1:0 60756
60756 27937 1:0 60756
60756 27930 1:0 60756
60756 27939 1:0 60756
60756 27942 1:0 60756
60756 27938 1:0 60756
60756 27943 1:0 60756
60756 27941 1:0 60756
60756 27940 1:0 60756
60758 663 1:0 60927
60781 743 21:0 60781
60781 755 21:0 60791
60892 56938 1:0 60927
60926 58012 1:0 60926
60926 58010 1:0 60926
60926 58011 1:0 60926
60928 36500 1:0 60938
60931 57780 1:0 60938
60937 701 1:0 60937
60937 36497 1:0 60937
60939 629 1:0 60947
60942 57778 1:0 60947
60946 58007 1:0 60946
60946 58001 1:0 60946
60946 58009 1:0 60946
60946 697 1:0 60946
60948 36611 1:0 60975
60951 57748 1:0 60975
60955 675 1:0 60975
60973 755 1:0 60975
60974 689 1:0 60974
60974 36532 1:0 60974
60974 695 1:0 60974
60974 36518 1:0 60974
60974 57992 1:0 60974
60974 57995 1:0 60974
60974 57981 1:0 60974
60974 57996 1:0 60974
60974 57994 1:0 60974
60974 57988 1:0 60974
60974 57987 1:0 60974
60974 28079 1:0 60974
60974 28082 1:0 60974
60974 28081 1:0 60974
60974 28080 1:0 60974
60974 28077 1:0 60974
60974 28078 1:0 60974
60976 36607 1:0 61098
61002 709 21:0 61002
61002 711 21:0 61002
61002 713 21:0 61002
61002 707 21:0 61002
61002 27933 21:0 61002
61002 27934 21:0 61002
61002 27932 21:0 61002
61002 27935 21:0 61002
61002 719 21:0 61002
61002 715 21:0 61002
61002 717 21:0 61002
61002 27936 21:0 61002
61002 27931 21:0 61002
61002 27937 21:0 61002
61002 27930 21:0 61002
61002 27939 21:0 61002
61002 27942 21:0 61002
61002 27938 21:0 61002
61002 27943 21:0 61002
61002 27941 21:0 61002
61002 27940 21:0 61002
61002 755 21:0 61012
61058 36586 1:0 61087
61086 28083 1:0 61086
61086 28084 1:0 61086
61088 36584 1:0 61098
61097 57979 1:0 61097
61097 28090 1:0 61097
61097 28085 1:0 61097
61097 28086 1:0 61097
61097 28089 1:0 61097
61097 28088 1:0 61097
61097 28087 1:0 61097
61099 643 1:0 61151
61150 57977 1:0 61150
61150 57978 1:0 61150
61150 36550 1:0 61150
61150 681 1:0 61150
61152 645 1:0 61162
61160 57746 1:0 61162
61161 57976 1:0 61161
61161 36554 1:0 61161
61161 683 1:0 61161
61163 36557 1:0 61171
61169 57747 1:0 61171
61170 57974 1:0 61170
61170 57963 1:0 61170
61170 57968 1:0 61170
61170 679 1:0 61170
61172 611 1:0 61199
61197 673 1:0 61199
61197 755 1:0 61199
61198 677 1:0 61198
61198 57948 1:0 61198
61198 57959 1:0 61198
61198 57962 1:0 61198
61198 57961 1:0 61198
61198 57955 1:0 61198
61198 57954 1:0 61198
61198 36575 1:0 61198
61198 28227 1:0 61198
61198 28228 1:0 61198
61198 28229 1:0 61198
61198 28226 1:0 61198
61198 28224 1:0 61198
61198 28230 1:0 61198
61198 28231 1:0 61198
61198 28225 1:0 61198
61198 28235 1:0 61198
61198 28234 1:0 61198
61198 28233 1:0 61198
61198 28232 1:0 61198
61198 28236 1:0 61198
61198 28237 1:0 61198
61200 36668 1:0 61369
61223 693 21:0 61223
61223 689 21:0 61223
61223 695 21:0 61223
61223 28079 21:0 61223
61223 28082 21:0 61223
61223 28081 21:0 61223
61223 28080 21:0 61223
61223 697 21:0 61223
61223 701 21:0 61223
61223 699 21:0 61223
61223 28077 21:0 61223
61223 28078 21:0 61223
61223 28083 21:0 61223
61223 28084 21:0 61223
61223 28090 21:0 61223
61223 28085 21:0 61223
61223 28086 21:0 61223
61223 28089 21:0 61223
61223 28088 21:0 61223
61223 28087 21:0 61223
61223 755 21:0 61233
61334 56978 1:0 61369
61368 57944 1:0 61368
61368 57946 1:0 61368
61368 57945 1:0 61368
61370 36664 1:0 61380
61373 57745 1:0 61380
61379 665 1:0 61379
61381 625 1:0 61389
61384 57715 1:0 61389
61388 57943 1:0 61388
61388 661 1:0 61388
61390 36614 1:0 61396
61393 57714 1:0 61420
61397 36755 1:0 61417
61415 755 1:0 61417
61418 57110 1:0 61420
61418 36757 1:0 61420
61418 621 1:0 61420
61419 36646 1:0 61419
61419 653 1:0 61419
61419 659 1:0 61419
61419 36632 1:0 61419
61419 28374 1:0 61419
61419 28375 1:0 61419
61419 28376 1:0 61419
61419 28373 1:0 61419
61419 28377 1:0 61419
61419 28372 1:0 61419
61419 28378 1:0 61419
61419 28371 1:0 61419
61419 28382 1:0 61419
61419 28379 1:0 61419
61419 28381 1:0 61419
61419 28384 1:0 61419
61419 28380 1:0 61419
61419 28383 1:0 61419
61421 627 1:0 61590
61444 677 21:0 61444
61444 671 21:0 61444
61444 28227 21:0 61444
61444 28228 21:0 61444
61444 28229 21:0 61444
61444 28226 21:0 61444
61444 681 21:0 61444
61444 679 21:0 61444
61444 683 21:0 61444
61444 28224 21:0 61444
61444 28230 21:0 61444
61444 28231 21:0 61444
61444 28225 21:0 61444
61444 28235 21:0 61444
61444 28234 21:0 61444
61444 28233 21:0 61444
61444 28232 21:0 61444
61444 28236 21:0 61444
61444 28237 21:0 61444
61444 755 21:0 61454
61555 56969 1:0 61590
61589 57911 1:0 61589
61589 57913 1:0 61589
61589 57912 1:0 61589
61591 593 1:0 61601
61594 57713 1:0 61601
61600 57909 1:0 61600
61600 647 1:0 61600
61602 36725 1:0 61610
61605 57712 1:0 61610
61611 36671 1:0 61617
61614 57682 1:0 61641
61616 57908 1:0 61616
61616 57902 1:0 61616
61618 619 1:0 61638
61636 755 1:0 61638
61637 57897 1:0 61637
61639 56984 1:0 61641
61639 36812 1:0 61641
61639 603 1:0 61641
61640 637 1:0 61640
61640 57888 1:0 61640
61640 57895 1:0 61640
61640 57882 1:0 61640
61640 57889 1:0 61640
61640 57896 1:0 61640
61640 57893 1:0 61640
61640 635 1:0 61640
61640 36703 1:0 61640
61640 641 1:0 61640
61640 36689 1:0 61640
61640 28522 1:0 61640
61640 28521 1:0 61640
61640 28523 1:0 61640
61640 28520 1:0 61640
61640 28524 1:0 61640
61640 28519 1:0 61640
61640 28518 1:0 61640
61640 28525 1:0 61640
61640 28527 1:0 61640
61640 28526 1:0 61640
61640 28531 1:0 61640
61640 28529 1:0 61640
61640 28530 1:0 61640
61640 28528 1:0 61640
61642 36721 1:0 61811
61665 653 21:0 61665
61665 28374 21:0 61665
61665 28375 21:0 61665
61665 28376 21:0 61665
61665 28373 21:0 61665
61665 665 21:0 61665
61665 661 21:0 61665
61665 663 21:0 61665
61665 28377 21:0 61665
61665 28372 21:0 61665
61665 28378 21:0 61665
61665 28371 21:0 61665
61665 28382 21:0 61665
61665 28379 21:0 61665
61665 28381 21:0 61665
61665 28384 21:0 61665
61665 28380 21:0 61665
61665 28383 21:0 61665
61665 755 21:0 61675
61776 57024 1:0 61811
61812 607 1:0 61822
61815 57680 1:0 61822
61821 57876 1:0 61821
61823 609 1:0 61831
61826 57681 1:0 61831
61832 36728 1:0 61838
61835 57679 1:0 61862
61837 57875 1:0 61837
61837 57869 1:0 61837
61839 36814 1:0 61859
61857 755 1:0 61859
61858 57864 1:0 61858
61860 57090 1:0 61862
61860 585 1:0 61862
61860 601 1:0 61862
61861 36746 1:0 61861
61861 623 1:0 61861
61861 617 1:0 61861
61861 57855 1:0 61861
61861 57863 1:0 61861
61861 57849 1:0 61861
61861 57856 1:0 61861
61861 57860 1:0 61861
61861 57862 1:0 61861
61861 36760 1:0 61861
61861 28668 1:0 61861
61861 28669 1:0 61861
61861 28670 1:0 61861
61861 28667 1:0 61861
61861 28666 1:0 61861
61861 28672 1:0 61861
61861 28671 1:0 61861
61861 28665 1:0 61861
61861 28673 1:0 61861
61861 28676 1:0 61861
61861 28678 1:0 61861
61861 28675 1:0 61861
61861 28677 1:0 61861
61861 28674 1:0 61861
61863 575 1:0 62032
61886 641 21:0 61886
61886 635 21:0 61886
61886 28522 21:0 61886
61886 28521 21:0 61886
61886 28523 21:0 61886
61886 28520 21:0 61886
61886 643 21:0 61886
61886 645 21:0 61886
61886 647 21:0 61886
61886 28524 21:0 61886
61886 28519 21:0 61886
61886 28518 21:0 61886
61886 28525 21:0 61886
61886 28527 21:0 61886
61886 28526 21:0 61886
61886 28531 21:0 61886
61886 28529 21:0 61886
61886 28530 21:0 61886
61886 28528 21:0 61886
61886 755 21:0 61896
61997 56997 1:0 62032
62033 36778 1:0 62038
62036 57649 1:0 62043
62042 57843 1:0 62042
62044 36782 1:0 62049
62047 57648 1:0 62052
62053 36785 1:0 62059
62056 57647 1:0 62083
62058 57842 1:0 62058
62058 57836 1:0 62058
62060 583 1:0 62080
62078 755 1:0 62080
62079 57831 1:0 62079
62081 36871 1:0 62083
62081 56971 1:0 62083
62081 36869 1:0 62083
62082 57823 1:0 62082
62082 57822 1:0 62082
62082 57829 1:0 62082
62082 57830 1:0 62082
62082 57816 1:0 62082
62082 57827 1:0 62082
62082 605 1:0 62082
62082 36803 1:0 62082
62082 599 1:0 62082
62082 36817 1:0 62082
62082 28816 1:0 62082
62082 28814 1:0 62082
62082 28817 1:0 62082
62082 28815 1:0 62082
62082 28813 1:0 62082
62082 28819 1:0 62082
62082 28812 1:0 62082
62082 28818 1:0 62082
62082 28824 1:0 62082
62082 28825 1:0 62082
62082 28823 1:0 62082
62082 28821 1:0 62082
62082 28820 1:0 62082
62082 28822 1:0 62082
62084 591 1:0 62253
62107 617 21:0 62107
62107 623 21:0 62107
62107 28668 21:0 62107
62107 28669 21:0 62107
62107 28670 21:0 62107
62107 28667 21:0 62107
62107 627 21:0 62107
62107 625 21:0 62107
62107 629 21:0 62107
62107 28666 21:0 62107
62107 28672 21:0 62107
62107 28671 21:0 62107
62107 28665 21:0 62107
62107 28673 21:0 62107
62107 28676 21:0 62107
62107 28678 21:0 62107
62107 28675 21:0 62107
62107 28677 21:0 62107
62107 28674 21:0 62107
62107 755 21:0 62117
62218 57083 1:0 62253
62254 36835 1:0 62259
62257 57646 1:0 62264
62263 57810 1:0 62263
62265 36839 1:0 62270
62268 57616 1:0 62273
62272 589 1:0 62272
62274 36842 1:0 62280
62277 57615 1:0 62304
62279 57803 1:0 62279
62279 57809 1:0 62279
62281 423 1:0 62301
62299 755 1:0 62301
62300 57798 1:0 62300
62302 495 1:0 62304
62302 56945 1:0 62304
62302 37156 1:0 62304
62303 587 1:0 62303
62303 581 1:0 62303
62303 36860 1:0 62303
62303 36874 1:0 62303
62303 57783 1:0 62303
62303 57797 1:0 62303
62303 57794 1:0 62303
62303 57790 1:0 62303
62303 57796 1:0 62303
62303 57789 1:0 62303
62303 28963 1:0 62303
62303 28961 1:0 62303
62303 28962 1:0 62303
62303 28964 1:0 62303
62303 28960 1:0 62303
62303 28959 1:0 62303
62303 28965 1:0 62303
62303 28966 1:0 62303
62303 28971 1:0 62303
62303 28967 1:0 62303
62303 28969 1:0 62303
62303 28972 1:0 62303
62303 28968 1:0 62303
62303 28970 1:0 62303
62305 573 1:0 62474
62328 605 21:0 62328
62328 599 21:0 62328
62328 28816 21:0 62328
62328 28814 21:0 62328
62328 28817 21:0 62328
62328 28815 21:0 62328
62328 607 21:0 62328
62328 609 21:0 62328
62328 611 21:0 62328
62328 28813 21:0 62328
62328 28819 21:0 62328
62328 28812 21:0 62328
62328 28818 21:0 62328
62328 28824 21:0 62328
62328 28825 21:0 62328
62328 28823 21:0 62328
62328 28821 21:0 62328
62328 28820 21:0 62328
62328 28822 21:0 62328
62328 755 21:0 62338
62439 57017 1:0 62474
62475 36892 1:0 62480
62478 57614 1:0 62485
62484 57777 1:0 62484
62486 36896 1:0 62491
62489 57613 1:0 62494
62493 571 1:0 62493
62495 36899 1:0 62501
62498 57583 1:0 62525
62500 57776 1:0 62500
62500 57770 1:0 62500
62502 37154 1:0 62522
62520 755 1:0 62522
62521 57765 1:0 62521
62523 529 1:0 62525
62523 57117 1:0 62525
62523 493 1:0 62525
62524 36928 1:0 62524
62524 567 1:0 62524
62524 565 1:0 62524
62524 36926 1:0 62524
62524 36931 1:0 62524
62524 563 1:0 62524
62524 36917 1:0 62524
62524 569 1:0 62524
62524 57757 1:0 62524
62524 57761 1:0 62524
62524 57764 1:0 62524
62524 57750 1:0 62524
62524 57756 1:0 62524
62524 57763 1:0 62524
62524 29111 1:0 62524
62524 29110 1:0 62524
62524 29108 1:0 62524
62524 29109 1:0 62524
62524 29113 1:0 62524
62524 29106 1:0 62524
62524 29107 1:0 62524
62524 29112 1:0 62524
62524 29119 1:0 62524
62524 29114 1:0 62524
62524 29117 1:0 62524
62524 29116 1:0 62524
62524 29115 1:0 62524
62524 29118 1:0 62524
62526 485 1:0 62695
62549 587 21:0 62549
62549 581 21:0 62549
62549 28963 21:0 62549
62549 28961 21:0 62549
62549 28962 21:0 62549
62549 28964 21:0 62549
62549 589 21:0 62549
62549 593 21:0 62549
62549 591 21:0 62549
62549 28960 21:0 62549
62549 28959 21:0 62549
62549 28965 21:0 62549
62549 28966 21:0 62549
62549 28971 21:0 62549
62549 28967 21:0 62549
62549 28969 21:0 62549
62549 28972 21:0 62549
62549 28968 21:0 62549
62549 28970 21:0 62549
62549 755 21:0 62559
62660 57136 1:0 62695
62694 555 1:0 62694
62694 36949 1:0 62694
62696 37067 1:0 62706
62699 57582 1:0 62706
62705 57744 1:0 62705
62705 557 1:0 62705
62705 36953 1:0 62705
62707 37063 1:0 62715
62710 57581 1:0 62715
62714 57737 1:0 62714
62714 57743 1:0 62714
62714 553 1:0 62714
62714 36956 1:0 62714
62716 499 1:0 62743
62719 57580 1:0 62743
62723 531 1:0 62743
62741 755 1:0 62743
62742 36985 1:0 62742
62742 549 1:0 62742
62742 36983 1:0 62742
62742 547 1:0 62742
62742 36974 1:0 62742
62742 551 1:0 62742
62742 36988 1:0 62742
62742 545 1:0 62742
62742 57732 1:0 62742
62742 57728 1:0 62742
62742 57730 1:0 62742
62742 57724 1:0 62742
62742 57731 1:0 62742
62742 57717 1:0 62742
62742 57723 1:0 62742
62742 29256 1:0 62742
62742 29255 1:0 62742
62742 29257 1:0 62742
62742 29258 1:0 62742
62742 29254 1:0 62742
62742 29253 1:0 62742
62744 501 1:0 62866
62770 563 21:0 62770
62770 29111 21:0 62770
62770 29110 21:0 62770
62770 29108 21:0 62770
62770 29109 21:0 62770
62770 571 21:0 62770
62770 573 21:0 62770
62770 575 21:0 62770
62770 29113 21:0 62770
62770 29106 21:0 62770
62770 29107 21:0 62770
62770 29112 21:0 62770
62770 29119 21:0 62770
62770 29114 21:0 62770
62770 29117 21:0 62770
62770 29116 21:0 62770
62770 29115 21:0 62770
62770 29118 21:0 62770
62770 755 21:0 62780
62826 37040 1:0 62855
62854 29260 1:0 62854
62854 29259 1:0 62854
62856 37042 1:0 62866
62865 29261 1:0 62865
62865 29265 1:0 62865
62865 29262 1:0 62865
62865 29264 1:0 62865
62865 29266 1:0 62865
62865 29263 1:0 62865
62867 37013 1:0 62919
62918 57711 1:0 62918
62918 37006 1:0 62918
62918 537 1:0 62918
62920 467 1:0 62930
62928 57550 1:0 62930
62929 37010 1:0 62929
62929 539 1:0 62929
62931 37352 1:0 62939
62937 57549 1:0 62939
62938 57704 1:0 62938
62938 57699 1:0 62938
62938 57710 1:0 62938
62938 535 1:0 62938
62940 431 1:0 62967
62965 755 1:0 62967
62965 511 1:0 62967
62966 533 1:0 62966
62966 37031 1:0 62966
62966 527 1:0 62966
62966 37045 1:0 62966
62966 57695 1:0 62966
62966 57697 1:0 62966
62966 57684 1:0 62966
62966 57691 1:0 62966
62966 57698 1:0 62966
62966 57690 1:0 62966
62966 29403 1:0 62966
62966 29404 1:0 62966
62966 29405 1:0 62966
62966 29402 1:0 62966
62966 29406 1:0 62966
62966 29400 1:0 62966
62966 29407 1:0 62966
62966 29401 1:0 62966
62966 29408 1:0 62966
62966 29412 1:0 62966
62966 29413 1:0 62966
62966 29410 1:0 62966
62966 29409 1:0 62966
62966 29411 1:0 62966
62968 37124 1:0 63137
62991 551 21:0 62991
62991 545 21:0 62991
62991 29256 21:0 62991
62991 29255 21:0 62991
62991 29257 21:0 62991
62991 29258 21:0 62991
62991 553 21:0 62991
62991 557 21:0 62991
62991 555 21:0 62991
62991 29254 21:0 62991
62991 29253 21:0 62991
62991 29260 21:0 62991
62991 29259 21:0 62991
62991 29261 21:0 62991
62991 29265 21:0 62991
62991 29262 21:0 62991
62991 29264 21:0 62991
62991 29266 21:0 62991
62991 29263 21:0 62991
62991 755 21:0 63001
63102 56940 1:0 63137
63136 519 1:0 63136
63138 37120 1:0 63148
63141 57548 1:0 63148
63147 57678 1:0 63147
63147 521 1:0 63147
63149 481 1:0 63157
63152 57547 1:0 63157
63156 517 1:0 63156
63158 37070 1:0 63164
63161 57517 1:0 63188
63163 57671 1:0 63163
63163 57677 1:0 63163
63165 37097 1:0 63185
63183 755 1:0 63185
63184 57666 1:0 63184
63186 56932 1:0 63188
63186 513 1:0 63188
63186 37099 1:0 63188
63187 515 1:0 63187
63187 37102 1:0 63187
63187 509 1:0 63187
63187 37088 1:0 63187
63187 57658 1:0 63187
63187 57662 1:0 63187
63187 57665 1:0 63187
63187 57664 1:0 63187
63187 57651 1:0 63187
63187 57657 1:0 63187
63187 29551 1:0 63187
63187 29550 1:0 63187
63187 29549 1:0 63187
63187 29552 1:0 63187
63187 29553 1:0 63187
63187 29548 1:0 63187
63187 29554 1:0 63187
63187 29547 1:0 63187
63187 29559 1:0 63187
63187 29556 1:0 63187
63187 29560 1:0 63187
63187 29555 1:0 63187
63187 29557 1:0 63187
63187 29558 1:0 63187
63189 483 1:0 63358
63212 29403 21:0 63212
63212 29404 21:0 63212
63212 29405 21:0 63212
63212 29402 21:0 63212
63212 537 21:0 63212
63212 535 21:0 63212
63212 539 21:0 63212
63212 29406 21:0 63212
63212 29400 21:0 63212
63212 29407 21:0 63212
63212 29401 21:0 63212
63212 29408 21:0 63212
63212 29412 21:0 63212
63212 29413 21:0 63212
63212 29410 21:0 63212
63212 29409 21:0 63212
63212 29411 21:0 63212
63212 755 21:0 63222
63323 57005 1:0 63358
63359 449 1:0 63369
63362 57516 1:0 63369
63368 57645 1:0 63368
63368 503 1:0 63368
63370 37181 1:0 63378
63373 57515 1:0 63378
63379 37127 1:0 63385
63382 57514 1:0 63409
63384 57638 1:0 63384
63384 57644 1:0 63384
63386 37213 1:0 63406
63404 755 1:0 63406
63405 57633 1:0 63405
63407 475 1:0 63409
63407 37211 1:0 63409
63407 57004 1:0 63409
63408 37159 1:0 63408
63408 491 1:0 63408
63408 497 1:0 63408
63408 37145 1:0 63408
63408 57629 1:0 63408
63408 57631 1:0 63408
63408 57632 1:0 63408
63408 57625 1:0 63408
63408 57618 1:0 63408
63408 57624 1:0 63408
63408 29698 1:0 63408
63408 29696 1:0 63408
63408 29697 1:0 63408
63408 29699 1:0 63408
63408 29701 1:0 63408
63408 29700 1:0 63408
63408 29695 1:0 63408
63408 29694 1:0 63408
63408 29702 1:0 63408
63408 29705 1:0 63408
63408 29704 1:0 63408
63408 29706 1:0 63408
63408 29703 1:0 63408
63408 29707 1:0 63408
63410 37177 1:0 63579
63433 515 21:0 63433
63433 509 21:0 63433
63433 29551 21:0 63433
63433 29550 21:0 63433
63433 29549 21:0 63433
63433 29552 21:0 63433
63433 521 21:0 63433
63433 517 21:0 63433
63433 519 21:0 63433
63433 29553 21:0 63433
63433 29548 21:0 63433
63433 29554 21:0 63433
63433 29547 21:0 63433
63433 29559 21:0 63433
63433 29556 21:0 63433
63433 29560 21:0 63433
63433 29555 21:0 63433
63433 29557 21:0 63433
63433 29558 21:0 63433
63433 755 21:0 63443
63544 57071 1:0 63579
63580 463 1:0 63590
63583 57484 1:0 63590
63589 57612 1:0 63589
63591 465 1:0 63599
63594 57483 1:0 63599
63600 37184 1:0 63606
63603 57482 1:0 63630
63605 57605 1:0 63605
63605 57611 1:0 63605
63607 477 1:0 63627
63625 755 1:0 63627
63626 57600 1:0 63626
63628 457 1:0 63630
63628 57011 1:0 63630
63628 37268 1:0 63630
63629 37216 1:0 63629
63629 479 1:0 63629
63629 37202 1:0 63629
63629 473 1:0 63629
63629 57599 1:0 63629
63629 57596 1:0 63629
63629 57592 1:0 63629
63629 57585 1:0 63629
63629 57598 1:0 63629
63629 57591 1:0 63629
63629 29845 1:0 63629
63629 29843 1:0 63629
63629 29844 1:0 63629
63629 29846 1:0 63629
63629 29848 1:0 63629
63629 29842 1:0 63629
63629 29841 1:0 63629
63629 29847 1:0 63629
63629 29850 1:0 63629
63629 29851 1:0 63629
63629 29852 1:0 63629
63629 29853 1:0 63629
63629 29849 1:0 63629
63629 29854 1:0 63629
63631 37238 1:0 63800
63654 497 21:0 63654
63654 29698 21:0 63654
63654 29696 21:0 63654
63654 29697 21:0 63654
63654 29699 21:0 63654
63654 499 21:0 63654
63654 501 21:0 63654
63654 503 21:0 63654
63654 29701 21:0 63654
63654 29700 21:0 63654
63654 29695 21:0 63654
63654 29694 21:0 63654
63654 29702 21:0 63654
63654 29705 21:0 63654
63654 29704 21:0 63654
63654 29706 21:0 63654
63654 29703 21:0 63654
63654 29707 21:0 63654
63654 755 21:0 63664
63765 56958 1:0 63800
63801 37234 1:0 63806
63804 57481 1:0 63811
63810 57579 1:0 63810
63812 445 1:0 63820
63815 57451 1:0 63820
63821 37241 1:0 63827
63824 57449 1:0 63851
63826 57572 1:0 63826
63826 57578 1:0 63826
63828 37270 1:0 63848
63846 755 1:0 63848
63847 57567 1:0 63847
63849 439 1:0 63851
63849 459 1:0 63851
63849 57101 1:0 63851
63850 37273 1:0 63850
63850 455 1:0 63850
63850 461 1:0 63850
63850 37259 1:0 63850
63850 57559 1:0 63850
63850 57565 1:0 63850
63850 57552 1:0 63850
63850 57558 1:0 63850
63850 57563 1:0 63850
63850 57566 1:0 63850
63850 29993 1:0 63850
63850 29990 1:0 63850
63850 29991 1:0 63850
63850 29992 1:0 63850
63850 29995 1:0 63850
63850 29989 1:0 63850
63850 29988 1:0 63850
63850 29994 1:0 63850
63850 29998 1:0 63850
63850 29996 1:0 63850
63850 29999 1:0 63850
63850 29997 1:0 63850
63850 30001 1:0 63850
63850 30000 1:0 63850
63852 447 1:0 64021
63875 479 21:0 63875
63875 473 21:0 63875
63875 29845 21:0 63875
63875 29843 21:0 63875
63875 29844 21:0 63875
63875 29846 21:0 63875
63875 485 21:0 63875
63875 481 21:0 63875
63875 483 21:0 63875
63875 29848 21:0 63875
63875 29842 21:0 63875
63875 29841 21:0 63875
63875 29847 21:0 63875
63875 29850 21:0 63875
63875 29851 21:0 63875
63875 29852 21:0 63875
63875 29853 21:0 63875
63875 29849 21:0 63875
63875 29854 21:0 63875
63875 755 21:0 63885
63986 57070 1:0 64021
64022 37291 1:0 64027
64025 57450 1:0 64032
64031 57546 1:0 64031
64033 37295 1:0 64038
64036 57448 1:0 64041
64042 37298 1:0 64048
64045 57418 1:0 64072
64047 57539 1:0 64047
64047 57545 1:0 64047
64049 37325 1:0 64069
64067 755 1:0 64069
64068 57534 1:0 64068
64070 57068 1:0 64072
64070 37327 1:0 64072
64070 441 1:0 64072
64071 37330 1:0 64071
64071 443 1:0 64071
64071 37316 1:0 64071
64071 437 1:0 64071
64071 57530 1:0 64071
64071 57526 1:0 64071
64071 57532 1:0 64071
64071 57519 1:0 64071
64071 57533 1:0 64071
64071 57525 1:0 64071
64071 30140 1:0 64071
64071 30139 1:0 64071
64071 30138 1:0 64071
64071 30137 1:0 64071
64071 30136 1:0 64071
64071 30135 1:0 64071
64071 30142 1:0 64071
64071 30141 1:0 64071
64071 30148 1:0 64071
64071 30146 1:0 64071
64071 30145 1:0 64071
64071 30143 1:0 64071
64071 30147 1:0 64071
64071 30144 1:0 64071
64073 429 1:0 64242
64096 455 21:0 64096
64096 461 21:0 64096
64096 29993 21:0 64096
64096 29990 21:0 64096
64096 29991 21:0 64096
64096 29992 21:0 64096
64096 467 21:0 64096
64096 463 21:0 64096
64096 465 21:0 64096
64096 29995 21:0 64096
64096 29989 21:0 64096
64096 29988 21:0 64096
64096 29994 21:0 64096
64096 29998 21:0 64096
64096 29996 21:0 64096
64096 29999 21:0 64096
64096 29997 21:0 64096
64096 30001 21:0 64096
64096 30000 21:0 64096
64096 755 21:0 64106
64207 57096 1:0 64242
64243 37348 1:0 64248
64246 57416 1:0 64253
64252 57513 1:0 64252
64254 391 1:0 64262
64257 57417 1:0 64262
64261 427 1:0 64261
64263 37355 1:0 64269
64266 57415 1:0 64293
64268 57506 1:0 64268
64268 57512 1:0 64268
64270 37384 1:0 64290
64288 755 1:0 64290
64289 57501 1:0 64289
64291 37382 1:0 64293
64291 421 1:0 64293
64291 57072 1:0 64293
64292 37387 1:0 64292
64292 419 1:0 64292
64292 37373 1:0 64292
64292 425 1:0 64292
64292 57499 1:0 64292
64292 57500 1:0 64292
64292 57497 1:0 64292
64292 57493 1:0 64292
64292 57486 1:0 64292
64292 57492 1:0 64292
64292 30284 1:0 64292
64292 30287 1:0 64292
64292 30285 1:0 64292
64292 30286 1:0 64292
64292 30288 1:0 64292
64292 30282 1:0 64292
64292 30283 1:0 64292
64292 30289 1:0 64292
64292 30293 1:0 64292
64292 30292 1:0 64292
64292 30294 1:0 64292
64292 30290 1:0 64292
64292 30291 1:0 64292
64292 30295 1:0 64292
64294 393 1:0 64463
64317 443 21:0 64317
64317 30140 21:0 64317
64317 30139 21:0 64317
64317 30138 21:0 64317
64317 30137 21:0 64317
64317 447 21:0 64317
64317 445 21:0 64317
64317 449 21:0 64317
64317 30136 21:0 64317
64317 30135 21:0 64317
64317 30142 21:0 64317
64317 30141 21:0 64317
64317 30148 21:0 64317
64317 30146 21:0 64317
64317 30145 21:0 64317
64317 30143 21:0 64317
64317 30147 21:0 64317
64317 30144 21:0 64317
64317 755 21:0 64327
64428 56965 1:0 64463
64462 37405 1:0 64462
64462 411 1:0 64462
64464 359 1:0 64474
64467 57385 1:0 64474
64473 57480 1:0 64473
64473 37409 1:0 64473
64473 413 1:0 64473
64475 37466 1:0 64483
64478 57383 1:0 64483
64482 409 1:0 64482
64484 37412 1:0 64490
64487 57384 1:0 64514
64489 57473 1:0 64489
64489 57479 1:0 64489
64491 369 1:0 64511
64509 755 1:0 64511
64510 57468 1:0 64510
64512 367 1:0 64514
64512 37553 1:0 64514
64512 57077 1:0 64514
64513 37441 1:0 64513
64513 37439 1:0 64513
64513 405 1:0 64513
64513 403 1:0 64513
64513 37444 1:0 64513
64513 401 1:0 64513
64513 37430 1:0 64513
64513 407 1:0 64513
64513 57460 1:0 64513
64513 57466 1:0 64513
64513 57464 1:0 64513
64513 57467 1:0 64513
64513 57453 1:0 64513
64513 57459 1:0 64513
64513 30434 1:0 64513
64513 30433 1:0 64513
64513 30432 1:0 64513
64513 30431 1:0 64513
64513 30436 1:0 64513
64513 30435 1:0 64513
64513 30429 1:0 64513
64513 30430 1:0 64513
64513 30439 1:0 64513
64513 30441 1:0 64513
64513 30438 1:0 64513
64513 30440 1:0 64513
64513 30437 1:0 64513
64513 30442 1:0 64513
64515 37462 1:0 64684
64538 419 21:0 64538
64538 30284 21:0 64538
64538 30287 21:0 64538
64538 30285 21:0 64538
64538 30286 21:0 64538
64538 427 21:0 64538
64538 431 21:0 64538
64538 429 21:0 64538
64538 30288 21:0 64538
64538 30282 21:0 64538
64538 30283 21:0 64538
64538 30289 21:0 64538
64538 30293 21:0 64538
64538 30292 21:0 64538
64538 30294 21:0 64538
64538 30290 21:0 64538
64538 30291 21:0 64538
64538 30295 21:0 64538
64538 755 21:0 64548
64649 56985 1:0 64684
64685 373 1:0 64695
64688 57382 1:0 64695
64694 57447 1:0 64694
64694 395 1:0 64694
64696 375 1:0 64704
64699 57352 1:0 64704
64705 37469 1:0 64711
64708 57350 1:0 64735
64710 57440 1:0 64710
64710 57446 1:0 64710
64712 37555 1:0 64732
64730 755 1:0 64732
64731 57435 1:0 64731
64733 57057 1:0 64735
64733 37612 1:0 64735
64733 37610 1:0 64735
64734 385 1:0 64734
64734 387 1:0 64734
64734 37496 1:0 64734
64734 37498 1:0 64734
64734 389 1:0 64734
64734 37487 1:0 64734
64734 37501 1:0 64734
64734 383 1:0 64734
64734 57433 1:0 64734
64734 57427 1:0 64734
64734 57431 1:0 64734
64734 57420 1:0 64734
64734 57434 1:0 64734
64734 57426 1:0 64734
64734 30579 1:0 64734
64734 30580 1:0 64734
64734 30581 1:0 64734
64734 30578 1:0 64734
64734 30582 1:0 64734
64734 30576 1:0 64734
64734 30583 1:0 64734
64734 30577 1:0 64734
64734 30588 1:0 64734
64734 30584 1:0 64734
64734 30587 1:0 64734
64734 30589 1:0 64734
64734 30585 1:0 64734
64734 30586 1:0 64734
64736 37523 1:0 64905
64759 407 21:0 64759
64759 30434 21:0 64759
64759 30433 21:0 64759
64759 30432 21:0 64759
64759 30431 21:0 64759
64759 411 21:0 64759
64759 413 21:0 64759
64759 409 21:0 64759
64759 30436 21:0 64759
64759 30435 21:0 64759
64759 30429 21:0 64759
64759 30430 21:0 64759
64759 30439 21:0 64759
64759 30441 21:0 64759
64759 30438 21:0 64759
64759 30440 21:0 64759
64759 30437 21:0 64759
64759 30442 21:0 64759
64759 755 21:0 64769
64870 57116 1:0 64905
64906 37519 1:0 64911
64909 57351 1:0 64916
64915 57414 1:0 64915
64915 377 1:0 64915
64917 355 1:0 64925
64920 57349 1:0 64925
64926 37526 1:0 64932
64929 57319 1:0 64956
64931 57407 1:0 64931
64931 57413 1:0 64931
64933 349 1:0 64953
64951 755 1:0 64953
64952 57402 1:0 64952
64954 37724 1:0 64956
64954 56998 1:0 64956
64954 351 1:0 64956
64955 37558 1:0 64955
64955 365 1:0 64955
64955 371 1:0 64955
64955 37544 1:0 64955
64955 57400 1:0 64955
64955 57394 1:0 64955
64955 57401 1:0 64955
64955 57387 1:0 64955
64955 57398 1:0 64955
64955 57393 1:0 64955
64955 30725 1:0 64955
64955 30727 1:0 64955
64955 30726 1:0 64955
64955 30728 1:0 64955
64955 30730 1:0 64955
64955 30724 1:0 64955
64955 30723 1:0 64955
64955 30729 1:0 64955
64955 30736 1:0 64955
64955 30734 1:0 64955
64955 30731 1:0 64955
64955 30733 1:0 64955
64955 30732 1:0 64955
64955 30735 1:0 64955
64957 357 1:0 65126
64980 383 21:0 64980
64980 389 21:0 64980
64980 30579 21:0 64980
64980 30580 21:0 64980
64980 30581 21:0 64980
64980 30578 21:0 64980
64980 391 21:0 64980
64980 395 21:0 64980
64980 393 21:0 64980
64980 30582 21:0 64980
64980 30576 21:0 64980
64980 30583 21:0 64980
64980 30577 21:0 64980
64980 30588 21:0 64980
64980 30584 21:0 64980
64980 30587 21:0 64980
64980 30589 21:0 64980
64980 30585 21:0 64980
64980 30586 21:0 64980
64980 755 21:0 64990
65091 57030 1:0 65126
65127 37576 1:0 65132
65130 57318 1:0 65137
65136 57381 1:0 65136
65138 37580 1:0 65143
65141 57317 1:0 65146
65147 37583 1:0 65153
65150 57316 1:0 65177
65152 57374 1:0 65152
65152 57380 1:0 65152
65154 37726 1:0 65174
65172 755 1:0 65174
65173 57369 1:0 65173
65175 315 1:0 65177
65175 313 1:0 65177
65175 56991 1:0 65177
65176 37601 1:0 65176
65176 353 1:0 65176
65176 37615 1:0 65176
65176 347 1:0 65176
65176 57368 1:0 65176
65176 57367 1:0 65176
65176 57354 1:0 65176
65176 57365 1:0 65176
65176 57361 1:0 65176
65176 57360 1:0 65176
65176 30874 1:0 65176
65176 30872 1:0 65176
65176 30873 1:0 65176
65176 30875 1:0 65176
65176 30876 1:0 65176
65176 30871 1:0 65176
65176 30870 1:0 65176
65176 30877 1:0 65176
65176 30880 1:0 65176
65176 30878 1:0 65176
65176 30883 1:0 65176
65176 30882 1:0 65176
65176 30879 1:0 65176
65176 30881 1:0 65176
65178 339 1:0 65347
65201 365 21:0 65201
65201 371 21:0 65201
65201 30725 21:0 65201
65201 30727 21:0 65201
65201 30726 21:0 65201
65201 30728 21:0 65201
65201 373 21:0 65201
65201 375 21:0 65201
65201 377 21:0 65201
65201 30730 21:0 65201
65201 30724 21:0 65201
65201 30723 21:0 65201
65201 30729 21:0 65201
65201 30736 21:0 65201
65201 30734 21:0 65201
65201 30731 21:0 65201
65201 30733 21:0 65201
65201 30732 21:0 65201
65201 30735 21:0 65201
65201 755 21:0 65211
65312 57051 1:0 65347
65348 37633 1:0 65353
65351 57286 1:0 65358
65357 57348 1:0 65357
65357 37637 1:0 65357
65357 341 1:0 65357
65359 37747 1:0 65367
65362 57284 1:0 65367
65366 57347 1:0 65366
65366 57341 1:0 65366
65366 37640 1:0 65366
65366 337 1:0 65366
65368 195 1:0 65395
65371 57285 1:0 65395
65375 37838 1:0 65395
65393 755 1:0 65395
65394 331 1:0 65394
65394 37669 1:0 65394
65394 333 1:0 65394
65394 37667 1:0 65394
65394 335 1:0 65394
65394 37658 1:0 65394
65394 329 1:0 65394
65394 37672 1:0 65394
65394 57321 1:0 65394
65394 57328 1:0 65394
65394 57327 1:0 65394
65394 57334 1:0 65394
65394 57336 1:0 65394
65394 57335 1:0 65394
65394 57332 1:0 65394
65394 31020 1:0 65394
65394 31021 1:0 65394
65394 31019 1:0 65394
65394 31022 1:0 65394
65394 31017 1:0 65394
65394 31018 1:0 65394
65396 283 1:0 65518
65422 347 21:0 65422
65422 30874 21:0 65422
65422 30872 21:0 65422
65422 30873 21:0 65422
65422 30875 21:0 65422
65422 359 21:0 65422
65422 355 21:0 65422
65422 357 21:0 65422
65422 30876 21:0 65422
65422 30871 21:0 65422
65422 30870 21:0 65422
65422 30877 21:0 65422
65422 30880 21:0 65422
65422 30878 21:0 65422
65422 30883 21:0 65422
65422 30882 21:0 65422
65422 30879 21:0 65422
65422 30881 21:0 65422
65422 755 21:0 65432
65478 37840 1:0 65507
65506 31023 1:0 65506
65506 31024 1:0 65506
65508 277 1:0 65518
65517 31028 1:0 65517
65517 31027 1:0 65517
65517 31026 1:0 65517
65517 31029 1:0 65517
65517 31030 1:0 65517
65517 31025 1:0 65517
65519 285 1:0 65571
65570 57315 1:0 65570
65570 321 1:0 65570
65570 37690 1:0 65570
65572 37697 1:0 65582
65580 57283 1:0 65582
65581 37694 1:0 65581
65581 323 1:0 65581
65583 251 1:0 65591
65589 57253 1:0 65591
65590 57308 1:0 65590
65590 57303 1:0 65590
65590 57314 1:0 65590
65590 319 1:0 65590
65592 37808 1:0 65619
65617 297 1:0 65619
65617 755 1:0 65619
65618 311 1:0 65618
65618 37715 1:0 65618
65618 317 1:0 65618
65618 37729 1:0 65618
65618 57294 1:0 65618
65618 57302 1:0 65618
65618 57299 1:0 65618
65618 57288 1:0 65618
65618 57295 1:0 65618
65618 57301 1:0 65618
65618 31167 1:0 65618
65618 31166 1:0 65618
65618 31168 1:0 65618
65618 31169 1:0 65618
65618 31170 1:0 65618
65618 31171 1:0 65618
65618 31164 1:0 65618
65618 31165 1:0 65618
65618 31173 1:0 65618
65618 31175 1:0 65618
65618 31172 1:0 65618
65618 31177 1:0 65618
65618 31176 1:0 65618
65618 31174 1:0 65618
65620 37804 1:0 65789
65643 335 21:0 65643
65643 31020 21:0 65643
65643 31021 21:0 65643
65643 31019 21:0 65643
65643 31022 21:0 65643
65643 339 21:0 65643
65643 341 21:0 65643
65643 337 21:0 65643
65643 31017 21:0 65643
65643 31018 21:0 65643
65643 31023 21:0 65643
65643 31024 21:0 65643
65643 31028 21:0 65643
65643 31027 21:0 65643
65643 31026 21:0 65643
65643 31029 21:0 65643
65643 31030 21:0 65643
65643 31025 21:0 65643
65643 755 21:0 65653
65754 56939 1:0 65789
65788 303 1:0 65788
65790 265 1:0 65800
65793 57252 1:0 65800
65799 57282 1:0 65799
65799 37751 1:0 65799
65799 305 1:0 65799
65801 267 1:0 65809
65804 57251 1:0 65809
65808 301 1:0 65808
65810 37754 1:0 65816
65813 57250 1:0 65840
65815 57275 1:0 65815
65815 57281 1:0 65815
65817 295 1:0 65837
65835 755 1:0 65837
65836 57270 1:0 65836
65838 37783 1:0 65840
65838 57134 1:0 65840
65838 37781 1:0 65840
65839 37786 1:0 65839
65839 293 1:0 65839
65839 299 1:0 65839
65839 37772 1:0 65839
65839 57255 1:0 65839
65839 57261 1:0 65839
65839 57266 1:0 65839
65839 57262 1:0 65839
65839 57269 1:0 65839
65839 57268 1:0 65839
65839 31314 1:0 65839
65839 31313 1:0 65839
65839 31315 1:0 65839
65839 31316 1:0 65839
65839 31318 1:0 65839
65839 31311 1:0 65839
65839 31317 1:0 65839
65839 31312 1:0 65839
65839 31319 1:0 65839
65839 31321 1:0 65839
65839 31324 1:0 65839
65839 31322 1:0 65839
65839 31320 1:0 65839
65839 31323 1:0 65839
65841 37979 1:0 66010
65864 311 21:0 65864
65864 31167 21:0 65864
65864 31166 21:0 65864
65864 31168 21:0 65864
65864 31169 21:0 65864
65864 319 21:0 65864
65864 323 21:0 65864
65864 321 21:0 65864
65864 31170 21:0 65864
65864 31171 21:0 65864
65864 31164 21:0 65864
65864 31165 21:0 65864
65864 31173 21:0 65864
65864 31175 21:0 65864
65864 31172 21:0 65864
65864 31177 21:0 65864
65864 31176 21:0 65864
65864 31174 21:0 65864
65864 755 21:0 65874
65975 56925 1:0 66010
66011 233 1:0 66021
66014 57220 1:0 66021
66020 57249 1:0 66020
66020 287 1:0 66020
66022 37865 1:0 66030
66025 57218 1:0 66030
66031 37811 1:0 66037
66034 57219 1:0 66061
66036 57242 1:0 66036
66036 57248 1:0 66036
66038 279 1:0 66058
66056 755 1:0 66058
66057 57237 1:0 66057
66059 261 1:0 66061
66059 37895 1:0 66061
66059 56931 1:0 66061
66060 37843 1:0 66060
66060 37829 1:0 66060
66060 281 1:0 66060
66060 275 1:0 66060
66060 57236 1:0 66060
66060 57235 1:0 66060
66060 57229 1:0 66060
66060 57222 1:0 66060
66060 57228 1:0 66060
66060 57233 1:0 66060
66060 31461 1:0 66060
66060 31462 1:0 66060
66060 31463 1:0 66060
66060 31460 1:0 66060
66060 31459 1:0 66060
66060 31464 1:0 66060
66060 31458 1:0 66060
66060 31465 1:0 66060
66060 31468 1:0 66060
66060 31467 1:0 66060
66060 31471 1:0 66060
66060 31470 1:0 66060
66060 31466 1:0 66060
66060 31469 1:0 66060
66062 37861 1:0 66231
66085 293 21:0 66085
66085 301 21:0 66085
66085 303 21:0 66085
66085 305 21:0 66085
66085 31314 21:0 66085
66085 31313 21:0 66085
66085 31315 21:0 66085
66085 31316 21:0 66085
66085 31318 21:0 66085
66085 31311 21:0 66085
66085 31317 21:0 66085
66085 31312 21:0 66085
66085 31319 21:0 66085
66085 31321 21:0 66085
66085 31324 21:0 66085
66085 31322 21:0 66085
66085 31320 21:0 66085
66085 31323 21:0 66085
66085 755 21:0 66095
66196 56919 1:0 66231
66232 247 1:0 66242
66235 57217 1:0 66242
66241 57216 1:0 66241
66241 269 1:0 66241
66243 249 1:0 66251
66246 57187 1:0 66251
66252 37868 1:0 66258
66255 57185 1:0 66282
66257 57215 1:0 66257
66257 57209 1:0 66257
66259 259 1:0 66279
66277 755 1:0 66279
66278 57204 1:0 66278
66280 56912 1:0 66282
66280 37897 1:0 66282
66280 37952 1:0 66282
66281 257 1:0 66281
66281 37900 1:0 66281
66281 37886 1:0 66281
66281 263 1:0 66281
66281 57200 1:0 66281
66281 57195 1:0 66281
66281 57202 1:0 66281
66281 57203 1:0 66281
66281 57196 1:0 66281
66281 57189 1:0 66281
66281 31609 1:0 66281
66281 31607 1:0 66281
66281 31610 1:0 66281
66281 31608 1:0 66281
66281 31612 1:0 66281
66281 31611 1:0 66281
66281 31606 1:0 66281
66281 31605 1:0 66281
66281 31613 1:0 66281
66281 31614 1:0 66281
66281 31616 1:0 66281
66281 31618 1:0 66281
66281 31617 1:0 66281
66281 31615 1:0 66281
66283 37922 1:0 66452
66306 281 21:0 66306
66306 275 21:0 66306
66306 287 21:0 66306
66306 283 21:0 66306
66306 285 21:0 66306
66306 31461 21:0 66306
66306 31462 21:0 66306
66306 31463 21:0 66306
66306 31460 21:0 66306
66306 31459 21:0 66306
66306 31464 21:0 66306
66306 31458 21:0 66306
66306 31465 21:0 66306
66306 31468 21:0 66306
66306 31467 21:0 66306
66306 31471 21:0 66306
66306 31470 21:0 66306
66306 31466 21:0 66306
66306 31469 21:0 66306
66306 755 21:0 66316
66417 56906 1:0 66452
66453 37918 1:0 66458
66456 57186 1:0 66460
66459 57183 1:0 66459
66464 231 1:0 66472
66467 57184 1:0 66470
66473 37925 1:0 66479
66476 57154 1:0 66503
66478 57176 1:0 66478
66478 57182 1:0 66478
66480 243 1:0 66500
66498 755 1:0 66500
66499 57171 1:0 66499
66501 241 1:0 66503
66501 37954 1:0 66503
66501 56918 1:0 66503
66502 245 1:0 66502
66502 37943 1:0 66502
66502 239 1:0 66502
66502 37957 1:0 66502
66502 57167 1:0 66502
66502 57162 1:0 66502
66502 57170 1:0 66502
66502 57156 1:0 66502
66502 57169 1:0 66502
66502 57163 1:0 66502
66502 31757 1:0 66502
66502 31754 1:0 66502
66502 31755 1:0 66502
66502 31756 1:0 66502
66502 31758 1:0 66502
66502 31759 1:0 66502
66502 31753 1:0 66502
66502 31752 1:0 66502
66502 31762 1:0 66502
66502 31763 1:0 66502
66502 31761 1:0 66502
66502 31760 1:0 66502
66502 31764 1:0 66502
66502 31765 1:0 66502
66504 37975 1:0 66673
66527 257 21:0 66527
66527 265 21:0 66527
66527 267 21:0 66527
66527 269 21:0 66527
66527 31609 21:0 66527
66527 31607 21:0 66527
66527 31610 21:0 66527
66527 31608 21:0 66527
66527 31612 21:0 66527
66527 31611 21:0 66527
66527 31606 21:0 66527
66527 31605 21:0 66527
66527 31613 21:0 66527
66527 31614 21:0 66527
66527 31616 21:0 66527
66527 31618 21:0 66527
66527 31617 21:0 66527
66527 31615 21:0 66527
66527 755 21:0 66537
66638 56899 1:0 66673
66674 38009 1:0 66676
66674 56907 1:0 66676
66674 225 1:0 66676
66674 57152 1:0 66676
66677 57153 1:0 66681
66677 229 1:0 66687
66680 57150 1:0 66680
66688 57151 1:0 66691
66688 56903 1:0 66693
66688 56905 1:0 66693
66691 755 1:0 66693
66694 37982 1:0 66700
66697 215 1:0 66778
66699 38000 1:0 66699
66699 227 1:0 66699
66699 57137 1:0 66699
66699 57138 1:0 66699
66699 57130 1:0 66699
66699 57149 1:0 66699
66699 57143 1:0 66699
66748 245 21:0 66748
66748 249 21:0 66748
66748 251 21:0 66748
66748 247 21:0 66748
66748 31757 21:0 66748
66748 31754 21:0 66748
66748 31755 21:0 66748
66748 31756 21:0 66748
66748 31758 21:0 66748
66748 31759 21:0 66748
66748 31753 21:0 66748
66748 31752 21:0 66748
66748 31762 21:0 66748
66748 31763 21:0 66748
66748 31761 21:0 66748
66748 31760 21:0 66748
66748 31764 21:0 66748
66748 31765 21:0 66748
66748 755 21:0 66758
66757 63601 21:0 66758
66757 223 1:0 66765
66760 63601 1:0 66763
66764 38009 21:0 66770
66766 38011 1:0 66772
66776 56892 1:0 66778
66776 38009 1:0 66778
66777 221 1:0 66777
66777 38014 1:0 66777
66777 57123 1:0 66777
66777 57129 1:0 66777
66777 31904 1:0 66777
66777 31901 1:0 66777
66777 31902 1:0 66777
66777 31903 1:0 66777
66777 31905 1:0 66777
66777 31906 1:0 66777
66777 31900 1:0 66777
66777 31899 1:0 66777
66777 31909 1:0 66777
66777 31907 1:0 66777
66777 31908 1:0 66777
66777 31910 1:0 66777
66777 31911 1:0 66777
66777 31912 1:0 66777
66779 57121 1:0 66894
66895 38066 1:0 66897
66895 56898 1:0 66897
66895 207 1:0 66897
66895 57120 1:0 66897
66896 213 1:0 66896
66898 57119 1:0 66901
66898 38036 1:0 66908
66900 38032 1:0 66900
66909 57118 1:0 66912
66909 56879 1:0 66914
66909 56886 1:0 66914
66912 755 1:0 66914
66913 211 1:0 66913
66915 38039 1:0 66921
66918 38089 1:0 66999
66920 209 1:0 66920
66920 38057 1:0 66920
66920 57105 1:0 66920
66920 57103 1:0 66920
66969 227 21:0 66969
66969 231 21:0 66969
66969 233 21:0 66969
66969 229 21:0 66969
66969 31904 21:0 66969
66969 31901 21:0 66969
66969 31902 21:0 66969
66969 31903 21:0 66969
66969 31905 21:0 66969
66969 31906 21:0 66969
66969 31900 21:0 66969
66969 31899 21:0 66969
66969 31909 21:0 66969
66969 31907 21:0 66969
66969 31908 21:0 66969
66969 31910 21:0 66969
66969 31911 21:0 66969
66969 31912 21:0 66969
66969 755 21:0 66979
66978 63721 21:0 66979
66978 205 1:0 66986
66981 63721 1:0 66984
66985 38066 21:0 66991
66987 38068 1:0 66993
66997 38066 1:0 66999
66997 56800 1:0 66999
66998 38071 1:0 66998
66998 203 1:0 66998
66998 32048 1:0 66998
66998 32051 1:0 66998
66998 32049 1:0 66998
66998 32050 1:0 66998
66998 32047 1:0 66998
66998 32052 1:0 66998
66998 32053 1:0 66998
66998 32046 1:0 66998
66998 32056 1:0 66998
66998 32059 1:0 66998
66998 32055 1:0 66998
66998 32054 1:0 66998
66998 32057 1:0 66998
66998 32058 1:0 66998
67000 57088 1:0 67115
67116 56804 1:0 67118
67116 57087 1:0 67118
67116 189 1:0 67118
67116 38123 1:0 67118
67119 57086 1:0 67122
67119 38264 1:0 67129
67121 57084 1:0 67121
67128 197 1:0 67128
67130 57085 1:0 67133
67130 56859 1:0 67135
67130 56820 1:0 67135
67132 38093 1:0 67132
67133 755 1:0 67135
67134 193 1:0 67134
67136 38096 1:0 67142
67139 143 1:0 67220
67141 191 1:0 67141
67141 38114 1:0 67141
67141 57064 1:0 67141
67190 203 21:0 67190
67190 211 21:0 67190
67190 213 21:0 67190
67190 215 21:0 67190
67190 32048 21:0 67190
67190 32051 21:0 67190
67190 32049 21:0 67190
67190 32050 21:0 67190
67190 32047 21:0 67190
67190 32052 21:0 67190
67190 32053 21:0 67190
67190 32046 21:0 67190
67190 32056 21:0 67190
67190 32059 21:0 67190
67190 32055 21:0 67190
67190 32054 21:0 67190
67190 32057 21:0 67190
67190 32058 21:0 67190
67190 755 21:0 67200
67199 63841 21:0 67200
67199 187 1:0 67207
67202 63841 1:0 67205
67206 38123 21:0 67212
67208 38125 1:0 67214
67218 56841 1:0 67220
67218 38123 1:0 67220
67219 185 1:0 67219
67219 38128 1:0 67219
67219 57063 1:0 67219
67219 32196 1:0 67219
67219 32195 1:0 67219
67219 32197 1:0 67219
67219 32198 1:0 67219
67219 32200 1:0 67219
67219 32199 1:0 67219
67219 32194 1:0 67219
67219 32193 1:0 67219
67219 32201 1:0 67219
67219 32202 1:0 67219
67219 32205 1:0 67219
67219 32204 1:0 67219
67219 32206 1:0 67219
67219 32203 1:0 67219
67221 57055 1:0 67336
67337 171 1:0 67339
67337 57053 1:0 67339
67337 56807 1:0 67339
67337 38180 1:0 67339
67338 177 1:0 67338
67340 57054 1:0 67344
67340 38488 1:0 67350
67343 38146 1:0 67343
67349 179 1:0 67349
67351 57052 1:0 67354
67351 56813 1:0 67356
67351 56840 1:0 67356
67353 38150 1:0 67353
67354 755 1:0 67356
67355 175 1:0 67355
67357 38153 1:0 67363
67360 69 1:0 67441
67362 173 1:0 67362
67362 38171 1:0 67362
67362 57037 1:0 67362
67362 57031 1:0 67362
67362 57039 1:0 67362
67362 57044 1:0 67362
67362 57038 1:0 67362
67362 57035 1:0 67362
67362 57050 1:0 67362
67411 195 21:0 67411
67411 193 21:0 67411
67411 197 21:0 67411
67411 32196 21:0 67411
67411 32195 21:0 67411
67411 32197 21:0 67411
67411 32198 21:0 67411
67411 32200 21:0 67411
67411 32199 21:0 67411
67411 32194 21:0 67411
67411 32193 21:0 67411
67411 32201 21:0 67411
67411 32202 21:0 67411
67411 32205 21:0 67411
67411 32204 21:0 67411
67411 32206 21:0 67411
67411 32203 21:0 67411
67411 755 21:0 67421
67420 63961 21:0 67421
67420 169 1:0 67428
67423 63961 1:0 67426
67427 38180 21:0 67433
67429 38182 1:0 67435
67439 38180 1:0 67441
67439 56885 1:0 67441
67440 38185 1:0 67440
67440 167 1:0 67440
67440 32345 1:0 67440
67440 32344 1:0 67440
67440 32342 1:0 67440
67440 32343 1:0 67440
67440 32347 1:0 67440
67440 32341 1:0 67440
67440 32340 1:0 67440
67440 32346 1:0 67440
67440 32349 1:0 67440
67440 32350 1:0 67440
67440 32348 1:0 67440
67440 32351 1:0 67440
67440 32353 1:0 67440
67440 32352 1:0 67440
67442 57022 1:0 67557
67558 56853 1:0 67560
67558 57021 1:0 67560
67558 153 1:0 67560
67558 38237 1:0 67560
67559 159 1:0 67559
67561 57020 1:0 67564
67561 157 1:0 67571
67563 57018 1:0 67563
67563 38203 1:0 67563
67570 161 1:0 67570
67572 57019 1:0 67575
67572 56866 1:0 67577
67572 56846 1:0 67577
67574 38207 1:0 67574
67575 755 1:0 67577
67578 38210 1:0 67584
67581 38321 1:0 67662
67583 38228 1:0 67583
67583 155 1:0 67583
67583 57002 1:0 67583
67632 173 21:0 67632
67632 167 21:0 67632
67632 175 21:0 67632
67632 179 21:0 67632
67632 177 21:0 67632
67632 32345 21:0 67632
67632 32344 21:0 67632
67632 32342 21:0 67632
67632 32343 21:0 67632
67632 32347 21:0 67632
67632 32341 21:0 67632
67632 32340 21:0 67632
67632 32346 21:0 67632
67632 32349 21:0 67632
67632 32350 21:0 67632
67632 32348 21:0 67632
67632 32351 21:0 67632
67632 32353 21:0 67632
67632 32352 21:0 67632
67632 755 21:0 67642
67641 64081 21:0 67642
67641 151 1:0 67649
67644 64081 1:0 67647
67645 153 21:0 67654
67650 38239 1:0 67656
67660 56826 1:0 67662
67660 153 1:0 67662
67661 149 1:0 67661
67661 38242 1:0 67661
67661 32492 1:0 67661
67661 32490 1:0 67661
67661 32491 1:0 67661
67661 32489 1:0 67661
67661 32488 1:0 67661
67661 32494 1:0 67661
67661 32487 1:0 67661
67661 32493 1:0 67661
67661 32498 1:0 67661
67661 32497 1:0 67661
67661 32500 1:0 67661
67661 32499 1:0 67661
67661 32496 1:0 67661
67661 32495 1:0 67661
67663 56989 1:0 67778
67779 56833 1:0 67781
67779 38294 1:0 67781
67779 135 1:0 67781
67779 56988 1:0 67781
67780 141 1:0 67780
67782 56987 1:0 67785
67782 139 1:0 67792
67784 38260 1:0 67784
67793 56986 1:0 67796
67793 56832 1:0 67798
67793 56872 1:0 67798
67796 755 1:0 67798
67799 38267 1:0 67805
67802 125 1:0 67883
67804 137 1:0 67804
67804 38285 1:0 67804
67804 56973 1:0 67804
67804 56972 1:0 67804
67853 155 21:0 67853
67853 149 21:0 67853
67853 159 21:0 67853
67853 161 21:0 67853
67853 157 21:0 67853
67853 32492 21:0 67853
67853 32490 21:0 67853
67853 32491 21:0 67853
67853 32489 21:0 67853
67853 32488 21:0 67853
67853 32494 21:0 67853
67853 32487 21:0 67853
67853 32493 21:0 67853
67853 32498 21:0 67853
67853 32497 21:0 67853
67853 32500 21:0 67853
67853 32499 21:0 67853
67853 32496 21:0 67853
67853 32495 21:0 67853
67853 755 21:0 67863
67862 64201 21:0 67863
67862 133 1:0 67870
67865 64201 1:0 67868
67869 38294 21:0 67875
67871 38296 1:0 67877
67881 56808 1:0 67883
67881 38294 1:0 67883
67882 131 1:0 67882
67882 38299 1:0 67882
67882 56964 1:0 67882
67882 32637 1:0 67882
67882 32636 1:0 67882
67882 32638 1:0 67882
67882 32639 1:0 67882
67882 32641 1:0 67882
67882 32634 1:0 67882
67882 32635 1:0 67882
67882 32640 1:0 67882
67882 32642 1:0 67882
67882 32646 1:0 67882
67882 32644 1:0 67882
67882 32643 1:0 67882
67882 32645 1:0 67882
67882 32647 1:0 67882
67884 56956 1:0 67999
68000 117 1:0 68002
68000 56955 1:0 68002
68000 38351 1:0 68002
68000 56806 1:0 68002
68001 123 1:0 68001
68003 56954 1:0 68006
68003 121 1:0 68013
68005 56952 1:0 68005
68005 38317 1:0 68005
68014 56953 1:0 68017
68014 56874 1:0 68019
68014 56865 1:0 68019
68017 755 1:0 68019
68020 38324 1:0 68026
68023 38378 1:0 68104
68025 38342 1:0 68025
68025 119 1:0 68025
68025 56936 1:0 68025
68025 56951 1:0 68025
68074 131 21:0 68074
68074 139 21:0 68074
68074 143 21:0 68074
68074 141 21:0 68074
68074 32637 21:0 68074
68074 32636 21:0 68074
68074 32638 21:0 68074
68074 32639 21:0 68074
68074 32641 21:0 68074
68074 32634 21:0 68074
68074 32635 21:0 68074
68074 32640 21:0 68074
68074 32642 21:0 68074
68074 32646 21:0 68074
68074 32644 21:0 68074
68074 32643 21:0 68074
68074 32645 21:0 68074
68074 32647 21:0 68074
68074 755 21:0 68084
68083 64321 21:0 68084
68083 115 1:0 68091
68086 64321 1:0 68089
68087 117 21:0 68096
68092 38353 1:0 68098
68102 117 1:0 68104
68102 56839 1:0 68104
68103 113 1:0 68103
68103 38356 1:0 68103
68103 32784 1:0 68103
68103 32783 1:0 68103
68103 32785 1:0 68103
68103 32786 1:0 68103
68103 32782 1:0 68103
68103 32781 1:0 68103
68103 32787 1:0 68103
68103 32788 1:0 68103
68103 32790 1:0 68103
68103 32789 1:0 68103
68103 32792 1:0 68103
68103 32794 1:0 68103
68103 32793 1:0 68103
68103 32791 1:0 68103
68105 56923 1:0 68220
68221 56922 1:0 68223
68221 38408 1:0 68223
68221 99 1:0 68223
68221 56819 1:0 68223
68222 105 1:0 68222
68224 56921 1:0 68227
68224 107 1:0 68233
68226 38374 1:0 68226
68235 56920 1:0 68238
68235 56837 1:0 68240
68235 56852 1:0 68240
68238 755 1:0 68240
68239 103 1:0 68239
68241 38381 1:0 68247
68244 38435 1:0 68325
68246 101 1:0 68246
68246 38399 1:0 68246
68295 119 21:0 68295
68295 125 21:0 68295
68295 123 21:0 68295
68295 121 21:0 68295
68295 32784 21:0 68295
68295 32783 21:0 68295
68295 32785 21:0 68295
68295 32786 21:0 68295
68295 32782 21:0 68295
68295 32781 21:0 68295
68295 32787 21:0 68295
68295 32788 21:0 68295
68295 32790 21:0 68295
68295 32789 21:0 68295
68295 32792 21:0 68295
68295 32794 21:0 68295
68295 32793 21:0 68295
68295 32791 21:0 68295
68295 755 21:0 68305
68304 64441 21:0 68305
68304 97 1:0 68312
68307 64441 1:0 68310
68311 38408 21:0 68317
68313 38410 1:0 68319
68323 56870 1:0 68325
68323 38408 1:0 68325
68324 95 1:0 68324
68324 38413 1:0 68324
68324 32930 1:0 68324
68324 32932 1:0 68324
68324 32931 1:0 68324
68324 32933 1:0 68324
68324 32934 1:0 68324
68324 32928 1:0 68324
68324 32929 1:0 68324
68324 32935 1:0 68324
68324 32937 1:0 68324
68324 32936 1:0 68324
68324 32940 1:0 68324
68324 32938 1:0 68324
68324 32939 1:0 68324
68324 32941 1:0 68324
68326 56890 1:0 68441
68442 81 1:0 68444
68442 38465 1:0 68444
68442 56888 1:0 68444
68442 56873 1:0 68444
68443 87 1:0 68443
68445 56889 1:0 68449
68445 89 1:0 68454
68448 38431 1:0 68448
68456 56887 1:0 68459
68456 56799 1:0 68461
68456 56793 1:0 68461
68459 755 1:0 68461
68460 85 1:0 68460
68462 38438 1:0 68468
68465 38602 1:0 68546
68467 38456 1:0 68467
68467 83 1:0 68467
68516 101 21:0 68516
68516 95 21:0 68516
68516 107 21:0 68516
68516 103 21:0 68516
68516 105 21:0 68516
68516 32930 21:0 68516
68516 32932 21:0 68516
68516 32931 21:0 68516
68516 32933 21:0 68516
68516 32934 21:0 68516
68516 32928 21:0 68516
68516 32929 21:0 68516
68516 32935 21:0 68516
68516 32937 21:0 68516
68516 32936 21:0 68516
68516 32940 21:0 68516
68516 32938 21:0 68516
68516 32939 21:0 68516
68516 32941 21:0 68516
68516 755 21:0 68526
68525 64561 21:0 68526
68525 79 1:0 68533
68528 64561 1:0 68531
68529 81 21:0 68538
68534 38467 1:0 68540
68544 81 1:0 68546
68544 56787 1:0 68546
68545 38470 1:0 68545
68545 77 1:0 68545
68545 33078 1:0 68545
68545 33080 1:0 68545
68545 33079 1:0 68545
68545 33077 1:0 68545
68545 33075 1:0 68545
68545 33081 1:0 68545
68545 33082 1:0 68545
68545 33076 1:0 68545
68545 33083 1:0 68545
68545 33086 1:0 68545
68545 33085 1:0 68545
68545 33087 1:0 68545
68545 33088 1:0 68545
68545 33084 1:0 68545
68547 56857 1:0 68662
68663 56856 1:0 68665
68663 38522 1:0 68665
68663 63 1:0 68665
68663 56780 1:0 68665
68666 56855 1:0 68669
68666 67 1:0 68676
68675 71 1:0 68675
68677 56854 1:0 68680
68677 56760 1:0 68682
68677 56766 1:0 68682
68679 38492 1:0 68679
68680 755 1:0 68682
68683 38495 1:0 68689
68686 53 1:0 68767
68688 65 1:0 68688
68688 38513 1:0 68688
68737 77 21:0 68737
68737 83 21:0 68737
68737 87 21:0 68737
68737 85 21:0 68737
68737 89 21:0 68737
68737 33078 21:0 68737
68737 33080 21:0 68737
68737 33079 21:0 68737
68737 33077 21:0 68737
68737 33075 21:0 68737
68737 33081 21:0 68737
68737 33082 21:0 68737
68737 33076 21:0 68737
68737 33083 21:0 68737
68737 33086 21:0 68737
68737 33085 21:0 68737
68737 33087 21:0 68737
68737 33088 21:0 68737
68737 33084 21:0 68737
68737 755 21:0 68747
68746 64681 21:0 68747
68746 61 1:0 68754
68749 64681 1:0 68752
68753 38522 21:0 68759
68755 38524 1:0 68761
68765 38522 1:0 68767
68765 56775 1:0 68767
68766 59 1:0 68766
68766 38527 1:0 68766
68766 33227 1:0 68766
68766 33225 1:0 68766
68766 33226 1:0 68766
68766 33224 1:0 68766
68766 33223 1:0 68766
68766 33228 1:0 68766
68766 33229 1:0 68766
68766 33222 1:0 68766
68766 33233 1:0 68766
68766 33231 1:0 68766
68766 33234 1:0 68766
68766 33235 1:0 68766
68766 33230 1:0 68766
68766 33232 1:0 68766
68768 56824 1:0 68883
68884 56823 1:0 68886
68884 38579 1:0 68886
68884 45 1:0 68886
68884 56774 1:0 68886
68885 51 1:0 68885
68887 56822 1:0 68890
68887 49 1:0 68897
68889 38545 1:0 68889
68898 56821 1:0 68901
68898 56754 1:0 68903
68898 56786 1:0 68903
68900 38549 1:0 68900
68901 755 1:0 68903
68904 38552 1:0 68910
68907 33 1:0 68988
68909 38570 1:0 68909
68909 47 1:0 68909
68958 65 21:0 68958
68958 71 21:0 68958
68958 69 21:0 68958
68958 67 21:0 68958
68958 33227 21:0 68958
68958 33225 21:0 68958
68958 33226 21:0 68958
68958 33224 21:0 68958
68958 33223 21:0 68958
68958 33228 21:0 68958
68958 33229 21:0 68958
68958 33222 21:0 68958
68958 33233 21:0 68958
68958 33231 21:0 68958
68958 33234 21:0 68958
68958 33235 21:0 68958
68958 33230 21:0 68958
68958 33232 21:0 68958
68958 755 21:0 68968
68967 64801 21:0 68968
68967 43 1:0 68975
68970 64801 1:0 68973
68971 45 21:0 68980
68976 38581 1:0 68982
68986 45 1:0 68988
68986 56767 1:0 68988
68987 41 1:0 68987
68987 38584 1:0 68987
68987 33371 1:0 68987
68987 33373 1:0 68987
68987 33372 1:0 68987
68987 33374 1:0 68987
68987 33375 1:0 68987
68987 33369 1:0 68987
68987 33376 1:0 68987
68987 33370 1:0 68987
68987 33381 1:0 68987
68987 33382 1:0 68987
68987 33378 1:0 68987
68987 33377 1:0 68987
68987 33379 1:0 68987
68987 33380 1:0 68987
68989 56791 1:0 69104
69105 56771 1:0 69107
69105 56789 1:0 69107
69108 56790 1:0 69112
69108 56773 1:0 69115
69108 38716 1:0 69115
69116 56788 1:0 69118
69116 56747 1:0 69118
69116 38638 1:0 69118
69116 25 1:0 69118
69117 38606 1:0 69117
69117 35 1:0 69117
69119 56738 1:0 69124
69119 56733 1:0 69124
69119 56758 1:0 69124
69125 56742 1:0 69127
69125 27 1:0 69127
69125 56756 1:0 69127
69125 38636 1:0 69127
69126 31 1:0 69126
69126 38609 1:0 69126
69128 56757 1:0 69152
69128 56734 1:0 69152
69128 56741 1:0 69152
69132 7 1:0 69152
69150 755 1:0 69152
69151 38641 1:0 69151
69151 23 1:0 69151
69151 38627 1:0 69151
69151 29 1:0 69151
69151 33521 1:0 69151
69151 33518 1:0 69151
69151 33520 1:0 69151
69151 33519 1:0 69151
69151 33516 1:0 69151
69151 33517 1:0 69151
69153 33671 1:0 69275
69179 41 21:0 69179
69179 49 21:0 69179
69179 51 21:0 69179
69179 53 21:0 69179
69179 33371 21:0 69179
69179 33373 21:0 69179
69179 33372 21:0 69179
69179 33374 21:0 69179
69179 33375 21:0 69179
69179 33369 21:0 69179
69179 33376 21:0 69179
69179 33370 21:0 69179
69179 33381 21:0 69179
69179 33382 21:0 69179
69179 33378 21:0 69179
69179 33377 21:0 69179
69179 33379 21:0 69179
69179 33380 21:0 69179
69179 755 21:0 69189
69235 38695 1:0 69264
69263 33522 1:0 69263
69263 33523 1:0 69263
69265 9 1:0 69275
69274 33527 1:0 69274
69274 33524 1:0 69274
69274 33529 1:0 69274
69274 33528 1:0 69274
69274 33525 1:0 69274
69274 33526 1:0 69274
69276 33674 1:0 69328
69327 15 1:0 69327
69327 38659 1:0 69327
69329 33673 1:0 69339
69337 56755 1:0 69339
69338 38663 1:0 69338
69338 17 1:0 69338
69340 33672 1:0 69348
69346 3 1:0 69348
69346 56727 1:0 69348
69346 56753 1:0 69348
69346 56740 1:0 69348
69347 38666 1:0 69347
69347 13 1:0 69347
69349 33676 1:0 69376
69374 38693 1:0 69376
69374 755 1:0 69376
69375 38684 1:0 69375
69375 11 1:0 69375
69375 38698 1:0 69375
69375 5 1:0 69375
69375 33666 1:0 69375
69375 33668 1:0 69375
69375 33667 1:0 69375
69375 33665 1:0 69375
69375 33663 1:0 69375
69375 33669 1:0 69375
69375 33670 1:0 69375
69375 33664 1:0 69375
69377 33675 1:0 69516
69511 33764 1:0 69518
69519 33763 1:0 69556
69526 33521 21:0 69526
69526 33518 21:0 69526
69526 33520 21:0 69526
69526 33666 21:0 69526
69526 33668 21:0 69526
69526 33667 21:0 69526
69526 33519 21:0 69526
69526 33665 21:0 69526
69526 33516 21:0 69526
69526 33517 21:0 69526
69526 33522 21:0 69526
69526 33523 21:0 69526
69526 33663 21:0 69526
69526 33669 21:0 69526
69526 33670 21:0 69526
69526 33664 21:0 69526
69526 33527 21:0 69526
69526 33524 21:0 69526
69526 33529 21:0 69526
69526 33528 21:0 69526
69526 33525 21:0 69526
69526 33526 21:0 69526
69526 33675 21:0 108
69555 65 1:0 69555
69555 77 1:0 69555
69555 101 1:0 69555
69555 95 1:0 69555
69555 41 1:0 69555
69555 83 1:0 69555
69555 119 1:0 69555
69555 107 1:0 69555
69555 103 1:0 69555
69555 87 1:0 69555
69555 49 1:0 69555
69555 85 1:0 69555
69555 125 1:0 69555
69555 105 1:0 69555
69555 89 1:0 69555
69555 123 1:0 69555
69555 71 1:0 69555
69555 121 1:0 69555
69555 51 1:0 69555
69555 53 1:0 69555
69555 69 1:0 69555
69555 67 1:0 69555
